Era,Name,Notes,Made By,Type,Currently Available,Link(s)
Before The College Dropout,Airplane,A fake rumor of a song about 9/11 that was started by Alek and Pie. Gained popularity once Whisper started spreading it as well.,Unknown,Fake Rumor,Not Available,N/A
Before The College Dropout,"Let's Go
(feat. John Legend)",Fake leak claming to be made during Pre-College Dropout times.,Unknown,Fake Leak,Full HQ,https://www.youtube.com/watch?v=XdM8hBmfFnk
Before The College Dropout,"J Dilla - We F'ed Up
(prod. Ye)","Was track 2 on the scrapped J Dilla album Pay Jay '03. Uses a beat Ye made for ""Takeover"", but J Dilla recorded on it without Ye knowing.",Unknown,Stem Edit,Full HQ,https://pillows.su/f/496272802b1d0ff45775e15339ebb3b7
Before The College Dropout,"The Notorious B.I.G. - Hypnotize
(prod. Ye)",Some random rumor that Ye ghost produced Hypnotize & Mo Money Mo Problems.,Unknown,Fake Rumor,Not Available,Link Needed
Before The College Dropout,"The Notorious B.I.G. - Mo Money Mo Problems
(feat. Ma$e & Puff Daddy) (prod. Ye)",Some random rumor that Ye ghost produced Hypnotize & Mo Money Mo Problems.,Unknown,Fake Rumor,Not Available,Link Needed
Before The College Dropout,"Yung Berg - Jesus Walks
(When Jesus Walks)","According to Yung Berg, he stole the ""Jesus Walks"" beat off the Ye demo tape then recorded over it for his demo tape. In a 2021 interview, he slightly reworded the story to make it sound like Ye made the beat for him, hence why it is here. He also took the beat ""Good To You"", that would later be taken by Talib.",Unknown,Fake Leak,Not Available,https://youtu.be/Xh4ld8ef2cw?t=96
The College Dropout,DJ LRM Presents Ye – College Dropout (The Mixtape),"A bootleg mixtape with early The College Dropout songs, made in 2003.",Unknown,Comp,Full Lossless,https://imgur.gg/f/MduLEWk
Late Registration,"We Major 
(feat. Nas & JAY-Z)","The Prelude to the Throne was a mixtape planning to be made to gain hype for Watch The Throne, yet was never released. JAY-Z was supposed to be on the original ""We Major"", but after a feud with Nas he never recorded for it. The mixtape was supposed to have all songs Jay and Ye were on together, along with this exclusive remix with JAY-Z on the track. A video surfaced on YouTube and fooled many, but it was ultimately discovered to be fake.",Unknown,Fake Leak,Full HQ,https://www.youtube.com/watch?v=_4ZItPOYsEs
Late Registration,Freshmen Adjustment,"Famous bootleg mixtape comprised of songs from early Ye mixtapes, features, and songs he produced in the early 2000s. Released 03.21.05.",Unknown,Comp,Full HQ,"https://pillows.su/f/c26a2962551a4178b3be991113dff458
https://untitled.stream/library/project/K7ZvFU3LwK2xg3A1sLVff"
Graduation,"Can't Tell Me Nothing
(prod. Toomp)
(I Got Money, Got Money, Get My Money Right)",Supposed version of the song with an alternate mix and a longer outro. Very fake as well.,Unknown,Fake Leak,Full CDQ,https://pillows.su/f/d65f1bd9a119ce19f3db0d5ead33bded
Graduation,"Good Life
(feat. T-Pain)","A supposed version of Good Life with an alternate mix and a slight change in production. From 2007. Hilariously fake, and was only ever added because it was likely made by the editor who added it.",Unknown,Fake Leak,Full CDQ,https://pillows.su/f/c1ad79e71f5166bc32a79b60ecf5c5e4
Graduation,Freshmen Adjustment 2,"Famous bootleg mixtape comprised of songs from early Ye mixtapes, features, and songs he produced in the early 2000s. Released 04.17.06.",Chi Town Gettin' Down Inc.,Comp,Full HQ,"https://pillows.su/f/349ddacaff034bb09cde0e827683165a
https://untitled.stream/library/project/DnHMW6v4l6vdUjF6qq7vY"
Graduation,Freshmen Adjustment 3,"Famous bootleg mixtape comprised of songs from early Ye mixtapes, features, and songs he produced in the early 2000s. Released sometime in 2007.",Chi Town Gettin' Down Inc.,Comp,Full HQ,"https://pillows.su/f/29e011668a354d829ada0e373c612963
https://untitled.stream/library/project/sgfEY3mSGim2VWY5zwyHz"
Graduation,"Flashing Lights
(feat. Pharrell Williams)","Fake snippet for a version of Flashing Lights with ""Pharrell"" Vocals. Vocals actually come from a cover of the song by Durand Bernar, which was pitched down.",Unknown,Impression,LQ Snippet,https://pillows.su/f/991d6ab6e20bbf7ed076eb9882e0d574
Graduation,Thank God [V1],"Fake Graduation-era Instrumental created by Geno and Fire. Thought to be a real beat, but was later confirmed to be fake.",Geno & Fire,Fake Leak,Full Lossless,https://pillows.su/f/045da2058b14fd2f9bb5911db802c5d1
Graduation,Thank God [V2],"Fake OG Filename: Thank God RUFF
Second version of the fake Graduation-era instrumental. Has slightly alternate production.",Geno & Fire,Fake Leak,Full CDQ,https://pillows.su/f/57aa89d2e12c251591ee7951fb39a33d
Graduation,To Me [V1],"Fake OG Filename: To Me RUFF work Inst
Fake Graduation-era instrumental. Originally believed to be real, but it was later confirmed to be a fake beat created by Geno and Fire.",Geno & Fire,Fake Leak,Full Lossless,https://pillows.su/f/6d99a19881eac475b891946b12e44e06
Graduation,To Me [V2],Said to have been recorded on with around one minute and a half of mumble.,Geno & Fire,Fake Rumor,Not Available,N/A
Graduation,"Bosshog Valentino - Ay Ay Ay
(feat. Ye)","Song featured on a few unofficial mixtapes which uses a Ye verse taken from a recording of Ye performing the verse acapella. The Ye verse was used on the Mark Spitz song ""No More For Me"" which was featured on the Kon the Louis Vuitton Don mixtape.",Bosshog Valentino,Fake Leak,Full HQ,Link Needed
Graduation,Us Placers [Music Video],"Unofficial music video for the Child Rebel Soldier single ""Us Placers"". It was personally endorsed by Ye on his blog shorty after the video's virality.",Vashtie,Fake Rumor,Full CDQ,https://www.youtube.com/watch?v=jC_ir5wM8mE&ab_channel=BDMNR
808s & Heartbreak,Good Ass Job (2008) [Album & Tracklist],"It was originally said that some songs from 2008 and 2009 were worked on for the 2008 version of Good Ass Job, which would have preceded 808s & Heartbreak, with a tracklist leaked on December 30th, 2022 ""confirmed"" by ""legitimate sources"". All of these songs were later found out to have been made for either 808s & Heartbreak, or Good Ass Job (2009). By going in the tracker archive and looking at snapshots from early 2023, a Good Ass Job 2008 era with a fanmade cover can be found, which spans from the release of Graduation to August 28th, 2008, the date Ye performed at the Democratic National Convention.
The fake tracklist is as follows:

1. Crazy Life
2. Smoked Up
3. Down Town (Under My Skin)
4. Can't Get Away
5. Lonely
6. Follow Your Heart
7. Midnight
8. Love Me
9. I'll Be Alright
10. Room To Breathe
11. Takin Off (Supernova)
12. Throw Money Everywhere
13. Anyway (Paranoid)",Unknown,Fake Rumor,Not Available,N/A
808s & Heartbreak,Say You Will [Instrumental],"An alternate instrumental for Say You Will uploaded to YZYCORD in 2025, and claimed to be a demo instrumental, got revealed to be a completely unrelated edit made by a random dude in 2023 shortly after.",Unknown,Fake Leak,Full HQ,https://pillows.su/f/69e2d80750c35be89ae2830f72c08863
808s & Heartbreak,"Tell Everybody That You Know
(feat. Lil Wayne) (prod. N.A.S.A.)
(See You In My Nightmares)","Apparently produced by N.A.S.A. Never made it into the movie, which is not the case. It's an old fan edit made to try to recreate the film sound track.",Unknown,Stem Edit,Full LQ,https://pillows.su/f/2fefc581a6919fca2fc1c4975400506f
808s & Heartbreak,"Lil Wayne - Did It Before 
(feat. Ye)","Rumor made after a couple people said they remember the song leaking with a Ye verse in 2008. After going to the source of the leak, The Empire, this rumor has been debunked.",Scuuba90,Fake Rumor,Not Available,N/A
808s & Heartbreak,"Mr. Hudson - Supernova
(perf. Ye)",Fake Ye solo demo made using the released stems of the song.,YeeZe,Stem Edit,Full CDQ,Link Needed
Good Ass Job,"Ain't No Tellin
(Tell 'Em What To Do, Horn Shout, Ohh Yeah, Ohh Yeah Tellem)",Unofficial bounce with missing 3 plugins and is edited to have some parts of the mix changed.,ben3759,Stem Edit,Full CDQ,https://pillows.su/f/75d8525770f5de9184de7f478ae3fdbc
Good Ass Job,"Ain't No Tellin
(feat. Connie Mitchell)
(Tell 'Em What To Do, Horn Shout, Ohh Yeah, Ohh Yeah Tellem)",Unofficial bounce with missing 3 plugins and is edited to have some parts of the mix changed.,ben3759,Stem Edit,Full CDQ,https://pillows.su/f/d38f3237096653f325b7ff20aa7df136
Good Ass Job,"Ain't No Tellin
(Tell 'Em What To Do, Horn Shout, Ohh Yeah, Ohh Yeah Tellem)",Unofficial bounce with missing 3 plugins and is edited to have some parts of the mix changed. Has the feature removed.,ben3759,Stem Edit,Full CDQ,https://pillows.su/f/dd4574cf5b41de3c7b69c59543b018a6
Good Ass Job,"Ain't No Tellin
(feat. GLC)
(Tell 'Em What To Do, Horn Shout, Ohh Yeah, Ohh Yeah Tellem)",Unofficial bounce with missing 3 plugins and is edited to have some parts of the mix changed.,ben3759,Stem Edit,Full CDQ,https://pillows.su/f/e0dae9ee35bae98a4e0c27c1cc40f85b
Good Ass Job,"Ain't No Tellin
(Tell 'Em What To Do, Horn Shout, Ohh Yeah, Ohh Yeah Tellem)",Unofficial bounce with missing 3 plugins and is edited to have some parts of the mix changed.,ben3759,Stem Edit,Full CDQ,https://pillows.su/f/75d8525770f5de9184de7f478ae3fdbc
Good Ass Job,"Flashing Lights 2
(Flashing Lights (Remix))",Infamous YEDIT based off of a studio session found on Charlie Wilson's YouTube channel that lots of newer and/or more gullible ye fans seem to believe is real. Multiple versions are attached as there are a few that are often thought to be real,,Fake Leak,Full HQ,"https://www.youtube.com/watch?v=zlF8AF2wvWQ&list=RDzlF8AF2wvWQ&start_radio=1 
https://www.youtube.com/watch?v=J-tLHGrRrAo"
Good Ass Job,HypeMeUp,Fake version that mashes the real acapella with the V2 instrumental. Was on unreleased for a while.,,Stem Edit,Full CDQ,https://pillows.su/f/4b39957727ea7f27906c258b2bbeb00b
Good Ass Job,"Magic Hour [V1]
(prod. Bink!)
(Devil In A Blue Dress, Dean In A New Dress, Devil In A New Dress)","Fake version of Magic Hour, leaked July 18th, 2025, until it was confirmed fake on July 7th, 2026. Remakes the beat battle version of the instrumental.",,Fake Leak,Full HQ,https://pillows.su/f/525cf83aed61ab5d841f90c742f66116
Good Ass Job,Never See Me Again [Rumor Rumor],"In the Ye community, there is often a fake fake rumor that is spread around, regarding the unreleased GAJ era track ""See Me Again"", claiming that the song was not about suicide, but this rumor is fucking stupid. Yet, many fans within the community still believe this rumor rumor to this day.",Ye Tracker Admins,Fake Rumor,Not Available,N/A
Good Ass Job,Never See Me Again [Rumor],"In the Ye community, there is an often spread around rumor claiming that ""See Me Again"" was a suicide note. This was due to the song's piano being mistaken as a sample of ""Futari Dake no Ceremony"" by Yukiko Okada, who would sadly commit suicide in 1986. Ye's own admission to having suicidal thoughts during the creation of My Beautiful Dark Twisted Fantasy only made these rumors more popular. This rumor has since been debunked due to a more likely inspiration for the song's melody being found, being ""I Never Want To See You Again"" by Quasi, as well as the song itself being a mumble demo, which is often misinterpreted as having finished lyrics on sites like Genius.",Various,Fake Rumor,Not Available,Source Needed
Good Ass Job,SingSing,"Very funny fake of ""SingSing"" where literally everything is AI, including the ""look at ya"" sample. Supposedly a cut up recording from a private livestream, but that's probably just an excuse for the AI randomly skipping beats.",Unknown,AI,Full CDQ,"https://imgur.gg/f/MZ2J9NX
https://www.youtube.com/watch?v=ovu9dt9iR6I"
Good Ass Job,SingSing,"Another version of ""SingSing"" that was created with Suno. Has a ""feature"" from Kid Cudi.",Unknown,AI,CDQ Snippet,https://imgur.gg/f/gHb9dxE
Good Ass Job,Tragically Beautiful,"Stem edit sold as the original version of ""Blame Game"" with completely different lyrics and flow. Actually is a vocal take from ""Live Fast, Die Young"" protools put over original ""Blame Game"" instrumental. Leaked alongside ""Cruel Winter"" and 2 BROCKHAMPTON songs.",Augustus,Stem Edit,Full CDQ,https://pillows.su/f/1700582eeb860056ec08570e2e4a237e
Good Ass Job,"Throw Money Everywhere
(feat. Young Jeezy)","Version with a feature from Young Jeezy and mumble Ye vocals. Posted alongside session snippets. This song is made from the session, and are not official bounces.",zilla,Stem Edit,Full Lossless,https://pillows.su/f/825482cd36d60864afdee39ad30df9e6
Good Ass Job,"Throw Money Everywhere
(feat. Young Jeezy)","Version with a feature from Young Jeezy. Posted alongside session snippets. This snippet is made from the session, and are not official bounces.",Unknown,Stem Edit,Lossless Snippet,https://pillows.su/f/e1520c8df05de5b1803baaae62dc480f
Good Ass Job,Throw Money Everywhere,"Choir version of ""Throw Money Everywhere"". Posted alongside session snippets. This snippet is made from the session, and are not official bounces.",Unknown,Stem Edit,CDQ Snippet,https://pillows.su/f/c9b8ddb045a32a62225345e90f803e81
Good Ass Job,"Gucci Mane - So Much
(feat. Ye)
(Throw Money Everywhere)",A stem edit made by Evil Empire editing on Gucci Mane on a open verse version of the track.,Evil Empire,Stem Edit,Full HQ,https://pillows.su/f/323a319d114d8d448d85eb5c998092e1
Good Ass Job,"Gucci Mane - Money Everywhere 
(feat. Ye & Big EZ)
(Throw Money Everywhere)","Version similar to above, but with another fake feature from Big EZ.",Evil Empire,Stem Edit,Full HQ,https://www.youtube.com/watch?v=1TwyKj75zwg
Good Ass Job,"All Of The Lights 
(feat. Eminem)",Rumored to be part of the Record4Hype.zip before it was cracked.,Various,Fake Rumor,Not Available,N/A
Good Ass Job,"All Of The Lights
(feat. Elton John)",Rumored to be part of the Record4Hype.zip before it was cracked. Said to have MIKE DEAN Piano & Keyboard Duet.,Various,Fake Rumor,Not Available,N/A
Good Ass Job,"Runaway 
(feat. Lil Wayne)",Rumored to be part of the Record4Hype.zip before it was cracked.,Various,Fake Rumor,Not Available,N/A
Good Ass Job,Record4Hype [Fake Tracklist],"On July 15th, 2010, a fake Record4Hype tracklist started circulating around with very exagerrated features. This ended up being covered by a few outlets, with a release date of September 14th. Phonte later confirmed the tracklist to be fake and that he wouldn't have featured on the album. The tracklist is as follows:

1. Hell Of a Life (feat. Lil Wayne) [Prod. Ye & DJ Toomp]
2. Dark Fantasy [Prod. RZA]
3. Power [Prod. S1]
4. Chain Heavy (feat. Eminem & Jay-Z) [Prod. Ye]
5. Ghetto University (feat. T.I.) [Prod. Ye & DJ Toomp]
6. That’s My Girl (feat. Katy Perry & Kid Cudi) [Prod. Ye & Jon Brion] (That's My Bitch)
7. Runaway [Prod. Ye & Q-Tip]
8. Lost In The World (feat. Nicki Minaj & Rick Ross) [Prod. Ye & No I.D.]
9. Gorgeous (Ode To Kardashians) (feat. Drake, The Game & Ludacris) [Prod. Ye]
10. Monster [Prod. Ye & DJ Premier]
11. Holding Me Back (feat. Mos Def, Talib Kweli & Phonte) [Prod. Ye & Madlib]
12. Devil In a New Dress [Prod. Pete Rock]
13. The Joy (feat. Common & John Legend) [Prod. Ye]
14. So Appalled (feat. Drake & Jamie Foxx) [Prod. Ye & No I.D.]
15. Blame Game [Prod. DJ Toomp]
16. Sweat On My Face [Prod. DJ Premier]",DefPenRadio,Fake Leak,Full HQ,"https://web.archive.org/web/20100718232637/http://defpenradio.com/kanye-west-%E2%80%93-good-ass-job-tracklist/
https://web.archive.org/web/20100720172949/http://twitter.com/phontigallo/status/18631609724"
Good Ass Job,"So Appalled 
(feat. Clipse)","After discovering that Pusha T was on ""So Appalled"", others assumed that Malice had a verse completing the Clipse duo on Record4Hype.zip.",Various,Fake Rumor,Not Available,N/A
Good Ass Job,"JAY-Z - Run This Town [Acapella]
(feat. Rihanna & Ye)","Stem marked as lost on the tracker for the longest time, but is really just a rip of a youtube video which features a horribly isolated acapella. Might also be a rip from this unofficial vinyl, but who knows. By the way here's a link to a really good Run This Town acapella made by yours truly (;",Unknown,Fake Leak,Full LQ,https://pillows.su/f/e260005ebd6b23a20c5aa64ff86d8724
My Beautiful Dark Twisted Fantasy,Donda's Boy [Album],"Fake album rumor from a G.O.O.D Music accountant. Claimed that every track was 10 minutes long or more and ""Runaway"" was 15 minutes long.",Various,Fake Rumor,Not Available,N/A
My Beautiful Dark Twisted Fantasy,"Blame Game
(feat. John Legend)","Supposed solo John Legend version of ""Blame Game"". Vocals were actually taken from the VEVO Presents GOOD Music live performance of the song and put over a different instrumental.",bingboop,Fake Leak,HQ Snippet,https://pillows.su/f/03eb8d0d7c47452085a69681bf616920
My Beautiful Dark Twisted Fantasy,Dropout Bear [Cover],"Artwork of Dropout Bear in the style of the alternate cover for ""POWER"". Often mistaken as a cover for Good Ass Job, Monster and My Beautiful Dark Twisted Fantasy, however it's not official and was made by a fan on DeviantArt.",bfxiii,Fake Leak,Full CDQ,https://www.deviantart.com/bfxiii/art/Ye-POWER-bear-178607181
My Beautiful Dark Twisted Fantasy,Hell Of A Life [V9],"Similarly to Flashing Lights 2, Hell Of A Life v9 is another infamous YEDIT  that lots of newer and/or more gullible ye fans seem to believe is real.",Santino,Fake Leak,Full HQ,https://www.youtube.com/watch?v=Ck7ibM-GVYA
My Beautiful Dark Twisted Fantasy,Mama's Boyfriend,"Thought to be the finished version of ""Mama's Boyfriend"", but is just a remix using vocals from a leaked version. Uses Billy Joel sample found on later leaks and makes it into a longer song.",Unknown,Fake Leak,Full HQ,https://pillows.su/f/1016f99edff64b5ab96c1b0a272203e8
My Beautiful Dark Twisted Fantasy,"Drake - Go Thriller
(feat. Ye)","Fake leak using Drake vocals from ""Over"" and a Ye verse from ""Heavy Hitters"".",Unknown,Fake Leak,Full HQ,https://www.youtube.com/watch?v=7d8ahS266V8
Watch The Throne,Break This Down,"Recreation of what ""Break This Down"" might have supposedly sounded like, using the alleged instrumental + the verse from ""I'm In It"".",Unknown,Recreation,Partial HQ,https://pillows.su/f/7f431353011f78dd743ab6288491747c
Watch The Throne,"Murder To Excellence [Sample Misconception]
(Black Excellence, Black On Black, Black On Black Murder)","Contrary to popular belief, the ""Murder"" part of the song doesn't sample ""La La La""
 by Indiggo Twins, but rather a traditional romanian folk song from the year 1900. Comparing all 3 songs side by side, Indiggo Twins' track has various effects on the vocals and other instruments layered over them, therefore not matching Murder To Excellence. Fun fact: the Modorcea sisters, AKA the Indiggo Twins, were arrested in Miami in December 2025 for domestic violence targeted towards a 65 year old, theft, attempted robbery, using a false identity, and disturbing the peace.",Unknown,Fake Rumor,Not Available,N/A
Watch The Throne,"We Are Young
(feat. Nate Reuss & The-Dream) (prod. Jeff Bhasker & Ken Lewis)","Recreation of ""We Are Young"" that uses lyrics from from Ye's verse on ""Primetime"", since some of the verse was said by Hogan to have been reused.",x3mili,Recreation,Partial HQ,https://pillows.su/f/497bc77f70ec66c0db1e909ea6ca66b9
Watch The Throne,"Jhené Aiko - Sailing NOT Selling
(feat. Ye) (prod. Fisticuffs)","Believed to be an officially released song, but later proven to be fake after an interview was dug up that showed Aiko confessing to having pulled the Ye verse straight from the B.E.T. Cypher performance. Is released on streaming, but without Ye's verse. This version was put up on her blog.",Jhené Aiko,Stem Edit,Full CDQ,https://www.youtube.com/watch?v=pX6evg9cn8g
Cruel Summer,Doha,"Was going to be sold by Alek for Logan Smitherman at the price of $2k before being found on SoundCloud as ""Cruel Summer Intro"" before the GB even started.","Alek
Logan Smitherman",Fake Leak,Full HQ,https://soundcloud.com/dombraxton/cruel-summer-intro
Cruel Summer,"Hear Me Now
(with John Legend & Ye) (prod. Ye)
(Oh My God, End Of It All)","A throwaway worked on between 2011-2012, This version of the song has a semi-mumble Ye verse and John Legend vocals. Snippet leaked October 13, 2022. New snippet leaked 7/29/24. Was found out to be an edit. Leaked 8/18/24.",Gustavo Fring,Stem Edit,Full Lossless,https://pillows.su/f/cc1f5e65e8e3c2c779704499dd7cc0a4
Cruel Summer,"Twist
(with D'banj)
(Oliver Twist)","Thought to be a cut Cruel Summer song, but it was discovered to be released by D'banj under the name Oliver Twist.",Unknown,Fake Leak,Recording,https://pillows.su/f/b1e5a46a2f845a74711ac9fce2436d56
Cruel Summer,Kid Cudi - No More,Thought to be a solo Cudi song when previewed in LQ at the Movie premiere. This rumor has been debunked nearly 10 years later.,KTT,Fake Leak,LQ Snippet,https://www.youtube.com/watch?v=CdNP0oEZLUQ
Cruel Summer,"Travis Scott - Fuck
(feat. Ye & Kid Cudi) (prod. Travis Scott & Anthony Kilhoffer)
(Can't Look In My Eyes, Shit On You, Too Bad I Have To Destroy You Now)","A low quality laughably bad AI snippet of Travis Scott on the Can't Look In My Eyes beat, pretending to be a snippet of Fuck.",Unknown,Fake Leak,LQ Snippet,https://pillows.su/f/7e8c47e1d96fb0fe795d10d011aac7c9
Cruel Summer,Will Smith - Clique (Remix),"Recreation of what Will Smith's verse on his scrapped ""Clique"" remix could've sounded like, using the verse previewed in a video from his YouTube channel.",garfiiieeelld,Recreation,HQ Snippet,https://pillows.su/f/cf0e5d763f7a43bcd225a7a85ddd9d38
Thank God For Drugs,blackamericanpsycho.zip,"A rumor that there is a zip file containing all of Black American Psycho (OG Yeezus) was around for awhile, but it's fake.",visi,Fake Rumor,Not Available,N/A
Thank God For Drugs,Rich Black American,Alleged 7 song tracklist from a 2013 album titled Rich Black American. Was debunked. This rumor was made a year after the blackamericanpsycho hoax.,Unknown,Fake Rumor,Not Available,https://pillows.su/f/f7c50f370b4e1c8101df4c400c56bb01
Thank God For Drugs,Bound 1,"Posted to Leakth.is, but at 8 kbps with added distortion. Most likely fake, as it doesn't sound like the recording.",Athame,Fake Leak,Full LQ,Link Needed
Thank God For Drugs,Can't Get Over Me,"Edit leaked by Jabba. The bounce was made by unmuting certain tracks in the session, so it's technically not real.",Jabba,Stem Edit,Full CDQ,https://pillows.su/f/b958e2fa832643a43284e15142dcfcae
Thank God For Drugs,Can't Get Over Me,"Edit leaked by Jabba. The bounce was made by unmuting certain tracks in the session, so it's technically not real.",Jabba,Stem Edit,Full CDQ,https://pillows.su/f/84bbcfcd2517f626456038341d81da67
Thank God For Drugs,Can't Get Over Me,"Edit leaked by Jabba. The bounce was made by unmuting certain tracks in the session, so it's technically not real.",Jabba,Stem Edit,Full CDQ,https://pillows.su/f/a12414c4d62167b961fcad434654efbd
Thank God For Drugs,Can't Get Over Me,"Edit leaked by Jabba. The bounce was made by unmuting certain tracks in the session, so it's technically not real.",Jabba,Stem Edit,Full CDQ,https://pillows.su/f/8d47c983857254aa05e0042589e2d8cb
Thank God For Drugs,I Am A God,Cut version of the demo leaked by Feel No Wayz that is missing the intro and the outro present in the full demo. Was assumed to be the full version of the demo for a long time until the actual full version was rediscovered in a comp made by ColeQM full of songs Feel No Wayz scammed with as well as other real demos that leaked around the same time.,Feel No Wayz,Fake Leak,Full HQ,https://pillows.su/f/6d2f07af1df1656c3a918b5c53abd19e
Thank God For Drugs,I Am Not Home,"Shogani sold someone a version of ""I Am Not Home"" for fifteen thousand dollars with ""New Body"" freestyle vocals. Heard in a VC recording. FIFTEEN THOUSAND DOLLARS.",Shogani,Stem Edit,HQ Snippet,https://pillows.su/f/3d9a727894c51642b79aa1bcf2cc50cb
Thank God For Drugs,"I Am Not Home 
(feat. Pusha T)",Rumored to exist on an old KanyeToThe thread.,Unknown,Fake Rumor,Not Available,N/A
Thank God For Drugs,"Nobody 2 Love 
(Bound 1 Freestyle)","Snippet posted by LT user Kermit, a rough freestyle over the Bound 1 beat. Confirmed fake.",Kermit,Fake Leak,CDQ Snippet,https://pillows.su/f/638d15c1ecb6b6b5ca13ca8f1a234c80
Thank God For Drugs,One I Love,Edit of the song with an extended outro that fades out which was (and still is by some people) assumed the be the real version of the song due to it being used in the most popular uploads of the song on YouTube. The edit originally surfaced on Soundcloud however the original upload was removed due to copyright.,Unknown,Stem Edit,Full HQ,https://pillows.su/f/204781ec4881fc9caab0f507af02382d
Yeezus,Fire,Fake edit that was being sold. No full version exists.,Unknown,Fake Leak,Not Available,Link Needed
Yeezus,"Teck Teck Tonic (Remix)
(feat. Jessica Shores)","According to Whisper, this is the Japanese CD's hidden track on Yeezus. Includes ""The New Workout Plan"" verse. He likely got mixed up because the old pirates of Yeezus had this and other random fan made tracks put on it. The Japanese version does not have a hidden track.",Whisper,Fake Leak,Full CDQ,"https://www.youtube.com/watch?v=bjYcd1_Mz_I
https://www.kanyetothe.com/threads/new-yeezus-track.475899/"
Yeezus,"Tyler, The Creator - Awkward
(feat. Frank Ocean)","Has new Frank Ocean vocals, and an open verse section meant for Ye to record his vocals over. Called ""fake"" by Frank Ocean on Instagram.",Unknown,Fake Leak,Full CDQ,https://pillows.su/f/53085bb0a04bcddd23f989f4920fa73e
Cruel Winter [V1],"Cruel Winter
(with Ye) (prod. Che Pope)","Stem edit of ""Cruel Winter"" leaked in Nov 9, 2020. Was thought to be real for a while.",Augustus,Stem Edit,Full HQ,https://pillows.su/f/719f99c4f351c95eb468b4c728cf4bf5
Yeezus 2,EARL [Album],"Fake title for an album supposed to release after Yeezus. Reason for title unknown, but it is fake.",Unknown,Fake Rumor,Not Available,N/A
Yeezus 2,Halloween [EP],"Rumored EP planned to come out in 2014 that featured the songs ""Creep Theme"" and ""Zombie"". No evidence that it ever existed.",Unknown,Fake Rumor,Not Available,N/A
Yeezus 2,Wolves [Movie],"According to Saya, a Wolves movie was being developed, alongside the album. It had a full concept with storyboards, characters, and art/animiations concepts. The Ye art references were from 08.03.13, and the storyboard was from December 2013. No evidence was shown of this however, so it is most likely fake.",Saya,Fake Rumor,Not Available,N/A
Yeezus 2,"333
(feat. Mr Hudson, The-Dream, Bon Iver, Kid Cudi & MGMT)","It was originally said that a nine minute version of ""333"" existed. It consisted of multiple songs stitched into one including ""Can't Get Over Me"", ""New Angels"", a guitar version of ""Can't Get Over Me"" and a harp outro. Was later confirmed to be fake when it was revealed that ""333"" was actually an earlier version of ""FourFiveSeconds"", not ""Can't Get Over Me/Fall Out Of Heaven"".",Unknown,Fake Rumor,Not Available,N/A
Yeezus 2,"After You
(feat. Pusha T) (prod. Dom $olo & Keyon Christ)
(Afta U, Coming Home, Reaper)","Fake OG Filename: Transcription of KJV john 19 2 MASTERED
Version of ""Coming Home"" with additional production by Keyon Christ. An edit added the Pusha T version's vocals by stems leaked December 19th, 2019, with Alek leaking the full edit the same day the beat stems leaked. Full stem edit leaked May 11th, 2024.",Alek,Stem Edit,Full Lossless,https://pillows.su/f/ea770eacc2d60638e73024511702050e
Yeezus 2,"Can U Be 
(feat. Kid Cudi)","Originally, it was said that Kid Cudi was featured on a Yeezus 2 version of Waves. This was later proven false.",Unknown,Fake Rumor,Not Available,N/A
Yeezus 2,"Depiction of the Devil
(feat. John Legend & Paul McCartney)
(Souls, Four Letter Word)","Snippet of an edit of ""Depiction Of The Devil"" posted by Pacifist via unmuting tracks in the session.",Pacifist,Stem Edit,CDQ Snippet,https://pillows.su/f/283edb823e1c5c74078dc15e708f0cbb
Yeezus 2,Feedback,"Fake leaked many times, just a combination of the released version and a recreation of the Yeezus 2 version.",Logan Smitherman,Stem Edit,Full CDQ,https://pillows.su/f/438c688df4c7edca22cc61662265460b
Yeezus 2,"Mrs. Misery
(feat. John Legend)","Fake leak from Jabba that stitches together two versions of ""Mrs. Misery"".",Jabba,Stem Edit,Full CDQ,https://pillows.su/f/f624bda3e6114861f8d7c2d09964e1f9
Yeezus 2,Sanctified,"Fake leak that added Big Sean's remix verse to the song, said to be and OG.",Kendrick,Stem Edit,Full CDQ,Link Needed
Yeezus 2,Thank You,"Fake instrumental snippet that imagines a Paul McCartney produced ""Thank You"".",JD Vance,Fake Leak,CDQ Snippet,https://imgur.gg/f/J0gjUAD
Yeezus 2,Wolves,"Snippet posted by action bastard. Beat is the original production made for Yeezus 2, but the vocals are edited from released ""Wolves"".",Augustus,Stem Edit,CDQ Snippet,https://pillows.su/f/60fb0afd67b359385e2e3e1821b069e0
Yeezus 2,CyHi - All For You,Fake snip using a CyHi freestyle.,CODYEXCLUSIVE,Stem Edit,CDQ Snippet,Link Needed
Yeezus 2,Drake - Views From The 6,"OG version of the 3rd verse of ""U With Me?"". Leaked by E. Batt, a rapper with no association to Drake who got the song early and added his own verse via Soundcloud. During OVOMark's April 7th Instagram Live, a full version of the track was played and subsequently an edit was made combining ""U With Me?"" and the leaked verse from Soundcloud to make the full OG version of the track.",Unknown,Stem Edit,Full CDQ,Link Needed
Yeezus 2,Travis Scott - Champions,Fake leak. Used real demo vocals over a fake beat.,Logan Smitherman,Stem Edit,Full CDQ,https://pillows.su/f/014d300f7e6ccf1466709a6662118be6
So Help Me God,Ye & Travis Scott - Ambrosia [Album],"Fake collab album between Ye & Travis Scott from 2015. Made up by some guy to sell people demos, and was spread by Whisper.",Whisper,Fake Rumor,Not Available,N/A
So Help Me God,All We Got,"Fake version of ""All We Got"" said to be the intro to SHMG. Later discovered on SoundCloud as a remix.",Plushie,Fake Leak,Full CDQ,"https://soundcloud.com/sbtrkt/all-we-got-remix
https://pillows.su/f/e013d5bf1d9bc3a80734c6977e6fa41b"
So Help Me God,"Can U Be
(Fever Dream)","Stem edit by DJ ASSCHEEKS, with very different production than any other version of ""Can U Be"". This has been confirmed to be fake by people who were in a call with DJ ASSCHEEKS at the time of making this.",DJ ASSCHEEKS,Stem Edit,HQ Snippet,Link Needed
So Help Me God,"Can U Be 
(feat. Future)","Very poorly done edit of ""Can U Be"". FeelNoWayz has said that this snippet was made by Logan Smitherman.",Logan Smitherman,Stem Edit,HQ Snippet,Link Needed
So Help Me God,"Can U Be / Forever [Instrumental]
(prod. Hudson Mohawke, Travis Scott, Che Pope, Keyon Christ & Ye)","Early ""Can U Be / Forever"" instrumental. Was originally thought to be fake, then real, and now fake again.",Unknown,Fake Leak,Full HQ,https://pillows.su/f/c2c91144dfb04d35ad44bc4bd626dd0d
So Help Me God,Can U Be / Get Off Me,"Section80 snippet, made by Logan Smitherman. Was marked as Never Let Me Go [V5] for a long time, even after this was in Fakes.",Logan Smitherman,Fake Leak,Recording,https://pillows.su/f/24c4cddfcc1a7163e809ebd8357479bb
So Help Me God,"Forever
(prod. Keyon Christ)","Stem edit of ""Forever"" that places the vocal stem over an instrumental produced by Keyon Christ.",Pacifist,Stem Edit,Full CDQ,https://pillows.su/f/473f0bc12cc6999d8d0d7bcd1c5df1d6
So Help Me God,"Go Pro
(feat. Madonna)
(Highlights)","Fake version of ""Go Pro"" that leaked after the Can U Be groupbuy. Has completely different production and more Ye vocals than the real version. Also considerably better than the real version due to this.",Unknown,Fake Leak,Full CDQ,https://pillows.su/f/0f3bcea3c04ab69817a4452eb6c89909
So Help Me God,I Don't Give A Fuck,"Fake snippet created from a SHMG-era acapella and a random beat. Posted by Augustus on leakthis. While the beat is fake, the vocal stem is real.",Augustus,Stem Edit,LQ Snippet,https://pillows.su/f/e3b13e82de3df75d6b35712dbc3f4fad
So Help Me God,"Mitus Touch
(2 Rihannas)","Extended with a new intro edited onto at the beginning. Leaked by Alek on September 13th, 2020. The intro is real, but was edited onto the song.",Unknown,Stem Edit,Full CDQ,https://pillows.su/f/a705769ff0c5cfdd6c48425786a3eafd
So Help Me God,Thank You,"Fake OG Filename: KW - Thank You Ref (1.10.15)
January 2015 version of ""Thank You"". Leaked as a bonus for the ""Let It Go"" Joebuy and shortly found out to be a fake edit.",Young Departments Of Milwaukee LLC,Stem Edit,Full HQ,"https://pillows.su/f/c7d282026980e5da3111502ecb572c25
https://www.youtube.com/watch?v=pV8IWjUIavs"
So Help Me God,U Mad,A fake leak making it seem like a Ye song featuring Vic Mensa. Song had rearranged structure and was an edit using the accidently released version.,Kendrick,Stem Edit,Full CDQ,https://pillows.su/f/f1f5426e6dbc8cf13aa554a940f1f0d5
So Help Me God,"Waves Forever
(feat. Travis Scott) (prod. Che Pope)
(Can U Be, Waves, Forever)","Edit made by Jabba and Default Miserable at first to be on a SHMG community comp, but spiraled into being passed off as a recording from a Che Pope stream. Was revealed as being fake by Maker (who was involved) with a music video being posted on Yedits and WestSubEver to promote the upcoming Yedits Presents: So Help Me God community comp, which would be released a couple weeks later. Available on said community comp.","Jabba

Default_Miserable",Stem Edit,Full CDQ,"https://www.reddit.com/r/WestSubEver/comments/kvanqt/jabba_default_miserable_waves_forever_can_u_be/ 
https://pillows.su/f/e16acf9ce1ba137f6a846e5cc9ac9f96"
So Help Me God,"Lil B - Forever
(prod. Keyon Christ)","Lil B rapping on the ""Forever"" beat. Waterfalls sent the Mitus-produced beat to Lil B for him to record on, making this completely unrelated to Ye. Leaked in full June 16th, 2025.","Waterfalls
Lil B",Stem Edit,Full CDQ,https://pillows.su/f/27da60dc255c26d26e17f6f916705428
SWISH,808s & Heartbreak [Hollywood Bowl],"Was leaked before the release ready copy. Both 808s Hollywood Bowl copies (reddit ""producer's"" + Hogan's) are unofficial and are made using the stems.",Hogan,Stem Edit,Full Lossless,https://pillows.su/f/0b57d29919e29b2f8622bbf310a5aed8
SWISH,808s & Heartbreak (Release-Ready) [Hollywood Bowl],"Leaked on Reddit on October 14, 2024. Both 808s Hollywood Bowl copies (reddit ""producer's"" + Hogan's) are unofficial and are made using the stems.","Reddit ""Producer""",Stem Edit,Full Lossless,https://pillows.su/f/5f405f1b1c18a2a6319fd2643df34a9e
SWISH,"Bad Night 
(feat. Eminem & Young Thug) (prod. Hudson Mohawke)
(Man Up, Rap Tarantino, Too Reckless, Bad Guy)","According to Shadow, Eminem recorded for ""Bad Night"" in August 2015. This turned out to be info from a person impersonating an Eminem insider.",A person impersonating an Eminem insider,Fake Rumor,Not Available,N/A
SWISH,"Can U Be
(feat. Travis Scott) (prod. Wondermind & Keyon Christ)","Stem edit sold to Adin Ross for 200,000$. AI Travis. Played in full on stream.",Unknown,AI,Full CDQ,https://pillows.su/f/a8d3794a5fc845a284e85cf07cc1a617
SWISH,Unknown [Eminem Collaborations],This SWISH info turned out to be info from a person impersonating an Eminem insider.,A person impersonating an Eminem insider,Fake Rumor,Not Available,N/A
The Life Of Pablo,30 Hours,"Stem edit of ""30 Hours"" editing demo 2 vocals onto the release beat, which was produced by Mike Dean way after the actual verse was made.",Logan Smitherman,Stem Edit,Full HQ (Tagged),https://pillows.su/f/9da0d4404efe6b5f7d1aa75ee7aeac49
The Life Of Pablo,"Aerosmith -  Dude (Looks Like a Lady) (Remix)
(feat. Ye)","During 2016, a fake rumor started up that Ye recorded a remix of Aerosmith's ""Dude (Looks Like a Lady)"" with lyrics dissing Wendy Williams, where he apparently tried to call her out for secretly being trans (can't make this shit up).",Daily Mail,Fake Rumor,Not Available,https://www.dailymail.co.uk/news/article-3430325/Ye-West-recorded-remixed-version-Aerosmith-s-Dude-Looks-Like-Lady-cruel-jibe-chat-host-Wendy-Williams-snarky-comments-rap-star-gay-Kim-Kardashian-beard.html
The Life Of Pablo,College Dorm Sweetheart,"Stem edit made by Logan Smitherman editing the demo 3 vocals for ""30 Hours"" onto the ""Reborn"" beat. Leaked in 2020.",Logan Smitherman,Stem Edit,Full CDQ,https://pillows.su/f/42d3fef411117ff89c0269237585e157
The Life Of Pablo,FML,"A version of ""FML"" with a piano in the instrumental.",Unknown,Fake Leak,Full CDQ,Link Needed
The Life Of Pablo,"Lulu Island
(with Drake)","Fake rumor made up by Music Mafia, confirmed fake.",Music Mafia,Fake Rumor,Not Available,N/A
The Life Of Pablo,Paper Thin Love,"Stem edit using the demo 1 vocals for ""30 Hours"" on a unused version of the ""30 Hours"" beat with different production. Vocals were originally recorded on a more undeveloped version of the song.",Alek,Stem Edit,Full HQ,https://pillows.su/f/d04f38c7977deb7a6cd4777a608bb58d
The Life Of Pablo,"Rap Tarantino
(feat. Young Thug)","Edit of ""Rap Tarantino"" combining Young Thug's ""Code Red"" and Ye's verse from ""Rap Tarantino"" posted by PRIVATEFRIEND in 2019.",PRIVATEFRIEND,Stem Edit,LQ Snippet,https://pillows.su/f/b84e0b35cd556e92ccecda0a5b0b4ef0
The Life Of Pablo,"Real Friends
(feat. Leon Thomas III)","Fake rumor saying that the feature on the Real Friends ref is Andre from Victorious, who is a songwriter for Ariana Grande.",Unknown,Fake Rumor,Not Available,N/A
The Life Of Pablo,"Summer Sixteen
(with Drake)","Edit sold by scammer Logan Smitherman that cut off the ""Pop Style"" demo to capitalize on the amount of money he'd get. OG file was leaked weeks after.",Logan Smitherman,Stem Edit,Full CDQ,Link Needed
The Life Of Pablo,"Drake - Hotline Bling
(ref. Ye)","Fake version of Hotline Bling with Ye vocals. Uses the vocals from ""Only"". Very famous on TikTok. Snippet leaked July 18th, 2025, with the full file being posted by Crave on May 8th 2026.",Crave,Fake Leak,Full HQ,https://pillows.su/f/d6e68ee494509089c87791d9f442722e
The Life Of Pablo,Ultralight Beams,Fake edit sold on leakth.is to msilver.,Logan Smitherman,Fake Leak,Not Available,N/A
The Life Of Pablo,Untitled [David Bowie Cover Album],"Rumored tribute album to David Bowie recorded by Ye. Initially reported by The Daily Star in January 2016, Ye's representatives' stated a couple days later that this was not true. Some songs rumored to have been recorded for it include ""Rebel Rebel"", ""Heroes"", and ""Changes"". It would have apparently included straight covers of Bowie songs as well as Ye rapping on Bowie songs. However, all of this seems to be made up.",The Daily Star,Fake Rumor,Not Available,"https://www.theguardian.com/music/musicblog/2016/jan/19/Ye-west-david-bowie-covers-album
https://musicfeeds.com.au/news/turns-Ye-isnt-working-bowie-tribute-album/#/slide/1"
Turbo Grafx 16,TurboGrafx16 [Album],Fake hard drive that was shown during the same time Ye was selling all of his belongings by putting them up in random blind auctions inside storage units. Was just someone posting it on the vault 4chan thread and not the person who actually owns the vault.,Unknown,Fake Leak,Not Available,https://pillows.su/f/685173ab59f2312a623a1865c1b3cec4
Turbo Grafx 16,All Eyes On Ye,"Stem edit of ""Damn Come On"" that leaked on May 10, 2019. Real version has Kid Cudi vocals looping throughout the track.",gex,Stem Edit,Full CDQ,https://pillows.su/f/ae060d21dffbc6768516ee5992adf13d
Turbo Grafx 16,"Bethel 
(feat. Kid Cudi)
(Bethal)","Found on a fake Turbo tracklist made by KTT users to troll r/Ye, was said to have been tweeted by Hudson Mohawke.",KTT,Fake Rumor,Not Available,N/A
Turbo Grafx 16,"Can U Be
(ref. Consequence) (prod. Wondermind)","Horrible edit of ""Thanks Ye"" by Consequence that was sent to him during a remix competiton. Uses Wondermind's instrumental remake of ""Can U Be"". Played by Consequence during an Instagram Live. (You can also see his smile slowly fading as he listens to it.)",sansundertale,Stem Edit,Recording,https://imgur.gg/f/7AuwhBd
Turbo Grafx 16,"Can U Be
(feat. Travis Scott) (prod. Wondermind & Keyon Christ)","Popular edit of ""Can U Be"" posted to YouTube. Uses the instrumental remake made by Wondermind and Travis Scott vocals from the Che Pope livestream. Put in this section due to many people in the YouTube comments of various uploads of this edit believing it to be the real song, for some reason.",R333,Recreation,Full HQ,https://pillows.su/f/323b54072b4a110f69041692072a4527
Turbo Grafx 16,Embers,Fake reference track made by Logan Smitherman. It is a remix of a song played in a now deleted Instagram post by Geo Designs.,Logan Smitherman,Fake Leak,Full HQ,https://pillows.su/f/c5562e032882131069aefd3f5c8226f2
Turbo Grafx 16,"Face Down
(feat. Quavo & Lil Yachty) (prod. Keyon Christ & Metro Boomin)","Leaked June 7th, 2018 on leakth.is. Vocals are real, but are stitched together as a fake leak. Has a Metro Boomin tag.",Music Mafia,Stem Edit,Full HQ,https://pillows.su/f/b93e4896c8384b94dfd9fcbc570327c9
Turbo Grafx 16,Grudge,"Found on a fake Turbo tracklist made by KTT users to troll r/Ye, was said to have been tweeted by Hudson Mohawke.",KTT,Fake Rumor,Not Available,N/A
Turbo Grafx 16,"Madlib Freestyle 12
(feat. Kendrick Lamar) (prod. Madlib)","Found on a fake Turbo tracklist made by KTT users to troll r/Ye, was said to have been tweeted by Hudson Mohawke.",KTT,Fake Rumor,Not Available,N/A
Turbo Grafx 16,"Nameless Places 
(prod. Keyon Christ)","Fake edit combining the alternate ""Power"" verse from Ye's SNL performance with an instrumental by Keyon Christ.",SamV1sion,Stem Edit,Full HQ,https://pillows.su/f/53ed4ce688fd66423ced3f8e3c99990e
Turbo Grafx 16,New Religion,"A completely original and completely fake supposed Turbo Grafx 16-era song made by YouTuber ""Ye's Alter Ego"". Just him doing a poor Ye impression.",Ye's Alter Ego,Impression,Full HQ,https://pillows.su/f/89e3033fd06e0e9933b6ef23b3019b9f
Turbo Grafx 16,"No Man's Sky
(prod. Keyon Christ)","A fake remake of a snippet of ""No Man's Sky"".",KTT,Fake Leak,Full HQ,https://pillows.su/f/7f2de017bb034547a872c461d5de6181
Turbo Grafx 16,"No Model
(feat. Pusha T)","Found on a fake Turbo tracklist made by KTT users to troll r/Ye, was said to have been posted by Hudson Mohawke.",KTT,Fake Rumor,Not Available,N/A
Turbo Grafx 16,"Rap Tarantino 
(feat. Young Thug)","Fake snippet by PRIVATEFRIEND, with vocals from ""Code Red"" by Young Thug and Ye vocals from the second half of ""Rap Tarantino"" and the Ye-prod. instrumental from ""Code Red"". Contrary to popular belief, ""Code Red"" and ""Rap Tarantino"" were never connected.","PRIVATEFRIEND
Music Mafia",Stem Edit,LQ Snippet,https://pillows.su/f/be3ea830678ff53feccbc4e206e3dc8d
Turbo Grafx 16,Tongues,"Fake mumble demo supposedly meant for Turbo Grafx 16. Rumored to be made by CLLLAPS due to the similar production of their work (and that they pulled something like this off before). Uses the 2009 vocals from a song titled ""Ayyy"". Made May 4th, 2018.",CLLLAPS,Stem Edit,HQ Snippet,"https://soundcloud.com/chrisgates322/Ye-west-tongues
https://pillows.su/f/6f3136765f7a8e014b4f9e386b579b61"
Turbo Grafx 16,"Void In My Life
(feat. Young Thug)","Found on a fake Turbo tracklist made by KTT users to troll r/Ye, was said to have been tweeted by Hudson Mohawke.",KTT,Fake Rumor,Not Available,N/A
Turbo Grafx 16,Worth More Than My Word,"Found on a fake Turbo tracklist made by KTT users to troll r/Ye, was said to have been tweeted by Hudson Mohawke.",KTT,Fake Rumor,Not Available,N/A
Turbo Grafx 16,"CLLLAPS - The World Tonight
(feat. Ye)","Fake track that popped up on Soundcloud as The World Tonight (ft. _____ ____) with the gaps assumed to Ye. Was quickly debunked on KTT as the person who posted about the track on KTT had previously posted about CLLLAPS being a duo of him and another dude. Ye vocals are from Ye & JYJ ft. Malik Yusef - ""Ayyy Girl"".",CLLLAPS,Fake Leak,Full HQ,https://soundcloud.com/clllaps/the-world-tonight
Cruel Winter [V2],"Champions
(feat. Offset & Lil Yachty)","""some loser keeps putting it on ktt2"" -Lil Baby",??? (some loser from ktt2),Fake Leak,HQ Snippet,https://pillows.su/f/b1bcc9b22aca46c6a909c6e331fcd7e1
LOVE EVERYONE,Graveyard [Album],"Rumored album era made up by Yedits that takes place between Turbo Grafx 16 and LOVE EVERYONE. The rumor claimed that a seller named Swan set up a groupbuy for the era which included the song ""Curtain"" featuring Tyler, The Creator, but people quickly realized the era was fake and it never happened.",Yedits,Fake Rumor,Not Available,N/A
LOVE EVERYONE,"I Know I Know
(feat. The Weeknd)","Debated rumor which currently has no claim to proof, so for now is assumed to be fake until proven otherwise.",Unknown,Fake Rumor,Not Available,N/A
LOVE EVERYONE,I Know I Know [Horrorcore Version],"A rumor that there was a horrorcore version of ""I Know I Know"" was kinda popular for awhile, but it's fake.",Unknown,Fake Rumor,Not Available,N/A
LOVE EVERYONE,"Lift Yourself 
(feat. Kid Cudi & No I.D.)","""Leaked"" by the leakth.is mods as a ""promotional leak"" on the first day of the site's existence. Featuring totally real ""Kid Cudi"" and ""No I.D."" vocals.","KEONFXCK!NG
WE$T",Impression,Full CDQ,https://pillows.su/f/93589db4be8038282d1ca3ced328c03f
LOVE EVERYONE,"Love
(with The Throne)
(Love Everyone)",Rumored track meant for Watch The Throne 2 that was supposedly privately owned by people on Leakth.is.,Unknown,Fake Rumor,Not Available,N/A
LOVE EVERYONE,"Queen Bitch 
(feat. Pusha T)
(What Would Meek Do?)","Recorded in 2017. Pusha T has some different and missing lines, more vocals at the start, and a different vocal take. Ye has a different verse that was later reused for ""I Love It"", and uses lines that'd soon be used for ""Wouldn't Leave"". The version available is not the full song, but a cut down edit with some of the instrumental removed. The full song is around 8 minutes long.",Logan Smitherman,Stem Edit,Full CDQ,https://pillows.su/f/46b86637ad829cacefc8536613bd851e
LOVE EVERYONE,"???
(ref. Jeremih & Valee)
(Smooth)","Fake OG Filename: Jeremih x Valee KW REF 3.30.17
Jeremih and Valee reference track. Track is likely real, but the owner admitted to putting KW in the filename to make it seem related to Ye. A version with Ye and 070 Shake vocals was said to exist by egg, but this was evidently not true.",Unknown,Fake Leak,Full CDQ,https://pillows.su/f/de0d4c3f8743899fc3fd8dfcac3d3031
LOVE EVERYONE,Nas - Cops Shot The Kid (Demo),Surfaced on dbree and is not real.,Unknown,Fake Leak,Full CDQ,Link Needed
ye,About Last Night,"Fake snippet for the ye/Yandhi era, taken from Hassen Khaffaf's ""Back Now"" featuring CyHi the Prince. Distributed by Logan Smitherman.",Logan Smitherman,Fake Leak,CDQ Snippet,https://www.youtube.com/watch?v=ez6Z5ySZZVk
ye,Lovey,Accidently leaked after a succesful GB. It is the version Logan Smitherman scammed with. It has Ye's verse cut off a little with a fade out.,Logan Smitherman,Fake Leak,Full HQ,https://pillows.su/f/db2ff6837a6e74d8b275e74720f2da90
ye,"XTCY
(feat. Ty Dolla $ign)","Stem edit of ""XTCY"" editing together unused beat stems and Ty Dolla $ign vocal stems. Leaked on December 2nd, 2020.",Alek,Stem Edit,Full CDQ,https://pillows.su/f/cc463e01e7dc10c241eebaab68891de7
ye,Logic - I Thought About Killing You,"Falsely leaked 2 times on leakthis. Found on dbree. Released on SoundCloud by Empire Project, Claimed to be Logic, but it is not.",Empire Project,Impression,Full CDQ,https://soundcloud.com/theempireprojectnj/i-thought-about-remixing-you-Ye-west-ye-remix?ref=clipboard&p=a&c=0
KIDS SEE GHOSTS,"Cudi Montage
(feat. Mr Hudson) (prod. William J. Sullivan, Kid Cudi, Dot Da Genius & MIKE DEAN)","This file uses the release song, but splices Ye's alternate verse, shown by a spectrogram.",Unknown,Stem Edit,Full CDQ,https://pillows.su/f/f947769d83e7da7467fca27304877821
KIDS SEE GHOSTS,"Devil's Watching
(feat. Desiigner & 070 Shake)","A popular very well made edit of Devil's Watchin. Uses Ye's Vocals from Cops Shot The Kid by Nas, Cudi vocals from On My Own by Jaden, Desiigner vocals from Destiination, and 070 Shake's vocal's from TRUMPETS by _BY.ALEXANDER.","andrewfella
bobert
chang0099
net",Edit,Full Lossless,Link Needed
KIDS SEE GHOSTS,"???
(We Forever, Livin' My Truth)","A supposed ""Kids See Ghosts Freestyle"" that turned out to be an early version of Kid Cudi's ""Livin My Truth"" from 2019, and completely unrelated to Kids See Ghosts.",Squirtle,Fake Leak,Full CDQ,"https://pillows.su/f/507786c2f75543c6a55a1360ed8b4b83
https://pillows.su/f/a9a5a2065db442949e86d96eec4b7ba4"
Yandhi [V1],"Alien 
(feat. 21 Savage)","""Alien"" with an added 21 Savage verse from ""ENZO"" by DJ Snake & Sheck Wes.",Unknown,Fake Leak,Full CDQ,https://pillows.su/f/95a242e736967f5b3663a101a28920f8
Yandhi [V1],Bye Bye Baby,"A ""finished"" version was said to exist, but this has been debunked.",Pacifist,Fake Rumor,Not Available,N/A
Yandhi [V1],Christ,"Earlier version of Christ than the leaked version, not real.",Alek,Fake Rumor,Not Available,N/A
Yandhi [V1],"Hurricane
(feat. 6ix9ine)","""Hurricane"" with a stupid 6ix9ine verse and mumble verse added on the open, leaked in October 2021 by Shogani.",Shogani,Stem Edit,Full CDQ,https://pillows.su/f/00caabee497f6416bb6c727e73843dfc
Yandhi [V1],"Hurricane
(prod. Cashmere Cat & Francis and the Lights)","Fake edit of ""Hurricane"" editing the 9.30 verse for ""Hurricane"" onto the Cashmere Cat beat with extended intro loop that was being sold by shogani.",Shogani,Stem Edit,CDQ Snippet,https://pillows.su/f/508393c9be7a5bae23f2981bd93d21ca
Yandhi [V1],"Hurricane 
(feat. Joey Bada$$)","Falsely leaked as ""Hurricane"" featuring Joey Bada$$. Later revealed to not actually be legitimate and is just a rapper named King Critical who did a fanmade remix of the song.",King Critical,Impression,Full CDQ,Link Needed
Yandhi [V1],"Hurricane 
(ref. Chance The Rapper)","There were rumours for some time that a Chance ""Hurricane"" ref existed. BoogzDaBeast said that Chance never recorded.",Unknown,Fake Rumor,Not Available,https://www.revolt.tv/article/2022-03-31/160391/boogzdabeast-compares-Ye-west-to-kobe-bryant-lebron-james/
Yandhi [V1],"I Love It
(feat. Lil Pump) (prod. Ronny J, Clark Kent & CBMIX)","Fake ""I Love It"" demo made by Alek using the multitrack + Ye takes from the session.",Alek,Stem Edit,Full Lossless,https://pillows.su/f/a4e449e688d3ca3e811d47c5355929f1
Yandhi [V1],"Last Name
(feat. Ant Clemons & E.VAX)
(Slave Name)","Leaked October 2nd, 2022 by King Bob. Vocals are real, but the beat was added on by Shogani, who did not have the beat for that version.",Shogani,Stem Edit,Full CDQ,https://pillows.su/f/2494a34d6da8aa732e3333bbaed74aa4
Yandhi [V1],"Last Name
(feat. The Weeknd)
(Slave Name)",Rumour that circulated in 2020.,Unknown,Fake Rumor,Not Available,N/A
Yandhi [V1],PETER THE CHAKRA LAST namE,"Stem edit of an at the time unleaked ""Last Name"" version over the ""Chakras"" instrumental. Leaked after 40,000 cat gifs were posted in waterfalls' Discord server. Has tags.",waterfalls,Stem Edit,Full CDQ (Tagged),https://pillows.su/f/f92b601c9dae424d869249baad8bfe1a
Yandhi [V1],"Slave Name
(feat. Ant Clemons)
(Last Name)","Popular edit of the song that cuts out part of Ant's intro and slaps an instrumental remake over the original leak. Many people who don't know much about Ye leaks assume this to be the real version of the song due to the most popular uploads of the song on YouTube using this edit instead of the actual leak. Delicate Steve, the creator of the song ""Wally Wilder"" which was sampled in ""Last Name"", uploaded this edit to his YouTube channel.",Unknown,Stem Edit,Full CDQ,https://pillows.su/f/0ea3cb75f0657f3fae167b27b506b51c
Yandhi [V1],The Calm [Interlude],"Track on multiple popular Yandhi tracklists that comes before ""The Storm"", usually an instrumental of the melody to said track. Due to the nature of its popularity, multiple people have been fooled into thinking it's a real interlude.",Unknown,Fake Rumor,Not Available,
Yandhi [V1],"Drake - Nice For What
(feat. Ye)","Certain sources say Ye recorded on Drake's 2018 hit ""Nice For What"", but this has never been confirmed, and there is no good source behind it.",Ebro,Fake Rumor,Not Available,https://www.thefader.com/2018/05/29/ebro-drake-nice-for-what-Ye-west
Yandhi [V2],"Law Of Attraction
(ref. Nino Blu)","Remix of ""Law Of Attraction"" by Nino Blu. Nino released it saying it was a ref track, but that was later disproven.",Nino Blu,Fake Leak,Full CDQ,https://soundcloud.com/user-916730218/law-of-attraction_tk-mix-3
Yandhi [V2],"Lara Croft 4
(ref. Ant Clemons)","Fake OG Filename: KW - lara croft 4 80.5bpm - BOUNCE
Tagged snippet posted by garfield.",garfiiieeelld,Fake Leak,CDQ Snippet,https://pillows.su/f/48f768352d513cafc6528be4c08661d9
Yandhi [V2],"On God
(feat. Dua Lipa)","Fake rumor that said there was a more finished version of Yandhi era ""On God"". Said to be very similar to the JESUS IS KING version, but with Dua Lipa and slight line differences.",Unknown,Fake Rumor,Not Available,N/A
Yandhi [V2],"Solar Plexus [V1-V3]
(feat. Sunday Service Choir)","Fake rumor made up by tuck. Featured 3 different versions, 2 Yandhi era versions and one God's Country version.",tuck,Fake Rumor,Not Available,N/A
Yandhi [V2],Redo 7,"Fake OG Filename: KW - re do redo 7 78bpm - BOUNCE
Tagged snippet posted by garfield.",garfiiieeelld,Fake Leak,CDQ Snippet,https://pillows.su/f/935e5184e4642d5d53d56a5180eeaebb
JESUS IS KING,"""Ant Clemons"" - L.A. Monster","An awfully-mixed Ant Clemons impersonator covering ""L.A. Monster"". Possibly mixed poorly to cover up the fact that he isn't Ant Clemons.",Kella,Impression,Full HQ,https://pillows.su/f/a3e9064c1fa286b5e2e4d1257f8eee8a
JESUS IS KING,"Hands On 
(feat. Young Thug)","A false rumor saying the refrain was a hidden Young Thug feature. Was later debunked as Yes iPhone mic demo, but people still debate it anyway.",Unknown,Fake Rumor,Not Available,N/A
JESUS IS KING,Up From The Ashes,"Version with an ""unknown feature"" edited on.",Cole,Fake Leak,CDQ Snippet,Link Needed
God's Country,"Alien
(ref. Travis Scott)","It was stated that Travis Scott had done a reference track for ""Alien"", but that later turned out to be false.",waterfalls,Fake Rumor,Not Available,N/A
God's Country,"Bridges 
(feat. 21 Savage & 6ix9ine)","Edit made by Pieawesome that features Ye, 21 Savage, and 6ix9ine in a track supposedly meant for DONDA. Ye vocals were included in the leaked stems for ""Hurry""; 21 Savage vocals are from ""No Heart"".",Pie,Stem Edit,Full CDQ,https://pillows.su/f/5ae63bf3f34407af8f8712a1bd6a7f6d
God's Country,"Eternal Life
(ref. Ameer Vann)","A snippet of a version of ""Eternal Life"" with Ameer Vann, formely of Brockhampton, supposedly doing a reference track for Ye. Ameer was actually sent the open verses by a seller.",gary,Fake Leak,Full Lossless,https://pillows.su/f/b2c654a57023ebb5a374777acb27a3bc
God's Country,"Eternal Life
(ref. Travis Scott)","It was said that Travis Scott had done a refrence track for the song ""Eternal Life"", but that later turned out to be false.",waterfalls,Fake Rumor,Not Available,N/A
God's Country,"Fighting Fires
(ref. Ameer Vann)","A snippet of a version of ""Fighting Fires"" with Ameer Vann of Brockhampton supposedly doing a reference track for Ye. Ameer was actually sent the open verses by a seller.",gary,Fake Leak,CDQ Snippet,https://pillows.su/f/5df2f33566d943d39062fa353df09047
God's Country,"Follow God 2 
(feat. JAY-Z)",Mentioned in a now-deleted tweet by Xcelence after he was hacked.,Unknown,Fake Rumor,Not Available,N/A
God's Country,I Feel Like That,"A rumour of a God's Country era version of ""I Feel Like That"" was said to exist, but this seems to be untrue.",Unknown,Fake Rumor,Not Available,N/A
God's Country,"Let The Spirit Go Wild
(feat. Abstract Mindstate & Sunday Service Choir) (prod. FnZ, Ronny J & Styalz Fuego)","Mid-July version of ""Let The Spirit Go Wild"", seen being recorded by Ye on the intro to the first episode of jeen-yuhs. Has verses from both Abstract Mindstate members. An edit of the song, adding on Sunday Service Choir vocals, was leaked on September 11th, 2023.",Unknown,Stem Edit,Full CDQ,https://pillows.su/f/c5df4a07e4d94380570082203282370c
God's Country,"Skurrr
(ref. Ameer Vann)","A snippet of a version of ""Skurrr"" with Ameer Vann of Brockhampton supposedly doing a reference track for Ye. Ameer was actually sent the open verses by a seller.",gary,Fake Leak,Full HQ,https://pillows.su/f/8c4bd34fc46c4b52aa75eee8b07eab53
God's Country,Superman,"Fake snippet found on a website called XPLRSPC that everyone thought had to do with an upcoming album (at the time called God's Country), but ended up being some dude from Panama who wanted attention.",Unknown,Fake Leak,CDQ Snippet,https://pillows.su/f/bf9a7bb6e3911777955543fcdbf82454
God's Country,"Wake The Dead
(feat. Victory)","A stem edit of ""Wake The Dead"" with Victory.",Pacifist,Stem Edit,Full CDQ,https://pillows.su/f/8b086919264967f53e47928efbf80c59
God's Country,"Wash Us In The Blood
(feat. Travis Scott & Young Thug)","Fake snippet made by Kella. Made with a publicly available Young Thug acapella from ""Time"" by RJMrLA. Uses Songshop's tag to fool people into thinking it was on sale on TheSource.",Kella,Fake Leak,CDQ Snippet,Link Needed
God's Country,"???
(ref. Ameer Vann)","An unknown Ameer Vann ""reference track"". Possibly for ""Crash Landing"".",gary,Fake Leak,Not Available,N/A
God's Country,"???
(prod. Keyon Christ)","Surfaced on dbree as ""voicenote_wyoming_godscountry_mitus.mp3"". Keyon has said that he doesn't know who made it.",Unknown,Fake Leak,Full LQ,https://pillows.su/f/f45c69e5a69a0169c3c60bedda408e66
JESUS IS KING: The Dr. Dre Version,Jesus Is King II [Cover],Fake cover for Jesus Is King II that was spread around online.,Unknown,Fake Leak,Full CDQ,https://ibb.co/hRYRjY4q
DONDA [V1],DONDA [Full Album],LQ recording of said to be the full DONDA album that appeared in WSE.,WSE Discord,Fake Leak,Full LQ,https://pillows.su/f/aea2d003c0a52146486ee5ac8e890a0a
DONDA [V1],"24
(feat. Buju Banton & Sunday Service Choir)","It was said during the Stand United buy that a version of 24 exists, with way more Ye vocals, and no KayCyy vocals. This was proven to be KayCyy, and the seller was confused.",Vega,Fake Rumor,Not Available,N/A
DONDA [V1],"All New Don Cs
(ref. Ameer Vann)","Gary claimed Ameer Vann had recorded a reference track for All New Don Cs, but like the rest of his references, they are not valid reference tracks",gary,Fake Leak,Not Available,N/A
DONDA [V1],Believe In God,Fake DONDA-era snippet. Recorded in a car to make it seem legit.,"Firstname
Lastname",Fake Leak,Recording,https://www.youtube.com/watch?v=kUaTE6-bhEc
DONDA [V1],"I Feel Terrific
(feat. ???, ??? & ???)","According to a WSE infodump, ""I Feel Terrific"" had ""unknown features"". This was however, untrue.",WSE,Fake Rumor,Not Available,https://www.reddit.com/r/WestSubEver/comments/l1ou7j/leak_list_of_scrapped_safe_donda_songs_new_album/
DONDA [V1],"I Feel Terrific
(ref. Griselda)","Rumour spread that Griselda recorded for ""I Feel Terrific"". Has never been verified.",Unknown,Fake Rumor,Not Available,N/A
DONDA [V1],"Keep My Spirit Alive
(feat. SAINt JHN)","A GB started with SAINt JHNs ""Pray 4 Me"" being put up for sale under the name Keep My Spirit Alive.",YeHub,Fake Leak,Full CDQ,Link Needed
DONDA [V1],"Keep My Spirit Alive
(feat. Royce da 5'9"")","The punch-in lines on ""KMSA"" were thought to be from Royce, but were later proven to be Dem Jointz.",Unknown,Fake Rumor,Not Available,N/A
DONDA [V1],"Keep My Spirit Alive
(feat. Benny The Butcher)",It was said during the Stand United buy that a version of Keep My Spirit Alive existed with a Benny The Butcher verse. This was later proven to be a false.,Vega,Fake Rumor,Not Available,N/A
DONDA [V1],Last Name,"There have been rumours that a 2020 version of ""Last Name"" exists, and at one point it was thought ""I Feel Terrific"" was ""Last Name"". No evidence has been shown ""Last Name"" to have been worked on past Yandhi.",Unknown,Fake Rumor,Not Available,N/A
DONDA [V1],"L.I.E.
(ref. Ameer Vann) (prod. F1lthy & Pi'erre Bourne)","Gary claimed Ameer Vann had recorded a reference track for L.I.E., but like the rest of his references, they are not valid reference tracks.",gary,Fake Rumor,Not Available,N/A
DONDA [V1],"L.I.E.
(prod. F1lthy & Pi'erre Bourne)","Instrumental leaked on February 26th, 2021. Used a mumble take recorded for ""Otis"". It was a LIE the entire time. Also not produced by F1lthy. Beat has fully leaked.",Pacifist,Fake Leak,CDQ Snippet,"https://pillows.su/f/07190ab137c4429b8c39ae9d41306886
https://pillows.su/f/bebed5ac71b643ef9fd4c5f44d799860"
DONDA [V1],Life Of The Party [EDM Version],"A usually reliable source said in early 2021 that there was an ""EDM type version"" of ""LOTP"". This was untrue.",Unknown,Fake Rumor,Not Available,N/A
DONDA [V1],"Nah Nah Nah
(ref. Dem Jointz) (prod. Dem Jointz)","Fake demo version of ""Nah Nah Nah"" based off the original snippet. ""Leaked"" August 23rd, 2022, and stayed on the tracker until November 21st, 2025.",Honko,Fake Leak,Full CDQ,https://imgur.gg/f/sxpMItR
DONDA [V1],"Precious
(ref. Royce Da 5'9"")","The punch-in lines on ""Precious"" were originally thought to be from Royce, but then were thought to be Dem Jointz when it came out that he did the punch ins on Donda, but were later proven to actually be Royce, and then again proven to be Dem Jointz.",Unknown,Fake Rumor,Not Available,N/A
DONDA [V1],Sky City,,WSE,Fake Rumor,Not Available,https://www.reddit.com/r/WestSubEver/comments/l1ou7j/leak_list_of_scrapped_safe_donda_songs_new_album/
DONDA [V1],"Spread Your Wings
(feat. Tee Grizzly & ???)","Mentioned in an infodump on WSE, said to feature ""Tee Grizzly and one other artist"", and was ""nearly the same as OG"". Later debunked by reliable sources.",WSE,Fake Rumor,Not Available,https://www.reddit.com/r/WestSubEver/comments/l1ou7j/leak_list_of_scrapped_safe_donda_songs_new_album/
DONDA [V1],"Welcome to My Life
(feat. Ty Dolla $ign)",Fake Snippet with vocals taken from a Big Boy freestyle in 2013. Ty's vocals are from a song his sister made.,SamV1sion,Fake Leak,CDQ Snippet,https://pillows.su/f/1ba183c673bf6104eb8fb9960ea1a82a
DONDA [V1],JHE Rooga - Angel Or Demon,"A stem edit made by ""Lil Fireworkz"" with vocals from a JHE Rooga freestyle that were repurposed for ""Jesus Lord"". Uploaded to YouTube 5 months before ""Jesus Lord"" was first heard.",Lil Fireworkz,Stem Edit,Full CDQ,Link Needed
DONDA [V1],"Playboi Carti - Diamonds
(feat. Ye)
(Locked In)","There was a rumour that Ye had recorded for ""Diamonds"", but there is no proof.",Unknown,Fake Rumor,Not Available,N/A
DONDA [V1],"Playboi Carti - Homicide
(feat. Ye) (prod. Pi'erre Bourne)
(Homixide, I'm Outside)","There was a rumour that Ye had recorded for ""Homicide"", but there is no proof.",Unknown,Fake Rumor,Not Available,N/A
Donda [V2],Spirits Over The Horizon [Album],"Spirits Over The Horizon, also known as SOTH, was an album said to have been worked on between April and June 2021, which was made public around September 2021. It was said to have been split up into three different versions for April, May, and June, being separate albums in themselves. All of this turned out to be a lie; there is no proof of Spirits Over The Horizon ever existing and every seller besides Pacifist has stated that their files just say Donda. The ""April Version"" of SOTH was actually 88 Keys's work folder, which contained mainly tracks from December-January as well as other songs from up to June 2021 and from Yandhi. The May version of the album turned out to be Dem Jointz's project, not actually an album Ye was working on. The June version of SOTH was just June Donda. Only in July of 2022 did sellers admit that they had no proof of Spirits Over The Horizon existing.",Sellers,Fake Rumor,Not Available,N/A
Donda [V2],Through It All [Album],Fake title mentioned in a fake 4Chan infodump. The source claimed that for a while DONDA was called this.,u/MatcholadP,Fake Rumor,Not Available,https://i.redd.it/0jw1e61qn7791.jpg
Donda [V2],"Believe What I Say
(prod. Digital Nas)","Version of ""Believe What I Say"" produced by Digital Nas. The production is real, but has been edited onto the released ""Believe What I Say"" by the leaker.",gary,Stem Edit,Full CDQ,https://pillows.su/f/64f89b4533c780248344fe30e466dbdf
Donda [V2],Donda [V2] [Cover],"Spooky blue cover thought by some to be reminiscent of the contrast between what's good and what's evil that was supposed to be present in the album's themes. However, it isn't.",Alyn,Fake Leak,Full CDQ,Link Needed
Donda [V2],Future Sounds,"""2021 version of 'Future Sounds'"", made by Shogani using the Pro Tools session for ""Heaven and Hell"".",Shogani,Stem Edit,Full CDQ,https://pillows.su/f/ae8e4a66fadb6f312d4378eaba8ba967
Donda [V2],May 2021 Tracklist,"During the initial info dump for the various 2021 versions of Donda, falsely titled Spirits Over The Horizon, a few songs on a supposed May 2021 tracklist were revealed. Many more over the months following were revealed. However, it has come out that this tracklist was fake, and just a list of dropbox folders, with ""Livin It Up"" & ""God Got Me"" added on.",Sellers,Fake Rumor,Not Available,N/A
Donda [V2],"Playboi Carti - OPIPSY 
(feat. Lancey Foux)","Version of ""Made It"" with a Lancey Foux verse. Waterfalls tricked him into recording it. Based on [V4] of ""Made It"".",Waterfalls,Stem Edit,Full HQ,https://pillows.su/f/d98c7f1b6372e1f2a97f87cc1a2cb098
Donda [V3],Dunkey Leaks Donda [Album],"Fake album copy of Donda played by YouTuber Videogamedunkey on one of his streams, featuring random tracks with feats from fake artists. Most famous for
predicting that Globglogabgalab would be on the album.
Tracklist:
On The God Sight (feat. Dr Dre & Snoop Dogg)
Jeezus vs Yeezus (feat. Lil Bingo)
Got The New iPhone (feat. CeeLo Green)
Golden Money (feat. Pitbull) 
Orange Tesla (feat. Kid Diablo) 
Sicko Mode (feat. The Sicko Mode Rapper) 
Bound 7 (feat. Jay-Z)
Game Over, Yeah (interlude)
The Sun Sets in the West (feat. Big Boat)
Off the Sight (feat. Lil No-Scope)
X-Men: The Video Game - Here Comes the Hero - (Prophet 
I'm Going to Walgreens (feat. Lil DreDre)
Alaska",Videogamedunkey,Fake Leak,Full CDQ,"https://www.youtube.com/watch?v=m5P24B-s7ks
https://www.youtube.com/watch?v=VVK-XvZEymc"
Donda [V3],"24
(feat. Post Malone)","At the LV listening party for Donda, in which jabba attended, he stated alongside many other false claims that Post Malone was on ""24"", but this was proven fake as it was actually KayCyy pitched down.",jabba,Fake Rumor,Not Available,N/A
Donda [V3],"Beauty and the Beast
(prod. Ye)","Fake snippet posted on November 1st, 2024, after MIKE DEAN claimed this song was a ""Donda leftover"". Uses vocals from the Bad Bitch Playbook era freestyle ""THE CROSS"". Was said to be fake, then real, then fake again. Rumor unintentionally started by MIKE DEAN who stated that at least one song on BULLY was a Donda throwaway.",Unknown,Fake Leak,CDQ Snippet,https://pillows.su/f/8edc3751ce94a99e5b565a03c2fbc720
Donda [V3],"Believe What I Say
(feat. BabyTron)","Posted by BabyTron. Has a verse from him over a recreation of the ""Believe What I Say"" instrumental, downloaded from YouTube. BabyTron claimed in an interview that Ye's team asked him to do a verse, but this was likely just an attempt at phishing or social engineering to get a free feature.",BabyTron,Fake Leak,Full HQ,https://pixeldrain.com/u/cXLJdpnY
Donda [V3],Come To Life,"Fake snippets of a supposedly earlier version of ""Come To Life"". Used AI isolated vocals from a live performance of the song over the instrumental.",bingboop,Fake Leak,CDQ Snippet,"https://pillows.su/f/400d4e20fecf450c985ce0c100b1c257
https://pillows.su/f/f7c7b3fea4e2403cb2e2d736849c5bac"
Donda [V3],Daylight,"Edit of ""Daylight"" with added guitars. Was likely made by leaker sending the song to an artist to record on, similarly to ""OPIPSY"".",waterfalls,Stem Edit,Full CDQ,https://pillows.su/f/b650fc02d008f1e1aefffdf6f1a95e1e
Donda [V3],"Daylight
(feat. ???)","Edit of ""Daylight"" sold as ""Jamaican KC Daylight"", unknown who the feature is. Was likely made by the leaker sending the song to an artist to record on, similarly to ""OPIPSY"".",Unknown,Stem Edit,Full Lossless,https://pillows.su/f/bfa594d623415461931513fd79af52a0
Donda [V3],"Daylight
(feat. ???)","Another edit of ""Daylight"". Was likely made by the leaker sending the song to an artist to record on, similarly to ""OPIPSY"".",waterfalls,Stem Edit,Full CDQ,https://pillows.su/f/f84f2b40bc28db712a04dbe4bbf6577c
Donda [V3],"Daylight
(feat. Kaash Paige)","Edit of ""Daylight"" made by waterfalls sending the song to Kaash Paige to record over.",waterfalls,Stem Edit,CDQ Snippet,https://pillows.su/f/2efd4eee25116dcdb5970b5040727bd4
Donda [V3],God's Country,"Snippet surfaced on dbree with ominous horns being played. Confirmed fake and to be an edit of the 2021 song ""Bravo Barcode"" by Beatriz Sundram.",Sasha,Fake Leak,Recording,Link Needed
Donda [V3],"Going To Jail
(feat. Bon Iver)",Fake song made up by ex-seller BurnerMcBurns.,BurnerMcBurns,Fake Rumor,Not Available,N/A
Donda [V3],"Guess U Get What U Want
(ref. Lil Nas X)","Lil Nas X demo claimed to be a reference track for Ye. Resurfaced in August 2024 as the ""original"" version of ""ISABELLA"".",Stinke Monke,Fake Rumor,Full CDQ,Link Needed
Donda [V3],Guilt Pleasure,"Featured on a fake tracklist made by someone on 4chan, the poster of the tracklist also posted this supposed snippet of the song. Confirmed to be fake by a reputable source.",Unknown,Fake Leak,Recording,Link Needed
Donda [V3],"Hell's Loose
(feat. Dr. Donda West & Playboi Carti)","Fake rumor started by waterfalls which claimed to be a Spirits Over The Horizon era song with Playboi Carti featured on it. A VC recording surfaced on dbree, however it is completely fake.",waterfalls,Fake Leak,LQ Snippet,https://pillows.su/f/fa145409d3154d143a0aef24f6118f40
Donda [V3],"I Feel Terrific
(feat. Baby Keem)",A version of I Feel Terrific featuring Baby Keem was thought to exist before being proven fake.,Unknown,Fake Rumor,Not Available,N/A
Donda [V3],Jail,First Jail stem edit sold by Augustus said to be authentic bounces featuring the Supa Hot Fire sample. Features production shown in the DONDA mini movie.,Augustus,Stem Edit,Full CDQ,https://pillows.su/f/4d1502a41f98420ae8eb724e11ebc511
Donda [V3],Jail,Second Jail stem edit sold by Augustus said to be authentic bounces featuring the Supa Hot Fire sample. Features production closer to release.,Augustus,Stem Edit,Full CDQ,https://pillows.su/f/2087e8aedb19c24b3b7fb0eb3040449b
Donda [V3],"Jail
(feat. Kid Cudi & Playboi Carti)",Fake rumor that was started by Pacifist. On 9/20/2024 an AI edit of Cudi vocals on an older Jail version surfaced on Dbree.,"Pacifist 
VAULTDESTROYER",AI,CDQ Snippet,https://pillows.su/f/335241deff5ed0bd892885d092352c2f
Donda [V3],"Lord I Need You
(feat. Future)",Was rumored to be one of the tracks Future recorded with Ye during Green Tiles. However no confirmation of this has ever been shown.,Unknown,Fake Rumor,Not Available,N/A
Donda [V3],"Remote
(ref. Kevin Abstract)",Put up for sale on a Brockhampton leaks Discord Server. Later confirmed to not exist by waterfalls.,Unknown,Fake Rumor,Not Available,N/A
Donda [V3],"Remote Control
(feat. Soulja Boy)","Stem edit of Soulja Boy's ""Remote Control"" with the vocal placed completely off beat.",Shogani,Stem Edit,Full HQ,https://pillows.su/f/65f5122bbf0c61537cfc3301f389cc29
Donda [V3],"Save Me
(feat. Justin Bieber & KayCyy)",Fake title mentioned in a fake 4Chan infodump.,u/MatcholadP,Fake Rumor,Not Available,https://i.redd.it/0jw1e61qn7791.jpg
Donda [V3],"Steve Nash
(feat. Kid Cudi, Travis Scott & Chance The Rapper) (prod. Ye, MIKE DEAN & Travis Scott)",Rumoured to exist from a string of posts and fake information from multiple WSE posts.,Unknown,Fake Rumor,Not Available,N/A
Donda [V3],"The Moon
(feat. Don Toliver)
(Top Moon, Moon)","Fake version of ""Moon"" with a completely different instrumental and Ye vocals from ""Top"".",Unknown,Fake Leak,Full CDQ,Link Needed
Donda [V3],"The Moon
(Moon)","Fake OG Filename: The Moon - 21.05.29 Evan guitar 3
Fake mumble version of ""Moon"" that leaked on Dbree during the 2023 mass leaks. Was thought to be real, but it just uses mumble vocals from the first ever version of Hurricane (1:07) that were autotuned.",Unknown,Fake Leak,Full CDQ,https://pillows.su/f/c47568a15f9255fe3ef014ddb8f53c08
Donda [V3],"This Is The Glory
(ref. Pusha T)","Fake snippet of a supposed Pusha T ref for ""This Is The Glory"". Uses Pusha T vocals from a demo of the Gorillaz song ""Let Me Out"".",Unknown,Fake Leak,CDQ Snippet,Link Needed
Donda [V3],Welcome to My Life,"Rumor that ""Welcome To My Life"" played at the Vegas listening party, which was said to be a song where Ye talks about his family. This song was mistaken for the Vegas party version of ""Never Abandon Your Family"".",Unknown,Fake Rumor,Not Available,N/A
Donda [V3],"BROCKHAMPTON - Untitled
(feat. Ye & Francis and the Lights)","Supposed collaboration between BROCKHAMPTON, Ye and Francis that was said to be recorded in the Green Tile Studio. The person who claimed to have it was exposed as a scammer and the song was confirmed to not exist.",PRIVATESUPPLY,Fake Rumor,Not Available,Link Needed
Donda [V3],"Steven Malcolm - Heavenly Father
(ref. The WRLDFMS Tony Williams)","Song that was supposedly a reference track for Ye meant to be on Donda. The song is actually just a Steven Malcolm song that has nothing to do with Ye. Version without Tony Williams was officially released on Steven Malcom's album ""Tree"" as the intro.",Pacifist,Fake Rumor,Full CDQ,https://pillows.su/f/156d28e49f92410db466c4d6f2d515cc
Donda [V3],"Young Stoner Life, Young Thug & Gunna - Ski (Remix)
(feat. Ye) (prod. BabyWave, Outtatown & Wheezy)","Edit of Ye's freestyle for ""Ski"" with Young Thug and Gunna's vocals leaked on 1/27/2023.",Unknown,Stem Edit,Full CDQ,https://pillows.su/f/c2d0696a61524382aba99d66a445bdb6
DONDA 2 [V1],"Narcissist Powers [Album]
(with Playboi Carti)","Rumour spread on Deuxmoi and teased by accounts including dondasplace. Was said to have ""rock influenced"". No real evidence exists.",Deuxmoi,Fake Rumor,Not Available,N/A
DONDA 2 [V1],"YEat [Album]
(with Yeat)","Fake collab album between Ye & Yeat. Said to have 10 tracks and rage-style production, with Playboi Carti as the only feature. ""Info"" about the album was posted to WestSubEver.",u/Appropriate-Onion865,Fake Rumor,Not Available,"https://ibb.co/qFJk9fxn
https://www.reddit.com/r/WestSubEver/comments/w5migf/yeat_ye_x_yeat/"
DONDA 2 [V1],"530
(ref. Jack Harlow)","A Jack Harlow reference track for ""530"" was said to exist by Waterfalls. Later confirmed to be fake.",waterfalls,Fake Rumor,Not Available,N/A
DONDA 2 [V1],"Back And Forth
(ref. Yung Pinch) (prod. John Cunningham & Ojivolta)
(For The Children, Go Back In Time)","Stem edit for a ref of ""For The Children"" done by Yung Pinch.",Berkeley,Stem Edit,Full CDQ,https://pillows.su/f/264ecb6f7d004a7a81125da0cee47c14
DONDA 2 [V1],"Happy
(ref. Yung Pinch) (feat. Future) (prod. Ye, Digital Nas & Wheezy)
(Do I Look Happy, Paid To Talk)","Stem edit for a ref of ""Happy"" done by Yung Pinch.",Berkeley,Stem Edit,Full CDQ,https://pillows.su/f/bf81a13d1dfd41c36be501eae35a724c
DONDA 2 [V1],"Happy
(ref. Fat Money) (prod. Ye, Digital Nas & Wheezy)
(Do I Look Happy, Paid To Talk)",Fake AI TTS snippet based on the real Fat Money reference track. Probably one of the greatest fake snippets ever made.,Unknown,AI,CDQ Snippet,https://pillows.su/f/26b3b1ae28a1cb474d7a0cac33c2ae0a
DONDA 2 [V1],Jesse,"Finished version posted by wahta. Was found out to be fake by ThisIsYeSZN. 
whoops! - wahta",Dgtl / Peep,Fake Leak,Full Lossless,https://up.usbx.live/file/188cf94cca29a63e
DONDA 2 [V1],"Louie Bags
(ref. Gunna)","Was rumoured to exist, as Gunna posted lyrics to his Instagram before the LP. Was later debunked by waterfalls.",Unknown,Fake Rumor,Not Available,N/A
DONDA 2 [V1],"Maintenance
(feat. Future)","Edit of ""Maintenance"" made using the sessions, and would have been included in the ""Maintenance"" session buy as a bonus. The edit is 8 minutes long, and includes a 1 minute Future verse. Leaked after being private bought along with the session on September 30th, 2023.",Unknown,Stem Edit,Full CDQ,https://pillows.su/f/8edfeb47aca2089e447826c250089452
DONDA 2 [V1],Mr. Miyagi,"Edit of ""Mr. Miyagi"" by Uhhjulian that TikTok users keep claiming is the actual song.",Uhhjulian,Fake Leak,Full CDQ,https://pillows.su/f/5551c64a34fc429d99bd744290d6129c
DONDA 2 [V1],"Pablo
(ref. Yung Pinch) (feat. Travis Scott & Future) (prod. ATL Jacob, FNZ & Digital Nas)","Stem edit for a ref of ""Pablo"" done by Yung Pinch.",Berkeley,Stem Edit,Full CDQ,https://pillows.su/f/72226351db0ab7cd954d814b3670c7ff
DONDA 2 [V1],"Psychotrapstar
(feat. Pressa)","Song said to exist by a fake insider who claimed it was dropping in February. Supposed lyrics of the song were ""I'm a psycho, I'm a trapper, I'm a rapper, I'm with Yeezy, cooking beats like Wheezy"".",u/03111812,Fake Rumor,Not Available,N/A
DONDA 2 [V1],"Sci-Fi
(feat. Sean Leon) (prod. Fya Man)","Edit of the Fya Man version of ""Sci Fi"" with autotuned Ye vocals added on top.",Unknown,Stem Edit,Full CDQ,https://pillows.su/f/ef49d3dde98116adc4ecc19cd43fcfb8
WAR,mattia,"Larper invited to YZYCORD, ironically to expose voulchers as a larp through a snippet of ""Church Girl"" they got from dondasvault. They didn't say much after voulchers was banned, though they did claim that ""Rolling"" and ""Comeback"" were real alternate names for ""This One Here"" and ""For Once In My Life"", respectively.",mattia,Fake Rumor,Not Available,N/A
WAR,"Love Love Love
(with James Blake) (prod. John Cunningham)","According to Insurge, a version of the song with James Blake vocals exists, however this is extremely unlikely as when asked in an interview on VaultFM he said he did not recognise the name of the track.",Insurge,Fake Rumor,Not Available,N/A
WAR,voulchers [93.7 GB Folder of WAR Material],"voulchers was a month-long larp orchestrated by an unidentified seller. He led on comm by teasing a ""93 gigabyte copy of WAR"", saying he was slowly but surely compiling it all into a list in order to set up a GB. He did provide snippets, but only of non-Ye related James Blake loops and poorly done stem edits that were made unverifiable by the tags put over them. He egged-on streamer Auger96 into multiple humilation rituals, getting him to go into public settings to hang up posters advertising the GB and getting people to sign petitions for it as well. Many people became skeptical as he continued to not provide any better quality snippets of known tracks, just supposed unheards. Ultimately, voulchers would be outed as a larper by Egg and mattia (also a larper), who provided genuine snippets of WAR related material. voulchers now lurks in the YZYCORD's donor chat, but was banned from YZYHUB for calling the owner of the server a pedophile in the chat of a Ty Dolla $ign stream, and from YUZOCORD for nuking the server and mentioning everyone over 1000 times.",voulchers,Fake Rumor,Not Available,https://ibb.co/whNMFTYt
WAR,"My Way [Loop]
(prod. James Blake)","One of the most popular ""leaks"" from the afformentioned Voulchers larp. Turned out to be a random James Blake loop completely unrelated to WAR. Samples ""My Way"" by Frank Sinatra.",voulchers,Fake Leak,Full CDQ,https://pillows.su/f/6d64c1ff00546b8a4444414c4f90660a
WAR,My Way [Fully Finished Ye Verse],"Version of ""My Way"" that was said to have a ""Fully finished Ye verse"" that ""made James Blake cry"".",voulchers,Fake Rumor,Not Available,N/A
WAR,"Quiet
(prod. James Blake & Josh Stadlen)","5 second snippet posted by wahta, made by the same seller as the two other fake leaks he posted. Made using the stems to Francis' edit of ""Quiet"".",Unknown,Fake Leak,HQ Snippet,https://pillows.su/f/df2fbe80ccab2875578f78696f7a379c
WAR,"Slipping
(prod. James Blake)","Fake song made up by Voulchers, said to be the worst WAR song ever made. Thank you Voulchers.",voulchers,Fake Rumor,Not Available,https://pixeldrain.com/u/iZSrMYZy
WAR,She A Church Girl [Instrumental],"Instrumental remake made by Yedits user djswampizzo. Posted by UziRareUpdates on Instagram, and was later ""leaked"" in full on leaked.cx. Very accurate to the original real instrumental.",djswampizzo,Fake Leak,Full CDQ,https://pillows.su/f/51a344391c9181ae2b683d11df079073
WAR,"Showtime
(feat. DaBaby) (prod. Dom Maker & James Blake) 
(This One Here, TIME)","In an unfortunately fake screenshot posted to YZYCORD, ""James Blake'""claimed that DaBaby recorded for ""Showtime"". Was jokingly added and grailed for about 2 minutes before being removed.",Orpheus,Fake Rumor,Not Available,https://imgur.gg/f/uHDunv6
WAR,"530
(prod. Ye, BoogzDaBeast, E.VAX)
(The Car's Missing, 530, 5:30, 530 AM)","530 was widely assumed to have been worked on during WAR sessions, but it was confirmed by u/yougotonemore during an infodump that it was wrongly assumed to be from the WAR era.",Unknown,Fake Rumor,Not Available,https://imgur.gg/f/uHDunv6
WAR,"This One Here
(feat. Dave Blunts) (prod. Dom Maker & James Blake)","Joke edit by voulchers with an AI Ye verse about fucking dudes, stems from a Yedits remake of the original ""This One Here"" snippet, an AI-generated Dave Blunts verse, and a chorus based off the BULLY versions. Touch my penis right now ❤️‍🩹",Voulchers,AI,Full LQ,https://imgur.gg/f/2AUKhed
YEBU,Change [Album],"Fake era invented by Insurge. Said to have a ""mbdtf level"" of finished tracks, many songs taken from older eras (but not from anything worked on in 2022), a mix in style between The College Dropout, The Life Of Pablo, ""and a little bit of Turbo"", containing ""controversial, but not antisemitic mentions of Jewish people"", high energy with ""insane"" features and heartfelt music similar to ""Runaway"". Song titles given for this album include ""Where Is The Love"" and ""Heartbreaker"". None of this is true, however it did reach news outlets somehow.",Insurge,Fake Rumor,Not Available,https://imgur.gg/f/2AUKhed
YEBU,Man Across The Sea [Album],"Fake album, was shared across TikTok and Reddit communites with people convinced it was real. The ""cover"" that was shared was one of Pierre-Louis Auvray's work depicting a forest and a bear that was leaked a week prior to the rumor blowing up.",Unknown,Fake Rumor,Not Available,N/A
YEBU,YESUKE [Album],"YESUKE is a fake name for the 2023 solo album that started as just speculation before being accepted as a real name without any actual evidence. The rumor started when GoodAssSub moderator u/P0PE_F0X was in contact with a supposed ""CHANGE Insider"" (another fake era), who sent cryptic messages including a photo of a statue of the black samurai Yasuke with no context during August 2023. P0PE_F0X later made an edit of this photo with Ye's face replacing Yasuke's with the caption YESUKE and posted it as fan art. Somehow, this spread across social media and suddenly people were referring to the next Ye album as Yesuke as if it were confirmed and not just concept art based on false info. The rumor got so big Ye's collaborators have referenced it, including Sean Leon.",P0PE_F0X,Fake Rumor,Not Available,"https://www.reddit.com/r/GoodAssSub/comments/15xep3h/change_insider_update_pt_3/
https://www.reddit.com/r/GoodAssSub/comments/15ytkp8/yesuke/"
YEBU,"""YZYCORD"" [YouTube Playlist]","In October 2023 (and later June 2024) a bunch of unreleased songs were posted to Ye's YouTube Music account, in what many people assumed was a hack. These uploads were actually done by the music distributor Too Lost, who represented Ye's rights on YouTube in 2023 (and later distributed VULTURES 2). During October 2023, a large amount of leaks got copyright claimed on YouTube by Too Lost, in what was likely an automated move where they were directly ripped from YouTube uploads since many edits were claimed (including a ""Can U Be"" edit that had a pause in it to avoid being blocked by a UMG copyright claim). On October 5, 2023, many of these leaks uploaded to the YouTube Content ID system were made public, in what was probably a mistake on Too Lost's part. Many of these, including the ""Can U Be"" edit, were quickly taken down. Ye then switched to using Label Engine as a distributor for VULTURES 1 and the singles leading up to it. Sometime after VULTURES 1's release, Ye stopped using Label Engine as a distributor and switched back to Too Lost. On June 4, 2024, more songs from the mass copyright claims in October were uploaded to Ye's YouTube Music, and many of the songs uploaded on October 5 were made public again. As of now 46 of these uploads are still publicly available, and fans have compiled them into a playlist called ""YZYCORD"" for some reason. Every song on the playlist is either an edit or a song that previously leaked, there's nothing unleaked in there. The playlist linked isn't the one with the most views but it contains all 46 songs, whereas the most popular one is missing a few. Highlights of the playlist include a laughably terrible ""Super Starred"" edit and the popular Juice WRLD ""Future Sounds"" edit. Many of these uploads have hundreds of thousands of views on YouTube.",Too Lost,Comp,Partial HQ,https://www.youtube.com/playlist?list=PL2fZNKLa_gAsa1JfQfxuRzGp2fX_NhI92
YEBU,Walk Thru Fire,"Terrible fake leak posted across Tiktok during 'Man Across The Sea' rumors, resurfaces every few months so worth adding here. More of this exists but it's mostly just reused 'Spread Your Wings' vocals with some guy singing them instead.",Unknown,AI,LQ Snippet,https://pillows.su/f/2c7d9d282d7762ccd6f072159ebfae2b
YEBU,"???
(Starting To Think)",AI slop song previewed by Fat Money on a random Instagram Live in 2023.,Fat Money,AI,Partial LQ,https://pillows.su/f/8363e9768e4fddd6762d2f4593f7f121
YEBU,"Fat Money - Gypsy
(feat. Ye) (prod. AllDay)","Reference track made by Fat Money that he later ""took"" (most likely without Ye's permission as said in his own lyrics) and made into his own song with Ye's mumble removed. Most likely made after Donda 2 era as Fat Money also talks about people leaking his music / ref tracks, which happened in 2023/2024.",Fat Money,Stem Edit,Partial LQ,https://pillows.su/f/7c8d937110937e0bb3ca46d8d5ce5be1
YEBU,"Rilés - ???
(feat. Ye)
(The Jungle)",A fake snippet of a song that was thought to be made during 2023 featuring Ye.,Unknown,AI,LQ Snippet,https://youtu.be/eLKH77g75qE
Bad Bitch Playbook,Ye (i) [Album],"""Fanmade"" AI Ye album made by damn james! and Gabe Shaddow during the Bad Bitch Playbook sessions which is where the AI model used on VULTURES 2 and BULLY originated from, being made by Gabe Shaddow. Somehow posted on YouTube in February 2025 before ever being known of. Has features from Ty Dolla $ign, Leon Thomas, Ant Clemons and 070 Shake, mainly from the inclusion of ""City In the Sky"".","damn james!
Gabe Shaddow",AI,Full HQ,"https://pixeldrain.com/l/fS61B6kw
https://www.youtube.com/watch?v=HiX0wVLotDw"
Bad Bitch Playbook,"CITY IN THE SKY
(prod. damn james!)",Version of CITY IN THE SKY made by damn james! & Gabe Shaddow that was part of the Ye (i) album copy. Technically belongs in Fakes since Ye was never involved in the making of this specific version.,"damn james!
Gabe Shaddow",Edit,Full HQ,https://pillows.su/f/65f9f91bd55cad5edeb0d3acf175972a
Bad Bitch Playbook,"CROWDPLEASER
(feat. Leon Thomas) (ref. Gabe Shaddow) (prod. damn james!)","OG Filename: trust God (crowdpleaser 8)
Fanmade AI song made by damn james! and Gabe Shaddow, played on his Instagram Live November 22nd, 2025.","damn james!
Gabe Shaddow",AI,Full CDQ,https://pillows.su/f/b14fdfc39a764345e086440297044ae8
Bad Bitch Playbook,"FENDI ROCKA
(ref. Gabe Shaddow) (prod. damn james!)
(Who Gon Pay Them Bills At Home)","Fanmade AI song made by damn james! and Gabe Shaddow, played on his Instagram Live November 22nd, 2025.","damn james!
Gabe Shaddow",AI,Full HQ,https://pillows.su/f/710955a0c6f347142215aecafe7a3948
Bad Bitch Playbook,"MIND GONE
(ref. Gabe Shaddow) (prod. damn james!)
(2063)","Fanmade AI song made by damn james! and Gabe Shaddow, played on his Instagram Live November 22nd, 2025. Samples ""Get Out"" by Mussolini Headkick. Original snippets posted December 6th, 2023, and were correctly dismissed as fake.","damn james!
Gabe Shaddow",AI,Full HQ,https://pillows.su/f/927a2f031033782be61678dde22e767b
Bad Bitch Playbook,"SHINE THE DARKEST
(ref. Gabe Shaddow) (prod. damn james!)
(SHINE)","Fanmade AI song made by damn james! and Gabe Shaddow, played on his Instagram Live November 22nd, 2025.","damn james!
Gabe Shaddow",AI,Full HQ,https://pillows.su/f/3e876d8313de25228601302e33205e39
Bad Bitch Playbook,"SCARY
(ref. Gabe Shaddow) (prod. damn james!)","Fanmade AI song made by damn james! and Gabe Shaddow, played on his Instagram Live November 22nd, 2025.","damn james!
Gabe Shaddow",AI,Full HQ,https://pillows.su/f/382b36797d8092ef7f04b37bb4d20b74
Bad Bitch Playbook,"THE AWAKENING
(ref. Gabe Shaddow) (prod. damn james!)","Fanmade song made by damn james! and Gabe Shaddow, played on his Instagram Live November 22nd, 2025.","damn james!
Gabe Shaddow",AI,Full HQ,https://pillows.su/f/5cc7b82cf4d294ead36abfff708e7b77
Bad Bitch Playbook,"WAR BABY
(LEXAPRO)","One of the most infamous fake Ye songs. AI snippet that was rumored to be the ""messed up abortion video"" from DONDA [V1] upon leaking, although this made absolutely no sense.",Unknown,AI,HQ Snippet,https://www.youtube.com/shorts/W5AC8PO7LVQ
VULTURES 1,"BACK TO ME
(ref. Royce Da 5'9"") (prod. 88-Keys, AyoAA & Wax Motif)
(BACK 2 ME)","According to ""an insider in the Eminem community"", Royce Da 5'9"" recorded a reference track for ""Back To Me"". This information would turn out to be fake, as a group of people from the Eminem community was attempting to contact someone who was a credible insider and holder of unreleased Eminem music at the very start of August. That is when the information from the person was legitimate. They stopped responding at that point and came into contact with what they thought was another email for this person, which turned out to later be a lie.",A person impersonating an Eminem insider,Fake Rumor,Not Available,Source Needed
VULTURES 1,"DEAD
(feat. Future & Lil Durk) (prod. ATL Jacob & SHDØW)","Snippet posted on Dec 26th, 2024, claiming to have added production from SHDØW. Was later found out to be an edit using AI stem extraction.",Unknown,Stem Edit,CDQ Snippet,https://pillows.su/f/1e8fb73c87fce4b419b1907f845e9520
VULTURES 1,"DO IT
(feat. YG & Nipsey Hussle) (prod. Ye, Mustard, Wheezy, Chrishan, CuBeatz, LukasBL, DTP, The Legendary Traxster & JPEGMAFIA)","Edit of [V9] copying the right channel to the left, fixing the inverted audio. Marked HQ as it was exported as a m4a. Still very quiet.",xyan,Edit,Full HQ,https://pillows.su/f/7e98088ff8f40a26a38414724c6ff1cf
VULTURES 1,"MAKE IT FEEL RIGHT
(ref. Rhymefest) (prod. London on da Track)
(NEXT TIME)","Snippet posted on Dbree, was shared around, but was later found out to be an edit by the same person who posted it. Uses the Rhymefest vocals from his ""Follow God"" ref track.",Iwan,Stem Edit,Full CDQ,https://pillows.su/f/d3a56024857515c6656a368d8f8471dc
VULTURES 1,"KING
(ref. Bizarre of D12) (prod. Lester Nowhere)
(STILL THE KING)","According to an ""Eminem-related insider"", Bizarre of D12 did a reference track for ""King"". One of the lyrics: ""I'll drug your kids with fentanyl, haha, I'll rape your kids, whats wrong?"". This information would turn out to be fake, as a group of people from the Eminem community was attempting to contact someone who was a credible insider and holder of unreleased Eminem music at the very start of August. That is when the information from the person was legitimate. They stopped responding at that point and came into contact with what they thought was another email for this person, which turned out to later be a lie.",A person impersonating an Eminem insider,Fake Rumor,Not Available,Source Needed
VULTURES 1,"PAPERWORK
(feat. Quavo) (prod. Ye, Digital Nas, The Legendary Traxster, 88-Keys & Swizz Beatz)","Edit of [V12] copying the right channel to the left, fixing the inverted audio. Marked CDQ as the original audio was MP3 before being edited and reexported as a WAV.",hoppertone,Edit,Full CDQ,https://pillows.su/f/54c00142539c29df438aa8a34677cbac
VULTURES 1,"PROMOTION
(feat. Future) (prod. Eminem)
(GORGEOUS)","According to an ""Eminem-related insider"", Eminem produced his own version of ""Promotion"". This information would turn out to be fake, as a group of people from the Eminem community was attempting to contact someone who was a credible insider and holder of unreleased Eminem music at the very start of August. That is when the information from the person was legitimate. They stopped responding at that point and came into contact with what they thought was another email for this person, which turned out to later be a lie.",A person impersonating an Eminem insider,Fake Rumor,Not Available,Source Needed
VULTURES 1,"RIVER
(feat. Young Thug) (prod. Eminem)","According to an ""Eminem-related insider"", Eminem produced his own version of ""River"". This information would turn out to be fake, as a group of people from the Eminem community was attempting to contact someone who was a credible insider and holder of unreleased Eminem music at the very start of August. That is when the information from the person was legitimate. They stopped responding at that point and came into contact with what they thought was another email for this person, which turned out to later be a lie.",A person impersonating an Eminem insider,Fake Rumor,Not Available,Source Needed
VULTURES 1,"SUZY
(feat. Fat Money) (prod. AllDay & Ojivolta)
(Suzy More Time, Things Change)","Posted by Orpheus and said to be brought back for VULTURES 1 with finished Ye vocals. Was thought to be real for a while, but was exposed as being fake and being originally posted on Yedits by stars.upwards. Noteworthy that Orpheus was aware this file was fake.",stars.upwards,Fake Leak,Full HQ,https://pillows.su/f/e0094a3a548daf2bb3bcc8923003f4ca
VULTURES 1,"???
(feat. Eminem) (prod. ???)","According to an Eminem-related source, Eminem recorded a freestyle with Ye while they were in Saudi together. They were described to be recorded on a very low quality microphone. This information would turn out to be fake, as a group of people from the Eminem community was attempting to contact someone who was a credible insider and holder of unreleased Eminem music at the very start of August. That is when the information from the person was legitimate. They stopped responding at that point and came into contact with what they thought was another email for this person, which turned out to later be a lie.",A person impersonating an Eminem insider,Fake Rumor,Not Available,Source Needed
VULTURES 1,Unknown [Eminem Collaborations],"According to ""someone with connections"", Eminem met with Ye backstage during that Saudi boxing match, they did something together, and Em's team (Paul Rosenberg) ordered all of it to be returned and not to be used on VULTURES. Eminem recorded reference tracks for ""Paid"", ""Time Moving Slow"" & ""Problematic"" during the V1 sessions. He was also given ""Do It"", ""Field Trip"", ""Don't Kill The Party"", ""Gun To My Head"" & ""Forever Rolling"" to record refs for, but the source does not know if he actually finished recording refs for these songs. This information would turn out to be fake, as a group of people from the Eminem community was attempting to contact someone who was a credible insider and holder of unreleased Eminem music at the very start of August. That is when the information from the person was legitimate. They stopped responding at that point and came into contact with what they thought was another email for this person, which turned out to later be a lie.",A person impersonating an Eminem insider,Fake Rumor,Not Available,Source Needed
VULTURES 1,"Unknown [Royce da 5'9"" Collaborations]","According to an ""Eminem-related insider"", Royce Da 5'9"" recorded a reference track for ""Back To Me"", as well as another unheard Saudi track. This information would turn out to be fake, as a group of people from the Eminem community was attempting to contact someone who was a credible insider and holder of unreleased Eminem music at the very start of August. That is when the information from the person was legitimate. They stopped responding at that point and came into contact with what they thought was another email for this person, which turned out to later be a lie.",A person impersonating an Eminem insider,Fake Rumor,Not Available,Source Needed
VULTURES 2,"530
(prod. Just Da 1)","Edit of ""530"" made by Just Da 1, featuring completely redone production. Not meant to be a fake, but a certain someone (Orpheus) still insists it's a real unheard.",Just Da 1,Fake Leak,CDQ Snippet,Link Needed
VULTURES 2,BELIEVER,"Supposed short version of ""BELIEVER"" posted in YZYHUB. Later confirmed to be an edit, made using the stems owned by .",Proof Bot,Fake Leak,Full CDQ,https://pillows.su/f/522df08d13627796ecae205cb8575bd1
VULTURES 2,"CITY IN THE SKY
(feat. Summer Walker)","8 minute AI edit of ""City In The Sky"" with Summer Walker vocals. First snippet was leaked on 6/5/2024, and many people were convinced it was real, including the content creator LeakyArchives, who made a video on the snippet. But then the next day, another snippet was posted, with Ty's verse being an AI'd recording of his infamous 2014 XXL Freshman Freestyle. The full fake leak surfaced a couple of minutes later.",Pieisawesome,AI,Full CDQ,https://pillows.su/f/d77f9b74e7c032744b8381ce170d294d
VULTURES 2,"FIELD TRIP
(ref. Eminem) (feat. Eminem, Playboi Carti & Don Toliver) (prod. Dez Wright, EJ PARIS & Wheezy)","According to an ""Eminem-related insider"", Eminem recorded a feature verse for ""Field Trip"", as well as recording punch in vocals for Ye's 'Love me the most' freestyle for ""Field Trip"". This information would turn out to be fake, as a group of people from the Eminem community was attempting to contact someone who was a credible insider and holder of unreleased Eminem music at the very start of August. That is when the information from the person was legitimate. They stopped responding at that point and came into contact with what they thought was another email for this person, which turned out to later be a lie.",A person impersonating an Eminem insider,Fake Rumor,Not Available,Source Needed
VULTURES 2,"FIELD TRIP
(???. Tyler, The Creator) (feat. Don Toliver, Playboi Carti & Lil Durk) (prod. Dez Wright, EJ PARIS & Wheezy)","According to someone on the GoodAssSub subreddit, Tyler, The Creator either recorded a verse or a reference track for ""Field Trip"". This is very likely fake, as there is no confirmation that this exists whatsoever.",Unknown,Fake Rumor,Not Available,https://www.reddit.com/media?url=https%3A%2F%2Fpreview.redd.it%2Fs54lclwrsrnc1.png%3Fwidth%3D583%26format%3Dpng%26auto%3Dwebp%26s%3Dda9af391f3d0d92659e76f23b8c579ca3d71c801
VULTURES 2,"MY SOUL
(feat. Eminem & Todd Rundgren) (prod. BoogzDaBeast, FnZ & Rory Noble)
(Faithful, Fightin Fire, Fighting Fires)","According to an ""Eminem-related insider"", Eminem recorded a feature for ""My Soul"", which was described as being emotionally charged. Eminem was said by the source to have been audibly crying after recording the verse, but he heard this from someone else who heard the ref and could not confirm it first hand. This information would turn out to be fake, as a group of people from the Eminem community was attempting to contact someone who was a credible insider and holder of unreleased Eminem music at the very start of August. That is when the information from the person was legitimate. They stopped responding at that point and came into contact with what they thought was another email for this person, which turned out to later be a lie.",A person impersonating an Eminem insider,Fake Rumor,Not Available,Source Needed
VULTURES 2,"TIME MOVING SLOW
(prod. AyoAA, Fya Man & SHDØW)",Has the Young Moose verse removed with limited production changes. Song is clean apart from the ending Ye verse. Was found to be an edit.,Unknown,Fake Leak,Full Lossless,https://pillows.su/f/f759d24a6caf8051dfb21a8c52572e6d
VULTURES 2,"Childish Gambino - Say Less / Timeless
(feat. Ye) (prod. Jay Versace)",Song played during Season 1 Episode 2 of Gambino's GILGA Radio. Features AI Ye. Likely has nothing to do with Ye.,Childish Gambino,AI,Full CDQ,https://pillows.su/f/821a5f16384d951eef2d1086f5423543
VULTURES 3,"Playboi Carti - GATOR
(feat. ¥$)
(ALLIGATOR)","Version of ""Aligator"" shown in a fake early November 2024 MUSIC tracklist claimed to be posted and deleted by Kee Dolla$. Tracklist was posted by someone in r/playboicarti who had previously larped about having a slightly higher quality recording of ""RATHER LIE"" from a Rolling Loud afterparty.",u/RevolutionaryAd6224,Fake Rumor,Not Available,N/A
VULTURES 3,"WHEELS FALL OFF
(prod. Ye, BBYKOBE, DJ Camper, Ty Dolla $ign & ???)
(Wheels)",Version included in a video claiming to be the official video for the song that has 20 thousand views on YouTube.,u/Single_wasabi_2389,Fake Leak,Full HQ,https://imgur.gg/f/bM84fBJ
BULLY,ALL IN LOVE,Was hinted at being brought back by a larper posing as a YZYLLC employee. Was however actually brought back for IN A PERFECT WORLD.,ashhh@YEEZYLLC,Fake Rumor,Not Available,N/A
BULLY,"BEAUTY AND THE BEAST
(ref. Don Toliver) (prod. Ye)","Surfaced sometime around April 2026, has ai generated Don Toliver vocals.",Unknown,AI,Partial HQ,https://pillows.su/f/9238ae5fc73ef7ab721d4aa47cef0543
BULLY,"BULLY
(prod. Ye & ???)
(SEROTONIN)","Posted on a website named ""bully.digital"" on January 10th, 2026, that went down shortly after being discovered. Discovered to be fake after not being under YZY.LLC and the server found to be in Lithuania.",Unknown,Fake Leak,HQ Snippet,https://pillows.su/f/4a18eeb69ba9b0a5d34eb28db30470d4
BULLY,"CAN'T HURRY LOVE
(ref. KayCyy) (prod. Ye)","KayCyy played this on stream on October 5th, 2025, and then released it on October 6th. Placed here as many people think it is a reference for Ye, despite KayCyy stating it was a cover. CDQ version can be found in Remixes.",KayCyy,Fake Leak,Recording,https://pillows.su/f/b28a9bb9155cf0081f188af94af9a397
BULLY,"PREACHER MAN
(prod. Ye)","Very basic edit of ""PREACHER MAN"" spread around Twitter in November 2025. Somehow thought to be a version with real vocals, despite said vocals being extracted from the December film copy of BULLY.",Unknown,Fake Leak,CDQ Snippet,Link Needed
BULLY,"SAME SHIT
(ref. Sean Leon)",Song previewed by Sean Leon that he claimed to be a reference track for BULLY.,Sean Leon,Fake Leak,Recording,https://pillows.su/f/c67a62123d0358d9c06cfc9626841d50
BULLY,Yikes [Brazil Show Mix],"Supposed alternate version of ""Yikes"" for Ye's show in Brazil, leaked the day the show was announced. Extremely unlikely this is real, embarassingly bad if it is.",Unknown,Stem Edit,Partial HQ,https://imgur.gg/f/HI4nx2V
BULLY,"???
(ref. Sean Leon)","Snippet posted to Sean Leon's Instagram story with the caption ""BULLY"", implying that the song was intended for Ye.",Sean Leon,Fake Leak,Recording,https://pillows.su/f/0bc0e5ef6c00252a867bdb568d1d9837
CUCK,"ALL IN LOVE
(Fall In Love, Fall In / All Is Love)","Snippet posted on September 29th, 2025, by Proof Bot (). Found to just be a cutdown version of the stream recording of ""ALL IN LOVE"" [V4] from BBPB with no changes and a tag, the 'unknown vocalist' was Ty Dolla $ign. Claimed to be from May 2025. Again, it was actually brought back for IAPW.",Unknown,Fake Leak,Recording,https://pillows.su/f/1b231fc9f2673a6142212bd2dd113a71
CUCK,"ALL THE LOVE
(ref. Dave Blunts) (prod. Quadwoofer & Sheffmade)
(GAS CHAMBERS, REICH)","Obviously Fake Dave Blunts reference track for ""ALL THE LOVE."" Is actually Dave AI over the Ye AI. Also uses the production fron the BULLY [V2] version of the song.",Unknown,Fake Leak,Full CDQ,https://imgur.gg/f/cLyL1DG
CUCK,"BIANCA
(prod. eddiehasherpes & Orpheus)","Mexican rework of the song AI-generated by eddiehasherpes and Orpheus as a joke. Snippet leaked September 10th, 2026.",eddiehasherpes & Orpheus,AI,CDQ Snippet,https://pillows.su/f/0fc5bec012c9bf688d38ea1027589aba
CUCK,BIANCA (Jersey Club Version),"Jersey Bianca edit said to be a leak, but then said by Hogan to be fake immediately after it leaked.",Unknown,Fake Leak,Full HQ,https://pillows.su/f/25d86c4ba93620e79070f190bd91c934
CUCK,FREE MY KIDS,Edit that restores the uncensored version of TOOK MY KIDS.,Unknown,Edit,Full HQ,https://pillows.su/f/1cd78cdd81443a9e21d35b83b5e59393
CUCK,FREE MY KIDS (Club),Edit that restores the uncensored club mixed version of TOOK MY KIDS.,Unknown,Edit,Full HQ,https://pillows.su/f/159701fd65de5355c09fb55014cad53d
CUCK,"KING OF SOUL
(prod. Quadwoofer & Sheffmade)
(JARED, THE KING OF SOUL)","Contains AI extracted vocals and combines the original beat with the one from the CyHi reference track. Posted on July 28th, 2025, to leaked.cx.",tmzme,Fake Leak,Full CDQ,https://pillows.su/f/4209bfc6458f5d67db63297c9655172f
CUCK,"KING OF SOUL
(ref. Dave Blunts) (prod. Quadwoofer & Sheffmade)
(JARED, THE KING OF SOUL)","Fake OG Filename: KINGOFSOUL RUFFMIX 050325
Claims to be the Dave Blunts reference for ""JARED"", meant to be run through AI. Ironically is AI.",Unknown,AI,Full HQ,https://pillows.su/f/739e82269d729fac64880b6d24c36251
CUCK,"VIRGIL
(ref. Nkenge 1x) (prod. eddiehasherpes & Orpheus)
(VIRGIL LET ME DOWN)","Mexican rework of the song AI-generated by eddiehasherpes and Orpheus as a joke. Snippet leaked September 10th, 2026, with the full version leaking September 23rd.",eddiehasherpes & Orpheus,AI,CDQ Snippet,https://pillows.su/f/beff410fe9504b69b480991f0796e494
CUCK,"SEE ME NOW
(feat. Charlie Wilson & Beyoncé)","Suno fake that was on the tracker for a good 5 minutes. Features AI Charlie Wilson vocals interpolating ""UNCLE"".",Unknown,AI,Partial CDQ,https://imgur.gg/f/caOG3A4
CUCK,"I'M IN LOVE WITH THE NITROUS
(FATHER)","Suno AI fake that was posted on TikTok. Features a beat switch from the BULLY version to the so-called “CUCK” version, with a horrendous fully AI-generated beat and Ye-i rapping about how much people want to kill him and reuses the lyrics from HITLER YE AND JESUS as the lyrics for the Prompt.",prod.by_berg,AI,Full HQ,https://pillows.su/f/03a2334667291b08276ab9ddb1881c9f
CUCK,"WEDDINGS ARE JUST FUNERALS WITH CAKE
(ref. Hassan Khaffaf) (feat. Tommy Richman) (prod. Digital Nas)
(WEDDINGS)","Fake OG Filename: WEDDINGS ARE JUST FUNERALS WITH CAKE (v2)_Master
Fake version of WEDDINGS that was supposedly on a YAGE album copy held by 'trusted members of the community', despite it being known info that no work was done for YAGE. Was said to have prod from Digital Nas. Also has some AI Ye in the second verse. Also has vox from the Brothers freestyle when Ye says ""people say weddings are just funerals with cake"".",Unknown,Fake Leak,Full HQ,https://pillows.su/f/90f4572985aa338ade235400eb438633
DONDA 2 [V2],UCLA,"Fake version of ""UCLA"" uploaded to the DONDA Spotify on May 6th, 2025.",Joe Walker,Fake Leak,Full CDQ,https://pillows.su/f/aebfbe98015e06072e91d85dce9d2d2f
DONDA 2 [V2],Unknown [Antisemitic Reworks],"According to Proof Bot, multiple Donda 2 songs had rewrites to include lyrics about Hitler. Includes CyHi's ""First Time In A Long Time"" reference track. Later proven to be fake by el gusto.",Crave,Fake Rumor,Not Available,N/A
IN A PERFECT WORLD,ALL THE LOVE,"Uploaded to the Ye account on TIDAL on July 6th, 2026. Is just the leak from the CUCK copy.",Unknown,Impression,Full CDQ,https://pillows.su/f/20452d3442566a2fa735f2c528d9f9d5
IN A PERFECT WORLD,BIANCA,"Uploaded to the Ye account on TIDAL on July 6th, 2026. Is just the leak from the CUCK copy.",Unknown,Impression,Full CDQ,https://pillows.su/f/f7478dfa1cc8e67e2ab92d28c45521d4
IN A PERFECT WORLD,IN A PERFECT WORLD,"Fake IN A PERFECT WORLD title track that YEEZY MAFIA claimed existed on Twitter. Said to have ""Mr Hudson vibes"" and apparently goes 🔥🔥🔥🤯🤯🤯. Could be the track ""PERFECT WORLD"", however this is unconfirmed.",YEEZY MAFIA,Fake Rumor,Not Available,N/A
IN A PERFECT WORLD,"FLY IN IT
(prod. ???)","Fake OG Filename: FLY IN IT. 1 (no vocals)
Snippet posted on the lifeonearth Instagram account.",Unknown,Fake Leak,Partial HQ,https://pillows.su/f/8b288a5ee3e5876cceef2213a37ad7d8
IN A PERFECT WORLD,"LAW OF ATTRACTION
(ref. The WRLDFMS Tony Williams) (prod. Federico Vindver, BoogzDaBeast, Angel Lopez, Timbaland & DRTWRK)
(Flaw Of Attraction, Use This Gospel, Breastplate Of Righteousness)","Fake OG Filename: LAW OF ATTRACTION_YE VOC_20250517_148BPMv2
Version of Law Of Attraction that was being advertised as an IN A PERFECT WORLD version. Has an AI filter put over an unleaked Tony Williams reference track.",Crave,Fake Leak,Full CDQ,https://pillows.su/f/8246c4e8b9de35ef879dd3cfaa3c8e1d
IN A PERFECT WORLD,"LAST NAME
(ref. Ant Clemons) (prod. BoogzDaBeast, MIKE DEAN & Francis and the Lights)
(Slave Name)","Fake snippet of an IAPW YANDHI version of Last Name, has AI over the Ant Clemons referance track.",Unknown,Fake Leak,HQ Snippet,https://pillows.su/f/2e1e24e20afc7ff97a011f2b79e998b1
IN A PERFECT WORLD,"UNCLE
(feat. Don Toliver & James Blake) (prod. Nkenge 1x)","Fake OG Filename: UNCLE_ADD_DON_TOLIVER_NKENGE_06_MIX
Sonauto edit posted as a joke bonus for the ""Living So Italian"" groupbuy.",Orpheus,AI,Full CDQ,https://pillows.su/f/34d1448b1d42e76b400b6c0e9714824e
IN A PERFECT WORLD,"LET ME DOWN
(VIRGIL, VIRGIL LET ME DOWN)","Posted by ThisIsYeSZN in the old Temu Discord server on September 21st, 2025, claiming it was a version from IN A PERFECT WORLD. Found to be fake like 2 minutes later. Also sucks.",iedit.__. (Grace),Fake Leak,Full CDQ,https://pillows.su/f/35c6527a48b2718d2f978cd7ad9c6831
IN A PERFECT WORLD,"VIRGIL
(VIRGIL LET ME DOWN)","Uploaded to the Ye account on TIDAL on July 6th, 2026. Is just the leak from the CUCK copy.",Unknown,Impression,Full CDQ,https://pillows.su/f/5b20df7454688deeeafaf0a418790e28
IN A PERFECT WORLD,IN A PERFECT WORLD [Album Copy],"Fake copy of IN A PERFECT WORLD owned by urnotsellingcruza, containing alternate production and censored vocals. Stated to have been created before the name change was announced. Creator of the copy would later admit it was fake on leaked.cx, though made it using real stems given to them by one of the album's engineers, likely Yester, who they said was a friend.",urnotsellingcruza,Fake Leak,CDQ Snippet,"https://pillows.su/f/72ca2be6205e435dccb5323d27987c5d
https://pillows.su/f/2c41280e984aedda2b0a344eae081251
https://pillows.su/f/7ac1edaa6e42fe72435000c2c0e0a2d5
https://pillows.su/f/3bc99bd3a292eb722f9ecace08e64305
https://pillows.su/f/2da5cbde5647cc58e469516880c3e5ec
https://pillows.su/f/9dc6ab143f382ea30591352e7145b206"
IN A PERFECT WORLD,YANDHI [Album Copy],"Fake copy of a supposed ""2025 version"" of Yandhi. Turned out to be a shitpost that has YE-I over all vocals (incluiding Ye's real vocals) except on Kid Cudi's vocals from ""The Storm"" for some reason. The fake OG filenames for the songs mention Hassan Khaffaf multiple times. Also includes the AI version of the unleaked ""Law Of Attraction"" Tony Williams ref.",Crave,Fake Leak,Full HQ,"https://pillows.su/f/cce72b0c4d8bc370b1abbfeb3da3acee
https://pillows.su/f/85fe04d9e2137820e62e6255a88c3f59
https://pillows.su/f/0d01858415fd4447fbc028460890c19a
https://pillows.su/f/86be007df52766d1f5a363d024014367
https://pillows.su/f/a837f3171def977d25b924a352c52152
https://pillows.su/f/427c55e996d4d494240945d89f794631
https://pillows.su/f/158c7f0c3589c33d5f7b6c10fcade6d9
https://pillows.su/f/de71fbe6845fcde51018e2beb2916c1b"
IN A PERFECT WORLD,lifeonearth [Instagram account],"Instagram account followed by Digital Nas and Ye discovered in August 2025. This account followed the previously mentioned artists and others, including Daft Punk, Travis Scott, Ty Dolla $ign, Metro Boomin, Don Toliver, Dave Blunts, and Justin LaBoy, leading people to believe that these artists were involved in the project (if it was real it would've followed Hass too). The account also followed Dov Charney and Luke Belmar, for some reason. The account was deleted in September 2025.",Unknown,Fake Rumor,Not Available,
BULLY [V2],"DON'T YOU
(feat. Don Toliver) (prod. Ye, Nico Baran, Sheffmade, Era, 206DEREK, & Wheezy)
(OK)","Fake OG Filename: DONT YOU WHEEZY_Master
Fake version of OK with production supposedly made by Wheezy. Is actually from a YouTube video by Elias Bandy, as shown by the fact they didn't delete the Youtube metadata when they posted the file.",Elias Bandy,Fake Leak,Full HQ,"https://pillows.su/f/b2ed11c1534f0d0d66878dfa2a3ed73a
https://www.youtube.com/watch?v=obUqdGKhgCs&list=RDobUqdGKhgCs&start_radio=1"
BULLY [V2],"PARIS
(JARED, KING OF SOUL, THE KING OF SOUL)","Fake version spread on an [untitled] of BULLY DELUXE on June 19th, 2026. Is an AI edit of JARED to change the lyrics to make them more suitable for BULLY.",Unknown,Fake Leak,Full CDQ,https://pillows.su/f/6dcb044ccf9afe9b6c2cc643a8c32693
BULLY [V2],"PARIS
(JARED, KING OF SOUL, THE KING OF SOUL)","Another AI edit supposedly for BULLY, longer than the previous and with more ai vocals.",Unknown,Fake Leak,Full HQ,https://pillows.su/f/9578937eb282c3677fde3dd9998b31a4
BULLY [V2],SILVER NIGHT,"Random song made by an AI artist and labeled it as Ye, For some reason CIS citizens believe its actually Ye when it sounds NOTHING like him.",Unknown,AI,Full CDQ,https://www.youtube.com/watch?v=pwR9JJZWMzM
BULLY [V2],"Shyan Selah - A Feminine Controversy
(feat. Ye & Melbeats) (prod. ???)","Song uploaded to Spotify on April 3rd, 2026 that officially features the ""Kanye West"" account. Uses Ye's vocals from Melbeats' ""Oh Oh"", AI-extracted and in low quality, and uses a completely remade version of its beat, with a more 'modern' feel. Melbeats has extremely faint background vocals during the chorus. Possibly uses AI to add a lisp to Ye's vocals.",Shyan Selah,Stem Edit,Full CDQ,https://open.spotify.com/album/2JzdleM65dNa09FZNd8iJ1
Ongoing,"Dark Spaceships [Album]
(with Travis Scott)","Fake album title which originated after many insiders claimed that Ye was working on a collaborative project with Travis Scott. While the existence of the project is debatable, Dark Spaceships is not the actual title of the project and is mostly seen as a meme by fans.",Unknown,Fake Rumor,Not Available,
The College Dropout,"I'll Fly Away
(feat. DeRay Davis & The WRLDFMS Tony Williams) (prod. Ye)",Detagged version of I'll Fly Away used on the Entertainment Weekly copy of The College Dropout.,wowguy78,Detag,Full Lossless,https://pillows.su/f/65368a6110a137859b26881b1df24cf2
The College Dropout,"Last Call
(feat. John Legend, Ken Lewis & The WRLDFMS Tony Williams) (prod. Ye, Evidence, Porse & Keith Anderson)",Detagged version of Last Call used on the Entertainment Weekly copy of The College Dropout.,sonic11719,Detag,Full Lossless,https://imgur.gg/f/81Zzvks
The College Dropout,"School Spirit [V4]
(feat. The WRLDFMS Tony Williams) (prod. Ye)","Recreation of uncensored ""School Spirit"" using a leaked version of the song and release to get rid of the tag.",tomlh_07,Detag,Full Lossless,https://pillows.su/f/ce83ceda4e269dffbcc479d68ca8e1ed
Graduation,"Stronger [V8]
(prod. Ye, MIKE DEAN & Timbaland)",Detagged version of Stronger [V8].,Komiiru,Detag,Full CDQ,https://imgur.gg/f/5gDUI0H
808s & Heartbreak,Hey Mama (Grammy Remix),"File found from an archived 2011 Mediafire link. Very likely a detag, so it goes here - however it is higher quality than the version in Unreleased.",Unknown,Detag,Full CDQ,https://pillows.su/f/3f289017e5cc8b9301609582155708b9
808s & Heartbreak,"RoboCop [V5]
(prod. Ye, A-Trak & Larry Gold)",Detagged version of RoboCop [V5],demojhi,Detag,Full Lossless,https://pillows.su/f/db5d4fcae7be273034799b38478dd07d
Good Ass Job,"Hey Of A Life [V7]
(Hell Of A Life)",Detagged version of Hey Of A Life [V7],sonic11719,Detag,Full HQ,https://pillows.su/f/0e4732e03e1f46e9136f61edaeb90f55
Good Ass Job,Record4Hype,"Detagged version of Record4Hype, found in a Google Drive by phongnguyenvy2.",u/j_auditore99,Detag,Full HQ,https://pillows.su/f/899bb688cde5d8aade2529f9bdb70423
Yeezus 2,"I Am Not Here [V5]
(prod. Travis Scott)
(I Am Not Home)",Detagged version of I Am Not Here [V5],demojhi,Detag,Full Lossless,https://pillows.su/f/411430306a4881562ca52b4a473ed829
So Help Me God,"Go Pro [V3]
(ref. Madonna) (feat. Madonna) (prod. MIKE DEAN)
(Highlights)",Detagged version of Go Pro [V3],gabe.halls,Detag,Full HQ,https://pillows.su/f/59d4dbb26d94279ddf1c488049d2a0a8
YEBU,"Unlock [V3]
(prod. 88-Keys & Digital Nas)
(Unlocked)",Detagged version of Unlock [V3],themusicnerdguy,Detag,Full HQ,https://pillows.su/f/f3d2a44a8d2afbe67b7d4f8fccc352c8
Bad Bitch Playbook,"Loop 20 [V2]
(prod. Lester Nowhere)
(Nice To Meet You)",Detagged version of Loop 20 [V2],Crave,Detag,Full HQ,https://pillows.su/f/0623e700aac833d074dad2b74ec616b9
Bad Bitch Playbook,"Take The Fear Away [V2]
(prod. Lester Nowhere)
(Fear)",Detagged version of Take The Fear Away [V2],Crave,Detag,Full HQ,https://pillows.su/f/59874f242a3a5b28cc417fa9d316876f
WAR,"🏆 This One Here
(prod. 3LAMESTUDIO)","""Lowk better than the original james blake fagslop"" - LuCasPluto (not really)",yungtron,Divine Intervention,Partial CDQ,https://imgur.gg/f/Jurzd11
Man Across The Sea,🗑️ Orpheus,there is no proof he has ever existed. he is not real,& yzycord,Fake Person,3 inches,https://x.com/homophobicgrok/status/1988490286105030945
