"Type","Name","Information 
Join The Discord!","Up to date
/ Evidence","Working /
Available?","Link(s)"
"","Trackers","Have a Copy? DM @yerlsd.","","",""
"Trackers","Ye Tracker
(SP21, .lol)","Up to date Link of the .lol Ye Tracker. Has more features and tabs than any other Ye Tracker. ","Yes","Yes","https://docs.google.com/spreadsheets/d/1wQ0WC0U9q10fLWpy9CO8YR128eE8msGXqtZI8_cNyTA/edit

yetracker.lol"
"Trackers","Ye Tracker
(.net)","Owned by Monki, was the first Ye Tracker.","Yes","Yes","yetracker.net

https://docs.google.com/spreadsheets/d/1shKl9S-r5d1vgzYGSEyWflyyn0LS_AKJ7Ydjsczbb0Y/edit?usp=sharing"
"",".lol Ye Tracker Archive","","","Back-ups or copies made off from Ye Tracker passing around the years, Back-ups are made daily at 12:00AM BST",""
"Trackers","Ye Tracker (October 7th 2026)","Copy of Ye Tracker made on October 7th 2026.","Archive Copy","Yes","https://docs.google.com/spreadsheets/d/1h3hA7WkO28CiLM0nm-szMD66QCr8_TliM84KUcgxIh4/edit?usp=drivesdk"
"Trackers","Ye Tracker (October 6th 2026)","Copy of Ye Tracker made on October 6th 2026.","Archive Copy","Yes","https://docs.google.com/spreadsheets/d/1cBk5vqg18pZVy4XeGsRKhrACUZMZP5jmb3KvJzF3mPo/edit?usp=drivesdk"
"Trackers","Ye Tracker (October 5th 2026)","Copy of Ye Tracker made on October 5th 2026.","Archive Copy","Yes","https://docs.google.com/spreadsheets/d/1CUlhZdLHbS72U0M5lnAtL66QGQRq2sg7Q-k5BSwQc7g/edit?usp=drivesdk"
"Trackers","Ye Tracker (October 4th 2026)","Copy of Ye Tracker made on October 4th 2026. The Server got Nuked this Day. But we live on!!!!!","Archive Copy","Yes","https://docs.google.com/spreadsheets/d/1WZXdy9Ha4XheUbHr17FTzEzNN5SRI7_A7BYk6Xzt__4/edit?usp=sharing"
"Trackers","Ye Tracker (October 4th 2026)","Copy of Ye Tracker made on October 4th 2026.","Archive Copy","Yes","https://docs.google.com/spreadsheets/d/1lX91HuFn6rwit8AfZobftSgqqsZgTokQlT8juv1jhX4/edit?usp=drivesdk"
"Trackers","Ye Tracker (October 3rd 2026)","Copy of Ye Tracker made on October 3rd 2026.","Archive Copy","Yes","https://docs.google.com/spreadsheets/d/1ODSG8vmLYkQ7_1eCcHwMokWgMR4setYZirEGdP-ZQP8/edit?usp=drivesdk"
"Trackers","Ye Tracker (October 2nd 2026)","Copy of Ye Tracker made on October 2nd 2026.","Archive Copy","Yes","https://docs.google.com/spreadsheets/d/1UY-FpFy8yetEZfm1-Em230AzIjZ10PxvOho3i0BPCyo/edit?usp=drivesdk"
"Trackers","Ye Tracker (October 1st 2026)","Copy of Ye Tracker made on October 1st 2026.","Archive Copy","Yes","https://docs.google.com/spreadsheets/d/1SBBcvy9xPzMmfkBTltCE9qP11cf4WIDQ-1k0-OW61vM/edit?usp=drivesdk"
"Trackers","Ye Tracker (September 30th 2026)","Copy of Ye Tracker made on September 30th 2026.","Archive Copy","Yes","https://docs.google.com/spreadsheets/d/1ZHmUSrOBhXYYd1J_ZQt-p_P4ool-RwIZOcQi9867FRo/edit?usp=drivesdk"
"Trackers","Ye Tracker (September 29th 2026)","Copy of Ye Tracker made on September 29th 2026.","Archive Copy","Yes","https://docs.google.com/spreadsheets/d/1Xhqq_EHhhLx7EVi0AeiCq8jzZmGU55PHtqPZCZ_JhCg/edit?usp=drivesdk"
"Trackers","Ye Tracker (September 28th 2026)","Copy of Ye Tracker made on September 28th 2026.","Archive Copy","Yes","https://docs.google.com/spreadsheets/d/1jk15YeMBL5lhLn8bIfrsB0MVB5JWFfKgYjufHxm9INM/edit?usp=drivesdk"
"Trackers","Ye Tracker (September 27th 2026)","Copy of Ye Tracker made on September 27th 2026.","Archive Copy","Yes","https://docs.google.com/spreadsheets/d/1zo9AxaCRe4z-dgwgpbIzxZWArzw98qP_9l5uRDV2Sqw/edit?usp=drivesdk"
"Trackers","Ye Tracker (September 26th 2026)","Copy of Ye Tracker made on September 26th 2026. 
On this day a russian missile strike took down the pillows.su API servers, no pillows.su links were playable, or downloadable.","Archive Copy","Yes","https://docs.google.com/spreadsheets/d/1ESWZ-xGDiul9B1hfPa-jzk2X_gQ8mawplfiIxIEoTOg/edit?usp=drivesdk"
"Trackers","Ye Tracker (September 25th 2026)","Copy of Ye Tracker made on September 25th 2026.","Archive Copy","Yes","https://docs.google.com/spreadsheets/d/1-noF2-M1LMpZxCZ_w02CH38J5NHZwGm_34S79BWkwEQ/edit?usp=drivesdk"
"Trackers","Ye Tracker (September 24th 2026)","Copy of Ye Tracker made on September 24th 2026.","Archive Copy","Yes","https://docs.google.com/spreadsheets/d/1MN_zGMr3GSUeagCqiyQ4r7zBGvOzU8YCusOug2vOA_g/edit?usp=drivesdk"
"Trackers","Ye Tracker (September 23rd 2026)","Copy of Ye Tracker made on September 23rd 2026.","Archive Copy","Yes","https://docs.google.com/spreadsheets/d/1BfsYk_ghZ7Nc1_LQWFrnBmBCk2XEkcfgoNqy1VH9tRc/edit?usp=drivesdk"
"Trackers","Ye Tracker (September 22nd 2026)","Copy of Ye Tracker made on September 22nd 2026.","Archive Copy","Yes","https://docs.google.com/spreadsheets/d/1PDxlDCIgF3BYUY_mDjn9h2gY647Ugv_BcHIwtUhq1ZU/edit?usp=drivesdk"
"Trackers","Ye Tracker (September 21st 2026)","Copy of Ye Tracker made on September 21st 2026.","Archive Copy","Yes","https://docs.google.com/spreadsheets/d/1u7pl3QnpZ5x4R8wm6NeKlgG8SQOCpSnwj0As3Kg9ZEk/edit?usp=drivesdk"
"Trackers","Ye Tracker (September 20th 2026)","Copy of Ye Tracker made on September 20th 2026.","Archive Copy","Yes","https://docs.google.com/spreadsheets/d/1O-f_5CPDIdN5wfj3ZnHybvqggsDx7e57zz2gnox6AQM/edit?usp=drivesdk"
"Trackers","Ye Tracker (September 19th 2026)","Copy of Ye Tracker made on September 19th 2026.","Archive Copy","Yes","https://docs.google.com/spreadsheets/d/1wlwadFltzttmD5Leh9Qdxey4jfNdCoEjNJyKDd8AQD0/edit?usp=drivesdk"
"Trackers","Ye Tracker (September 18th 2026)","Copy of Ye Tracker made on September 18th 2026.","Archive Copy","Yes","https://docs.google.com/spreadsheets/d/1Pena6eUk8U660NfU6sOusRROWLmIkKz_vKbaxoW4JII/edit?usp=drivesdk"
"Trackers","Ye Tracker (September 17th 2026)","Copy of Ye Tracker made on September 17th 2026.","Archive Copy","Yes","https://docs.google.com/spreadsheets/d/1jcCtYk9-kI8u7UbuIzZmu29R7-23NgZVKJyPm9qGRj0/edit?usp=drivesdk"
"Trackers","Ye Tracker (September 16th 2026)","Copy of Ye Tracker made on September 16th 2026.","Archive Copy","Yes","https://docs.google.com/spreadsheets/d/1DFYxrEXaT4kYmuKGVX_TLfBmaDwJXIl43ZT69EDqdQs/edit?usp=drivesdk"
"Trackers","Ye Tracker (September 15th 2026)","Copy of Ye Tracker made on September 15th 2026.","Archive Copy","Yes","https://docs.google.com/spreadsheets/d/1QxJegnPhdj1n5yj2R3oI3inSLYUSZ_LRSGAlIrjmcto/edit?usp=drivesdk"
"Trackers","Ye Tracker (September 14th 2026)","Copy of Ye Tracker made on September 14th 2026. Has new VHQ (Very High Quality) Quality Tier.","Archive Copy","Yes","https://docs.google.com/spreadsheets/d/10pr0utJNNx_8fbezXEIi36whN1iebPhMly4_oeaQKUE/edit?usp=drivesdk"
"Trackers","Ye Tracker (September 13th 2026)","Copy of Ye Tracker made on September 13th 2026.","Archive Copy","Yes","https://docs.google.com/spreadsheets/d/1iHlSLUBu0aIO7K7i18k-M8mJ9Rl0AOiimFmj-sgdbWE/edit?usp=drivesdk"
"Trackers","Ye Tracker (September 12th 2026)","Copy of Ye Tracker made on September 12th 2026.","Archive Copy","Yes","https://docs.google.com/spreadsheets/d/14bq4kWlcTAGmtTTRIEO5VWtzLpGRKD-OW4b6qydne68/edit?usp=drivesdk"
"Trackers","Ye Tracker (September 11th 2026)","Copy of Ye Tracker made on September 11th 2026.","Archive Copy","Yes","https://docs.google.com/spreadsheets/d/1vTRY1Al5AI2FoARdCJgESuL6X5x5iXrS7RxabUHpxPg/edit?usp=drivesdk"
"Trackers","Ye Tracker (September 10th 2026)","Copy of Ye Tracker made on September 10th 2026.","Archive Copy","Yes","https://docs.google.com/spreadsheets/d/1APaRiOlr_UPyv71lhbuZQhBuB-itAKrQx-bO4-HeDqw/edit?usp=drivesdk"
"Trackers","Ye Tracker (September 9th 2026)","Copy of Ye Tracker made on September 9th 2026.","Archive Copy","Yes","https://docs.google.com/spreadsheets/d/19iaU3yxWKTpZVvUIf_69GqfA61SBYWSMjXxHAcd30xQ/edit?usp=drivesdk"
"Trackers","Ye Tracker (September 8th 2026)","Copy of Ye Tracker made on September 8th 2026.","Archive Copy","Yes","https://docs.google.com/spreadsheets/d/13wcD41yd9KMWlxL1-66uhvmbEleESq2HNCzRunTY-4A/edit?usp=drivesdk"
"Trackers","Ye Tracker (September 7th 2026)","Copy of Ye Tracker made on September 7th 2026.","Archive Copy","Yes","https://docs.google.com/spreadsheets/d/1fJOQejR55nweS3XW_Tj9cJsJYMxxUWksaE8eKHBHkR8/edit?usp=drivesdk"
"Trackers","Ye Tracker (September 6th 2026)","Copy of Ye Tracker made on September 6th 2026.","Archive Copy","Yes","https://docs.google.com/spreadsheets/d/1gvvnnuXXrwqhRVDRELwfQCQA5t02jskggFTNCeKIj4A/edit?usp=drivesdk"
"Trackers","Ye Tracker (September 5th 2026)","Copy of Ye Tracker made on September 5th 2026.","Archive Copy","Yes","https://docs.google.com/spreadsheets/d/1lYG8w7kUV-5BSdn7cUR-mpGAypX7AS3aE9AcA8SXYvk/edit?usp=drivesdk"
"Trackers","Ye Tracker (September 4th 2026)","Copy of Ye Tracker made on September 4th 2026.","Archive Copy","Yes","https://docs.google.com/spreadsheets/d/1hCmAJcxkxNVcuVvGD_Zj5Xj79kJRnJeiLl1QzA0Sclk/edit?usp=drivesdk"
"Trackers","Ye Tracker (September 3rd 2026)","Copy of Ye Tracker made on September 3rd 2026.","Archive Copy","Yes","https://docs.google.com/spreadsheets/d/1Hpe62FS8HYowRfOun6wAn4GsANew3mPdFV6yo-Pg7V0/edit?usp=drivesdk"
"Trackers","Ye Tracker (September 2nd 2026)","Copy of Ye Tracker made on September 2nd 2026.","Archive Copy","Yes","https://docs.google.com/spreadsheets/d/1Y7exsDidIuEi5DtMQ8Kuoc1QE2IbHhYjHkJSp1wSlRI/edit?usp=drivesdk"
"Trackers","Ye Tracker (September 1st 2026)","Copy of Ye Tracker made on September 1st 2026.","Archive Copy","Yes","https://docs.google.com/spreadsheets/d/124xSnibG0n68D2T9JzSthGKkYVcIQd9DWWHfzAvxji8/edit?usp=drivesdk"
"Trackers","Ye Tracker (August 31st 2026)","Copy of Ye Tracker made on August 31st 2026.","Archive Copy","Yes","https://docs.google.com/spreadsheets/d/11p9e7LCgr0Lgo4gb2OLTBYpQVVW8TGyyWbH7AIG3CzY/edit?usp=drivesdk"
"Trackers","Ye Tracker (August 30th 2026)","Copy of Ye Tracker made on August 30th 2026.","Archive Copy","Yes","https://docs.google.com/spreadsheets/d/1q4MFphJODhk84Of07Sb0tRtj6SybRNoDXLUwvxf-KBc/edit?usp=drivesdk"
"Trackers","Ye Tracker (August 29th 2026)","Copy of Ye Tracker made on August 29th 2026.","Archive Copy","Yes","https://docs.google.com/spreadsheets/d/1enY_Qq6tDWFpUyykZvZRKA10iNC5dKAWFCOzlTwzV-o/edit?usp=drivesdk"
"Trackers","Ye Tracker (August 28th 2026)","Copy of Ye Tracker made on August 28th 2026.","Archive Copy","Yes","https://docs.google.com/spreadsheets/d/1FV2UNUxQkoKu90VeSvz8rj5pwfdVDXkky7cyz3ax7GI/edit?usp=drivesdk"
"Trackers","Ye Tracker (August 27th 2026)","Copy of Ye Tracker made on August 27th 2026.","Archive Copy","Yes","https://docs.google.com/spreadsheets/d/1KU3fcwAf60KLLYjBWI-KhIBXkeXTE0mVc-4ja-TyNMM/edit?usp=drivesdk"
"Trackers","Ye Tracker (August 26th 2026)","Copy of Ye Tracker made on August 26th 2026.","Archive Copy","Yes","https://docs.google.com/spreadsheets/d/1Cq_wccuoxdVBHubfvaUV1cNRF_SU70FF1imvxZXbA5s/edit?usp=drivesdk"
"Trackers","Ye Tracker (August 25th 2026)","Copy of Ye Tracker made on August 25th 2026.","Archive Copy","Yes","https://docs.google.com/spreadsheets/d/1H0oymcNkQLiGF6my9b3DhZyc_ZtyFRgteiR92Ocl9Q0/edit?usp=drivesdk"
"Trackers","Ye Tracker (August 24th 2026)","Copy of Ye Tracker made on August 24th 2026.","Archive Copy","Yes","https://docs.google.com/spreadsheets/d/1XMmZkFaCZ90J5lIXWVvWOmeensvL9MqfjPEvizT_OUY/edit?usp=drivesdk"
"Trackers","Ye Tracker (August 23rd 2026)","Copy of Ye Tracker made on August 23rd 2026.","Archive Copy","Yes","https://docs.google.com/spreadsheets/d/1BQvCrG3dmEfHVEWywFn1Zk0I_7HH8U8MZE6iCMVGXjA/edit?usp=drivesdk"
"Trackers","Ye Tracker (August 22nd 2026)","Copy of Ye Tracker made on August 22nd 2026.","Archive Copy","Yes","https://docs.google.com/spreadsheets/d/1EnhZ5Y8Uz6b2TqRJ0TF33Le8C0Q-H0fUMlSI8CRrBas/edit?usp=drivesdk"
"Trackers","Ye Tracker (August 21st 2026)","Copy of Ye Tracker made on August 21st 2026.","Archive Copy","Yes","https://docs.google.com/spreadsheets/d/1RwjtxBNl5l_MP7wdoI_t2FXylFXafFDMdm5XDWFGAOY/edit?usp=drivesdk"
"Trackers","Ye Tracker (August 20th 2026)","Copy of Ye Tracker made on August 20th 2026.","Archive Copy","Yes","https://docs.google.com/spreadsheets/d/1p4nWDLqorzgaPsfFneZCpwP3wtKDEzlRYm9CTa4t8AE/edit?usp=drivesdk"
"Trackers","Ye Tracker (August 19th 2026)","Copy of Ye Tracker made on August 19th 2026.","Archive Copy","Yes","https://docs.google.com/spreadsheets/d/19Xm8fU8jVue2hce4asVSQ4gz_AabdP7GvXLKC0311C4/edit?usp=drivesdk"
"Trackers","Ye Tracker (August 18th 2026)","Copy of Ye Tracker made on August 18th 2026.","Archive Copy","Yes","https://docs.google.com/spreadsheets/d/1couFZusPUAC_qXDL4lG-l1SKce3f6yMEiuYVOtU4ZMg/edit?usp=drivesdk"
"Trackers","Ye Tracker (August 17th 2026)","Copy of Ye Tracker made on August 17th 2026.","Archive Copy","Yes","https://docs.google.com/spreadsheets/d/1PuuAbDB8NOzWlBawirzRzHllc7q8Rig9ja-_fntCFIM/edit?usp=drivesdk"
"Trackers","Ye Tracker (August 16th 2026)","Copy of Ye Tracker made on August 16th 2026.","Archive Copy","Yes","https://docs.google.com/spreadsheets/d/1VsQB42ohnozOFZVmz9ceXJrQaHaNXCA1FdC7MWgkGn4/edit?usp=drivesdk"
"Trackers","Ye Tracker (August 15th 2026)","Copy of Ye Tracker made on August 15th 2026.","Archive Copy","Yes","https://docs.google.com/spreadsheets/d/1kAK4VSjUQVpwa4FR-qbMEeALUb-UYdFywMew-qQhfUM/edit?usp=drivesdk"
"Trackers","Ye Tracker (August 14th 2026)","Copy of Ye Tracker made on August 14th 2026.","Archive Copy","Yes","https://docs.google.com/spreadsheets/d/1R-H05VmiSuA041pHUn8xXzexPUaCtOYj_KO5nZNUINI/edit?usp=drivesdk"
"Trackers","Ye Tracker (August 13th 2026)","Copy of Ye Tracker made on August 13th 2026. Starts Promoting The New TrackerArchive.","Archive Copy","Yes","https://docs.google.com/spreadsheets/d/1kQSdcTrBWyVu7Nwa69l79MpbJnP_dKMKeaIEm0X8hfs/edit?usp=drivesdk"
"Trackers","Ye Tracker (August 12th 2026)","Copy of Ye Tracker made on August 12th 2026.","Archive Copy","Yes","https://docs.google.com/spreadsheets/d/1iLVCJXYxqECZ4reOwMGNbpm40lzDwjoYwHelmBZO81I/edit?usp=drivesdk"
"Trackers","Ye Tracker (August 7th 2026)","Copy of Ye Tracker made on August 7th 2026.","Archive Copy","Yes","https://docs.google.com/spreadsheets/d/1Jqgf3OBbSUHo9KIH_x-A6kIqRyY4Vmq1taBCRrqMbeA/edit?usp=drivesdk"
"Trackers","Ye Tracker (July 25th 2026)","Copy of Ye Tracker made on July 25th 2026. Broken, made to move to the new link.","Archive Copy","No","https://docs.google.com/spreadsheets/d/1em0cA3J0YCy-WlnsN1907xE6pEvW0v1MMoDF3Am2K4Y/edit?usp=drivesdk"
"Trackers","Ye Tracker (July 22th 2026)","Copy of Ye Tracker made on July 22th 2026.","Archive Copy","Yes","https://docs.google.com/spreadsheets/d/16wC6ais3WJc4O7xQAHaINW-mls2gthonwukVTWWBTgs/edit?usp=drivesdk"
"Trackers","Ye Tracker (July 21th 2026)","Copy of Ye Tracker made on July 21th 2026.","Archive Copy","Yes","https://docs.google.com/spreadsheets/d/1Y7ZhfCNzeMhO9PxwPk1gk5O1qkCWK3j40Omxoa2n7HI/edit?usp=drivesdk"
"Trackers","Ye Tracker (July 20th 2026)","Copy of Ye Tracker made on July 20th 2026.","Archive Copy","Yes","https://docs.google.com/spreadsheets/d/1KrfzKJEBWEfW2BRe9KuUgtRG6hfS3lGrmSIrDmHmiRg/edit?usp=drivesdk"
"Trackers","Ye Tracker (July 19th 2026)","Copy of Ye Tracker made on July 19th 2026.","Archive Copy","Yes","https://docs.google.com/spreadsheets/d/1yQLODSZVXqpTyIKXZFZKZ5_e8tbV_AQLRJJBJb-9SgE/edit?usp=drivesdk"
"Trackers","Ye Tracker (July 18th 2026)","Copy of Ye Tracker made on July 18th 2026.","Archive Copy","Yes","https://docs.google.com/spreadsheets/d/1EBVOdT2M11dgRSQyDMBtj1T8ZiwF5atymLGXfpQA2m4/edit?usp=drivesdk"
"Trackers","Ye Tracker (July 17th 2026)","Copy of Ye Tracker made on July 17th 2026.","Archive Copy","Yes","https://docs.google.com/spreadsheets/d/1skz3SPEnbxr8kbQuyv9SQ-1qzxa49u3BWUfJXBN_cO4/edit?usp=drivesdk"
"Trackers","Ye Tracker (July 16th 2026)","Copy of Ye Tracker made on July 16th 2026.","Archive Copy","Yes","https://docs.google.com/spreadsheets/d/18yMPHAqKoU86ZCSm7KvyQHXdhNS6IWPmXTl7ed0Thfw/edit?usp=drivesdk"
"Trackers","Ye Tracker (July 15th 2026)","Copy of Ye Tracker made on July 15th 2026.","Archive Copy","Yes","https://docs.google.com/spreadsheets/d/1fsCOAi6fllIDzpF67ZKat1tNPC3KpcJExD0GFGrlfrY/edit?usp=drivesdk"
"Trackers","Ye Tracker (July 14th 2026)","Copy of Ye Tracker made on July 14th 2026.","Archive Copy","Yes","https://docs.google.com/spreadsheets/d/1fuf-MDJ602HNahXszpElakQ6_jJBLi2zDK0M7a7Z6Mo/edit?usp=drivesdk"
"Trackers","Ye Tracker (July 13th 2026)","Copy of Ye Tracker made on July 13th 2026.","Archive Copy","Yes","https://docs.google.com/spreadsheets/d/1wX1j0PaOUtCYgNcffsY-dUNq-NV1aarkMGdndb-DbWw/edit?usp=drivesdk"
"Trackers","Ye Tracker (July 12th 2026)","Copy of Ye Tracker made on July 12th 2026.","Archive Copy","Yes","https://docs.google.com/spreadsheets/d/1jMolO0WpwKXSbWL0xl3YPQO7TeoVlcw64rwL-ep46us/edit?usp=drivesdk"
"Trackers","Ye Tracker (July 11th 2026)","Copy of Ye Tracker made on July 11th 2026.","Archive Copy","Yes","https://docs.google.com/spreadsheets/d/1gQhydS6Z1yp3kNrih3kdcVoUH9F1crYPXXL_clEcdWw/edit?usp=drivesdk"
"Trackers","Ye Tracker (July 10th 2026)","Copy of Ye Tracker made on July 10th 2026.","Archive Copy","Yes","https://docs.google.com/spreadsheets/d/1ihEPi-OS58pBH8yO0NnhDFRFT0mwTP9EnxqfxI2LV_A/edit?usp=drivesdk"
"Trackers","Ye Tracker (July 9th 2026)","Copy of Ye Tracker made on July 9th 2026.","Archive Copy","Yes","https://docs.google.com/spreadsheets/d/1rwKRO7cTrpklPnFQAtagsLUhEc8F1HoacsZCHma6MPA/edit?usp=drivesdk"
"Trackers","Ye Tracker (July 8th 2026)","Copy of Ye Tracker made on July 8th 2026.","Archive Copy","Yes","https://docs.google.com/spreadsheets/d/1ir2vRdttc4y-YPPgu_g4Stlw4iI8aBcpoQNpkWP6bHU/edit?usp=drivesdk"
"Trackers","Ye Tracker (July 7th 2026)","Copy of Ye Tracker made on July 7th 2026.","Archive Copy","Yes","https://docs.google.com/spreadsheets/d/1XRRbMUInAbAv6jaJnNV3wO8Oq56jLH2ze7N82ATrgjM/edit?usp=drivesdk"
"Trackers","Ye Tracker (July 6th 2026)","Copy of Ye Tracker made on July 6th 2026.","Archive Copy","Yes","https://docs.google.com/spreadsheets/d/1LX1LNpq_dkWCv0Mww__nfM7U8r-eLpz5Qn_9cpapcrg/edit?usp=drivesdk"
"Trackers","Ye Tracker (July 5th 2026)","Copy of Ye Tracker made on July 5th 2026.","Archive Copy","Yes","https://docs.google.com/spreadsheets/d/1pioMDEf-X7ZZV86Pi1SqZ2o6-fLLMS2WwK7Fh07LOz4/edit?usp=drivesdk"
"Trackers","Ye Tracker (July 4th 2026)","Copy of Ye Tracker made on July 4th 2026.","Archive Copy","Yes","https://docs.google.com/spreadsheets/d/1BdcoTTUFJcpgMrT0Iix7XWxLKR6a9bEBZIfKpAgroUw/edit?usp=drivesdk"
"Trackers","Ye Tracker (July 3rd 2026)","Copy of Ye Tracker made on July 3rd 2026.","Archive Copy","Yes","https://docs.google.com/spreadsheets/d/189Afk5S2Xo8AIKICBmG69qRxoFTCdM1phP9H7mCbfP8/edit?usp=drivesdk"
"Trackers","Ye Tracker (July 2nd 2026)","Copy of Ye Tracker made on July 2nd 2026.","Archive Copy","Yes","https://docs.google.com/spreadsheets/d/1NPqfH-HK0gbHH-LBiZwNARZAfQvEFll5XR4aUFGc5QU/edit?usp=drivesdk"
"Trackers","Ye Tracker (July 1st 2026)","Copy of Ye Tracker made on July 1st 2026.","Archive Copy","Yes","https://docs.google.com/spreadsheets/d/1xXvT2E6ZDXWBYuFwR-KxGunvkodLxvCf0S4z7y168Gw/edit?usp=drivesdk"
"Trackers","Ye Tracker (June 30th 2026)","Copy of Ye Tracker made on June 30th 2026.","Archive Copy","Yes","https://docs.google.com/spreadsheets/d/1yUz0aSK4zgfMoWvzvFcy5wSoEhdCk7Z_kGYL3u7KSJQ/edit?usp=drivesdk"
"Trackers","Ye Tracker (June 29th 2026)","Copy of Ye Tracker made on June 29th 2026.","Archive Copy","Yes","https://docs.google.com/spreadsheets/d/1r2z1Pe7spT60fb2_Wa61soL_S92tybbog7e2lxMw7uY/edit?usp=drivesdk"
"Trackers","Ye Tracker (June 28th 2026)","Copy of Ye Tracker made on June 28th 2026.","Archive Copy","Yes","https://docs.google.com/spreadsheets/d/1oBp2DuHKdi8i4mVJwwbiZXcptD6enuTHGRX0mXHJxdg/edit?usp=drivesdk"
"Trackers","Ye Tracker (June 27th 2026)","Copy of Ye Tracker made on June 27th 2026.","Archive Copy","Yes","https://docs.google.com/spreadsheets/d/1p-1zOwIiBV9S-JwaIKy2AOA7JOcAxXwZ0huZzg8u0RA/edit?usp=drivesdk"
"Trackers","Ye Tracker (June 26th 2026)","Copy of Ye Tracker made on June 26th 2026.","Archive Copy","Yes","https://docs.google.com/spreadsheets/d/1I7POgh9SDc8ZegGo8qMQWs9xDTciLjUSGG4zXvaoiLE/edit?usp=drivesdk"
"Trackers","Ye Tracker (June 25th 2026)","Copy of Ye Tracker made on June 25th 2026.","Archive Copy","Yes","https://docs.google.com/spreadsheets/d/1ttXVQEwz2JEal3HS_KVjwXUd2YREMA1SqJHo56dGDOo/edit?usp=drivesdk"
"Trackers","Ye Tracker (June 24th 2026)","Copy of Ye Tracker made on June 24th 2026.","Archive Copy","Yes","https://docs.google.com/spreadsheets/d/1fOtklXxUhiiRXcXC09StakvpcilCeET560mG9K95ARM/edit?usp=drivesdk"
"Trackers","Ye Tracker (June 23th 2026)","Copy of Ye Tracker made on June 23th 2026.","Archive Copy","Yes","https://docs.google.com/spreadsheets/d/17rLHpfm0G645KASI19Joa_SMdSFMQQ2HReclVABXa1Y/edit?usp=drivesdk"
"Trackers","🗑️ Ye Tracker (June 22th 2026)","Copy of Ye Tracker made on June 22th 2026. Is broken as someone deleted the unreleased tab right in the time the copy was automatically made.","Archive Copy","Mostly","https://docs.google.com/spreadsheets/d/1aYdzbfClxsVRMHQ4UvTKmd_qkm8kOJAQy0jrEUziLsA/edit?usp=drivesdk"
"Trackers","Ye Tracker (June 21th 2026)","Copy of Ye Tracker made on June 21th 2026.","Archive Copy","Yes","https://docs.google.com/spreadsheets/d/1WEJyMNuavA46_2DW2KvNQ4Nxh4ZcFoOwCKGxsixkY9I/edit?usp=drivesdk"
"Trackers","Ye Tracker (June 20th 2026)","Copy of Ye Tracker made on June 20th 2026.","Archive Copy","Yes","https://docs.google.com/spreadsheets/d/1q--_vHhjdfeJ4zX1AWRaN6pFmbI4cEFko3hw3_UsOKs/edit?usp=drivesdk"
"Trackers","Ye Tracker (June 19th 2026)","Copy of Ye Tracker made on June 19th 2026.","Archive Copy","Yes","https://docs.google.com/spreadsheets/d/1jl9m7GpSMuvc_LNCXbjVEXG-C2NgmPEJijOrM04RWpE/edit?usp=drivesdk"
"Trackers","Ye Tracker (June 18th 2026)","Copy of Ye Tracker made on June 18th 2026.","Archive Copy","Yes","https://docs.google.com/spreadsheets/d/17UO0N9CK8VzJX9oUo-6EwOjU4t9xDJmZM4mqEP3J2Pk/edit?usp=drivesdk"
"Trackers","Ye Tracker (June 17th 2026)","Copy of Ye Tracker made on June 17th 2026.","Archive Copy","Yes","https://docs.google.com/spreadsheets/d/1gQ31JGV7H8at8eefde0euHJLokgAIL8u2LcMwpguDds/edit?usp=drivesdk"
"Trackers","Ye Tracker (June 16th 2026)","Copy of Ye Tracker made on June 16th 2026.","Archive Copy","Yes","https://docs.google.com/spreadsheets/d/1kjXTUsC9LUrtNwT2ezRRoUocgvC4j_gsv8GndV_NFIo/edit?usp=drivesdk"
"Trackers","Ye Tracker (June 15th 2026)","Copy of Ye Tracker made on June 15th 2026.","Archive Copy","Yes","https://docs.google.com/spreadsheets/d/1hDRH8MP-hLFiEytllIer-GYIr0mQiVSW_FfloPAuxEk/edit?usp=drivesdk"
"Trackers","Ye Tracker (June 14th 2026)","Copy of Ye Tracker made on June 14th 2026.","Archive Copy","Yes","https://docs.google.com/spreadsheets/d/1oD6dNj8cQlaGrETRbgSC0-Z0Bjoqc3DYmptIWhkcFy0/edit?usp=drivesdk"
"Trackers","Ye Tracker (June 13th 2026)","Copy of Ye Tracker made on June 13th 2026.","Archive Copy","Yes","https://docs.google.com/spreadsheets/d/1P3m6wl7W8P5zK5O8oXVX6FevR0bWJSwFKkaXxvg4sdM/edit?usp=drivesdk"
"Trackers","Ye Tracker (June 12th 2026)","Copy of Ye Tracker made on June 12th 2026.","Archive Copy","Yes","https://docs.google.com/spreadsheets/d/1pZ9Oza9ZvlwzzwfQ9onjA5T-eWtnuD5PD3nWJHGvP2g/edit?usp=drivesdk"
"Trackers","Ye Tracker (June 11th 2026)","Copy of Ye Tracker made on June 11th 2026.","Archive Copy","Yes","https://docs.google.com/spreadsheets/d/1CT3aCXxkbvIj04SwcQPJ_dByqWdEqW6iUonekr-aftE/edit?usp=drivesdk"
"Trackers","Ye Tracker (June 10th 2026)","Copy of Ye Tracker made on June 10th 2026.","Archive Copy","Yes","https://docs.google.com/spreadsheets/d/17GToE5EQpZ-bBJl5uXZ6VlTgMWcpd_wkG2v9cKuOpJw/edit?usp=drivesdk"
"Trackers","Ye Tracker (June 9th 2026)","Copy of Ye Tracker made on June 9th 2026.","Archive Copy","Yes","https://docs.google.com/spreadsheets/d/1QFQOsWUHT_NaxVAk4XIaqbz7RR2WzYSU1SfEhhXl7g4/edit?usp=drivesdk"
"Trackers","Ye Tracker (June 8th 2026)","Copy of Ye Tracker made on June 8th 2026.","Archive Copy","Yes","https://docs.google.com/spreadsheets/d/1B2iDfNA4D6GdFV8i1fYtZJzgk9Xzm_uhp5zHYXBwrzY/edit?usp=drivesdk"
"Trackers","Ye Tracker (June 7th 2026)","Copy of Ye Tracker made on June 7th 2026.","Archive Copy","Yes","https://docs.google.com/spreadsheets/d/1iANpz8V3CpSQrvOw-iOcKmKj3UOCU5wSmcVag1UrfjE/edit?usp=drivesdk"
"Trackers","Ye Tracker (June 6th 2026)","Copy of Ye Tracker made on June 6th 2026.","Archive Copy","Yes","https://docs.google.com/spreadsheets/d/117cFAIYaRXB9FR6H3tYSwkIGPn3MRWpJ-Ybi7rRP2Ug/edit?usp=drivesdk"
"Trackers","Ye Tracker (June 3rd 2026)","Copy of Ye Tracker made on June 3rd 2026.","Archive Copy","Yes","https://docs.google.com/spreadsheets/d/1H_7UhUbIlFvG4nDgV3Btbde_THsHK3DSWzCN25PXgWE/edit?usp=drivesdk"
"Trackers","Ye Tracker (June 2nd 2026)","Copy of Ye Tracker made on June 2nd 2026.","Archive Copy","Yes","https://docs.google.com/spreadsheets/d/1R-Igj_ww2LIFyl6pPf5x4j1dgxv78AxP3D7ie4GqUSE/edit?usp=drivesdk"
"Trackers","Ye Tracker (June 1st 2026)","Copy of Ye Tracker made on June 1st 2026.","Archive Copy","Yes","https://docs.google.com/spreadsheets/d/1t-WJ3vKPDpq6xgapBjO1aucZincgq5ucGrvIz-Ns_hI/edit?usp=drivesdk"
"Trackers","Ye Tracker (May 31th 2026)","Copy of Ye Tracker made on May 31th 2026.","Archive Copy","Yes","https://docs.google.com/spreadsheets/d/1x7v1HXUFQMMWyJ7W8RfCyguxOiS2Ja7QxSnuxNskfS0/edit?usp=drivesdk"
"Trackers","Ye Tracker (May 29th 2026)","Copy of Ye Tracker made on May 29th 2026.","Archive Copy","Yes","https://docs.google.com/spreadsheets/d/1CJZjHuM6AoYU5czPnsf22C03vPQUPxGS6Titi4wVO1k/edit?usp=drivesdk"
"Trackers","Ye Tracker (May 24th 2026)","Copy of Ye Tracker made on May 24th 2026.","Archive Copy","Yes","https://docs.google.com/spreadsheets/d/18I8RcN4Zl-PHEyM9KQ4tFV0D2uBrOd5Yc9J8PcHlS-c/edit?usp=drivesdk"
"Trackers","Ye Tracker (May 23th 2026)","Copy of Ye Tracker made on May 23th 2026.","Archive Copy","Yes","https://docs.google.com/spreadsheets/d/1E4BJRgiGdilJXuwSjP9jOk-G3C_AMFwsyKfwqCpwx2c/edit?usp=drivesdk"
"Trackers","Ye Tracker (May 12th 2026)","Copy of Ye Tracker made on May 12th 2026.","Archive Copy","Yes","https://docs.google.com/spreadsheets/d/1y1rTTIemVWzmqXIzB5mYggexpEKEMBKWqo5_ot4tusY/edit?usp=drivesdk"
"Trackers","Ye Tracker (May 11th 2026)","Copy of Ye Tracker made on May 11th 2026.","Archive Copy","Yes","https://docs.google.com/spreadsheets/d/1S1bbtOPKavmbLG_hLiEalBnHyWL0aCtDySEjQXrCdPQ/edit?usp=drivesdk"
"Trackers","Ye Tracker (May 10th 2026)","Copy of Ye Tracker made on May 10th 2026.","Archive Copy","Yes","https://docs.google.com/spreadsheets/d/11WQYxuI01sDJOBqjbwYGeN5AoXds_8BUvGtrxX0i6r4/edit?usp=drivesdk"
"Trackers","Ye Tracker (May 9th 2026)","Copy of Ye Tracker made on May 9th 2026.","Archive Copy","Yes","https://docs.google.com/spreadsheets/d/1NEvbykkLZPtXGgFzzmIzAlj5vdvo-eYGpFLF_TlC4q0/edit?usp=drivesdk"
"Trackers","Ye Tracker (May 8th 2026)","Copy of Ye Tracker made on May 8th 2026.","Archive Copy","Yes","https://docs.google.com/spreadsheets/d/1Uh11m-HTAnJ5v-u5CZXjZ-LIdBRwmdSDP92Jnzj93tY/edit?usp=drivesdk"
"Trackers","Ye Tracker (May 7th 2026)","Copy of Ye Tracker made on May 7th 2026.","Archive Copy","Yes","https://docs.google.com/spreadsheets/d/1LX7ybqFe4zvk1VQpquKDWkWmlwve8VzvHBUjLtEzpII/edit?usp=drivesdk"
"Trackers","Ye Tracker (May 6th 2026)","Copy of Ye Tracker made on May 6th 2026.","Archive Copy","Yes","https://docs.google.com/spreadsheets/d/1OfhzIC36Fa4es_syuNnPh1CgkFEVIuOATvR352xH1gg/edit?usp=drivesdk"
"Trackers","Ye Tracker (May 5th 2026)","Copy of Ye Tracker made on May 5th 2026.","Archive Copy","Yes","https://docs.google.com/spreadsheets/d/1SXAl2oDN0hij98pAjfKVmE5ZoXk6nH9CHxJl8aEmGMg/edit?usp=drivesdk"
"Trackers","Ye Tracker (May 4th 2026)","Copy of Ye Tracker made on May 4th 2026.","Archive Copy","Yes","https://docs.google.com/spreadsheets/d/1zW1I313zpEBhAOosISUeQBByRamgi_TlaFE7tySQEOw/edit?usp=sharing"
"Trackers","Ye Tracker (May 3rd 2026)","Copy of Ye Tracker made on May 3rd 2026.","Archive Copy","Yes","https://docs.google.com/spreadsheets/d/1ZJdOn1SRSMkp-_TCA5VAmpxVs1WXhyONHVDsbh5BTTo/edit?usp=drivesdk"
"","Temu Discontinued ","","","ErickHatesBMC after many complains towards his tracker being formerly owned by a racist and due to the server getting nuked multiple times decides to delete it completly and stop production on May 2nd, 2026. Everything above is backups made for the yerlsd / .lol Ye Tracker",""
"Trackers","Ye Tracker (DISCONTINUED ARCHIVE)","Copy made right after the announcement of Temu Tracker getting discontinued.","Archive Copy","Yes","https://docs.google.com/spreadsheets/d/1jH12NvSqYfu58oPqA-sB6aDMhvuBrrW9kLgVGrAz4cE/edit?usp=drivesdk"
"Trackers","Ye Tracker (May 2nd 2026) (CROWNED TAB)","Copy of Ye Tracker made on May 2nd 2026. Adds a Tab for Crowned entries which is for better leaks than Best Of, this was removed just hours after being added.
Automatically made hours before it discontinued.","Archive Copy","Yes","https://docs.google.com/spreadsheets/d/1rC0aSzrh0ET3Z6RQVVdAf1R67uaY9Dmj5QXLuw8YBvk/edit?usp=drivesdk"
"Trackers","Ye Tracker (May 1st 2026)","Copy of Ye Tracker made on May 1st 2026","Archive Copy","Yes","https://docs.google.com/spreadsheets/d/1QyUhLV9-BajdM9O9goGYg-BsWSNZvbT0tcj_-h8PW44/edit?usp=drivesdk"
"Trackers","Ye Tracker (April 30th 2026)","Copy of Ye Tracker made on April 30th 2026","Archive Copy","Yes","https://docs.google.com/spreadsheets/d/1P_hPh9crNLnNz5RLn4G-X1WM-ZNE04pPyHxZuz1qdWg/edit?usp=drivesdk"
"Trackers","Ye Tracker (April 29th 2026)","Copy of Ye Tracker made on April 29th 2026.","Archive Copy","Yes","https://docs.google.com/spreadsheets/d/1aUnH5n_iWIwKhEeEAHFkk5WYnCbqUyk35mPkf4_k3RU/edit?usp=drivesdk"
"Trackers","Ye Tracker (April 28th 2026)","Copy of Ye Tracker made on April 28th 2026","Archive Copy","Yes","https://docs.google.com/spreadsheets/d/11psigxWNfs6_9du4rf0lRJGCbFD7UGLkScZwt_NCPTc/edit?usp=drivesdk"
"Trackers","Ye Tracker (April 27th 2026)","Copy of Ye Tracker made on April 27th 2026","Archive Copy","Yes","https://docs.google.com/spreadsheets/d/1WaI-VZ9J3LrQooQ4jr7QI279OY5eXuSafRbmkEts9GY/edit?usp=drivesdk"
"Trackers","Ye Tracker (April 26th 2026)","Copy of Ye Tracker made on April 26th 2026","Archive Copy","Yes","https://docs.google.com/spreadsheets/d/1O5cAFE2SQ87h4fswIpH4jBs-kfA6ruTnT5tPJI3E4Qs/edit?usp=drivesdk"
"Trackers","Ye Tracker (April 25th 2026)","Copy of Ye Tracker made on April 25th 2026","Archive Copy","Yes","https://docs.google.com/spreadsheets/d/18Ig9MDXn8_xjYkEfdzwe9WSa_NO8QQcyhZQ5Vrb3AgM/edit?usp=drivesdk"
"Trackers","Ye Tracker (April 24th 2026)","Copy of Ye Tracker made on April 24th 2026","Archive Copy","Yes","https://docs.google.com/spreadsheets/d/1r9rk9GsMZiEq-PU9ui4laUd5jhhQvt31FoUT1vSIgxk/edit?usp=drivesdk"
"Trackers","Ye Tracker (April 23th 2026)","Copy of Ye Tracker made on April 23th 2026","Archive Copy","Yes","https://docs.google.com/spreadsheets/d/1sL1XJehaKMDyy7euGyVLHBghWiuMSTT-274BptpnkQ8/edit?usp=drivesdk"
"Trackers","Ye Tracker (April 22th 2026)","Copy of Ye Tracker made on April 22th 2026","Archive Copy","Yes","https://docs.google.com/spreadsheets/d/19fTBqcChA1WmZBJFzLM8AIIdtVqyJ2laZF6-apdBGKQ/edit?usp=drivesdk"
"Trackers","Ye Tracker (April 21th 2026)","Copy of Ye Tracker made on April 21th 2026","Archive Copy","Yes","https://docs.google.com/spreadsheets/d/1vcnw8_0vt9ko13HuzEHtABiLugzcqodcsH0Awxyadkg/edit?usp=drivesdk"
"Trackers","Ye Tracker (April 20th 2026)","Copy of Ye Tracker made on April 20th 2026","Archive Copy","Yes","https://docs.google.com/spreadsheets/d/1FmieXr0RD1sJ0gHl5YfREas8n-p_JnPmDKZBaqgsl5Y/edit?usp=drivesdk"
"Trackers","Ye Tracker (April 19th 2026)","Copy of Ye Tracker made on April 19th 2026","Archive Copy","Yes","https://docs.google.com/spreadsheets/d/12wF0gAcsGEMVnejdG78nAS5-X7ToIZc1StJcOFfic1s/edit?usp=drivesdk"
"Trackers","Ye Tracker (April 18th 2026)","Copy of Ye Tracker made on April 18th 2026","Archive Copy","Yes","https://docs.google.com/spreadsheets/d/132-IcsZ5LB8Ose8FH6VgJ2NECdtjuc1pxp-Gs6VGmFE/edit?usp=drivesdk"
"Trackers","Ye Tracker (April 17th 2026)","Copy of Ye Tracker made on April 17th 2026","Archive Copy","Yes","https://docs.google.com/spreadsheets/d/10subAD-hmY6A9TcjI6Ob9kTrtPcSVcby9M7kXMoPaYM/edit?usp=drivesdk"
"Trackers","Ye Tracker (April 16th 2026)","Copy of Ye Tracker made on April 16th 2026","Archive Copy","Yes","https://docs.google.com/spreadsheets/d/1QSsdBlx5bD9xVZ8ckINYvkOcncTuorzKAgdnJY29-Ko/edit?usp=drivesdk"
"Trackers","Ye Tracker (April 15th 2026)","Copy of Ye Tracker made on April 15th 2026","Archive Copy","Yes","https://docs.google.com/spreadsheets/d/12RuAj97IEgAJx6Z6CAIVLl7zB_M9o4Mq1ddDtIr6XZQ/edit?usp=drivesdk"
"Trackers","Ye Tracker (April 14th 2026)","Copy of Ye Tracker made on April 14th 2026","Archive Copy","Yes","https://docs.google.com/spreadsheets/d/1PI-iVMg8n8bLJwy9HrBx2dNjL8f47agURPARwS5SCC0/edit?usp=drivesdk"
"Trackers","Ye Tracker (April 13th 2026)","Copy of Ye Tracker made on April 13th 2026","Archive Copy","Yes","https://docs.google.com/spreadsheets/d/1khEYbTUOdSLVl-BlTsLAzv-EambyRup-szY8Pnlruvk/edit?usp=drivesdk"
"Trackers","Ye Tracker (April 12th 2026)","Copy of Ye Tracker made on April 12th 2026","Archive Copy","Yes","https://docs.google.com/spreadsheets/d/1UL7mFEZQutvTmiIzLrznlJLPqkEnUG5RybeYVcLO5rM/edit?usp=drivesdk"
"Trackers","Ye Tracker (April 11th 2026)","Copy of Ye Tracker made on April 11th 2026","Archive Copy","Yes","https://docs.google.com/spreadsheets/d/17CJ-WFEBkroBWjOinPW3CJrJ4FSuzPbKTTz2D8rW0X4/edit?usp=drivesdk"
"Trackers","Ye Tracker (April 10th 2026)","Copy of Ye Tracker made on April 10th 2026","Archive Copy","Yes","https://docs.google.com/spreadsheets/d/1FN8ln-8-mJho81R_QiSOfiDwTU55q_YNjy0rol6XANg/edit?usp=drivesdk"
"Trackers","Ye Tracker (April 9th 2026)","Copy of Ye Tracker made on April 9th 2026","Archive Copy","Yes","https://docs.google.com/spreadsheets/d/1pKD7_UCaD9x4CFf-H6kjvpFZesm2KkhA9Xl5NqSOdMo/edit?usp=drivesdk"
"Trackers","Ye Tracker (April 8th 2026)","Copy of Ye Tracker made on April 8th 2026","Archive Copy","Yes","https://docs.google.com/spreadsheets/d/1BrctVbc6zmMg2i88SpUrLUaLpcYAqpmf_gO3SsqgSC8/edit?usp=drivesdk"
"Trackers","Ye Tracker (April 7th 2026)","Copy of Ye Tracker made on April 7th 2026","Archive Copy","Yes","https://docs.google.com/spreadsheets/d/1hRoFYKKSYeNbzxiZqk6UuEXKzrtC_84PRLzk9c9gQ1c/edit?usp=drivesdk"
"Trackers","Ye Tracker (April 6th 2026)","Copy of Ye Tracker made on April 6th 2026","Archive Copy","Yes","https://docs.google.com/spreadsheets/d/1PhKZKeXzbusvhRsDxL7HvbggzcmMQzlD9JZsmc5ieZE/edit?usp=drivesdk"
"Trackers","Ye Tracker (April 5th 2026)","Copy of Ye Tracker made on April 5th 2026","Archive Copy","Yes","https://docs.google.com/spreadsheets/d/1NQDm_-yJlCP8aYme9u3XWV7N9YZ0hgJw6uQnsjxJT38/edit?usp=drivesdk"
"Trackers","Ye Tracker (April 4th 2026)","Copy of Ye Tracker made on April 4th 2026","Archive Copy","Yes","https://docs.google.com/spreadsheets/d/13Tkwnl4MChdZ9zVasTnLbfSr9aYLoONsqLxCAVInmvk/edit?usp=drivesdk"
"Trackers","Ye Tracker (April 3rd 2026)","Copy of Ye Tracker made on April 3rd 2026","Archive Copy","Yes","https://docs.google.com/spreadsheets/d/1cUp1AE6X1Yl3pB63cswPYlvvjxLBJUHgxHUhRqJNCHI/edit?usp=drivesdk"
"Trackers","Ye Tracker (April 2nd 2026)","Copy of Ye Tracker made on April 2nd 2026","Archive Copy","Yes","https://docs.google.com/spreadsheets/d/1CRwLt9goH-iHUvvJkr-_LFaOpt9mhpiXFXhzEAOSmjQ/edit?usp=drivesdk"
"Trackers","🗑️ Ian Tracker (April 1st 2026)","Copy of Ye Tracker made on April 1st 2026. Features Joke edits on the BULLY V2 Section and also the evident name change for the rest of the day.","Archive Copy","Yes","https://docs.google.com/spreadsheets/d/1wtVjfW4SK2xnJZJOC4YLrHL4Q2-Bz7iX6rX4SGRY2K0/edit?usp=drivesdk"
"Trackers","Ye Tracker (BULLY Release Day)","Copy of Ye Tracker Made during the BULLY Release Day. Unknown if there's people who made a copy during that day.","Unknown","No","Link Needed"
"Trackers","Ye Tracker (Collaboration with Travis Scott)","Copy of Ye Tracker Made during the Collaboration with Travis Scott. On Going on yetracker.net as it doesnt have any actual snippet or leak yet. the snapshot linked is from the day it was seemingly added to the .net version of the Sheet.","Archive Copy","Yes","https://web.archive.org/web/20260228202923/https://yetracker.net/"
"Trackers","Ye Tracker (March 8 2026)","Copy of Ye Tracker made on March 8 2026.","Archive Copy","Yes","https://docs.google.com/spreadsheets/d/11QOEKlYvYFoV-T89hREn2YiDS_4HYLkBTmnp_qyjnEI/edit?usp=drivesdk"
"Trackers","Ye Tracker (March 4 2026)","Copy of Ye Tracker made on March 4 2026. Ownership of the Tracker has been officially taken off and Erick being the new owner, with ScalderM getting banned from his own server and abandoning the ownership of his Ye Tracker due to racism conducts exposed on YZYCORD.","Archive Copy","Yes","https://docs.google.com/spreadsheets/d/1lJHGjfRzTDfVkJvh7XsqWaKHHowsvkzpsVrKEaXmirg/edit?usp=drivesdk"
"Trackers","Ye Tracker (March 3 2026)","Copy of Ye Tracker made on March 3 2026.","Archive Copy","Yes","https://docs.google.com/spreadsheets/d/1SWZcHIVORg-JzC2GPNRXrB8ojudFycv4GfDSW9CauwY/edit?usp=sharing"
"Trackers","Ye Tracker (Feb 21 2026)","Copy of Ye Tracker made on Feb 21 2026","Archive Copy","Yes","https://docs.google.com/spreadsheets/d/1vfT2gOv1CWXOAvhZ6EPZcCCDryo85Py9i_8hSvQbrCk/edit?usp=drivesdk"
"Trackers","Ye Tracker (Feb 15 2026)","Copy of Ye Tracker made on Feb 15 2026","Archive Copy","Yes","https://docs.google.com/spreadsheets/d/14kavOVPNT7ZKf54x_HtV_EHGKNTCKBbbtFHE_ulUzqQ/edit?usp=drivesdk"
"Trackers","Ye Tracker (Feb 14 2026)","Copy of Ye Tracker made on Feb 14 2026","Archive Copy","Yes","https://docs.google.com/spreadsheets/d/1R0WXHze86N8nY4bAcrDR9z63i0cvTiqF1-B4atIhcQk/edit?usp=drivesdk"
"Trackers","Ye Tracker (Feb 10 2026)","Copy of Ye Tracker made on Feb 10 2026","Archive Copy","Yes","https://docs.google.com/spreadsheets/d/1ybKrA0RS0d8M875u2Gq2nJDYhyc1SlMkcJDNat5l7TQ/edit?usp=drivesdk"
"Trackers","Ye Tracker (Feb 4 2026)","Copy of Ye Tracker made on February 4, 2026.","Archive Copy","Yes","https://docs.google.com/spreadsheets/d/11RUESD0wZyltrKeYyPiDcGZxjG31VxUshZA_jy-EmVA/edit?usp=drivesdk"
"Trackers","Ye Tracker (Jan 30 2026)","Copy of Ye Tracker made on Jan 30 2026.","Archive Copy","Yes","https://docs.google.com/spreadsheets/d/1n0BU1Pu7KK86EqFwaij5gsP6ue44W7O93n-b7NZBqdI/edit?usp=drivesdk"
"Trackers","Ye Tracker (Jan 22 2026)","Copy of Ye Tracker made on Jan 22 2026.","Archive Copy","Yes","https://docs.google.com/spreadsheets/d/1KNYvzggUbV9KZOTSXn8IeDMa7G4Y1O-0znmEbuV0bKI/edit?usp=drivesdk"
"Trackers","Ye Tracker (Jan 5 2026)","Copy of the Ye Tracker made on Jan 5 2026.","Archive Copy","Yes","https://docs.google.com/spreadsheets/d/1lQJaxh4cNRb6EOzN2QA5aBJT_oyc0gakmWlejSv9hL0/edit?usp=drivesdk"
"Trackers","🏅 Ye Tracker (Soul Children)","Copies of Ye Tracker made during the Soul Children era. Lasted really quick. From Jan 2026. (circa 2 to 4 days) because it was later removed then added as a sub-era for Yandhi V2. Only a screenshot is available.","Confirmed","No","https://drive.google.com/file/d/1kTL4_P6S1-mRh45qrZjXUsMVdI67qb9w/view?usp=sharing"
"","2025'","","","",""
"Trackers","Ye Tracker (Dec 31 2025)","Copy of Ye Tracker made on Dec 31 2025.","Archive Copy","Yes","https://docs.google.com/spreadsheets/d/1w6QlRenmYAYg7BOJ6K0NeeY9VOsYWYVf0KwYL74Mavs/edit?usp=drivesdk"
"Trackers","Ye Tracker (Dec 29 2025)","Copy of Ye Tracker made on Dec 29 2025.","Archive Copy","Yes","https://docs.google.com/spreadsheets/d/1eGTNjqeVISWVhZZ-ANKvqkmHTtk2TCviZBROslaUNmg/edit?usp=drivesdk"
"Trackers","Ye Tracker (Dec 27 2025)","Copy of Ye Tracker made on Dec 27 2025","Archive Copy","Yes","https://docs.google.com/spreadsheets/d/104TvOIq_Qo0kcpyrCMB5Kw_YNLnBIxtBGGySl1pS2As/edit?usp=drivesdk"
"Trackers","Ye Tracker (Dec 26 2025)","Copy of the Ye Tracker made on Dec 26 2025.","Archive Copy","Yes","https://docs.google.com/spreadsheets/d/1Ia35tLln7Sx0OSjsvwRxhBlQajpHs8vloVyWPC2-hvo/edit?usp=drivesdk"
"Trackers","Ye Tracker (Dec 21 2025)","Copy of Ye Tracker made on Dec 21 2025. Copy was wrongly named as a january 11th copy but it's actually from dec 21.","Archive Copy","Yes","https://docs.google.com/spreadsheets/d/12h_5bitTNn5CWiVk_3XgL5P-Z1F0JzfntZ9JUo24qx4/edit?usp=drivesdk"
"Trackers","Ye Tracker (Dec 8 2025)","Copy of Ye Tracker made on Dec 8 2025","Archive Copy","Yes","https://docs.google.com/spreadsheets/d/1ZN1UMzvsW6Iq6bmyGo0-xNg7kvs32RI-33R-qUg_t70/edit?usp=drivesdk"
"Trackers","Ye Tracker (Dec 7 2025)","Copy of Ye Tracker made on Dec 7 2025","Archive Copy","Yes","https://docs.google.com/spreadsheets/d/1ssnr-a_54hiwgr1FCab_HywQm633v0JugMoGFYgzkN4/edit?usp=drivesdk"
"Trackers","Ye Tracker (Nov 28 2025)","Copy of Ye Tracker made on Nov 28 2025","Archive Copy","Yes","https://docs.google.com/spreadsheets/d/1MqfPdjeQgDAv1TA0g8ohPyD6wVvSgRplB2Xm23birAk/edit?usp=drivesdk"
"Trackers","Ye Tracker (Nov 12 2025)","Copy of Ye Tracker made on Nov 12 2025","Archive Copy","Yes","https://docs.google.com/spreadsheets/d/1h88NM2W-fF3KN_pSfGbfMSzsVhfEpVoEDZL36zgCCqY/edit?usp=drivesdk"
"Trackers","Ye Tracker (Nov 8 2025)","Copy of Ye Tracker made on Nov 8 2025.","Archive Copy","Yes","https://docs.google.com/spreadsheets/d/1Mw6cdhO46g4O6oylKJ0D-AMj4cfK5PalldBrElfySYc/edit?usp=drivesdk"
"","Post Takedown period","","","","YZYCORD within their original editors started to edit the sheet again, but now indexed as an HTML on it's official website, with the server being reopened on February 9th, 2026."
"Trackers","Ye Tracker (Oct 26 2025)","Copy of Ye Tracker made on Oct 26 2025","Archive Copy","Yes","https://docs.google.com/spreadsheets/d/1pHdRy8RPChMdCpkmUDQjJqwo1pPlS3PjFM31tH9AkTM/edit?usp=drivesdk"
"Trackers","Ye Tracker (Oct 25 2025)","Copy of Ye Tracker made on Oct 25 2025","Archive Copy","Yes","https://docs.google.com/spreadsheets/d/1ivXLR4v2IxnUf0MsON8mrmO0frOnYd4fzNBtsEW_fs4/edit?usp=drivesdk"
"Trackers","Ye Tracker (Oct 22 2025)","Copy of the Ye Tracker made on Oct 22 2025. First ScalderM's Ye Tracker server got taken down at this point, so he made another around November.","Archive Copy","Yes","https://docs.google.com/spreadsheets/d/1EPwD08bk3_FFk7YtLy962s7bCuwbHIzOZYWTrdQSfE4/edit?usp=drivesdk"
"Trackers","Ye Tracker (Oct 19 2025)","Copy of Ye Tracker made on Oct 19 2025","Archive Copy","Yes","https://docs.google.com/spreadsheets/d/1HeqIglE20xFDq-Gr28d2219tGnymgr-O4XhhtmZi5IY/edit?usp=drivesdk"
"Trackers","Ye Tracker (Oct 18 2025)","Copy of Ye Tracker made on Oct 18 2025","Archive Copy","Yes","https://docs.google.com/spreadsheets/d/103DI63mFUhNb7y3RAh3huTZt-lpILGcjDwwuEykxG-U/edit?usp=drivesdk"
"Trackers","Ye Tracker (Oct 14 2025)","Copy of Ye Tracker made on Oct 14 2025","Archive Copy","Yes","https://docs.google.com/spreadsheets/d/1kdf5v_c5r8lNjKPvWnmI7sxdfzW8QYSrIGUeP3byd3c/edit?usp=drivesdk"
"Trackers","Ye Tracker (Oct 10 2025)","Copy of Ye Tracker made on Oct 10 2025","Confirmed","No","Link Needed"
"Trackers","Ye Tracker (Oct 2 2025)","Copy of Ye Tracker made on Oct 2 2025","Archive Copy","Yes","https://docs.google.com/spreadsheets/d/1YEMk8Cnt7cv-2k1KhAJuwbw2p7FPKtsR7FXaHLh4ia8/edit?usp=drivesdk"
"Trackers","Ye Tracker (Oct 1 2025)","Copy of Ye Tracker made on Oct 1 2025","Archive Copy","Yes","https://docs.google.com/spreadsheets/d/1gyLqzKZWE6FqFYE-CiK8h0RLnVmxmt4Dx3Zx9zjKoLk/edit?usp=drivesdk"
"Trackers","Ye Tracker (Sep 30 2025)","Copy of Ye Tracker made on Sep 30 2025","Confirmed","No","https://pixeldrain.com/u/CA2yvFDC"
"Trackers","Ye Tracker (Sep 29 2025)","Copy of Ye Tracker made on Sep 29 2025","Archive Copy","Yes","https://docs.google.com/spreadsheets/d/13zmwu8u2loXfTUOOzmaaSZEi6GjnhvnBJpGczITvTNA/edit?usp=drivesdk"
"Trackers","Ye Tracker (Sep 28 2025)","Copy of Ye Tracker made on Sep 28 2025","Archive Copy","Yes","https://docs.google.com/spreadsheets/d/1w82JpBQ7j9jB4HgxbQs0sA0iyLHqFJPgYh2D1AGzF8Y/edit?usp=drivesdk"
"Trackers","Ye Tracker (Sep 25 2025)","Copy of Ye Tracker made on September 25, 2025","Archive Copy","Yes","https://docs.google.com/spreadsheets/d/19327qCBuGwjGxefNHTtqkT2yD9hJL04gQQ3aZEAfA_A/edit?usp=drivesdk"
"Trackers","✨ Ye Tracker (September 28 2025)
(Alternative) ","Very weird but actually amazing copy of an alternative made by unknown editors until now. Is heavily decorated on each of it's entries. Included on a TrackerHub Website labeled as ""Alternative Ye Tracker"".","Archive Copy","Yes","https://docs.google.com/spreadsheets/d/1ATFqK9xwjPGe0wPaYuUc7YnSNPwztNNVAtA2sKriiz4/edit?usp=drivesdk"
"Trackers","Ye Tracker (Sep 4 2025)","Copy of the Ye Tracker made on Sep 4 2025. Possibly not made by the YZY Editors but someone else due to having notable differences. Has Bully V2 Copy links, and few alternative names and album covers for few eras.","Archive Copy","Yes","https://docs.google.com/spreadsheets/d/1txA-ZYil2zHu7XYO-5vdpQRQdlkGKiB5kotSueTkb1Y/edit?usp=drivesdk"
"Trackers","Ye Tracker (Sep 3 2025)","Copy of the Ye Tracker made on Sep 3 2025. (This is the last copy of the Ye tracker with the OG editors. as of YZYcord and the OG Ye Tracker server takedown on that month they quitted modifying the sheet.) Bully V2 Copy links during that time were removed to prevent another takedown fom yeezy LLC.""","Archive Copy","Yes","https://docs.google.com/spreadsheets/d/1M4rP42I9CT3AcPWu5H5lJ6b2cqFTPgbLvQTDO4nP864/edit?usp=drivesdk"
"Trackers","Ye Tracker (Aug 24 2025)","Copy of the Ye Tracker made on Aug 24 2025. The file was downloaded as a .PDF so this is why theres a MEGA link. ","Confirmed","No","Link Needed"
"Trackers","Ye Tracker (Aug 21 2025)","Copy of the Ye Tracker made on Aug 21 2025","Archive Copy","Yes","https://docs.google.com/spreadsheets/d/1B4tbby0s2r41czgq4fIbOwCIHzzg62YNQMmizjFnnlk/edit?usp=drivesdk"
"Trackers","Ye Tracker (Aug 19 2025)","Copy of the Ye Tracker made on Aug 19 2025. has Bully and Cuck removed. to prevent takedowns.","Archive Copy","No","https://docs.google.com/spreadsheets/d/1RYRRjSFv0f3djnXPMcvAGsnZz42FyPojTVPwhsHmado/edit?gid=1927633970#gid=1927633970"
"Trackers","Ye Tracker (Aug 14 2025)","Copy of the Ye Tracker made on Aug 14 2025","Archive Copy","Yes","https://docs.google.com/spreadsheets/d/1vHPBFJptWprT55iXxtxQOPFUReUXFNbjYX5EQ4En83Q/edit?usp=drivesdk"
"Trackers","Ye Tracker (Aug 11 2025)","Copy of Ye Tracker made on Aug 11 2025","Archive Copy","Yes","https://docs.google.com/spreadsheets/d/15_gREWCQt4V6GGdGR88tWWplLIckh9F_nv_rgaQuzVE/edit?usp=drivesdk"
"Trackers","Ye Tracker (Aug 9 2025)","Copy of Ye Tracker made on Aug 9 2025","Archive Copy","No","https://docs.google.com/spreadsheets/d/1N9uI1okWpHVaWnKoE6vKvRknkLpzEVyidtmyxUVQDA8/edit?usp=drivesdk"
"","Pre-Takedowns period","","","YZY LLC started to take down every Ye Leak related content, Including the OG Ye Tracker Server + YZYCORD on August 2025. what's the deal here? Well, Alternative editors started to replace YZYCORD's ones. as they were on a hiatus to prevent further things to happen, as they were risking a potential lawsuit from YZY LLC. So this is the part where ScalderM and Suzy Versions of the Ye tracker came on. and which this is why there's lack of leaks during the month of August 2025 and which is ironically, indicated on a Donda 2 Leak of the same day.",""
"Trackers","Ye Tracker (Aug 4 2025)","Copy of the Ye Tracker made on Aug 4 2025","Archive Copy","Yes","https://docs.google.com/spreadsheets/d/1NxoOH2R6JQzL8t-XYTUjAINQx6tZ-_g-Y6mvRno07NE/edit?usp=drivesdk"
"Trackers","Ye Tracker (July 28 2025)","Copy of the Ye Tracker made on July 28 2025","Archive Copy","Yes","https://docs.google.com/spreadsheets/d/1MEvKRFXM9c8xh7lIPqjVep9BhqPbHMpHHXALg9UAPjo/edit?usp=drivesdk"
"Trackers","Ye Tracker (July 26 2025)","Copy of the Ye Tracker made on July 26 2025","Archive Copy","Yes","https://docs.google.com/spreadsheets/d/19m-ups8_mLuY1CXjTlOA5aieetQPsW49cVgNlPyaDIw/edit?usp=drivesdk"
"Trackers","Ye Tracker (July 25 2025)","Copy of the Ye Tracker made on July 25 2025","Archive Copy","Yes","https://docs.google.com/spreadsheets/d/1mrebQMgrBDTnYDbu95GVgpZAp8u8a8-Dr8lSJ2L4hcY/edit?usp=drivesdk"
"Trackers","Ye Tracker (July 23 2025)","Copy of the Ye Tracker made on July 23 2025 Provided by","Archive Copy","Yes","https://docs.google.com/spreadsheets/d/1NJfKuWB-LND-EAuvECEaR4iwQU0smGaUzE4TAhLHTs4/edit?usp=drivesdk"
"Trackers","Ye Tracker (July 18 2025)","Copy of the Ye Tracker made on July 18 2025","Archive Copy","Yes","https://docs.google.com/spreadsheets/d/1MlY5Xl2BZjqhV7lXgiPTBHbMoZTtrlzn31GEJKDYbaM/edit?usp=drivesdk"
"Trackers","Ye Tracker (July 17 2025)","Copy of the Ye Tracker made on July 17 2025","Archive Copy","Yes (HTML)","https://drive.google.com/file/d/1KwAcdhioDAnZhdXtMNQ9Sl5sEwUU2p_g/view?usp=sharing"
"Trackers","Ye Tracker (IN A PERFECT WORLD)","Copy of the Ye Tracker made on Juy 13, 2025. Adds the IN A PERFECT WORLD Era.","Archive Copy","Yes","https://docs.google.com/spreadsheets/d/1NLwr7RmK8iLbI9oprcOMQ4ymwXWnzDgrl0FNGoMN4Ek/edit?usp=drivesdk"
"Trackers","Ye Tracker (June 20 2025)","Copy of the Ye Tracker made on June 20 2025","Archive Copy","Yes","https://docs.google.com/spreadsheets/d/1z56UppM520uAtBt7cqMQUcmNpB8m_yQkmgtY27XmxG0/edit?usp=drivesdk"
"Trackers","Ye Tracker (June 18 2025)","Copy of the Ye Tracker made on June 18 2025","Archive Copy","Yes","https://docs.google.com/spreadsheets/d/1x-h0qpRo_bOFaJeVGi8LvIfSoUJNFd_i2jm8e4aeVzY/edit?usp=drivesdk"
"Trackers","Ye Tracker (June 16 2025)","Copy of the Ye Tracker made on June 16 2025","Archive Copy","Yes","https://docs.google.com/spreadsheets/d/1p_zlzAJz9mAdMS-pJk38u-rD6vfyS8oqAqzfh9po4jw/edit?usp=drivesdk"
"Trackers","Ye Tracker (June 15 2025)","Copy of the Ye Tracker made on June 15 2025","Archive Copy","Yes","https://docs.google.com/spreadsheets/d/1qaLnAcacUvvZb__Fp5r7MSvrE1y9PtUYWbiKW4c32KE/edit?usp=drivesdk"
"Trackers","Ye Tracker (June 13 2025)","Copy of the Ye Tracker made on June 13 2025 ","Archive Copy","Yes","https://docs.google.com/spreadsheets/d/1DYRTE99ZgXKT24VtsWmIAPLll2GuB6iGXkqmu61BcTg/edit?usp=drivesdk"
"Trackers","Ye Tracker (June 11 2025)","Copy of the Ye Tracker made on June 11 2025","Archive Copy","Yes","https://docs.google.com/spreadsheets/d/1spEqzBrTMqkEPhoQgelw1JuFNzX5Hiji2Bw9MDZ-Ouk/edit?usp=drivesdk"
"Trackers","Ye Tracker (June 10 2025)
(Alternative)","Earlier copy of the Trackerhub alternative. Included on a TrackerHub Website labeled as ""Alternative Ye Tracker"".","Archive Copy","Yes","https://docs.google.com/spreadsheets/d/1QXUIOdUriQcZsgN3ReFCZ7OhHB4CDASl_Y4G4TxFQhA/edit?usp=drivesdk"
"Trackers","✨ Ye Tracker (June 5 2025)
(ScalderM//Erick)","Copy of the Ye Tracker made on June 5 2025. ScalderM Earliest copy//evidence of his own version. Was initially intended to be a Joke. Contains an unseen Snippet Archive Tab.","Archive Copy","Yes","https://docs.google.com/spreadsheets/d/1lQi6qdptZYFceOxfwHsNEGHTeRR04UIfenFG7r_KPYE/edit?usp=drivesdk"
"Trackers","Ye Tracker (June 3 2025)","Copy of the Ye Tracker made on June 3 2025","Archive Copy","Yes","https://docs.google.com/spreadsheets/d/1jN8wGIXWUzMuj7IBMmLPvdr1ouK7kj52W4M7ZYFL4PI/edit?usp=drivesdk"
"Trackers","Ye Tracker (May 30 2025)","Copy of the Ye Tracker made on May 30 2025","Archive Copy","Yes","https://docs.google.com/spreadsheets/d/1AP7TjbmF1c7ztQ1Hd-yeDPvhOn1-YeNjqx2SzjbFLgU/edit?usp=drivesdk"
"Trackers","Ye Tracker (May 18 2025)","Copy of the Ye Tracker made on May 18 2025","Archive Copy","Yes (HTML)","https://web.archive.org/web/20250518230936/https://docs.google.com/spreadsheets/d/1vW-nFbnR02F9BEnNPe5NBejHRGPt0QEGOYXLSePsC1k/htmlview"
"Trackers","Ye Tracker (May 9 2025)","Copy of the Ye Tracker made on May 9 2025","Archive Copy","Yes (HTML)","https://web.archive.org/web/20250509151652/https://docs.google.com/spreadsheets/d/1vW-nFbnR02F9BEnNPe5NBejHRGPt0QEGOYXLSePsC1k/htmlview?gid=0&sle=true#"
"Trackers","Ye Tracker (Donda 2 2025 Copy)","Copy of the Ye Tracker made on Donda 2 2025 Copy. Ye planned to drop Donda 2 on April 2025. important to note that the sheet works on it's entirety due to being on an html snapshot","Archive Copy","Yes (HTML)","https://web.archive.org/web/20250501221225/https://docs.google.com/spreadsheets/d/1vW-nFbnR02F9BEnNPe5NBejHRGPt0QEGOYXLSePsC1k/htmlview?gid=0&sle=true"
"Trackers","Ye Tracker (Champion GB + WW3 SWITCHED TO CUCK)","Copy of Ye Tracker made on April 29 2025. WW3 is now changed to CUCK and Champion GB was ongoing during the time of the snapshot.","Archive Copy","Unreleased Tab Only","https://web.archive.org/web/20250429041618/https://docs.google.com/spreadsheets/d/1vW-nFbnR02F9BEnNPe5NBejHRGPt0QEGOYXLSePsC1k/edit?gid=0#gid=0"
"Trackers","Ye Tracker (April 26 2025)","Copy of the Ye Tracker made on April 26 2025","Archive Copy","Yes (HTML)","https://web.archive.org/web/20250426171448/https://docs.google.com/spreadsheets/d/1vW-nFbnR02F9BEnNPe5NBejHRGPt0QEGOYXLSePsC1k/htmlview?gid=0#"
"Trackers","Ye Tracker (WW3 Reworked to have the current cover)","Copy of Ye Tracker made on April 6, WW3 is now having the colors of the current cuck era. with the KKK Wedding cover Link has been allegedly taken off because it now redirects to the nearest snapshot which is not the proper one.","Archive Copy","No","Link Needed"
"Trackers","Ye Tracker (WW3 ERA COPY)","Copies of Ye Tracker made on April 1-3, 2025. WW3 during that time was thought to be BULLY V2. many things were unclarified because only snippets from WW3 were leaked on that time. 

Link has been allegedly taken off because it now redirects to the nearest snapshot which is not the proper one.","Archive Copy","No","Link Needed"
"Trackers","Ye Tracker (Earlier WW3/Bully ""V2"")","There was a tinier short period where WW3 wasn't even considered like WW3 but named as ""BULLY V2"". This is kind of hilarious because it wasnt even known to be a different project. Copy from March 26 2025.","Archive Copy","Yes","https://docs.google.com/spreadsheets/d/1IxncJ9zcAfiM2tWavquW1rCyCNMSq-tInxnb5QqyHsE/edit?usp=drivesdk"
"Trackers","Ye Tracker (March 19 2025)","Copy of the Ye Tracker made on March 19 2025","Archive Copy","Yes (HTML)","https://web.archive.org/web/20250319190321/https://docs.google.com/spreadsheets/d/1vW-nFbnR02F9BEnNPe5NBejHRGPt0QEGOYXLSePsC1k/htmlview"
"Trackers","Ye Tracker (March 15 2025)","Copy of the Ye Tracker made on March 15 2025, after the first WW3 snippet sufaced.","Archive Copy","Yes","https://docs.google.com/spreadsheets/d/15fWYvO6OOzAyCb1A3RJjC79UC6-rlyBb5DFOmBRjvW8/edit?usp=drivesdk"
"Trackers","Ye Tracker (March 10 2025)","Copy of the Ye Tracker made on March 10 2025","Archive Copy","Unreleased Tab Only","https://web.archive.org/web/20250310160835/https://docs.google.com/spreadsheets/d/1vW-nFbnR02F9BEnNPe5NBejHRGPt0QEGOYXLSePsC1k/edit?gid=0#gid=0"
"Trackers","Ye Tracker (March 9 2025)","Copy of the Ye Tracker made on March 9 2025","Archive Copy","Yes (HTML)","https://web.archive.org/web/20250309234616/https://docs.google.com/spreadsheets/d/1vW-nFbnR02F9BEnNPe5NBejHRGPt0QEGOYXLSePsC1k/htmlview"
"Trackers","Ye Tracker (Feb 22 2025)","Copy of the Ye Tracker made on Feb 22 2025","Archive Copy","Yes (HTML)","https://web.archive.org/web/20250222055610/https://docs.google.com/spreadsheets/d/1vW-nFbnR02F9BEnNPe5NBejHRGPt0QEGOYXLSePsC1k/htmlview"
"Trackers","Ye Tracker (Feb 21 2025)","Copy of the Ye Tracker made on Feb 21 2025","Archive Copy","Unreleased Tab Only","https://web.archive.org/web/20250221091927/https://docs.google.com/spreadsheets/d/1vW-nFbnR02F9BEnNPe5NBejHRGPt0QEGOYXLSePsC1k/edit?gid=0#gid=0"
"Trackers","Ye Tracker (YE TWEETS)","Copy of Ye Tracker made During the Tweets Crashout that adds a message announcing editors dont condone Ye actions as of that day (February 6 2025)","Archive Copy","Unreleased Tab Only","https://web.archive.org/web/20250224002631/https://docs.google.com/spreadsheets/d/1vW-nFbnR02F9BEnNPe5NBejHRGPt0QEGOYXLSePsC1k/edit?gid=0#gid=0"
"Trackers","Ye Tracker (Feb 2 2025)","Copy of the Ye Tracker made on Feb 2 2025","Archive Copy","Yes (HTML)","https://web.archive.org/web/20250202191417/https://docs.google.com/spreadsheets/d/1vW-nFbnR02F9BEnNPe5NBejHRGPt0QEGOYXLSePsC1k/htmlview?id=1vW-nFbnR02F9BEnNPe5NBejHRGPt0QEGOYXLSePsC1k&vc=0&c=0&w=0&flr=0&smv=137&smb=%5B137,+%5D&sle=true#"
"Trackers","Ye Tracker (Jan 31, 2025)","Copy of Ye Tracker made Made on January 31, 2025. Works on it's entirety due to being an html snapshot. AI Tab was just being worked","Archive Copy","Yes (HTML)","https://web.archive.org/web/20250131023715/https://docs.google.com/spreadsheets/d/1vW-nFbnR02F9BEnNPe5NBejHRGPt0QEGOYXLSePsC1k/htmlview?gid=0&sle=true"
"Trackers","Ye Tracker (Jan 23, 2025)","Copy of Made on January 23, 2025.","Archive Copy","Yes","https://docs.google.com/spreadsheets/d/1CWjsoEgh0G-Zles9JDTPV2FzfgwawVVdEAEQeVCAMMk/edit?usp=drivesdk"
"","2024'","","","",""
"Trackers","Ye Tracker (Dec 20, 2024)","Copy of Ye Tracker made on December 20, 2024","Archive Copy","Yes","https://docs.google.com/spreadsheets/d/1wKhq6ZTRUI0C7oS1YvnkFGnVT3f_QKDiGOFC4N7KBTc/edit?usp=drivesdk"
"Trackers","Ye Tracker (Dec 16 2024)","Copy of the Ye Tracker made on December 16, 2024.","Archive Copy","Yes","https://docs.google.com/spreadsheets/d/1qAv3oHIjBmre8iiRtjK73j1DbUrWqK8GVzQch3mijMk/edit?usp=drivesdk"
"Trackers","Ye Tracker (Nov 22 2024)","Copy of the Ye Tracker made on Nov 22 2024","Archive Copy","Yes (HTML)","https://web.archive.org/web/20241122140915/https://docs.google.com/spreadsheets/d/1vW-nFbnR02F9BEnNPe5NBejHRGPt0QEGOYXLSePsC1k/htmlview"
"Trackers","Ye Tracker (Oct 2 2024)","Copy of the Ye Tracker made on Oct 2 2024","Archive Copy","Yes (HTML)","https://web.archive.org/web/20241002190521/https://docs.google.com/spreadsheets/d/1vW-nFbnR02F9BEnNPe5NBejHRGPt0QEGOYXLSePsC1k/htmlview?sle=true&usp=drivesdk&usp=embed_facebook#"
"Trackers","Ye Tracker (Bully V1 Era)","Copy of Ye Tracker made on September 2024, when the Bully era was just added. (Used to have a different color and cover)","Archive Copy","Unreleased Tab Only","https://web.archive.org/web/20240922215612/https://docs.google.com/spreadsheets/d/1vW-nFbnR02F9BEnNPe5NBejHRGPt0QEGOYXLSePsC1k/edit"
"Trackers","Ye Tracker (September 4 2024)","Copy of the Ye Tracker made on September 4 2024","Archive Copy","Yes (HTML)","https://web.archive.org/web/20240904144622/https://docs.google.com/spreadsheets/d/1vW-nFbnR02F9BEnNPe5NBejHRGPt0QEGOYXLSePsC1k/htmlview"
"Trackers","Ye Tracker (August 28 2024)","Copy of the Ye Tracker made on August 28 2024","Archive Copy","Yes (HTML)","https://web.archive.org/web/20240828170152/https://docs.google.com/spreadsheets/d/1vW-nFbnR02F9BEnNPe5NBejHRGPt0QEGOYXLSePsC1k/htmlview"
"Trackers","Ye Tracker (August 10 2024)","Copy of the Ye Tracker made on August 10 2024","Archive Copy","Yes (HTML)","https://web.archive.org/web/20240810020730/https://docs.google.com/spreadsheets/d/1vW-nFbnR02F9BEnNPe5NBejHRGPt0QEGOYXLSePsC1k/htmlview?id=1vW-nFbnR02F9BEnNPe5NBejHRGPt0QEGOYXLSePsC1k&includes_info_params=true&VER=8&lsq=-1&u=ANONYMOUS_00801369372001435688&flr=0&gsi&ssfi=0&smv=102&cimpl=0&MODE=init&zx=ze6kpyr3ftna&t=1&sle=true"
"Trackers","Ye Tracker (August 1 2024)","Copy of the Ye Tracker made on August 1 2024","Archive Copy","Yes (HTML)","https://web.archive.org/web/20240801000629/https://docs.google.com/spreadsheets/d/1vW-nFbnR02F9BEnNPe5NBejHRGPt0QEGOYXLSePsC1k/htmlview"
"Trackers","Ye Tracker (June 7, 2024)","Copy of the Ye Tracker made on June 7, 2024","Archive Copy","Yes","https://docs.google.com/spreadsheets/d/1Oa-7LgziRKx7XnX6aM_X1W7MZT4ZBbA4up1C2JPBsck/edit?usp=drivesdk"
"Trackers","Ye Tracker (March 24 2024)","Copy of the Ye Tracker made on March 24 2024","Archive Copy","Yes (HTML)","https://web.archive.org/web/20240324074108/https://docs.google.com/spreadsheets/d/1vW-nFbnR02F9BEnNPe5NBejHRGPt0QEGOYXLSePsC1k/htmlview"
"Trackers","Ye Tracker (Vultures 2 and 3 Era)","Copy of Ye Tracker made on March 21 2024. Adds the Vultures 2 and 3 era","Archive Copy","Yes (HTML)","https://web.archive.org/web/20240321074108/https://docs.google.com/spreadsheets/d/1vW-nFbnR02F9BEnNPe5NBejHRGPt0QEGOYXLSePsC1k/htmlview"
"Trackers","Ye Tracker (March 20 2024)","Copy of Ye Tracker made on March 20 2024.","Archive Copy","Unreleased Tab Only","https://web.archive.org/web/20240321084330/https://docs.google.com/spreadsheets/d/1vW-nFbnR02F9BEnNPe5NBejHRGPt0QEGOYXLSePsC1k/edit#gid=0"
"Trackers","Ye Tracker (Feb 9 2024)","Copy of the Ye Tracker made on Feb 9 2024","Archive Copy","Yes (HTML)","https://web.archive.org/web/20240209050813/https://docs.google.com/spreadsheets/d/1vW-nFbnR02F9BEnNPe5NBejHRGPt0QEGOYXLSePsC1k/htmlview"
"Trackers","Ye Tracker (Feb 7 2024)","Copy of the Ye Tracker made on Feb 7 2024","Archive Copy","Yes","https://docs.google.com/spreadsheets/d/1xKMVQeFhmZu3ejZ0_vYGDUt7Y8WGESkKKTZ6dUoV99U/edit?usp=drivesdk"
"Trackers","Ye Tracker (Jan 31 2024)","Copy of the Ye Tracker made on Jan 31 2024","Archive Copy","Yes (HTML)","https://web.archive.org/web/20240131015219/https://docs.google.com/spreadsheets/d/1vW-nFbnR02F9BEnNPe5NBejHRGPt0QEGOYXLSePsC1k/htmlview"
"Trackers","Ye Tracker (Jan 25 2024)","Copy of the Ye Tracker made on Jan 25 2024","Archive Copy","Yes (HTML)","https://web.archive.org/web/20240125211628/https://docs.google.com/spreadsheets/d/1vW-nFbnR02F9BEnNPe5NBejHRGPt0QEGOYXLSePsC1k/htmlview"
"Trackers","Ye Tracker (Jan 14 2024)","Copy of the Ye Tracker made on Jan 14 2024","Archive Copy","Yes (HTML)","https://web.archive.org/web/20240114170928/https://docs.google.com/spreadsheets/d/1vW-nFbnR02F9BEnNPe5NBejHRGPt0QEGOYXLSePsC1k/htmlview"
"Trackers","Ye Tracker (Jan 11 2024)","Copy of the Ye Tracker made on Jan 11 2024","Archive Copy","Unreleased Tab Only","https://web.archive.org/web/20240111211443/https://docs.google.com/spreadsheets/d/1vW-nFbnR02F9BEnNPe5NBejHRGPt0QEGOYXLSePsC1k/edit#gid=0"
"Trackers","Ye Tracker (Vultures Era)","Copy of the Ye Tracker made on Vultures Era, Jan 4 2024. It reworks the BBPB era to turn it into Vultures.","Archive Copy","Yes","https://web.archive.org/web/20240105004334/https://docs.google.com/spreadsheets/d/1vW-nFbnR02F9BEnNPe5NBejHRGPt0QEGOYXLSePsC1k/htmlview"
"","2023'","","","",""
"Trackers","Ye Tracker (December 7, 2023)","Copy of the Ye Tracker made on December 7, 2023","Archive Copy","Yes (HTML)","https://web.archive.org/web/20231207213827/https://docs.google.com/spreadsheets/d/1vW-nFbnR02F9BEnNPe5NBejHRGPt0QEGOYXLSePsC1k/htmlview"
"Trackers","Ye Tracker (November 24, 2023)","Copy of the Ye Tracker made on November 24, 2023","Archive Copy","Yes (HTML)","https://web.archive.org/web/20231124171910/https://docs.google.com/spreadsheets/d/1vW-nFbnR02F9BEnNPe5NBejHRGPt0QEGOYXLSePsC1k/htmlview"
"Trackers","Ye Tracker (November 21, 2023)","Copy of the Ye Tracker made on November 21, 2023","Archive Copy","No","Link Needed"
"Trackers","Ye Tracker (November 15, 2023)","Copy of the Ye Tracker made on November 15, 2023","Archive Copy","Yes (HTML)","https://web.archive.org/web/20231115064333/https://docs.google.com/spreadsheets/d/1vW-nFbnR02F9BEnNPe5NBejHRGPt0QEGOYXLSePsC1k/htmlview"
"Trackers","Ye Tracker (November 14, 2023)","Copy of the Ye Tracker made on November 14, 2023","Archive Copy","Yes (HTML)","https://web.archive.org/web/20231114222919/https://docs.google.com/spreadsheets/d/1vW-nFbnR02F9BEnNPe5NBejHRGPt0QEGOYXLSePsC1k/htmlview?sle=true"
"Trackers","Ye Tracker (November 4, 2023)","Copy of the Ye Tracker made on November 4, 2023","Archive Copy","Yes (HTML)","https://web.archive.org/web/20231104194056/https://docs.google.com/spreadsheets/d/1vW-nFbnR02F9BEnNPe5NBejHRGPt0QEGOYXLSePsC1k/htmlview"
"Trackers","Ye Tracker (November 3, 2023)","Copy of Ye Tracker made on November 3, 2023.","Archive Copy","Yes","https://docs.google.com/spreadsheets/d/1c8E2S4SOLKwQ3pYezl7hGFCrnr0Y3ha7BfM05Ux6KRI/edit?usp=drivesdk"
"Trackers","Ye Tracker (October 25 2023)","Copy of Ye Tracker made On October 25 2023","Archive Copy","Unreleased Tab Only","https://web.archive.org/web/20231025022233/https://docs.google.com/spreadsheets/d/1vW-nFbnR02F9BEnNPe5NBejHRGPt0QEGOYXLSePsC1k/edit"
"Trackers","Ye Tracker (Oct 22 2023)","Copy of the Ye Tracker made on October 22, 2023. ","Archive Copy","Yes","https://docs.google.com/spreadsheets/d/1ho2o-K_mbodnsq3Z5jCuwG7xrOOzhMI_9hnfOsZR3c0/edit?usp=drivesdk"
"Trackers","✨ Ye Tracker (BBPB Era)","Copy of Ye Tracker made when BBPB was just added. October 6 2023. Contains full tabs that aren't on the current tracker like interviews","Archive Copy","Yes","https://docs.google.com/spreadsheets/d/1ctFqggfhE2NULlAkk2B_J8CKuECOqriXGwwcXl-Hyus/edit?usp=drivesdk"
"Trackers","Ye Tracker (Oct 1 2023)","Copy of Ye Tracker made on Oct 1, 2023. ","Archive Copy","Yes (HTML)","https://web.archive.org/web/20231001104929/https://docs.google.com/spreadsheets/d/1vW-nFbnR02F9BEnNPe5NBejHRGPt0QEGOYXLSePsC1k/htmlview"
"Trackers","Ye Tracker (July 16 2023)","Copy of Ye Tracker made On July 16, 2023.","Archive Copy","Yes (HTML)","https://web.archive.org/web/20230716190003/https://docs.google.com/spreadsheets/d/1vW-nFbnR02F9BEnNPe5NBejHRGPt0QEGOYXLSePsC1k/htmlview?pli=1"
"Trackers","Ye Tracker (June 26 2023)","Copy of Ye Tracker made on June 26 2023. ","Archive Copy","Yes","https://docs.google.com/spreadsheets/d/1G5D9fKryoO9ZaENitUmyHf640RV6U4cSvQDqz-FXMnk/edit?usp=drivesdk"
"Trackers","Ye Tracker (June 21 2023)","Copy of Ye Tracker made on June 21 2023. ","Archive Copy","Yes","https://docs.google.com/spreadsheets/d/1NvENYRGkY_gVYAuy180cfSZoepsqeRWgT167S1ZHx8E/edit?usp=drivesdk"
"Trackers","Ye Tracker (June 17 2023)","Copy of Ye Tracker made on June 17 2023.","Archive Copy","Yes","https://docs.google.com/spreadsheets/d/1JlEQZCuoyAOruieWszNoQDAQEqDrUDjU9gCP8YPerSo/edit?usp=drivesdk"
"Trackers","Ye Tracker (June 13 2023)","Copy of the Ye Tracker made on June 13, 2023. ","Archive Copy","Yes","https://docs.google.com/spreadsheets/d/14UVTcuSHgIIOmXRl5eJYOn_8qKkiL2YCIObhe0v7l-U/edit?usp=drivesdk"
"Trackers","Ye Tracker (May 21 2023)","Copy of the Ye Tracker made on May 21 2023. Removes the Donda 3 era.","Archive Copy","Yes (HTML)","https://web.archive.org/web/20230521063550/https://docs.google.com/spreadsheets/d/1vW-nFbnR02F9BEnNPe5NBejHRGPt0QEGOYXLSePsC1k/preview?usp=embed_googleplus"
"Trackers","Ye Tracker (May 4 2023)","Copy of the Ye Tracker made on May 4 2023.","Archive Copy","Yes","https://docs.google.com/spreadsheets/d/1qGJYvhwps17xGM1QTRlAn1bckSHUgg4Wa477isLkxfo/edit?usp=drivesdk"
"Trackers","Ye Tracker (Apr 20 2023)","Copy of Ye Tracker made on Apr 20 2023.","Archive Copy","Yes","https://docs.google.com/spreadsheets/d/1ZEUQ0qqFNpwR3k2Sb0R3ex8TPaDRGgrm4O1eaCZhjxE/edit?usp=drivesdk"
"Trackers","Ye Tracker (Mar 22 2023)","Copy of Ye Tracker made on Mar 22 2023. ","Archive Copy","Yes","https://docs.google.com/spreadsheets/d/1ntLT7fAMzHslZlebKwHcsZfBoqYt_A7Q0rHoyEC4gfA/edit?usp=drivesdk"
"Trackers","Ye Tracker (Mar 7 2023)","Copy of the Ye Tracker made on Mar 7 2023","Archive Copy","Yes (HTML)","https://web.archive.org/web/20230307143820/https://docs.google.com/spreadsheets/d/1vW-nFbnR02F9BEnNPe5NBejHRGPt0QEGOYXLSePsC1k/htmlview"
"Trackers","✨ Ye Tracker (Feb 24 2023)","Copy of Ye Tracker made On February 24, 2023. Has Good ass Job separated on 2 different eras. which are 2008 and 2009. and also for a very weird reason, a Donda 3 era. also wrongly marks YEBU as Donda 2 V2.","Archive Copy","Yes","https://docs.google.com/spreadsheets/d/1Bl6KCXFb-Ugk2gdwmspDgc0bivBs4p8w9lvUKtn6DLY/edit?usp=drivesdk"
"Trackers","Ye Tracker (Jan 14 2023)","Copy of the Ye Tracker made on Jan 14 2023","Archive Copy","Yes (HTML)","https://web.archive.org/web/20230114073604/https://docs.google.com/spreadsheets/d/1vW-nFbnR02F9BEnNPe5NBejHRGPt0QEGOYXLSePsC1k/htmlview"
"Trackers","Ye Tracker (Jan 2 2023)","Copy of the Ye Tracker made on Jan 2 2023 Featured to have the YEBU era wrongly named as donda 2 v2. since it wasnt confirmed to have been a different project.","Archive Copy","Yes (HTML)","https://web.archive.org/web/20230102021617/https://docs.google.com/spreadsheets/d/1vW-nFbnR02F9BEnNPe5NBejHRGPt0QEGOYXLSePsC1k/htmlview"
"","2022'","","","",""
"Trackers","Ye Tracker (Dec 24 2022)","Copy of the Ye Tracker made on December 24, 2022.","Archive Copy","No","https://docs.google.com/spreadsheets/d/1w7Y7R2JzYTwDiPGuS2AtucWBJSa2cMwXznFmrdjZAyc/edit?usp=drivesdk"
"Trackers","Ye Tracker (Dec 16 2022)","Copy of the Ye Tracker made on December 16, 2022.","Archive Copy","Yes (HTML)","https://web.archive.org/web/20221216231132/https://docs.google.com/spreadsheets/d/1vW-nFbnR02F9BEnNPe5NBejHRGPt0QEGOYXLSePsC1k/htmlview?pru=AAABhUFA63s%2AbQzvl9e9eXIfuLxaTOVvuA"
"Trackers","Ye Tracker (Nov 18 2022)","Copy of the Ye Tracker made on Nov 18, 2022.","Archive Copy","Yes (HTML)","https://web.archive.org/web/20221118192111/https://docs.google.com/spreadsheets/d/1vW-nFbnR02F9BEnNPe5NBejHRGPt0QEGOYXLSePsC1k/htmlview?pru=AAABhLAajKA*TOAeHYMcGMViCWJfA9SjPw"
"Trackers","Ye Tracker (Oct 29 2022)","Copy of the Ye Tracker made on October 29 2022","Archive Copy","Yes (HTML)","https://web.archive.org/web/20221029185557/https://docs.google.com/spreadsheets/d/1vW-nFbnR02F9BEnNPe5NBejHRGPt0QEGOYXLSePsC1k/htmlview?pru=AAABhEklc6A%2AG0oTDtaK9YFw7cg0LzUjnA"
"Trackers","Ye Tracker (Oct 26 2022)","Copy of the Ye Tracker made on October 26 2022","Archive Copy","Yes (HTML)","https://web.archive.org/web/20221026151704/https://docs.google.com/spreadsheets/d/1vW-nFbnR02F9BEnNPe5NBejHRGPt0QEGOYXLSePsC1k/htmlview?sle=true&pru=AAABhDjqav4%2AVV2kKuo7cyY70pv-EZVY4A"
"Trackers","Ye Tracker (Oct 23 2022)","Copy of the Ye Tracker made on October 23 2022","Archive Copy","Yes (HTML)","https://web.archive.org/web/20221023023846/https://docs.google.com/spreadsheets/d/1vW-nFbnR02F9BEnNPe5NBejHRGPt0QEGOYXLSePsC1k/htmlview?pru=AAABhCbA6KM%2A4hc347PqlOL_tKEOHgIqIQ"
"Trackers","Ye Tracker (Oct 14 2022)","Copy of the Ye Tracker made on October 14 2022","Archive Copy","Yes (HTML)","https://web.archive.org/web/20221014005023/https://docs.google.com/spreadsheets/d/1vW-nFbnR02F9BEnNPe5NBejHRGPt0QEGOYXLSePsC1k/htmlview?pru=AAABg5ZJtmw%2A3X3nYPijCsRmmHGfs7mm8g"
"Trackers","Ye Tracker (Oct 5 2022)","Copy of the Ye Tracker made on October 5, 2022.","Archive Copy","Yes","https://docs.google.com/spreadsheets/d/1SbhoKxQoZ659C3_-fuTxKDcl_XIHwmIVRfu8FalVUU0/edit?usp=drivesdk"
"Trackers","Ye Tracker (Oct 3 2022)","Copy of the Ye Tracker made on October 3, 2022.","Archive Copy","Barely","https://web.archive.org/web/20221003053444/https://docs.google.com/spreadsheets/d/1vW-nFbnR02F9BEnNPe5NBejHRGPt0QEGOYXLSePsC1k/edit#gid=0"
"Trackers","Ye Tracker (September 7 2022)","Copy of the Ye Tracker made on September 7 2022","Archive Copy","Unreleased Tab Only","https://web.archive.org/web/20220907224517/https://docs.google.com/spreadsheets/d/1vW-nFbnR02F9BEnNPe5NBejHRGPt0QEGOYXLSePsC1k/edit#gid=0"
"Trackers","Ye Tracker (September 4 2022)","Copy of the Ye Tracker made on September 4 2022","Archive Copy","Unreleased Tab Only","https://web.archive.org/web/20220904002554/https://docs.google.com/spreadsheets/d/1vW-nFbnR02F9BEnNPe5NBejHRGPt0QEGOYXLSePsC1k/edit#gid=0"
"Trackers","Ye Tracker (August 25 2022)","Copy of the Ye Tracker made on August 25 2022","Archive Copy","Yes (HTML)","https://web.archive.org/web/20220825110759/https://docs.google.com/spreadsheets/d/1vW-nFbnR02F9BEnNPe5NBejHRGPt0QEGOYXLSePsC1k/htmlview?pru=AAABguZA3SM%2Ayak_0vdDonFtF-RJBCpouQ"
"Trackers","Ye Tracker (August 24 2022)","Copy of the Ye Tracker made on August 24 2022","Archive Copy","Unreleased Tab Only","https://web.archive.org/web/20220824034518/https://docs.google.com/spreadsheets/d/1vW-nFbnR02F9BEnNPe5NBejHRGPt0QEGOYXLSePsC1k/edit#gid=0"
"Trackers","Ye Tracker (August 17 2022)","Copy of the Ye Tracker made on August 17 2022","Archive Copy","Yes (HTML)","https://web.archive.org/web/20220817031600/https://docs.google.com/spreadsheets/d/1vW-nFbnR02F9BEnNPe5NBejHRGPt0QEGOYXLSePsC1k/htmlview?pru=AAABgs2_VaA*-R9gm-6G1tGlNUtbUapEMg"
"Trackers","Ye Tracker (August 12 2022)","Copy of the Ye Tracker made on August 12 2022","Archive Copy","Unreleased Tab Only","https://web.archive.org/web/20220812030056/https://docs.google.com/spreadsheets/d/1vW-nFbnR02F9BEnNPe5NBejHRGPt0QEGOYXLSePsC1k/edit#gid=0"
"Trackers","🗑️ Ye Tracker (August 1 2022)","Copy of the Ye Tracker made on August 1 2022","Archive Copy","No","https://web.archive.org/web/20220801021315/https://docs.google.com/spreadsheets/d/1vW-nFbnR02F9BEnNPe5NBejHRGPt0QEGOYXLSePsC1k/htmlview"
"Trackers","Ye Tracker (July 30 2022)","Copy of the Ye Tracker made on July 30 2022","Archive Copy","Unreleased Tab Only","https://web.archive.org/web/20220730172109/https://docs.google.com/spreadsheets/d/1vW-nFbnR02F9BEnNPe5NBejHRGPt0QEGOYXLSePsC1k/edit#gid=0"
"Trackers","Ye Tracker (July 13 2022)","Copy of the Ye Tracker made on July 13 2022 ","Archive Copy","Yes","https://docs.google.com/spreadsheets/d/1hvvCYoGsUwRK5bG6EOb28-gm3k4A2XJmifV1HHzazBM/edit?usp=drivesdk"
"Trackers","Ye Tracker (July 16 2022)","Copy of the Ye Tracker made on July 16 2022","Archive Copy","Yes (HTML)","https://web.archive.org/web/20220716010322/https://docs.google.com/spreadsheets/d/1vW-nFbnR02F9BEnNPe5NBejHRGPt0QEGOYXLSePsC1k/htmlview"
"Trackers","Ye Tracker (July 5 2022)","Copy of the Ye Tracker made on July 5 2022","Archive Copy","Unreleased Tab Only","https://web.archive.org/web/20220705220312/https://docs.google.com/spreadsheets/d/1vW-nFbnR02F9BEnNPe5NBejHRGPt0QEGOYXLSePsC1k/edit#gid=0"
"Trackers","Ye Tracker (June 15 2022)","Copy of the Ye Tracker made on June 15 2022","Archive Copy","Yes (HTML)","https://web.archive.org/web/20220615173306/https://docs.google.com/spreadsheets/d/1vW-nFbnR02F9BEnNPe5NBejHRGPt0QEGOYXLSePsC1k/htmlview?sle=true&pru=AAABgYx5kfE*NRDbEo4aUb3REPFkeWWUOw"
"Trackers","Ye Tracker (June 5 2022)","Copy of the Ye Tracker made on June 5 2022","Archive Copy","Unreleased Tab Only","https://web.archive.org/web/20220605043134/https://docs.google.com/spreadsheets/d/1vW-nFbnR02F9BEnNPe5NBejHRGPt0QEGOYXLSePsC1k/edit#gid=0"
"Trackers","Ye Tracker (May 28 2022)","Copy of the Ye Tracker made on May 28 2022","Archive Copy","Yes (HTML)","https://web.archive.org/web/20220528231408/https://docs.google.com/spreadsheets/d/1vW-nFbnR02F9BEnNPe5NBejHRGPt0QEGOYXLSePsC1k/htmlview?pru=AAABf0katSw*sUAiJSrOke9EUyI6ZA45uA"
"Trackers","Ye Tracker (May 21 2022)","Copy of the Ye Tracker made on May 21 2022","Archive Copy","Unreleased Tab Only","https://web.archive.org/web/20220521084609/https://docs.google.com/spreadsheets/d/1vW-nFbnR02F9BEnNPe5NBejHRGPt0QEGOYXLSePsC1k/edit#gid=0"
"Trackers","Ye Tracker (May 19 2022)","Copy of the Ye Tracker made on May 19 2022","Archive Copy","Yes (HTML)","https://web.archive.org/web/20220519181312/https://docs.google.com/spreadsheets/d/1vW-nFbnR02F9BEnNPe5NBejHRGPt0QEGOYXLSePsC1k/htmlview?sle=true&pru=AAABgQGSlLk*Lvy-mA2Xdh6hhj4Ut0_G2w"
"Trackers","Ye Tracker (May 17 2022)","Copy of the Ye Tracker made on May 17 2022","Archive Copy","Yes (HTML)","https://web.archive.org/web/20220517152438/https://docs.google.com/spreadsheets/d/1vW-nFbnR02F9BEnNPe5NBejHRGPt0QEGOYXLSePsC1k/htmlview?pru=AAABgPaUt6k%2AkJnB_C8O02TtIueSc256vg"
"Trackers","Ye Tracker (May 14 2022)","Copy of the Ye Tracker made on May 14 2022","Archive Copy","Unreleased Tab Only","https://web.archive.org/web/20220514180100/https://docs.google.com/spreadsheets/d/1vW-nFbnR02F9BEnNPe5NBejHRGPt0QEGOYXLSePsC1k/edit#gid=0"
"Trackers","🗑️ Ye Tracker (April 2 2022)","Copy of the Ye Tracker made on April 2 2022","Archive Copy","Barely","https://web.archive.org/web/20220402174327/https://docs.google.com/spreadsheets/d/1vW-nFbnR02F9BEnNPe5NBejHRGPt0QEGOYXLSePsC1k/edit#gid=0"
"Trackers","Ye Tracker (March 6 2022)","Copy of the Ye Tracker made on March 6 2022","Archive Copy","Yes (HTML)","https://web.archive.org/web/20220306214755/https://docs.google.com/spreadsheets/d/1vW-nFbnR02F9BEnNPe5NBejHRGPt0QEGOYXLSePsC1k/htmlview"
"Trackers","Ye Tracker (Pre 22.22.22)","Copy of Ye Tracker made 1 day before the release of Donda 2 off the stem player. (feb 21 2022)","Archive Copy","Yes (HTML)","https://web.archive.org/web/20220221123500/https://docs.google.com/spreadsheets/d/1vW-nFbnR02F9BEnNPe5NBejHRGPt0QEGOYXLSePsC1k/htmlview"
"Trackers","Ye Tracker (Donda 2 Era)","Copy of Ye Tracker made During the Donda 2 Era. February 2 2022. there wasn't a cover confirmed nor a color pallete for the era.","Archive Copy","Yes (HTML)","https://web.archive.org/web/20220430223551/https://docs.google.com/spreadsheets/d/1vW-nFbnR02F9BEnNPe5NBejHRGPt0QEGOYXLSePsC1k/edit#gid=0"
"Trackers","✨️ Ye Tracker (POST-Donda)","Copy of the Ye Tracker made on January 2, 2022. Has a really particular feature that it was made right after Donda (Deluxe)'s release. There was no info of another album being made at the moment so it was basically considered being ""(ONGOING)""","Archive Copy","Yes","https://docs.google.com/spreadsheets/d/1GuHz5khOy7iaAXdot9TrcW2T_DIb1KouVoBSHs8BG44/edit?usp=drivesdk"
"","2021'","","","",""
"Trackers","Kanye West Tracker (Dec 18 2021) (Ye Tracker, Kanye's Unreleased Tracker, WestTrackerEver, Not A Justin Beiber and Dua Lipa Tracker)","Copy of the Ye Tracker made on Dec 18 2021","Archive Copy","Yes (HTML)","https://web.archive.org/web/20211218212235/https://docs.google.com/spreadsheets/d/1vW-nFbnR02F9BEnNPe5NBejHRGPt0QEGOYXLSePsC1k/htmlview"
"Trackers","Not A Justin Beiber and Dua Lipa Tracker (Nov 26 2021) (Ye Tracker, Kanye's Unreleased Tracker, WestTrackerEver)","Copy of Ye Tracker made on November 26, 2021.","Archive Copy","Yes (HTML)","https://web.archive.org/web/20211126095902/https://docs.google.com/spreadsheets/d/1vW-nFbnR02F9BEnNPe5NBejHRGPt0QEGOYXLSePsC1k/htmlview"
"Trackers","Not A Justin Beiber and Dua Lipa Tracker (Nov 25 2021) (Ye Tracker, Kanye's Unreleased Tracker, WestTrackerEver)","Copy of Ye Tracker made on November 25, 2021. (Yes this was the name during the copy.)","Archive Copy","Yes (HTML)","https://web.archive.org/web/20211125034212/https://docs.google.com/spreadsheets/d/1vW-nFbnR02F9BEnNPe5NBejHRGPt0QEGOYXLSePsC1k/htmlview#"
"Trackers","Kanye Tracker (Nov 24 2021)
(Ye Tracker, Kanye's Unreleased Tracker, WestTrackerEver)","Copy of Ye Tracker made on November 24, 2021.","Archive Copy","Barely","https://web.archive.org/web/20211124181017/https://docs.google.com/spreadsheets/d/1vW-nFbnR02F9BEnNPe5NBejHRGPt0QEGOYXLSePsC1k/edit#gid=0"
"Trackers","Kanye Tracker (Donda V3 Era)
(Ye Tracker, Kanye's Unreleased Tracker, WestTrackerEver)","Copy of During the Donda (V3) Era. November 6, 2021.","Archive Copy","Yes","https://docs.google.com/spreadsheets/d/1RO_tBrgroSstGXwz59VAKT4iaDvp0hNR1AZfktBy1Fw/edit?usp=drivesdk"
"Trackers","Kanye Tracker (Oct 28 2021)
(Ye Tracker, Kanye's Unreleased Tracker, WestTrackerEver)","Copy of Ye Tracker made on Oct 28 2021","Archive Copy","Yes (HTML)","https://web.archive.org/web/20211028225632/https://docs.google.com/spreadsheets/d/14KHVWNqqy4_cF4qU0eHsZpSDtn2Ap0AdXXjg2S5QzhI/htmlview#"
"Trackers","Kanye Tracker (Oct 9 2021)
(Ye Tracker, Kanye's Unreleased Tracker, WestTrackerEver)","Copy of Ye Tracker made on Oct 9 2021","Archive Copy","Yes (HTML)","https://web.archive.org/web/20211009200109/https://docs.google.com/spreadsheets/d/14KHVWNqqy4_cF4qU0eHsZpSDtn2Ap0AdXXjg2S5QzhI/htmlview"
"Trackers","Kanye Tracker (Oct 4 2021)
(Ye Tracker, Kanye's Unreleased Tracker, WestTrackerEver)","Copy of Ye Tracker made on Oct 4 2021","Archive Copy","Yes (HTML)","https://web.archive.org/web/20211004074134/https://docs.google.com/spreadsheets/d/14KHVWNqqy4_cF4qU0eHsZpSDtn2Ap0AdXXjg2S5QzhI/htmlview?pru=AAABe-vGp9U*1jOnF53kCmRqMpfRd9gQdw#"
"Trackers","Kanye Tracker (September 12 2021)
(Ye Tracker, Kanye's Unreleased Tracker, WestTrackerEver)","Copy of Ye Tracker made on September 12 2021","Archive Copy","Barely","https://web.archive.org/web/20210912185157/https://docs.google.com/spreadsheets/d/14KHVWNqqy4_cF4qU0eHsZpSDtn2Ap0AdXXjg2S5QzhI/edit#gid=0"
"Trackers","Kanye Tracker (September 7 2021)
(Ye Tracker, Kanye's Unreleased Tracker, WestTrackerEver)","Copy of Ye Tracker made on September 7 2021","Archive Copy","Yes (HTML)","https://web.archive.org/web/20210907172424/https://docs.google.com/spreadsheets/d/14KHVWNqqy4_cF4qU0eHsZpSDtn2Ap0AdXXjg2S5QzhI/htmlview?usp=sharing&pru=AAABe-VC9MQ*02LuJ-0fZmGJn6gKtivkrg"
"Trackers","Kanye Tracker (August 27 2021)
(Ye Tracker, Kanye's Unreleased Tracker, WestTrackerEver)","Copy of Ye Tracker made on August 27 2021","Archive Copy","Barely","https://web.archive.org/web/20210827075909/https://docs.google.com/spreadsheets/d/14KHVWNqqy4_cF4qU0eHsZpSDtn2Ap0AdXXjg2S5QzhI/edit#gid=0"
"Trackers","Kanye Tracker (August 20 2021)
(Ye Tracker, Kanye's Unreleased Tracker, WestTrackerEver)","Copy of Ye Tracker made on August 20 2021","Archive Copy","Barely","https://web.archive.org/web/20210820104230/https://docs.google.com/spreadsheets/d/14KHVWNqqy4_cF4qU0eHsZpSDtn2Ap0AdXXjg2S5QzhI/edit#gid=0"
"Trackers","✨ Kanye Tracker (August 3 2021)
(Ye Tracker, Kanye's Unreleased Tracker, WestTrackerEver)","Copy of Ye Tracker made on August 3 2021. Has an odd Interviews Tab","Archive Copy","Mostly","https://docs.google.com/spreadsheets/d/1yvBfuJdLDMCPTsnd6cY-0L8X7uGd6keNzx5VLIv26vg/edit?usp=drivesdk"
"Trackers","✨️ Kanye Tracker (Donda V2 Era)
(Ye Tracker, Kanye's Unreleased Tracker, WestTrackerEver)","Copy of Ye Tracker made During the Donda V2 Era (July 28 2021). The recent tab is kind of fixed because it's still broken compared to the October 2020 Copy.","Archive Copy","Yes","https://docs.google.com/spreadsheets/d/1CjosjW0ESGMlwd4dfVdnh7A-dfNOPssOH_KIAz3696I/edit?usp=drivesdk"
"Trackers","WestTrackerEver (July 31 2021)
(Ye Tracker, Kanye's Unreleased Tracker)","Copy of Ye Tracker made on July 31 2021","Archive Copy","Yes (HTML)","https://web.archive.org/web/20210731205019/https://docs.google.com/spreadsheets/d/14KHVWNqqy4_cF4qU0eHsZpSDtn2Ap0AdXXjg2S5QzhI/htmlview?usp=sharing&pru=AAABc6vI32o*0WFdS0c7Ej53bMQHDpXxHw"
"Trackers","WestTrackerEver (July 25 2021)
(Ye Tracker, Kanye's Unreleased Tracker)","Copy of Ye Tracker made on July 25 2021","Archive Copy","Barely","https://web.archive.org/web/20210725053832/https://docs.google.com/spreadsheets/d/14KHVWNqqy4_cF4qU0eHsZpSDtn2Ap0AdXXjg2S5QzhI/edit#gid=0"
"Trackers","WestTrackerEver (June 13 2021)
(Ye Tracker, Kanye's Unreleased Tracker)","Copy of Ye Tracker made on June 13 2021","Archive Copy","Yes (HTML)","https://web.archive.org/web/20210613161933/https://docs.google.com/spreadsheets/d/14KHVWNqqy4_cF4qU0eHsZpSDtn2Ap0AdXXjg2S5QzhI/htmlview?usp=sharing&pru=AAABc6vI32o*0WFdS0c7Ej53bMQHDpXxHw#"
"Trackers","WestTrackerEver (June 8 2021)
(Ye Tracker, Kanye's Unreleased Tracker)","Copy of Ye Tracker made on June 8 2021","Archive Copy","Barely","https://web.archive.org/web/20210608011311/https://docs.google.com/spreadsheets/d/14KHVWNqqy4_cF4qU0eHsZpSDtn2Ap0AdXXjg2S5QzhI/edit#gid=0"
"Trackers","WestTrackerEver (April 30 2021)
(Ye Tracker, Kanye's Unreleased Tracker)","Copy of Ye Tracker made on April 30 2021","Archive Copy","Barely","https://web.archive.org/web/20210430091622/https://docs.google.com/spreadsheets/d/14KHVWNqqy4_cF4qU0eHsZpSDtn2Ap0AdXXjg2S5QzhI/edit#gid=0"
"Trackers","🗑️ Drake Tracker?? (April 1 2021)
(Ye Tracker, Kanye's Unreleased Tracker)","Copy of Ye Tracker made on April 1 2021. Has a joke modification on every Album/Era names (Known and seen ones are Ye, KSG and Yandhi) where it switchs the names to Drake stuff. aka drizzy, kids see drake, yandrake.","Confirmed","No","https://drive.google.com/file/d/1k7STwaQP-pL8Ahu_AwBTUEkufn07Xi3K/view?usp=sharing"
"Trackers","WestTrackerEver (Feb 16 2021)
(Ye Tracker, Kanye's Unreleased Tracker)","Copy of Ye Tracker made on Feb 16 2021","Archive Copy","Yes (HTML)","https://web.archive.org/web/20210216121134/https://docs.google.com/spreadsheets/d/14KHVWNqqy4_cF4qU0eHsZpSDtn2Ap0AdXXjg2S5QzhI/htmlview"
"","2020' and below","","","",""
"Trackers","[Feedback Forum Responses]
(Forum Responses)","Forum responses included on the way back of old Ye Tracker back-up's. Was intended to be an open forum where people would request entries missing. However it was discontinued somewhat after 2021","Outdated","No","https://docs.google.com/forms/d/e/1FAIpQLSfCfUSkATL9cfQLguq3938IlSIhkWYbvcFzQgCYFrqGts3AYw/viewform"
"Trackers","Kanye Unreleased Tracker (Dec 31 2020)
(Ye Tracker)","Screenshot Evidenced that Wolves era on this date was removed. unknown if there's someone who made a copy of that exact day. image attached.","Confirmed","No","https://drive.google.com/file/d/13zW3mPoVo8JjcVErYAWcr2cWO-W4ZFyb/view?usp=sharing"
"Trackers","🏅 Kanye Unreleased Tracker (Dec 29 2020 - ??)
(Ye Tracker)","Screenshot that evidenced a new tab was being worked intended to drop separate OG FILES from the non og ones. Unknown how much this even lasted. Copies wanted.","Confirmed","No","https://drive.google.com/file/d/1_dRzlYsZbchl012KAbKgB0S9Ka4sJgK_/view?usp=sharing"
"Trackers","Kanye Unreleased Tracker (November 2020 - 2021 Copies)","Copies made through folders that were snaped through wayback machine. unknown how we can extract the files due to not loading..","Confirmed","Barely","https://web.archive.org/web/20250901000000*/https://drive.google.com/drive/folders/16YmdludVBaORHOc8dmCxDecE4ZIW5NVb"
"Trackers","Kanye Unreleased Tracker (Nov 25 2020)
(Ye Tracker)","Copy of Ye Tracker made on Nov 25 2020","Archive Copy","Yes (HTML)","https://web.archive.org/web/20201125032703/https://docs.google.com/spreadsheets/d/14KHVWNqqy4_cF4qU0eHsZpSDtn2Ap0AdXXjg2S5QzhI/htmlview"
"Trackers","Kanye Unreleased Tracker (Nov 22 2020)
(Ye Tracker)"," Nov 22 2020. Screenshot evidenced that there was a Remixes page ongoing from that date.","Confirmed","No","https://drive.google.com/file/d/14RXljhp7VzUh-QQtDBoEY_Q_k6X5xeSa/view?usp=sharing"
"Trackers","Kanye Unreleased Tracker (Nov 19 2020)
(Ye Tracker)","Copy of Ye Tracker made on Nov 19 2020","Archive Copy","Yes","https://docs.google.com/spreadsheets/d/1gOo5j7Q7eCcAqza4e09P_xYFALgJAjaaS-rKbZ8IDkU/edit?usp=drivesdk"
"Trackers","Kanye Unreleased Tracker (Nov 13 2020)
(Ye Tracker)","Copy of Ye Tracker made on Nov 13 2020","Archive Copy","Yes (HTML)","https://web.archive.org/web/20201113184425/https://docs.google.com/spreadsheets/d/14KHVWNqqy4_cF4qU0eHsZpSDtn2Ap0AdXXjg2S5QzhI/htmlview"
"Trackers","⭐ Kanye's Unreleased Tracker (DONDA: WITH CHILD Era)
(Ye Tracker)","Ye Tracker copy made during Donda: WITH CHILD Era. Includes really distinct and full different things despite being an old copy, including a special landing page for eras, and a dictionary for words related to the leak community. Full copy provided by georgewbush@yeezyllc on discord. made on October 26 2020. (Lossless during that time was classified as ""FULL FLAC""). Also has a now scrapped era ""WOLVES""","Archive Copy","Yes","https://docs.google.com/spreadsheets/d/19XTD7yIM69RbAcY0jgZ1MCvPkeSWCJCGwUWyV08IIiE/edit?usp=drivesdk"
"Trackers","Kanye Unreleased Tracker (Apr 8 2020) (JESUS IS KING II)","Copy of the Ye Tracker made on April 8, 2020. Made during the JIK II Era.","Archive Copy","Yes","https://docs.google.com/spreadsheets/d/1kYJJb7t5ZRiDJ1BCpkpgIWBhkDlKAKcNNFPkYI04knE/edit?usp=drivesdk"
"Trackers","✨️ Kanye's Unreleased Tracker (JESUS IS KING Era)
(Ye Tracker)","Copy of Ye Tracker made During the JESUS IS KING Era. Made on January 8, 2020. Also a Changelog confirms that the editors are have been reformatted on This day.","Archive Copy","Yes","https://docs.google.com/spreadsheets/d/1s6218Q8FPe2o2Tx-bag8oZiM8TVpoJoIVJJtvmLpU8M/edit?usp=drivesdk"
"Trackers","🏅 Kanye's Unreleased Tracker (2019 Copies)
(Ye Tracker)","Ye Tracker copies made during 2019 that are still working are unknown","Unknown","No","Link Needed"
"Trackers","Kanye's Unreleased Tracker
(Ye Tracker)","Changelog confirms that an updated formulary was added on October 2, 2019","Confirmed","No","Link Needed"
"Trackers","Kanye's Unreleased Tracker
(Ye Tracker)","Changelog confirms that a Date column was added on September 29, 2019","Confirmed","No","Link Needed"
"Trackers","Kanye's Unreleased Tracker (PicoSong Removed)
(Ye Tracker)","Changelog confirms that Picosong links have been removed on September 9, 2019.","Confirmed","No","Link Needed"
"Trackers","Kanye's Unreleased Tracker (DBREE Removed)
(Ye Tracker)","Changelog confirms that Dbree links have been removed on April 13, 2019.","Confirmed","No","Link Needed"
"Trackers","Kanye's Unreleased Tracker (Yandhi Reordered)
(Ye Tracker)","Changelog confirms that Yandhi leaks have been reordered sometime at 2019.","Confirmed","No","Link Needed"
"Trackers","Kanye's Unreleased Tracker (October 10 2018)
(Ye Tracker)","Copy of Ye Tracker made on October 10, 2018. Has Slightly changes from the previous version.","Archive Copy","Yes","https://docs.google.com/spreadsheets/d/1vz6FJ60AoQBrH3lG9A274k2vEJt4bRAWqrPBpj8bRqo/edit?usp=drivesdk"
"Trackers","✨️ Kanye's Unreleased Tracker (Sep 27 2018)
(Ye Tracker)","Copy of the Ye Tracker made on September 27th, 2018, confirmed by the news section at the top mentioning Ye visited the FADER offices to promote Yandhi.","Archive Copy","Yes","https://docs.google.com/spreadsheets/d/1gus8yjjY5YePLmgkQh9FRrtWDM1pixhzp12Im8Wl8-Q/edit?usp=drivesdk"
"Trackers","Kanye's Unreleased Tracker (August 2018??)
(Ye Tracker)","Copy from august 2018. Notable earlier than versions above due to not having the Color tables, no ""Type"" Tables, no ""Quality"" and ""Available lenght"" Table indicators. Last files added are from the ""LOVE EVERYONE"" era.","Archive Copy","Yes","https://docs.google.com/spreadsheets/d/1C7X0GoT9CUfxsXwX_bqvn0N1DjOBtx3LPZUJ5uYN2ys/edit?usp=drivesdk"
"Trackers","🏅 Kanye's Unreleased Tracker (2017 Copies)
(Ye Tracker)","Ye Tracker copies made during 2017 that are still working are unknown. but it is evidenced by the old updated forum responses that has entries from 2017.","Confirmed","No","Link Needed"
"Trackers","Kanye's Unreleased Tracker (2016)
(Ye Tracker)","Earliest Copy Available that was evidenced by the old forum responses included on next copies. Dated September 2016. Features really distinct format as it has the eras positioned on a different way. and them being called ""Projects."".","Archive Copy","Yes","https://drive.google.com/file/d/1sd2vBKj2TroWANRdq2wl-Q_Jcyp2ng0X/view?usp=drive_link"
"",".net Ye Tracker Archive","","","This section will excplicitly be for New .net Archives as majority of the ones above are .net however it makes sense for the new .net ones to be seperate.",""
"Trackers",".net Ye Tracker (October 7th 2026)","Copy of the .net Ye Tracker made on October 7th 2026.","Archive Copy","Yes","https://docs.google.com/spreadsheets/d/1LfgcwHkGMmxXw-UVTyVIsMUvypSqwM3m-IdnrrblH0Q/edit?usp=drivesdk"
"Trackers",".net Ye Tracker (October 6th 2026)","Copy of the .net Ye Tracker made on October 6th 2026.","Archive Copy","Yes","https://docs.google.com/spreadsheets/d/1sjzMgPerKnUxUbinzdChXOiyzoVYBE6s__4_zz9iV7E/edit?usp=drivesdk"
"Trackers",".net Ye Tracker (October 5th 2026)","Copy of the .net Ye Tracker made on October 5th 2026.","Archive Copy","Yes","https://docs.google.com/spreadsheets/d/1C_-AclsVInf6S157P86O5zx2iZ7fRRYiaIcDTu0Yn1c/edit?usp=drivesdk"
"Trackers",".net Ye Tracker (October 4th 2026)","Copy of the .net Ye Tracker made on October 4th 2026.","Archive Copy","Yes","https://docs.google.com/spreadsheets/d/1i3xI488s-wEGoQuEiT5qn9xcpzT8NaBR7UOJrsrHfk0/edit?usp=drivesdk"
"Trackers",".net Ye Tracker (October 3rd 2026)","Copy of the .net Ye Tracker made on October 3rd 2026.","Archive Copy","Yes","https://docs.google.com/spreadsheets/d/111XzWD9Zt9VwIH8zlTPUWvgYOKqbD3cVT7lP2NQF4Vk/edit?usp=drivesdk"
"Trackers",".net Ye Tracker (October 2nd 2026)","Copy of the .net Ye Tracker made on October 2nd 2026.","Archive Copy","Yes","https://docs.google.com/spreadsheets/d/11XfS8tZQiaXq08bqlr-PGtIJ1qXJuR_BK17MwmQxHtA/edit?usp=drivesdk"
"Trackers",".net Ye Tracker (October 1st 2026)","Copy of the .net Ye Tracker made on October 1st 2026.","Archive Copy","Yes","https://docs.google.com/spreadsheets/d/1HGtqTY9osCPpwLO9BCE3O7iFb4tWjSv7Ih9nwbRkHzI/edit?usp=drivesdk"
"Trackers",".net Ye Tracker (September 30th 2026)","Copy of the .net Ye Tracker made on September 30th 2026.","Archive Copy","Yes","https://docs.google.com/spreadsheets/d/1Xi9HBL7dG9c69-S9tqZFfExugexIGy-7OmLRL1V_sOY/edit?usp=drivesdk"
"Trackers",".net Ye Tracker (September 29th 2026)","Copy of the .net Ye Tracker made on September 29th 2026.","Archive Copy","Yes","https://docs.google.com/spreadsheets/d/1DbMgILJgwtagaBpmxjVIDwSL1ysNQs8Q2EDkfnbY7FI/edit?usp=drivesdk"
"Trackers",".net Ye Tracker (September 28th 2026)","Copy of the .net Ye Tracker made on September 28th 2026.","Archive Copy","Yes","https://docs.google.com/spreadsheets/d/1PpCmFCcAdersXPlmujMDH3ExK58mztm89A4UcxScUFU/edit?usp=drivesdk"
"Trackers",".net Ye Tracker (September 27th 2026)","Copy of the .net Ye Tracker made on September 27th 2026.","Archive Copy","Yes","https://docs.google.com/spreadsheets/d/1Eksw3VRpF58BMoI4bXU6frY8gGuSXjEfAf4MOI8WtB0/edit?usp=drivesdk"
"Trackers",".net Ye Tracker (September 26th 2026)","Copy of the .net Ye Tracker made on September 26th 2026.","Archive Copy","Yes","https://docs.google.com/spreadsheets/d/16KLU7xmERLpzhrmckcPSBd1B7kUt0j8hPb4mXZ_tqyM/edit?usp=drivesdk"
"Trackers",".net Ye Tracker (September 25th 2026)","Copy of the .net Ye Tracker made on September 25th 2026.","Archive Copy","Yes","https://docs.google.com/spreadsheets/d/100XfZZ29MIezEETywpR589zC0e_QxzEZJb-sq4PIQr4/edit?usp=drivesdk"
"Trackers",".net Ye Tracker (September 24th 2026)","Copy of the .net Ye Tracker made on September 24th 2026.","Archive Copy","Yes","https://docs.google.com/spreadsheets/d/1qPySm1-2b4ctlaJ_hiJu_aPfdUbJPh-HYfFbZK0E0nA/edit?usp=drivesdk"
"Trackers",".net Ye Tracker (September 23rd 2026)","Copy of the .net Ye Tracker made on September 23rd 2026.","Archive Copy","Yes","https://docs.google.com/spreadsheets/d/1C3RqiSJth75EweRQzAk5OhkE3JXPdc9mMICIGP1wjiI/edit?usp=drivesdk"
"Trackers",".net Ye Tracker (September 22nd 2026)","Copy of the .net Ye Tracker made on September 22nd 2026.","Archive Copy","Yes","https://docs.google.com/spreadsheets/d/1O4dc2vtFjfeaLuIukiX8CTTLS_viSCge-pMatsl34Qw/edit?usp=drivesdk"
"Trackers",".net Ye Tracker (September 21st 2026)","Copy of the .net Ye Tracker made on September 21st 2026.","Archive Copy","Yes","https://docs.google.com/spreadsheets/d/1Qc1t8r0NKV0385zpAkc_chdiR5igWL1avjDwTpn4Eq8/edit?usp=drivesdk"
"Trackers",".net Ye Tracker (September 20th 2026)","Copy of the .net Ye Tracker made on September 20th 2026.","Archive Copy","Yes","https://docs.google.com/spreadsheets/d/1hp-U_PoK3nkOcPtmbzg5-P9ZPvrcSpr9GpGDURmUoHY/edit?usp=drivesdk"
"Trackers",".net Ye Tracker (September 19th 2026)","Copy of the .net Ye Tracker made on September 19th 2026.","Archive Copy","Yes","https://docs.google.com/spreadsheets/d/1oEbyK5z2iWGvMuSz84M0RJf7koh-L1Y9AzKzAvsVLuA/edit?usp=drivesdk"
"Trackers",".net Ye Tracker (September 18th 2026)","Copy of the .net Ye Tracker made on September 18th 2026.","Archive Copy","Yes","https://docs.google.com/spreadsheets/d/1mI2IhtTqXBUhQndVjgvYszlqPzaMUBkkiTlMSG4OhOg/edit?usp=drivesdk"
"Trackers",".net Ye Tracker (September 17th 2026)","Copy of the .net Ye Tracker made on September 17th 2026.","Archive Copy","Yes","https://docs.google.com/spreadsheets/d/1NkajXhr8R-D0sCrWzXC7Cp-4zzu8swsupZXtlmrrSZQ/edit?usp=drivesdk"
"Trackers",".net Ye Tracker (September 16th 2026)","Copy of the .net Ye Tracker made on September 16th 2026.","Archive Copy","Yes","https://docs.google.com/spreadsheets/d/128U5BhmFKhCdWkKp8BXGIX7uvO2eWkdCQ5voYEOQtfU/edit?usp=drivesdk"
"Trackers",".net Ye Tracker (September 15th 2026)","Copy of the .net Ye Tracker made on September 15th 2026.","Archive Copy","Yes","https://docs.google.com/spreadsheets/d/1dvTwQRdyzY6GS2P1OQibquLXC7x-WWvvB9JcRfTIxkA/edit?usp=drivesdk"
"Trackers",".net Ye Tracker (September 14th 2026)","Copy of the .net Ye Tracker made on September 14th 2026.","Archive Copy","Yes","https://docs.google.com/spreadsheets/d/126IKWIL2p84v2TVeYr0FsdwEoB4dQQ5nq3wNrq8IeNo/edit?usp=drivesdk"
"Trackers",".net Ye Tracker (September 13th 2026)","Copy of the .net Ye Tracker made on September 13th 2026.","Archive Copy","Yes","https://docs.google.com/spreadsheets/d/1rAB-YWvzdQay0-l-yG_vnFwImLX8kP4AmE3FDt1rVEk/edit?usp=drivesdk"
"Trackers",".net Ye Tracker (September 12th 2026)","Copy of the .net Ye Tracker made on September 12th 2026.","Archive Copy","Yes","https://docs.google.com/spreadsheets/d/1Y723rkUAqZTSuHw7oonQRuugCL8YnpLBiJzNV7-kGuk/edit?usp=drivesdk"
"Trackers",".net Ye Tracker (September 11th 2026)","Copy of the .net Ye Tracker made on September 11th 2026.","Archive Copy","Yes","https://docs.google.com/spreadsheets/d/1iPHE5Gwq45HA8NVdzmm3WjaPHvu1UFm7pGUuRge8OTI/edit?usp=drivesdk"
"Trackers",".net Ye Tracker (September 10th 2026)","Copy of the .net Ye Tracker made on September 10th 2026.","Archive Copy","Yes","https://docs.google.com/spreadsheets/d/1JHp5KU-255Hs4H-mahgCxUMqEs2BCUzgKj41xDkPi9U/edit?usp=drivesdk"
"Trackers",".net Ye Tracker (September 9th 2026)","Copy of the .net Ye Tracker made on September 9th 2026.","Archive Copy","Yes","https://docs.google.com/spreadsheets/d/117JQwoDmrz2916O6yiU2-HOsR_pTBEO5XypPJP-4Kpo/edit?usp=drivesdk"
"Trackers",".net Ye Tracker (September 8th 2026)","Copy of the .net Ye Tracker made on September 8th 2026.","Archive Copy","Yes","https://docs.google.com/spreadsheets/d/1Sd8Jp81Q9yeL8MKDJZBZKqOG0j5jp1nhWXVAXSCQX9M/edit?usp=drivesdk"
"Trackers",".net Ye Tracker (September 7th 2026)","Copy of the .net Ye Tracker made on September 7th 2026.","Archive Copy","Yes","https://docs.google.com/spreadsheets/d/1Y6msuAPqwIdkiNk4q_PgxK1cl--5bgNn9Egm90hWr0I/edit?usp=drivesdk"
"Trackers",".net Ye Tracker (September 6th 2026)","Copy of the .net Ye Tracker made on September 6th 2026.","Archive Copy","Yes","https://docs.google.com/spreadsheets/d/1plKaWg9SqSMxj3JZNYF3nD4HQeDpOQ3SliTq1s045lo/edit?usp=drivesdk"
"Trackers",".net Ye Tracker (September 5th 2026)","Copy of the .net Ye Tracker made on September 5th 2026.","Archive Copy","Yes","https://docs.google.com/spreadsheets/d/1HniPhwjZLO0oJPs0HVM7p8mpHdVSmVYLFg_tDxelXd0/edit?usp=drivesdk"
"Trackers",".net Ye Tracker (September 4th 2026)","Copy of the .net Ye Tracker made on September 4th 2026.","Archive Copy","Yes","https://docs.google.com/spreadsheets/d/18tkSj5IJZbhqxvnIAYjL47xDsW2GW515tsKl3LwlE6g/edit?usp=drivesdk"
"Trackers",".net Ye Tracker (September 3rd 2026)","Copy of the .net Ye Tracker made on September 3rd 2026.","Archive Copy","Yes","https://docs.google.com/spreadsheets/d/1IAzJY33F4cMX9mk-cO8Jna8SJcryqm-vCl5jpfCXY1w/edit?usp=drivesdk"
"Trackers",".net Ye Tracker (September 2nd 2026)","Copy of the .net Ye Tracker made on September 2nd 2026.","Archive Copy","Yes","https://docs.google.com/spreadsheets/d/1BZONJqMvBV-1UWHZzo28WP2cCyDDFceJY2uflHZrh5U/edit?usp=drivesdk"
"Trackers",".net Ye Tracker (September 1st 2026)","Copy of the .net Ye Tracker made on September 1st 2026.","Archive Copy","Yes","https://docs.google.com/spreadsheets/d/1ySq1_XLcDZ8wa1iW52bYvbsn49H9-sKNQ-sS8nM0dPE/edit?usp=drivesdk"
"Trackers",".net Ye Tracker (August 31st 2026)","Copy of the .net Ye Tracker made on August 31st 2026.","Archive Copy","Yes","https://docs.google.com/spreadsheets/d/1W47imsbCu-k80onzCuOCWNs_Yt6bBdwIhToZFuCCqaI/edit?usp=drivesdk"
"Trackers",".net Ye Tracker (August 30th 2026)","Copy of the .net Ye Tracker made on August 30th 2026.","Archive Copy","Yes","https://docs.google.com/spreadsheets/d/146gCXWnh8iBLzyhropDdXcwbsJvkabDTiC8KC6oBZ_M/edit?usp=drivesdk"
"Trackers",".net Ye Tracker (August 29th 2026)","Copy of the .net Ye Tracker made on August 29th 2026.","Archive Copy","Yes","https://docs.google.com/spreadsheets/d/1WFbITROBoVPuuvrpB5Z-Kg0XY3foxY1XvxxooBEyl00/edit?usp=drivesdk"
"Trackers",".net Ye Tracker (August 28th 2026)","Copy of the .net Ye Tracker made on August 28th 2026.","Archive Copy","Yes","https://docs.google.com/spreadsheets/d/1HXst8CrRUUGr6LCnquQYc0YfNHzrRUSUsFHEjv_t72g/edit?usp=drivesdk"
"Trackers",".net Ye Tracker (August 27th 2026)","Copy of the .net Ye Tracker made on August 27th 2026.","Archive Copy","Yes","https://docs.google.com/spreadsheets/d/1m_8s2AzKvAOyzevWrZ1_XRD6DWWaz9JE4azFjl89vTA/edit?usp=drivesdk"
"Trackers",".net Ye Tracker (August 26th 2026)","Copy of the .net Ye Tracker made on August 26th 2026.","Archive Copy","Yes","https://docs.google.com/spreadsheets/d/1osXqRWFAezoKz4HLBaYn06qoj4xQIVTDdsQ--vQMDpY/edit?usp=drivesdk"
"Trackers",".net Ye Tracker (August 25th 2026)","Copy of the .net Ye Tracker made on August 25th 2026.","Archive Copy","Yes","https://docs.google.com/spreadsheets/d/1H8mMiB9TNwOXYebeEGJoakIjsCsZ9v5_kWH_taAQUfU/edit?usp=drivesdk"
"Trackers",".net Ye Tracker (August 24th 2026)","Copy of the .net Ye Tracker made on August 24th 2026.","Archive Copy","Yes","https://docs.google.com/spreadsheets/d/1HNobENfDS2k1hiApu_YulUMySK8QY-SmkHd1UW86wiw/edit?usp=drivesdk"
"Trackers",".net Ye Tracker (August 23th 2026)","Copy of the .net Ye Tracker made on August 23th 2026.","Archive Copy","Yes","https://docs.google.com/spreadsheets/d/1VqPwOrbeN9hFxv8eSbHn58PxnTv-yMuip-1nZiNadNo/edit?usp=drivesdk"
"Trackers",".net Ye Tracker (August 22th 2026)","Copy of the .net Ye Tracker made on August 22nd 2026.","Archive Copy","Yes","https://docs.google.com/spreadsheets/d/1jjPe86FvC3qDuiy0_b3OSoMpAxwg31a1pG3Djq0Ic8Y/edit?usp=drivesdk"
"Trackers",".net Ye Tracker (August 21th 2026)","Copy of the .net Ye Tracker made on August 21st 2026.","Archive Copy","Yes","https://docs.google.com/spreadsheets/d/1LSo5rRY7JtCQAu0612rC3wFse08rS2yKmHTax5qecSM/edit?usp=drivesdk"
"Trackers",".net Ye Tracker (August 20th 2026)","Copy of the .net Ye Tracker made on August 20th 2026.","Archive Copy","Yes","https://docs.google.com/spreadsheets/d/1UN9fvM-CrI8rL-9i39BLX72Lll8XfmRuA6t1F_wah0Q/edit?usp=drivesdk"
"Trackers",".net Ye Tracker (August 19th 2026)","Copy of the .net Ye Tracker made on August 19th 2026.","Archive Copy","Yes","https://docs.google.com/spreadsheets/d/1nheIUEIhCrxgkKJHNs2TYVSuoVsVrAwN_6KdOY9CK38/edit?usp=drivesdk"
"Trackers",".net Ye Tracker (August 18th 2026)","Copy of the .net Ye Tracker made on August 18th 2026.","Archive Copy","Yes","https://docs.google.com/spreadsheets/d/129Y56u_m1IGZmqziS3wwFkWftBYcJz3bwJ5NNSiynMY/edit?usp=drivesdk"
"Trackers",".net Ye Tracker (August 17th 2026)","Copy of the .net Ye Tracker made on August 17th 2026.","Archive Copy","Yes","https://docs.google.com/spreadsheets/d/1pf1iZ0vM3UGA8lYjORkpNX7hVGDOIwx5n9pUz4SWFVg/edit?usp=drivesdk"
"Trackers",".net Ye Tracker (August 16th 2026)","Copy of the .net Ye Tracker made on August 16th 2026.","Archive Copy","Yes","https://docs.google.com/spreadsheets/d/1hjuySyiuNU8LnC2whdRqHjQoAx1q8gCybY-qrzC7yQM/edit?usp=drivesdk"
"Trackers",".net Ye Tracker (August 15th 2026)","Copy of the .net Ye Tracker made on August 15th 2026.","Archive Copy","Yes","https://docs.google.com/spreadsheets/d/1yeUmxQS2WOUdPHUATMfZbgMfTAyLXi9e8QYL6c-iHfk/edit?usp=drivesdk"
"Trackers",".net Ye Tracker (August 14th 2026)","Copy of the .net Ye Tracker made on August 14th 2026.","Archive Copy","Yes","https://docs.google.com/spreadsheets/d/1U02ANJcdiNIill8OMElXCm0roeWgSR7wTn5fTgShYac/edit?usp=drivesdk"
"Trackers",".net Ye Tracker (August 13th 2026)","Copy of the .net Ye Tracker made on August 13th 2026.","Archive Copy","Yes","https://docs.google.com/spreadsheets/d/1ow5KdJZNZzO90hRtdY225ISchmKfiqyGwlB4O3O6_r8/edit?usp=drivesdk"
"Trackers",".net Ye Tracker (August 12th 2026)","Copy of the .net Ye Tracker made on August 12th 2026.","Archive Copy","Yes","https://docs.google.com/spreadsheets/d/1x6g532AfEBPYOeSF24PY_E9IHxEaARZSZhtEkNVML9o/edit?usp=drivesdk"
"Trackers",".net Ye Tracker (Dec 22 2025)","Copy of the .net Ye Tracker made on Dec 22 2025","Archive Copy","Unreleased Tab Only","https://web.archive.org/web/20251222052654/https://yetracker.net/"
"Trackers",".net Ye Tracker (Dec 15 2025)","Copy of the .net Ye Tracker made on Dec 15 2025","Archive Copy","Unreleased Tab Only","https://web.archive.org/web/20251215224951/https://yetracker.net/"
"Trackers",".net Ye Tracker (Dec 9 2025)","Copy of the .net Ye Tracker made on Dec 9 2025","Archive Copy","Unreleased Tab Only","https://web.archive.org/web/20251209233311/https://yetracker.net/"
"Trackers",".net Ye Tracker (Dec 4 2025)","Copy of the .net Ye Tracker made on Dec 4 2025","Archive Copy","Unreleased Tab Only","https://web.archive.org/web/20251204233753/https://yetracker.net/"
"Trackers",".net Ye Tracker (Dec 1 2025)","Copy of the .net Ye Tracker made on Dec 1 2025","Archive Copy","Unreleased Tab Only","https://web.archive.org/web/20251201203323/https://yetracker.net/"
"Trackers",".net Ye Tracker (Nov 26 2025)","Copy of the .net Ye Tracker made on Nov 26 2025","Archive Copy","Unreleased Tab Only","https://web.archive.org/web/20251126092130/https://yetracker.net/"
"Trackers",".net Ye Tracker (Nov 15 2025)","Copy of the .net Ye Tracker made on Nov 15 2025","Archive Copy","Unreleased Tab Only","https://web.archive.org/web/20251115222200/https://yetracker.net/"
"Trackers",".net Ye Tracker (Nov 14 2025)","Copy of the .net Ye Tracker made on Nov 14 2025","Archive Copy","Unreleased Tab Only","https://web.archive.org/web/20251114001133/https://yetracker.net/#gid=787540803"
"Trackers",".net Ye Tracker (Nov 11 2025)","Copy of the .net Ye Tracker made on Nov 11 2025","Archive Copy","Unreleased Tab Only","https://web.archive.org/web/20251111170608/https://yetracker.net/"
"Started to rework on the TrackerArchive (Aug 12 2026)","","","","",""
"Update Notes","","Current Editor(s)","","Other Link(s)",""
"Added online and archive categories [7/9/25]","","Yerlsd","","",""
"Updated Ye Tracker category to just ""Trackers"" [8/9/25]","","","","",""
"""Wanted"" Tag added [8/9/25]","","","","",""
"Added Best Of and Special tabs [8/9/25]","","","","",""
"Added Worst Of tab [23/09/25]","","","","",""
"Added takedown counter for Ye tracker (First one in History for this new era btw) [29/09/25]","","","","",""
"Added Confirmed up to date and working section [19/10/25]","","","","TO-DO",""
"Added other artists trackers and fixed formatting. [25/12/25] ","","","","",""
"Updated some little things (1exodvs) [29-30/12/25]","","","","",""
"Started to rework on the archivetracker (Jan 25 2026)","","","","",""
"Renamed And reworked most of the tabs to look better. Jan 26 2026.","","","","",""
"Added bunch of copies from Aug - Dec 2025 Jan 29 2026","","","","",""
"Added Few Misc and Art Related trackers that were related to Ye Jan 30 2026","","","","Special Thanks!",""
"Added a Reddit Entry-Table for sub-reddits. Jan 31 2026","","","","@djlillabubu",""
"Added more copies provided by more users. Feb 3 2026","","","","@davdevhim",""
"Moved all the credits for the users who have provided copies to SPECIAL THANKS. Feb 8 2026","","","","@segaretro92",""
"Made a Change for the ""()""s in Alternate Tracker Names to make it look better Feb 9 2026","","","","@zaxby200",""
"New Entry for ""Up to Date?"" Named ""Unknown"". Feb 10 2026","","","","@yeezyleaks",""
"Added Titles of trackers according to what were it named during the date of the copy  Feb 11 2026","","","","@wowguy78",""
"Succesfully restored every single copy. + Reworked More on the Sub-Alternative names. to add them a 
(Gray Color, And Other alternative names) Feb 18 2026","","","","@orikank",""
"Hidden ""Templates"" Tab due to being useless/not revelant. rework incoming later. Feb 23","","","","@whispymoon",""
"Decided to leave neutral every tracker with it's alternative owners. on order to keep neutrality and not put anything to worst of or best of or leave 1 at the top. from now alternative trackers are these ones made for other kind of purposes instead of meaning alternative owners. Feb 25 2026.","","","","@yelover0911",""
"Added and Removed Form Responses, it was useless. Feb 27 2026","","","","@tiagogames_123",""
"Added a ""Daily Newspaper"" Section at the top of the Tracker, to add often random video links or sometimes actual information about the status. March 6 2026","","","","@kanewest12345",""
"Fixed every Tab with the Proper Type, Name, Information, Up to date, Working, Links Entries with their proper colors due to ""Trackers"" Only having it.  March 8 2026","","","","@ziro_the_hiro",""
"Added images to the takedown periods. March 14 2026","","","","",""
"Tracker Modified for the april fools day. April 1st 2026","","","","",""
"Made multiple changes to the tracker + reworked the Instructions Tab. April 2nd 2026","","","","",""
"Updated ""UNKNOWN"" colors. April 28 2026","","","","",""
"Added TrackerHub Snapshots tab. May 1st 2026","","","","",""
"Added ""Yes, HTML"" as an availability entry. May 10th 2026","","","","",""
"Merged ""Reddit"" With Websites. May 13th, 2026.","","","","",""
"Updated Editor slots + Added ""Date Made"" for changelogs. May 22 2026.","","","","",""
"Yerlsd makes the .lol archive due to the previous owner not making consistent copies. 13th August 2026","","","","",""
"Added TrackerVerse, TrackerVerse Archive, Overhauled Tracker 13th August 2026",""," ","","",""
"Added .net, and other stuff 24th August 2026","","","","",""
"Added .lol WIP Tracker Tabs Section 20th September 2026","","","","",""