"Type","Name","Information","Up to date?","Working?","Link(s)"
"","TrackerVerse","","","",""
"Trackers","1oneam Tracker","Official Tracker for 1oneam. Editors are slemns, fly.","Yes","Yes","https://docs.google.com/spreadsheets/d/1rtdjPkpufclNbMl5fI8sFqv1wDujz_LExp-Z-2yWubU/edit?usp=sharing"
"Trackers","24kGoldn Tracker","Official Tracker for 24kGoldn. Editors are @Jay Z.","No","Yes","https://docs.google.com/spreadsheets/d/1EnVfwL51_-bS8Ts5ZLsev__dPyamxdMv2ak8uwPvTUA/edit#gid=1792554832"
"Trackers","2hollis Tracker","Official Tracker for 2hollis. Editors are spex, .knifed, emo yn, jewlz, brimcoole, residence.","Yes","Yes","https://docs.google.com/spreadsheets/d/1wE6F4iSGvQzKv4mDbApu4KOk-XCvJgbm4fuO5IzBx5Q/edit?pli=1&gid=392696525#gid=392696525"
"Trackers","2Pac Tracker","Official Tracker for 2Pac. Editors are @Jay Z.","Mostly","Yes","https://docs.google.com/spreadsheets/d/162700v9WXnlARzwp49s2h_fGHOGZGT6BgvbRuaNsq0Q/edit#gid=1792554832"
"Trackers","2SLIMEY Tracker","Official Tracker for 2SLIMEY. Editors are apollored1__, stashmuzik.","Yes","Yes","https://docs.google.com/spreadsheets/d/1PF2od2wAC-bWaqC4Un61FfBlNZSfNqXdz74pYuW5PMI/edit?gid=1520634709#gid=1520634709"
"Trackers","50 Cent Tracker","Official Tracker for 50 Cent. Editors are G-Man Junior, Franki8000, Kali Kush, GrimR3xx, HighSpeedChase, OnlyTwentyCharacters, Loony, B4CON, Iceman & Ares.","Yes","Yes","https://docs.google.com/spreadsheets/d/1UBHQ067bIEDH3TapHIt3MCdwDNRe30Qv0VdBP9JLgFM/edit?gid=1520634709#gid=1520634709"
"Trackers","️50 Cent [Alt] Tracker","Alternate Tracker for 50 Cent [Alt]. Editors are Tonixander, lookierapbitch, salcap1.","No","No","N/A"
"Trackers","6LACK Tracker","Official Tracker for 6LACK. Editors are Deixyyy.","Yes","Yes","https://docs.google.com/spreadsheets/d/1eOpb5vJGKhPthHDblR5MWletHPpH3HZEEO9pvy_3ypE/edit"
"Trackers","6Vib3z Tracker","Official Tracker for 6Vib3z. Editors are @Saiyaman999.","Mostly","Yes","https://docs.google.com/spreadsheets/d/1Gk4Xacaw_IeqqcBm_1M_p4Gx3siGoIlwUp8d7hSnrAI/edit#gid=1792554832"
"Trackers","9MICE Tracker","Official Tracker for 9MICE. Editors are micetemple.","Yes","Yes","https://docs.google.com/spreadsheets/d/1wE5pBuaO0D_LFazCrI27fvPl33EXObMkmnvZakURDAA/edit?gid=1121251786#gid=1121251786"
"Trackers","Aaliyah Tracker","Official Tracker for Aaliyah. Editors are tonixander, looserap, magik2338.","Yes","Yes","https://docs.google.com/spreadsheets/d/1QJR4Ku4Si5kLUL1P_vi9hCkkjDQvDWqafWiYc1v_Z8E/edit?gid=0#gid=0"
"Trackers","A$AP Rocky Tracker","Official Tracker for A$AP Rocky. Editors are KILLRITE, geroerg, Digital Hendryk.","Yes","Yes","https://docs.google.com/spreadsheets/d/1rbt_VyQyHEfVRv_XmVBNrwMyF0uMx7FF-1T8-N0wf0E/edit?gid=1701548408#gid=1701548408"
"Trackers","Addison Rae Tracker","Official Tracker for Addison Rae. Editors are needleandthread.","Yes","Yes","http://docs.google.com/spreadsheets/d/1hpXEs1Oyc2kQvP93oDOarBQMcIbTz0VXH8iHVPjjQVE/edit?gid=306146520#gid=306146520"
"Trackers","Addison Rae [Alt] Tracker","Alternate Tracker for Addison Rae [Alt]. Editors are luvgalore on disc.","No","Yes","https://docs.google.com/spreadsheets/u/3/d/1PV15r6OaScF7A7znOwL5BW_LZ8tZhroeASLFPiKY9qw/htmlview"
"Trackers","Adele Tracker","Official Tracker for Adele. Editors are wa1meabay.","Yes","Yes","https://docs.google.com/spreadsheets/d/1rKcQZG8TYqMzqQBtb6xlvCdqZMdo8B6s-_t8KuhhsWc/edit"
"Trackers","ADÉLA Tracker","Official Tracker for ADÉLA. Editors are wildandalooone.","Yes","Yes","https://docs.google.com/spreadsheets/d/1CEyGJ3XVuThzGoptRxtN3vdE2bCjv7LP0Z9-kg5JF1o/edit?gid=1740247019#gid=1740247019"
"Trackers","afrosurrealist Tracker","Official Tracker for afrosurrealist. Editors are xyan.","Yes","Yes","https://docs.google.com/spreadsheets/d/1OfLRtdfW0SikpmOJpzBXNVv5L-O3zxP245_T-i6Twgo/edit?gid=1093879655#gid=1093879655"
"Trackers","AJR Tracker","Official Tracker for AJR. Editors are Ne0nL1ght5.","No","Yes","https://docs.google.com/spreadsheets/d/1ZM-WEX9KcGo25GOE0elDFv-rUuX7SvAxZIIBPNcstPk/edit?gid=596240819#gid=596240819"
"Trackers","Alexsid46 / Synthsid Tracker","Official Tracker for Alexsid46 / Synthsid. Editors are soawesorem, wrennyyyyy.","Yes","Yes","https://docs.google.com/spreadsheets/d/1Z1zT9I-ZFDQQaetzcykJqybbd-HqEnhtP31jnNam3SY/edit?gid=2109630914#gid=2109630914"
"Trackers","Alice in Chains Tracker","Official Tracker for Alice in Chains. Editors are DukeSlayer64.","Yes","Yes","https://docs.google.com/spreadsheets/d/1jjT6Kk_9eZx36RsqkJLS_XkThSsAPTLZqggHTV8Bbzg/edit?gid=25638695#gid=25638695"
"Trackers","Allie X Tracker","Official Tracker for Allie X. Editors are wildandalooone, honeymoonboo.","Yes","Yes","https://docs.google.com/spreadsheets/d/1HpyOmkssjwlMmT81HIZe8IOn4RiJPTEt1_Puol60OvE/edit?gid=1320440532#gid=1320440532"
"Trackers","Ameer Vann Tracker","Official Tracker for Ameer Vann. Editors are @thurston.","No","Yes","https://docs.google.com/spreadsheets/d/1MVBKTgkGvxpQfptCBHOYVIjlnLARRS4hVnd7tipkPl4/edit?usp=sharing"
"Trackers","Amerie Tracker","Official Tracker for Amerie. Editors are HighSpeedChase.","Yes","Yes","https://docs.google.com/spreadsheets/d/1MF5DMz2aasa1vlqdz2n5oSEZaVdjD4l-6n0x7AQTv8M/edit?gid=1520634709#gid=1520634709"
"Trackers","Anderson .Paak Tracker","Official Tracker for Anderson .Paak. Editors are vex.","Yes","Yes","https://docs.google.com/spreadsheets/d/196TklYaGBkIr1wZKoTmL03uZByyjCJbTmuPNFKvUbB0/edit?gid=596058949#gid=596058949"
"Trackers","Andre 3000/Outkast Tracker","Official Tracker for Andre 3000/Outkast. Editors are Genesis.","Yes","Yes","https://docs.google.com/spreadsheets/d/1GH87oWsiQezDEkXDjq9kya1yRK-2WkWXPnYReRpMvjA/edit?gid=2046246281#gid=2046246281"
"Trackers","Ant Clemons Tracker","Official Tracker for Ant Clemons. Editors are V3 Grailer.","Yes","Yes","https://docs.google.com/spreadsheets/d/11Ta0gixhRv9uUq-_O9nID_rjUf3oembw57f2sblMP3k/edit?pli=1&gid=1295931150#gid=1295931150"
"Trackers","Ant Clemons [Alt] Tracker","Alternate Tracker for Ant Clemons [Alt]. Editors are @Ant Clemons.","Yes","Yes","https://docs.google.com/spreadsheets/d/1r3hjoNlAag_fv6Pby7-srz74KCTLWDZbSqOjnjmJd4Y/edit#gid=0"
"Trackers","Anuel AA/Nuego Flow Tracker","Official Tracker for Anuel AA/Nuego Flow. Editors are rojas8166.","Yes","Yes","https://docs.google.com/spreadsheets/d/1YS70vYzwvgtDEFK0QBikk3rdgt3Wz4078hbr1rCOwPY/edit?gid=2099472539#gid=2099472539"
"Trackers","Apollored1 Tracker","Official Tracker for Apollored1. Editors are cryatnoon, stashmusik, slemns.","Yes","Yes","https://docs.google.com/spreadsheets/d/1Y5F5onxyeaAbmebnOFYvkDBSHWoU74_YnIIyPXd_QVc/edit?gid=1987728825#gid=1987728825"
"Trackers","Arca Tracker","Official Tracker for Arca. Editors are @glitchdiva.","Yes","Yes","https://docs.google.com/spreadsheets/d/19FvRIlVG3J-H5WtxHry7CwB0VZ8JRJaJDlBpDKMGk04/edit#gid=1356456432"
"Trackers","Ariana Grande Tracker","Official Tracker for Ariana Grande. Editors are areuthereeeforme, 1shdw., evan.mcmoney, unfixqble. sanchezxoxo, edideaur.","Yes","Yes","https://docs.google.com/spreadsheets/d/18h-tHAeTiOsayUm6eGn04TawcPhDoTDTpbf5V-CZMqY/edit?gid=1951375543#gid=1951375543"
"Trackers","Aries Tracker","Official Tracker for Aries. Editors are skid, scranton.","Yes","Yes","https://docs.google.com/spreadsheets/d/1EqhVlcb0vWcvYCPuH_zcHhZUUzl6osK9w4Pd61_qjEA/edit"
"Trackers","Aristotle Benoit Tracker","Official Tracker for Aristotle Benoit. Editors are rentherunner, june.","Yes","Yes","https://docs.google.com/spreadsheets/d/1GhcILfh7Hi0fiCbUN3kVucrzHFBquTlwBIMgeRIBMok/edit?gid=1520634709#gid=1520634709"
"Trackers","Ashley Tisdale Tracker","Official Tracker for Ashley Tisdale. Editors are IKEAIMPATIENT.","No","Yes","https://docs.google.com/document/d/e/2PACX-1vRe1aYoNvshKna8cQUmVSEQku2cko2tflJTYwpJBpqBxfxDIY2I6xWypDARNDqfo_atWmqsLQ152dd0/pub?embedded=true"
"Trackers","Ashnikko Tracker","Official Tracker for Ashnikko. Editors are slayla1, tyler, cyborg.jake, mitinys.","Yes","Yes","https://docs.google.com/spreadsheets/d/1_u4QwBwudX9sJQBULs3fGw_RQqEdusSc2DbZrJ5geNw/edit?gid=147924297#gid=147924297"
"Trackers","ATEYABA Tracker","Official Tracker for ATEYABA. Editors are jovial_fox_16112 on disc.","Yes","Yes","https://docs.google.com/spreadsheets/d/1CTPLBV3vNQffUySGzo1F4JqI03DdhtqBf_lcekckc9s/edit?gid=2006526517#gid=2006526517"
"Trackers","Aurora Tracker","Official Tracker for Aurora. Editors are rain51db on disc.","Yes","Yes","https://docs.google.com/spreadsheets/d/1JEdMm2can97WcLx1_J7xoX2m7vtJvM0BZFvvD6fkOeA/edit?usp=drivesdk"
"Trackers","Autumn! Tracker","Official Tracker for Autumn!. Editors are zed.","Yes","Yes","https://docs.google.com/spreadsheets/d/1agKp0OhugMnCFrZ1sPt4ipdhGHRTdgyLUiDb344XZQY/edit#gid=306146520"
"Trackers","Ava Max Tracker","Official Tracker for Ava Max. Editors are @guyfilmoutsold & Oomf.","No","Yes","https://docs.google.com/spreadsheets/d/1EfPL9-t3ncvmlwMWI1FUi--HiDaB2sTRF5V85Zyrqkk/edit#gid=436420468"
"Trackers","Avicii Tracker","Official Tracker for Avicii. Editors are @OptimalRegion.","Yes","Yes","https://docs.google.com/spreadsheets/d/1eRRDzWDa01hT1P9wEYnOwkNihCkoCOfdh8vF6_OPQ34/edit?usp=sharing"
"Trackers","Avril Lavigne Tracker","Official Tracker for Avril Lavigne. Editors are poppyedits.","No","No","N/A"
"Trackers","Axxturel/Luci4/4Jay Tracker","Official Tracker for Axxturel/Luci4/4Jay. Editors are Hauska, SeanGreen12, Dumyxd.","No","Yes","https://docs.google.com/spreadsheets/d/1F1ciYB_-wfZqKXzQNpc5Eh0auJo7TrdkGNNDmY7gfyY/edit?usp=sharing"
"Trackers","Ayesha Erotica Tracker","Official Tracker for Ayesha Erotica. Editors are @guyfilmoutsold.","Yes","Yes","https://docs.google.com/spreadsheets/d/17rGUQ3k3PZtRLeD6hxCxfp5iVLlId7Xr4zFD41sKZ4M/edit#gid=202334625"
"Trackers","Azealia Banks Tracker","Official Tracker for Azealia Banks. Editors are seod13, eckolaila.","Yes","Yes","https://docs.google.com/spreadsheets/d/1zbIENx3BG4yNIn_bNbn1oHRgYweLVXorvSUCldpqwoI/edit?gid=572928699#gid=572928699"
"Trackers","Baby Keem Tracker","Official Tracker for Baby Keem. Editors are Reardon, Infisrael, Techno, DaysDissolve, Jeen, aeolowl, Jake Gylenhaal, idk what to put here.","Yes","Yes","https://docs.google.com/spreadsheets/d/1_SNZQS-AAXVleukgKlraegaozkLOu8WMHbUwmPm61hc/edit?usp=sharing"
"Trackers","Baby Keem [Alt] Tracker","Alternate Tracker for Baby Keem [Alt]. Editors are @Aidan @zoaR.","No","Yes","https://docs.google.com/spreadsheets/d/15tzuMMTZWTsl-n6GQCWYYSgFaaE9o5CuS37F27lxVRI/edit#gid=0"
"Trackers","Bad Bunny Tracker","Official Tracker for Bad Bunny. Editors are valent, scarfvass.","Yes","Yes","https://docs.google.com/spreadsheets/d/1O5RFNuOF4-K7xWCYMRQXy3Y_WkYOWu6o9zClsw8lPi4/edit?gid=1545615123#gid=1545615123"
"Trackers","BBNO$ Tracker","Official Tracker for BBNO$. Editors are ???.","No","Yes","https://docs.google.com/spreadsheets/d/1u0ChCtTRsRmo6gc9CiNJPA1SxTOszlhU/edit?gid=1358048108#gid=1358048108"
"Trackers","Bebe Rexha Tracker","Official Tracker for Bebe Rexha. Editors are kevich.","No","No","https://docs.google.com/spreadsheets/d/1d7I71uL6z_BmukshZSwuNVJmAaYul3Cn0bo9WdrNsj8/edit?gid=503467644#gid=503467644"
"Trackers","Beyoncé [Alt] Tracker","Alternate Tracker for Beyoncé [Alt]. Editors are @glorychild.","Mostly","Yes","https://docs.google.com/spreadsheets/d/1uuF4cextoP3D4cLTe4ekxXEsjfAGfDo6EKlejqzxXSk/edit#gid=298548692"
"Trackers","Beyoncé & Destiny's Child Tracker","Official Tracker for Beyoncé & Destiny's Child. Editors are Jeen, noa & raymeta12.","Mostly","Yes","https://docs.google.com/spreadsheets/d/1j-dbqoDK6muD2wtXoYNzN5eKPXDy1gjnZ7S4m6dhvZI/edit?usp=sharing"
"Trackers","BIG L Tracker","Official Tracker for BIG L. Editors are troabroa, yeezus528.","Yes","Yes","https://docs.google.com/spreadsheets/d/1j77GozozsmEn48n1-EjLoYP46tUXvK3Ocx79urfnjLk/edit?usp=sharing"
"Trackers","Big Sean Tracker","Official Tracker for Big Sean. Editors are @IAmBatBatby.","Yes","Yes","https://docs.google.com/spreadsheets/d/1IXtjgyqJyrM0oMJM2laH2kosdIYMbbHGGHUqHfVgPuE/edit#gid=0"
"Trackers","Big Time Rush Tracker","Official Tracker for Big Time Rush. Editors are @joey8696.","No","Yes","https://docs.google.com/spreadsheets/d/1dG9R8pS56qu6z4b9doOTWMN_uatsaECSbcA850FqTGA/edit#gid=71288891"
"Trackers","Billie Eilish Tracker","Official Tracker for Billie Eilish. Editors are peep.","Yes","Yes","https://docs.google.com/spreadsheets/d/1KoW0QfWFf5tz0-zG1FbwwAZA9OOeZ_pvoXZq6mVtuK0"
"Trackers","Billie Eilish [Alt] Tracker","Alternate Tracker for Billie Eilish [Alt]. Editors are Plague Doctress, ShxdowLIVE, Lin3y, Jisenku, hcaor, Jeen.","Yes","Yes","https://docs.google.com/spreadsheets/d/1wS3D9gHB79NE7LrjEF3DXUxJzfex8VbkY0-1p2aV5Ew/edit#gid=0"
"Trackers","Billie Eilish [Alt #2] Tracker","Official Tracker for Billie Eilish [Alt #2]. Editors are labrinth.","Yes","Yes","https://docs.google.com/spreadsheets/d/1T1wSkLkey-ijxPC_rfwXrQfUe8AwfxOoTp2BY3UmFvI/edit#gid=0"
"Trackers","Billie Eilish [Alt #3] Tracker","Official Tracker for Billie Eilish [Alt #3]. Editors are andrelamoglia.","Yes","Yes","https://docs.google.com/spreadsheets/d/1xwS_bEbYRSy1aVs0qE92BMMlXjAipP1pDekP5VPHz-g/edit#gid=1792554832"
"Trackers","Bishop Lamont Tracker","Official Tracker for Bishop Lamont. Editors are HighSpeedChase.","Yes","Yes","https://docs.google.com/spreadsheets/d/1sOcipHxU2BXbWKbl5_2BVYlGDc4kFfTR2cZO7HUCrgQ/edit?gid=1914376493#gid=1914376493"
"Trackers","Black Kray Tracker","Official Tracker for Black Kray. Editors are vxnnuntitled, righth4nddi4m0nd.","Yes","Yes","https://docs.google.com/spreadsheets/d/1EqiP9dCrOx2KYeEyka-4gI1v2DmxXl4VixRiHqnbXfM/edit?gid=0#gid=0"
"Trackers","BLACKPINK Tracker","Official Tracker for BLACKPINK. Editors are notok.","Yes","Yes","https://docs.google.com/spreadsheets/d/1eDyaVS7_db9w--D3erORgXswXTtv9yD0K0BFxjVLEp4/edit?usp=sharing"
"Trackers","BROCKHAMPTON Tracker","Official Tracker for BROCKHAMPTON. Editors are u/MagicalScarf.","Yes","Yes","https://docs.google.com/spreadsheets/d/1gM4-rRghgRUBr2cgWNsh-nawlUuh43guAM63dYVTdt8/edit#gid=0"
"Trackers","Ca$his Tracker","Official Tracker for Ca$his. Editors are HighSpeedChase, Eminem's Wicked Shit, KonoKujo.","Yes","Yes","https://docs.google.com/spreadsheets/d/1i0BDjBiYg6Zne2enstrnuPiTZ-gHIr1E8qRUxUMckd8/edit?gid=330445322#gid=330445322"
"Trackers","Camila Cabello Tracker","Official Tracker for Camila Cabello. Editors are Sanchez, Gustavo Mendes, AREUTHEREEEFORME, lukinhas, kama #hereforcharli.","Yes","Yes","https://docs.google.com/spreadsheets/d/10JKgbRFdAGK2Ug-zSsmO44ZBFUSL7aIxC2sFz8dKel8/edit?usp=drivesdk"
"Trackers","Camila Cabello [Alt] Tracker","Alternate Tracker for Camila Cabello [Alt]. Editors are kevich.","Yes","Yes","https://docs.google.com/spreadsheets/d/1y958Ba_zU35KgS-zTFkxU-rzCc7RzoJBHIhSNGH-mwE/edit?gid=503467644#gid=503467644"
"Trackers","Camila Cabello [Alt #2] Tracker","Official Tracker for Camila Cabello [Alt #2]. Editors are @cleopatra.","No","Yes","https://docs.google.com/spreadsheets/u/1/d/10l2S9uNFGegmmySVIBhJKhSNTUSIv85eTFpUcOyZfF0/htmlview"
"Trackers","Capital STEEZ Tracker","Official Tracker for Capital STEEZ. Editors are kill aka piirates.","Yes","Yes","https://docs.google.com/spreadsheets/d/1Dt-XwWicPLn4SsVNpHdiWt9kBe0dQx7EMT9FbrX1rak/edit?usp=drivesdk"
"Trackers","Cardi B Tracker","Official Tracker for Cardi B. Editors are Bardisoul, BartenderDeco.","Yes","Yes","https://docs.google.com/spreadsheets/d/1B1oOQfja2uluNtb2cAooZC5wGzjSSW-cSjWJjwQJEyE/edit?gid=1792554832#gid=1792554832"
"Trackers","Carly Rae Jepsen Tracker","Official Tracker for Carly Rae Jepsen. Editors are momoquacks, cevan, willaimprb.","Yes","Yes","https://docs.google.com/spreadsheets/d/1T8YgFsccEHNiwBQxMg1030nbIY07blIubr31eJ6D9NE/edit"
"Trackers","Caroline Polachek Tracker","Official Tracker for Caroline Polachek. Editors are tulsafreak.","Yes","Yes","https://docs.google.com/spreadsheets/d/15bVtshOWlGUTs55LVAJhlyLRKIsaw7YhWZZzjJpatcs/edit?gid=0#gid=0"
"Trackers","Car Seat Headrest Tracker","Official Tracker for Car Seat Headrest. Editors are Chel.","Yes","Yes","https://docs.google.com/spreadsheets/d/1-0RHGji2btS7q6oZzsCC-BU5rzLEJqKxUHR8DiTgYyw/edit?usp=drivesdk"
"Trackers","Central Cee Tracker","Official Tracker for Central Cee. Editors are DarkStakerz.","Yes","Yes","https://docs.google.com/spreadsheets/d/1mH-0v-9TvMsxeX86n2e3Mcg5h553Mh0oWuZK0jiXVQ8"
"Trackers","Chance The Rapper Tracker","Official Tracker for Chance The Rapper. Editors are x3mili, chanoguide, king.dar1us., slothsavedearth.","Yes","Yes","https://docs.google.com/spreadsheets/d/1GdfybfLFKseuArE_Mz9iO4AatmAYWIKahn_vwGR-nTc/edit?gid=997745212#gid=997745212"
"Trackers","Chance The Rapper [2018] Tracker","Official Tracker for Chance The Rapper [2018]. Editors are U/WeAreNumber_One @W_1 Tracker.","Yes","Yes","https://docs.google.com/spreadsheets/d/1yAV5TDOh3qI5dkPNauRDDApqoFUCxB8klX9lHX4DxHY/edit#gid=0"
"Trackers","Chappell Roan Tracker","Official Tracker for Chappell Roan. Editors are klhrfan, vex.","Yes","Yes","https://docs.google.com/spreadsheets/d/1B9LyEOxwHps2QhA_HdOZXhPFJb0m2DXCcH7bdZAVvCM/edit?usp=share_link"
"Trackers","Charlie Puth Tracker","Official Tracker for Charlie Puth. Editors are leethelemur & lonelyproductions on disc.","Yes","Yes","https://docs.google.com/spreadsheets/d/1flw87IAvNVaUfPUrJbTGmvhUOGbYJblgmj_ccBBQ2do/edit?gid=766670282#gid=766670282"
"Trackers","Charli XCX Tracker","Official Tracker for Charli XCX. Editors are areuthereeeforme, lukinhas, 555xjp.","Yes","Yes","https://docs.google.com/spreadsheets/d/1klHB69Kd9T22WhzhydwhhLelFth6r55D7KcpiLARePo/edit?usp=drivesdk"
"Trackers","Charli XCX [Alt] Tracker","Alternate Tracker for Charli XCX [Alt]. Editors are @XCX Archivist @kiwieater @Raupeka.","No","Yes","https://docs.google.com/spreadsheets/d/1Km4wQjafB0z57XuIYtFW2HN0zGtGzv-bRYB6VtSZfU8/"
"Trackers","Charli XCX [Alt #2] Tracker","Official Tracker for Charli XCX [Alt #2]. Editors are Jeen.","No","No","N/A"
"Trackers","Chase Icon Tracker","Official Tracker for Chase Icon. Editors are missnewbreasts.","Yes","Yes","https://docs.google.com/spreadsheets/d/1A1DoI9NDDzZqiyX5BZcHSCUq5z8XkefgGr9g7hwMSGo/edit?gid=182290562#gid=182290562"
"Trackers","ChaseSYNX Tracker","Official Tracker for ChaseSYNX. Editors are antshortnose on disc.","Yes","Yes","https://docs.google.com/spreadsheets/d/1veI72cFeUcPd_la-UxAlZqDO-q-lQTU78jM17aA4QG4/edit"
"Trackers","Che Tracker","Official Tracker for Che. Editors are slemns, greifed, zkxg, wakeuptheo, aforeverthing.","Yes","Yes","https://docs.google.com/spreadsheets/d/12xUUfE7amSKb7S3dNc4AHbRdViOdRU_KwSkASOANqv0/edit?gid=0#gid=0"
"Trackers","Che [Alt] Tracker","Alternate Tracker for Che [Alt]. Editors are fitz & Zero (sheneedaride).","Yes","Yes","https://docs.google.com/spreadsheets/d/15RBhwcNw09EpZYcpaScWXQLzUfkgA59uHnny2X8tTzk/edit?gid=1741821132#gid=1741821132"
"Trackers","Cheryl Cole Tracker","Official Tracker for Cheryl Cole. Editors are Unfixqble.","Yes","Yes","https://docs.google.com/spreadsheets/d/1_sGfp4U8ILO-aOOXyPK1l9tjf63uJQCILStM3ilBnm4/edit?gid=1446688506#gid=1446688506"
"Trackers","Chief Keef Tracker","Official Tracker for Chief Keef. Editors are Swaggely, GloTheActivist, Glanesky, Rojas, ej, Cortez, 1017kev.","Yes","Yes","https://docs.google.com/spreadsheets/d/1oDE9gTnEG7ufPQIOMjLTegfI47qtgNCxngmxxHZL4qA/edit#gid=1792554832"
"Trackers","Childish Gambino Tracker","Official Tracker for Childish Gambino. Editors are shri, mouse man, Dr. Wolf, Buddy, p4, comptonrapper, Commandtechno, Plague Doctress, slothsavedearth.","Yes","Yes","https://docs.google.com/spreadsheets/d/1eyBjj7qPxIT_P93RaSPZf5hTJemGi5jMqSJF777OsdE/edit#gid=1792554832"
"Trackers","Chris Brown Tracker","Official Tracker for Chris Brown. Editors are GrimR3xx & Reggie.","Yes","Yes","https://docs.google.com/spreadsheets/d/1o2M9juqyzh7EUCHm0ApKx0XSnGda6ZiM1kGrOp0EfMM/edit?gid=883120125#gid=883120125"
"Trackers","Chris Travis Tracker","Official Tracker for Chris Travis. Editors are GHXSTARCHIVE.","Yes","Yes","https://docs.google.com/spreadsheets/d/1uu_Mv8agF_I-TP-y7vhvP432TuZdVLUxl5EfFSTXxw4/edit?gid=817023803#gid=817023803"
"Trackers","City Morgue Tracker","Official Tracker for City Morgue. Editors are @grannykrakker on disc.","Yes","Yes","https://docs.google.com/spreadsheets/d/1tuNgbBv16MJErzD7ffjEM8BFYXOQPectMY-aUR-LN9A/edit?gid=475618996#gid=475618996"
"Trackers","City Morgue [Alt] Tracker","Alternate Tracker for City Morgue [Alt]. Editors are xyskial, miaou.","Yes","Yes","https://docs.google.com/spreadsheets/d/1USHckCC5lm9l6biJgaSkW7HHwc2nF_Qxr6VU_fNTMpE/edit?gid=475618996#gid=475618996"
"Trackers","Clairo Tracker","Official Tracker for Clairo. Editors are mizticaltoez, andygump211, jaiwashere, hillchapel.","Yes","Yes","https://docs.google.com/spreadsheets/d/1kq8hg7NZlBOpahmTq5r24LIAT6JbRIXrXmKy7dObH9M/edit?gid=98618680#gid=98618680"
"Trackers","Clams Casino Tracker","Official Tracker for Clams Casino. Editors are KILLRITE, Zanthin, meatkeeelf0kk.","Yes","Yes","https://docs.google.com/spreadsheets/d/1rgozDgBQxmi6jGZjhjWwpbfkc_4I0gWd0CM3UomAUFA/edit?gid=411520792#gid=411520792"
"Trackers","Clipse Tracker","Official Tracker for Clipse. Editors are [iaon].","Yes","Yes","https://docs.google.com/spreadsheets/d/1XUtY5ris3U5R9sRBTOQdTxTNhvCbmjNAQbmLHGHTMGQ/edit?gid=1520634709#gid=1520634709"
"Trackers","Coldplay Tracker","Official Tracker for Coldplay. Editors are Walterhwit.","Yes","Yes","https://docs.google.com/spreadsheets/d/1i4xfiqtONMps_FL9n_2O5UmpKKio6HUCh5y6zQniyPk/edit?usp=sharing"
"Trackers","Conan Gray Tracker","Official Tracker for Conan Gray. Editors are hesftdt94.","Yes","Yes","https://docs.google.com/spreadsheets/d/1kVn1PkIxnyxHjqzo7re7NZKyAlRDjnLSqsJggW3Hyt0/edit?usp=sharing"
"Trackers","Creamer Nation Tracker","Official Tracker for Creamer Nation. Editors are Whisp, wockexperience, Moist, Alis, ColbyJackChedda.","Yes","Yes","https://docs.google.com/spreadsheets/d/1IFhQbmAps11t0xPEZNhutt6vF1eaU8zVFeBda7OqOFc/edit?gid=1739839917#gid=1739839917"
"Trackers","Cyclefly Tracker","Official Tracker for Cyclefly. Editors are crunealt.","Yes","Yes","https://docs.google.com/spreadsheets/d/1gpiy1E672HMeCQ3JqKC0_ywTW5OlSEi_O8tR6iIBY7k/edit?gid=61055133#gid=61055133"
"Trackers","d4vd Tracker","Official Tracker for d4vd. Editors are makingfriendsiseasy, feelnoway.","Yes","Yes","https://docs.google.com/spreadsheets/d/1N6_EyCC6AM_cpFkIJivCN0kWzEwJRev7vQCmFAChnjk/edit?gid=1194098099#gid=1194098099"
"Trackers","Daft Punk Tracker","Official Tracker for Daft Punk. Editors are aj834.","No","Yes","https://docs.google.com/spreadsheets/d/1ZPjnzdSJLRIGwscll1T8NpPFJ57CCmE4oj43NnxmaDY/edit#gid=810556526"
"Trackers","Daft Punk [Alt] Tracker","Alternate Tracker for Daft Punk [Alt]. Editors are NikLaffe.","Yes","Yes","https://docs.google.com/spreadsheets/d/1ua9PA27-_LdSddNcU5i4PsvrzI7NMLalsOsXlDTsjuw/edit?gid=0#gid=0"
"Trackers","Daniel Caesar Tracker","Official Tracker for Daniel Caesar. Editors are aeol, ColbyJackChedda, andygump211, Marin, jayspy26, mizticaltoez.","Yes","Yes","https://docs.google.com/spreadsheets/d/1_D-puv6fjwCjrx9x7qAu9oYzUfFzDLrLz1cElaXndso/edit?usp=sharing"
"Trackers","Danny Brown Tracker","Official Tracker for Danny Brown. Editors are @madvilliany.","Yes","Yes","https://docs.google.com/spreadsheets/d/1ybtg3wbiB63eHKGv8_ZFek3qQIoRbB8DUYAWObfeDZI/edit"
"Trackers","Dax Tracker","Official Tracker for Dax. Editors are raglord.","Yes","Yes","https://docs.google.com/spreadsheets/d/1t1IuCgKrx3QjCt9CLrcu3FqA32qGAF8TeQjhCQHO4AY/edit"
"Trackers","Days of the New Tracker","Official Tracker for Days of the New. Editors are DukeSlayer64.","Yes","Yes","https://docs.google.com/spreadsheets/d/1pkrp1EptVEj8I1Kzic6FeSnDO05WfaSMSsYZX1yUNO8/edit?gid=25638695#gid=25638695"
"Trackers","Death Grips Tracker","Official Tracker for Death Grips. Editors are UnLuckyJanek.","Yes","Yes","https://docs.google.com/spreadsheets/d/1Eh-9UyWUtyEpi_ELEhq5pD41ivFJHuQcvz2wFR2ml9g/edit?gid=0#gid=0"
"Trackers","Death Grips [Alt] Tracker","Alternate Tracker for Death Grips [Alt]. Editors are Kanye West#7874.","Mostly","Yes","https://docs.google.com/spreadsheets/d/1pogjtB01aiqXoc3Hun4wJZbWVA6eRerzX88BNnoyM2Y/edit#gid=0"
"Trackers","Deftones Tracker","Official Tracker for Deftones. Editors are troabroa, Brimcoole, edideaur, dukeslayer64.","Yes","Yes","https://deftonestracker.net/"
"Trackers","De La Soul Tracker","Official Tracker for De La Soul. Editors are The Invisible Man II & Mel0njuice.","Yes","Yes","https://docs.google.com/spreadsheets/d/19KA4hq1j8sVhTEt4gqWWn6Potw9N_IGGJ2bwgZeVYHI/edit?gid=1493533867#gid=1493533867"
"Trackers","Demi Lovato Tracker","Official Tracker for Demi Lovato. Editors are raymeta12, cheesy leaks.","Yes","Yes","https://docs.google.com/spreadsheets/d/1t0KtTUiB68rItYX04dioGL2mxnftXk2hFrPovIA7vCE/edit?usp=sharing"
"Trackers","Denzel Curry Tracker","Official Tracker for Denzel Curry. Editors are Tereyağız, hbesok!, ScalderM.","Yes","Yes","https://docs.google.com/spreadsheets/d/1Pyi72FNT6KWuQE3g4BmIDCV26HMfKFcE650Duyia43o/edit?gid=788157788#gid=788157788"
"Trackers","Denzel Curry [Alt] Tracker","Alternate Tracker for Denzel Curry [Alt]. Editors are m3ltmyeyez.","Yes","Yes","https://docs.google.com/spreadsheets/d/1e_bWTzbDHTV68u0ml48ZENCI5-BnIFbyOJQdSPG04-Q/edit?usp=sharing"
"Trackers","Destroy Lonely Tracker","Official Tracker for Destroy Lonely. Editors are raiden_xdd, quixotic, privatebuys, fly, exodvs, alldamnday, truboat, dosa, fitz, sway, ethereal, 101122 two, isawyou, y3, JS10, noresidence, nasca, pano.","Yes","Yes","https://docs.google.com/spreadsheets/d/1J16EyxHqZD4m0VZ6g6SoY_1GC21TU7P2kk9FeteSKvE/edit?gid=2018221909#gid=2018221909"
"Trackers","Dixie D'amelio Tracker","Official Tracker for Dixie D'amelio. Editors are superaliveandover on disc.","Yes","Yes","https://docs.google.com/spreadsheets/d/1FXLcfk_OVkRKEjKwkp-DQW4EtMSyZcwuxvVf_RGZNWQ/edit?gid=306146520#gid=306146520"
"Trackers","DJ Premier/Gang Starr Tracker","Official Tracker for DJ Premier/Gang Starr. Editors are mel0njuice.","Yes","Yes","https://docs.google.com/spreadsheets/d/1RaAzCb3IAg0FZas9dsAMqU785xw1sDYIvx3-SVFEVsY/edit?gid=306146520#gid=306146520"
"Trackers","Doechii Tracker","Official Tracker for Doechii. Editors are RunAw, dankuul, Brimcoole.","Yes","Yes","https://docs.google.com/spreadsheets/d/1P2inSuDEuS_kp45qDAXJpb_hmj__Lj409bytyp4xiw8/edit?gid=0#gid=0"
"Trackers","Doja Cat [Alt] Tracker","Alternate Tracker for Doja Cat [Alt]. Editors are missinghimin4k, diva_demonic, skittledish, aaahh_men, tltpoe.","Yes","Yes","https://docs.google.com/spreadsheets/d/15wLQDl89xiiM1TKVkbEtAIH60bspbDhbtOvCtQy6yqs/edit?gid=1030754842#gid=1030754842"
"Trackers","Doja Cat [Alt #2] Tracker","Official Tracker for Doja Cat [Alt #2]. Editors are Fallen.","Yes","Yes","https://docs.google.com/spreadsheets/d/1-GIDKZJYqMU-I_-kpIqqyT9biQpfRRLNX700Mn1MMdk/edit?gid=416928379#gid=416928379"
"Trackers","Doja Cat [Alt #3] Tracker","Official Tracker for Doja Cat [Alt #3]. Editors are rxttingkorpse.","Yes","Yes","https://docs.google.com/spreadsheets/d/19aoDKngZHh4Z2RMZ6-L_Sose5pVLPPkwsGrSEudCRsQ/htmlview?gid=774875997"
"Trackers","Dominic Fike Tracker","Official Tracker for Dominic Fike. Editors are @DylanF1.","No","Yes","https://docs.google.com/spreadsheets/d/1gzD1-xMwzvsk0U9G2emMM35i5nINaZG3qFlQ3Vl18v8/edit#gid=0"
"Trackers","Don Toliver Tracker","Official Tracker for Don Toliver. Editors are Brimcoole, garfiiieeelld, Marin, NotDonToliver, Roses, Ricky, Yosh.","Yes","Yes","https://docs.google.com/spreadsheets/d/1qsO4SuzzB17d5orqbKWHsaQsRdk0lzTSF9rV2FwQf-Q/edit?gid=1535277716#gid=1535277716"
"Trackers","Don Toliver [Alt] Tracker","Alternate Tracker for Don Toliver [Alt]. Editors are notdontoliver, Alei & Roses.","Mostly","Yes","https://docs.google.com/spreadsheets/d/1Xeoh2lXnO93BTFpwTH4IzZSfPHouC1wBdyUDx-Qamjs/edit#gid=736161912"
"Trackers","Don Toliver [Alt #2] Tracker","Official Tracker for Don Toliver [Alt #2]. Editors are Alei, Roses & NotDonToliver.","No","Yes","https://docs.google.com/spreadsheets/d/1yJsfK8jH1SyGCwM7iY1XRjrd4LgIqjAfIl50Qy_9o8Q/edit#gid=0"
"Trackers","Dove Cameron Tracker","Official Tracker for Dove Cameron. Editors are honeymoonboo.","Yes","Yes","https://docs.google.com/spreadsheets/d/1HQBIxmD6IvBUuiVmxeA35Cs-WMlUYCxaOkVcfijEDVI"
"Trackers","Drake Tracker","Official Tracker for Drake. Editors are slothsavedearth, takaTyphoon, Luna, FinalxNinja, PhilMcG, Franki8000, raglord, Soulsby, futurefan41, frezling, graceisfriend, Brimcoole.","Yes","Yes","https://docs.google.com/spreadsheets/d/1v55XAPLzw1iuWxH1OQKajCIYPhW2BXcLoV4mXDZ55DI/edit?gid=755606328#gid=755606328"
"Trackers","Drake [Alt] Tracker","Alternate Tracker for Drake [Alt]. Editors are @CertifiedTrackerBoy.","Yes","Yes","https://docs.google.com/spreadsheets/d/1VP0mGlfR_6nCDcq1S28JQgtbwKP9qzWFJY1R91meQso/edit#gid=981757566"
"Trackers","Dr. Dre/N.W.A Tracker","Official Tracker for Dr. Dre/N.W.A. Editors are G-Man Junior, Franki8000, Kali Kush, GrimR3xx, HighSpeedChase, OnlyTwentyCharacters, Loony, idk what to put here.","Yes","Yes","https://docs.google.com/spreadsheets/d/10_QK8xP-WCdrfO6RaIkhdDtYUXaM966e6D1xWD__iIo/edit?gid=1520634709#gid=1520634709"
"Trackers","Dream Tracker","Official Tracker for Dream. Editors are PurpleEyesMusic.","Mostly","Yes","https://docs.google.com/spreadsheets/d/1zufNODk_zMyyYQdwM4RtKHVtfY8WplefbsRJ9__dQns/edit?gid=82962083#gid=82962083"
"Trackers","D Savage Tracker","Official Tracker for D Savage. Editors are @ej.","No","Yes","https://docs.google.com/spreadsheets/d/1dqrM1jYEd7z2sy9_bVvL-d-kBlG7sFbHKSl3HESB7X8/edit#gid=0"
"Trackers","Dua Lipa Tracker","Official Tracker for Dua Lipa. Editors are raymeta12 & Dula Peep.","Yes","Yes","https://docs.google.com/spreadsheets/u/2/d/1gi_foSEziQ48hTlq8hBqIwZCHz6hma1rYXr8qykBq6c"
"Trackers","Dua Lipa [Alt] Tracker","Alternate Tracker for Dua Lipa [Alt]. Editors are @Emerald.","No","Yes","https://docs.google.com/spreadsheets/d/1EoIbzGPLSHTgll37lZsPGE318FHQPp_T1qshCT2MQJs/edit#gid=174850036"
"Trackers","Earl Sweatshirt Tracker","Official Tracker for Earl Sweatshirt. Editors are /u/Puzzlehead_Bit7904 gabu#4801 @plaguedoctresss.","Yes","Yes","https://docs.google.com/spreadsheets/d/1EKEnvdiwSudiPJSePPzfCXIQ_W-AYeAIY6_r-a12bdM/edit#gid=793972257"
"Trackers","Ecco2k Tracker","Official Tracker for Ecco2k. Editors are monsterTUBE_xxx on Twitter.","No","Yes","https://docs.google.com/spreadsheets/d/e/2PACX-1vQG3sKhpSi8HTWbKSWAIXHZ7reD9ht-7QIvWllT3Le6o5V-V51id2kobBBjGN_EtQ2_cukgcmwnK0W0/pubhtml"
"Trackers","Edward Skeletrix Tracker","Official Tracker for Edward Skeletrix. Editors are belal, ThunderingSandwiches32.","Yes","Yes","https://docs.google.com/spreadsheets/d/1CnfVdc37A81ZX7lUs4L-J2JfqaW2z3pbkR2W6dRuFS0/edit?gid=585347098#gid=585347098"
"Trackers","Edward Skeletrix [Alt] Tracker","Alternate Tracker for Edward Skeletrix [Alt]. Editors are goon, jer, bunboi, varion, Macncheese0.","No","No","N/A"
"Trackers","Eli Tracker","Official Tracker for Eli. Editors are klhrfan, ilovesaladfan.","Yes","Yes","https://docs.google.com/spreadsheets/d/1c6lss9-Oni2-ViSC_h-T9lztLB-H1vtnmmQJSRxq6ok/edit?gid=1520634709#gid=1520634709"
"Trackers","Elita Harkov Tracker","Official Tracker for Elita Harkov. Editors are yurei, slayla1, tyler.","Yes","Yes","https://docs.google.com/spreadsheets/d/1KwppW852lb9IXEjE8gIgkOGg-ZFtzDLPfmL_nvUOIys/edit?gid=1444591687#gid=1444591687"
"Trackers","Ellie Goulding Tracker","Official Tracker for Ellie Goulding. Editors are @honeymoonboo @sanchezxoxo.","Yes","Yes","https://docs.google.com/spreadsheets/d/1nvM99X5oH0IVZsei6DplroG2UJoGnaP7igxUfjM1HZ4/"
"Trackers","Eminem Tracker","Official Tracker for Eminem. Editors are JAYDAHEATER!, GrimR3xx, Emball, John Banana, Days Dissolve, G-Man Junior, Panda, Kaisersaurus, Franki8000, HighSpeedChase.","Yes","Yes","https://docs.google.com/spreadsheets/d/1x9tTOOqH5WpKOoptdQzABSN_x8oZbMgzIGlGH9w1IKA/edit?pli=1&gid=1792554832#gid=1792554832"
"Trackers","ericdoa Tracker","Official Tracker for ericdoa. Editors are soju.","Yes","Yes","https://docs.google.com/spreadsheets/d/1z9a6BiP-ciHNRCRMVUt63_E1-qXhXOs9fGnoIYMii5M/edit#gid=0"
"Trackers","EsDeeKid Tracker","Official Tracker for EsDeeKid. Editors are chainlocked, grace.","Yes","Yes","https://docs.google.com/spreadsheets/d/1adwl0w_cAvqw7ZN4jnGNKjh_dOzEiYBCRgGiVcEs8cY/edit?gid=1520634709#gid=1520634709"
"Trackers","Ethel Cain Tracker","Official Tracker for Ethel Cain. Editors are slayla1, angel, hospitalbeds, missinghimin4k.","Yes","Yes","https://docs.google.com/spreadsheets/d/17fA8CEizs7IWvFrcWsN8b9XMz2FPw3r3Gum80BZksRY/edit?gid=147924297#gid=147924297"
"Trackers","f5ve Tracker","Official Tracker for f5ve. Editors are fi5vve.","No","No","https://docs.google.com/spreadsheets/d/1_aAeUHmRVzdVn-ejLGo5HALbUFAqXxdHEd6j0oopyk4/edit?gid=306146520#gid=306146520"
"Trackers","Fetty Wap Tracker","Official Tracker for Fetty Wap. Editors are @Fetty @ichirofan10011.","Mostly","Yes","https://docs.google.com/spreadsheets/d/1H4sofJeMazqIyHJhi51FzAitZL4t0myFcygknSFMTBQ/edit#gid=797565776"
"Trackers","Fievel Is Glauque Tracker","Official Tracker for Fievel Is Glauque. Editors are manick.","Yes","Yes","https://docs.google.com/spreadsheets/d/1klSQHRp3xK3yAfRxdS4w0EkDK7Z8XmHO0euodrEA6dc/edit?gid=944094987#gid=944094987"
"Trackers","Fifth Harmony Tracker","Official Tracker for Fifth Harmony. Editors are wxytiv on disc.","Yes","Yes","https://docs.google.com/spreadsheets/d/1CfmuUh4yuMpNFxDcvW3b96Hff08MwSSm8Um2uAPT52E/edit#gid=1232956882"
"Trackers","Fivio Foreign Tracker","Official Tracker for Fivio Foreign. Editors are Shadow.","Yes","Yes","https://docs.google.com/spreadsheets/d/1WsQu4DDuXaPywG_DGXG30TOmQeHF-924b8UdL-ZfZjo/edit#gid=0"
"Trackers","FKA Twigs Tracker","Official Tracker for FKA Twigs. Editors are wildandalooone.","Yes","Yes","https://docs.google.com/spreadsheets/d/1_zSdp4xOod1SgHvFlZYxzwcTXc2PRKGU-fpfcsavkoA/edit?gid=1740247019#gid=1740247019"
"Trackers","FLO Tracker","Official Tracker for FLO. Editors are drunkenaor.","Yes","Yes","https://docs.google.com/spreadsheets/d/1966Ehb6wu-SiqkqPHbGuteZxsfr35wYxKF3Z0xfSbVc/edit?gid=1483939796#gid=1483939796"
"Trackers","Foxes Tracker","Official Tracker for Foxes. Editors are August Underground.","Yes","Yes","https://docs.google.com/spreadsheets/d/1d6oI8k7MRK94JZm8ZQAlb3SFexoocB1IDhkkWkZFXHg/edit?gid=0#gid=0"
"Trackers","Frank Ocean Tracker","Official Tracker for Frank Ocean.","Yes","Yes","franktracker.net"
"Trackers","Freddie Dredd Tracker","Official Tracker for Freddie Dredd. Editors are everglades#2139.","No","Yes","https://docs.google.com/spreadsheets/d/1eQwgruxLnhQN2MUbttQMfsYpHjpYSOyjmNPqZKFWpro/edit?pli=1#gid=0"
"Trackers","Freddie Gibbs Tracker","Official Tracker for Freddie Gibbs. Editors are @madvilliany, vexlcx.","Yes","Yes","https://docs.google.com/spreadsheets/d/1CCe1DI9VIp0J4MQyTsdMuOriZ9ucmCVMw6nS9j8e4N0/edit"
"Trackers","Future Tracker","Official Tracker for Future. Editors are yuruze, fourth.dimension, waytoomuchcash, ayq0, choppapillow, millsmax.","Yes","Yes","https://docs.google.com/spreadsheets/d/1WrsgBEo5pv1eFC8ge6kG-FmSV6eZd_N_9t5HCNir7mk/edit"
"Trackers","Future [Alt] Tracker","Alternate Tracker for Future [Alt]. Editors are millsmax.","No","No","N/A"
"Trackers","Future [Alt #2] Tracker","Official Tracker for Future [Alt #2]. Editors are @slimeystonersex.","No","No","N/A"
"Trackers","Future [Alt #3] Tracker","Official Tracker for Future [Alt #3]. Editors are @FGB @Slixx56.","No","No","N/A"
"Trackers","Giveon Tracker","Official Tracker for Giveon. Editors are luis, jobin, korms, mizticaltoez, andygump211, blake, jae.","Yes","Yes","https://docs.google.com/spreadsheets/d/19UrjsIo31_K9wfRvEejB4_NlfDvKPRjyKv0LYu72Pxw/edit?gid=1904472987#gid=1904472987"
"Trackers","Glaive Tracker","Official Tracker for Glaive. Editors are dbtua.","Yes","Yes","https://docs.google.com/spreadsheets/d/1EJrH8x3JWphFbO-m5YslQFHozb6B3yPQy0NWsO5LVdA/edit?gid=1585377682#gid=1585377682"
"Trackers","Glocky Tracker","Official Tracker for Glocky. Editors are x2loreeh, mazzo, p3rcsanity, slymekiddo.","Yes","Yes","https://docs.google.com/spreadsheets/d/1LcX3fXSz9YB_EMuAA4OEWGJBj77OH1GC3J-n-jQSfyc/edit?gid=82962083#gid=82962083"
"Trackers","G.O.A.T. Music Tracker","Official Tracker for G.O.A.T. Music. Editors are Alekei.","Yes","Yes","https://docs.google.com/spreadsheets/d/1D-3NLJFB7I8msiIgKtHezPOw2Pa0tqJ187H6YlJppqo/edit?gid=619928003#gid=619928003"
"Trackers","Gorillaz Tracker","Official Tracker for Gorillaz. Editors are vertie, deka, The Invisible Man II.","Yes","Yes","https://docs.google.com/spreadsheets/d/1jauTeMKDULPud0hGD-gPeD-HM70HiBSedrLyOyAqUh0/edit?gid=339324838#gid=339324838"
"Trackers","Gorillaz Art Tracker","Official Tracker for Gorillaz Art. Editors are zombiepuppies.","Yes","Yes","https://docs.google.com/spreadsheets/u/0/d/17Fck38cPMobqOvr5noQwG6DdgjaHUjshMmP6ZVB2Nr0/htmlview#gid=0"
"Trackers","Gracie Abrams Tracker","Official Tracker for Gracie Abrams. Editors are .knifed.","Yes","Yes","https://docs.google.com/spreadsheets/d/1HhzY1wz4ToOd2T_WiTJIK2Jl6rUv6_l7niBWFgzdM5I/edit?gid=0#gid=0"
"Trackers","Grimes Tracker","Official Tracker for Grimes. Editors are Tulsafreak (@wa1meabay), wildandalooone.","Yes","Yes","https://docs.google.com/spreadsheets/d/1vGHk2uJcx7aPb-VzBqij3pN-Yih35hoImLnUXJmygBg/edit?gid=0#gid=0"
"Trackers","Gucci Mane Tracker","Official Tracker for Gucci Mane. Editors are Rojas, Cortez, vampmoney, Kanto.","Yes","Yes","https://docs.google.com/spreadsheets/d/1F-0vYFU1_F3IdZTAN5-H0YWvzhW88vg95AmVxZxoCEM/edit?gid=1792554832#gid=1792554832"
"Trackers","Gunna Tracker","Official Tracker for Gunna. Editors are raglord, fishybusiness, CST.","Yes","Yes","https://docs.google.com/spreadsheets/d/1P_BA-CIy05lDl9j1H06awxNqvXYJcD-KeBPVdgTO7Eo/edit?gid=1630289126#gid=1630289126"
"Trackers","GY!BE (Live) Tracker","Official Tracker for GY!BE (Live). Editors are e-tremblay.","No","Yes","https://docs.google.com/spreadsheets/d/10nylZvaRyD25I28_y9pVor_fzdDCya0EFNFpF9EmKLQ/"
"Trackers","Halsey Tracker","Official Tracker for Halsey. Editors are @PackRunnerEthan.","Yes","Yes","https://docs.google.com/spreadsheets/d/14TXHFK_25arf1nIkFXkLmOfVs1Yz1e0dz-pTIGqF9OE/edit#gid=0"
"Trackers","Harry Styles Tracker","Official Tracker for Harry Styles. Editors are hesftdt94.","Yes","Yes","https://docs.google.com/spreadsheets/d/1U6Bmxw6_uy6SqKfe-YqpqgVBaWKSzD4bnUZ9vNA5p5s/edit"
"Trackers","Harry Styles [Alt] Tracker","Alternate Tracker for Harry Styles [Alt]. Editors are notdontoliver.","Yes","Yes","https://docs.google.com/spreadsheets/d/1TxyYnPGWzZKlMqGsG7d-W_CLiHmpIPEzibHpWCRyCdA/edit#gid=1115931153"
"Trackers","Haunted Mound Tracker","Official Tracker for Haunted Mound. Editors are miaslayer, 2h8q, crucifixion.shawty, screwgaze, pinknintendo, JAYDAHEATER!.","Yes","Yes","https://docs.google.com/spreadsheets/d/1RWWxJTmob0fKPmY62amc7Q6sXS0KKm36PtZhz2li_ok/edit?gid=1792554832#gid=1792554832"
"Trackers","Haunted Mound [Alt] Tracker","Alternate Tracker for Haunted Mound [Alt]. Editors are vanta1_.","Yes","Yes","https://docs.google.com/spreadsheets/d/1RWWxJTmob0fKPmY62amc7Q6sXS0KKm36PtZhz2li_ok/edit?gid=1792554832#gid=1792554832"
"Trackers","H.E.R. Tracker","Official Tracker for H.E.R.. Editors are lioaf & skaura2.","Yes","Yes","https://docs.google.com/spreadsheets/d/14-A5ZdkghctPgvPSfRm48Er8_RC3ea_EeMh1gVaP-jE/edit#gid=1659821368"
"Trackers","Homicide Gang [Alt] Tracker","Alternate Tracker for Homicide Gang [Alt]. Editors are MaccLad#4270.","Yes","Yes","https://docs.google.com/spreadsheets/d/1VaRJqWzCOJF2fCYuCsRFeaWlWxxJ8ITis0p3yf3wP08/edit#gid=0"
"Trackers","Homicide Gang [Alt #2] Tracker","Official Tracker for Homicide Gang [Alt #2]. Editors are bafuhmet.","Yes","Yes","https://docs.google.com/spreadsheets/d/1S-yjYxeF-EToeKTrfrwXyS4yhaoRbBQeBxIqJkfaBYM/edit?gid=0#gid=0"
"Trackers","Homixide Gang Tracker","Official Tracker for Homixide Gang. Editors are Y3Hami, Lil Joan, Fitz, Max.","Yes","Yes","https://docs.google.com/spreadsheets/d/15eM2g5vJWJIRl1qRYZoGgbKxUXRqIANRKLykqM7ps2M/edit?gid=1520634709#gid=1520634709"
"Trackers","Iann Dior Tracker","Official Tracker for Iann Dior. Editors are @Capri.","No","Yes","https://docs.google.com/spreadsheets/d/1fgZEJTgHGGpNhSJKLQqGRV_uhbC3wFsaVvGXaQEqYfw/edit?usp=sharing"
"Trackers","Ice Cube Tracker","Official Tracker for Ice Cube. Editors are [iaon].","Yes","Yes","https://docs.google.com/spreadsheets/d/1bsNrVejh4H27uafX6jpnllbAuiVqRnDUMegKdTYAFQA/edit?gid=1360798347#gid=1360798347"
"Trackers","Ice Spice Tracker","Official Tracker for Ice Spice. Editors are rxttingkorpse.","Yes","Yes","https://docs.google.com/spreadsheets/d/1AA6lNXzdakiQFzSMkxblXh8U7sikx5IyLWhDD2sPOIo/edit?gid=1520634709#gid=1520634709"
"Trackers","Ice Spice [Alt #1] Tracker","Official Tracker for Ice Spice [Alt #1]. Editors are @snowsquire.","Yes","Yes","https://docs.google.com/spreadsheets/d/1dvT3mdp1DVBV5eixAkGbnyp50b53lzqV2PppeM4YGSE/edit#gid=12036253"
"Trackers","Ice Spice [Alt #2] Tracker","Official Tracker for Ice Spice [Alt #2]. Editors are iloaf.","No","Yes","https://docs.google.com/spreadsheets/d/1nZWLn1Y1_GyAE6DdG5gm3Yf49XKyFJ5lGEPczhZPHFw/edit?gid=1757353602#gid=1757353602"
"Trackers","Iggy Azalea Tracker","Official Tracker for Iggy Azalea. Editors are trapgold on disc.","Yes","Yes","https://docs.google.com/spreadsheets/d/1-KnRk8mvop7gzLEe_2jKTxJqC3ZcQ_ExEYZQsmps_zM/edit?usp=sharing"
"Trackers","ILOVEMAKONNEN Tracker","Official Tracker for ILOVEMAKONNEN. Editors are king.dar1us. , tayilorr, ladiradi.","Yes","Yes","https://docs.google.com/spreadsheets/d/1v1FbJxRJ9wcmloWZaWOGE2NlcSX0uziPAe7TePz2jVE/edit?gid=0#gid=0"
"Trackers","iLVMUSIC Tracker","Official Tracker for iLVMUSIC. Editors are xyan!, SAMMCX, Yerlsd, YOURNAME028.","Yes","Yes","https://docs.google.com/spreadsheets/d/1tt3lzNBdXP5Mic4qO7vgEemOcCSQ7jG09u1J7CGU4o8/edit?gid=1093879655#gid=1093879655"
"Trackers","Imagine Dragons Tracker","Official Tracker for Imagine Dragons. Editors are milagoat, kevich, thatvenicebitch, mysticfox.","Yes","Yes","https://docs.google.com/spreadsheets/d/1mMnP5ozGeuqx0YkwzcMndtvAzHOIdfT8UpLJ3kAoNno/edit?gid=503467644#gid=503467644"
"Trackers","International Jefe Tracker","Official Tracker for International Jefe. Editors are Roses.","Yes","Yes","https://docs.google.com/spreadsheets/d/1aYKtZUUwQ8gNtYfDVoK2UREFDr7EH2Ue2sujbNZjK3E/edit?gid=306146520#gid=306146520"
"Trackers","Isabella Lovestory Tracker","Official Tracker for Isabella Lovestory. Editors are Melancolia7, sadisticfresa.","Yes","Yes","https://docs.google.com/spreadsheets/d/151TUGx5wLKQ44A8Qzw5lvkrpuSUMzwckM2y3SfQO3Nc/edit?gid=158155614#gid=158155614"
"Trackers","Isaiah Rashad Tracker","Official Tracker for Isaiah Rashad. Editors are FinalxNinja.","Yes","Yes","https://docs.google.com/spreadsheets/d/1kbWlqePhBU7glVwocFP33f1dZ_q7vpx_4HSQI1Gpms8"
"Trackers","Isaiah Rashad [Alt] Tracker","Alternate Tracker for Isaiah Rashad [Alt]. Editors are IAmBatby, Trash, Maddie, Attam & mista ride the whipp.","No","Yes","https://docs.google.com/spreadsheets/d/1gKrf3M91rpKTffQD_5AvhKrT69BfyEt7LRRE9uxpeUM/edit#gid=0"
"Trackers","IShowSpeed Tracker","Official Tracker for IShowSpeed. Editors are hyphenwt.","Yes","Yes","https://docs.google.com/spreadsheets/d/1oFVqENzCSt1XTn0_Cwasc7wD_IhiSQcXua4cmWQujZs/edit?gid=2099490673#gid=2099490673"
"Trackers","IShowSpeed [Alt] Tracker","Alternate Tracker for IShowSpeed [Alt]. Editors are Santi.","No","Yes","https://docs.google.com/spreadsheets/d/1Xbs6QzVigei6mz4FFx4tO254eO60SEcebGSNDCq0vrI/edit#gid=1257599394"
"Trackers","ISSBROKIE / shteppi Tracker","Official Tracker for ISSBROKIE / shteppi. Editors are Mackson.","Yes","Yes","https://docs.google.com/spreadsheets/d/1hk6lt8yeMCsgeL7J9WtS391nkiCnqbxkdcQzD6F-Yqw"
"Trackers","Jack Stauber Tracker","Official Tracker for Jack Stauber. Editors are Sophie (janettevivienne).","Yes","Yes","https://docs.google.com/spreadsheets/d/1M5kg-5C0w9rGcwpT4z23HxySAd531jJLK0gPNyu1A-I/edit#gid=0"
"Trackers","Jai Paul Tracker","Official Tracker for Jai Paul. Editors are /u/ghostbubbles.","Yes","Yes","https://docs.google.com/spreadsheets/d/1YOehCZsSOcKL9bH7WCSsvCji8wUaJKSPLuOYsJKLv0Y/edit#gid=784434978"
"Trackers","Jake Chudnow Tracker","Official Tracker for Jake Chudnow. Editors are Matoseb.","Yes","Yes","https://docs.google.com/spreadsheets/d/1zXSSvHGaoP_XGLo9U99GDdLXSlL-lJEAvOZWNz9jprw/edit?usp=drivesdk"
"Trackers","James Blake Tracker","Official Tracker for James Blake. Editors are misuse._ , x3mili, graceisfriend.","Yes","Yes","https://docs.google.com/spreadsheets/d/1_bPMUWLNzeMY0CtVEE3PHkuCsZL80wnA-6joAUfx7p4/edit?gid=2092886681#gid=2092886681"
"Trackers","Jane Remover Tracker","Official Tracker for Jane Remover. Editors are themusicnerdguy, shadz, slayer, gerald3.","Yes","Yes","https://docs.google.com/spreadsheets/d/1Khs6UKAHJZrl3W307iX2J9M4DVqP7lJgAeEFBIcEp_Q/edit?gid=1307268083#gid=1307268083"
"Trackers","Jason Malachi Tracker","Official Tracker for Jason Malachi. Editors are xscapee.","Yes","Yes","https://docs.google.com/spreadsheets/d/1apNa7pzgK_yqtlN15Y8yJySZeZd_Zz82wKmTsieVg5k/"
"Trackers","Jay Critch Tracker","Official Tracker for Jay Critch. Editors are @Jay Critch.","Yes","Yes","https://docs.google.com/spreadsheets/d/1TaDxURBOgJZILkPG1ZyYVBe53CcJaGdimh0pSdfJbYE/edit#gid=0"
"Trackers","Jaydes Tracker","Official Tracker for Jaydes. Editors are charmlefleur on disc.","Yes","Yes","https://docs.google.com/spreadsheets/d/1us61d0udA8vZXxAazTGLBU4dUBjKCpzfFD6MpMIq7LA/edit?usp=sharing"
"Trackers","Jay Electronica Tracker","Official Tracker for Jay Electronica. Editors are @Oreo Eater.","Yes","Yes","https://docs.google.com/spreadsheets/d/1Gd7k0tURHQutRgCBs698MMWst1Ey3VBM4Rlyhvq6VG4/edit#gid=1860061295"
"Trackers","Jay-Z Tracker","Official Tracker for Jay-Z. Editors are yeezus528, troabroa, slothsavedearth, Johnny Crimson, bsterthegawd, cool_gamez, colbyjackchedda.","Yes","Yes","https://docs.google.com/spreadsheets/d/18GwItf2M92QimNMAbUCfFsxCkiHlkf8DPJPLWHAcoxQ/edit?gid=1202580443#gid=1202580443"
"Trackers","Jazmin Bean Tracker","Official Tracker for Jazmin Bean. Editors are yurei, skayla1, cyborg.jake, angel.","Mostly","Yes","https://docs.google.com/spreadsheets/d/1cUEYgf10pferv--etyKVDdHIHjgHC6zQXGHnOoU3y-w/edit?gid=1444591687#gid=1444591687"
"Trackers","J. Cole Tracker","Official Tracker for J. Cole. Editors are Mr. Chedda, slothsavedearth, a_native_person.","Yes","Yes","https://docs.google.com/spreadsheets/d/1hjMtB-acUEpXYkR6TWQVeVoUzSLrAVIdy1lMoM6aFFw/edit"
"Trackers","J.Cole [Alt] Tracker","Alternate Tracker for J.Cole [Alt]. Editors are @Longtou.","No","Yes","https://docs.google.com/spreadsheets/d/1-1m25zzXAirta8XDCKFKoY9qbaOJK0LlpAOly4lqFlY/edit#gid=0"
"Trackers","Jean Dawson Tracker","Official Tracker for Jean Dawson. Editors are FLVKCOJODYE.","Yes","Yes","https://docs.google.com/spreadsheets/d/15n8zjXaEJfTbrIGBb01godl1pKwkQpqWHJuxZzIjWwE/edit?usp=drivesdk"
"Trackers","Jeff Buckley Tracker","Official Tracker for Jeff Buckley. Editors are Brimcoole, @Commandtechno, iMiS, Darius.","No","Yes","https://docs.google.com/spreadsheets/d/1tdQZCgiKXyNfDqW_3hwywI8TyahmWZ4dF6j5EdaAozo/edit?pli=1&hl=en&gid=0#gid=0"
"Trackers","Jeleel Tracker","Official Tracker for Jeleel. Editors are coad.","Yes","Yes","https://docs.google.com/spreadsheets/d/1NkfBsciPOwC7bIpFxbxMI_XoREm52Q7WmF4W2k1Je8I/edit?gid=0#gid=0"
"Trackers","Jennifer Lopez Tracker","Official Tracker for Jennifer Lopez. Editors are @insomniacj & JLouboutins.","No","Yes","https://docs.google.com/spreadsheets/d/1Ke88dQ0Qj9tyItb8_TgVWLJGnwFUR2GM1JXGG-I_rcQ/edit#gid=2067873865"
"Trackers","Jessie Ware Tracker","Official Tracker for Jessie Ware. Editors are stimulative.","Yes","Yes","https://docs.google.com/spreadsheets/d/1NuF18COdKa3I0R1BKQkMAcRkq5fJplF7p8uMuwPmVws/edit?gid=1520634709#gid=1520634709"
"Trackers","Jhariah Tracker","Official Tracker for Jhariah. Editors are NicolARark.","Yes","Yes","https://docs.google.com/spreadsheets/d/1GrYPsZoUt6ubqi2ZQZaL4JmfNUMI-gNB1CmHqprmVac/edit?usp=sharing"
"Trackers","JID Tracker","Official Tracker for JID. Editors are Jeen.","Mostly","Yes","https://docs.google.com/spreadsheets/d/1qjN2OaBVhulG0U9G-PXbmtwSfah1qazIiydK42A1Dk0/edit"
"Trackers","Joey Valence & Brae Tracker","Official Tracker for Joey Valence & Brae. Editors are are4.","Yes","Yes","https://docs.google.com/spreadsheets/u/0/d/1Fe-4OKQKyewkoD5GZ4y4-MNwA_oSXGf6qVCgeoFSnkI/htmlview?pli=1"
"Trackers","Joji Tracker","Official Tracker for Joji. Editors are justjaelyn.","Yes","Yes","https://docs.google.com/spreadsheets/d/1FPlWbXnx94y5FODJ2qniLf0BzViNSAmj6Xdfw1ZNwQ4/edit#gid=766670282"
"Trackers","Joji / Pink Guy [Alt] Tracker","Alternate Tracker for Joji / Pink Guy [Alt]. Editors are monsterTUBE_xxx on Twitter.","No","Yes","https://docs.google.com/spreadsheets/d/e/2PACX-1vRBycmGF8aFrQns9ZoD500U4uWpEtwXEOyZ6BY6t3MPWWBv5YMX0m9WW5TMgBtL32Yo5PQiHh5rhkoh/pubhtml"
"Trackers","Jojo Siwa Tracker","Official Tracker for Jojo Siwa. Editors are @imissdbreedotorg, @Space Gem.","Yes","Yes","https://docs.google.com/spreadsheets/d/1WCqKvQIcGi_cBXiF2HgpxF-AqxM80HJUfkqQl4v9PBQ/edit?gid=761427886#gid=761427886"
"Trackers","JPEGMAFIA Tracker","Official Tracker for JPEGMAFIA. Editors are fmlu, yzygap, m3lt, ColbyJackChedda, kebabmf, Miser.","No","Yes","https://docs.google.com/spreadsheets/d/1IhfNqEOtwczA6JH52gv2feerMqlJEbaDV4bxaIr7gkI/edit?gid=2012820373#gid=2012820373"
"Trackers","JPEGMAFIA [Alt] Tracker","Alternate Tracker for JPEGMAFIA [Alt]. Editors are miserthegoat.","No","Yes","https://docs.google.com/spreadsheets/d/1H5HnCJZe7fIDjlsSFSTzpq-cWcUM9XyDpwTaEUxBMIY/edit?usp=drivesdk"
"Trackers","Juice WRLD Tracker","Official Tracker for Juice WRLD. Editors are deka, will, Slemns, exodvs, Infisrael.","Yes","Yes","https://docs.google.com/spreadsheets/d/1tD3ytt5wPx4zfcefXi5ATeYhIiDaugWjMS46nZrP568/edit?gid=0#gid=0"
"Trackers","Juice WRLD [Alt #2] Tracker","Official Tracker for Juice WRLD [Alt #2]. Editors are @EasyBreezyCz @corms.","Yes","Yes","https://docs.google.com/spreadsheets/d/1TyFhO3zyaZ1EpMT224HslkAC7w5yrHQU3XA3k1iIYe8/edit#gid=2137021233"
"Trackers","Juice WRLD [Alt #3] Tracker","Official Tracker for Juice WRLD [Alt #3]. Editors are @SONICBEAST @In_DeeD.","No","Yes","https://docs.google.com/spreadsheets/u/2/d/14iOJlHRgLj8CoiPv_n9uAms85ougSkSBUh7iNJVeNDs/edit#gid=0"
"Trackers","Juice WRLD [Info] Tracker","Official Tracker for Juice WRLD [Info]. Editors are Darthh.","No","No","N/A"
"Trackers","Julia Michaels Tracker","Official Tracker for Julia Michaels. Editors are @leok.","Yes","Yes","https://docs.google.com/spreadsheets/d/1IkODXEAnM3o1cTJPLEf3-XD6rGYco9DucmuaqYOnHhw/edit#gid=487014841"
"Trackers","Justice Tracker","Official Tracker for Justice. Editors are NikLaffe.","Yes","Yes","https://docs.google.com/spreadsheets/d/1DGtgZVIYr6QW8xRi5GreogbbkbUI1JpriJbwkZ_pkzg/edit?gid=0#gid=0"
"Trackers","Justin Bieber Tracker","Official Tracker for Justin Bieber. Editors are @JBieber & @MarioProtIV.","Yes","Yes","https://docs.google.com/spreadsheets/d/1-EAV2AkFQLqr1xwVTO9n8ihYAwoEBj5x0Gzs4E1Lk-o/edit?gid=1656559815#gid=1656559815"
"Trackers","Justxn Paul Tracker","Official Tracker for Justxn Paul. Editors are Alekei.","Yes","Yes","https://docs.google.com/spreadsheets/d/1YwFmb2jRhomAr-z4aFPKAwWJkYHTf2QfqFyeK6X7yFY/edit?gid=1581791943#gid=1581791943"
"Trackers","JVKE Tracker","Official Tracker for JVKE. Editors are PurpleEyesMusic.","Yes","Yes","https://docs.google.com/spreadsheets/d/1c_bl_8Uek0YR8p3tANqL8ESNXjfQMz_tfVTMJp8NeuY/edit?usp=drivesdk"
"Trackers","K-391 Tracker","Official Tracker for K-391. Editors are @theamogusguy.","Yes","Yes","https://docs.google.com/spreadsheets/d/1ZLRr68hoieDOIHWrgg8APiR5jzWHvx5t9U_Hqgzc6T0/view"
"Trackers","K4$H K4$$!n0 Tracker","Official Tracker for K4$H K4$$!n0. Editors are xyan.","Yes","Yes","https://docs.google.com/spreadsheets/d/1Krol237KAh9PPi7SpWSciSjJdS0_FCKKa_WeNYv47ok/edit?gid=0#gid=0"
"Trackers","Kali Uchis Tracker","Official Tracker for Kali Uchis. Editors are skaura2, kama, lioaf.","Yes","Yes","https://docs.google.com/spreadsheets/d/1NUrLwq0-ENwnoEUrBL-Ufn1eik__Zm4s6mkt8rP0PWA/edit?gid=1757353602#gid=1757353602"
"Trackers","Karol G Tracker","Official Tracker for Karol G. Editors are Sanchez.","Yes","Yes","https://docs.google.com/spreadsheets/d/1AH-7Pq4SLcb_OyKJRyzhwuXMPPIxh2ruwJ1GIQJHYbc/edit?usp=drivesdk"
"Trackers","KARRAHBOOO Tracker","Official Tracker for KARRAHBOOO. Editors are Roses, thxyuvi.","Yes","Yes","https://docs.google.com/spreadsheets/d/1jqfX4i0AbAikkPG1YRp40CnaglBCwqsAi5NWVOHkGMA/edit?gid=306146520#gid=306146520"
"Trackers","Katy Perry Tracker","Official Tracker for Katy Perry. Editors are @waynvr, @W4YNEZ.","Yes","Yes","https://docs.google.com/spreadsheets/d/1rK17QkH3HQexM3zOSNyQ3ZEE1ndTeaktudctKxmfQkg/edit?gid=1594076022#gid=1594076022"
"Trackers","KayCyy Tracker","Official Tracker for KayCyy. Editors are KayCyy Hub.","Yes","Yes","https://docs.google.com/spreadsheets/d/149xFObwLI9lMCWJPs3RBZhLJGMQ9cqkr1vIVsIVuV5c/edit#gid=1792554832"
"Trackers","Kay Flock Tracker","Official Tracker for Kay Flock. Editors are DarkStakerz, syrup<3, raglord.","Yes","Yes","https://docs.google.com/spreadsheets/d/1mX1vRH6H-umLnY3Xt-4w1VOm2V6PWouwipwuEi7kBKE/edit?usp=sharing"
"Trackers","KAYTRANADA Tracker","Official Tracker for KAYTRANADA. Editors are astrldzz, spaceofsaturn.","Yes","Yes","https://docs.google.com/spreadsheets/d/1A7k3nXJNrrgtzLyiHeLkYn6II0Q3ryOZsOllj4huy24/edit?gid=1520634709#gid=1520634709"
"Trackers","Kelela Tracker","Official Tracker for Kelela. Editors are sunshinecandy, Nico, Saori Kido.","Yes","Yes","https://docs.google.com/spreadsheets/d/1iOFdNGYUvKaGzzElcbxklULktuLLCbKJ53PQbiKt7Bw/edit?gid=1320440532#gid=1320440532"
"Trackers","Ken Carson Tracker","Official Tracker for Ken Carson. Editors are raiden_xdd, truboat, ballzach, deka.","Yes","Yes","https://docs.google.com/spreadsheets/d/1OARID98xCqRaBr8gyQCvI3aD4jKQDGgtedyRaiP_pyo/edit?gid=300172461#gid=300172461"
"Trackers","Kendrick Lamar Tracker","Official Tracker for Kendrick Lamar. Editors are Infisrael, aeolowl, hunnnter, sixsensenella, osunn, dollnora.","Yes","Yes","https://docs.google.com/spreadsheets/d/1i4OQglDHiiqMDthqfUFPutGmpZzK7n63LaoWApqhQXI/edit?gid=1169728352#gid=1169728352"
"Trackers","Kero Kero Bonito Tracker","Official Tracker for Kero Kero Bonito. Editors are kerokerobon1to.","Yes","Yes","https://docs.google.com/spreadsheets/d/1WUxXVzcEL9KvW6bB-UDGLI46HfjV2U4Ncr_LPgZpOy8/edit?gid=1962996128#gid=1962996128"
"Trackers","Kesha Tracker","Official Tracker for Kesha. Editors are hbicpimp, idkwtfiadbili.","Yes","Yes","https://docs.google.com/spreadsheets/d/1zUJdWDv0hs-h6TjTdFb9Ki8U0lXtz7ZcVYfi34_WcF4/edit?usp=sharing"
"Trackers","Kid Cudi Tracker","Official Tracker for Kid Cudi. Editors are @deka @retroshaffer @colbyjackchedda @yanviktor @Zach3656 @tysonnn.","Mostly","Yes","https://docs.google.com/spreadsheets/d/1fj9HcbyLbu5NGwJzbl1lExQud3FNKv-JUU6NY4OKM9Y/edit?usp=sharing"
"Trackers","Kid Cudi [Alt] Tracker","Alternate Tracker for Kid Cudi [Alt]. Editors are @Zach3656.","No","Yes","https://docs.google.com/spreadsheets/d/18kP6UsFxxLujX95QweZCwb0K5-J6b2KJHJpAFUbm2iM/edit#gid=1792554832"
"Trackers","Kiesza Tracker","Official Tracker for Kiesza. Editors are @aviciinternational.","No","Yes","https://docs.google.com/spreadsheets/d/1e7rJxe5vievgnXj81m67Qs6YVKsFtvFFLHdDYHqCeMo/edit#gid=0"
"Trackers","Killjae Tracker","Official Tracker for Killjae. Editors are @slemns.","Yes","Yes","http://docs.google.com/spreadsheets/d/1q2wCk7JpGluA0kxf6u96yCqebJ4BJNpM11XL9ifoLd8"
"Trackers","Kim Petras Tracker","Official Tracker for Kim Petras. Editors are Jeen.","Yes","Yes","https://docs.google.com/spreadsheets/d/1kgHmWZM1oMR0DQUet8RtTNssVMVi77YvofHlh6F5sfg/edit?usp=sharing"
"Trackers","King Von Tracker","Official Tracker for King Von. Editors are @FinalxNinja, DarkStakerz.","Yes","Yes","https://docs.google.com/spreadsheets/d/174Qxk5H7hn_TSVvcc1gDGIp02hPZ2H1z6hoFI32YdaA/edit#gid=0"
"Trackers","Kodak Black Tracker","Official Tracker for Kodak Black. Editors are @Cocaine.","Yes","Yes","https://docs.google.com/spreadsheets/d/1fojSovksHGbTZNA115SSfyWaneK0FkX37MlsWy8F0zk/edit?gid=809905314#gid=809905314"
"Trackers","KSI Tracker","Official Tracker for KSI. Editors are monsterTUBE_xxx on Twitter.","No","Yes","https://docs.google.com/spreadsheets/d/e/2PACX-1vTjBrDMLPv4pi6aOd_u1Z4GzUgislm0XHIlmx-02ZSx9WMCtpjx9hELAS1yxUXK_LAaQ6WFk6iGta4f/pubhtml"
"Trackers","Kygo Tracker","Official Tracker for Kygo. Editors are @Dantheman7.","No","Yes","http://docs.google.com/spreadsheets/d/1uwnfL74at3NjRE0scurzhaBJfcQzpxzTsLfvF98kc98/edit#gid=0"
"Trackers","Labrinth Tracker","Official Tracker for Labrinth. Editors are epicsuma.","Yes","Yes","https://docs.google.com/spreadsheets/d/1XrfNYcAu6Pl1osbGdndJe9XyJ12qJe6EcYFI3mjouqM/edit?usp=drivesdk"
"Trackers","Lady Gaga Tracker","Official Tracker for Lady Gaga. Editors are @waynvr.","Yes","Yes","https://docs.google.com/spreadsheets/d/1w0GnN9eEM1Z0tyxvWtTUjIbrg2COzmgrFdKeTeHRae8/edit?gid=1692842494"
"Trackers","Lady Gaga [Alt #1] Tracker","Official Tracker for Lady Gaga [Alt #1]. Editors are raymeta12, the_real_ariana_grenade, leok.","No","No","N/A"
"Trackers","Lady Gaga [Alt #2] Tracker","Official Tracker for Lady Gaga [Alt #2]. Editors are @uvglow.","No","Yes","https://docs.google.com/spreadsheets/d/1hBBNOMoUIM0aZ8zSgPWsRXfq0PUGSfg4du9RQd8f5QA/edit#gid=0"
"Trackers","Lana Del Rey Tracker","Official Tracker for Lana Del Rey. Editors are motelgrl.","Yes","Yes","https://docs.google.com/spreadsheets/d/1MA0iwwh187BGmd0rI70_IwrG3vopIkqMIgx7pU7nbmg/edit?gid=0#gid=0"
"Trackers","Lancey Foux Tracker","Official Tracker for Lancey Foux. Editors are Jeen.","Yes","Yes","https://docs.google.com/spreadsheets/d/19dsAkkH8w7nBx6ZST8d1UAAvCJTNgKBfyNxdoWiXH3E/edit?usp=sharing"
"Trackers","Lancey Foux [Alt] Tracker","Alternate Tracker for Lancey Foux [Alt]. Editors are @vexaran.","No","Yes","https://docs.google.com/spreadsheets/d/1SIsRp6WYq3eiF0C6jFgXdkTBTzeh27MfhgJ9fOBrCI4/edit?usp=sharing"
"Trackers","Laufey Tracker","Official Tracker for Laufey. Editors are @WhatLoveMeans, @umpg, @BroForGag13.","Yes","Yes","https://docs.google.com/spreadsheets/d/1xF_OlIDmcuCZk0BgzCgrzvDHMTuBRQ5m/edit?usp=drivesdk&ouid=115546716591248883998&rtpof=true&sd=true"
"Trackers","Lauren Jauregui Tracker","Official Tracker for Lauren Jauregui. Editors are @LJ1.","Yes","Yes","https://docs.google.com/spreadsheets/d/1wV1FD0SnjVYVwckBgm2IK2hJXBbROpNkissd82hZ1CQ/edit#gid=0"
"Trackers","Lawson Tracker","Official Tracker for Lawson. Editors are xscapee.","Yes","Yes","https://docs.google.com/spreadsheets/d/1KDY06JO-n9DebhdUE_w_ufk93wSaelRJs6XlqzE19IU/edit?gid=1852690675#gid=1852690675"
"Trackers","LAZER DIM 700 Tracker","Official Tracker for LAZER DIM 700. Editors are jok3r666.","Yes","Yes","https://docs.google.com/spreadsheets/d/18jj-okFS-vApV3-OHPDV2TrFHDil5Ld43WAZX8na_3s/edit?gid=1298206308#gid=1298206308"
"Trackers","Leah Kate Tracker","Official Tracker for Leah Kate. Editors are fromtheend, plsticlqd.","Yes","Yes","https://docs.google.com/spreadsheets/d/1J3hEK-96JWxlMW5I2Uq4MfiLwtyhvHflY6LKmDP2IW8/edit?gid=353508805#gid=353508805"
"Trackers","Leah Kate [Alt] Tracker","Alternate Tracker for Leah Kate [Alt]. Editors are Superoverrr & superaliveandover on discord.","No","No","N/A"
"Trackers","Leah Kate [Alt #2] Tracker","Official Tracker for Leah Kate [Alt #2]. Editors are Jamie.","Mostly","Yes","https://docs.google.com/spreadsheets/d/1w0LGCpDq1x6BnFfPOVpjcqAi3zDolQC_Xtt6PZamg-0/edit"
"Trackers","Leon Thomas Tracker","Official Tracker for Leon Thomas. Editors are dylan (somerandomassmf).","Yes","Yes","https://docs.google.com/spreadsheets/d/15kFj86llP8_MuBQPr-Isv-yYPfZFoVi0KQBzme_5ak8/edit?gid=199908479#gid=199908479"
"Trackers","Lil Dicky Tracker","Official Tracker for Lil Dicky. Editors are Divinity.","Yes","Yes","https://docs.google.com/spreadsheets/d/1545ogxg2mlN7dyAeYHJoLRKMWabOWmKtRN30tvDfVdQ/edit?gid=290632612#gid=290632612"
"Trackers","Lil Gotit Tracker","Official Tracker for Lil Gotit. Editors are @pvrzifvl @Gotit @Lil Gotit.","Yes","Yes","https://docs.google.com/spreadsheets/d/e/2PACX-1vSEtuqLumr9b6yw9fFzOXBjIO-tAEueaGS7gF43CP4hqasaLcRU8Sg0aDsrwPNtSvD6eLIaGkpELcmi/pubhtml"
"Trackers","Lil Mabu Tracker","Official Tracker for Lil Mabu. Editors are mac22222222.","Yes","Yes","https://docs.google.com/spreadsheets/d/18qbdP3-Eoezdra8KLYv6ZUW_yy2I3iid2pDF-K1Czyk/edit?gid=415494178#gid=415494178"
"Trackers","Lil Mosey Tracker","Official Tracker for Lil Mosey. Editors are @DnASoar @behalf @volt @reallyexpensive.","Yes","Yes","https://docs.google.com/spreadsheets/d/1tsPcry41W5i2x4aDQpaRfrKhiCab_YCJ3XV7nhfaZpM/edit#gid=236374801"
"Trackers","Lil Nas X Tracker","Official Tracker for Lil Nas X. Editors are deka, venkevinnn, Helly, TheEKing.","Yes","Yes","https://docs.google.com/spreadsheets/d/1JGdk2NZMh6t-ZBZQiXG31GRx15LS4QKBFocQByC8jUc/edit?gid=327887741#gid=327887741"
"Trackers","Lil Peep Tracker","Official Tracker for Lil Peep. Editors are @uleft, justasoul, theshadowlovely.","No","Yes","https://docs.google.com/spreadsheets/d/1kF3KZUjtwiJxxP0GCXJ0VmX7bA2JdwnKa-j1GCaoeC8/edit?gid=1214485872#gid=1214485872"
"Trackers","Lil Peep [Alt # 1] Tracker","Official Tracker for Lil Peep [Alt # 1]. Editors are u/Jarsak, u/Cserleo, u/Masu.","No","Yes","https://docs.google.com/spreadsheets/d/1hG4Qxb75FMQXiqTa-k393lv557zZ7zPT-lX4lUGT4NM/edit#gid=0"
"Trackers","Lil Peep [Alt # 2] Tracker","Official Tracker for Lil Peep [Alt # 2]. Editors are Dakota.","No","Yes","https://docs.google.com/spreadsheets/d/1inLqHXfTLm5CPpEE2tUoTepm8CjUZ1UgB9iIEzurF5A/edit#gid=0"
"Trackers","Lil Peep [Alt # 3] Tracker","Official Tracker for Lil Peep [Alt # 3]. Editors are ShadowTB.","Yes","Yes","https://docs.google.com/spreadsheets/d/1yZTHGMjtB3BDAK_Yz21Fk4nyHt8ZuUF1xVE9S1HwbRA/edit#gid=1792554832"
"Trackers","Lil Peep [Info] Tracker","Official Tracker for Lil Peep [Info]. Editors are xswitchblade.","Yes","Yes","https://docs.google.com/spreadsheets/d/1-vbCj4mfJgEHqthcs51-b3VblCEXBhhNWasl3YoyvJw/"
"Trackers","Lil Pump Tracker","Official Tracker for Lil Pump. Editors are @Rojas999.","Yes","Yes","https://docs.google.com/spreadsheets/u/3/d/1DCYxExj15O6YUB4diwhSN_A8xRjAFIAg8KlW5BhgZQI/htmlview"
"Trackers","Lil Shine Tracker","Official Tracker for Lil Shine. Editors are elapid, slemns, berrypunched.","Yes","Yes","https://docs.google.com/spreadsheets/d/1kmsM7Dz2cqnMbHIKq2en2xXR_F-sZ5_vAAEOW72F7co/edit?gid=1510699798#gid=1510699798"
"Trackers","Lil Skies Tracker","Official Tracker for Lil Skies. Editors are SkiesHigh.","Yes","Yes","https://docs.google.com/spreadsheets/d/1tZHwkHGd_fSfJNq6o3mR0PxZgZDmms7DrBlJFbBBk1M/edit?usp=sharing"
"Trackers","Lil Skies [Alt] Tracker","Alternate Tracker for Lil Skies [Alt]. Editors are admission.","Yes","Yes","https://docs.google.com/spreadsheets/d/1Kk1Cu8cH6cyTM37Ji1x8rn-VBZeYcOXorGEypdlU6K4/edit?gid=751546300#gid=751546300"
"Trackers","Lil Tecca Tracker","Official Tracker for Lil Tecca. Editors are Brimcoole, ColbyJackChedda, bxpolar, Alex.","Yes","Yes","https://docs.google.com/spreadsheets/d/15UwihAVwPeS6eIE1FE1J6v7xiBYFkculVrzhMSIcEew/edit?gid=0#gid=0"
"Trackers","Lil Tracy Tracker","Official Tracker for Lil Tracy. Editors are monsterTUBE_xxx on Twitter.","Mostly","Yes","https://docs.google.com/spreadsheets/d/e/2PACX-1vTns4e-YRGxwE81S1neNRqz_rXwbcdvbMPMQ1LhjGnR-1Wgha1NQ-v5En0OLpTrA7IuF0hFV1RfPVeM/pubhtml"
"Trackers","Lil Uzi Vert Tracker","Official Tracker for Lil Uzi Vert. Editors are dragonplagues, acservices, Marin, Froste, heroinfather, moze, athrilu, clapper.","Yes","Yes","https://docs.google.com/spreadsheets/d/1zqqdIds1iwnx4lh29iF1IlraeuqfGhxH9qLNlWOnryo/edit?gid=1160569231#gid=1160569231"
"Trackers","Lil Uzi Vert [Alt #1] Tracker","Official Tracker for Lil Uzi Vert [Alt #1]. Editors are overlord.","Yes","Yes","https://docs.google.com/spreadsheets/d/1MuPypaJqrTqVR3wtEEN0B4dvXHga9Z4Cb-GfXdY9IvU/edit?gid=0#gid=0"
"Trackers","Lil Uzi Vert [Alt #2] Tracker","Official Tracker for Lil Uzi Vert [Alt #2]. Editors are shadow, spiritalnaam, fishybusyness, gkalb, ruff, hundos.","No","Yes","https://docs.google.com/spreadsheets/d/19jsHFFWjAvUGeGTWq6zFgtfJQBuHipmgZ0BoVhmo6pg/edit?usp=sharing"
"Trackers","Lil Wayne Tracker","Official Tracker for Lil Wayne. Editors are @WM.","No","Yes","https://docs.google.com/spreadsheets/d/1CpQtbjAVFzwXF46IHxa6u_gzZGwcU0-M8cTRr8wNlvI/edit#gid=0"
"Trackers","Lil Yachty Tracker","Official Tracker for Lil Yachty. Editors are @RomaniFiles.","Yes","Yes","https://docs.google.com/spreadsheets/d/122UuKwiKLuoP36tr8r4WTjOouy2gDJGRUDXCc4uD9lw"
"Trackers","Lil Yachty [Alt] Tracker","Alternate Tracker for Lil Yachty [Alt]. Editors are @Young God.","No","No","N/A"
"Trackers","Limp Bizkit Tracker","Official Tracker for Limp Bizkit. Editors are dukeslayer64.","Yes","Yes","https://docs.google.com/spreadsheets/d/1N4PHTn-ww4nip1Kq8hrqsGdoZo2RaQMt2Afa9tZA-Ww/edit?usp=sharing"
"Trackers","Linkin Park Tracker","Official Tracker for Linkin Park. Editors are @Cater, Joey ""Hot Shot"" Ammo, maxwell_was_taken, Seriodrew.","Yes","Yes","https://docs.google.com/spreadsheets/d/1h6grxB8nJg1Pfxz8HMXC2-xvAahDJdBeY64dBdQKHn4/edit?gid=61055133#gid=61055133"
"Trackers","Lionel Scott Tracker","Official Tracker for Lionel Scott. Editors are yungtron.","Yes","Yes","https://docs.google.com/spreadsheets/d/1K1PZSCz1PlGU_LZyG4hV1SSYBdJw4zDOsr-S1p0d5sg/edit?usp=sharing"
"Trackers","Lipgloss Twins Tracker","Official Tracker for Lipgloss Twins. Editors are iamreal3321.","Yes","Yes","https://docs.google.com/spreadsheets/d/1mfPZ22Er-bWAiiXwcVxQCer09qZ9Ks8-8MMVf63Y8IM/edit?gid=1520634709#gid=1520634709"
"Trackers","Little Mix Tracker","Official Tracker for Little Mix. Editors are @DistESP.","No","Yes","https://docs.google.com/spreadsheets/d/1ohZFQwe3IVutNbb42THSywEXEpHdDKx8Gk-yS8YZKiU/edit#gid=0"
"Trackers","Lloyd Banks Tracker","Official Tracker for Lloyd Banks. Editors are GrimR3xx, Panda.","Yes","Yes","https://docs.google.com/spreadsheets/d/1eZkyoQmXuwt4mYKnoRSp1co9Z8b-YnGAUJzc64kkTV4/edit?gid=885821170#gid=885821170"
"Trackers","Logic Tracker","Official Tracker for Logic. Editors are @emerald @ice & Bahd.","No","Yes","https://docs.google.com/spreadsheets/d/17fBA-RcIs_sXpOsktHLa91cGF4ArLkpLE4i_pGqLyyE/edit#gid=0"
"Trackers","Logic [Alt] Tracker","Alternate Tracker for Logic [Alt]. Editors are RattPackHome.","No","Yes","https://docs.google.com/spreadsheets/d/1g8pb9D-hzpXnLuzTM_oOvQW-6PkuL6TfcKIPpQ1Caa0/edit#gid=0"
"Trackers","Lorde Tracker","Official Tracker for Lorde. Editors are bethere_charlixcx.","Yes","Yes","https://docs.google.com/spreadsheets/d/10QQEu8Gv0krv6ve6q0qADXUunSrmodUadZC3JAYMZNU/edit?gid=1387644063#gid=1387644063"
"Trackers","LUCKI Tracker","Official Tracker for LUCKI. Editors are Zedroz.","Yes","Yes","https://docs.google.com/spreadsheets/d/1zoRNpy7Lvr-JzPqtQLLWRVVDbgKygpBaDf4cC-Lt6k4/edit#gid=306146520"
"Trackers","Lucy Bedroque Tracker","Official Tracker for Lucy Bedroque. Editors are xer6.","Yes","Yes","https://docs.google.com/spreadsheets/d/1IlkdclBbOLonkadTBc_N-nK4XFEjKA8ZfIfK35dFNLc/edit?gid=1520634709#gid=1520634709"
"Trackers","Lucy Loone Tracker","Official Tracker for Lucy Loone. Editors are plsticlqd.","Yes","Yes","https://docs.google.com/spreadsheets/d/1fx7K_3ZxCpRdap3sVry7i5n22oEPZvDw8abuCK59G7M/htmlview"
"Trackers","Lupe Fiasco Tracker","Official Tracker for Lupe Fiasco. Editors are GrampaHorse.","No","Yes","https://docs.google.com/spreadsheets/d/1m-rz_O7cOwdWrbDNTIBH5dpsccdaYxa-bXNCVG6ecYo/edit?gid=1545471185#gid=1545471185"
"Trackers","Lyn Lapid Tracker","Official Tracker for Lyn Lapid. Editors are @t8tert0t24, @T8DEN (on telegram), @louis_.13 (On Discord).","Yes","Yes","https://docs.google.com/spreadsheets/d/15P-AoVBpjkMKxjypikmmRhTRyf0SO69UlN4Ng5vdf1o/htmlview?usp=sharing"
"Trackers","Mabel Tracker","Official Tracker for Mabel. Editors are @cleopatra.","No","Yes","https://docs.google.com/spreadsheets/d/14TpT-_yLmGGoHE1bOI4uRj6e8lu_nT7mX0jKNtVhz7Q/edit#gid=0"
"Trackers","Mabel [Alt] Tracker","Alternate Tracker for Mabel [Alt]. Editors are @chichinya.","Yes","Yes","https://docs.google.com/spreadsheets/d/1Q9KzQqWcnulcBgCTkuNvxuXUunn69hmoeNvDPjazVEE/edit?gid=702937576#gid=702937576"
"Trackers","Mac Miller Tracker","Official Tracker for Mac Miller. Editors are inertia, wanders, ScalderM, manick.","Yes","Yes","https://docs.google.com/spreadsheets/d/17TycQCSpIm-6DyWId4ve8fVaM7Ewg3lgV1DDNRwauh0/edit?gid=1466156873#gid=1466156873"
"Trackers","Mac Miller [Alt] Tracker","Alternate Tracker for Mac Miller [Alt]. Editors are @TeeOhh.","Yes","Yes","https://docs.google.com/spreadsheets/d/1OCJr_pTYNvbjG3iFylnI_7fb9baXoEIFgIMEhbJM-QE/edit?usp=sharing"
"Trackers","Madeon Tracker","Official Tracker for Madeon. Editors are aj384, legion, Noah Norrod, Rift.","Mostly","Yes","https://docs.google.com/spreadsheets/d/1HNRAnK06TvtNco0G2_uHkl1eRrkX0-2EeBLeZ2y8eu4/edit#gid=0"
"Trackers","Madison Beer Tracker","Official Tracker for Madison Beer. Editors are BringBackSoul, cent & Jeen.","Yes","Yes","https://docs.google.com/spreadsheets/d/1ImYAxuEkVI3sD_TWBI37sIEDMvf3QAPGx1ISu9YfLcU/edit?gid=290740354#gid=290740354"
"Trackers","Magdalena Bay Tracker","Official Tracker for Magdalena Bay. Editors are kama, experimental, silverlake.","Yes","Yes","https://docs.google.com/spreadsheets/d/1fMWdOZzNeyB_Fyc33BAFtL1A8XTxoQbXsrYodyBELjA/edit?gid=1748583204#gid=1748583204"
"Trackers","Mag.Lo Tracker","Official Tracker for Mag.Lo. Editors are mfnamednaji.","Yes","Yes","https://docs.google.com/spreadsheets/d/1io02njaCQT09wbZTc7WpNiyE0zdssBxK8vCXXjwY8dE/edit?gid=1090919880#gid=1090919880"
"Trackers","Malcolm Todd Tracker","Official Tracker for Malcolm Todd. Editors are hillchapel, Brimcoole jaiwasnothere, mizticaltoez.","Yes","Yes","https://docs.google.com/spreadsheets/d/14-j-96YS5Dq8GPg_aYl5-Z3Jf_x8Poy77-ljXuLZ3wM/edit?gid=98618680#gid=98618680"
"Trackers","Malcolm Todd [Alt] Tracker","Alternate Tracker for Malcolm Todd [Alt]. Editors are That1person.","Yes","Yes","https://docs.google.com/spreadsheets/d/19xa1x5jaG64EJ7cmdGFBJsBzB1B3ZVolzlP-CLHTxbM/edit?gid=1792554832#gid=1792554832"
"Trackers","Malcolm Todd [Alt #2] Tracker","Official Tracker for Malcolm Todd [Alt #2]. Editors are Green Clover.","Yes","Yes","https://docs.google.com/spreadsheets/d/1-BmNUQhG376ROKbEft8GOPdc3x7BK-K1MI_UF3Uiuno/edit?gid=0#gid=0"
"Trackers","Mariah Carey Tracker","Official Tracker for Mariah Carey. Editors are roan.","Yes","Yes","https://docs.google.com/spreadsheets/d/1ro1QoYF2yX2gAMgz8WfSpe7KFWmjL4H0_HMGxwR4RFM/edit?usp=sharing"
"Trackers","Mariah The Scientist Tracker","Official Tracker for Mariah The Scientist. Editors are keewee.","Yes","Yes","https://docs.google.com/spreadsheets/d/1QAaGyhrRkB1bkDbbvMfJ6oxp0WDsna3k2xo3mscPR7M/edit?gid=908157372#gid=908157372"
"Trackers","Marina Tracker","Official Tracker for Marina. Editors are spinmeround.","Yes","Yes","https://docs.google.com/spreadsheets/d/1BSkmKuWBJyVZIQ2b3bs1azvSMVhpVde_wf5I1vOplK0/edit"
"Trackers","Mario Judah Tracker","Official Tracker for Mario Judah. Editors are darzen.","Yes","Yes","https://docs.google.com/spreadsheets/d/1IVS_2Uw8Lt7SUs0QcH0PZHPiMN73a-HQ9CESdTZS7xc/edit#gid=731713677"
"Trackers","Maroon 5 Tracker","Official Tracker for Maroon 5. Editors are Soulsby, ColbyJackChedda.","No","Yes","https://docs.google.com/spreadsheets/d/1iN6RCKmAX9iIfxHfwglIpnm3IoiYR7IkNTy3yrnRyks/edit?gid=1228224808#gid=1228224808"
"Trackers","Mars Argo Tracker","Official Tracker for Mars Argo. Editors are iamreal3321.","Yes","Yes","https://docs.google.com/spreadsheets/d/116xKTB2AWgEfHnFgu-7C6rJ114QUJff9hZyQnAMyTuU/edit?gid=0#gid=0"
"Trackers","Martin Garrix Tracker","Official Tracker for Martin Garrix. Editors are @Heaven23.","Yes","Yes","https://docs.google.com/spreadsheets/d/14i_LDqh6YPI0aGqqhB3uba8BacGlw08gtXmR7E9PZyg/edit?gid=995518846#gid=995518846"
"Trackers","Marwan Moussa Tracker","Official Tracker for Marwan Moussa. Editors are Joroka.","Yes","Yes","https://docs.google.com/spreadsheets/d/16BiHIX6f_pj2pyeH-6UfwKpYtV8TD4nfP5IqHyYvlxk/edit?gid=152832389#gid=152832389"
"Trackers","Matt Proxy Tracker","Official Tracker for Matt Proxy. Editors are dead.","No","Yes","https://docs.google.com/spreadsheets/d/1wHKAmFSg4htT2rcunkHNyG95GIaOWsMiGqFbZsN6cqk/edit?gid=1520634709#gid=1520634709"
"Trackers","MAVI Tracker","Official Tracker for MAVI. Editors are manick & nart.","Yes","Yes","https://docs.google.com/spreadsheets/d/1FUbWdQG-gPD-qE7zo1Vm1M-_aYKiqPptCXEDTVH9mPY/edit?gid=1321256411#gid=1321256411"
"Trackers","McKenna Grace Tracker","Official Tracker for McKenna Grace. Editors are imissdbreedotorg.","Mostly","Yes","https://docs.google.com/spreadsheets/d/1yrLgXqkYMlXtT51TLBPZ7XkWicIfTbwGsKEXAug86Yw/edit?gid=290740354#gid=290740354"
"Trackers","Melanie Martinez Tracker","Official Tracker for Melanie Martinez. Editors are James Joint.","Yes","Yes","https://docs.google.com/spreadsheets/d/1tgEB-L2zA5VCkLNyMueg73yZREUxJUMJ5GcrX9BvUns/edit?usp=sharing"
"Trackers","Melanie Martinez [Alt] Tracker","Alternate Tracker for Melanie Martinez [Alt]. Editors are @diorplus.","No","Yes","https://docs.google.com/spreadsheets/u/0/d/1s4FJnE5rd8x-JThCm1aAUsrZ_6hZL2B2qNf2oZMlrl8/htmlview"
"Trackers","Metro Boomin Tracker","Official Tracker for Metro Boomin. Editors are Jeen, Brimcoole, DarkStakerz.","Mostly","Yes","https://docs.google.com/spreadsheets/d/1AoKGzPa8qVzR75Ma9vQH3HVB7kaQ4_pmPdVDfg9pluw/edit?gid=415494178#gid=415494178"
"Trackers","MF DOOM Tracker","Official Tracker for MF DOOM. Editors are @madvilliany, HeyImTy.","Yes","Yes","https://docs.google.com/spreadsheets/u/1/d/1zEbzMVXFXzuY4wLdPvdQA23lb3RwCSOKqWtHsllXNk8/edit?usp=drivesdk"
"Trackers","MGK Tracker","Official Tracker for MGK. Editors are shirai_goodhunter, hoelord, tyrantsky, nonamexx, lufc_fan_4.life.","Yes","Yes","https://docs.google.com/spreadsheets/d/1WkJIdOQZ45qh87XJx8V7vPkEAf4DdV1v/edit?gid=1415082241#gid=1415082241"
"Trackers","M.I.A Tracker","Official Tracker for M.I.A. Editors are RunAw.","Yes","Yes","https://docs.google.com/spreadsheets/d/13Ek6Aqcw6VoTH66uxeiUz_eiVsG8VrkMQyKLHWSSLOU/edit?gid=0#gid=0"
"Trackers","Michael Jackson Tracker","Official Tracker for Michael Jackson. Editors are coolwaves#3840.","No","Yes","https://docs.google.com/spreadsheets/d/1i59TKrIZ1OvFFPJFuOMw1VXlvyzaVOH0Wb0vVJp9BTw/edit#gid=1792554832"
"Trackers","Migos Tracker","Official Tracker for Migos. Editors are ????.","Yes","Yes","https://docs.google.com/spreadsheets/d/1MgVRlGs5DL7keB_I6YPEj4FYLOHb8DVJbxN5-h6yxOE/edit?gid=335484962#gid=335484962"
"Trackers","MIKE Tracker","Official Tracker for MIKE. Editors are ali8593 on disc.","Yes","Yes","https://docs.google.com/spreadsheets/d/1b4k1au5DeR8CkEA899FCiN6N8j7ofnjtSSFX17xnQW0/edit?usp=sharing"
"Trackers","Mike Shinoda Tracker","Official Tracker for Mike Shinoda. Editors are Max ""Stupidity at it's Finest"" Leavit, SerioDrew, SlimCollision.","Yes","Yes","https://docs.google.com/spreadsheets/d/1M21FFbsTB-OzYSByh9YRwG1vkWDBUUDk8GJS97lgT4o/edit?gid=1728831385#gid=1728831385"
"Trackers","Miley Cyrus Tracker","Official Tracker for Miley Cyrus. Editors are @leok.","Yes","Yes","https://docs.google.com/spreadsheets/u/0/d/16pG6WvRLJY6d6Re6XmD-bMly1L2djhpO/htmlview"
"Trackers","Miley Cyrus [Alt] Tracker","Alternate Tracker for Miley Cyrus [Alt]. Editors are @mileyopolis.","Yes","Yes","https://docs.google.com/spreadsheets/u/0/d/1FquP2Yg89aYVOdDWXEO6kcrxtUQyvIYBoDs7VtdCU9U/htmlview"
"Trackers","Mitski Tracker","Official Tracker for Mitski. Editors are @unfixqble.","Yes","Yes","https://docs.google.com/spreadsheets/d/1RISeIssqCXWzESOPuWWe_K2Bq8Wqq3VuLZBuFOZgEQ0/edit?gid=2055664839#gid=2055664839"
"Trackers","mk.gee Tracker","Official Tracker for mk.gee. Editors are quincythe.","Yes","Yes","https://docs.google.com/spreadsheets/d/14JF2Plyr4mwrR3b9X_C0SowFaxB4wsRoMPYtRdDbrq0/edit?usp=sharing"
"Trackers","Molly Santana Tracker","Official Tracker for Molly Santana. Editors are partysallover, thinkdeepdontsink.","Yes","Yes","https://docs.google.com/spreadsheets/d/1PdwgmVxY945J_-2BrM2K-HAHz2Lg5dh3fEm9ADJLHUU/edit#gid=1978742314"
"Trackers","Mos Def/Yasiin Bey Tracker","Official Tracker for Mos Def/Yasiin Bey. Editors are tonystarks00.","Yes","Yes","https://docs.google.com/spreadsheets/d/1szpcLNqBbxk2QjgSCgbE-MFbmG6HtC9JyYs4SmK4FYI/edit?usp=sharing"
"Trackers","Ms. Lauryn Hill Tracker","Official Tracker for Ms. Lauryn Hill. Editors are grace, The Invisible Man II, emily, faiowne.","Yes","Yes","https://docs.google.com/spreadsheets/d/1mq4kMsy_ntvh-yI3i2YsriW_PgFRXeaJWg5nS1v-5mU/edit?gid=1520634709#gid=1520634709"
"Trackers","My Chemical Romance Tracker","Official Tracker for My Chemical Romance. Editors are Max ""Stupidity at it's Finest"" Leavitt, bloodedge, rowan, paperjammer.","Yes","Yes","https://docs.google.com/spreadsheets/d/1FQAhGUAkdn_0H31c_eAGzJxqLBrN4OB-M6Gn1UXtOQU/edit?usp=sharing"
"Trackers","Nadia Oh Tracker","Official Tracker for Nadia Oh. Editors are 999valentines.","Yes","Yes","https://docs.google.com/spreadsheets/d/11QGW5IBv5IJdteHLEVcA7FRHYjOK4kkBXBqvRcFwGEY/"
"Trackers","Nadia Oh [Alt] Tracker","Alternate Tracker for Nadia Oh [Alt]. Editors are iamreal3321.","Mostly","Yes","https://docs.google.com/spreadsheets/d/11FYhns6cGUJVeC5hwUb_Y5eT0su8mXSUPOzJZWZRuVI/edit?gid=0#gid=0"
"Trackers","Nas Tracker","Official Tracker for Nas. Editors are troabroa, yeezus528.","Yes","Yes","https://docs.google.com/spreadsheets/d/1TnALmkQdRX_spdUMLLamizAZYD3rERO_iGGzCqD-A6M/edit?usp=sharing"
"Trackers","NAV Tracker","Official Tracker for NAV. Editors are @unbuttoned.","No","Yes","https://docs.google.com/spreadsheets/d/1xiw-nyfRhizLuSa07FCv73yrMX0HgyhCuipTmcjKkvQ/edit#gid=0"
"Trackers","NAV [Alt] Tracker","Alternate Tracker for NAV [Alt]. Editors are @lxns @InDe_eD.","Yes","Yes","https://docs.google.com/spreadsheets/d/1No_p3kfh_2ecmmlO-XwtgGtgYxCv7rdde5KuCY0mTkY/edit#gid=699519374"
"Trackers","NBA Youngboy Tracker","Official Tracker for NBA Youngboy. Editors are @manwithaplan2.","Yes","Yes","https://docs.google.com/spreadsheets/d/1-eJxsD-YciRGsQ6367NQ8zKdVJKEq8pirJPcwncgSwg/edit?gid=0#gid=0"
"Trackers","NBA Youngboy [Alt] Tracker","Alternate Tracker for NBA Youngboy [Alt]. Editors are kingtut_90031 on disc.","Yes","Yes","https://docs.google.com/spreadsheets/d/1Dvj7Qp4_cCKUiiddmEYxIBe1pIt2YLPuCdOxA1U_a8A/edit#gid=869425829"
"Trackers","N.E.R.D Tracker","Official Tracker for N.E.R.D. Editors are cashmere.","Yes","Yes","https://docs.google.com/spreadsheets/d/154fyB__tJtdiUKSdU6FI8rZ6RUdmLkyn-Kw7lHs3oak/edit?gid=1730601069#gid=1730601069"
"Trackers","Nessa Barrett Tracker","Official Tracker for Nessa Barrett. Editors are imissdbreedotorg, rxttingkorpse.","Yes","Yes","https://docs.google.com/spreadsheets/d/1NewL_cByhbnFqbcT4AVe0Zyqzjk75Y2H2Qoc21mosmA/edit?gid=0#gid=0"
"Trackers","Nettspend Tracker","Official Tracker for Nettspend. Editors are woke, fly, taylor, peep, emo yn.","Yes","Yes","https://docs.google.com/spreadsheets/d/1on69bzqAR5WpR2ZuGGbGoMtltq5yCeXaCK4CJ2KkHcM/edit?usp=sharing"
"Trackers","NF Tracker","Official Tracker for NF. Editors are RichManSully, LukeTheSavage, Laken.","Yes","Yes","https://docs.google.com/spreadsheets/d/1M2o96laOq9ySu99lcOeILEXrtwMNjzEVA9S2pNisxE4/edit?usp=sharing"
"Trackers","Nickatnite Tracker","Official Tracker for Nickatnite. Editors are crafter & howmanybands.","Yes","Yes","https://docs.google.com/spreadsheets/d/1_rtR0e5V2T7MdQ7lqu2qGclH3NC8VjX_FjUPbUWF6kU/edit?gid=158606300#gid=158606300"
"Trackers","Nicki Minaj Tracker","Official Tracker for Nicki Minaj. Editors are nmislife on Twitter.","Yes","Yes","https://docs.google.com/spreadsheets/d/1D51YvYshYEfrFJ42BdXZITEeXf4ye0i22Ih_xaLsPoA/edit#gid=0"
"Trackers","Nicole Dollangager Tracker","Official Tracker for Nicole Dollangager. Editors are mrmaidmotel.","Yes","Yes","https://docs.google.com/spreadsheets/d/1vzDIsvqMx_oKFCM5CvzhVe1SmD9O3i-abDAO9S8nF8c/edit?gid=415494178#gid=415494178"
"Trackers","NIKI Tracker","Official Tracker for NIKI. Editors are SukilsFem.","Yes","Yes","https://docs.google.com/spreadsheets/d/1-6dqjFxtvP-GxBXG7PppJjcueTnb7Y_RD44l7a6kef0/edit"
"Trackers","Nine Inch Nails Tracker","Official Tracker for Nine Inch Nails. Editors are @teejayx7.","Yes","Yes","https://docs.google.com/spreadsheets/d/1U4OGZv235dV4r87ZGdpX_LBkYdC8EUHuBg_OmWUxgXw/edit#gid=1369386688"
"Trackers","Nine Vicious Tracker","Official Tracker for Nine Vicious. Editors are 6, revenge, nev, tumblrmusic, fly, emo yn, wun.","Yes","Yes","https://docs.google.com/spreadsheets/d/16JZhKfPIpxjmGvvmgE8fV8H5LWLMFFvV5yvy6UZJccI/edit?gid=1982814837#gid=1982814837"
"Trackers","Normani Tracker","Official Tracker for Normani. Editors are raymeta12, skaura2.","Yes","Yes","https://docs.google.com/spreadsheets/d/1rj-FyaxpQ6LY0KlvYGiwZUVIT9p23J_yQR3xUFpUkSk/edit?usp=sharing"
"Trackers","Ohsxanta Tracker","Official Tracker for Ohsxanta. Editors are slemns.","Yes","Yes","https://docs.google.com/spreadsheets/d/1djKmvGVPWh54IZ-Z3kUUtxi5tsH6ZDjnXG1t6pZ82e4/edit?usp=sharing"
"Trackers","Okaymar Tracker","Official Tracker for Okaymar. Editors are slemns.","Yes","Yes","https://docs.google.com/spreadsheets/d/13AdIko_MXvYxTNJsXjqlt1zSuUqw17ARiL0dVFJFv64/edit?usp=sharing"
"Trackers","Oklou Tracker","Official Tracker for Oklou. Editors are Johan (@sayyyhuhh on X & JohanSBB on Leaked.CX).","Yes","Yes","https://docs.google.com/spreadsheets/d/10zLdB4vM9l7RWnG7Jqz1pww4l-_YNoz5lka7EsGpuQk/edit?gid=1520634709#gid=1520634709"
"Trackers","Oliver Tree Tracker","Official Tracker for Oliver Tree. Editors are Cowtools, TyreimBy, Aurien.","Yes","Yes","https://docs.google.com/spreadsheets/d/1rhvQ9F8VRAj-jOyTLsvhORsVCyvcMRXJuGoDR1-z4jY/edit#gid=411002109"
"Trackers","Olivia Rodrigo [Alt] Tracker","Alternate Tracker for Olivia Rodrigo [Alt]. Editors are Super Lover, Unfixqble.","Yes","Yes","https://docs.google.com/spreadsheets/d/1jfqNzeNdLw00kgY_rNw5PjjKRau0uwQxJuJtPe3u1_Y/edit?gid=2055664839#gid=2055664839"
"Trackers","Olivia Rodrigo [Alt #2] Tracker","Official Tracker for Olivia Rodrigo [Alt #2]. Editors are Jax & Jeen.","Mostly","Yes","https://docs.google.com/spreadsheets/d/1g9RxIQ2JTVYwy5GTYoOnxH3RoNNis7l8zq9tdT7QPSw/edit?usp=sharing"
"Trackers","Olivia Rodrigo [Alt #3] Tracker","Official Tracker for Olivia Rodrigo [Alt #3]. Editors are Cruelest Summer on lcx.","No","Yes","https://docs.google.com/spreadsheets/d/1nzwMq5n2M4O0mkHTynTecgh_FuBKjNaXLGZWwbYa9NI/edit#gid=306146520"
"Trackers","Olēka Tracker","Official Tracker for Olēka. Editors are SukiIsFem!.","Yes","Yes","https://docs.google.com/spreadsheets/d/1N2g5iRjqLvS6PvFKBXKI71j2VnuGIQDwOpiCXvz2ba8/edit?usp=drivesdk"
"Trackers","One Direction Tracker","Official Tracker for One Direction. Editors are the_real_ariana_grenade.","Yes","Yes","https://docs.google.com/spreadsheets/d/1YHLobpw99IarFigCThOOfTwjFBA7TZatgc55-QjOoEc/edit?usp=sharing"
"Trackers","OsamaSon Tracker","Official Tracker for OsamaSon. Editors are fly, slemns, stashmuzik, emo yn, gamb, mesquitee, life222fast.","Yes","Yes","https://docs.google.com/spreadsheets/d/1qbJpawdwnw7IUkZ4FfU3oOF17griNjL59X5z6YFiFlY/edit?gid=585347098#gid=585347098"
"Trackers","OsamaSon [Alt] Tracker","Alternate Tracker for OsamaSon [Alt]. Editors are emo yn, saucy/listeez, inservin, Sway, quixotic, starboy, #fentfirst, Slemns.","No","No","N/A"
"Trackers","OsamaSon [Alt #2] Tracker","Official Tracker for OsamaSon [Alt #2]. Editors are asakufoxlsd, Roses.","No","Yes","https://docs.google.com/spreadsheets/d/1BHj4XdCBtEGd7s7txGV8V6JOlVJ6tyXqJ9I_kcYI3bA/edit#gid=1214485872"
"Trackers","Panchiko Tracker","Official Tracker for Panchiko. Editors are Vertie.","Yes","Yes","https://docs.google.com/spreadsheets/d/1Ug1y8HNvV7gy4eJQmuNgFVTsENFDXw4wjAnENo4-P8k/edit"
"Trackers","Parannoul Tracker","Official Tracker for Parannoul. Editors are tueday, multi, merane.","Yes","Yes","https://docs.google.com/spreadsheets/d/1XFYAR-ywq0GCa_N1N3FjBH0EthcZQelapFCC1ktisGw/edit?gid=0#gid=0"
"Trackers","Paris Shadows Tracker","Official Tracker for Paris Shadows. Editors are joonboy_ on disc.","Yes","Yes","https://docs.google.com/spreadsheets/d/11fQ6bQPpyx83zM1HsM1B09Tc4BHu_9SJippAYloATPk/edit?usp=sharing"
"Trackers","PARTYNEXTDOOR [Alt] Tracker","Alternate Tracker for PARTYNEXTDOOR [Alt]. Editors are valentinxo.","Yes","Yes","https://docs.google.com/spreadsheets/d/1PzJRlIoC6HPP86FfQf9ZqxixHPvZjEjWNfs6n_Wdbik/edit?gid=952840461#gid=952840461"
"Trackers","Pet Shop Boys Tracker","Official Tracker for Pet Shop Boys. Editors are mateopato12.","Yes","Yes","https://docs.google.com/spreadsheets/d/1JDZjbhWqn_VriGSQabYK81vHuS7tVcRJ0IN9JB1jo4c/edit?gid=1520634709#gid=1520634709"
"Trackers","Pharrell Williams Tracker","Official Tracker for Pharrell Williams. Editors are slothsavedearth, FinalxNinja, Johnny Crimson, Mika.","No","No","https://docs.google.com/spreadsheets/d/1guNCg4c5AOuKjNJcxM14wPrU5xgqv7GBXHv1_nDeyss/edit#gid=410927481"
"Trackers","Phl Noturnboy Tracker","Official Tracker for Phl Noturnboy. Editors are m44tine.","Yes","Yes","https://docs.google.com/spreadsheets/d/1olDfFJOhgUGoUu5YuSznISkFx7C5D9GjoHHTjYEUHfs/edit?gid=220824260#gid=220824260"
"Trackers","Phoebe Bridgers Tracker","Official Tracker for Phoebe Bridgers. Editors are allmylxfe, raglord, pop.","Yes","Yes","https://docs.google.com/spreadsheets/d/1P81402MjF8lgeXp7AceonKmPTKb3ZMEMX0pay5_BNJY/"
"Trackers","Pi'erre Bourne Tracker","Official Tracker for Pi'erre Bourne. Editors are @FinalxNinja @Anatomy, & @Mauj.","Yes","Yes","https://docs.google.com/spreadsheets/d/10nxKfjzuGTlvieAoDWJ8VcDPj2Jxy1bnNeLxzjLq2i8/edit?usp=sharing"
"Trackers","Pink Floyd Tracker","Official Tracker for Pink Floyd. Editors are DukeSlayer64.","Yes","Yes","https://docs.google.com/spreadsheets/d/12iGihNLwLuCHufFIT_v1EgK9J4aXDLbRHcYTa_3gydg/edit?gid=0#gid=0"
"Trackers","Pink Guy Tracker","Official Tracker for Pink Guy. Editors are justjaelyn.","Yes","Yes","https://docs.google.com/spreadsheets/d/1AsEOLaxt35IMQgGDvrk_JoM9FbL2CQIyhR4j6_UlyJU/edit?gid=990933532#gid=990933532"
"Trackers","PinkPantheress Tracker","Official Tracker for PinkPantheress. Editors are lovebombzz, alex, goldwings, skaura2, JJ, Marx, dql.","Yes","Yes","https://docs.google.com/spreadsheets/d/1Z_c3abjaM10CjGaJ5yjDqaEWB8YnDVuDaAJCp0EJBu8/edit?gid=1151463948#gid=1151463948"
"Trackers","PinkPantheress [Alt] Tracker","Alternate Tracker for PinkPantheress [Alt]. Editors are Holy Bible.","No","Yes","https://docs.google.com/spreadsheets/d/1EddOGo-jbB1dqcXlVeSqrfvJkUceLUTgmPEBw4TjqCw/edit"
"Trackers","Playboi Carti Tracker","Official Tracker for Playboi Carti. Editors are RunAw, Homebrewed, justamz, Marin, Brimcoole, Yash, griha5438, xscapee, prodrunic, Balint, avi, Squiddy, fitz, xcxxE, ColbyJackChedda, YLS-Dev, antshortnose, heroinfather, longtimecarti, pluggcarti, moze, Kenanneo, fbg_1758_atljacob, Froste, sum, Jodanlol, Jazz, Gabe, slothsavedearth, dankuul.","Yes","Yes","https://docs.google.com/spreadsheets/d/1Irtfvymu26CShYowLMMfD-rM0o9CJqE6-BBSlYsAaF4/edit?gid=0#gid=0"
"Trackers","Playboi Carti [Alt] Tracker","Alternate Tracker for Playboi Carti [Alt]. Editors are Playboi Balint (@bal5), realgangshit, didcartidroptoday, 17thirty, Aztek Silver, Joyabuy Ceo, a77, NoResidence, APOLLO (@/apollo_xll), Grumpy Cat, DukeSlayer64.","Yes","Yes","https://docs.google.com/spreadsheets/d/1ivoRJskby8zykhH_szifY4a1HIQCTnVh6c2WfIfMbkM/edit?gid=0#gid=0"
"Trackers","Playboi Carti Fit Pics Tracker","Official Tracker for Playboi Carti Fit Pics. Editors are xscapee.","No","Yes","https://docs.google.com/spreadsheets/d/1eTG3yX43hEuuWOpZzM_2WF0RYqXJhKsBUP2z2wCHy94/edit?gid=779331793#gid=779331793"
"Trackers","Plutonic Venus Tracker","Official Tracker for Plutonic Venus. Editors are 7thievery.","Yes","Yes","https://docs.google.com/spreadsheets/d/1tMXeyr5QXtosliB-4Amx7MtZCD5rzyTCjND3MkKX0RU/edit?gid=1906752077#gid=1906752077"
"Trackers","POORSTACY Tracker","Official Tracker for POORSTACY. Editors are joonboy_ on disc.","Yes","Yes","https://docs.google.com/spreadsheets/d/1vu4M8Lj4jP46cWVs3I4CtPvhlWCeAcOY2mJXSJFmfaU/edit?usp=sharing"
"Trackers","Poppy Tracker","Official Tracker for Poppy. Editors are plsticlqd.","Yes","Yes","https://docs.google.com/spreadsheets/d/1DVNxCBArGpDw-pPUFjYPnxpleaTdzoQE_cPgjv3lM6s/edit?usp=sharing"
"Trackers","Poppy [Alt] Tracker","Alternate Tracker for Poppy [Alt]. Editors are @Hits_All_day.","No","Yes","https://docs.google.com/spreadsheets/d/1kFNyKAG5FgyZZcSvCVQrfN4R5onYke814Qep10W725A/edit#gid=0"
"Trackers","Pop Smoke Tracker","Official Tracker for Pop Smoke. Editors are raglord, FinalxNinja, slothsavedearth, Pop, DarkStakerz, zestysyrup.","Yes","Yes","https://docs.google.com/spreadsheets/d/1-Kd8molYeR1WpmWR81DqmSCGng3g-AVmZfgd752kh3M/edit#gid=0"
"Trackers","Porter Robinson Tracker","Official Tracker for Porter Robinson. Editors are Riley & night_owll.","Mostly","Yes","https://docs.google.com/spreadsheets/d/1Cr7Apky8BczOxNflY2PSTg9W31ARrrUCjdqk1Qn4VD8/edit#gid=2085563689"
"Trackers","Post Malone Tracker","Official Tracker for Post Malone. Editors are @InDe_eD @lxns @skyupsahl.","Yes","Yes","https://docs.google.com/spreadsheets/d/1oFFGtGJ7liKPbw_Y9uAxbxzGDq_UQNDnNMDb-qQZS80/edit#gid=699519374"
"Trackers","Pozer Tracker","Official Tracker for Pozer. Editors are darkstakerz.","Yes","Yes","https://docs.google.com/spreadsheets/d/1jFWSNxv4mUenqn6pcOmUyRkPCuwRNxWQLe-w-Zb86VI/edit?gid=473729015#gid=473729015"
"Trackers","Prettifun Tracker","Official Tracker for Prettifun. Editors are slemns, gabe, fly.","Yes","Yes","https://docs.google.com/spreadsheets/d/1gHCN8bRLQPLz0jRRS2UBN9cZbgPLK8VSnAwAEJHzk9I/edit?gid=1721773079#gid=1721773079"
"Trackers","Primus Tracker","Official Tracker for Primus. Editors are @Bl4ckBugs.","Yes","Yes","https://docs.google.com/spreadsheets/d/1kSkxcpZgLqNb3ms5gdGcAL04cg4ylA_MwbRLVemVPoY/edit?usp=sharing"
"Trackers","Proof Tracker","Official Tracker for Proof. Editors are Gerry.","Yes","Yes","https://docs.google.com/spreadsheets/d/1lfFXBYjIAjnDbs2M6B2vtaD6ZRTBTneS9Z1Y66FDRpM/edit#gid=0"
"Trackers","Punk Racks Tracker","Official Tracker for Punk Racks. Editors are stashmuzik.","Yes","Yes","https://docs.google.com/spreadsheets/d/1Ecqsn3OzpN0gh_Ik5aVKAFxPdQRwR10oK2JtegNe3IA/edit?gid=939503139#gid=939503139"
"Trackers","Pusha T Tracker","Official Tracker for Pusha T. Editors are Yousef. The Creator, thainglorious1, ComplexCandle, Tereyağız.","Yes","Yes","https://docs.google.com/spreadsheets/d/19wsRrbQxQ7sz-LhkEYUlKIcVFvXdcG1hvT58zEY03sA/edit?gid=1932839414#gid=1932839414"
"Trackers","Pusha T [Alt] Tracker","Alternate Tracker for Pusha T [Alt]. Editors are Poptart, vertie, m3ltmyeyez, slothsavedearth.","No","No","N/A"
"Trackers","Pusha T [Alt #2] Tracker","Official Tracker for Pusha T [Alt #2]. Editors are @IAmBatby.","No","Yes","https://docs.google.com/spreadsheets/d/11s3VvFmPKPxcs-ZDJe6nmao5cBjab9Sp0uqAZ3-MyDc/edit#gid=0"
"Trackers","Quadeca Tracker","Official Tracker for Quadeca. Editors are u/Devishjack, u/Kevin_419 & lepslife.","Yes","Yes","https://docs.google.com/spreadsheets/d/1YXXvANbMdpViF1SbavcnHE1-KLTfmlZIdnGufiyi9eA/edit#gid=740993186"
"Trackers","Quando Rondo Tracker","Official Tracker for Quando Rondo. Editors are @Cocaine.","Yes","Yes","https://docs.google.com/spreadsheets/d/1ODy-muCRuLvd91GffRBHGfVEkywWJFZNjpgYCT4RFkQ/edit?gid=503979377#gid=503979377"
"Trackers","Quincy Tracker","Official Tracker for Quincy. Editors are garfiiieeelld on disc.","Yes","Yes","https://docs.google.com/spreadsheets/d/1vcyVWCz8ZcJPWIr27wLw4jHMuzKmov3wmIZhKOyhMUg/edit#gid=0"
"Trackers","Quinn Tracker","Official Tracker for Quinn. Editors are ichirofan10011.","Yes","Yes","https://docs.google.com/spreadsheets/d/1tN-4h54IwDEDo1I7BTKIgGkgoWvq-0X_-XrXvNwalP8/edit?gid=1792554832#gid=1792554832"
"Trackers","Radiohead Tracker","Official Tracker for Radiohead. Editors are Jozzuh, Brimcoole, fuckwad, Yung Neil, hcaor, sleephead, gerald.","Yes","Yes","https://docs.google.com/spreadsheets/d/176VMdQqyLmFodWpZLgLqkvup4izKpcQQmBwPFLEw9GM/edit?gid=0#gid=0"
"Trackers","Rae Sremmurd (& Swae Lee, Slim Jxmmi) Tracker","Official Tracker for Rae Sremmurd (& Swae Lee, Slim Jxmmi). Editors are @Swae Cae.","Yes","Yes","https://docs.google.com/spreadsheets/d/1BMq3Ki-eNLykcUotqbjGAxSTb1cll5ldPs9uRHrKXNs/edit#gid=953316347"
"Trackers","RainingLol Tracker","Official Tracker for RainingLol. Editors are stashmuzik.","Yes","Yes","https://docs.google.com/spreadsheets/d/1x_VimFe43Q65YeUua_3btCXslBspkE1yWbcxiTKql90/edit?gid=2078732611#gid=2078732611"
"Trackers","Rauw Alejandro Tracker","Official Tracker for Rauw Alejandro. Editors are lioaf.","Yes","Yes","https://docs.google.com/spreadsheets/d/1POGteAr9xNzCTAcPSYy4uEZhtUvsMMGWaegTs0ZJu9M/edit?gid=1089426480#gid=1089426480"
"Trackers","RAYE Tracker","Official Tracker for RAYE. Editors are @leok, @raymeta12, @samvs.","Yes","Yes","https://docs.google.com/spreadsheets/d/1XKxt2eS80Z4X2uOX0cZOTCMVtWYl1nfTWtJOQiBsXL0/edit?usp=sharing"
"Trackers","Regurgitator Tracker","Official Tracker for Regurgitator. Editors are @Bl4ckBugs.","Yes","Yes","https://docs.google.com/spreadsheets/d/1a0MHNCTYt_gHiyu0B1Yt5MGEZy1Mu-A7T0Xtui9iWbk/edit?usp=sharing"
"Trackers","Reneé Rapp Tracker","Official Tracker for Reneé Rapp. Editors are t8tert0t24.","Yes","Yes","https://docs.google.com/spreadsheets/d/1hPXYN09q4qI4L4Kdcmnn4Ybqt4V4cnv0zvTi_SnocMk/edit?gid=0#gid=0"
"Trackers","Rex Orange County Tracker","Official Tracker for Rex Orange County. Editors are andygump211.","Yes","Yes","https://docs.google.com/spreadsheets/d/1R9dkRkIjoagXExTvKYYOkDvECK_NP591YhRQBqwkeuo/edit?usp=sharing"
"Trackers","Rich Brian Tracker","Official Tracker for Rich Brian. Editors are justjaelyn.","Yes","Yes","https://docs.google.com/spreadsheets/d/1pvgSVw3Ke00Nle5ylebJmHXFtmsWkKmdnVo7vi8Gb4g/edit?gid=1377910516#gid=1377910516"
"Trackers","Rihanna Tracker","Official Tracker for Rihanna. Editors are Don Smokecrack, ReferredRhyme.","Yes","Yes","https://docs.google.com/spreadsheets/u/3/d/1HMqjw55sCPUGyI_UBc-JcO881FHzUTX08NvQY9oa61k/htmlview"
"Trackers","Rihanna [Alt] Tracker","Alternate Tracker for Rihanna [Alt]. Editors are Jeen & noa.","Yes","Yes","https://docs.google.com/spreadsheets/d/1DKf6MBZ6KcKoKFH5Vnl1qc3CrPIiHey-EgOrpKpLZQo/edit?usp=sharing"
"Trackers","ROSALÍA Tracker","Official Tracker for ROSALÍA. Editors are Jeen.","No","Yes","https://docs.google.com/spreadsheets/d/1r98aVOoa3Gg-ObBl4A0ekRXJ4X6oHMBIY-3G37bhrtk/edit?usp=sharing"
"Trackers","ROSALÍA [Alt] Tracker","Alternate Tracker for ROSALÍA [Alt]. Editors are afonisha, anhvoh.","No","No","N/A"
"Trackers","Royce Da 5'9"" Tracker","Official Tracker for Royce Da 5'9"". Editors are GrimR3xx & SavageGamer44.","Yes","Yes","https://docs.google.com/spreadsheets/d/1pwUiDLO02pqKZjsAqA7lyf-EmWHzuxq4ACQ--76CeRA/edit?gid=735631992#gid=735631992"
"Trackers","Sabrina Carpenter Tracker","Official Tracker for Sabrina Carpenter. Editors are @Milk12.","Yes","Yes","https://docs.google.com/spreadsheets/d/1XDdYqcxbozqNE-2Dh8HlQt4KsUiFLdo2NrAzelweFKs/edit?gid=1631842705#gid=1631842705"
"Trackers","Sabrina Carpenter [Alt] Tracker","Alternate Tracker for Sabrina Carpenter [Alt]. Editors are werenotalike on disc.","Yes","Yes","https://docs.google.com/spreadsheets/d/1DuODWAc3GqK8fK7wV0yH_dCGXeoP85SYgx1ZnR3ZY1A/edit"
"Trackers","Sabrina Carpenter [Alt #2] Tracker","Official Tracker for Sabrina Carpenter [Alt #2]. Editors are @cleopatra.","No","Yes","https://docs.google.com/spreadsheets/d/154zqyDgUCcl3VEhLK6optnFdMRwkuZv4ZPDQz7x04d4/edit#gid=0"
"Trackers","SahBabii Tracker","Official Tracker for SahBabii. Editors are Roses, thxyuvi.","Yes","Yes","https://docs.google.com/spreadsheets/d/1NXFFPblYYTRtunLEv_UrjeeuX7d3wSU2fmwMfO827ts/edit?gid=306146520#gid=306146520"
"Trackers","SAINt JHN Tracker","Official Tracker for SAINt JHN. Editors are @Maxen.","No","Yes","https://docs.google.com/spreadsheets/d/1pGXBYLfew01Fol15HVvJ08UNag3guqCAo9nFeNitFkM/edit#gid=0"
"Trackers","SALEM Tracker","Official Tracker for SALEM. Editors are coldbeam.","Yes","Yes","https://docs.google.com/spreadsheets/d/e/2PACX-1vQwKlt8Fzy9bnhePeOfBKe4sMhzH-Q8ij5eo3qXK134qXzWVIXstQhGbtFZH9bX0g/pubhtml"
"Trackers","Sampha Tracker","Official Tracker for Sampha. Editors are maliceeee, Rythmic Reason, deadmemz,.","Yes","Yes","https://docs.google.com/spreadsheets/d/1Lyqc9CH9MPsdRb5ISk5NCWO3LMezLFTq7RFAthenOA0/edit?usp=sharing"
"Trackers","ScalderM Tracker","Official Tracker for ScalderM. Editors are yourname028, vultures 3 grailer, diggadbutlessfamous, meaty michael.","Yes","Yes","https://docs.google.com/spreadsheets/d/1sKdJQY9CsJNeX4BiZg1xTxSvxbrVxGxyEBUgQYlsiJo/edit?gid=1842492791#gid=1842492791"
"Trackers","Selena Gomez Tracker","Official Tracker for Selena Gomez. Editors are @selenaontop, SF12 on disc.","Yes","Yes","https://docs.google.com/spreadsheets/d/10NdIn1iVdHxt0XbZmssh7pw7p7bsbFML6hwDIF4hMvU/edit#gid=0"
"Trackers","Selena Gomez [Alt] Tracker","Alternate Tracker for Selena Gomez [Alt]. Editors are @Shadalena @mileyopolis.","Yes","Yes","https://docs.google.com/spreadsheets/d/1-3CH8G-Rbpzya0-Yx5TfdGLsLpzFxmLzoKhxnev7tRU/edit#gid=436420468"
"Trackers","Shady Records Tracker","Official Tracker for Shady Records. Editors are GrimR3xx, Franki8000, G-Man Junior.","Yes","Yes","https://docs.google.com/spreadsheets/u/0/d/1M5XxuiUbx38V0XhxSgO3AiD124S5mLA8mj3C8m-G8Ew/htmlview#gid=910149973"
"Trackers","Shawn Mendes Tracker","Official Tracker for Shawn Mendes. Editors are raymeta12, @the_real_ariana_granade.","Yes","Yes","https://docs.google.com/spreadsheets/d/1AXukDK3k5Est81hchg8Rsc_BL3Mz7DfP45rAQCgiIsc/edit#gid=415494178"
"Trackers","Shawn Mendes [Alt] Tracker","Alternate Tracker for Shawn Mendes [Alt]. Editors are Gustavo Mendes.","Yes","Yes","https://docs.google.com/spreadsheets/d/1FcHXuOgU4VaqQJzYQKdBY58iTNRv7Q1m7KxC4H7Mh4M/edit?gid=503467644#gid=503467644"
"Trackers","shebeel661k Tracker","Official Tracker for shebeel661k. Editors are darzn#0006.","Yes","Yes","https://docs.google.com/spreadsheets/d/1JNBQwTH-LJ49YPMWZjIwuRWbYo9L2AM9RS5up-LJMA0/edit#gid=0"
"Trackers","Sheck Wes Tracker","Official Tracker for Sheck Wes. Editors are helltoparadise.","No","Yes","https://docs.google.com/spreadsheets/d/1DZTmNAHXkuzMnywjgW_GFld-_Wby0ByCu49vpaFNt5A/edit?gid=0#gid=0"
"Trackers","Shed Theory Tracker","Official Tracker for Shed Theory. Editors are vnderscore & imlukie.","Yes","Yes","https://docs.google.com/spreadsheets/d/16tjBtKro4UD8UVAsJdHaeW1J0TDiOU5wxc_mHOdFeUQ/edit?usp=sharing"
"Trackers","Sheff G Tracker","Official Tracker for Sheff G. Editors are DarkStakerz, Gopo, zestysyrup.","Yes","Yes","https://docs.google.com/spreadsheets/d/1VsUkKon5S5SA-XVJ8_sgn44ZiodGaawH3GYujbmp8-c/edit?gid=1199475919#gid=1199475919"
"Trackers","shiey Tracker","Official Tracker for shiey. Editors are justjaelyn.","Yes","Yes","https://docs.google.com/spreadsheets/d/1RhFKRLKc7PkncRCSspJI5FxvEToiWX37SQzhAuCMkys/edit?gid=766670282#gid=766670282"
"Trackers","Shoreline Mafia Tracker","Official Tracker for Shoreline Mafia. Editors are liaof.","Yes","Yes","https://docs.google.com/spreadsheets/d/1XjwNUTCtZxh9EnFFIWstK_JEBi2VFY74sEQy8lMLnfw/edit?gid=1757353602#gid=1757353602"
"Trackers","Silas Tracker","Official Tracker for Silas. Editors are @comptonrapper & Skiwalker Home.","Mostly","Yes","https://docs.google.com/spreadsheets/d/1l1B5jtraBCpUW2ZWks4Ghh1MOqZuDOinXFDeePqvis0/edit#gid=0"
"Trackers","Skaiwater Tracker","Official Tracker for Skaiwater. Editors are Roses.","Yes","Yes","https://docs.google.com/spreadsheets/d/1P4ArPuRP6_Sq7LErNHptP2ry6fm3lBjHM9Rg47hRwNU/edit?gid=1665643809#gid=1665643809"
"Trackers","Ski Mask the Slump God Tracker","Official Tracker for Ski Mask the Slump God. Editors are tendai, deka.","Yes","Yes","https://docs.google.com/spreadsheets/d/1j7_2JVQ2eyaVA6vEQT89R8XhOXUR8KTJbVgTUm_ZD88/edit"
"Trackers","Ski Mask the Slump God [Alt] Tracker","Alternate Tracker for Ski Mask the Slump God [Alt]. Editors are Ski Mask Discord.","No","Yes","https://docs.google.com/spreadsheets/d/1I3WPANypl0dm6XxS8duPz-VuAnU-pFfeeE3cMrxSYug/edit#gid=0"
"Trackers","Ski Mask the Slump God [Alt #2] Tracker","Official Tracker for Ski Mask the Slump God [Alt #2]. Editors are Scizor.","Yes","Yes","https://docs.google.com/spreadsheets/d/1wOYfZcP-UGA5xN2AP6UGbFbRGm3ylvCPYDlZhHQ4Iqo/edit#gid=1369386688"
"Trackers","Sky Ferreira Tracker","Official Tracker for Sky Ferreira. Editors are wa1meabay, beautifulloser.","Yes","Yes","https://docs.google.com/spreadsheets/d/1un1NxDCNW2zqFmxUxZj09hhC9k2CDP1V5Io5_ELs6rA/edit?gid=0#gid=0"
"Trackers","Slayr Tracker","Official Tracker for Slayr. Editors are Syrup, Snoopy, Rhyss, Shadow, Gos3v3lution, zgntz.","Yes","Yes","https://docs.google.com/spreadsheets/d/1evt0drBrejboGb3B4a6HSiShyPCuF9uWNWa7kHtSRWw/edit?gid=1333613157#gid=1333613157"
"Trackers","Slayr [Alt] Tracker","Alternate Tracker for Slayr [Alt]. Editors are zryan1_, a77, stashmusik.","Yes","No","N/A"
"Trackers","Slayyyter Tracker","Official Tracker for Slayyyter. Editors are MRMIAMI.","Yes","Yes","https://docs.google.com/spreadsheets/d/1-au3vWEOcfByV_wGXsDjQFN8VkvQCkdPd1zv1q_o3Do/edit?gid=0#gid=0"
"Trackers","Slayyyter [Alt] Tracker","Alternate Tracker for Slayyyter [Alt]. Editors are Jeen & XCX Archivist.","No","Yes","https://docs.google.com/spreadsheets/d/1kJBsqYYwEOhJw7yuvRGO47r1xdwxlKuIkWFAjCy5_nU/edit?gid=780455670#gid=780455670"
"Trackers","Slowdive Tracker","Official Tracker for Slowdive. Editors are ecstasy.","Yes","Yes","https://docs.google.com/spreadsheets/d/1ZuhpJKkFe5saYfftrsqEhgB2a5jT1adFNjNQwdDUZPw/edit?gid=1290736512#gid=1290736512"
"Trackers","Slowdive Tracker","Official Tracker for Slowdive. Editors are ecstasy.","Yes","Yes","https://docs.google.com/spreadsheets/d/1ZuhpJKkFe5saYfftrsqEhgB2a5jT1adFNjNQwdDUZPw/edit?gid=1290736512#gid=1290736512"
"Trackers","Smino Tracker","Official Tracker for Smino. Editors are AnalogDekalog.","Yes","Yes","https://docs.google.com/spreadsheets/d/1NLx9U-A_Xi78HlyQzfbLCbAHiyxSk2Jxf06g6J5oypQ/edit?gid=306146520#gid=306146520"
"Trackers","Smokepurpp Tracker","Official Tracker for Smokepurpp. Editors are @Rojas999.","No","Yes","https://docs.google.com/spreadsheets/d/1KrZM7GA-DeWqUWA4vaxYnY7d0rqxaQyuLhW8LUeh8sk/edit#gid=0"
"Trackers","SoFaygo Tracker","Official Tracker for SoFaygo. Editors are @joshkori.","Yes","Yes","https://docs.google.com/spreadsheets/d/1HISW5L6rWvEW-ZtHrUQRBbjwfOYTrTuzi5fgPkwtObQ/edit#gid=1792554832"
"Trackers","SoGoneSoFlexy Tracker","Official Tracker for SoGoneSoFlexy. Editors are Tuck & Bruno.","Mostly","Yes","https://docs.google.com/spreadsheets/d/1JncPnYfOuIKXH9fkl6Gru9Sj9aZ6Wk-wKF-Bb90SKms/edit#gid=1792554832"
"Trackers","Sonder Tracker","Official Tracker for Sonder. Editors are liaof.","Yes","Yes","https://docs.google.com/spreadsheets/d/1-zyjhDdgKvCpoVZ2gAJ5NwEdfElp0MPiCGhF-bmTXM8/edit?gid=1880738736#gid=1880738736"
"Trackers","Sonny Moore / Skrillex Tracker","Official Tracker for Sonny Moore / Skrillex. Editors are heavensentchris, UnreleasedDrops, gv_nks, SarahWiWi.","Yes","Yes","https://docs.google.com/spreadsheets/d/15hYI-8geDvt5ts_ipqRorHbimpgtcLZwJtbCZzj4Gl8/edit?gid=0#gid=0"
"Trackers","SOPHIE Tracker","Official Tracker for SOPHIE. Editors are MeantToBeIconic.","Yes","Yes","https://docs.google.com/spreadsheets/d/1to4ZPK7_FRxtLgvDg3mD5YMSTAOMAFyAXquIjYwz-u8/edit#gid=1290934378"
"Trackers","SOPHIE [Alt] Tracker","Alternate Tracker for SOPHIE [Alt]. Editors are Crazy Fairy.","Yes","Yes","https://docs.google.com/spreadsheets/d/1eggiBiwifQuWV_gCTifthmbjGF-rXH7pHz6yiLtn8Xk/edit?gid=864950135#gid=864950135"
"Trackers","SosMula Tracker","Official Tracker for SosMula. Editors are u/MulaKami666.","Yes","Yes","https://docs.google.com/spreadsheets/d/1g4wGHgo_7bdC_nnWg7BA80cGo1aQV9OE8qtm8dKqUgw/edit#gid=0"
"Trackers","SpaceGhostPurrp Tracker","Official Tracker for SpaceGhostPurrp. Editors are eyeblind, edideaur.","Yes","Yes","https://docs.google.com/spreadsheets/d/1uplnsVswpP0kQ4TSUczh-ghPtwXdw7cPK_xj9UUXBcc/edit?gid=1520634709#gid=1520634709"
"Trackers","Stapanul Tracker","Official Tracker for Stapanul. Editors are poland1234567890.","Yes","Yes","https://docs.google.com/spreadsheets/d/1t6OVMB9jhoikV6ne8-i4TdOFrcuhpUTK1VbaNd5QI9Y/edit?gid=1166360764#gid=1166360764"
"Trackers","Steve Lacy Tracker","Official Tracker for Steve Lacy. Editors are manick, andygump211, ColbyJackChedda, yatta.","Yes","Yes","https://docs.google.com/spreadsheets/d/1xqnIw0wymufIjKfoaXGDC-KAVuF81S5quMCCX7lYQyc/edit?gid=944094987#gid=944094987"
"Trackers","Steve Lacy [Alt] Tracker","Alternate Tracker for Steve Lacy [Alt]. Editors are genesis.","No","No","N/A"
"Trackers","Summer Walker Tracker","Official Tracker for Summer Walker. Editors are lioaf, skaura2 & moonlight runs pop.","Yes","Yes","https://docs.google.com/spreadsheets/d/1z9rWKIcEKxODq_9BdElNAJXffnYhFtrwc1Yzo7_OViM/edit#gid=1228341798"
"Trackers","Summrs Tracker","Official Tracker for Summrs. Editors are zed.","Yes","Yes","https://docs.google.com/spreadsheets/d/13yCSXxHCBhNGzO6kBGr_MMmRDNLu9j4X10vn_CSBuG4/edit?gid=306146520#gid=306146520"
"Trackers","SZA Tracker","Official Tracker for SZA. Editors are netta.","Yes","Yes","https://docs.google.com/spreadsheets/d/1mPq6ZvoQ1_kWqIH9JS8I2VbBb8WboFYyeMP2yqjtz7s/edit?gid=0#gid=0"
"Trackers","Tame Impala Tracker","Official Tracker for Tame Impala. Editors are KrackerZ / Dr Wolf, Scarfvass, oldchunk.","Yes","Yes","https://docs.google.com/spreadsheets/d/1ZcFPelNGPTl7pR_6o43lAZmwDdqgkDXLp_o4YHrahZA/edit?gid=766670282#gid=766670282"
"Trackers","Tate McRae Tracker","Official Tracker for Tate McRae. Editors are @aderynswife, @aureliaa.","Yes","Yes","https://docs.google.com/spreadsheets/u/0/d/102i9aoX40nXz7jb6VQkHBNtI9HS6CDTaD3dePguL3MQ/htmlview"
"Trackers","Tay-K Tracker","Official Tracker for Tay-K. Editors are @teejayx7.","No","Yes","https://docs.google.com/spreadsheets/d/1_JNEFoF3_yuo4bOaA4VtkST1R9JgVeb72t9J1h4uTjM/edit#gid=1369386688"
"Trackers","Taylor Swift [Alt] Tracker","Alternate Tracker for Taylor Swift [Alt]. Editors are Rain51db & Animal Crackers.","Yes","Yes","https://docs.google.com/spreadsheets/d/1hXksvQRYqhHMEnF4sK8R66NYR_H1qSnQeUyTTg_uj0Y/edit#gid=1509926816"
"Trackers","Taylor Swift [Alt 2] Tracker","Official Tracker for Taylor Swift [Alt 2]. Editors are @aviciinternational.","No","Yes","https://docs.google.com/spreadsheets/d/1jpgnxjwrAKEuhze8UC8r8Ax2ZdNgGRdVZ_REQg3L-hU/edit#gid=0"
"Trackers","Thaiboy Digital Tracker","Official Tracker for Thaiboy Digital. Editors are monsterTUBE_xxx on Twitter.","No","Yes","https://docs.google.com/spreadsheets/d/e/2PACX-1vS6kX9D6BPvafzeTXX-QTPlw-sCmcT3S2ILGN7JbyMygBZd0QUfOMv1laweekr3JQSVh7U4c46my2U5/pubhtml"
"Trackers","The Avalanches Tracker","Official Tracker for The Avalanches. Editors are FinleyGómez#3383.","Yes","Yes","https://docs.google.com/spreadsheets/d/1dTTzRtVx8iUDViabUwKzCr7jKFIlTho5YMmydnFzKEc/edit?usp=sharing"
"Trackers","The Beatles Tracker","Official Tracker for The Beatles. Editors are u/ItsMichaelRay.","Yes","Yes","https://docs.google.com/spreadsheets/d/1y34Zmg8AtI1FZmwOFzUCusLSE3KuwpNKpFdeOQfnuBc/edit?gid=1792554832#gid=1792554832"
"Trackers","THE FAT FUCKS! Tracker","Official Tracker for THE FAT FUCKS!. Editors are xyan.","Yes","Yes","https://docs.google.com/spreadsheets/d/1hhQvC1KjOvM74KcqcQ7s0S15M5MvHDaNjHx7REzBCE0/edit?usp=sharing"
"Trackers","The Kid LAROI Tracker","Official Tracker for The Kid LAROI. Editors are @Capri @Desper.","No","Yes","https://docs.google.com/spreadsheets/d/1a8_li_D3rG0iDLqT9AGZsRVojlEyhO_nb735cRpyUvE/edit#gid=0"
"Trackers","The Notorious B.I.G Tracker","Official Tracker for The Notorious B.I.G. Editors are @Jay Z.","Mostly","Yes","https://docs.google.com/spreadsheets/d/1fDQXnTEIqzApYAY7GH6AwZOA2Zmt8TFKiVMyCgBa4iA/edit#gid=1792554832"
"Trackers","The Weeknd Tracker","Official Tracker for The Weeknd. Editors are KrackerZ, Dr Wolf, shri, raymeta12, hannahandevelyn, jae, DxG51, indeed, FADED.","Yes","Yes","https://docs.google.com/spreadsheets/d/1luU-KL_vKt72goUpSO2F0qMvXyqaT_q8VwYNjPeLgTg/edit?gid=766670282#gid=766670282"
"Trackers","The xx Tracker","Official Tracker for The xx. Editors are SukiIsFem!.","Yes","Yes","https://docs.google.com/spreadsheets/d/1-44cL1Ofnt1TE8zv3K6DkzNqi7CiRplUTL7fx9zPI-M/edit?gid=0#gid=0"
"Trackers","Thundercat Tracker","Official Tracker for Thundercat. Editors are @madvilliany.","Yes","Yes","https://docs.google.com/spreadsheets/u/0/d/1KN1eE89gaCsf8Lh_mnjxjfrz7HNQd7V833uxMPibZkU/htmlview#gid=321437127"
"Trackers","Tinashe Tracker","Official Tracker for Tinashe. Editors are Tulsafreak (@wa1meabay).","Yes","Yes","https://docs.google.com/spreadsheets/d/1u9W3jvh8rJQZ9shiX1CACRvaiaWCFYzh_dBzAoIyKck/edit?gid=0#gid=0"
"Trackers","Tokio Hotel Tracker","Official Tracker for Tokio Hotel. Editors are heydu_.","Yes","Yes","https://docs.google.com/spreadsheets/d/1e2oZ8BgQ2VSPJFqBaN6j68gZ-xQq8Pv0iApLRoc3vmA/edit?gid=1941835413#gid=1941835413"
"Trackers","Tom MacDonald Tracker","Official Tracker for Tom MacDonald. Editors are [iaon].","Yes","Yes","https://docs.google.com/spreadsheets/d/16Zy8Rpd-Amf_a0UdS0uo4eJenei8tcsc5ECurPUdcI4/edit?gid=1520634709#gid=1520634709"
"Trackers","Top Dawg Entertainment Tracker","Official Tracker for Top Dawg Entertainment. Editors are aeolowl, Infisrael, Idk what to put here, osunn, dollnora.","Yes","Yes","https://docs.google.com/spreadsheets/d/1R6E6ccGMRfKVLWzqJPjXQ0L3Z7FbCiUCdSkF8ApG368/edit?gid=1876057069#gid=1876057069"
"Trackers","Tove Lo Tracker","Official Tracker for Tove Lo. Editors are forgottenlove.","Yes","Yes","https://docs.google.com/spreadsheets/d/1FRHKnoVAYwQmfxYMVEDkqvk_ef6nyIxHotuwsTJjlFU/edit?gid=1927699894#gid=1927699894"
"Trackers","Tove Lo [Alt] Tracker","Alternate Tracker for Tove Lo [Alt]. Editors are ???.","No","Yes","https://docs.google.com/spreadsheets/d/1pVAXTe2c_WVv0REg_FzaqJs4qpoUEnCpbjj2g4AAqao/edit?gid=0#gid=0"
"Trackers","Travis Scott Tracker","Official Tracker for Travis Scott. Editors are lxns.","Yes","Yes","https://docs.google.com/spreadsheets/d/1gJqbQrb3dIWF-PLMsKkNUrftpQb8zxsZFDAIpSvT5Fo/edit?gid=846204501#gid=846204501"
"Trackers","Trey Songz Tracker","Official Tracker for Trey Songz. Editors are GrimR3xx.","Yes","Yes","https://docs.google.com/spreadsheets/d/16qN1IXwnltwU0g4K--yRfXRP-oQZ_jHHUHyt_xjejCs/edit?gid=1520634709#gid=1520634709"
"Trackers","tripleS Tracker","Official Tracker for tripleS. Editors are sosyeolsonyoseoul.","Yes","Yes","https://docs.google.com/spreadsheets/d/1ObcS2uzw9zs6jw0sRGPD07reuztFapU2mRv0FqxQdWY/edit?usp=sharing"
"Trackers","Trippie Redd Tracker","Official Tracker for Trippie Redd. Editors are raiden, snakeyyy.","Yes","Yes","https://docs.google.com/spreadsheets/d/1hZdGFBZmukWGH4IlnH0NJvphwEct2XEMJT_moTFhTvc/edit?gid=1555572772#gid=1555572772"
"Trackers","Trippie Redd [Alt] Tracker","Alternate Tracker for Trippie Redd [Alt]. Editors are tendai & slothsavedearth.","Yes","Yes","https://docs.google.com/spreadsheets/d/1FNvDiC75Fv3wvYBt1SQ9JpF2D5SR-LpPzJg2X7xGYQQ/edit#gid=0"
"Trackers","Trolleycat Tracker","Official Tracker for Trolleycat. Editors are undisclosed.___, ell.","Yes","Yes","https://docs.google.com/spreadsheets/d/121d55E7JJLrE54-SpmyZkGt3yDFY9hycWJEv-WxVVQc/edit"
"Trackers","Troye Sivan Tracker","Official Tracker for Troye Sivan. Editors are honeymoonboo, sanchezxoxo.","Yes","Yes","https://docs.google.com/spreadsheets/d/1vJBFjRnnzGAjDDafX4EabZhmDTnwS4W41iKDmbiJcUs"
"Trackers","Troye Sivan [Alt] Tracker","Alternate Tracker for Troye Sivan [Alt]. Editors are Jeen.","Mostly","Yes","https://docs.google.com/spreadsheets/d/1TdzAx-eOyUjshgX_4vzG6nSO76T3Lv7D3cbjdx5kDIM/edit?usp=sharing"
"Trackers","TUL8TE Tracker","Official Tracker for TUL8TE. Editors are 00m500_.","Yes","Yes","https://docs.google.com/spreadsheets/d/1hcASWWpKt7wLQdEfK1X-ROi8Sr8OBU3dxD9xySHNUw4/edit?gid=1241081326#gid=1241081326"
"Trackers","Twenty One Pilots Tracker","Official Tracker for Twenty One Pilots. Editors are Whisp.","Yes","Yes","https://docs.google.com/spreadsheets/d/1-njYcJF1BwZ2auQ46Uz0pMNRwkylxGEKdR2D4oS_sHk/edit?usp=sharing"
"Trackers","Twice Tracker","Official Tracker for Twice. Editors are Selrun.","Yes","Yes","https://docs.google.com/spreadsheets/d/1jmc1dG979NvZ7UeAkL-BgFuM193f9xBIaFB9_XlsZ5Y/edit?usp=sharing"
"Trackers","Tyla Tracker","Official Tracker for Tyla. Editors are kalisorquideas.","Yes","Yes","https://docs.google.com/spreadsheets/d/1tl9M_9pS8pwQZSDCSVD4ZlwZip27TyFInPerwO9DGzA/edit?gid=563337376#gid=563337376"
"Trackers","Tyla [Alt] Tracker","Alternate Tracker for Tyla [Alt]. Editors are boyfromsouthdetroit, [TBA].","No","No","N/A"
"Trackers","Tyler, The Creator Tracker","Official Tracker for Tyler, The Creator. Editors are ColbyJackChedda, thainglorious, Marin, Zulsk, Akuma, Uncles Make Freaks, y7, BrokenStone, royalty.","Yes","Yes","tylertracker.net/"
"Trackers","TYNI Tracker","Official Tracker for TYNI. Editors are iamreal3321.","Yes","Yes","https://docs.google.com/spreadsheets/d/1_tOcpzQg8_Eyj6NT9tfOBqxYVpRrZAf9gD2U_U8vlkE/edit?gid=1520634709#gid=1520634709"
"Trackers","$uicideBoy$ Tracker","Official Tracker for $uicideBoy$. Editors are geeked.","Yes","Yes","https://docs.google.com/spreadsheets/d/17EjN1Q4F-FcKGWmZcjDYtCHk9VxwbHVhSrNyzxIb3xk/edit#gid=1160569231"
"Trackers","underscores Tracker","Official Tracker for underscores. Editors are sonoftherighthand_.","Yes","Yes","https://docs.google.com/spreadsheets/d/11rr10x_ZrimdnylZ9ESUVZDkAORPJb7OEb065muZKVY/edit?usp=drivesdk"
"Trackers","untiljapan Tracker","Official Tracker for untiljapan. Editors are twizzy.","Yes","Yes","https://docs.google.com/spreadsheets/d/1XR4A-TAojE_1EUXushbfxoKxjMrh0GcL2Z3XZHKCmbI/edit?gid=42918278#gid=42918278"
"Trackers","untitled Tracker","Official Tracker for untitled. Editors are phichanmeth on disc.","Yes","Yes","https://docs.google.com/spreadsheets/d/1Ca3vRAuWXeaRFImLUez7SAkfnRVmlIBlG3bQymOXw2c/edit?usp=drivesdk"
"Trackers","UPSAHL Tracker","Official Tracker for UPSAHL. Editors are @Vinyl.","Yes","Yes","https://docs.google.com/spreadsheets/d/1S-oXxvDMZh2xzvSXrV-Fj69OzRWrZl4xwWHCwz3p8TY/edit#gid=1792554832"
"Trackers","UPSAHL [Alt] Tracker","Alternate Tracker for UPSAHL [Alt]. Editors are Sippy.","Yes","Yes","https://docs.google.com/spreadsheets/d/13Za59VQpyxuV8CmgrNDjK-SMJ-g7rIyUUU2HmwMmDBI/edit?gid=1882003402#gid=1882003402"
"Trackers","Usher Tracker","Official Tracker for Usher. Editors are Wselenamoment.","Yes","Yes","https://docs.google.com/spreadsheets/d/10b5EFPYc5Qhn3A7arsruyeVOYdU4Ab9TuQqELV9joa8/edit?gid=0#gid=0"
"Trackers","Veeze Tracker","Official Tracker for Veeze. Editors are romanifiles & xogrimz.","Yes","Yes","https://docs.google.com/spreadsheets/d/1yhP6STL2eP3RMgXJC77zjEffy3AfNw70DhrB6ZdfCP4/edit?gid=0#gid=0"
"Trackers","Veeze [Alt] Tracker","Alternate Tracker for Veeze [Alt]. Editors are Roses, thxyuvi.","No","No","N/A"
"Trackers","Vince Staples Tracker","Official Tracker for Vince Staples. Editors are BigGuy87, Digital Hendryk, dylzzz, KILLRITE, maliceeee, owl.","Yes","Yes","https://docs.google.com/spreadsheets/d/1_NjFkevi7tbhqAGHSfgaEsKrzRgvPePUeCLv0GG2GgU/edit?gid=306146520#gid=306146520"
"Trackers","Ween Tracker","Official Tracker for Ween. Editors are notvyrn.","Yes","Yes","https://docs.google.com/spreadsheets/d/1r-BTlbh2q9L74X6q4ILXB3NX81Xa34-c5Fe6Auo7exU/edit?gid=0#gid=0"
"Trackers","Weiland Tracker","Official Tracker for Weiland. Editors are Roses.","Yes","Yes","https://docs.google.com/spreadsheets/d/1B4tLycf_6mq_t5e5FqFYHrMO1T9P43hj-eDv_EmL47A/edit#gid=0"
"Trackers","Westside Gunn Tracker","Official Tracker for Westside Gunn. Editors are slothsavedearth.","Yes","Yes","https://docs.google.com/spreadsheets/d/1_dFPF4tSdIuwRUj_UXUFz5qeNVJm-9lCl3zhIGXt0wI/edit#gid=514066493"
"Trackers","WIFISKELETON Tracker","Official Tracker for WIFISKELETON. Editors are yoshiiii0311.","Yes","Yes","https://docs.google.com/spreadsheets/d/1SxYbw1hGAZDIJcA056ZcjL4NV-1OehQKwpZmeUtb0bg/edit?gid=482839996#gid=482839996"
"Trackers","Windows96 Tracker","Official Tracker for Windows96. Editors are ColbyJackChedda, SillyEevee.","Yes","Yes","https://docs.google.com/spreadsheets/d/1lVjb21h3l3jEmXuN2X8emAxTqurD-C-zRkeag9h03Sw/edit?usp=sharing"
"Trackers","Wu-Tang Clan Tracker","Official Tracker for Wu-Tang Clan. Editors are TK, kill, dxg51.","Yes","Yes","https://docs.google.com/spreadsheets/d/1dA2h1kQffOmUUeCy6YMu8IYdGGqnhnWuabKdK7emyyU/edit?gid=1275210512#gid=1275210512"
"Trackers","Wu Tang Clan [Alt] Tracker","Alternate Tracker for Wu Tang Clan [Alt]. Editors are TK, kill.","Mostly","Yes","https://docs.google.com/spreadsheets/d/1IK9NEjkSk9ln_qzfjD41dcMKAlaBMcekTJBQsuTKbS0/edit?usp=sharing"
"Trackers","Wu-Tang Clan [Alt #2] Tracker","Official Tracker for Wu-Tang Clan [Alt #2]. Editors are kill.","Mostly","Yes","https://docs.google.com/spreadsheets/d/11PU52grDwUcblNjO5Fli_CJiBtMyc-11YpJCuW62qTY/edit"
"Trackers","xaviersobased Tracker","Official Tracker for xaviersobased. Editors are slemns.","Yes","Yes","https://docs.google.com/spreadsheets/d/1-YsBGzZVLBw_Dnm1tgndRJoRkPtS5WKW1XmPBbKPcS0/edit?gid=0#gid=0"
"Trackers","XXXTENTACION Tracker","Official Tracker for XXXTENTACION. Editors are Zanthin, fart, goon, Mockingbird, justasoul, Bountry, Vlone, hcaor.","No","No","https://docs.google.com/spreadsheets/d/1wKq7lSERmXYutRFxipNbFFc-DUdqhVXWWlFnqkzwRFA/edit?usp=sharing"
"Trackers","Xzibit Tracker","Official Tracker for Xzibit. Editors are GrimR3xx, TEATI.","Yes","Yes","https://docs.google.com/spreadsheets/d/1EVBoDCk8uZ5ft1wRpTsqJlHxfdYDnFVbbD5bRMR6qpw/edit?gid=1520634709#gid=1520634709"
"Trackers","YABUJIN Tracker","Official Tracker for YABUJIN. Editors are kebabmf.","Yes","Yes","https://docs.google.com/spreadsheets/d/198-_Mfi3Rq_geGzjYbX7xNDGzxu2svWPgK06tEXPBfM/edit?gid=1520634709#gid=1520634709"
"Trackers","YABUJIN [Alt] Tracker","Alternate Tracker for YABUJIN [Alt]. Editors are stronkbonk_13.","No","Yes","https://docs.google.com/spreadsheets/d/1UJ2WrEDjy9ovgOQv915Iakxcx-AxWxYh7BvmIcsiSxE/edit?gid=1007873329#gid=1007873329"
"Trackers","Yeat Tracker","Official Tracker for Yeat. Editors are raglord, red, shock.","Yes","Yes","https://docs.google.com/spreadsheets/d/1FUzAZyTCgFTVxQ--qbCAS2bUk4dsAw6ASxwjURPHbyI"
"Trackers","YNW Melly Tracker","Official Tracker for YNW Melly. Editors are @Jay Z.","Yes","Yes","https://docs.google.com/spreadsheets/d/12F6NiZjW1jVkWP3Be9auscqfkFIGO617SxPnIAt48Og/edit#gid=1792554832"
"Trackers","Young Buck Tracker","Official Tracker for Young Buck. Editors are B4C0N.","Yes","Yes","https://docs.google.com/spreadsheets/d/1NtXyFVB2bzX3RHDaaEVfGibRQfu_X_k_4sWmnpMKSbg"
"Trackers","Young Nudy Tracker","Official Tracker for Young Nudy. Editors are @Anatomy & Roses.","Yes","Yes","https://docs.google.com/spreadsheets/d/13NdGOf_18SYmKi8oZX97zAGJgv0pJEH59k2Dxj7RkCM/edit#gid=0"
"Trackers","Young Thug Tracker","Official Tracker for Young Thug. Editors are raglord, againstscammers, sloth, shadow1235, moist, ricky, monki, Masaki Mirusaki.","Yes","Yes","https://docs.google.com/spreadsheets/d/12zc2reK5y8XP6SQhv1ujQtiG9VpJy7yDWwDuE-S-wpc/edit?gid=0#gid=0"
"Trackers","Young Thug [Alt] Tracker","Alternate Tracker for Young Thug [Alt]. Editors are @Young Thug @slattgod & SabSad.","No","Yes","https://docs.google.com/spreadsheets/d/1RWeaWFGEeUfGrVqY4XX0CgMfjlPsM5KHqiKBb8wtXKQ/edit#gid=2107566434"
"Trackers","Yung Lean Tracker","Official Tracker for Yung Lean. Editors are outpan, temperevelas.","Yes","Yes","https://docs.google.com/spreadsheets/d/1bAAb6E7_r-9TWlHuKY_re-KZwU2yt_3tbWGTZcKu_Wc/edit?gid=0#gid=0"
"Trackers","Yung Lean Tracker","Official Tracker for Yung Lean. Editors are comradedari.","No","Yes","https://docs.google.com/spreadsheets/d/1nyJyldGfvH5lc8dh7--NMXbQgCCJ5NEgDZbSJH9Uvws/edit#gid=0"
"Trackers","Yuno Miles Tracker","Official Tracker for Yuno Miles. Editors are random asian man, lukie, yungtron.","No","Yes","https://docs.google.com/spreadsheets/d/1i0OISTGJvNe3vc6TKpO7vRtMJ2Re0y64eAwi1F5y26c/edit"
"Trackers","Yuzo Tracker","Official Tracker for Yuzo. Editors are yuzo.","Yes","Yes","https://docs.google.com/spreadsheets/d/1VQ242wMTqn174xokWT2vwa0tc62hT4sBoPAvR-4bLog/edit?gid=1520634709#gid=1520634709"
"Trackers","YVES Tracker","Official Tracker for YVES. Editors are cvsp.aep.","Yes","Yes","https://docs.google.com/spreadsheets/d/17qA7pviuxvP08vdmoosRqesMKsgk1qMKPaDUcTkmNRI/edit?gid=1520634709#gid=1520634709"
"Trackers","Zara Larsson Tracker","Official Tracker for Zara Larsson. Editors are leok & Dula Peep.","Yes","Yes","https://docs.google.com/spreadsheets/d/1AzOHpA6h-uoabqX4xxju4Xq-5K35SG04RKPKF_jqD_4/edit?gid=1242125182#gid=1242125182"
"Trackers","Zayn Tracker","Official Tracker for Zayn. Editors are @Pankaj Rabha.","Mostly","Yes","https://docs.google.com/spreadsheets/d/15q7YTsbf49pLo80ceW7JLruLr7XzP3NyvypfDyQsJw0/edit#gid=1792554832"
"Trackers","ZillaKami Tracker","Official Tracker for ZillaKami. Editors are Scizor.","Yes","Yes","https://docs.google.com/spreadsheets/d/1WqCclZjeBjJsbW7GWxa1o_hOtu0YqrD3_bm7lZttXU4/edit#gid=1369386688"
"14/08/26
Archives","TrackerVerse Archives","This is an Archive of every single Tracker thats on TrackerVerse, if there are any missing then its due to the fact the owner turned off copying so a copy cant be made, if you own a Tracker thats not on this list due to you turning off copying but still want it archived, please DM Yerlsd","","",""
"Trackers","1oneam Tracker","Official Archive for 1oneam Tracker Dated 14th August 2026.","Archive Copy","Yes","https://docs.google.com/spreadsheets/d/12-GhO_cGT7mC_qRzQBIPPH4hUeHz5IkXs_HIyum6Q7w/edit?usp=drivesdk"
"Trackers","24kGoldn Tracker","Official Archive for 24kGoldn Tracker Dated 14th August 2026.","Archive Copy","Yes","https://docs.google.com/spreadsheets/d/1eqlOCACWl2_fD0_2HTgMNENYYt-oxp8RqYQPD1JKgPU/edit?usp=drivesdk"
"Trackers","2Pac Tracker","Official Archive for 2Pac Tracker Dated 14th August 2026.","Archive Copy","Yes","https://docs.google.com/spreadsheets/d/14BXs-9fwA4aDQpXMsDHp9KuNUFdBbbCSCTlT3xiBdb4/edit?usp=drivesdk"
"Trackers","2SLIMEY Tracker","Official Archive for 2SLIMEY Tracker Dated 14th August 2026.","Archive Copy","Yes","https://docs.google.com/spreadsheets/d/1OyRC2koWn5HJ7LGyh82Yb5SUcmhq8jgeA2luRrZBPxo/edit?usp=drivesdk"
"Trackers","50 Cent Tracker","Official Archive for 50 Cent Tracker Dated 14th August 2026.","Archive Copy","Yes","https://docs.google.com/spreadsheets/d/11clz1uZF7wCZF05uSSlqkEL1e7UlU-5H3u-XFVM-gPY/edit?usp=drivesdk"
"Trackers","6LACK Tracker","Official Archive for 6LACK Tracker Dated 14th August 2026.","Archive Copy","Yes","https://docs.google.com/spreadsheets/d/16ICQJ20qrN3gP1k8lmOk0c6rHGbD7ZCXPavFFx922b4/edit?usp=drivesdk"
"Trackers","6Vib3z Tracker","Official Archive for 6Vib3z Tracker Dated 14th August 2026.","Archive Copy","Yes","https://docs.google.com/spreadsheets/d/1MYejMT-mOxxVCpUBKwurWCjt7UIJm-UA1tvPdSJnvX0/edit?usp=drivesdk"
"Trackers","Aaliyah Tracker","Official Archive for Aaliyah Tracker Dated 14th August 2026.","Archive Copy","Yes","https://docs.google.com/spreadsheets/d/1zVNqDlkmy4BDyhYOXmpvoWwGrf_XBneHeY3I1Wxkn-Y/edit?usp=drivesdk"
"Trackers","A$AP Rocky Tracker","Official Archive for A$AP Rocky Tracker Dated 14th August 2026.","Archive Copy","Yes","https://docs.google.com/spreadsheets/d/1HFRH_VAjCeU93p_6IGwYf7e5lsAskyubB6qNWUfGzG4/edit?usp=drivesdk"
"Trackers","Addison Rae Tracker","Official Archive for Addison Rae Tracker Dated 14th August 2026.","Archive Copy","Yes","https://docs.google.com/spreadsheets/d/1Ry26C2xpz4iu7uHnMwsWBwNUzYVK_NXhs2iA-gQBztA/edit?usp=drivesdk"
"Trackers","Addison Rae [Alt] Tracker","Official Archive for Addison Rae [Alt] Tracker Dated 14th August 2026.","Archive Copy","Yes","https://docs.google.com/spreadsheets/d/1WA-rW5_6KMM45ErOszKCDCg4EtPlcHfVURDJKltXSrg/edit?usp=drivesdk"
"Trackers","Adele Tracker","Official Archive for Adele Tracker Dated 14th August 2026.","Archive Copy","Yes","https://docs.google.com/spreadsheets/d/1AXw1373yPmInYP5mTrtJzyesaez5EsJce_edAXtnwKQ/edit?usp=drivesdk"
"Trackers","afrosurrealist Tracker","Official Archive for afrosurrealist Tracker Dated 14th August 2026.","Archive Copy","Yes","https://docs.google.com/spreadsheets/d/14EciV5yEZOfL_lZ0TZSqW7DDv4TfTRKbPDLXedfFoNs/edit?usp=drivesdk"
"Trackers","AJR Tracker","Official Archive for AJR Tracker Dated 14th August 2026.","Archive Copy","Yes","https://docs.google.com/spreadsheets/d/1Qw_vk2MHJBZOXsnBduXYzo0_YkXcwymTsJr--9FQ5ys/edit?usp=drivesdk"
"Trackers","Alexsid46 / Synthsid Tracker","Official Archive for Alexsid46 / Synthsid Tracker Dated 14th August 2026.","Archive Copy","Yes","https://docs.google.com/spreadsheets/d/1JB0ZsWajW7drevqBy7VyBT0tVPbU_t4ezCbHWEcXkVA/edit?usp=drivesdk"
"Trackers","Alice in Chains Tracker","Official Archive for Alice in Chains Tracker Dated 14th August 2026.","Archive Copy","Yes","https://docs.google.com/spreadsheets/d/1HpsGXP58Q0e7pCdXSwboFWIpKJTjNZOoJoTcx68CZQU/edit?usp=drivesdk"
"Trackers","Ameer Vann Tracker","Official Archive for Ameer Vann Tracker Dated 14th August 2026.","Archive Copy","Yes","https://docs.google.com/spreadsheets/d/127FRvWgPTngOIu6wcMNbgCkBLSqZBJ_YsZxFFCQpI1U/edit?usp=drivesdk"
"Trackers","Amerie Tracker","Official Archive for Amerie Tracker Dated 14th August 2026.","Archive Copy","Yes","https://docs.google.com/spreadsheets/d/1v6RJo9j22YjcjnonKYwQh7gvoyGxAabIbP9hBqDmhS0/edit?usp=drivesdk"
"Trackers","Anderson .Paak Tracker","Official Archive for Anderson .Paak Tracker Dated 14th August 2026.","Archive Copy","Yes","https://docs.google.com/spreadsheets/d/1LwlPyw9kFwjIBSGUdNpgTvJ88hlu6zwp-hEH42M3kHE/edit?usp=drivesdk"
"Trackers","Andre 3000/Outkast Tracker","Official Archive for Andre 3000/Outkast Tracker Dated 14th August 2026.","Archive Copy","Yes","https://docs.google.com/spreadsheets/d/16umeHJf80-P6TBLpQRkxSAFouFTg762SLYE53AyO7j0/edit?usp=drivesdk"
"Trackers","Ant Clemons Tracker","Official Archive for Ant Clemons Tracker Dated 14th August 2026.","Archive Copy","Yes","https://docs.google.com/spreadsheets/d/1Gx_T7igGFQl0DAoeTrY2l4mCIbyjRlVKvdFjTPJIEtE/edit?usp=drivesdk"
"Trackers","Ant Clemons [Alt] Tracker","Official Archive for Ant Clemons [Alt] Tracker Dated 14th August 2026.","Archive Copy","Yes","https://docs.google.com/spreadsheets/d/13Mw63REwPm9RD_Zj6bbgYkZcVlgLSQnnQWFTq-yVQgg/edit?usp=drivesdk"
"Trackers","Anuel AA/Nuego Flow Tracker","Official Archive for Anuel AA/Nuego Flow Tracker Dated 14th August 2026.","Archive Copy","Yes","https://docs.google.com/spreadsheets/d/1J9QqEK9NkBHS1P48x_RFasodOWP8zDhLA7_VI_UAbFs/edit?usp=drivesdk"
"Trackers","Arca Tracker","Official Archive for Arca Tracker Dated 14th August 2026.","Archive Copy","Yes","https://docs.google.com/spreadsheets/d/16bs9VF1nR2t_46dqui-FtHgrSRrp6FjM6du4lmtmBtc/edit?usp=drivesdk"
"Trackers","Ariana Grande Tracker","Official Archive for Ariana Grande Tracker Dated 14th August 2026.","Archive Copy","Yes","https://docs.google.com/spreadsheets/d/1H8E7liDwvR2Fj8bkC2NA45_VdoD6mOVGLnF8hqADQFE/edit?usp=drivesdk"
"Trackers","Aries Tracker","Official Archive for Aries Tracker Dated 14th August 2026.","Archive Copy","Yes","https://docs.google.com/spreadsheets/d/1R93bs7IYM5F291fJDYZviT33l4R959CRKeaWIl-Do3k/edit?usp=drivesdk"
"Trackers","Aristotle Benoit Tracker","Official Archive for Aristotle Benoit Tracker Dated 14th August 2026.","Archive Copy","Yes","https://docs.google.com/spreadsheets/d/1Vv_uHtS1K9Wa1PPhrfMzx-jf9c6vGYT20aMZW5gjWC8/edit?usp=drivesdk"
"Trackers","Ashnikko Tracker","Official Archive for Ashnikko Tracker Dated 14th August 2026.","Archive Copy","Yes","https://docs.google.com/spreadsheets/d/1p0zhN6PWsgM6K5fvareKgy8GZF5YBRHH6vQXCOLLqkk/edit?usp=drivesdk"
"Trackers","ATEYABA Tracker","Official Archive for ATEYABA Tracker Dated 14th August 2026.","Archive Copy","Yes","https://docs.google.com/spreadsheets/d/1_CVmx53Bjp0NvBntO953nTdC_grKaEKgUQHSq2_gFag/edit?usp=drivesdk"
"Trackers","Aurora Tracker","Official Archive for Aurora Tracker Dated 14th August 2026.","Archive Copy","Yes","https://docs.google.com/spreadsheets/d/19Ogm1nyrP-7f5TBrt8mKYjWBRQ8qb7FtFzRnKNZeOhI/edit?usp=drivesdk"
"Trackers","Autumn! Tracker","Official Archive for Autumn! Tracker Dated 14th August 2026.","Archive Copy","Yes","https://docs.google.com/spreadsheets/d/1OKxYkxlYdC9yUuKs_Y3PfHBFN9r-Rgdy6CVOAb7Xt3k/edit?usp=drivesdk"
"Trackers","Ava Max Tracker","Official Archive for Ava Max Tracker Dated 14th August 2026.","Archive Copy","Yes","https://docs.google.com/spreadsheets/d/19-OocA3KpAioypZKHVq0ZZkS-84Sb8pWftc8Wb2OOwM/edit?usp=drivesdk"
"Trackers","Axxturel/Luci4/4Jay Tracker","Official Archive for Axxturel/Luci4/4Jay Tracker Dated 14th August 2026.","Archive Copy","Yes","https://docs.google.com/spreadsheets/d/1XGpBSdS5JehX_NiFChdoDmD4HkTKaF08MhC2AzYT2gg/edit?usp=drivesdk"
"Trackers","Azealia Banks Tracker","Official Archive for Azealia Banks Tracker Dated 14th August 2026.","Archive Copy","Yes","https://docs.google.com/spreadsheets/d/1juG363nNJXpf_rha3dSRF9DyKb-n3-9CwNoWL25Yt6Y/edit?usp=drivesdk"
"Trackers","Baby Keem Tracker","Official Archive for Baby Keem Tracker Dated 14th August 2026.","Archive Copy","Yes","https://docs.google.com/spreadsheets/d/1PozW3PHqEltGz2U7dQdePxgQhThSvIC6FPt0b7guznc/edit?usp=drivesdk"
"Trackers","Baby Keem [Alt] Tracker","Official Archive for Baby Keem [Alt] Tracker Dated 14th August 2026.","Archive Copy","Yes","https://docs.google.com/spreadsheets/d/1lzgI3nQurHMEG9n-JEzVFkDRdrKJQjxdx2g-fv_jtKs/edit?usp=drivesdk"
"Trackers","Bad Bunny Tracker","Official Archive for Bad Bunny Tracker Dated 14th August 2026.","Archive Copy","Yes","https://docs.google.com/spreadsheets/d/1bbckNeQpZtF7ULghH7Alg7xO9FDrCGcELngSukq6SX8/edit?usp=drivesdk"
"Trackers","BBNO$ Tracker","Official Archive for BBNO$ Tracker Dated 14th August 2026.","Archive Copy","Yes","https://docs.google.com/spreadsheets/d/1G9nxSjNPYDsTRS_55i5mWPyVxcW9ZefS/edit?usp=drivesdk&ouid=107480630493662972695&rtpof=true&sd=true"
"Trackers","Beyoncé [Alt] Tracker","Official Archive for Beyoncé [Alt] Tracker Dated 14th August 2026.","Archive Copy","Yes","https://docs.google.com/spreadsheets/d/1v_NyAwoNZXOVjrYvJIQmwvfS9S4zD5BcC6uuCOuuxF4/edit?usp=drivesdk"
"Trackers","Beyoncé & Destiny's Child Tracker","Official Archive for Beyoncé & Destiny's Child Tracker Dated 14th August 2026.","Archive Copy","Yes","https://docs.google.com/spreadsheets/d/10PU7l6uF3E3LmS064bhmDG8oTkvGpFpZLlsL5sLKzCo/edit?usp=drivesdk"
"Trackers","BIG L Tracker","Official Archive for BIG L Tracker Dated 14th August 2026.","Archive Copy","Yes","https://docs.google.com/spreadsheets/d/16I6jRuRbTCKn0UP1l6NUq85vfw3mqw-nVkM-3CmGf6Y/edit?usp=drivesdk"
"Trackers","Big Sean Tracker","Official Archive for Big Sean Tracker Dated 14th August 2026.","Archive Copy","Yes","https://docs.google.com/spreadsheets/d/1w5G_ANv8yflf1WbUv9TNQyNZq6AEe_cTIxFk4hmIl4I/edit?usp=drivesdk"
"Trackers","Big Time Rush Tracker","Official Archive for Big Time Rush Tracker Dated 14th August 2026.","Archive Copy","Yes","https://docs.google.com/spreadsheets/d/167SSOj0BNk-Dh_V61k0URDQn4gC17JLMVOWI9xdaUA4/edit?usp=drivesdk"
"Trackers","Billie Eilish Tracker","Official Archive for Billie Eilish Tracker Dated 14th August 2026.","Archive Copy","Yes","https://docs.google.com/spreadsheets/d/1OWjcs0a8xaCWJWrrsf8nadYx_w3md9gn0nKuoXvki1s/edit?usp=drivesdk"
"Trackers","Billie Eilish [Alt] Tracker","Official Archive for Billie Eilish [Alt] Tracker Dated 14th August 2026.","Archive Copy","Yes","https://docs.google.com/spreadsheets/d/1XSZT_4pHOeadty0TnUhwIKP2OXhJGFNj2EdX8rzfFbU/edit?usp=drivesdk"
"Trackers","Billie Eilish [Alt #2] Tracker","Official Archive for Billie Eilish [Alt #2] Tracker Dated 14th August 2026.","Archive Copy","Yes","https://docs.google.com/spreadsheets/d/1oBb9Kpsi69f1pPdtjdrLL9WIxunElJFGjUXmOXLIOUA/edit?usp=drivesdk"
"Trackers","Billie Eilish [Alt #3] Tracker","Official Archive for Billie Eilish [Alt #3] Tracker Dated 14th August 2026.","Archive Copy","Yes","https://docs.google.com/spreadsheets/d/1eUFachjROSVs-lYV1fUX-50gkVfEfS2-JBTPWT0nQDk/edit?usp=drivesdk"
"Trackers","Bishop Lamont Tracker","Official Archive for Bishop Lamont Tracker Dated 14th August 2026.","Archive Copy","Yes","https://docs.google.com/spreadsheets/d/137lzxFHt_58E8ReSdbMtNvAf9cwnJBfEPsqbpZeuEoQ/edit?usp=drivesdk"
"Trackers","Black Kray Tracker","Official Archive for Black Kray Tracker Dated 14th August 2026.","Archive Copy","Yes","https://docs.google.com/spreadsheets/d/1qzrkHTtW2torBO5E6Fxax_macPn40gY21yB3B5cmd1g/edit?usp=drivesdk"
"Trackers","BLACKPINK Tracker","Official Archive for BLACKPINK Tracker Dated 14th August 2026.","Archive Copy","Yes","https://docs.google.com/spreadsheets/d/1xWQPYUaT1oxh4Ut8cb6MSo94Bi15ZfZv4CNckeqFUJg/edit?usp=drivesdk"
"Trackers","Ca$his Tracker","Official Archive for Ca$his Tracker Dated 14th August 2026.","Archive Copy","Yes","https://docs.google.com/spreadsheets/d/1ApA3Z68I6FC5jmOiTg1wpVSnrKbboQ6L3ozHM6ckiks/edit?usp=drivesdk"
"Trackers","Camila Cabello Tracker","Official Archive for Camila Cabello Tracker Dated 14th August 2026.","Archive Copy","Yes","https://docs.google.com/spreadsheets/d/1mQS_LNNVTS5uzPF5Obb2YURvfSRnnTYY2MuEiOR-yhk/edit?usp=drivesdk"
"Trackers","Camila Cabello [Alt] Tracker","Official Archive for Camila Cabello [Alt] Tracker Dated 14th August 2026.","Archive Copy","Yes","https://docs.google.com/spreadsheets/d/1BFSg79ce5XleVomLPM2c8PBOZFTuhOsW9oqfWUT_bHc/edit?usp=drivesdk"
"Trackers","Camila Cabello [Alt #2] Tracker","Official Archive for Camila Cabello [Alt #2] Tracker Dated 14th August 2026.","Archive Copy","Yes","https://docs.google.com/spreadsheets/d/1Vd0MRZXXvpD83yMqICq9i1N0qYuz0-hiMkvHEVwcba4/edit?usp=drivesdk"
"Trackers","Capital STEEZ Tracker","Official Archive for Capital STEEZ Tracker Dated 14th August 2026.","Archive Copy","Yes","https://docs.google.com/spreadsheets/d/1xTn8SGs4yGv4rc0xxP5IjspbYZoxjXITWs33jfCRMBM/edit?usp=drivesdk"
"Trackers","Cardi B Tracker","Official Archive for Cardi B Tracker Dated 14th August 2026.","Archive Copy","Yes","https://docs.google.com/spreadsheets/d/1QX-TeO8OxxYKewOHluzez06sAaN1ZU-PuQNemQHSUsk/edit?usp=drivesdk"
"Trackers","Caroline Polachek Tracker","Official Archive for Caroline Polachek Tracker Dated 14th August 2026.","Archive Copy","Yes","https://docs.google.com/spreadsheets/d/1_Je2FU7XhXj7b4i_sM4hJ3TxxecUqDnXJWN1EF-5Hnk/edit?usp=drivesdk"
"Trackers","Car Seat Headrest Tracker","Official Archive for Car Seat Headrest Tracker Dated 14th August 2026.","Archive Copy","Yes","https://docs.google.com/spreadsheets/d/1rBaw7_jtlvIgziQMCN4GQckVtNh16dNqoyt7wNR96N0/edit?usp=drivesdk"
"Trackers","Central Cee Tracker","Official Archive for Central Cee Tracker Dated 14th August 2026.","Archive Copy","Yes","https://docs.google.com/spreadsheets/d/1J6BBQS3_pzT5pOKmh2nuJVphVSiee7dCOqr1cVjZz1U/edit?usp=drivesdk"
"Trackers","Chance The Rapper Tracker","Official Archive for Chance The Rapper Tracker Dated 14th August 2026.","Archive Copy","Yes","https://docs.google.com/spreadsheets/d/1r4FykNiujB6jNZh6xUcBSGXiwX3FltXqstQ55q_Qoo8/edit?usp=drivesdk"
"Trackers","Chance The Rapper [2018] Tracker","Official Archive for Chance The Rapper [2018] Tracker Dated 14th August 2026.","Archive Copy","Yes","https://docs.google.com/spreadsheets/d/1pjepDCRZldIswzDl1TOsBdUIxePfnb85ZuuIUFRuIaY/edit?usp=drivesdk"
"Trackers","Charli XCX Tracker","Official Archive for Charli XCX Tracker Dated 14th August 2026.","Archive Copy","Yes","https://docs.google.com/spreadsheets/d/1UBxtjrl5puwHr6Zrp88uDsz11MrMY_a_OyY0iD6aFPI/edit?usp=drivesdk"
"Trackers","Charli XCX [Alt] Tracker","Official Archive for Charli XCX [Alt] Tracker Dated 14th August 2026.","Archive Copy","Yes","https://docs.google.com/spreadsheets/d/1iwWabffM0IY6qPoo52Tmi2cAEuyDun2uJLWyeAVTUg0/edit?usp=drivesdk"
"Trackers","Chase Icon Tracker","Official Archive for Chase Icon Tracker Dated 14th August 2026.","Archive Copy","Yes","https://docs.google.com/spreadsheets/d/1AmpctrxHKlAS6sUoAW3LMR8n3DObKMAt6lkdYz1k6E4/edit?usp=drivesdk"
"Trackers","ChaseSYNX Tracker","Official Archive for ChaseSYNX Tracker Dated 14th August 2026.","Archive Copy","Yes","https://docs.google.com/spreadsheets/d/1ZxFpqTGqL0U29fIt-qEnk-GKqNhdN1yT3QtML-puicY/edit?usp=drivesdk"
"Trackers","Che Tracker","Official Archive for Che Tracker Dated 14th August 2026.","Archive Copy","Yes","https://docs.google.com/spreadsheets/d/1wFW-_1nWBkmuPEW9RWQtUt5078eCN1MjQn3Af7EYFTw/edit?usp=drivesdk"
"Trackers","Cheryl Cole Tracker","Official Archive for Cheryl Cole Tracker Dated 14th August 2026.","Archive Copy","Yes","https://docs.google.com/spreadsheets/d/1aalJ-SsMHlPGCBxrQxF1ItueeCChuIo3ShEvbVXXRrg/edit?usp=drivesdk"
"Trackers","Chief Keef Tracker","Official Archive for Chief Keef Tracker Dated 14th August 2026.","Archive Copy","Yes","https://docs.google.com/spreadsheets/d/1Rjpy5k2MV_1HX7ZywMVhhBsAhNUgFo3M9HOe94kf21U/edit?usp=drivesdk"
"Trackers","Childish Gambino Tracker","Official Archive for Childish Gambino Tracker Dated 14th August 2026.","Archive Copy","Yes","https://docs.google.com/spreadsheets/d/1bSzCHLWkLcb0V7oURqIepIH8nFRmTXlG377QfXoaWR4/edit?usp=drivesdk"
"Trackers","Chris Brown Tracker","Official Archive for Chris Brown Tracker Dated 14th August 2026.","Archive Copy","Yes","https://docs.google.com/spreadsheets/d/1CY4X6rq5WmLqwbqpqA_4FHYDwI1z-835LvfOBTfEoP0/edit?usp=drivesdk"
"Trackers","City Morgue Tracker","Official Archive for City Morgue Tracker Dated 14th August 2026.","Archive Copy","Yes","https://docs.google.com/spreadsheets/d/1dMSo4O0EllNtAedtRtvVmjVYXYVsrg7NCqr4TWvOwxc/edit?usp=drivesdk"
"Trackers","City Morgue [Alt] Tracker","Official Archive for City Morgue [Alt] Tracker Dated 14th August 2026.","Archive Copy","Yes","https://docs.google.com/spreadsheets/d/1aZF7bOYQp_xJiytlWM3sa_zr1KflRndQouCGmPmkVFU/edit?usp=drivesdk"
"Trackers","Clairo Tracker","Official Archive for Clairo Tracker Dated 14th August 2026.","Archive Copy","Yes","https://docs.google.com/spreadsheets/d/1IjDZ5-LA4hCSidQOwnJ4urBURyP7LySaONL9guFBiis/edit?usp=drivesdk"
"Trackers","Clams Casino Tracker","Official Archive for Clams Casino Tracker Dated 14th August 2026.","Archive Copy","Yes","https://docs.google.com/spreadsheets/d/1Jv2Q0-744LM3ixKB_vh8wtzKLw5OJxBV5DGs91r9wEQ/edit?usp=drivesdk"
"Trackers","Clipse Tracker","Official Archive for Clipse Tracker Dated 14th August 2026.","Archive Copy","Yes","https://docs.google.com/spreadsheets/d/1zjDxcTwy5cG_weEwU7LMrXFcwcmKOBO_8sCp3gbDVyE/edit?usp=drivesdk"
"Trackers","Coldplay Tracker","Official Archive for Coldplay Tracker Dated 14th August 2026.","Archive Copy","Yes","https://docs.google.com/spreadsheets/d/12ATIEjg8rMQweD1XPPTtMY2PcKcJg6j2qeTEphR1vC8/edit?usp=drivesdk"
"Trackers","Creamer Nation Tracker","Official Archive for Creamer Nation Tracker Dated 14th August 2026.","Archive Copy","Yes","https://docs.google.com/spreadsheets/d/1q4t76KW9nBuNYFrx3JEeSUQ_Pi2vKo5XJet1GzPGcHc/edit?usp=drivesdk"
"Trackers","Cyclefly Tracker","Official Archive for Cyclefly Tracker Dated 14th August 2026.","Archive Copy","Yes","https://docs.google.com/spreadsheets/d/16MAeDVYbxuFObpzAVrLrTg0BtAh7_zMsaPFcPumlT9A/edit?usp=drivesdk"
"Trackers","d4vd Tracker","Official Archive for d4vd Tracker Dated 14th August 2026.","Archive Copy","Yes","https://docs.google.com/spreadsheets/d/1Z25T0UjroQGcdTgDoH4MRDNMeeH77P8wSbsCIejdhrw/edit?usp=drivesdk"
"Trackers","Daft Punk [Alt] Tracker","Official Archive for Daft Punk [Alt] Tracker Dated 14th August 2026.","Archive Copy","Yes","https://docs.google.com/spreadsheets/d/1LuvjQ8nDu_spPiqpai982n7jtZkWGpyljV9TGeBx2cc/edit?usp=drivesdk"
"Trackers","Daniel Caesar Tracker","Official Archive for Daniel Caesar Tracker Dated 14th August 2026.","Archive Copy","Yes","https://docs.google.com/spreadsheets/d/1bjdzPH2jNENyR-5GUzQDRJ4St6I2qL3DCQ4vzVQp3Po/edit?usp=drivesdk"
"Trackers","Danny Brown Tracker","Official Archive for Danny Brown Tracker Dated 14th August 2026.","Archive Copy","Yes","https://docs.google.com/spreadsheets/d/14cnPXCWSo3UObJycbyK1Tml8C8FShKfbGE9Gst3aC7A/edit?usp=drivesdk"
"Trackers","Days of the New Tracker","Official Archive for Days of the New Tracker Dated 14th August 2026.","Archive Copy","Yes","https://docs.google.com/spreadsheets/d/1xgm1fZEaCerM8ZRmWH6TAwd7jBbk1VqMmw3yayxdQJQ/edit?usp=drivesdk"
"Trackers","Death Grips Tracker","Official Archive for Death Grips Tracker Dated 14th August 2026.","Archive Copy","Yes","https://docs.google.com/spreadsheets/d/1_lV38c2dcVYVpO9t3kTwnTDwvIoGkaA0aikgJM7Tfic/edit?usp=drivesdk"
"Trackers","Death Grips [Alt] Tracker","Official Archive for Death Grips [Alt] Tracker Dated 14th August 2026.","Archive Copy","Yes","https://docs.google.com/spreadsheets/d/1edRoymjlKyNY5sBRmvFyc-EFiTHISVMIkPQLIi6e2Ko/edit?usp=drivesdk"
"Trackers","De La Soul Tracker","Official Archive for De La Soul Tracker Dated 14th August 2026.","Archive Copy","Yes","https://docs.google.com/spreadsheets/d/1CSgFiExb7ZcZuQwTCJWreGKWCUsFIyYyTC53uX6QmtQ/edit?usp=drivesdk"
"Trackers","Demi Lovato Tracker","Official Archive for Demi Lovato Tracker Dated 14th August 2026.","Archive Copy","Yes","https://docs.google.com/spreadsheets/d/1aoFgxhBOUVVmqz5c8g3Lx_ZgtUpFTcD5v0cv1-tKMrg/edit?usp=drivesdk"
"Trackers","Denzel Curry Tracker","Official Archive for Denzel Curry Tracker Dated 14th August 2026.","Archive Copy","Yes","https://docs.google.com/spreadsheets/d/1ZgGsiojWm00AZuimls2v36OmBhTKsOLUl7KwjVThzEY/edit?usp=drivesdk"
"Trackers","Denzel Curry [Alt] Tracker","Official Archive for Denzel Curry [Alt] Tracker Dated 14th August 2026.","Archive Copy","Yes","https://docs.google.com/spreadsheets/d/1wXQ5TDoUXbuWcNlngyBErvJPrzz4P3CsKkeUWYiKCys/edit?usp=drivesdk"
"Trackers","Destroy Lonely Tracker","Official Archive for Destroy Lonely Tracker Dated 14th August 2026.","Archive Copy","Yes","https://docs.google.com/spreadsheets/d/1MnDrDEuMW1LNJZj8rAdfbPCksMBw2ywrTo0jkZx6Kvc/edit?usp=drivesdk"
"Trackers","Dixie D'amelio Tracker","Official Archive for Dixie D'amelio Tracker Dated 14th August 2026.","Archive Copy","Yes","https://docs.google.com/spreadsheets/d/1Hmuifj7F5voHTghplVk3hI_KHqagViNGutE0FFRb1So/edit?usp=drivesdk"
"Trackers","DJ Premier/Gang Starr Tracker","Official Archive for DJ Premier/Gang Starr Tracker Dated 14th August 2026.","Archive Copy","Yes","https://docs.google.com/spreadsheets/d/1PJJHTupHY03WK7cn039IVw44JftwccQtZeWRb5W27nM/edit?usp=drivesdk"
"Trackers","Doechii Tracker","Official Archive for Doechii Tracker Dated 14th August 2026.","Archive Copy","Yes","https://docs.google.com/spreadsheets/d/1MAf9Eh5w20H1pWsZFfmbDqqhrWF32yWCbRZ2eAJEjFI/edit?usp=drivesdk"
"Trackers","Doja Cat [Alt] Tracker","Official Archive for Doja Cat [Alt] Tracker Dated 14th August 2026.","Archive Copy","Yes","https://docs.google.com/spreadsheets/d/1OHrSt-CpDPmVsZ2Mlz64sQA8E4efBYxOafu-CxtggwM/edit?usp=drivesdk"
"Trackers","Doja Cat [Alt #3] Tracker","Official Archive for Doja Cat [Alt #3] Tracker Dated 14th August 2026.","Archive Copy","Yes","https://docs.google.com/spreadsheets/d/1-htO-cR5MukEK_QH2YwOJ1CK5FV8ogoA6qF4TwtEYdw/edit?usp=drivesdk"
"Trackers","Dominic Fike Tracker","Official Archive for Dominic Fike Tracker Dated 14th August 2026.","Archive Copy","Yes","https://docs.google.com/spreadsheets/d/1TcpTq01QOTHs9ekDZCR3LeDxiq6lOTaVYl8kLW4Qx1U/edit?usp=drivesdk"
"Trackers","Don Toliver Tracker","Official Archive for Don Toliver Tracker Dated 14th August 2026.","Archive Copy","Yes","https://docs.google.com/spreadsheets/d/1tHL20BONOovDQxAqX6dOt9B6ctYpHOPyGpBLe7Jd9sA/edit?usp=drivesdk"
"Trackers","Don Toliver [Alt] Tracker","Official Archive for Don Toliver [Alt] Tracker Dated 14th August 2026.","Archive Copy","Yes","https://docs.google.com/spreadsheets/d/1t77aSIjtBwR-Q9YfQIvUXLBCdISEnTB2ndlEHxMt7Cw/edit?usp=drivesdk"
"Trackers","Don Toliver [Alt #2] Tracker","Official Archive for Don Toliver [Alt #2] Tracker Dated 14th August 2026.","Archive Copy","Yes","https://docs.google.com/spreadsheets/d/1ouf7qg-g6GcHRlFCuUSrJUjltG6uqkQL3qPcaL7Zt9I/edit?usp=drivesdk"
"Trackers","Dove Cameron Tracker","Official Archive for Dove Cameron Tracker Dated 14th August 2026.","Archive Copy","Yes","https://docs.google.com/spreadsheets/d/1x7zIBiZJvO0UTETjvBVgxQuXHxNDP7bW4Tf87MCGaJI/edit?usp=drivesdk"
"Trackers","Drake Tracker","Official Archive for Drake Tracker Dated 14th August 2026.","Archive Copy","Yes","https://docs.google.com/spreadsheets/d/1P4UMER3xqne3M5VFoWGy8uPzeCCyEpt6uZwJKHHiIyM/edit?usp=drivesdk"
"Trackers","Drake [Alt] Tracker","Official Archive for Drake [Alt] Tracker Dated 14th August 2026.","Archive Copy","Yes","https://docs.google.com/spreadsheets/d/1VnYArPub4Ll5jX0LOzHv26PFY2-JBZoCssXjNi55D-0/edit?usp=drivesdk"
"Trackers","Dr. Dre/N.W.A Tracker","Official Archive for Dr. Dre/N.W.A Tracker Dated 14th August 2026.","Archive Copy","Yes","https://docs.google.com/spreadsheets/d/18sud-VZ2jUh5A-CIxl8r0kJbHPDeDF5VSDnbZCxOChw/edit?usp=drivesdk"
"Trackers","Dream Tracker","Official Archive for Dream Tracker Dated 14th August 2026.","Archive Copy","Yes","https://docs.google.com/spreadsheets/d/1cb4q1ZDoqznGfXKTc23yNUV_buIgvZYGsk53Gj4BX5c/edit?usp=drivesdk"
"Trackers","D Savage Tracker","Official Archive for D Savage Tracker Dated 14th August 2026.","Archive Copy","Yes","https://docs.google.com/spreadsheets/d/1H8o8I0fqhq7-PZLjjS_GPAz6tjRN_CDyzAM6gE4vTHk/edit?usp=drivesdk"
"Trackers","Dua Lipa Tracker","Official Archive for Dua Lipa Tracker Dated 14th August 2026.","Archive Copy","Yes","https://docs.google.com/spreadsheets/d/1LPe2jSiEau4IJb0Q0yT5THXgnXE3U5jRKzgRhKwhxSw/edit?usp=drivesdk"
"Trackers","Dua Lipa [Alt] Tracker","Official Archive for Dua Lipa [Alt] Tracker Dated 14th August 2026.","Archive Copy","Yes","https://docs.google.com/spreadsheets/d/1GkLvT7ahIAkQCofkwU4lleVfBQaEEnxMB8AycYoW6BQ/edit?usp=drivesdk"
"Trackers","Earl Sweatshirt Tracker","Official Archive for Earl Sweatshirt Tracker Dated 14th August 2026.","Archive Copy","Yes","https://docs.google.com/spreadsheets/d/1dDyO5phvq3SPdRKtACB0Ckje09K-1wnYgt_WCW2aYjM/edit?usp=drivesdk"
"Trackers","Elita Harkov Tracker","Official Archive for Elita Harkov Tracker Dated 14th August 2026.","Archive Copy","Yes","https://docs.google.com/spreadsheets/d/1zIJjEDCkHhLWwzDW4NuYmN1uRvh-uKprc9UFgqZ7fvs/edit?usp=drivesdk"
"Trackers","Ellie Goulding Tracker","Official Archive for Ellie Goulding Tracker Dated 14th August 2026.","Archive Copy","Yes","https://docs.google.com/spreadsheets/d/1tdVfJUUx0wsP4FkY8uPY08ZLLgMqkiqwqY8ymzmIm1g/edit?usp=drivesdk"
"Trackers","Eminem Tracker","Official Archive for Eminem Tracker Dated 14th August 2026.","Archive Copy","Yes","https://docs.google.com/spreadsheets/d/14R7kDzZG4pMNfkedrJ21lS_OgtxQJNJyNqpGgtsc4vg/edit?usp=drivesdk"
"Trackers","ericdoa Tracker","Official Archive for ericdoa Tracker Dated 14th August 2026.","Archive Copy","Yes","https://docs.google.com/spreadsheets/d/1TsAfv5nKQQ1CF9DnSe09iY6WxRi68IOyGYoUL8iD6MA/edit?usp=drivesdk"
"Trackers","EsDeeKid Tracker","Official Archive for EsDeeKid Tracker Dated 14th August 2026.","Archive Copy","Yes","https://docs.google.com/spreadsheets/d/1lSIWpMlIHRL9_CpXMJJWgu2njaTCOFevgbBeNAu_OEI/edit?usp=drivesdk"
"Trackers","Ethel Cain Tracker","Official Archive for Ethel Cain Tracker Dated 14th August 2026.","Archive Copy","Yes","https://docs.google.com/spreadsheets/d/1oC1m1O2EGHSChc7_uIBbgV905hBTmDQIxgdSZaWodzc/edit?usp=drivesdk"
"Trackers","Fetty Wap Tracker","Official Archive for Fetty Wap Tracker Dated 14th August 2026.","Archive Copy","Yes","https://docs.google.com/spreadsheets/d/1D_qnQvWYcmIRrqpMY_gcSa1YBahte2oWmJ-r-OOEAQc/edit?usp=drivesdk"
"Trackers","Fievel Is Glauque Tracker","Official Archive for Fievel Is Glauque Tracker Dated 14th August 2026.","Archive Copy","Yes","https://docs.google.com/spreadsheets/d/1QYjZ8rVLSf_uRkZ4ivolU_nWx4prbI1p_uDmjACQQLY/edit?usp=drivesdk"
"Trackers","Fifth Harmony Tracker","Official Archive for Fifth Harmony Tracker Dated 14th August 2026.","Archive Copy","Yes","https://docs.google.com/spreadsheets/d/1xgcz0IVDQnPsaVHfYCTtnAdEf-GOAqcOQY0apbVP7Tg/edit?usp=drivesdk"
"Trackers","Fivio Foreign Tracker","Official Archive for Fivio Foreign Tracker Dated 14th August 2026.","Archive Copy","Yes","https://docs.google.com/spreadsheets/d/1Z2AGHjtq6JHJsCuZZy8rOzCO6aujITQdMx826euwc9g/edit?usp=drivesdk"
"Trackers","FLO Tracker","Official Archive for FLO Tracker Dated 14th August 2026.","Archive Copy","Yes","https://docs.google.com/spreadsheets/d/1jlz0QWu5ABIuXnBIFqMKDPUcB0qeATEaEGEpsTw6smg/edit?usp=drivesdk"
"Trackers","Freddie Gibbs Tracker","Official Archive for Freddie Gibbs Tracker Dated 14th August 2026.","Archive Copy","Yes","https://docs.google.com/spreadsheets/d/1hKwFCTyPgbS4FcEtKEyEMFLT2_ZHro4tgXnSeeloUig/edit?usp=drivesdk"
"Trackers","Future Tracker","Official Archive for Future Tracker Dated 14th August 2026.","Archive Copy","Yes","https://docs.google.com/spreadsheets/d/12Jeez4rtT91RUS_B89iXbXk7iKjiYwyZ0ZgIC_OQMzY/edit?usp=drivesdk"
"Trackers","Giveon Tracker","Official Archive for Giveon Tracker Dated 14th August 2026.","Archive Copy","Yes","https://docs.google.com/spreadsheets/d/1x1Ln8RRJQVPdRqjtImsYDUgAyk-QoAnCMoegO9zl9bw/edit?usp=drivesdk"
"Trackers","Glaive Tracker","Official Archive for Glaive Tracker Dated 14th August 2026.","Archive Copy","Yes","https://docs.google.com/spreadsheets/d/1gZB-UqirDVJWX_fuWey54FDNfPeEcf4ITaDxM3Ju79k/edit?usp=drivesdk"
"Trackers","Glocky Tracker","Official Archive for Glocky Tracker Dated 14th August 2026.","Archive Copy","Yes","https://docs.google.com/spreadsheets/d/1LACxW0XRyEqQg_Bu_605KYfMK-gIM1a-QibqO69GQJw/edit?usp=drivesdk"
"Trackers","G.O.A.T. Music Tracker","Official Archive for G.O.A.T. Music Tracker Dated 14th August 2026.","Archive Copy","Yes","https://docs.google.com/spreadsheets/d/1LphMKps-rgX-YzXhcqbYqS6e8j95n5vmk9zhH-tBcCE/edit?usp=drivesdk"
"Trackers","Gorillaz Tracker","Official Archive for Gorillaz Tracker Dated 14th August 2026.","Archive Copy","Yes","https://docs.google.com/spreadsheets/d/1LLrcX8Ao2lKNtNzSNmDN9ENUtYHAZdG6JLiNz0EprXQ/edit?usp=drivesdk"
"Trackers","Gorillaz Art Tracker","Official Archive for Gorillaz Art Tracker Dated 14th August 2026.","Archive Copy","Yes","https://docs.google.com/spreadsheets/d/1V_bkF4-7NDeDJ2vvtBWlOhuy9cChlBI5fZcJ3MRMY24/edit?usp=drivesdk"
"Trackers","Grimes Tracker","Official Archive for Grimes Tracker Dated 14th August 2026.","Archive Copy","Yes","https://docs.google.com/spreadsheets/d/1P3GoXgGkZEM_TJH47EMM80KyDH4zmsK7eElz4zoZubk/edit?usp=drivesdk"
"Trackers","Gucci Mane Tracker","Official Archive for Gucci Mane Tracker Dated 14th August 2026.","Archive Copy","Yes","https://docs.google.com/spreadsheets/d/1-1YwpMpjZJGGmTuQvVA9bgcV0LxVywKpnRNj_mSRmuQ/edit?usp=drivesdk"
"Trackers","Gunna Tracker","Official Archive for Gunna Tracker Dated 14th August 2026.","Archive Copy","Yes","https://docs.google.com/spreadsheets/d/1r6kZwAjecglhxUMY0HyqoT50HPv8QhtgyDb3SCFWKbI/edit?usp=drivesdk"
"Trackers","GY!BE (Live) Tracker","Official Archive for GY!BE (Live) Tracker Dated 14th August 2026.","Archive Copy","Yes","https://docs.google.com/spreadsheets/d/19RCCBNZR5ty_nB2O0s55leyrenSvGXvgiGruaV6lXkY/edit?usp=drivesdk"
"Trackers","Halsey Tracker","Official Archive for Halsey Tracker Dated 14th August 2026.","Archive Copy","Yes","https://docs.google.com/spreadsheets/d/14LZ4XalDanwjTUAkkEGUNuIPjTAixfWiVnGbBuEhJYk/edit?usp=drivesdk"
"Trackers","Harry Styles [Alt] Tracker","Official Archive for Harry Styles [Alt] Tracker Dated 14th August 2026.","Archive Copy","Yes","https://docs.google.com/spreadsheets/d/1vnwH0DBr4F8uNxqEgnb-1U24m5OlSnjEYZhECB4vAlI/edit?usp=drivesdk"
"Trackers","Haunted Mound Tracker","Official Archive for Haunted Mound Tracker Dated 14th August 2026.","Archive Copy","Yes","https://docs.google.com/spreadsheets/d/1XTWz0nXxwTbC-jZhwnybouRz3h78oYTBQQvC7WsIXEU/edit?usp=drivesdk"
"Trackers","Haunted Mound [Alt] Tracker","Official Archive for Haunted Mound [Alt] Tracker Dated 14th August 2026.","Archive Copy","Yes","https://docs.google.com/spreadsheets/d/1NP_1Pj0gvG1wDbqDEbU6DSLAnQ_Uh2PCDkaJ-5QYrSY/edit?usp=drivesdk"
"Trackers","H.E.R. Tracker","Official Archive for H.E.R. Tracker Dated 14th August 2026.","Archive Copy","Yes","https://docs.google.com/spreadsheets/d/1Mg9bhHL1CqUkFGhRRXWIyv9stbZqryM0U9Zlz2WrnFk/edit?usp=drivesdk"
"Trackers","Homicide Gang [Alt] Tracker","Official Archive for Homicide Gang [Alt] Tracker Dated 14th August 2026.","Archive Copy","Yes","https://docs.google.com/spreadsheets/d/1G-EYWyTvHTpOYnLOx0kyAKMOWbiy1914IE3MPy-5KMw/edit?usp=drivesdk"
"Trackers","Homicide Gang [Alt #2] Tracker","Official Archive for Homicide Gang [Alt #2] Tracker Dated 14th August 2026.","Archive Copy","Yes","https://docs.google.com/spreadsheets/d/17xrTSDgwwwDWAVlB5jhg3FGgu94k2g5AoD1_5dqhN9w/edit?usp=drivesdk"
"Trackers","Homixide Gang Tracker","Official Archive for Homixide Gang Tracker Dated 14th August 2026.","Archive Copy","Yes","https://docs.google.com/spreadsheets/d/1aKTj5BfGVoH_4qnRlgOc4zbMeTqCGVeWfhNDhINfOSc/edit?usp=drivesdk"
"Trackers","Ice Cube Tracker","Official Archive for Ice Cube Tracker Dated 14th August 2026.","Archive Copy","Yes","https://docs.google.com/spreadsheets/d/17kMFCqtFCGvaFfM_24fG_smiDufN5gHv7sPgMkllAgY/edit?usp=drivesdk"
"Trackers","Ice Spice Tracker","Official Archive for Ice Spice Tracker Dated 14th August 2026.","Archive Copy","Yes","https://docs.google.com/spreadsheets/d/1Px796jijylCrCLuSasO52qfzbbjA2B2qc2cy4rFVPsA/edit?usp=drivesdk"
"Trackers","Ice Spice [Alt #1] Tracker","Official Archive for Ice Spice [Alt #1] Tracker Dated 14th August 2026.","Archive Copy","Yes","https://docs.google.com/spreadsheets/d/142e5VErxG1mgx8bNMXAtEb6jK0o2Yw8NHU4dbAUWrC4/edit?usp=drivesdk"
"Trackers","Ice Spice [Alt #2] Tracker","Official Archive for Ice Spice [Alt #2] Tracker Dated 14th August 2026.","Archive Copy","Yes","https://docs.google.com/spreadsheets/d/1xlIbI_DwXrhcKadlD4MJrDpF4ONHJLcoAQH1Q_WkTIs/edit?usp=drivesdk"
"Trackers","Iggy Azalea Tracker","Official Archive for Iggy Azalea Tracker Dated 14th August 2026.","Archive Copy","Yes","https://docs.google.com/spreadsheets/d/1RMiir9964kNHPbuza-fX7aKoEtWSbn_iYhGSLDiGTec/edit?usp=drivesdk"
"Trackers","ILOVEMAKONNEN Tracker","Official Archive for ILOVEMAKONNEN Tracker Dated 14th August 2026.","Archive Copy","Yes","https://docs.google.com/spreadsheets/d/1NX77Th8v4PvpeLj3myFfBUdDvUHlD-_0X-n5scYlRBA/edit?usp=drivesdk"
"Trackers","iLVMUSIC Tracker","Official Archive for iLVMUSIC Tracker Dated 14th August 2026.","Archive Copy","Yes","https://docs.google.com/spreadsheets/d/1X8njZSjkdS3Qb_-zFzxZSeZXsePZNrz-OeUUOqHX9Ro/edit?usp=drivesdk"
"Trackers","Imagine Dragons Tracker","Official Archive for Imagine Dragons Tracker Dated 14th August 2026.","Archive Copy","Yes","https://docs.google.com/spreadsheets/d/1trjq8ES8Dx04r0CUm-H4Ic_C2Noi16aS6FCrG39jGHk/edit?usp=drivesdk"
"Trackers","International Jefe Tracker","Official Archive for International Jefe Tracker Dated 14th August 2026.","Archive Copy","Yes","https://docs.google.com/spreadsheets/d/1QP5h7190EIN8Dp3NsskcUP-KOZp6mpEUlhAvjSbUeCY/edit?usp=drivesdk"
"Trackers","Isabella Lovestory Tracker","Official Archive for Isabella Lovestory Tracker Dated 14th August 2026.","Archive Copy","Yes","https://docs.google.com/spreadsheets/d/1cIb6SJRixzED7bEQQHLFbXfPcT0AbIEZX6qXs1iqOLY/edit?usp=drivesdk"
"Trackers","Isaiah Rashad Tracker","Official Archive for Isaiah Rashad Tracker Dated 14th August 2026.","Archive Copy","Yes","https://docs.google.com/spreadsheets/d/1SmeA1XeNKpQj4zivfWAb6ttwsNbgmnGvuKNhUEiIkXA/edit?usp=drivesdk"
"Trackers","Isaiah Rashad [Alt] Tracker","Official Archive for Isaiah Rashad [Alt] Tracker Dated 14th August 2026.","Archive Copy","Yes","https://docs.google.com/spreadsheets/d/10UYVNd8crI_WWajXQ0jX0zB7oZw_D8rZrToqdz1Wo8c/edit?usp=drivesdk"
"Trackers","IShowSpeed Tracker","Official Archive for IShowSpeed Tracker Dated 14th August 2026.","Archive Copy","Yes","https://docs.google.com/spreadsheets/d/1QHaV_44QhVWnYVwXyoFCREVSK9pWUUFWz5oSJQi3_k4/edit?usp=drivesdk"
"Trackers","IShowSpeed [Alt] Tracker","Official Archive for IShowSpeed [Alt] Tracker Dated 14th August 2026.","Archive Copy","Yes","https://docs.google.com/spreadsheets/d/1ikgIYsrPMMpEdtUnbcJT6kEMdaEFp3UtZhz0FU4Cx0k/edit?usp=drivesdk"
"Trackers","ISSBROKIE / shteppi Tracker","Official Archive for ISSBROKIE / shteppi Tracker Dated 14th August 2026.","Archive Copy","Yes","https://docs.google.com/spreadsheets/d/1BByB6yHImKbRkdXyNN6Lg6Ejsngb2jO13_XDby6yPMc/edit?usp=drivesdk"
"Trackers","Jack Stauber Tracker","Official Archive for Jack Stauber Tracker Dated 14th August 2026.","Archive Copy","Yes","https://docs.google.com/spreadsheets/d/15XiGn6qvlx_SdwQciagFgF-HzEsNHTJMZUBui-liRxU/edit?usp=drivesdk"
"Trackers","Jai Paul Tracker","Official Archive for Jai Paul Tracker Dated 14th August 2026.","Archive Copy","Yes","https://docs.google.com/spreadsheets/d/1aPnPIvpxbntAAjvDT_iH8PBisB0CV2fXOndWWiRaGYc/edit?usp=drivesdk"
"Trackers","Jake Chudnow Tracker","Official Archive for Jake Chudnow Tracker Dated 14th August 2026.","Archive Copy","Yes","https://docs.google.com/spreadsheets/d/1E0Jh7mR8eWX5BbPugyV27lvPpVKiRe20WUMO1J8aoQQ/edit?usp=drivesdk"
"Trackers","James Blake Tracker","Official Archive for James Blake Tracker Dated 14th August 2026.","Archive Copy","Yes","https://docs.google.com/spreadsheets/d/1AHKkAJJqYau5R8LTVK_qt8nErc-Bp3ovYOAT2JSBzFE/edit?usp=drivesdk"
"Trackers","Jane Remover Tracker","Official Archive for Jane Remover Tracker Dated 14th August 2026.","Archive Copy","Yes","https://docs.google.com/spreadsheets/d/1_Ssu6HxXO3UH_xgYfvnK6UJ5r3Bq5Ki_omSbwwhUDPg/edit?usp=drivesdk"
"Trackers","Jason Malachi Tracker","Official Archive for Jason Malachi Tracker Dated 14th August 2026.","Archive Copy","Yes","https://docs.google.com/spreadsheets/d/1FFMsPriCc4_hlcri5LZQBamb_ca3dkiiKDZzodVfRzs/edit?usp=drivesdk"
"Trackers","Jay Critch Tracker","Official Archive for Jay Critch Tracker Dated 14th August 2026.","Archive Copy","Yes","https://docs.google.com/spreadsheets/d/1HQhc-LCYwQ3jUiJi4ABui5Mv2r_DDn_bqrShtbiu6zc/edit?usp=drivesdk"
"Trackers","Jaydes Tracker","Official Archive for Jaydes Tracker Dated 14th August 2026.","Archive Copy","Yes","https://docs.google.com/spreadsheets/d/1o2jQvLMRbZx0MGFNHq02qx2-8KCUcbyfKWzLOpRlG2s/edit?usp=drivesdk"
"Trackers","Jay Electronica Tracker","Official Archive for Jay Electronica Tracker Dated 14th August 2026.","Archive Copy","Yes","https://docs.google.com/spreadsheets/d/1pUzWy0ymNDUmS43aLRWwr4jVqYStotVJarIgw8SCLoU/edit?usp=drivesdk"
"Trackers","Jay-Z Tracker","Official Archive for Jay-Z Tracker Dated 14th August 2026.","Archive Copy","Yes","https://docs.google.com/spreadsheets/d/1Ta-xPr8qS6X1GAKpM7IQjRib6HvcXpQ-NoJFym7rv3Q/edit?usp=drivesdk"
"Trackers","Jazmin Bean Tracker","Official Archive for Jazmin Bean Tracker Dated 14th August 2026.","Archive Copy","Yes","https://docs.google.com/spreadsheets/d/1v93mb3Z1eo6QPBrtiYjcndvs6r5cKKzEXu50hRMiU9M/edit?usp=drivesdk"
"Trackers","J. Cole Tracker","Official Archive for J. Cole Tracker Dated 14th August 2026.","Archive Copy","Yes","https://docs.google.com/spreadsheets/d/1WkXGsbw1ChdMDu89SXajPAixBMYOasT1N9IBpz6JGmw/edit?usp=drivesdk"
"Trackers","J.Cole [Alt] Tracker","Official Archive for J.Cole [Alt] Tracker Dated 14th August 2026.","Archive Copy","Yes","https://docs.google.com/spreadsheets/d/11jnXgkkFKJXCsJS9m3g2Gwm_FWPB0wEFxjTV2l8A_kA/edit?usp=drivesdk"
"Trackers","Jean Dawson Tracker","Official Archive for Jean Dawson Tracker Dated 14th August 2026.","Archive Copy","Yes","https://docs.google.com/spreadsheets/d/1NaSqMQLQBBmiIHc7GanZioGx_qSGbMjoBHB2LFqiBWI/edit?usp=drivesdk"
"Trackers","Jeff Buckley Tracker","Official Archive for Jeff Buckley Tracker Dated 14th August 2026.","Archive Copy","Yes","https://docs.google.com/spreadsheets/d/1YoexIlaS5Vyu2_S0pY7ZTjYyFeH2muzw2tzVlOSKoH0/edit?usp=drivesdk"
"Trackers","Jeleel Tracker","Official Archive for Jeleel Tracker Dated 14th August 2026.","Archive Copy","Yes","https://docs.google.com/spreadsheets/d/1LPkYYC83GO-KvYdb6bNSc51zg6Jui2bJCg5ddtvU2nE/edit?usp=drivesdk"
"Trackers","Jennifer Lopez Tracker","Official Archive for Jennifer Lopez Tracker Dated 14th August 2026.","Archive Copy","Yes","https://docs.google.com/spreadsheets/d/1GpC_cjR1jBRPdbgiL-hbxjq9mcxcYEyVrtT719PJKWI/edit?usp=drivesdk"
"Trackers","Jessie Ware Tracker","Official Archive for Jessie Ware Tracker Dated 14th August 2026.","Archive Copy","Yes","https://docs.google.com/spreadsheets/d/18Ym0z5nGB0kZxYLjDDGRvIRBaCjNbb-aF_2lQVuhXxc/edit?usp=drivesdk"
"Trackers","Jhariah Tracker","Official Archive for Jhariah Tracker Dated 14th August 2026.","Archive Copy","Yes","https://docs.google.com/spreadsheets/d/1_F7ZIOY5TB3F0zeL2jg5KBi6-bFMEY0BeIVqG5aBRr0/edit?usp=drivesdk"
"Trackers","JID Tracker","Official Archive for JID Tracker Dated 14th August 2026.","Archive Copy","Yes","https://docs.google.com/spreadsheets/d/1AhjDrcQo_KwojxOyjIbQRp7dkIgRlNRabcvMdJomUfw/edit?usp=drivesdk"
"Trackers","Joey Valence & Brae Tracker","Official Archive for Joey Valence & Brae Tracker Dated 14th August 2026.","Archive Copy","Yes","https://docs.google.com/spreadsheets/d/1Y3Z_eqnf9ARF_LrTzbq6oCx96vRUxJ49y6aIHgWVtlA/edit?usp=drivesdk"
"Trackers","Joji Tracker","Official Archive for Joji Tracker Dated 14th August 2026.","Archive Copy","Yes","https://docs.google.com/spreadsheets/d/1BjgWsCUTDYP9BUVLU3jM5G1yPQKD7IIZ79_ybGoUWjE/edit?usp=drivesdk"
"Trackers","Jojo Siwa Tracker","Official Archive for Jojo Siwa Tracker Dated 14th August 2026.","Archive Copy","Yes","https://docs.google.com/spreadsheets/d/1GYCmLeywjZhBGTRr4ObVoDAquOJIJ2llfp4Xhc1FfCw/edit?usp=drivesdk"
"Trackers","JPEGMAFIA Tracker","Official Archive for JPEGMAFIA Tracker Dated 14th August 2026.","Archive Copy","Yes","https://docs.google.com/spreadsheets/d/1M2Q9en6uWy1rOX-LqNJJVfbEkSlpFuljWWdSXiMO3ho/edit?usp=drivesdk"
"Trackers","JPEGMAFIA [Alt] Tracker","Official Archive for JPEGMAFIA [Alt] Tracker Dated 14th August 2026.","Archive Copy","Yes","https://docs.google.com/spreadsheets/d/1rQTfGN2-pDC8rmGgQYUjNg8nbMlt-baHEPG9MpQQ9PQ/edit?usp=drivesdk"
"Trackers","Juice WRLD [Alt #2] Tracker","Official Archive for Juice WRLD [Alt #2] Tracker Dated 14th August 2026.","Archive Copy","Yes","https://docs.google.com/spreadsheets/d/1l9j6VwRtc20Q-m5P5EFuDDI3eKRECBbfIFqdXuW2Qg4/edit?usp=drivesdk"
"Trackers","Juice WRLD [Alt #3] Tracker","Official Archive for Juice WRLD [Alt #3] Tracker Dated 14th August 2026.","Archive Copy","Yes","https://docs.google.com/spreadsheets/d/1f_1TvNB3C1Nh5c16yCpR29upoV-GrNpkeH9YltnEscA/edit?usp=drivesdk"
"Trackers","Julia Michaels Tracker","Official Archive for Julia Michaels Tracker Dated 14th August 2026.","Archive Copy","Yes","https://docs.google.com/spreadsheets/d/17dtRusIqdK0TiB4p3IZZ0EVaLKTAY-ihr04LlHxmTV8/edit?usp=drivesdk"
"Trackers","Justice Tracker","Official Archive for Justice Tracker Dated 14th August 2026.","Archive Copy","Yes","https://docs.google.com/spreadsheets/d/1kXAXyX6X0POULEer2-HVJd9hgNplDVGdcKSUIMCnD_k/edit?usp=drivesdk"
"Trackers","Justin Bieber Tracker","Official Archive for Justin Bieber Tracker Dated 14th August 2026.","Archive Copy","Yes","https://docs.google.com/spreadsheets/d/1pNmBubYm7iuYt91JV9rkbrsLdAXUSeWZRwy2Zak7Z20/edit?usp=drivesdk"
"Trackers","Justxn Paul Tracker","Official Archive for Justxn Paul Tracker Dated 14th August 2026.","Archive Copy","Yes","https://docs.google.com/spreadsheets/d/11Aqgk-xjgYdHkqiy1BpVIUp8SWtXPnNpN9un6dsgiH4/edit?usp=drivesdk"
"Trackers","JVKE Tracker","Official Archive for JVKE Tracker Dated 14th August 2026.","Archive Copy","Yes","https://docs.google.com/spreadsheets/d/1uSLKg2_QY0awwVJvbIm0OFr2mdL6YWV3EjQhhz0kX00/edit?usp=drivesdk"
"Trackers","K-391 Tracker","Official Archive for K-391 Tracker Dated 14th August 2026.","Archive Copy","Yes","https://docs.google.com/spreadsheets/d/1Re2ZFossnG3v8K3nimIiWeBXFnIziFaAcWjL3BwaCwU/edit?usp=drivesdk"
"Trackers","K4$H K4$$!n0 Tracker","Official Archive for K4$H K4$$!n0 Tracker Dated 14th August 2026.","Archive Copy","Yes","https://docs.google.com/spreadsheets/d/1kBHO3kxgZD0QoS2_hVHpak2QRzmtwsTMtkai0zCqtQw/edit?usp=drivesdk"
"Trackers","Karol G Tracker","Official Archive for Karol G Tracker Dated 14th August 2026.","Archive Copy","Yes","https://docs.google.com/spreadsheets/d/1p0xugYqLjW0OAOmKexoLefRmFJ4cv_kKoRCaEZ95e6o/edit?usp=drivesdk"
"Trackers","KARRAHBOOO Tracker","Official Archive for KARRAHBOOO Tracker Dated 14th August 2026.","Archive Copy","Yes","https://docs.google.com/spreadsheets/d/14plq_w7rmrZMtWJ0sxloKtXZAyOI-14CdC92BnK0kfk/edit?usp=drivesdk"
"Trackers","Katy Perry Tracker","Official Archive for Katy Perry Tracker Dated 14th August 2026.","Archive Copy","Yes","https://docs.google.com/spreadsheets/d/1D6iuearX_xr6xoMWdylOHHGe1aKfiUXLCQhk_Jcr3m4/edit?usp=drivesdk"
"Trackers","KayCyy Tracker","Official Archive for KayCyy Tracker Dated 14th August 2026.","Archive Copy","Yes","https://docs.google.com/spreadsheets/d/1-akHc_7JBlk9iQZMwyu_9g7wpHpkmpdmkHOeBOgXKC8/edit?usp=drivesdk"
"Trackers","Kay Flock Tracker","Official Archive for Kay Flock Tracker Dated 14th August 2026.","Archive Copy","Yes","https://docs.google.com/spreadsheets/d/1yrConHWu6vxNFoY_Yjt1hZyP7_92Es3hsznvuzfA5A0/edit?usp=drivesdk"
"Trackers","KAYTRANADA Tracker","Official Archive for KAYTRANADA Tracker Dated 14th August 2026.","Archive Copy","Yes","https://docs.google.com/spreadsheets/d/1tJlFtolOO1raWwZgCftRAV2-xt3xNGbLs-hF9dr8hKE/edit?usp=drivesdk"
"Trackers","Kendrick Lamar Tracker","Official Archive for Kendrick Lamar Tracker Dated 14th August 2026.","Archive Copy","Yes","https://docs.google.com/spreadsheets/d/1hCdYOIXstXg_3yD1KCD5T61JF4qYclqRF6S_c3yicYE/edit?usp=drivesdk"
"Trackers","Kero Kero Bonito Tracker","Official Archive for Kero Kero Bonito Tracker Dated 14th August 2026.","Archive Copy","Yes","https://docs.google.com/spreadsheets/d/1vJfLyiY_alOLT3qHKy6cUGOCDJLZiEIvQs_01cxqG7E/edit?usp=drivesdk"
"Trackers","Kid Cudi Tracker","Official Archive for Kid Cudi Tracker Dated 14th August 2026.","Archive Copy","Yes","https://docs.google.com/spreadsheets/d/1NHxEEyN8ZTVz_s__Ln0OIcSl9rLOqxv56dw9wvW1er0/edit?usp=drivesdk"
"Trackers","Kid Cudi [Alt] Tracker","Official Archive for Kid Cudi [Alt] Tracker Dated 14th August 2026.","Archive Copy","Yes","https://docs.google.com/spreadsheets/d/1YiBgg8sgHg8SaJkN7ERzOTXJQRRH_gGjLKhInvyH0M0/edit?usp=drivesdk"
"Trackers","Kiesza Tracker","Official Archive for Kiesza Tracker Dated 14th August 2026.","Archive Copy","Yes","https://docs.google.com/spreadsheets/d/197JgLxc62C5ki8z7t2R111pblr_2CISCZ8c0z6Y3FQ0/edit?usp=drivesdk"
"Trackers","Killjae Tracker","Official Archive for Killjae Tracker Dated 14th August 2026.","Archive Copy","Yes","https://docs.google.com/spreadsheets/d/1iYJWMKlDHGIZ5zTGa2WHYZzzKrgUKIFZ_2IVs5FDenk/edit?usp=drivesdk"
"Trackers","Kim Petras Tracker","Official Archive for Kim Petras Tracker Dated 14th August 2026.","Archive Copy","Yes","https://docs.google.com/spreadsheets/d/1DGzAzJoaMp884Cj0rQm3AAQqQ4SZ3R6lEOvRyBnU3y8/edit?usp=drivesdk"
"Trackers","Kodak Black Tracker","Official Archive for Kodak Black Tracker Dated 14th August 2026.","Archive Copy","Yes","https://docs.google.com/spreadsheets/d/1XvhB5eBitO-gCs6ULliM8oAWgVEhrlGTviLwq6b03Po/edit?usp=drivesdk"
"Trackers","Kygo Tracker","Official Archive for Kygo Tracker Dated 14th August 2026.","Archive Copy","Yes","https://docs.google.com/spreadsheets/d/115XqraPB4QAPfNXpVzrj7T4gAGFu62W9hgMNt4zIqQ4/edit?usp=drivesdk"
"Trackers","Labrinth Tracker","Official Archive for Labrinth Tracker Dated 14th August 2026.","Archive Copy","Yes","https://docs.google.com/spreadsheets/d/1M9zw6hapCF28RKPXi6G_bif3XH-2MnnnfcJtiqcxcKU/edit?usp=drivesdk"
"Trackers","Lady Gaga Tracker","Official Archive for Lady Gaga Tracker Dated 14th August 2026.","Archive Copy","Yes","https://docs.google.com/spreadsheets/d/1QETcAMDGGlN3a_1Lo7z9aFr1FhBR9nHRWtqPBmTEu4g/edit?usp=drivesdk"
"Trackers","Lady Gaga [Alt #2] Tracker","Official Archive for Lady Gaga [Alt #2] Tracker Dated 14th August 2026.","Archive Copy","Yes","https://docs.google.com/spreadsheets/d/1L3zpWuHAbin01pabv9i4ZF4q2ojQ_AKZyCRgOFjt4e8/edit?usp=drivesdk"
"Trackers","Lancey Foux Tracker","Official Archive for Lancey Foux Tracker Dated 14th August 2026.","Archive Copy","Yes","https://docs.google.com/spreadsheets/d/1DHhXcjoocELVV-ShEdugvDjmsgH49-G4b-wSkm7bgiU/edit?usp=drivesdk"
"Trackers","Laufey Tracker","Official Archive for Laufey Tracker Dated 14th August 2026.","Archive Copy","Yes","https://docs.google.com/spreadsheets/d/1sMB8ai3WzdkYys6cnxX0WEDJunicinKS/edit?usp=drivesdk&ouid=107480630493662972695&rtpof=true&sd=true"
"Trackers","Lauren Jauregui Tracker","Official Archive for Lauren Jauregui Tracker Dated 14th August 2026.","Archive Copy","Yes","https://docs.google.com/spreadsheets/d/1ZSMTv_pvGx9HzrS0y4b8mPVndVv8Gbg9QlrA4tEyDYw/edit?usp=drivesdk"
"Trackers","LAZER DIM 700 Tracker","Official Archive for LAZER DIM 700 Tracker Dated 14th August 2026.","Archive Copy","Yes","https://docs.google.com/spreadsheets/d/14C3pXfdF24oLN4b4strc13XMZLuurE574BItWZ_vC7w/edit?usp=drivesdk"
"Trackers","Leah Kate Tracker","Official Archive for Leah Kate Tracker Dated 14th August 2026.","Archive Copy","Yes","https://docs.google.com/spreadsheets/d/1VoEol6OV8Ah6ao-jP1wdASfyXxx7958GLpi3ChgvQnY/edit?usp=drivesdk"
"Trackers","Leah Kate [Alt #2] Tracker","Official Archive for Leah Kate [Alt #2] Tracker Dated 14th August 2026.","Archive Copy","Yes","https://docs.google.com/spreadsheets/d/13V0VWxsd7mog7yFFq0s3U1f33ruXTeeNYnN-0yUpFv8/edit?usp=drivesdk"
"Trackers","Leon Thomas Tracker","Official Archive for Leon Thomas Tracker Dated 14th August 2026.","Archive Copy","Yes","https://docs.google.com/spreadsheets/d/1dBqj-yKYDlzR90ML4usbeGpsvsxp8lDudfY8ipBdu48/edit?usp=drivesdk"
"Trackers","Lil Dicky Tracker","Official Archive for Lil Dicky Tracker Dated 14th August 2026.","Archive Copy","Yes","https://docs.google.com/spreadsheets/d/14VcIuds-OF-alYqnXtjQ39VHKrkxYZ-jfix9X_eKnPw/edit?usp=drivesdk"
"Trackers","Lil Mabu Tracker","Official Archive for Lil Mabu Tracker Dated 14th August 2026.","Archive Copy","Yes","https://docs.google.com/spreadsheets/d/1Dkcy5OTq_I-ynqZuAKZNxjFUDx-RHPhMum_UrZUxrik/edit?usp=drivesdk"
"Trackers","Lil Mosey Tracker","Official Archive for Lil Mosey Tracker Dated 14th August 2026.","Archive Copy","Yes","https://docs.google.com/spreadsheets/d/1mABblFuzKbqRznvpAmhXaRbh855NfDn3pay8IrwpFn4/edit?usp=drivesdk"
"Trackers","Lil Peep Tracker","Official Archive for Lil Peep Tracker Dated 14th August 2026.","Archive Copy","Yes","https://docs.google.com/spreadsheets/d/1tsyRKl9mXmmGBThE4D0efoYIpYxpqJ0S65INgX8kXH8/edit?usp=drivesdk"
"Trackers","Lil Peep [Alt # 1] Tracker","Official Archive for Lil Peep [Alt # 1] Tracker Dated 14th August 2026.","Archive Copy","Yes","https://docs.google.com/spreadsheets/d/1E2F20gdXwI1zJ_VfaWJu2D7c-nNSldUv_WA6c7r87rg/edit?usp=drivesdk"
"Trackers","Lil Peep [Alt # 3] Tracker","Official Archive for Lil Peep [Alt # 3] Tracker Dated 14th August 2026.","Archive Copy","Yes","https://docs.google.com/spreadsheets/d/136CuyE3h-Ci1_OCk-z2Za8IW_mj2qkq8BTRimBFGyf0/edit?usp=drivesdk"
"Trackers","Lil Pump Tracker","Official Archive for Lil Pump Tracker Dated 14th August 2026.","Archive Copy","Yes","https://docs.google.com/spreadsheets/d/1gFEA8-FlJUi3mcP0y8-98wnrqUGesEAiOGPgfWA2OiI/edit?usp=drivesdk"
"Trackers","Lil Shine Tracker","Official Archive for Lil Shine Tracker Dated 14th August 2026.","Archive Copy","Yes","https://docs.google.com/spreadsheets/d/1-PEjUqVLooJebT7wNldhZkw9eHTjrXQhOpqDHJFLQ_c/edit?usp=drivesdk"
"Trackers","Lil Tecca Tracker","Official Archive for Lil Tecca Tracker Dated 14th August 2026.","Archive Copy","Yes","https://docs.google.com/spreadsheets/d/1BicpE9DwT0a1F_n8Rdd-Gkki3-eeLSs1O654jQKq1QY/edit?usp=drivesdk"
"Trackers","Lil Uzi Vert [Alt #2] Tracker","Official Archive for Lil Uzi Vert [Alt #2] Tracker Dated 14th August 2026.","Archive Copy","Yes","https://docs.google.com/spreadsheets/d/170NZiarQarXj-SGove2PyxIpVxjPhBXFSFsOxOh2kcY/edit?usp=drivesdk"
"Trackers","Lil Wayne Tracker","Official Archive for Lil Wayne Tracker Dated 14th August 2026.","Archive Copy","Yes","https://docs.google.com/spreadsheets/d/1EWZ3yMF8dBhcSoUkiaz450tB4Ly2TARA2RkFyO0hR5M/edit?usp=drivesdk"
"Trackers","Limp Bizkit Tracker","Official Archive for Limp Bizkit Tracker Dated 14th August 2026.","Archive Copy","Yes","https://docs.google.com/spreadsheets/d/1Qdw-4OHjJpypQuOSIC-ssWqUZAIn6vPrF1sTLLB4PUs/edit?usp=drivesdk"
"Trackers","Linkin Park Tracker","Official Archive for Linkin Park Tracker Dated 14th August 2026.","Archive Copy","Yes","https://docs.google.com/spreadsheets/d/1wqdQCGvPftSXMttvIKFhRYpDkbmsBSjwDTX7lwh8y6M/edit?usp=drivesdk"
"Trackers","Lionel Scott Tracker","Official Archive for Lionel Scott Tracker Dated 14th August 2026.","Archive Copy","Yes","https://docs.google.com/spreadsheets/d/1Qp-g5xiL2MlIbHq6gc3_PXgvWopskxPWR633XuTCtAw/edit?usp=drivesdk"
"Trackers","Lipgloss Twins Tracker","Official Archive for Lipgloss Twins Tracker Dated 14th August 2026.","Archive Copy","Yes","https://docs.google.com/spreadsheets/d/1QB9lgJx5Kr3QUx2QoXTszKKs6fYCseaZZDYn0BUJoWQ/edit?usp=drivesdk"
"Trackers","Little Mix Tracker","Official Archive for Little Mix Tracker Dated 14th August 2026.","Archive Copy","Yes","https://docs.google.com/spreadsheets/d/1IUeo9RAOO2d0GdKXn-OTvWxFuiYe7Sc7vaacU65i4ME/edit?usp=drivesdk"
"Trackers","Lloyd Banks Tracker","Official Archive for Lloyd Banks Tracker Dated 14th August 2026.","Archive Copy","Yes","https://docs.google.com/spreadsheets/d/1vz6bXIQWLu5gpmlhSGJ9GMe3cpDJKJuZvstWvUQplBs/edit?usp=drivesdk"
"Trackers","Lorde Tracker","Official Archive for Lorde Tracker Dated 14th August 2026.","Archive Copy","Yes","https://docs.google.com/spreadsheets/d/13nzQIsQ-Ewu1pY-Wl2dxt6tjnbFEPk0O2SRzm8xSOfA/edit?usp=drivesdk"
"Trackers","LUCKI Tracker","Official Archive for LUCKI Tracker Dated 14th August 2026.","Archive Copy","Yes","https://docs.google.com/spreadsheets/d/1IBQaQOTRtJJdDdMNtzGAMpwOlN-2LoA6OS8FAT-JyMg/edit?usp=drivesdk"
"Trackers","Lucy Loone Tracker","Official Archive for Lucy Loone Tracker Dated 14th August 2026.","Archive Copy","Yes","https://docs.google.com/spreadsheets/d/1RWuf1XTbIoqKYNpYx9JrfneYZIntjHUOOa2maNBrk5E/edit?usp=drivesdk"
"Trackers","Lupe Fiasco Tracker","Official Archive for Lupe Fiasco Tracker Dated 14th August 2026.","Archive Copy","Yes","https://docs.google.com/spreadsheets/d/1qS4XzQ4p0ovzjdRx3sObS_g9OmJGa9L9cHAl6FspyAE/edit?usp=drivesdk"
"Trackers","Lyn Lapid Tracker","Official Archive for Lyn Lapid Tracker Dated 14th August 2026.","Archive Copy","Yes","https://docs.google.com/spreadsheets/d/1qeIYTf9IETjsLAlPl7nvo-K9MkGgUOQlDyrKrZ4cJCA/edit?usp=drivesdk"
"Trackers","Mabel Tracker","Official Archive for Mabel Tracker Dated 14th August 2026.","Archive Copy","Yes","https://docs.google.com/spreadsheets/d/1jL1QdGXuiQQfI-5mlTeuN_ZkjBX_OnCetr4fR82WKW8/edit?usp=drivesdk"
"Trackers","Mabel [Alt] Tracker","Official Archive for Mabel [Alt] Tracker Dated 14th August 2026.","Archive Copy","Yes","https://docs.google.com/spreadsheets/d/1NlfmrwgUT7IfXaSoAPTRoRI9RuU68RZYhak9blcg51E/edit?usp=drivesdk"
"Trackers","Mac Miller Tracker","Official Archive for Mac Miller Tracker Dated 14th August 2026.","Archive Copy","Yes","https://docs.google.com/spreadsheets/d/1GX5i1tlk3TpHMAsGYmzCyOs9MjCK0GVQtayyN27VoXs/edit?usp=drivesdk"
"Trackers","Mac Miller [Alt] Tracker","Official Archive for Mac Miller [Alt] Tracker Dated 14th August 2026.","Archive Copy","Yes","https://docs.google.com/spreadsheets/d/1qOZ5ptsT4lLOT7nS6mw9FsWbVgtAgxnIewVJ92zoBK8/edit?usp=drivesdk"
"Trackers","Madeon Tracker","Official Archive for Madeon Tracker Dated 14th August 2026.","Archive Copy","Yes","https://docs.google.com/spreadsheets/d/1An1cacNeOZGJz_ZSGkdyG2b1_pUiUFP5z872niRGI9Q/edit?usp=drivesdk"
"Trackers","Madison Beer Tracker","Official Archive for Madison Beer Tracker Dated 14th August 2026.","Archive Copy","Yes","https://docs.google.com/spreadsheets/d/155j64TLv8tElL1dFsHse2Vq3VAaBj0n5vZuKjgyU3M8/edit?usp=drivesdk"
"Trackers","Magdalena Bay Tracker","Official Archive for Magdalena Bay Tracker Dated 14th August 2026.","Archive Copy","Yes","https://docs.google.com/spreadsheets/d/1VdfMV7zeP0aqsodek9_3G0xGJDJw0jhkpDSlsUg-_G8/edit?usp=drivesdk"
"Trackers","Mag.Lo Tracker","Official Archive for Mag.Lo Tracker Dated 14th August 2026.","Archive Copy","Yes","https://docs.google.com/spreadsheets/d/1LvsvQCTR-yFSIZVZ_dRhukMGTAzupm0iEBfE8qH7XDY/edit?usp=drivesdk"
"Trackers","Malcolm Todd Tracker","Official Archive for Malcolm Todd Tracker Dated 14th August 2026.","Archive Copy","Yes","https://docs.google.com/spreadsheets/d/1sKdbFcnGLVKaoq1FinA6ofUYqSZLlwVHyMNyPJFHttk/edit?usp=drivesdk"
"Trackers","Malcolm Todd [Alt] Tracker","Official Archive for Malcolm Todd [Alt] Tracker Dated 14th August 2026.","Archive Copy","Yes","https://docs.google.com/spreadsheets/d/15rbkTWQYKErhpUJHHJwO6FsCpad3WOW831cYnhtmJ98/edit?usp=drivesdk"
"Trackers","Malcolm Todd [Alt #2] Tracker","Official Archive for Malcolm Todd [Alt #2] Tracker Dated 14th August 2026.","Archive Copy","Yes","https://docs.google.com/spreadsheets/d/1pYZElQ_E5NMYhvd-I_IINXCJG09jxJHH9vzTxtK3yGo/edit?usp=drivesdk"
"Trackers","Mariah Carey Tracker","Official Archive for Mariah Carey Tracker Dated 14th August 2026.","Archive Copy","Yes","https://docs.google.com/spreadsheets/d/10_ZvRJ0hPVdZGi8RbGJBjeGD1aGCa4G8_43v_VLh_3I/edit?usp=drivesdk"
"Trackers","Mariah The Scientist Tracker","Official Archive for Mariah The Scientist Tracker Dated 14th August 2026.","Archive Copy","Yes","https://docs.google.com/spreadsheets/d/1fkC5tA4yE_RTt9FOSctCgqUw3meJkUZKzL_vLeDaK2o/edit?usp=drivesdk"
"Trackers","Marina Tracker","Official Archive for Marina Tracker Dated 14th August 2026.","Archive Copy","Yes","https://docs.google.com/spreadsheets/d/1TgV5NMpfH6Oih3xNhjhOvit-Pze7rs9bnrlRhTwiwHo/edit?usp=drivesdk"
"Trackers","Mario Judah Tracker","Official Archive for Mario Judah Tracker Dated 14th August 2026.","Archive Copy","Yes","https://docs.google.com/spreadsheets/d/1qDEQPICSFrEWeE4RLhCuTduRFZZv3uvXZY9iro1IHKI/edit?usp=drivesdk"
"Trackers","Maroon 5 Tracker","Official Archive for Maroon 5 Tracker Dated 14th August 2026.","Archive Copy","Yes","https://docs.google.com/spreadsheets/d/1__BrdJw_r6u3Y29jZldg6he_TaOerXFGpz7wJKBzdZc/edit?usp=drivesdk"
"Trackers","Mars Argo Tracker","Official Archive for Mars Argo Tracker Dated 14th August 2026.","Archive Copy","Yes","https://docs.google.com/spreadsheets/d/1Chm2gagj15WfyhCO9CdgPsRy8idazkHe2EYS9_mAJN8/edit?usp=drivesdk"
"Trackers","Martin Garrix Tracker","Official Archive for Martin Garrix Tracker Dated 14th August 2026.","Archive Copy","Yes","https://docs.google.com/spreadsheets/d/1o0Zbs9oWHc2-f0BLOkDkq2rnuTJdPx71L-fOMx9bUSo/edit?usp=drivesdk"
"Trackers","Marwan Moussa Tracker","Official Archive for Marwan Moussa Tracker Dated 14th August 2026.","Archive Copy","Yes","https://docs.google.com/spreadsheets/d/16d5tW6YOW32w6XVSIN_dorkWM4plt18QKdiSK-K_fvw/edit?usp=drivesdk"
"Trackers","Matt Proxy Tracker","Official Archive for Matt Proxy Tracker Dated 14th August 2026.","Archive Copy","Yes","https://docs.google.com/spreadsheets/d/108pvm9qbWlGX9mMIAzokjHkXaRI05oF_F1vwWeO_W6M/edit?usp=drivesdk"
"Trackers","MAVI Tracker","Official Archive for MAVI Tracker Dated 14th August 2026.","Archive Copy","Yes","https://docs.google.com/spreadsheets/d/1JK2XMI6y2AN_H43-DS3W7qDrb64Tnrcfuuj__Ri3xCM/edit?usp=drivesdk"
"Trackers","McKenna Grace Tracker","Official Archive for McKenna Grace Tracker Dated 14th August 2026.","Archive Copy","Yes","https://docs.google.com/spreadsheets/d/1yTyAR2Y6roMmXjc8d-A6azXekFpPtskXuMmiASWZGKM/edit?usp=drivesdk"
"Trackers","Melanie Martinez Tracker","Official Archive for Melanie Martinez Tracker Dated 14th August 2026.","Archive Copy","Yes","https://docs.google.com/spreadsheets/d/1YddMMDIsxl2ugvzg1r9xmQg3lCv2aimpsXZZ1yHf2GI/edit?usp=drivesdk"
"Trackers","Melanie Martinez [Alt] Tracker","Official Archive for Melanie Martinez [Alt] Tracker Dated 14th August 2026.","Archive Copy","Yes","https://docs.google.com/spreadsheets/d/1_ZxTjuDKIsSd08Hk9Y6H_r5RZfkBbD0Z92qHhmozAkM/edit?usp=drivesdk"
"Trackers","Metro Boomin Tracker","Official Archive for Metro Boomin Tracker Dated 14th August 2026.","Archive Copy","Yes","https://docs.google.com/spreadsheets/d/1TK8525QaoaAlqh3jqyqGH6UplaSMvL0c_NmxW2Iza28/edit?usp=drivesdk"
"Trackers","MF DOOM Tracker","Official Archive for MF DOOM Tracker Dated 14th August 2026.","Archive Copy","Yes","https://docs.google.com/spreadsheets/d/1rMMVkMtzMK38kL7qY9uQgLptr05Q7dBwY56nFoK8L8M/edit?usp=drivesdk"
"Trackers","MGK Tracker","Official Archive for MGK Tracker Dated 14th August 2026.","Archive Copy","Yes","https://docs.google.com/spreadsheets/d/1sBXbiTfmDZTqEGy1tlp8jESTfGymDHTh/edit?usp=drivesdk&ouid=107480630493662972695&rtpof=true&sd=true"
"Trackers","M.I.A Tracker","Official Archive for M.I.A Tracker Dated 14th August 2026.","Archive Copy","Yes","https://docs.google.com/spreadsheets/d/1ksfIkceOev_DmkGm5B2jGvDYPYh6Wqebf6wSEFYP-fk/edit?usp=drivesdk"
"Trackers","Michael Jackson Tracker","Official Archive for Michael Jackson Tracker Dated 14th August 2026.","Archive Copy","Yes","https://docs.google.com/spreadsheets/d/1gujMMxXLY2KPsi4kE2pMqP4UOaosvUN_vrW4jP_qzkA/edit?usp=drivesdk"
"Trackers","Migos Tracker","Official Archive for Migos Tracker Dated 14th August 2026.","Archive Copy","Yes","https://docs.google.com/spreadsheets/d/1CGDY0MVL3TCHabzOw52HAJTbRrBtfrSTOQrBr0RGYkU/edit?usp=drivesdk"
"Trackers","MIKE Tracker","Official Archive for MIKE Tracker Dated 14th August 2026.","Archive Copy","Yes","https://docs.google.com/spreadsheets/d/199Nk6DLlZoLd_YJoSlob5g8P0Yg_xUTubG38VZTmK_k/edit?usp=drivesdk"
"Trackers","Mike Shinoda Tracker","Official Archive for Mike Shinoda Tracker Dated 14th August 2026.","Archive Copy","Yes","https://docs.google.com/spreadsheets/d/1GdIGIcgNdJjrIfVdZE-qzf6S6IZ3cXBi_F0P76-2CS8/edit?usp=drivesdk"
"Trackers","Miley Cyrus Tracker","Official Archive for Miley Cyrus Tracker Dated 14th August 2026.","Archive Copy","Yes","https://docs.google.com/spreadsheets/d/1iq1TtlVHwybvEGNLTTF8eq-N5F9AqpEH/edit?usp=drivesdk&ouid=107480630493662972695&rtpof=true&sd=true"
"Trackers","Miley Cyrus [Alt] Tracker","Official Archive for Miley Cyrus [Alt] Tracker Dated 14th August 2026.","Archive Copy","Yes","https://docs.google.com/spreadsheets/d/1ozyZFOya8fUe8SePKG4P58fk2bWZCwrTtMFyTDzFs2M/edit?usp=drivesdk"
"Trackers","Mitski Tracker","Official Archive for Mitski Tracker Dated 14th August 2026.","Archive Copy","Yes","https://docs.google.com/spreadsheets/d/1WYI2lMOKQqZelp_DdvUw-KJ7weDKmdeyrJnA9sPg9Zg/edit?usp=drivesdk"
"Trackers","mk.gee Tracker","Official Archive for mk.gee Tracker Dated 14th August 2026.","Archive Copy","Yes","https://docs.google.com/spreadsheets/d/1s9Ym0b4M8lxuHEwQ2y3Asl9YxhBuQCFu6X_CJGhL9As/edit?usp=drivesdk"
"Trackers","Molly Santana Tracker","Official Archive for Molly Santana Tracker Dated 14th August 2026.","Archive Copy","Yes","https://docs.google.com/spreadsheets/d/1KCjHYBL-jsjk-boiM5Ce_OhTUCtfqNBbexOLT9dFqpQ/edit?usp=drivesdk"
"Trackers","Mos Def/Yasiin Bey Tracker","Official Archive for Mos Def/Yasiin Bey Tracker Dated 14th August 2026.","Archive Copy","Yes","https://docs.google.com/spreadsheets/d/1eXDVMWH2t2afzVMu9fPuq1yVlpgKVyaRBnBBZOMYCoc/edit?usp=drivesdk"
"Trackers","Ms. Lauryn Hill Tracker","Official Archive for Ms. Lauryn Hill Tracker Dated 14th August 2026.","Archive Copy","Yes","https://docs.google.com/spreadsheets/d/1KyhDZUSZzxvMEY429K2UW18xpQXzSvZu8O2Tg17iuA0/edit?usp=drivesdk"
"Trackers","My Chemical Romance Tracker","Official Archive for My Chemical Romance Tracker Dated 14th August 2026.","Archive Copy","Yes","https://docs.google.com/spreadsheets/d/1D1UZ9voeaOw9NXtZTfeVyxPjwGUzDqwrd6cy6SaNZ6k/edit?usp=drivesdk"
"Trackers","Nadia Oh Tracker","Official Archive for Nadia Oh Tracker Dated 14th August 2026.","Archive Copy","Yes","https://docs.google.com/spreadsheets/d/1Jh-QpV8cHBSzwEDa6CBAq6ixvY6pIgpVX0zgSf4USaI/edit?usp=drivesdk"
"Trackers","Nadia Oh [Alt] Tracker","Official Archive for Nadia Oh [Alt] Tracker Dated 14th August 2026.","Archive Copy","Yes","https://docs.google.com/spreadsheets/d/1S8aMkA3wk-8wllo6YGqhw7829oJitav6auYjT-LgjMM/edit?usp=drivesdk"
"Trackers","Nas Tracker","Official Archive for Nas Tracker Dated 14th August 2026.","Archive Copy","Yes","https://docs.google.com/spreadsheets/d/1qg4vGDEW-9Kh5vSRRgLtTnZ2-1Rp0FggQqyXgeD4CfM/edit?usp=drivesdk"
"Trackers","NAV Tracker","Official Archive for NAV Tracker Dated 14th August 2026.","Archive Copy","Yes","https://docs.google.com/spreadsheets/d/1x_7RYyGDmfg1ig_HPJQWwTSvylbrZmH9hFO5gig45ps/edit?usp=drivesdk"
"Trackers","NAV [Alt] Tracker","Official Archive for NAV [Alt] Tracker Dated 14th August 2026.","Archive Copy","Yes","https://docs.google.com/spreadsheets/d/1LMFAW3IyxiBE8n78CkFspoEf2iWhswGJs8UJJdHpcNY/edit?usp=drivesdk"
"Trackers","N.E.R.D Tracker","Official Archive for N.E.R.D Tracker Dated 14th August 2026.","Archive Copy","Yes","https://docs.google.com/spreadsheets/d/13ksfZ7PyL--Qv-eDYR67QBF23Sgyzx8zfA9KYkqA8bQ/edit?usp=drivesdk"
"Trackers","Nessa Barrett Tracker","Official Archive for Nessa Barrett Tracker Dated 14th August 2026.","Archive Copy","Yes","https://docs.google.com/spreadsheets/d/1iViH6dX9WVhOIQ0xpMz4jybrYJjXM4vk-ZGY-BLKLQM/edit?usp=drivesdk"
"Trackers","Nettspend Tracker","Official Archive for Nettspend Tracker Dated 14th August 2026.","Archive Copy","Yes","https://docs.google.com/spreadsheets/d/14gohpzoIMfYHQa-7iWF95ZVuc1ha4ciWpbX7DRI1pek/edit?usp=drivesdk"
"Trackers","NF Tracker","Official Archive for NF Tracker Dated 14th August 2026.","Archive Copy","Yes","https://docs.google.com/spreadsheets/d/1DINR81ISf6irPIDtFAhIXx15a5Xd65JIjnHksJyXSFQ/edit?usp=drivesdk"
"Trackers","Nickatnite Tracker","Official Archive for Nickatnite Tracker Dated 14th August 2026.","Archive Copy","Yes","https://docs.google.com/spreadsheets/d/1ZBVX9f0d_XQbsrJnqw02fejVLlzDHnUfwiUCI_sS9rU/edit?usp=drivesdk"
"Trackers","Nicki Minaj Tracker","Official Archive for Nicki Minaj Tracker Dated 14th August 2026.","Archive Copy","Yes","https://docs.google.com/spreadsheets/d/1IqXnLlKxGhaV41D7mnWJCyiP7oEm5WVOXm6IPPAYjjM/edit?usp=drivesdk"
"Trackers","Nicole Dollangager Tracker","Official Archive for Nicole Dollangager Tracker Dated 14th August 2026.","Archive Copy","Yes","https://docs.google.com/spreadsheets/d/1NbbtB2x9tL_XDd_QdquMVUbeqV_vioIAzJWOkLoPD84/edit?usp=drivesdk"
"Trackers","NIKI Tracker","Official Archive for NIKI Tracker Dated 14th August 2026.","Archive Copy","Yes","https://docs.google.com/spreadsheets/d/1QUVzFG1Go-XUmTQdk2Pj_ZGrxg1w1-SnXQ6OSbzQMwk/edit?usp=drivesdk"
"Trackers","Nine Inch Nails Tracker","Official Archive for Nine Inch Nails Tracker Dated 14th August 2026.","Archive Copy","Yes","https://docs.google.com/spreadsheets/d/1IIvjzZzjcUICrf1kK3JgzHMvOCwd-hEUJQUOhu-3QQk/edit?usp=drivesdk"
"Trackers","Normani Tracker","Official Archive for Normani Tracker Dated 14th August 2026.","Archive Copy","Yes","https://docs.google.com/spreadsheets/d/1FtwZXEySfpWENx4jgm3w2QcxYAzOs0Lim9SAa0R40Gw/edit?usp=drivesdk"
"Trackers","Ohsxanta Tracker","Official Archive for Ohsxanta Tracker Dated 14th August 2026.","Archive Copy","Yes","https://docs.google.com/spreadsheets/d/1mDarZfBqv1zSYMuQyRxfObtIu0dj5-uPe0qrP45BWjk/edit?usp=drivesdk"
"Trackers","Okaymar Tracker","Official Archive for Okaymar Tracker Dated 14th August 2026.","Archive Copy","Yes","https://docs.google.com/spreadsheets/d/1dNXVwtfkNG_QGVKeTOfXPxe77fIEIZDtEhyGSQG-RaQ/edit?usp=drivesdk"
"Trackers","Oklou Tracker","Official Archive for Oklou Tracker Dated 14th August 2026.","Archive Copy","Yes","https://docs.google.com/spreadsheets/d/1CIVWcFgUGHBN3MaamAhyu5rq5cxR82MJ_OgSpJytVyI/edit?usp=drivesdk"
"Trackers","Oliver Tree Tracker","Official Archive for Oliver Tree Tracker Dated 14th August 2026.","Archive Copy","Yes","https://docs.google.com/spreadsheets/d/1yGt5G7DyI8zwUBPiz_QcH3OoRpHV9m8ATd5yA4hdJTQ/edit?usp=drivesdk"
"Trackers","Olivia Rodrigo [Alt] Tracker","Official Archive for Olivia Rodrigo [Alt] Tracker Dated 14th August 2026.","Archive Copy","Yes","https://docs.google.com/spreadsheets/d/1p1vlFKPyTZVOBYtqguqeChYnAVVmdQX0MyTzfBY18fk/edit?usp=drivesdk"
"Trackers","Olivia Rodrigo [Alt #2] Tracker","Official Archive for Olivia Rodrigo [Alt #2] Tracker Dated 14th August 2026.","Archive Copy","Yes","https://docs.google.com/spreadsheets/d/1F5bt9Q0TWJP7jND7G-XMdKLuuH-eNFD_jtMaS-CzQwI/edit?usp=drivesdk"
"Trackers","Olivia Rodrigo [Alt #3] Tracker","Official Archive for Olivia Rodrigo [Alt #3] Tracker Dated 14th August 2026.","Archive Copy","Yes","https://docs.google.com/spreadsheets/d/1rmaWDd6uRo55iE0L6rmkOZJff9mhu-0dukLOstrVUmE/edit?usp=drivesdk"
"Trackers","Olēka Tracker","Official Archive for Olēka Tracker Dated 14th August 2026.","Archive Copy","Yes","https://docs.google.com/spreadsheets/d/1_RtWwjuTcJOLvsXTynqnqIyhqxCZts3IwAJfhcxQqZ8/edit?usp=drivesdk"
"Trackers","One Direction Tracker","Official Archive for One Direction Tracker Dated 14th August 2026.","Archive Copy","Yes","https://docs.google.com/spreadsheets/d/17_smYDI6bxfnsCL43WpyG75CwTUt1fVwN7r8hhjgkCM/edit?usp=drivesdk"
"Trackers","OsamaSon [Alt #2] Tracker","Official Archive for OsamaSon [Alt #2] Tracker Dated 14th August 2026.","Archive Copy","Yes","https://docs.google.com/spreadsheets/d/1ReZY9g-K5Q3ktKMdsNV6_5vLZgBCh9I9mBPxVWEIuZI/edit?usp=drivesdk"
"Trackers","Panchiko Tracker","Official Archive for Panchiko Tracker Dated 14th August 2026.","Archive Copy","Yes","https://docs.google.com/spreadsheets/d/1yrKvnnT-L3nFiyNvt9_PzeZruC9ZChGFncuMfFdK3E4/edit?usp=drivesdk"
"Trackers","PARTYNEXTDOOR [Alt] Tracker","Official Archive for PARTYNEXTDOOR [Alt] Tracker Dated 14th August 2026.","Archive Copy","Yes","https://docs.google.com/spreadsheets/d/1AEMU2SkD2DKh_Aj-kZxzo7_3Zg0ctH5TNV5vvemqnPs/edit?usp=drivesdk"
"Trackers","Pet Shop Boys Tracker","Official Archive for Pet Shop Boys Tracker Dated 14th August 2026.","Archive Copy","Yes","https://docs.google.com/spreadsheets/d/1Kku4Y8AKbTsme3P9z-mSQtbNrz8v8ATzfV7n8I2Tfxk/edit?usp=drivesdk"
"Trackers","Phl Noturnboy Tracker","Official Archive for Phl Noturnboy Tracker Dated 14th August 2026.","Archive Copy","Yes","https://docs.google.com/spreadsheets/d/130QrNcfqbzszhmtyKI3m4ktQfGNjKvbzMAs0BjNqIHw/edit?usp=drivesdk"
"Trackers","Phoebe Bridgers Tracker","Official Archive for Phoebe Bridgers Tracker Dated 14th August 2026.","Archive Copy","Yes","https://docs.google.com/spreadsheets/d/1gOau26SO5G7achiV4kLnTKT_xfKOCxEIMhoxxT4oZO4/edit?usp=drivesdk"
"Trackers","Pink Floyd Tracker","Official Archive for Pink Floyd Tracker Dated 14th August 2026.","Archive Copy","Yes","https://docs.google.com/spreadsheets/d/1cDFFM9tXeijg9ryen7paoVeVebSKcnD7J5i2nNgqGRk/edit?usp=drivesdk"
"Trackers","Pink Guy Tracker","Official Archive for Pink Guy Tracker Dated 14th August 2026.","Archive Copy","Yes","https://docs.google.com/spreadsheets/d/121GmG-M_4CbpyPTkVS9doz2_nioZVE7DpEh85IwTsW0/edit?usp=drivesdk"
"Trackers","PinkPantheress Tracker","Official Archive for PinkPantheress Tracker Dated 14th August 2026.","Archive Copy","Yes","https://docs.google.com/spreadsheets/d/1OLiuhlGrQU11gycQKGKfZo8SbEV4lmdzCrP0V4T3T50/edit?usp=drivesdk"
"Trackers","PinkPantheress [Alt] Tracker","Official Archive for PinkPantheress [Alt] Tracker Dated 14th August 2026.","Archive Copy","Yes","https://docs.google.com/spreadsheets/d/1ZKFyVBwy-CExocoyAOWhCEf50rrLKx4yYUtqZrWWi6A/edit?usp=drivesdk"
"Trackers","Playboi Carti Fit Pics Tracker","Official Archive for Playboi Carti Fit Pics Tracker Dated 14th August 2026.","Archive Copy","Yes","https://docs.google.com/spreadsheets/d/1orKhr-MmAyPCJkddS45ICJ3lAl-451X8hJPqZuYeTOY/edit?usp=drivesdk"
"Trackers","Plutonic Venus Tracker","Official Archive for Plutonic Venus Tracker Dated 14th August 2026.","Archive Copy","Yes","https://docs.google.com/spreadsheets/d/1fxGHLUIL4Bs4o9RDAqe4xqvXuxFgrV3y5NuTl6GDk98/edit?usp=drivesdk"
"Trackers","Poppy Tracker","Official Archive for Poppy Tracker Dated 14th August 2026.","Archive Copy","Yes","https://docs.google.com/spreadsheets/d/17YrPxsgGB6dCXR0AM7bg7cAgttV6dn1y4OF2FALMfKM/edit?usp=drivesdk"
"Trackers","Poppy [Alt] Tracker","Official Archive for Poppy [Alt] Tracker Dated 14th August 2026.","Archive Copy","Yes","https://docs.google.com/spreadsheets/d/1JyGjfnTqceoUEF4UHBYn2Xt0gs0bfRE3UCnvBxoY66k/edit?usp=drivesdk"
"Trackers","Pop Smoke Tracker","Official Archive for Pop Smoke Tracker Dated 14th August 2026.","Archive Copy","Yes","https://docs.google.com/spreadsheets/d/1RltDwi1UMAIsocHyeYvQJdJcCEGOzCpdCn4Ww2T-jS8/edit?usp=drivesdk"
"Trackers","Porter Robinson Tracker","Official Archive for Porter Robinson Tracker Dated 14th August 2026.","Archive Copy","Yes","https://docs.google.com/spreadsheets/d/1OUP0S-baHnJCPRwxE2OLhZionDSQYyrMKB05qLCf98U/edit?usp=drivesdk"
"Trackers","Post Malone Tracker","Official Archive for Post Malone Tracker Dated 14th August 2026.","Archive Copy","Yes","https://docs.google.com/spreadsheets/d/1Ry5pF2vNBGEB0pMLQ_jvuSM6-U6VY0XsY2GZH_pr8uE/edit?usp=drivesdk"
"Trackers","Pozer Tracker","Official Archive for Pozer Tracker Dated 14th August 2026.","Archive Copy","Yes","https://docs.google.com/spreadsheets/d/1266kN80dp9oFPXdTrV3pj2CaidLzFBSlYbn8V2oc1aI/edit?usp=drivesdk"
"Trackers","Prettifun Tracker","Official Archive for Prettifun Tracker Dated 14th August 2026.","Archive Copy","Yes","https://docs.google.com/spreadsheets/d/19tG9NiDDPX09E68rlanqDldjrc_vTyqHpsZOfc1wnOI/edit?usp=drivesdk"
"Trackers","Primus Tracker","Official Archive for Primus Tracker Dated 14th August 2026.","Archive Copy","Yes","https://docs.google.com/spreadsheets/d/1i0y-Biq1_aYcVqPSxmYdvvZ0kC86lty02H1jgDuYnMo/edit?usp=drivesdk"
"Trackers","Proof Tracker","Official Archive for Proof Tracker Dated 14th August 2026.","Archive Copy","Yes","https://docs.google.com/spreadsheets/d/19lNB1nAUTPb-uSASlz48XG9-UMeANs2PCetvqdGe1J4/edit?usp=drivesdk"
"Trackers","Punk Racks Tracker","Official Archive for Punk Racks Tracker Dated 14th August 2026.","Archive Copy","Yes","https://docs.google.com/spreadsheets/d/1x6xnCFWMmGbhxFjmB1oc-_eXZi80ZfaKN-Knz4PspP4/edit?usp=drivesdk"
"Trackers","Pusha T Tracker","Official Archive for Pusha T Tracker Dated 14th August 2026.","Archive Copy","Yes","https://docs.google.com/spreadsheets/d/1-o7vXEwk4XWdPVW61ymGMGg3JwF03hyXTckeJ9PzO60/edit?usp=drivesdk"
"Trackers","Pusha T [Alt #2] Tracker","Official Archive for Pusha T [Alt #2] Tracker Dated 14th August 2026.","Archive Copy","Yes","https://docs.google.com/spreadsheets/d/1R-BZmn1b_v1XCixcMHi-eaG89MQQSdNKGIkutyaWb8g/edit?usp=drivesdk"
"Trackers","Quadeca Tracker","Official Archive for Quadeca Tracker Dated 14th August 2026.","Archive Copy","Yes","https://docs.google.com/spreadsheets/d/1o0mUpoUZ8ecHJ_hhxD6Oy3okBqTQRWJqrwZwCdb2Y-Y/edit?usp=drivesdk"
"Trackers","Quincy Tracker","Official Archive for Quincy Tracker Dated 14th August 2026.","Archive Copy","Yes","https://docs.google.com/spreadsheets/d/1Voh2EsE2AglzTWKVaOtDqznH4_mN-DDdtVQ6pzeZgnM/edit?usp=drivesdk"
"Trackers","Quinn Tracker","Official Archive for Quinn Tracker Dated 14th August 2026.","Archive Copy","Yes","https://docs.google.com/spreadsheets/d/12Aj1QgmGlzkeFtIqmE1TXsa3KIZNSFlSWkrvWQOntZg/edit?usp=drivesdk"
"Trackers","Radiohead Tracker","Official Archive for Radiohead Tracker Dated 14th August 2026.","Archive Copy","Yes","https://docs.google.com/spreadsheets/d/1b8XErGbEEIXFNlCV9ShnxkzF5ek_Z4tOVlVc1UE8D0s/edit?usp=drivesdk"
"Trackers","Rae Sremmurd (& Swae Lee, Slim Jxmmi) Tracker","Official Archive for Rae Sremmurd (& Swae Lee, Slim Jxmmi) Tracker Dated 14th August 2026.","Archive Copy","Yes","https://docs.google.com/spreadsheets/d/1myr1A_hhviUB2Ea4DOe_qIOmiZeA1dJFD1j3klrok44/edit?usp=drivesdk"
"Trackers","Rauw Alejandro Tracker","Official Archive for Rauw Alejandro Tracker Dated 14th August 2026.","Archive Copy","Yes","https://docs.google.com/spreadsheets/d/1R1D6vAqsYA_ZFPaPI6JOZF4qTrbcl3cHpUxM-J00Ngk/edit?usp=drivesdk"
"Trackers","RAYE Tracker","Official Archive for RAYE Tracker Dated 14th August 2026.","Archive Copy","Yes","https://docs.google.com/spreadsheets/d/13yyYQ89buO0snkzd-8FWK-A5FcKOhD-xwKUXT5QCqu8/edit?usp=drivesdk"
"Trackers","Regurgitator Tracker","Official Archive for Regurgitator Tracker Dated 14th August 2026.","Archive Copy","Yes","https://docs.google.com/spreadsheets/d/1pj17wj1-JGWngbJ-GaBLo6ebFiyNQ1Pg3qf-6s-U25g/edit?usp=drivesdk"
"Trackers","Reneé Rapp Tracker","Official Archive for Reneé Rapp Tracker Dated 14th August 2026.","Archive Copy","Yes","https://docs.google.com/spreadsheets/d/1IsGUYHOo3IysXLWcHpIpYfMoZAE8nivFx5St0l6ImqM/edit?usp=drivesdk"
"Trackers","Rex Orange County Tracker","Official Archive for Rex Orange County Tracker Dated 14th August 2026.","Archive Copy","Yes","https://docs.google.com/spreadsheets/d/1A1uHbBTC2Si9vHaFmFLsOYza7uKRApQkC_Te21v7LkM/edit?usp=drivesdk"
"Trackers","Rich Brian Tracker","Official Archive for Rich Brian Tracker Dated 14th August 2026.","Archive Copy","Yes","https://docs.google.com/spreadsheets/d/1QKZcXBCHCgtFgS73qOv4QOF-25cjGMHhAYkwsG2zrW4/edit?usp=drivesdk"
"Trackers","Rihanna Tracker","Official Archive for Rihanna Tracker Dated 14th August 2026.","Archive Copy","Yes","https://docs.google.com/spreadsheets/d/1XGSr-nq9t_eb15sOqUGZWLSqZ07vzU85oAgWAgtWTVc/edit?usp=drivesdk"
"Trackers","Rihanna [Alt] Tracker","Official Archive for Rihanna [Alt] Tracker Dated 14th August 2026.","Archive Copy","Yes","https://docs.google.com/spreadsheets/d/1v9EHsAmUx6zRqw0obtSH23eb9a6aD1x8Ed6v1BXxezk/edit?usp=drivesdk"
"Trackers","ROSALÍA Tracker","Official Archive for ROSALÍA Tracker Dated 14th August 2026.","Archive Copy","Yes","https://docs.google.com/spreadsheets/d/1eaMh_zEAdQT-tffAvlInOnxnKzrRv629XA7XGjliPtc/edit?usp=drivesdk"
"Trackers","Royce Da 5'9"" Tracker","Official Archive for Royce Da 5'9"" Tracker Dated 14th August 2026.","Archive Copy","Yes","https://docs.google.com/spreadsheets/d/1bVkBwWoaRxwSGAKeM2o04UR5wGpiXBvGTQnyMceDFKk/edit?usp=drivesdk"
"Trackers","Sabrina Carpenter [Alt] Tracker","Official Archive for Sabrina Carpenter [Alt] Tracker Dated 14th August 2026.","Archive Copy","Yes","https://docs.google.com/spreadsheets/d/1CsFSi5GRKDe7yCXkjfQNHSnbDd7q6Lriedo47GaiKCY/edit?usp=drivesdk"
"Trackers","Sabrina Carpenter [Alt #2] Tracker","Official Archive for Sabrina Carpenter [Alt #2] Tracker Dated 14th August 2026.","Archive Copy","Yes","https://docs.google.com/spreadsheets/d/1V-sjpThkmekqz7NPQK-GPoILbmy0F1TPo_wbdpxoO3w/edit?usp=drivesdk"
"Trackers","SahBabii Tracker","Official Archive for SahBabii Tracker Dated 14th August 2026.","Archive Copy","Yes","https://docs.google.com/spreadsheets/d/1Y0t3Lff14X9TKwGUwNrNjTN1r9NvZ6cZVDvlHFylyao/edit?usp=drivesdk"
"Trackers","SAINt JHN Tracker","Official Archive for SAINt JHN Tracker Dated 14th August 2026.","Archive Copy","Yes","https://docs.google.com/spreadsheets/d/1USk2t70Kyo6Br9Fd04QS7HRLhF80ky0sqJa9mrSMQGA/edit?usp=drivesdk"
"Trackers","ScalderM Tracker","Official Archive for ScalderM Tracker Dated 14th August 2026.","Archive Copy","Yes","https://docs.google.com/spreadsheets/d/1ItHfs725rHS8MQMjKn4zKlziB16whxjfVLJNQHIO5Hk/edit?usp=drivesdk"
"Trackers","Selena Gomez Tracker","Official Archive for Selena Gomez Tracker Dated 14th August 2026.","Archive Copy","Yes","https://docs.google.com/spreadsheets/d/1BUs3DOfVmbO0Ohmf8APnLHi2wH7nvL3g6W4glK9UOuU/edit?usp=drivesdk"
"Trackers","Selena Gomez [Alt] Tracker","Official Archive for Selena Gomez [Alt] Tracker Dated 14th August 2026.","Archive Copy","Yes","https://docs.google.com/spreadsheets/d/1nVRAfOoOwIQA8EAJxSpgf-cmu3QK3Gdi2jRgzybYzAE/edit?usp=drivesdk"
"Trackers","Shady Records Tracker","Official Archive for Shady Records Tracker Dated 14th August 2026.","Archive Copy","Yes","https://docs.google.com/spreadsheets/d/1Jh33I2rcYn78sBfvlXhQWbhxNeiSfryaplSVRou3dzI/edit?usp=drivesdk"
"Trackers","Shawn Mendes Tracker","Official Archive for Shawn Mendes Tracker Dated 14th August 2026.","Archive Copy","Yes","https://docs.google.com/spreadsheets/d/1GcGOsO_cUwmrwbourD85zXmQlcG5GSdw3L03aGkdNJQ/edit?usp=drivesdk"
"Trackers","Shawn Mendes [Alt] Tracker","Official Archive for Shawn Mendes [Alt] Tracker Dated 14th August 2026.","Archive Copy","Yes","https://docs.google.com/spreadsheets/d/13pIdB7Ds3TDVaQ3xBzG2uMQRuIPBCI8MKLbHcEVYjFo/edit?usp=drivesdk"
"Trackers","shebeel661k Tracker","Official Archive for shebeel661k Tracker Dated 14th August 2026.","Archive Copy","Yes","https://docs.google.com/spreadsheets/d/1dLNpFfy5rLXeeYU7FH93JeAE07SVNCABNmJ8hMc53o0/edit?usp=drivesdk"
"Trackers","Sheck Wes Tracker","Official Archive for Sheck Wes Tracker Dated 14th August 2026.","Archive Copy","Yes","https://docs.google.com/spreadsheets/d/1SqMfm7_Vk730M17abBw8G-Abh8yYCAhapxwVzdf5KK4/edit?usp=drivesdk"
"Trackers","Shed Theory Tracker","Official Archive for Shed Theory Tracker Dated 14th August 2026.","Archive Copy","Yes","https://docs.google.com/spreadsheets/d/1LAp3Ln972OW4kzly9yDMafQtwdS-cLKH1Fdz9bfFNyk/edit?usp=drivesdk"
"Trackers","Sheff G Tracker","Official Archive for Sheff G Tracker Dated 14th August 2026.","Archive Copy","Yes","https://docs.google.com/spreadsheets/d/1NZ1V8iId1WIHnuYLaH9B_qrxB61f_7XcALFs9pvOPs0/edit?usp=drivesdk"
"Trackers","shiey Tracker","Official Archive for shiey Tracker Dated 14th August 2026.","Archive Copy","Yes","https://docs.google.com/spreadsheets/d/1xWgALG0PslUWzCQ69OeI25bFEAiUgcT-otpo24Cu_Fo/edit?usp=drivesdk"
"Trackers","Shoreline Mafia Tracker","Official Archive for Shoreline Mafia Tracker Dated 14th August 2026.","Archive Copy","Yes","https://docs.google.com/spreadsheets/d/18zEJCCCcg6feuBsYwK06CxzQDfML3xmVCLzT74AA3s4/edit?usp=drivesdk"
"Trackers","Skaiwater Tracker","Official Archive for Skaiwater Tracker Dated 14th August 2026.","Archive Copy","Yes","https://docs.google.com/spreadsheets/d/1JvEQeN0FWsO8BN-sTT4YKyjxm4aF_t9JmC6TlnH5xBk/edit?usp=drivesdk"
"Trackers","Ski Mask the Slump God Tracker","Official Archive for Ski Mask the Slump God Tracker Dated 14th August 2026.","Archive Copy","Yes","https://docs.google.com/spreadsheets/d/1A_P8DtgJpoXyWWZ3oXwFuMD2J4pbzbkUwCszu3PulgA/edit?usp=drivesdk"
"Trackers","Ski Mask the Slump God [Alt #2] Tracker","Official Archive for Ski Mask the Slump God [Alt #2] Tracker Dated 14th August 2026.","Archive Copy","Yes","https://docs.google.com/spreadsheets/d/1yr2J5BOd0IJSwypB9lKPs81h7MOz0yAOft_adV1F-HM/edit?usp=drivesdk"
"Trackers","Sky Ferreira Tracker","Official Archive for Sky Ferreira Tracker Dated 14th August 2026.","Archive Copy","Yes","https://docs.google.com/spreadsheets/d/1Hly_2SSFFQHOHfsIS6NfsYj_K1FNJf3iCk2N0x4d-ng/edit?usp=drivesdk"
"Trackers","Slayyyter Tracker","Official Archive for Slayyyter Tracker Dated 14th August 2026.","Archive Copy","Yes","https://docs.google.com/spreadsheets/d/1o_gbb5IczoO01RIUF_GWtY-2GNtvguuWdqRZBYRDZc0/edit?usp=drivesdk"
"Trackers","Slayyyter [Alt] Tracker","Official Archive for Slayyyter [Alt] Tracker Dated 14th August 2026.","Archive Copy","Yes","https://docs.google.com/spreadsheets/d/1LDfuM4_zxsXecKgd2ETEpgl6BSM1wE1WeLCmWAy7hEg/edit?usp=drivesdk"
"Trackers","Slowdive Tracker","Official Archive for Slowdive Tracker Dated 14th August 2026.","Archive Copy","Yes","https://docs.google.com/spreadsheets/d/17M7a_HHhZhcKcycUFS8tSZVBemIySPqLWWuTfj2GzNE/edit?usp=drivesdk"
"Trackers","Smino Tracker","Official Archive for Smino Tracker Dated 14th August 2026.","Archive Copy","Yes","https://docs.google.com/spreadsheets/d/1MhSpTFK3AwQLETesIKN33gIjMiehmoHmKgLa7yNUa-Y/edit?usp=drivesdk"
"Trackers","Smokepurpp Tracker","Official Archive for Smokepurpp Tracker Dated 14th August 2026.","Archive Copy","Yes","https://docs.google.com/spreadsheets/d/1rLnwo9JsF398IzF2duP6Oc0zBcxczE2Fo2q_pirexkw/edit?usp=drivesdk"
"Trackers","SoGoneSoFlexy Tracker","Official Archive for SoGoneSoFlexy Tracker Dated 14th August 2026.","Archive Copy","Yes","https://docs.google.com/spreadsheets/d/168cUyJqpVqlM-QJID_x1vtEQhYSoXKOVQLeRZ1ChLKc/edit?usp=drivesdk"
"Trackers","Sonder Tracker","Official Archive for Sonder Tracker Dated 14th August 2026.","Archive Copy","Yes","https://docs.google.com/spreadsheets/d/1yOFfKY1sECDTC7mX6lyhElV8GYbYP5WkP4K5pcWHW4c/edit?usp=drivesdk"
"Trackers","Sonny Moore / Skrillex Tracker","Official Archive for Sonny Moore / Skrillex Tracker Dated 14th August 2026.","Archive Copy","Yes","https://docs.google.com/spreadsheets/d/1RG7dxdIyiT2KDKO7TNic1W1L20HGnw3WdELUCIA7f0w/edit?usp=drivesdk"
"Trackers","SOPHIE Tracker","Official Archive for SOPHIE Tracker Dated 14th August 2026.","Archive Copy","Yes","https://docs.google.com/spreadsheets/d/1sO2XcTFJP9pGTeJsIXpWF_NXOYRr_1Cnv1Amq5Lafco/edit?usp=drivesdk"
"Trackers","SOPHIE [Alt] Tracker","Official Archive for SOPHIE [Alt] Tracker Dated 14th August 2026.","Archive Copy","Yes","https://docs.google.com/spreadsheets/d/1OxpDwWV2V0CrS_sKJGkTAkYoC3VX8SSM6sJAvcC5Lg8/edit?usp=drivesdk"
"Trackers","SosMula Tracker","Official Archive for SosMula Tracker Dated 14th August 2026.","Archive Copy","Yes","https://docs.google.com/spreadsheets/d/15piACMq2d4lXh2VZmDSVnF3bHErAHWNRs_Oxiw7G7Zc/edit?usp=drivesdk"
"Trackers","SpaceGhostPurrp Tracker","Official Archive for SpaceGhostPurrp Tracker Dated 14th August 2026.","Archive Copy","Yes","https://docs.google.com/spreadsheets/d/1ZQvu_ds-vy_00KAEIBVW5-8JxUO1JTMDbMA6abu4zv8/edit?usp=drivesdk"
"Trackers","Steve Lacy Tracker","Official Archive for Steve Lacy Tracker Dated 14th August 2026.","Archive Copy","Yes","https://docs.google.com/spreadsheets/d/1s7x5mxMQJ4uA32mXD1fwBUzuz01mZZrqW6aYZQ0rSms/edit?usp=drivesdk"
"Trackers","Summer Walker Tracker","Official Archive for Summer Walker Tracker Dated 14th August 2026.","Archive Copy","Yes","https://docs.google.com/spreadsheets/d/1u5pzpzV3zzTdyvDlJF_zwjTQDXwRHgxCPzd9PhnRoCg/edit?usp=drivesdk"
"Trackers","Summrs Tracker","Official Archive for Summrs Tracker Dated 14th August 2026.","Archive Copy","Yes","https://docs.google.com/spreadsheets/d/1Y5yzq9urZY1q71dTqyWkk4mNSbMkOEElQSie-iZjB_c/edit?usp=drivesdk"
"Trackers","SZA Tracker","Official Archive for SZA Tracker Dated 14th August 2026.","Archive Copy","Yes","https://docs.google.com/spreadsheets/d/1D_y3WFKaTqn_mLuBc3aSBmCjloaD4nkc-bGQvVjbdiI/edit?usp=drivesdk"
"Trackers","Tame Impala Tracker","Official Archive for Tame Impala Tracker Dated 14th August 2026.","Archive Copy","Yes","https://docs.google.com/spreadsheets/d/1d3lpMkwaBcbqtPyhr_U04p_3_SZ-jfq1PIoXCjeluT4/edit?usp=drivesdk"
"Trackers","Tate McRae Tracker","Official Archive for Tate McRae Tracker Dated 14th August 2026.","Archive Copy","Yes","https://docs.google.com/spreadsheets/d/1I6SfByTxwGleEhd1-i8rJHYDM805m5QQB_cZyJtwXRc/edit?usp=drivesdk"
"Trackers","Tay-K Tracker","Official Archive for Tay-K Tracker Dated 14th August 2026.","Archive Copy","Yes","https://docs.google.com/spreadsheets/d/1_yKDP1IWMZi5Tqe8AXr6ztK-ysxnk8Jo3XV8QBdm9jM/edit?usp=drivesdk"
"Trackers","Taylor Swift [Alt] Tracker","Official Archive for Taylor Swift [Alt] Tracker Dated 14th August 2026.","Archive Copy","Yes","https://docs.google.com/spreadsheets/d/1sKerD2fTLrawwuSGbTpzvz00h_PBhJCLHJDOZjsKxcI/edit?usp=drivesdk"
"Trackers","Taylor Swift [Alt 2] Tracker","Official Archive for Taylor Swift [Alt 2] Tracker Dated 14th August 2026.","Archive Copy","Yes","https://docs.google.com/spreadsheets/d/15MB9cH_2SZ88RAAqoiNB8j73Mnwffx1diUMPEbSVrS4/edit?usp=drivesdk"
"Trackers","The Avalanches Tracker","Official Archive for The Avalanches Tracker Dated 14th August 2026.","Archive Copy","Yes","https://docs.google.com/spreadsheets/d/18vhUMu00Iyg4_j7FBiA9JtzlQCik2n0-EC5gb9KQE1E/edit?usp=drivesdk"
"Trackers","The Beatles Tracker","Official Archive for The Beatles Tracker Dated 14th August 2026.","Archive Copy","Yes","https://docs.google.com/spreadsheets/d/1uMYIDJqMyynaM7amqoKVtVlC5cgUGfw-xJSHLOqI6ew/edit?usp=drivesdk"
"Trackers","THE FAT FUCKS! Tracker","Official Archive for THE FAT FUCKS! Tracker Dated 14th August 2026.","Archive Copy","Yes","https://docs.google.com/spreadsheets/d/1aKRIXhid5YpjZteXaf8Krj_Wg79ajrG7Hdyjk-d6Mxw/edit?usp=drivesdk"
"Trackers","The Notorious B.I.G Tracker","Official Archive for The Notorious B.I.G Tracker Dated 14th August 2026.","Archive Copy","Yes","https://docs.google.com/spreadsheets/d/1XLQ_OYyUB3VM-ATUi68TcRNVPmxuc1C7lOZuQYgvCXg/edit?usp=drivesdk"
"Trackers","The Weeknd Tracker","Official Archive for The Weeknd Tracker Dated 14th August 2026.","Archive Copy","Yes","https://docs.google.com/spreadsheets/d/1mq1O4VYJOSjPFwLRPLug07OMf2gkfVrOKwOLemEJrsk/edit?usp=drivesdk"
"Trackers","The xx Tracker","Official Archive for The xx Tracker Dated 14th August 2026.","Archive Copy","Yes","https://docs.google.com/spreadsheets/d/1ZwKUUXukcSLqb8Fl3bKJhIjUD4FGFkoArFH90qWLta4/edit?usp=drivesdk"
"Trackers","Thundercat Tracker","Official Archive for Thundercat Tracker Dated 14th August 2026.","Archive Copy","Yes","https://docs.google.com/spreadsheets/d/1W5-PL1Ss9sJeLuv3MLl6nkUJSm_2FroJ9-4Pq1lGhzY/edit?usp=drivesdk"
"Trackers","Tinashe Tracker","Official Archive for Tinashe Tracker Dated 14th August 2026.","Archive Copy","Yes","https://docs.google.com/spreadsheets/d/1aYrXmDS5FTUrwvWwOzDcd_QCaXeKzseuB4_NnZUp9SU/edit?usp=drivesdk"
"Trackers","Tokio Hotel Tracker","Official Archive for Tokio Hotel Tracker Dated 14th August 2026.","Archive Copy","Yes","https://docs.google.com/spreadsheets/d/10I8JRz1ZKqzRahPV6LnKbm_C0OqmpBYZJCbO1kGj6wI/edit?usp=drivesdk"
"Trackers","Tom MacDonald Tracker","Official Archive for Tom MacDonald Tracker Dated 14th August 2026.","Archive Copy","Yes","https://docs.google.com/spreadsheets/d/1jRpPofTnSo3NXzhAt26nd8WcqLiZGvJ3yCUpVmfP4lc/edit?usp=drivesdk"
"Trackers","Top Dawg Entertainment Tracker","Official Archive for Top Dawg Entertainment Tracker Dated 14th August 2026.","Archive Copy","Yes","https://docs.google.com/spreadsheets/d/10sljNMz56zyeTML8DgXqSnbtQiZT6XbTbxuLoI_FDv0/edit?usp=drivesdk"
"Trackers","Tove Lo Tracker","Official Archive for Tove Lo Tracker Dated 14th August 2026.","Archive Copy","Yes","https://docs.google.com/spreadsheets/d/190pHJpOZabCZz74CBL1cmzikOnt5eeGBHHp8N9USDaM/edit?usp=drivesdk"
"Trackers","Tove Lo [Alt] Tracker","Official Archive for Tove Lo [Alt] Tracker Dated 14th August 2026.","Archive Copy","Yes","https://docs.google.com/spreadsheets/d/1KF92076KBPawXOLCPctrP2j476W5GIn476QhHSZxhB4/edit?usp=drivesdk"
"Trackers","Trey Songz Tracker","Official Archive for Trey Songz Tracker Dated 14th August 2026.","Archive Copy","Yes","https://docs.google.com/spreadsheets/d/1MKnYF8tedSEzzIBU7cPKdY7Ws2WPKPiE6xmKNsn_SAA/edit?usp=drivesdk"
"Trackers","tripleS Tracker","Official Archive for tripleS Tracker Dated 14th August 2026.","Archive Copy","Yes","https://docs.google.com/spreadsheets/d/1wp9bu45w3G1FtxueieNnQP4H5WKWhIFcloFRQhscWUQ/edit?usp=drivesdk"
"Trackers","Trippie Redd Tracker","Official Archive for Trippie Redd Tracker Dated 14th August 2026.","Archive Copy","Yes","https://docs.google.com/spreadsheets/d/1ahtzC_2vGdEko9OR8LDfyGXK9pvzRJe7JHDkH5t5FH4/edit?usp=drivesdk"
"Trackers","Trippie Redd [Alt] Tracker","Official Archive for Trippie Redd [Alt] Tracker Dated 14th August 2026.","Archive Copy","Yes","https://docs.google.com/spreadsheets/d/1-7lM1ZUblLNt2fgpiJgMryVJP5DbF7ttAK9DsftPGTs/edit?usp=drivesdk"
"Trackers","Trolleycat Tracker","Official Archive for Trolleycat Tracker Dated 14th August 2026.","Archive Copy","Yes","https://docs.google.com/spreadsheets/d/1H8-P3LFJ1jLm_JQF4W8nE1NKVCqzghJVnvrf32CUFB8/edit?usp=drivesdk"
"Trackers","Troye Sivan Tracker","Official Archive for Troye Sivan Tracker Dated 14th August 2026.","Archive Copy","Yes","https://docs.google.com/spreadsheets/d/1uBiixDCxc24ZdTAq5hr9zRCVGW0l0YIgxqRjTVy2PJc/edit?usp=drivesdk"
"Trackers","Troye Sivan [Alt] Tracker","Official Archive for Troye Sivan [Alt] Tracker Dated 14th August 2026.","Archive Copy","Yes","https://docs.google.com/spreadsheets/d/1xrVOhQHApUUbp_nTWx9S2RGgRSqJ-YrxUgBWY-hvu3g/edit?usp=drivesdk"
"Trackers","Twenty One Pilots Tracker","Official Archive for Twenty One Pilots Tracker Dated 14th August 2026.","Archive Copy","Yes","https://docs.google.com/spreadsheets/d/12aSsuA6OSbtgx7AkDKk6GJMVgwmjgGHD_ocBn8UTUYQ/edit?usp=drivesdk"
"Trackers","Twice Tracker","Official Archive for Twice Tracker Dated 14th August 2026.","Archive Copy","Yes","https://docs.google.com/spreadsheets/d/1QJR4Xm9PkWisaiPNx0LBIyhskq0IF9bs_ldy2WeKTvM/edit?usp=drivesdk"
"Trackers","TYNI Tracker","Official Archive for TYNI Tracker Dated 14th August 2026.","Archive Copy","Yes","https://docs.google.com/spreadsheets/d/13Fe9isyVFq36j4VftNK9wF7Tvkjp-WRATV18Gqe8g58/edit?usp=drivesdk"
"Trackers","$uicideBoy$ Tracker","Official Archive for $uicideBoy$ Tracker Dated 14th August 2026.","Archive Copy","Yes","https://docs.google.com/spreadsheets/d/12DHaIfTcicCtKm9hQiFNXdO48beO4V6NfLk_P3VFG9s/edit?usp=drivesdk"
"Trackers","underscores Tracker","Official Archive for underscores Tracker Dated 14th August 2026.","Archive Copy","Yes","https://docs.google.com/spreadsheets/d/1xZj1gKQTngwT4___xxRVoRueILnUywwzipLa5OMPdRE/edit?usp=drivesdk"
"Trackers","untiljapan Tracker","Official Archive for untiljapan Tracker Dated 14th August 2026.","Archive Copy","Yes","https://docs.google.com/spreadsheets/d/1nlkxaxVE_wYin1UQbhCAlr3Rugq6639zWUviXeyNFHQ/edit?usp=drivesdk"
"Trackers","untitled Tracker","Official Archive for untitled Tracker Dated 14th August 2026.","Archive Copy","Yes","https://docs.google.com/spreadsheets/d/1_SsyJ1lmrgTeYOzbyFtuf57M3MoLtcECoDMKNP0aJ0U/edit?usp=drivesdk"
"Trackers","UPSAHL Tracker","Official Archive for UPSAHL Tracker Dated 14th August 2026.","Archive Copy","Yes","https://docs.google.com/spreadsheets/d/1xqLpwSVnoPN7oR5UW_2Y7EH0wcKeNp91qQhxcCxKEDg/edit?usp=drivesdk"
"Trackers","UPSAHL [Alt] Tracker","Official Archive for UPSAHL [Alt] Tracker Dated 14th August 2026.","Archive Copy","Yes","https://docs.google.com/spreadsheets/d/1r3hO7znrbcLrwdc35NjDzO9ths9Ux4RYWoWAgMaPDL8/edit?usp=drivesdk"
"Trackers","Usher Tracker","Official Archive for Usher Tracker Dated 14th August 2026.","Archive Copy","Yes","https://docs.google.com/spreadsheets/d/1odhpYnJCMu3Mx3aVzPXNftA1NSCw_OKoHK6-ee6anwg/edit?usp=drivesdk"
"Trackers","Vince Staples Tracker","Official Archive for Vince Staples Tracker Dated 14th August 2026.","Archive Copy","Yes","https://docs.google.com/spreadsheets/d/1l9cZedM21orl1hOZ1lmOC5WUaHVrKwxIu6jInFGFgOI/edit?usp=drivesdk"
"Trackers","Ween Tracker","Official Archive for Ween Tracker Dated 14th August 2026.","Archive Copy","Yes","https://docs.google.com/spreadsheets/d/1dz9a9WaIkfVHV-Yt06KQxT7qTuXvYCLRel-D2gSSFBs/edit?usp=drivesdk"
"Trackers","Weiland Tracker","Official Archive for Weiland Tracker Dated 14th August 2026.","Archive Copy","Yes","https://docs.google.com/spreadsheets/d/1g9EXhI5FH7TzT9GEmEauaRqH0zc4x11Eamb1sslKm4U/edit?usp=drivesdk"
"Trackers","Westside Gunn Tracker","Official Archive for Westside Gunn Tracker Dated 14th August 2026.","Archive Copy","Yes","https://docs.google.com/spreadsheets/d/1yITmc5-E-xgHnqXMpo_9EyX1qHjrIjUK72_ZMrELP3I/edit?usp=drivesdk"
"Trackers","WIFISKELETON Tracker","Official Archive for WIFISKELETON Tracker Dated 14th August 2026.","Archive Copy","Yes","https://docs.google.com/spreadsheets/d/1WSeA6tG08wAPc7AweFZzKnYRYNkOYExOgJSnZPJZ-Sg/edit?usp=drivesdk"
"Trackers","Windows96 Tracker","Official Archive for Windows96 Tracker Dated 14th August 2026.","Archive Copy","Yes","https://docs.google.com/spreadsheets/d/1qEYs-BGwRoaAky29bFwg3ikRtL3iVuAk2eNuqLrVAV0/edit?usp=drivesdk"
"Trackers","Wu-Tang Clan Tracker","Official Archive for Wu-Tang Clan Tracker Dated 14th August 2026.","Archive Copy","Yes","https://docs.google.com/spreadsheets/d/1YxNGfgVHhP8jr2iteoYJEDmEAdRYwpJejYf2T3As93g/edit?usp=drivesdk"
"Trackers","Wu Tang Clan [Alt] Tracker","Official Archive for Wu Tang Clan [Alt] Tracker Dated 14th August 2026.","Archive Copy","Yes","https://docs.google.com/spreadsheets/d/1UXjIMtVewoJWEzBFqn5YzRxnrnGW-ET5M6BC7LY3HPY/edit?usp=drivesdk"
"Trackers","Wu-Tang Clan [Alt #2] Tracker","Official Archive for Wu-Tang Clan [Alt #2] Tracker Dated 14th August 2026.","Archive Copy","Yes","https://docs.google.com/spreadsheets/d/1yvdBLqKjvQUKRvy5ABuBXNGp32kge3JK14oInmrLwJA/edit?usp=drivesdk"
"Trackers","xaviersobased Tracker","Official Archive for xaviersobased Tracker Dated 14th August 2026.","Archive Copy","Yes","https://docs.google.com/spreadsheets/d/18_IFLo-kpuYeDO0szM4T9kuTRECokjupK064L-NIhhI/edit?usp=drivesdk"
"Trackers","Xzibit Tracker","Official Archive for Xzibit Tracker Dated 14th August 2026.","Archive Copy","Yes","https://docs.google.com/spreadsheets/d/1lOMIF1WntceP-tPypyaAnPeGCF47O9iOenScuCrN1n4/edit?usp=drivesdk"
"Trackers","YABUJIN Tracker","Official Archive for YABUJIN Tracker Dated 14th August 2026.","Archive Copy","Yes","https://docs.google.com/spreadsheets/d/1QwLYAWtjb-M-VvBQBi-I177yNpLeuXv83qECJaUt67I/edit?usp=drivesdk"
"Trackers","YABUJIN [Alt] Tracker","Official Archive for YABUJIN [Alt] Tracker Dated 14th August 2026.","Archive Copy","Yes","https://docs.google.com/spreadsheets/d/1fxYtYEKOZ3AtbJSD7xVpygF7BjimqfcpLBNXqTHLMbw/edit?usp=drivesdk"
"Trackers","Yeat Tracker","Official Archive for Yeat Tracker Dated 14th August 2026.","Archive Copy","Yes","https://docs.google.com/spreadsheets/d/1F8cdv9CpOTnqsmipFH7ncTW3vuNC9o5pzmxeH8BaIG4/edit?usp=drivesdk"
"Trackers","YNW Melly Tracker","Official Archive for YNW Melly Tracker Dated 14th August 2026.","Archive Copy","Yes","https://docs.google.com/spreadsheets/d/1Q3cs1dfDzFqpzB-iOzoD-iEao7bs_uQo9j00ZXJEHXc/edit?usp=drivesdk"
"Trackers","Young Buck Tracker","Official Archive for Young Buck Tracker Dated 14th August 2026.","Archive Copy","Yes","https://docs.google.com/spreadsheets/d/19ZgGAyQr65VY5-ZDpAyL7YtMHUF1KGeOE9iVuarAW0E/edit?usp=drivesdk"
"Trackers","Young Nudy Tracker","Official Archive for Young Nudy Tracker Dated 14th August 2026.","Archive Copy","Yes","https://docs.google.com/spreadsheets/d/1RwV7R37qCIAlxXuBof23YVI8yYl26AOToXq1c2F52kg/edit?usp=drivesdk"
"Trackers","Young Thug Tracker","Official Archive for Young Thug Tracker Dated 14th August 2026.","Archive Copy","Yes","https://docs.google.com/spreadsheets/d/1FCGr2llvJK-UWwc6TjKFdi_uz7LGWedCM1rcWlMAlPM/edit?usp=drivesdk"
"Trackers","Young Thug [Alt] Tracker","Official Archive for Young Thug [Alt] Tracker Dated 14th August 2026.","Archive Copy","Yes","https://docs.google.com/spreadsheets/d/1-Nk49UYamdwxgrcNIfeE3D4j4e1M3i7ypwQH1Eib63g/edit?usp=drivesdk"
"Trackers","Yung Lean Tracker","Official Archive for Yung Lean Tracker Dated 14th August 2026.","Archive Copy","Yes","https://docs.google.com/spreadsheets/d/1gEJRL1mSCfbOx_e7Pbn2dZX7Uz0iZilNXRd46VKmQO0/edit?usp=drivesdk"
"Trackers","Yuno Miles Tracker","Official Archive for Yuno Miles Tracker Dated 14th August 2026.","Archive Copy","Yes","https://docs.google.com/spreadsheets/d/1Rn9RA4KvfugM2hFX_7I7PdB1cn-6oGQRoItsz2IPP4Y/edit?usp=drivesdk"
"Trackers","Yuzo Tracker","Official Archive for Yuzo Tracker Dated 14th August 2026.","Archive Copy","Yes","https://docs.google.com/spreadsheets/d/1wXEoXS-m-Le73lMk5Qxv9sUfOUQK2mWCYiYJSbLpT7o/edit?usp=drivesdk"
"Trackers","YVES Tracker","Official Archive for YVES Tracker Dated 14th August 2026.","Archive Copy","Yes","https://docs.google.com/spreadsheets/d/1L8ejEFDJr-mKEA25baKQMJ2PRpMA-P7MbTWWh5wiQXw/edit?usp=drivesdk"
"Trackers","Zara Larsson Tracker","Official Archive for Zara Larsson Tracker Dated 14th August 2026.","Archive Copy","Yes","https://docs.google.com/spreadsheets/d/1WkaaLD-xF6LBepGynYw-1OPraYldhpJw_5nGYU-AU5c/edit?usp=drivesdk"
"Trackers","Zayn Tracker","Official Archive for Zayn Tracker Dated 14th August 2026.","Archive Copy","Yes","https://docs.google.com/spreadsheets/d/1dvVF6wslm8OkuM80ejGAQOOySXUwGUV6Du8OvusTVpc/edit?usp=drivesdk"
"Trackers","ZillaKami Tracker","Official Archive for ZillaKami Tracker Dated 14th August 2026.","Archive Copy","Yes","https://docs.google.com/spreadsheets/d/1tgRIXxyZxHAWNh1E2vHTr8WCJQX15wp2dU3eC4eLSxA/edit?usp=drivesdk"