Era,Name,Notes,Track Length,File Date,Leak Date,Available Length,Quality,Link(s)
Rocket Power,"Murda Beatz - MunYun [V1]
(feat. Quavo, Chief Keef) (prod. Murda Beatz)
(Quavo)","OG Filename : Munyun - Murda x CHO X So
First previewed on February 20, 2025",3:19,,"Sep 22, 2026",OG File,CD Quality,https://pillows.su/f/caceef881f9a50416e04cf7bdafa1bdf
Rocket Power,"Murda Beatz - MunYun [V2]
(feat. Quavo, Chief Keef) (prod. Murda Beatz)
(Quavo)","OG Filename : SOSA - MUNYUN w! Quavo Update
Updated version of ""Munyun"" with a slight alternate intro & a shorter runtime",3:35,,"Sep 22, 2026",Full,CD Quality,https://pillows.su/f/bc24fe795675fb0bc43d791f6a46cd7d
Culture,"Dab Of Ranch [V1]
(prod. DJ Durel)","OG Filename ; Dab of Ranch - MIX V1
Version of ""Dab Of Ranch"" missing Offset's verse",2:38,,"Sep 14, 2026",OG File,CD Quality,https://pillows.su/f/f040955447ce11aadccf36a2f1ff0fee
KIARI,"Gunna - bad ting [V2]
(feat. Offset) (prod. Kenny Stuntin)
(Offset)","OG Filename : Gunna BAD TING X SET Better Nudge 2
Track 23 on an early tracklist for The Last Wun. Dated from July 26, 2024",3;50,"Jul 26, 2024","Aug 18, 2026",OG File,CD Quality,https://pillows.su/f/e2d5c4e1d7435e23daab3d9c290fe1d4
KIARI,"Gunna - bad ting [V3]
(feat. Offset) (prod. Kenny Stuntin)
(Offset)","OG Filename : BAD TING - Prod Kenny_2
Version of ""bad thing"" with a slight alternate mixing",3:50,,"Aug 18, 2026",OG File,Lossless,https://pillows.su/f/280266639a96fb4e90ded5897b1c8933
Culture III,"Justin Bieber - Wish You Would [V1]
(feat. Quavo) (prod. BMW KENNY, Trackz, Poo Bear)
(Hold It Down)
(Quavo)","OG Filename : jb cho hold it down
Rough mix of ""Wish You Would""",4:18,,"Aug 11, 2026",OG File,CD Quality,https://pillows.su/f/bee0b49cdce3184f239725c66b586775
Satchamo,"The Kid LAROI - Untitled [V2]
(feat. Quavo) (prod. BNYX, SADPONY)
(Quavo)","OG Filename : TKL_QUAVO_SADPONY_BNYX®
First previewed by The Kid LAROI on July 25, 2025",2:25,,"Jul 31, 2026",OG File,CD Quality,https://pillows.su/f/c4f9e8d8093e2f7bd8e8c53719b94ecb
Culture,"Giv' Me [V1]
(prod. Murda Beatz)
(Quavo)","OG Filename : Quavo - Giv' Me
Previewed by Migos in 2016 & by Murda Beatz in April 2020",3:24,,"Jul 16, 2026",OG File,CD Quality,https://pillows.su/f/08cc0050287e29ad168d30e35c1fc8d1
Culture III,"HVME - Almighty (Explicit)
(feat. Quavo, 24kGoldn) (prod. HVME, JUGGLERZ, The Cratez)
(Quavo)","OG Filename : 1632492324HVME & 24kGoldn feat. Quavo - Alright
Radio explicit version of ""Almighty""",2:26,,"Jul 9, 2026",OG File,Lossless,https://pillows.su/f/81813bf2652405074f9a46746464580f
SET IT OFF,"Calvin Harris - New To You (Explicit)
(feat. Offset, Normani, Tinashe) (prod. Calvin Harris)
(Offset)","OG Filename : New To You [Explicit]
Radio explicit version of ""New To You""",5:02,,"Jul 9, 2026",OG File,Lossless,https://pillows.su/f/a1b2c2635f463484b40f6d8c2bdb7e57
SET IT OFF,"El Chombo - Ella Quiere (Explicit)
(feat. Offset, Nio Garcia, Lalo Ebratt) (prod. El Chombo)
(Offset)","OG Filename : El Chombo x Offset x Nio Garcia feat. Lalo Ebratt - Ella Quiere (Explicit)
Radio explicit version of ""Ella Quiere""",3:25,,"Jul 9, 2026",OG File,Lossless,https://pillows.su/f/f7ce69fbc7d0264943207669bcfef098
QRÖMELIFE,"BA
(feat. Future) (prod. Pharell Williams)
(Quavo)","OG Filename : FUTURE X QUAVO
Previewed on June 19, 2026",2:28,,"Jun 21, 2026",OG File,CD Quality,https://pillows.su/f/a17b5e44f54e8baadf5ca16b0c0e6199
Rocket Power,"Chief Keef - Never Fly Here [V2]
(feat. Quavo) (prod. Chief Keef, 3li, thaibxbb)
(Quavo)","OG Filename : Sosa x Huncho Never Fly Here
Original version of ""Never Fly Here"" with a completely different beat & a longer runtime",5:53,,"Jun 20, 2026",OG File,CD Quality,https://pillows.su/f/c28fd11533708deb716c578708d391f3
Post Culture III,"Vanguard 
(prod. DJ Durel)","OG Filename : 01 Vanguard_Durel
Recorded shortly after Culture III. Dated from November 5, 2021",2:56,"Nov 5, 2021","Jun 8, 2026",OG File,CD Quality,https://pillows.su/f/c444b6325acae41004e78599b6e408dd
Culture,"Hell Of A Life
(prod. Cassius Jay)",Throwaway from the Culture sessions,2:58,,"Jun 8, 2026",Full,CD Quality,https://pillows.su/f/976617f784154ff175698b4033ede79b
Culture,"All I Need
(feat. Jeremih) (prod. Mustard)
(Quavo)","OG Filename : All I need_Funk_Jerimeh-Prod. Mustard
Uses Quavo's verse from Rich The Kid & Migos "" I Got a Check""",2:52,,"Jun 8, 2026",OG File,CD Quality,https://pillows.su/f/105026f6debe6009a5afb49f9001c7e4
Cheat Code,"The Game - Savage
(feat. Quavo) (prod. BONGO ByTheWay)
(Quavo)","Feature recorded during the ""DRILLMATIC Heart vs. Mind"" sessions",3:18,,"Jun 8, 2026",Full,Lossless,https://pillows.su/f/1ab23ba2117fc0054fd5dfe0a4dd4e20
KIARI,"Blxst - Risk Taker [V1]
(feat. Offset) (prod. Ben 10k, Drity Dave)
(Offset)","OG Filename : OFFSET . BLXST HOOK. IDEA 2
Version of ""Risk Taker"" with a slight alternate instrumental. Dated from January 17, 2024",3:32,"Jan 17, 2024","Jun 8, 2026",OG File,CD Quality,https://pillows.su/f/8722da51895139c475cc811ac67dcdd0
Culture III,"Swae Lee - Kid You Not [V2]
(feat. Offset) (prod. D-JaySremm)
(Offset)","OG Filename : Swae x Offset - Kid You Not ruff
Version of ""Kid You Not"" featuring Offset",3:04,,"Jun 8, 2026",OG File,CD Quality,https://pillows.su/f/b035af18ed2fda97834713f502d49fef
Culture,"Sober
(prod. Mally Raw)
(Offset)",Throwaway from the Culture sessions,2:10,,"Jun 8, 2026",Full,CD Quality,https://pillows.su/f/48312a90b396a3b951d7c00d444826d6
Unknown,"On Fleek
(feat. Mango Foo) (prod. Earl On The Beat)
(Offset)",Complete - need OG,3:22,,"Jun 8, 2026",Full,CD Quality,https://pillows.su/f/e4fc24adca5b40fc889a871e7092cf66
Unknown,"Buss Down
(Offset)",Complete - need OG,1:54,,"Jun 8, 2026",Full,CD Quality,https://pillows.su/f/aff98217af8cdff01f58598aa15143fd
Culture II,"Untitled
(feat. Meek Mill, YBS Skola) (prod. Wheezy)
(Quavo)","OG Filename : MEEK x QUAVO x SKOOLA
Throwaway from the Culture II sessions. Dated from September 3, 2017",3:29,"Sep 3, 2017","Jun 6, 2026",OG File,CD Quality,https://pillows.su/f/5ae5d8ccee0b1f056320231d08e8aa82
Unknown,"Stars
(prod. Cassius Jay)
(Offset)",Complete - need OG,2:52,,"Jun 6, 2026",Full,CD Quality,https://pillows.su/f/8e84d14e8b84db8dfb2f43e513f1f9b0
Unknown,"Rose Gold
(feat. Young Dolph)
(Offset)",Complete - need OG,3:18,,"Jun 6, 2026",Full,CD Quality,https://pillows.su/f/8e4ce1ad6ed1eb647e9de000d31ffaa0
Unknown,"Bloody Mary Guts
(prod. D.A. Got that Dope)
(Offset)",Complete - need OG,2:15,,"Jun 6, 2026",Full,CD Quality,https://pillows.su/f/36cd10ff1aa71f7c320efb40d56f3c0c
Unknown,"Average Joe
(Offset)",Complete - need OG,2:01,,"Jun 6, 2026",Full,CD Quality,https://pillows.su/f/455b5418c5c62d24f77c68977fb10522
Culture III,"ATL
(prod. Mally Raw)
(Offset)",Throwaway from the Culture III sessions,1:55,,"Jun 6, 2026",Full,CD Quality,https://pillows.su/f/31114d76c6eb1c66b484b4a02787d4c3
Culture III,"Cash Now
(prod. D.A. Got that Dope)
(Offset)","Previewed by Offset on September 16, 2020",2:25,,"Jun 6, 2026",Full,CD Quality,https://pillows.su/f/3ee5f661e9d39d7d8d8056b5d0a495b2
Culture III,"Young Nudy - No Comprende
(feat. Offset) (prod. 20Rocket)
(Offset)","OG Filename : 01 young nudy offset no comprende
Feature recorded during the ""DR. EV4L"" sessions",3:47,,"Jun 6, 2026",OG File,CD Quality,https://pillows.su/f/3413a03f99d2498f337d0ea29ff311b3
Culture II,"Bebe Rexha - 2 Souls on Fire [V15]
(feat. Quavo) (prod. Jussifer, Aaron Z.)
(Some Type Of Way, Type Of Way)
(Quavo)","OG Filename : BebeRexhaXQuavo_SomeTypeOfWay_RuffUpdate
Version of ""2 Souls on Fire"" with a louder mix, everything else is similar to previous version",2:58,,"Jun 1, 2026",OG File,CD Quality,https://pillows.su/f/2a8d4432d59732dca6553b5d1e06eebd
Culture II,"Bebe Rexha - 2 Souls on Fire [V14]
(feat. Quavo) (prod. Jussifer, Aaron Z.)
(Some Type Of Way, Type Of Way)
(Quavo)","OG Filename : BebeRexhaXQuavo_SomeTypeOfWay_RefUpdate
Version of ""2 Souls on Fire"" with a quieter mix, no Quavo's adlibs on the intro",2:58,,"Jun 1, 2026",OG File,CD Quality,https://pillows.su/f/cf4043480e6055529e51920be71ae2e9
Culture II,"Bebe Rexha - 2 Souls on Fire [V13]
(feat. Quavo) (prod. Jussifer, Aaron Z.)
(Some Type Of Way, Type Of Way)
(Quavo)","OG FIilename : BebeRexhaXQuavo_SomeTypeOfWay_RuffRef
Version of ""2 Souls on Fire"" with a rougher instrumental, additional Quavo's adlibs on the intro & a small open verse",3:23,,"Jun 1, 2026",OG File,CD Quality,https://pillows.su/f/6b4b3f94e275a5d2eb3f77c6527450d0
Culture II,"Bebe Rexha - 2 Souls on Fire [V12]
(feat. Quavo) (prod. Jussifer, Aaron Z.)
(Some Type Of Way, Type Of Way)
(Quavo)","OG Filename : TypeOfWay.ruff12
Version of ""2 Souls on Fire"" with a slight different production",2:54,,"Jun 1, 2026",OG File,CD Quality,https://pillows.su/f/46c5d1863a9762cd4c4954b63cc2f4c9
Culture II,"Bebe Rexha - 2 Souls on Fire [V9]
(feat. Quavo) (prod. Jussifer, Aaron Z.)
(Some Type Of Way, Type Of Way)
(Quavo)","OG Filename : TypeOfWay.ruff9
Version of ""2 Souls on Fire"" with no bridge & third chorus",2:16,,"Jun 1, 2026",OG File,CD Quality,https://pillows.su/f/0790a9f6ca212fdc2db03770e20c38aa
Culture II,"Bebe Rexha - 2 Souls on Fire [V6]
(feat. Quavo) (prod. Jussifer, Aaron Z.)
(Some Type Of Way, Type Of Way)
(Quavo)","OG Filename : TypeOfWay.ruff6
Version of ""2 Souls on Fire"" with a slight different production",2:15,,"Jun 1, 2026",OG File,CD Quality,https://pillows.su/f/aa4034d554944daf36f7f8144ee227aa
Culture II,"Bebe Rexha - Naughty [V3]
(feat. Offset) (prod. DJ Mustard)
(Offset)","OG Filename : Set Naugty mix
Feature recorded during the ""All Your Fault: Pt. 1"" sessions",3:26,,"Jun 1, 2026",OG File,CD Quality,https://pillows.su/f/e4ee7d33b0d4e69e7b1d9576e2852a70
Culture,"Aqua Water
(prod. Murda Beatz)","OG Filename : Migos - Aqua_Water__Rough_
Throwaway from the Culture sessions",4:06,,"May 31, 2026",OG File,CD Quality,https://pillows.su/f/4ebb67e436a73cbea3c2e18c22afa7ec
Father Of 4 (Deluxe),"Goodfellas
(prod. 808 Mafia, Pyrex)
(Offset)","OG Filename : 01 Goodfellas
Throwaway from the Father Of 4 sessions",3:13,,"May 31, 2026",OG File,CD Quality,https://pillows.su/f/761fcd628217a2cdc018665cfc400a9e
Post Culture III,"Untitled
(prod. Hit-Boy)","OG Filename : Migos_ERSA_012422_02
Throwaway from 2022. Dated from January 24, 2022",2:01,"Jan 24, 2022","May 30, 2026",OG File,CD Quality,https://pillows.su/f/cf073e7f84e909739864eae8b36bb564
Culture III,"Chocolate [V1]
(feat. Young Thug, Gunna) (prod. DJ Durel, Rott)
(Chipotle, Chotolate)
(Quavo)","OG Filename : QUAVO x THUG x GUNNA - CHOTOLATE (Durel)
Original version of ""Chocolate"" with a longer Quavo verse & no Takeoff verse",3:28,,"May 17, 2026",OG File,CD Quality,https://pillows.su/f/abe83e6460fa4325f13a16e23d287974
Collaboration with Gunna,"Spit Propane
(with Gunna) (prod. Turbo)
(Offset)","OG Filename : SPIT PROPANE x Set - Prod Turbo
Previewed by Offset on May 19, 2026",2:46,,"May 6, 2026",OG File,CD Quality,https://pillows.su/f/538b31b501ee368ed744f9fc9ba42500
YRN 2,"Jeremy Renner - Never Letting Go
(feat. Migos)",Feature from 2016,3:26,,"Apr 9, 2026",Full,CD Quality,
Culture II,"Juicy J - Flood Watch [V1]
(feat. Offset) (prod. TM88)
(Right On Time)
(Offset)","OG Filename : Juicy J Right On Time REF
Version of ""Flood Watch"" featuring an extra Juicy J verse",4:10,,"Apr 9, 2026",OG File,CD Quality,https://pillows.su/f/527b7fada20f4c153d0169a8d2cb0183
The Last Rocket,"Tyga - Wild
(feat. Takeoff)
(Takeoff)","Feature recorded during the ""Legendary"" sessions",2:21,,"Apr 5, 2026",Full,CD Quality,
Culture III,"Shmoney [V1]
(feat. Rowdy Rebel) (prod. Tay Keith)
(Quavo)","OG Filename : Shmigo Shmoney
Open verse demo of ""Shmoney"", missing Bobby Shmurda verse, Tay Keith tag & some adlibs. Dated from March 31, 2021",2:30,"Mar 31, 2021","Mar 25, 2026",OG File,CD Quality,https://pillows.su/f/5f30748c6d84fd3c0272a52fb9d8cf45
Culture III,"Shmoney [V2]
(feat. Rowdy Rebel) (prod. Tay Keith)
(Quavo)","OG Filename : Shmigo Shmoney_V2
Version of ""Shmoney"" without the open verse, everything else is similar to V1. Dated from March 31, 2021",1:45,"Mar 31, 2021","Mar 25, 2026",OG File,CD Quality,https://pillows.su/f/87efde818cab5fd03ae38a5fd014179a
Culture III,"Shmoney [V4]
(feat. Bobby Shmurda, Rowdy Rebel) (prod. Tay Keith)
(Quavo)","OG Filename : Shmigo Shmoney_V4 ft Bobby
Version of ""Shmoney"" now featuring Bobby Shmurda but still missing Tay Keith tag. Dated from March 31, 2021",2:47,"Mar 31, 2021","Mar 25, 2026",OG File,CD Quality,https://pillows.su/f/6c6da6ba0c68a2a08a1460d95b2defac
Culture III,"Shmoney [V5]
(feat. Bobby Shmurda, Rowdy Rebel) (prod. Tay Keith)
(Quavo)","OG Filename : Shmigo Shmoney_V5 ft Bobby
Version of ""Shmoney"" identical to V4. Dated from March 31, 2021",2:47,"Mar 31, 2021","Mar 25, 2026",OG File,CD Quality,https://pillows.su/f/7101a6a92a17ff6e73ff4dc67c790746
Collaboration with Gunna,"Untitled
(with Gunna)
(Offset)","OG Filename: Wunna 8.28.24 Track 1-18
Intended for a Gunna/Offset collab album. Dated from August 28, 2024",1:35,"Aug 28, 2024","Mar 24, 2026",OG File,CD Quality,https://pillows.su/f/d391ee45b08783ea00c8dea5cf05995e
Collaboration with Gunna,"Walk Outside
(with Gunna) (prod. Turbo)
(Offset)","OG Filename : Gunna x Offset - Walk Outside
Intended for a Gunna/Offset collab album",3:00,,"Mar 24, 2026",OG File,CD Quality,https://pillows.su/f/f543bd841b2e8bf65d1fd4967f9168a7
Collaboration with Gunna,"Double Up
(with Gunna) (prod. Turbo)
(Offset)","OG Filename :  DOUBLE UP x SET Prod TURBO
Previewed by Offset on April 21, 2024 & by Gunna on August 5, 2024. Dated from April 17, 2024",2:14,"Apr 17, 2024","Mar 24, 2026",OG File,CD Quality,https://pillows.su/f/134071b73a92d2881d9b0ef43b0cc10f
KIARI,"Gunna - wgft [V1]
(feat. Offset) (prod. Turbo, Shottie)
(Offset)","Version of ""wgft"" with an Offset verse in place of Burna Boy & a different outro",2:42,,"Mar 24, 2026",Full,CD Quality,
Culture III,"Huncho Fishscale [V1]
(feat. Bobby Fishscale)
(Quavo)","OG Filename : 01 Huncho x Fishscale
Version of ""Huncho Fishscale"" with a short run time. Dated from February 19, 2021",1:51,"Feb 19, 2021","Mar 14, 2026",OG File,CD Quality,https://pillows.su/f/62aa6560e9d7c3e2978306766e82627c
Culture III,"Huncho Fishscale [V2]
(feat. Bobby Fishscale)
(Quavo)","OG Filename : 002 HUNCHO FISHSCALE [ft Quavo] (need producer)
Version of ""Huncho Fishscale"" with a short run time. Dated from April 21, 2021",1:51,"Apr 21, 2021","Mar 14, 2026",OG File,CD Quality,https://pillows.su/f/91e43b99e69837c8a964133bbfd79a57
Culture III,"Huncho Fishscale [V3]
(feat. Bobby Fishscale)
(Quavo)","OG Filename : 02 HUNCHO FISHSCALE.eMIX3 (1)
Version of ""Huncho Fishscale"" with an alternate mix. Dated from August 3, 2021",3:14,"Aug 3, 2021","Mar 14, 2026",OG File,CD Quality,https://pillows.su/f/06adb204e910433d07113bbd25b7fa86
Culture III,"Huncho Fishscale [V4]
(feat. Bobby Fishscale)
(Quavo)","OG Filename : db premix Huncho Fish RUFF (1)
Version of ""Huncho Fishscale"" with an alternate mix. Dated from August 11, 2021",3:01,"Aug 11, 2021","Mar 14, 2026",OG File,CD Quality,https://pillows.su/f/38fc1b920cfaa38c784a5b05bb37cf10
Culture III,"Ice
(prod. Lastnght)
(Quavo)","OG Filename :  ICE_QUAVO_1993 x LASTNGHT_130bpm
Hook only demo from the Culture III sessions. Dated from June 5, 2020",2:44,"Jun 5, 2020","Mar 14, 2026",OG File,CD Quality,https://pillows.su/f/a416b534d707e3b0cb1e8b40279b5f90
Culture III,"Casanova - Outside 
(feat. Quavo) (prod. DJ Durel)
(Quavo)","OG Filename : Casanova X Quavo - Outside Prod.Dj Durel(sonic Edit)(170)
Feature dated from November 13, 2019",2:15,"Nov 13, 2019","Mar 14, 2026",OG File,CD Quality,https://pillows.su/f/38d4be2fb383520dfeca507d8e2b6cd5
YRN 2,"Creep ON Weekend
(feat. Fetty Wap)
(Quavo)","OG Filename : Creep ON Weekend (feat. Fetty Wap)
Previewed by Quavo in 2015",3:49,,"Mar 14, 2026",OG File,CD Quality,https://pillows.su/f/5bb84f61be108a0f7e12efd6749b3f66
Satchamo,"Kalan.FrFr - Butterfly Coupe
(feat. Quavo) (prod. SkipOnDaBeat, OG Parker, Hitmaka)
(Quavo)","OG Filename : 06 - KALAN.FRFR (FT QUAVO) - Butterfly Coupe f Quavo - Main Mix V8 JJ Mastered (1)
OG file for Kalan.FrFr's ""Butterfly Coupe"" featuring Quavo. Dated from October 30, 2023",2:44,"Oct 20, 2023","Mar 14, 2026",OG File,CD Quality,https://pillows.su/f/50eb32c0d688374d499e1782ee65ea73
Collaboration with Gunna,"Follow My Lead
(with Gunna) (prod. Turbo, Omar Grand)
(Offset)","OG Filename : FOLLOW MY LEAD - Prod Turbo x Omar
Intended for a Gunna/Offset collab album. Dated from March 28, 2025",2:40,"Mar 28, 2025","Mar 14, 2026",OG File,Lossless,https://pillows.su/f/d02f29c050c6e350ef14ea085895f906
SET IT OFF,"FAST
(prod. Wheezy)
(Offset)",Throwaway from the SET IT OFF sessions,3:02,,"Mar 12, 2026",Full,CD Quality,
Collaboration with Gunna,"Want It Forever [V1]
(with Gunna) (prod. Aviator Keyyz, Bloublood, Evertime)
(Offset)","OG Filename : Gunna WANT IT FOREVER FT. SET -  Prod Keyzz_1
Open verse version of ""Want It Forever""",3:26,,"Mar 4, 2026",OG File,CD Quality,https://pillows.su/f/bdad8f580630aaf3306e2acaa221ed27
Collaboration with Gunna,"Want It Forever [V2]
(with Gunna) (prod. Aviator Keyyz, Bloublood, Evertime)
(Offset)","OG Filename : WANT IT FOREVER FT. SET -  Prod Keyzz_1
Complete version of ""Want It Forever""",2:13,,"Mar 3, 2026",OG File,CD Quality,https://pillows.su/f/d5d81bb5228624d1022a808921ceb8d4
Collaboration with Gunna,"Don't You
(with Gunna) (prod. Turbo)
(Offset)","OG Filename: 01 DONT YOU FT. SET - PROD TURBO
Previewed by Offset on September 4, 2024",2:06,,"Mar 3, 2026",OG File,CD Quality,https://pillows.su/f/0c03d097462d8ad138a4fd11b4d97d46
Collaboration with Gunna,"Ain't Going On E
(with Gunna) (prod. Kenny Stuntin)
(Offset)","OG Filename : AINT GOIN ON E x SET Prod Ken
Intended for a Gunna/Offset collab album",1:48,,"Mar 3, 2026",OG File,CD Quality,https://pillows.su/f/b20224ad274d9d74f5abdf18781a6cbe
Culture II,"Young Thug - Whole Lotta [V3]
(feat. Quavo, Takeoff, Lil Yachty, Lil Duke) (prod. C4Bombs, Dun Deal)
(Whole Lot)","OG Filename : Whole Lot Silent Sound (2)
Alternate mix of ""Whole Lotta""",3:38,,"Feb 19, 2026",OG File,CD Quality,https://pillows.su/f/e442c8a9eb952583a0a518255fc081a3
Culture II,"Young Thug - Whole Lotta [V2]
(feat. Quavo) (prod. C4Bombs, Dun Deal)
(Whole Lot)
(Quavo)","OG Filename : C4-BOMBS - Whole Lot Ft. Young Thug and Quavo
Version of ""Whole Lot"" that only features Young Thug & Quavo",2:50,,"Feb 19, 2026",OG File,CD Quality,https://pillows.su/f/f774879d9e6d66c95e2d896892007169
Post Culture III,"Kanye West - We Did It Kid [V53]
(feat. Quavo, Offset, Baby Keem) (prod. Digital Nas, Tom Levesque, Ojivolta, FNZ, Scott Bridgeway, Jahaan Sweet, Ryan Svendsen)","OG Filename: WE DID IT KID MIKE DEAN MIX 2 INSTRUMENTAL
Alternate mix of the previous Mike Dean mixes, significantly increasing the bass. Dated from February 24, 2022",2:48,"Feb 24, 2022","Feb 18, 2026",OG File,Lossless,https://pillows.su/f/49511762cfbac00d66c7ba8ff5eb3940
Post Culture III,"Kanye West - We Did It Kid [V56]
(feat. Sunday Choir, Quavo, Offset, Baby Keem) (prod. Digital Nas, Tom Levesque, Ojivolta, FNZ, Scott Bridgeway, Jahaan Sweet, Ryan Svendsen)","OG Filename: Choir Melody - We Did It Kid
Recording of the Sunday Service Choir harmonizing over ""We Did It Kid"". Dated from March 1, 2022",,"Mar 1, 2022","Feb 18, 2026",OG File,Recording,
Culture,"The Weeknd - All I Know [V4]
(feat. Quavo, Kanye West, The Dream, Big Sean) (prod. MIKE DEAN, Cashmere Cat, The Weeknd, Ben Billions)
(Quavo)","OG Filename: All I Know Part 2 ref
Has a more finished sounding version of Kanye's verse. Said by Music Mafia to have the same features as the earlier version.",10:19,"Apr 26, 2016","Feb 18, 2026",Full,CD Quality,https://pillows.su/f/0aec59749bb56f8016daf76e1cd1ca99
Cheat Code,"YoungBoy Never Broke Again - Don't Rate Me [V3]
(feat. Quavo) (prod. Kacey Khaliel, Hellgang Hitty, Nick Seeley, Jason Goldberg)
(Quavo)","OG Filename : Dont Rate Me v3_YB feat Quavo
OG file for YoungBoy Never Broke Again's ""Don't Rate Me"" featuring Quavo",2:33,,"Feb 17, 2026",OG File,CD Quality,https://pillows.su/f/a7129bab4b43c98f9028acafff647210
Father Of 4,"Lil Baby - Transporter [V1]
(feat. Offset) (prod. DJ Durel)
(Transported)
(Offset)","OG Filename : Lil Baby-Transported (Feat.Offset)
Version of ""Transporter"" where Lil Baby's verse comes in the beginning instead of towards the end",3:33,,"Feb 12, 2026",OG File,CD Quality,https://pillows.su/f/2bc9f585258becf2ed5fa343e1c561b7
Father Of 4,"Lil Baby - Transporter [V2]
(feat. Offset) (prod. DJ Durel)
(Transported)
(Offset)","OG Filename : Lil Baby- Transporter (Feat.Offset)
OG file for track 14 on Lil Baby's ""Harder Than Ever""",3:33,,"Feb 12, 2026",OG File,CD Quality,https://pillows.su/f/cb006e35b2d6a7aa20c2a05a54f1308f
Culture,"A$AP Mob - RAF [V2]
(feat. Quavo, A$AP Rocky, Lil Uzi Vert, Playboi Carti) (prod. Dun Deal)
(Quavo)","OG Filename: AR-MIGOS-CARTI-ADDie- ( DONE DEAL ON THE TRACK ) july 1017 track
Version of ""RAF"" with a verse from A$AP Ant & an early version of Rocky's verse",,,"Feb 9, 2026",OG File,CD Quality,https://pillows.su/f/3941c5ce26cf13fefd97c914607ba71a
Culture III,"Jackboys - Solid
(with Quavo, Don Toliver, Sheck Wes) (prod. Jenius Level, UNIMERCE)
(Quavo)","OG Filename : New Solid 10.8.19
Feature recorded during the JACKBOYS sessions. Dated from October 8, 2019",3:20,"Oct 8, 2019","Feb 2, 2026",OG File,CD Quality,https://pillows.su/f/1a8eb7a89a36cf7a3223b982bf336806
SET IT OFF,"Juice WRLD - Celebrate [V1]
(feat. Offset) (prod. Metro Boomin)
(Offset)","OG Filename : 04 CELEBRATE 13 SET metro v2.8
Version of ""Celebrate"" missing the talking on the intro & has a shorter runtime. Dated from January 15, 2023",2:57,"Jan 15, 2023","Jan 27, 2026",OG File,Lossless,https://pillows.su/f/84fd780d5202ed7c7fde4c41b050300b
Culture III,"In 2 Deep
(prod. Gezin)
(Offset)","OG Filename : offset - in 2 deep v1.1 (euros 23 gezin)
Hook only demo from the Culture III sessions",4:08,,"Jan 25, 2026",OG File,CD Quality,https://pillows.su/f/74045717ab9d46df465bd75d3f92a672
Father Of 4,"Untitled
(prod. Southside)
(Offset)","OG Filename : OFFSET DRAFT OPENVRS
Hook only demo from the ""Father Of 4"" sessions",2:09,,"Jan 25, 2026",OG File,CD Quality,https://pillows.su/f/b36b521f997fbb892e9e242632af9c33
Satchamo,"Trippie Redd - Pink Toes [V2]
(feat. Quavo) (prod. 1ayeyb, Hitmaka)
(TUTS)
(Quavo)","OG Filename : TUTS
OG file for Trippie Redd's ""Pink Toes"" featuring Quavo. Dated from May 11, 2025",3:28,"May 11, 2025","Jan 11, 2026",OG File,CD Quality,https://pillows.su/f/05d0c204e8c66371ff6b4f66225cfa9a
Culture III,Roll My Own [V2],"OG Filename : QUAVO FEAT OFFSET - ROLL MY OWN
Throwaway from the Culture III sessions",2:41,,"Dec 25, 2025",OG File,CD Quality,https://pillows.su/f/119bf2242bc017927cd6742050942030
Culture III,"Antisocial [V4]
(feat. Juice WRLD) (prod. Murda Beatz, Rassol Diaz)","OG Filename : Takeoff Ft JuiceWorld - Antisocial all 3 v1
Version of ""Antisocial"" with a slightly different instrumental. It has all 3 of the Migos on it, with a previously unheard verse by Offset, and a completely new verse by Quavo.",6:10,,"Dec 17, 2025",OG File,Lossless,https://pillows.su/f/65e8980e31fd2a724682d7fdd2f45fb9
SET IT OFF,"WHOLE LOTTA
(Offset)","OG Filename : WHOLE LOTTA_3
Previewed by Offset in May 2025",2:02,,"Nov 30, 2025",OG File,CD Quality,https://pillows.su/f/c1117fcfe010396ae7c37657b3a0e216
Culture,"Bad and Boujee [V1]
(feat. Lil Uzi Vert) (prod. Metro Boomin)
(Bad and Bougie)","OG Filename : MIgos- Bad and Bougie (feat. Lil Uzi Vert) [Prod. By Metro Boomin] (Main)
OG file for track 4 on Culture,""Bad and Boujee"". Has a shorter outro than released",5:34,,"Oct 1, 2025",OG File,Lossless,https://pillows.su/f/0090e33bab541dcd8a5ae1a3a0bac0ca
KIARI,"Ananya Birla - Cuffed [V1]
(feat. Offset) (prod. M.A.R.S)
(Offset)","OG Filename : 24b-A_Jo Tha Mila (mix3)_BECKER MASTER 2 (Declick Top)
OG file for Ananya Birla's ""Cuffed"", featuring Offset",2:46,,"Sep 26, 2025",OG File,Lossless,https://pillows.su/f/13e5a3a8516a439b2bc3b904572e5e0b
KIARI,"Ananya Birla - Cuffed [V1]
(feat. Offset) (prod. M.A.R.S)
(Offset)","OG Filename : 24b-CLEAN_A_Jo Tha Mila (mix3)_BECKER MASTER 2
Clean version for Ananya Birla's ""Cuffed"" featuring Offset",2:46,,"Sep 26, 2025",OG File,Lossless,https://pillows.su/f/4840b74ac5b902b206afa34a44b4e737
Rocket Power,"Lil Yachty - Point Me To The Loot
(feat. Quavo) (prod. MitchGoneMad, WessGoneMad)
(Quavo)","OG Filename : POINT ME TO THE LOOT - LY  QUAVO
Feature recorded in 2023",2:41,,"Sep 19, 2025",OG File,CD Quality,https://pillows.su/f/81f12fcbe2882ad52092fee729e9a1ed
Culture II,"Watching You
(prod. Wheezy, DY Krazy)
(Offset)","OG Filename : OFFSET - WATCHING YOU x WHEEZY
Previewed by Cardi B in 2017",2:03,,"Aug 24, 2025",OG File,CD Quality,https://pillows.su/f/d75119c3d882caa6912e5337e5e93a6e
Culture III,"Untitled
(feat. Polo G) (prod. DJ Durel)
(Offset)","OG Filename : Polo x Offset 2 V2
Previewed by Offset on August 18, 2020",2:53,,"Aug 24, 2025",OG File,CD Quality,https://pillows.su/f/6ce173f31c80cf79b025f9a35d155b7c
Father Of 4,"Dreams
(prod. Southside)
(Offset)","OG Filename : OFFSET x SOUTHSIDE - DREAMS
Throwaway from the Father Of 4 sessions",2:59,,"Aug 11, 2025",OG File,CD Quality,https://pillows.su/f/e92f60da4b43ba6a4c00476004ae1642
KIARI,"Gunna - at my purest [V4]
(feat. Offset) (prod. Turbo, Gray Toormey)
(Offset)","OG Filename  : AT MY PUREST - Prod Turbo_4
OG file for track 6 on The Last Wun, ""at my purest"". Dated from March 6, 2025",3:13,"Mar 6, 2025","Aug 7, 2025",OG File,Lossless,https://pillows.su/f/862714bb364ee09d8c888589de5882f0
Collaboration with Gunna,"10 Times Outta 10
(with Gunna) (prod. Lord Capp)
(Offset)","OG Filename : Gunna 10 X OUTTA 10 x GUNNA Prod Kizzy
Intended for a Gunna/Offset collab album. Dated from July 8, 2024",3:00,"Jul 8, 2024","Jul 27, 2025",OG File,CD Quality,https://pillows.su/f/d3f5c9a882ff1328d668be08943df93e
Culture III,"Justin Bieber - Jesus [V1]
(feat. Quavo) (prod. Murda Beatz)
(Quavo)","OG Filename : Murda Jesus beat JB Verse TEKRUFF01 EoD
Open verse version of ""Jesus'",3:14,,"Jul 26, 2025",OG File,CD Quality,https://pillows.su/f/6ed477dffefa62f722e218a7e16f600f
KIARI,"Different Species [V1]
(feat. Gunna) (prod. X-Plosive, Ink, Jester Beats)
(Offset)","OG Filename : SET - DIFFERENT SPECIES Prod. Xplosive_1
Open verse version of ""Different Species"". Dated from July 8, 2024",3:08,"Jul 8, 2024","Jul 9, 2025",OG File,CD Quality,https://pillows.su/f/c4f3929f95279780f67bee0c816ea89b
Collaboration with Gunna,"Beat It [V2]
(with Gunna) (prod. Byrd)
(Offset)","OG Filename : Gunna BEAT IT x SET - Prod Byrd 2
Previewed by Offset on August 1, 2024. Dated from July 8, 2024",2:49,"Jul 8, 2024","Jun 30, 2025",OG File,CD Quality,https://pillows.su/f/02019a3e3d1233632d200e000e9c5d8e
Collaboration with Gunna,"See What I'm Saying
(with Gunna) (prod. Kenny Stuntin, Dunk Rock)
(Offset)","OG Filename : SEEE WHAT IM SAYING x GUNNA Prod Kenny x Dunk
Previewed on July 15, 2024 & on July 22, 2024",2:53,,"Jun 19, 2025",OG File,CD Quality,https://pillows.su/f/986a7ababe0b6e83466fb859e0526e8c
Culture III,"Justin Bieber - I'd Say
(feat. Quavo) (prod. Murda Beatz)
(Quavo)","OG Filename : ID Say Jb Cho
Feature recorded during the Justice sessions",2:47,,"Jun 10, 2025",OG File,CD Quality,https://pillows.su/f/05feb978e54c2fd1830ba7ff181951b6
Culture III,"Justin Bieber - Jesus [V2]
(feat. Quavo) (prod. Murda Beatz)
(Quavo)","OG Filename : JESUS JB QUAVO 24
Previewed by Justin Bieber on Januray 11, 2020",3:02,,"Jun 9, 2025",OG File,CD Quality,https://pillows.su/f/724fa31eaaafc762da49e5bb93b94462
Culture II,"Double [V2]
(feat. Lil Baby) (prod. Southside, CuBeatz)
(Offset)","Version of ""Double"" featuring Lil Baby",3:12,,"Jun 5, 2025",Full,CD Quality,
Satchamo,"Ty Dolla $ign - Don't Kill The Party [V4]
(feat. Quavo) (prod. BNYX® & Ojivolta)
(Quavo)","OG Filename : don't kill the party - r2.1
Version of ""Don't Kill The Party"" with an outro that samples ""Let's Get High' by Juicy J",2:11,,"Jun 1, 2025",OG File,Lossless,https://pillows.su/f/70b7e20a06b3175d194548d618da49e1
Satchamo,"Ty Dolla $ign - Don't Kill The Party [V11]
(feat. Quavo) (prod. BNYX® & Ojivolta)
(Quavo)","OG Filename : DONT KILL THE PARTY 11111
Version of ""Don't Kill The Party"" with some different production, reverb & an alternate mix compared to the BBPB",2:15,,"Jun 1, 2025",OG File,CD Quality,https://pillows.su/f/e9d48044aef154f7d09cb4f7f64fe819
Post Culture III,"Infinity 
(prod. Rex Kudo)","OG Filename : QUA & SET - INFINITY
Previewed on January 26, 2022",1:45,,"May 13, 2025",OG File,CD Quality,https://pillows.su/f/5339558ed13d5ef125bcc266c054f352
Culture II,"Solitaire
(prod. Metro Boomin, ChopSquad DJ)
(Offset)","OG Filename : OFFSET - SOLITAIRE
Throwaway from the Culture II sessions",2:59,,"May 13, 2025",OG File,CD Quality,https://pillows.su/f/1126ba9e074b8a6d6bcbcb60d313e3d5
Culture III,"Danger
(prod. DJ Champ)
(Offset)","Previewed by Offset on September 27, 2019 & on February 27, 2020",2:17,,"May 13, 2025",Full,CD Quality,
Culture III,"Choppa Talk
(prod. Go Grizzly, Murda Beatz)","OG Filename : MIGOS - Choppa Talk
Throwaway from the Culture III sessions",2:40,,"May 11, 2025",OG File,CD Quality,https://pillows.su/f/f944f5fefb1519b3180a037222e9f6a2
Culture III,"Spyro
(prod. Gezin)
(Offset)","OG Filename : offset - spyro v1.1 (gezin euros 49)
Throwaway from the Culture III sessions",2:16,,"May 11, 2025",OG File,CD Quality,https://pillows.su/f/68326364c56b5d1d3e79db9ef93c71b6
Culture III,"Rich The Kid - Official Tissue [V2]
(feat. Migos)
[prod. DJ Durel, Beats By Jeff]","Includes an Offset verse missing from previous version and no DaBaby verse, been previewed by Rich The Kid",2:37,,"May 9, 2025",Full,CD Quality,
Culture II,"Steve Aoki - Night Call [V1]
(feat. Migos, Lil Yachty)
[prod. Steve Aoki]","Earlier version of the track that released on Steve Aoki Presents Kolony on June 16, 2017, major difference is that this is completely unmixed, shorter and almost sound LQ.",3:16,,"Apr 5, 2025",Full,CD Quality,
Culture II,"Steve Aoki - Night Call [V2]
(feat. Migos, Lil Yachty)
[prod. Steve Aoki]","Earlier version of the track that released on Steve Aoki Presents Kolony on June 16, 2017, sounds mastered compared to V1 but still rough. Seems to be identical to V4 & V5",4:00,,"Apr 5, 2025",Full,CD Quality,
Culture II,"Steve Aoki - Night Call [V3]
(feat. Migos, Lil Yachty)
[prod. Steve Aoki]","Earlier version of the track that released on Steve Aoki Presents Kolony on June 16, 2017, completely different drums present compared to all the other versions",4:03,,"Apr 5, 2025",Full,CD Quality,
Culture II,"Steve Aoki - Night Call [V4]
(feat. Migos, Lil Yachty)
[prod. Steve Aoki]","Earlier version of the track that released on Steve Aoki Presents Kolony on June 16, 2017, seems to be identical to V2 &V5 but are labelled as different files",4:00,,"Apr 5, 2025",Full,CD Quality,
Culture II,"Steve Aoki - Night Call [V5]
(feat. Migos, Lil Yachty)
[prod. Steve Aoki]","Earlier version of the track that released on Steve Aoki Presents Kolony on June 16, 2017, seems to be identical to V2 &V4 but are labelled as different files",4:00,,"Apr 5, 2025",Full,CD Quality,
SET IT OFF,"YoungBoy Never Broke Again - Two Seater [V2]
(feat. Offset) (prod. Afterhxrs, Smokescreen)
(Offset)","OG Filename : Two Seater v2_YB x Offset
Feature recorded during the ""The Last Slimeto Sampler"" sessions",2:54,,"Mar 28, 2025",OG File,CD Quality,https://pillows.su/f/5a39b8051f9a99c11e8ec9a1cfccad48
Satchamo,"Young Thug - Spyder Or Jeffery [V1]
(feat. Quavo) (prod. London On da Track, Sean Monberger)
(Quavo)","OG Filename : SPYDER OR JEFFERY X QUAVO F1
Rough mix of Spider or Jeffery"" with an additional intro",3:18,,"Mar 26, 2025",OG File,CD Quality,https://pillows.su/f/fbe482256b6c7e215f4abd22472a8203
Culture III,"Drakeo The Ruler - Lethal Weapon
(feat. Quavo) (prod. RONRONTHEPRODUCER, JoogSZN)
(Quavo)","OG Filename : QUAVO DRAKEO
Previewed in March 2021",3:20,,"Mar 26, 2025",OG File,CD Quality,https://pillows.su/f/563f99c69323e201aa25d1673cd0a11a
Culture,"Go Off [V3]
(feat. Lil Uzi Vert, Breyan Isaac) (prod. Breyan Isaac, Murda Beatz, The Featherstones)
(Quavo)","OG Filename : Uzi Go Off
Version of ""Go Off"" featuring Lil Uzi Vert & Breyan Isaac",3:28,,"Mar 13, 2025",OG File,CD Quality,https://pillows.su/f/5fd811d462b92fa0455f085d01f264ab
SET IT OFF,"STORY OF MY LIFE
(feat. Don Toliver) (prod. WondaGurl)
(Offset)","OG Filename : don - story of my life. 5 (offset)
Previewed by Offset on September 20, 2023",5:41,,"Mar 5, 2025",OG File,CD Quality,https://pillows.su/f/c8e9ee95b8c07b6b3bc6e6d37510fa4d
Culture III,"Justin Bieber - Always [V3]
(feat. Quavo) (prod. The Audibles)
(Quavo)","Feature recorded during the Changes sessions. Dated from May 26, 2019",3:31,"May 26, 2019","Feb 9, 2025",Full,CD Quality,
Satchamo,"Kanye West, Ty Dolla $ign - Melrose [V4]
(feat. Quavo, Playboi Carti) (prod. TheLabCook & Ojivolta)
(Quavo)","OG Filename : MELROSE - quavo
Version of ""Melrose"" with a Quavo feature",6:56,,"Jan 22, 2025",OG File,CD Quality,https://pillows.su/f/9f99693615f2ffa9d8f9bfcc38d2614e
YRN 2,"By Myself
(prod. Purps)",Throwaway from the YRN 2 sessions,4:01,,"Jan 15, 2025",Full,CD Quality,
Only Built For Infinity Links,"Where You Goin
(prod. DJ Durel)
(Quavo)","OG Filename : UNK n Phew Where You Goin
Throwaway from the Only Built For Infinity Links sessions",3:32,,"Jan 15, 2025",OG File,CD Quality,https://pillows.su/f/9646a40c00c1050ca51984b966eb908a
Huncho Records,"Greedy
(feat. Popout Boys, Rebok) (prod. DJ Durel)
(Quavo)","Intended for the Huncho Records album. Dated from June 13, 2020",2:36,"Jun 13, 2020","Jan 15, 2025",OG File,CD Quality,https://pillows.su/f/54e26ced36c8d7effea6c7b4b54dc309
Only Built For Infinity Links,"Where You Goin
(prod. DJ Durel)
(Takeoff)","OG Filename : UNK n Phew Where You Goin
Throwaway from the Only Built For Infinity Links sessions",3:32,,"Jan 15, 2025",OG File,CD Quality,https://pillows.su/f/9646a40c00c1050ca51984b966eb908a
KIARI,"Swing My Way [V1]
(feat Gunna) (prod. Turbo)
(Offset)","OG Filename : SWING MY WAY x Gunna Prod Turbo
Version of ""Swing My Way"" featuring Gunna instead of Offset's 2nd verse",3:13,,"Jan 14, 2025",OG File,CD Quality,https://pillows.su/f/61c09625f54411db2615547271e69bce
Collaboration with Gunna,"Boost My Net 
(with Gunna) (prod. King Osama, Lala the DJ)
(Offset)","OG Filename : Boost My Net _ 10.18.24
Intended for a Gunna/Offset collab album. Dated from October 18, 2024",2:38,"Oct 18, 2024","Jan 10, 2025",OG File,CD Quality,https://pillows.su/f/72c4dd071ba362b98bcedac3e8136f1f
Culture III,"Work Day
(prod. Buddah Bless)
(Offset)","OG Filename : offset - buddah work day 3 V1.0
Previewed by Offset on April 29, 2020 & on December 7, 2020",2:01,,"Dec 25, 2024",OG File,CD Quality,https://pillows.su/f/3d337e1dd37fbb84cb2293f166d29349
QUAVO HUNCHO,"RUN DAT
(feat. Lil Baby) (prod. Dun Deal)
(Quavo)",Throwaway from the QUAVO HUNCHO sessions,3:35,,"Dec 12, 2024",Full,CD Quality,
Culture III,"Bow Down
(prod. Zaytoven)
(Offset)",Previewed by Offset in October 2020,2:13,,"Dec 12, 2024",Full,CD Quality,
Unknown,"Pill Poppin Animal
[prod. Zaytoven]
(Offset)",,2:00,,"Dec 12, 2024",Full,CD Quality,
Culture II,"Different Shit
(prod. Murda Beatz)
(Offset)","Previewed by Offset on October 17, 2017",2:34,,"Nov 27, 2024",Full,CD Quality,
Culture III,"No Trust [V1]
(prod. Gezin)
(Offset)","OG Filename : offset - no trust v1.1 (solid rock 6 GZ)
Open verse version of ""No Trust""",3:53,,"Nov 27, 2024",OG File,CD Quality,https://pillows.su/f/595301e8114a388b95901352d99ba957
Satchamo,"Destroy Lonely - On The Way [V1]
(feat. Quavo, Ken Carson) (prod. Lil 88)
(Quavo)","Earlier mix of ""On The Way"" with a slightly shorter mix & different production",2:50,,"Nov 25, 2024",Full,CD Quality,
Satchamo,"Destroy Lonely - On The Way [V2]
(feat. Quavo, Ken Carson) (prod. Lil 88)
(Quavo)","OG Filename : ON THE WAY - QUAVO, DESTROY LO
Previewed by Lil 88 on June 13, 2024",3:04,,"Nov 25, 2024",OG File,CD Quality,https://pillows.su/f/1b81edca23f763aef692fdcb4daab19a
Satchamo,"Kanye West , Ty Dolla $ign - FUKK SUM (Remix) 
(feat. Playboi Carti, Travis Scott, Quavo, Ant Clemons) (prod. Digital Nas, Timbaland, SHDØW, Hubi & JPEGMAFIA)
(Quavo)","OG Filename : FUKK SUM 3.18.24 ME- F REF 5 ANT
Version of the ""FUK SUMN"" remix with the Quavo verse, added production & feature from Ant Clemons. Dated from March 18, 2024",3:51,"Mar 18, 2024","Nov 21, 2024",OG File,CD Quality,https://pillows.su/f/c5c95c268b6a75ed41e1881980b4b9e6
Culture III,"Sleep
(prod. DJ Durel)
(Line In The Bando)","OG Filename : MIGOS - SLEEP PROD. DUREL
First previewed by Offset & Quavo on July 13, 2020",2:55,,"Nov 16, 2024",OG File,CD Quality,https://pillows.su/f/03ff0cfeef597998768b85c45914a57f
Culture III,"Money Dance
(prod. Gezin)","OG Filename : migos - money dance v2.1 (DEPORTED 19GZ)
Throwaway from the Culture III sessions",3:33,,"Nov 13, 2024",OG File,CD Quality,https://pillows.su/f/a28f46453d743b5985cc935e9f6e5180
Culture III,"Slide
(prod. Murda Beatz, Zaytoven, DJ Durel)
(Spin Slide)","OG Filename : Migos - SLIDE PROD.MURDA ZAY DUREL1
Throwaway from the Culture III sessions",2:49,,"Nov 13, 2024",OG File,CD Quality,https://pillows.su/f/71f07c7e377a045d902662d0364bedec
Posthumous career,"Kanye West, Ty Dolla $ign - Let Me Chill Out [V6]
(ref. Bump J) (feat. Takeoff, Rich The Kid, YounBoy Never Broke Again) (prod. Buddah Bless)
(Ye About Mine)
(Takeoff)","Version of ""Let Me Chill Out"" with Bump J doing a reference for Kanye's verse",2:31,,"Nov 13, 2024",Full,High Quality,
Father Of 4,"YoungBoy Never Broke Again - R.I.P. 
(feat. Offset) (prod. DJ Chose)
(Offset)","OG Filename : DJChose.Offset.NBAYoungboy - R.I.P. - 5.15.18j
OG file for YoungBoy Never Broke Again's ""R.I.P."" featuring Offset. Dated from May 15, 2018",2:33,"May 15, 2018","Nov 11, 2024",OG File,CD Quality,https://pillows.su/f/d74ae19bf78011a9f3b3b5c08200b6f0
SET IT OFF,"Ken Carson - Wockstar
(feat. Offset) (prod. Styn, Max Lord)
(Offset)","OG Filename : EMPTY 125 styn lord stems n shit ken offset v1
Feature recorded during the ""X"" sessions",3:25,,"Nov 8, 2024",OG File,CD Quality,https://pillows.su/f/0111192c04662c778dea867ee1c274c0
Posthumous career,"Kanye West, Ty Dolla $ign - Let Me Chill Out [V2]
(feat. Takeoff, Rich The Kid, YounBoy Never Broke Again) (prod. Buddah Bless)
(Ye About Mine)
(Takeoff)","Version of ""Let Me Chill Out"" with an open verse meant for Kanye",2:30,,"Nov 3, 2024",OG File,CD Quality,https://pillows.su/f/e189a23a29dcbda757496de0fa6f9694
Posthumous career,"Kanye West, Ty Dolla $ign - Let Me Chill Out [V3]
(feat. Takeoff, Rich The Kid, YounBoy Never Broke Again) (prod. Buddah Bless)
(Ye About Mine)
(Takeoff)","OG Filename: Ye About Mine - 230308
Version of ""Let Me Chill Out"" with an offbeat Ye verse. Dated from March 8, 2024",2:30,"Mar 8, 2024","Nov 3, 2024",OG File,CD Quality,https://pillows.su/f/c753920f3f7729da4fdc7919a172721f
Posthumous career,"Kanye West, Ty Dolla $ign - Let Me Chill Out [V4]
(feat. Takeoff, Rich The Kid, YounBoy Never Broke Again) (prod. Buddah Bless)
(Ye About Mine)
(Takeoff)","OG Filename: YE ABOUT MINE - ye ref 1
Version of ""Let Me Chill Out"" with Ye harmonising on the beat instead of rapping",2:30,,"Nov 3, 2024",OG File,CD Quality,https://pillows.su/f/8b3d7971135fff19d985512d784b6f11
Posthumous career,"Kanye West, Ty Dolla $ign - Let Me Chill Out [V5]
(feat. Takeoff, Rich The Kid, YounBoy Never Broke Again) (prod. Buddah Bless)
(Ye About Mine)
(Takeoff)","OG Filename: YE ABOUT MINE - ye ref 2
Version of ""Let Me Chill Out"" similar to YE ABOUT MINE - ye ref 2",2:30,,"Nov 3, 2024",OG File,CD Quality,https://pillows.su/f/0e5d101c1d55a527bc854b19ad16476f
Posthumous career,"Kanye West, Ty Dolla $ign - Let Me Chill Out [V8]
(ref. Young Moose) (feat. Takeoff, Rich The Kid, YounBoy Never Broke Again) (prod. Buddah Bless)
(Ye About Mine)
(Takeoff)","OG Filename: YE ABOUT MINE X MOOSE ref 1
Version of ""Let Me Chill Out"" with Young Moose doing a reference for Kanye's verse",2:31,,"Nov 3, 2024",OG File,CD Quality,https://pillows.su/f/665cca71491cecd9ac0364ae1d7786c2
Posthumous career,"Kanye West, Ty Dolla $ign - Let Me Chill Out [V9]
(ref. Young Moose) (feat. Takeoff, Rich The Kid, YounBoy Never Broke Again) (prod. Buddah Bless)
(Ye About Mine)
(Takeoff)","OG Filename: YE ABOUT MINE X MOOSE ref 2
Version of ""Let Me Chill Out"" somilar to YE ABOUT MINE X MOOSE ref 2",2:31,,"Nov 3, 2024",OG File,CD Quality,https://pillows.su/f/339bb83f1ec0a9e9da826d06af9610e7
Satchamo,"Ty Dolla $ign - Paperwork [V13]
(feat. Quavo) (prod. Kanye West, Digital Nas, The Legendary Traxster, 88-Keys, Swizz Beatz)
(Quavo)","OG Filename: Paperwork M8 24 bit
Alternate mix for ""Paperwork""",2:25,,"Oct 17, 2024",OG File,CD Quality,https://pillows.su/f/252344da8d9efdc0315968dd34407974
Culture III,"No Trust [V2]
(prod. Gezin)
(Offset)","OG Filename : NO_TRUST__GEZIN_
Complete version of ""No Trust""",2:25,,"Aug 18, 2024",OG File,CD Quality,https://pillows.su/f/27173cb8645679046ce1be702ea18440
Culture III,"Spin The Block
(prod. Mahd McLaren)
(Offset)","OG Filename : Offset -Spin The Block1
Previewed in 2020",1:46,,"Aug 16, 2024",Full,CD Quality,
Culture III,"Fuck On Da Car
(prod. Murda Beatz)","OG Filename : migos-fuck-on-da-car
First previewed by Offset in August 2020. Dated from July 26, 2020",4:18,"Jul 26, 2020","Aug 15, 2024",OG File,CD Quality,https://pillows.su/f/b80b3a1f4f66ff51418df38a564166fa
Cheat Code,"I Ain't Got It
(prod. Pyrex)
(Quavo)","OG Filename : 02 I Ain't Got It 3
Previewed by Quavo on September 27, 2021",2:01,,"Aug 15, 2024",OG File,CD Quality,https://pillows.su/f/908bc72f9d2dcf9182bc6f5834029ffe
Cheat Code,"Going Fa Nan
(Quavo)","OG Filename : 01 Going Fa Nan
Previewed on February 10, 2022 & on April 4, 2022",2:08,,"Aug 13, 2024",OG File,CD Quality,https://pillows.su/f/f8590fa667d1220d8e896473f2e33bdf
Collaboration with Rich The Kid,"Warren Buffet
(with Rich The Kid) (prod. DJ Durel)
(Takeoff)","Previewed by Rich The Kid on February 19, 2023",3:12,,"Jul 28, 2024",Full,CD Quality,
Father Of 4,"Ball With My Bros
(prod. Murda Beatz])
(Offset)",Throwaway from the Father Of 4 sessions,2:06,,"Jul 11, 2024",Full,CD Quality,
QUAVO HUNCHO,"EVERYWHERE WE GO
(feat. Vince Staples) (prod. Boombox Cartel)
(Quavo)","OG Filename  : Boombox Cartel - Everywhere We Go Feat Quavo Vince Staples
Throwaway from the QUAVO HUNCHO sessions",3:02,,"Jul 4, 2024",OG File,CD Quality,https://pillows.su/f/5063063b1049d4997b89dfd84632f1d3
Culture,"PARTYNEXTDOOR - Tequila [V3]
(with Quavo) (prod. Murda Beatz, Cubeatz)
(Quavo)","OG Filename : PNQ TEQUILA
Complete version of ""Tequila""",3:41,,"Jul 4, 2024",OG File,CD Quality,https://pillows.su/f/d995a4b8f1bac490ef6105a4a3b7efea
Culture,"Servin
(with PARTYNEXTDOOR)
(Quavo)","OG Filename : PND x QUAVO - SERVIN
Features a long Quavo verse with no hook and some backing PARTYNEXTDOOR vocals",1:13,,"Jul 4, 2024",OG File,CD Quality,https://pillows.su/f/d7a65ef1eb1cdcfd023ab1d2d95265f5
Culture,"PARTYNEXTDOOR - Skip Dat [V2]
(with Quavo)
(Quavo)","OG Filename : PND SKIP DAT_V.2
Open verse version of ""Skip Dat""",3:20,,"Jul 4, 2024",OG File,CD Quality,https://pillows.su/f/f1427546fcc4822672e618560ba69c74
Culture,"PARTYNEXTDOOR - Skip Dat [V3]
(with Quavo)
(Quavo)","OG Filename : PNQ SKIP DAT
Complete version of ""Skip Dat""",3:23,,"Jul 4, 2024",OG File,CD Quality,https://pillows.su/f/83949a421fee3037160e7604dfbaab98
Culture,"PARTYNEXTDOOR - Feel A Way [V1]
(with. Quavo)
(Quavo)","OG Filename : PND x QUAVO - FEEL A WAY
Feature from 2016",4:58,,"Jul 4, 2024",OG File,CD Quality,https://pillows.su/f/48fce06fcfdbc87c98df54e81536cc25
Culture,"PARTYNEXTDOOR - Feel A Way [V2]
(with. Quavo)
(Quavo)","OG Filename : PND x QUAVO - FEEL A WAY v.2
Version of ""Feel A Way"" with a better mix",5:20,,"Jul 4, 2024",OG File,CD Quality,https://pillows.su/f/01931916a6717bf59cf1ba3726cf036c
Culture,"Last Night [V2]
(with. PARTYNEXTDOOR) (prod. Mally Mall)
(Quavo)","OG Filename : Px x Quavo Last Night
Version of ""Last Night"" featuring PARTYNEXTDOOR",3:45,,"Jul 4, 2024",OG File,CD Quality,https://pillows.su/f/0e226894c7a7eda5b6fc925ddfef2341
Culture,"PARTYNEXTDOOR - More [V2]
(with Quavo) (feat. Lil Wayne) (prod. Murda Beatz, Cubeatz)
(Quavo)","OG Filename : PNQ MORE PX V.1
Version of ""More"" featuring Lil Wayne & slightly more PARTYNEXTDOOR vocals",4:01,,"Jul 4, 2024",OG File,CD Quality,https://pillows.su/f/9d77a022ad79709f8aa10908c92c64c7
Culture,"PARTYNEXTDOOR - Not Lost [V1]
(prod. Murda Beatz)
(Quavo)","OG Filename : PNQ NOT LOST
Mumble demo with an open verse for Quavo",3:38,,"Jul 4, 2024",OG File,CD Quality,https://pillows.su/f/c34e30e595cb8281f0b22cbc9f0e8533
Culture III,"No Option
(prod. Gezin)
(Offset)","OG Filename : offset - no option v1.0 (gezin use 48k)
Throwaway from the Culture III sessions",2:01,,"Jul 4, 2024",OG File,CD Quality,https://pillows.su/f/90ee16756c97bd1513b1ed6fc12fc864
Father Of 4 (Deluxe),"Liu Kang
(prod. Southside)
(Offset)","OG Filename : Liu Kang
Throwaway from the Father Of 4 sessions",2:27,,"Jul 4, 2024",OG File,CD Quality,https://pillows.su/f/2fe25bb6b08993aca9b38eb5da25f736
Father Of 4,"12
(prod. Tasha Catour)
(Offset)","Previewed by Offset on May 5, 2018",2:58,,"Jul 4, 2024",Full,CD Quality,
Father Of 4,"Mulsane
(prod. CHASE B)
(Offset)","Previewed by Chase B on September 27, 2021",2:10,,"Jul 4, 2024",Full,CD Quality,
Culture,"PARTYNEXTDOOR - She A Fan
(feat. Offset)
(Offset)","OG Filename : PND SHE A FAN OFFSET
Feature recoreded during the PARTYNEXTDOOR 3 (P3) sessions",3:05,,"Jul 4, 2024",OG File,CD Quality,https://pillows.su/f/0def9781c63c46a9f7963e5717c6ee00
Culture,"PARTYNEXTDOOR - Donkey [V1]
(Quavo)","OG Filename : PND x QUAVO DONKEY HK
Contains a short hook by PARTYNEXTDOOR & no Quavo",1:29,,"Jul 1, 2024",OG File,CD Quality,https://pillows.su/f/d4c4f9cce180fea0eb165ea6db09441b
Culture,"PARTYNEXTDOOR - Tequila [V1]
(with Quavo) (prod. Murda Beatz, Cubeatz)
(Quavo)","OG Filename: 20160610 014850
Short iPhone voice memo featuring PARTY mumbling. Dated from June 10, 2016",,"Jun 10, 2016","Jul 1, 2024",OG File,CD Quality,https://pillows.su/f/dce0af9742b8f7cfa1a9ff9aae3b62ea
QUAVO HUNCHO,"WANT SOME
(feat. Crash Rarri) (prod. OG Parker, Hitmaka, Smash David)
(Quavo)","OG Filename : QUAVO x CRASH RARRI - WANT-SOME (open-verse)
Open verse demo from the QUAVO HUNCHO sessions",4:11,,"Jun 17, 2024",OG File,Lossless,https://pillows.su/f/c70245d1b266d184d6414a8cd58d2240
Culture III,"Layton Greene - Mood Swings
(feat. Quavo)
(Quavo)","OG Filename  : Quavo x Layton Greene - Mood Swings
Throwaway from Quality Control's ""QCCTS2""",2:29,,"Jun 3, 2024",OG File,CD Quality,https://pillows.su/f/1d103e4eccc599b07f3e906a9d7caf50
No Label II,"Excited
(prod. Mustard)","OG Filename : Excited
Throwaway from the No Label II sessions",3:34,,"May 27, 2024",OG File,CD Quality,https://pillows.su/f/77955b5e1cb64c24c7c55d44dbeb0a8d
No Label II,"Light Weight
[prod. StackboyTwaun]","OG Filename : Migos - Light Weight Prod. StackboyTwaun
Throwaway from the No Label II sessions",4:12,,"May 27, 2024",OG File,CD Quality,https://pillows.su/f/96067b789ff022a8c419e001c8330bab
No Label II,"Unknown - Northside
(feat. Migos)","OG Filename : NORTHSIDE Migos
Features an unknown female artist",3:02,,"May 27, 2024",OG File,CD Quality,https://pillows.su/f/aa5d46c999ea87f6cb1c81f8b98633d4
Culture III,"Untitled
(feat. DaBaby) (prod. DJ K.i.D.)
(Offset)","OG Filename : dababy x offset 5
Previewed by DaBaby on August 2021",2:38,,"May 27, 2024",OG File,CD Quality,https://pillows.su/f/ecbb567608f258aec7e59a9649809d7e
Culture,"Gunna - Beat the Case [V2]
(feat. Offset) (prod. Turbo, Yung Jetpacc)
(Offset)","OG Filename: GUNNA X OFFSET - BEAT THE CASE_01
OG file for bonus track 15 on Drip Season 2, ""Beat the Case"" featuring Offset.",3:28,,"May 26, 2024",OG File,CD Quality,https://pillows.su/f/65eddb01a89d55b3827455ce67a108fa
Satchamo,"Ty Dolla $ign - Fuk Sumn [V5]
(feat. Quavo, Playboi Carti)
(Quavo)","Version with the full Quavo verse, no Kanye",3:25,,"May 21, 2024",Full,CD Quality,
Culture III,"Tory Lanez - Gucci Bandana
(feat. Quavo) (prod. Smash David)
(Quavo)","OG Filename : Tory Lanez Feat. Quavo - Gucci Bandana
Feature recorded during the Chixtape 5 sessions",3:48,,"Apr 29, 2024",OG File,CD Quality,https://pillows.su/f/0d25e4de5e2dbdbd7c95c1277467d08d
Culture,"Gunna - Beat the Case [V1]
(feat. Offset) (prod. Turbo, Yung Jetpacc)
(Offset)","OG Filename: Set Gunna - Beat The Case
Alternate mix of ""Beat the Case""",3:26,,"Apr 26, 2024",OG File,CD Quality,https://pillows.su/f/87470a101c39d2b42bf015cc38f45bff
Cheat Code,"Saved Us
(feat. Lil Yachty, Jamila Woods)
(Quavo)","OG Filename : Saved Us
Song is allegdly from 2021. No information available",3:36,,"Apr 11, 2024",OG File,CD Quality,
Culture III,"Young Nudy - The One They Warned
(feat. Offset) (prod. Mahd McLaren)
(Warned)
(Offset)","OG Filename : the one they warned nudy offset ML v1
First previewed in September 2021",3:16,,"Apr 4, 2024",OG File,CD Quality,https://pillows.su/f/496c014e2b8385354016f58921d0b9b4
KIARI,"Hold On
(Offset)","Previewed by Offset on January 20, 2024",2:20,,"Apr 3, 2024",Full,CD Quality,
Culture,"PARTYNEXTDOOR - Tequila [V2]
(with Quavo) (prod. Murda Beatz, Cubeatz)
(Quavo)","OG Filename : PNQ TEQUILA
 Version of ""Tequila"" with a 10-second pause of instrumental before PARTY 's verse",3:50,,"Mar 22, 2024",Full,CD Quality,
Culture III,"Avalanche [V1]
(prod. DJ Durel, Quavo)
(Rolling Stone)","OG Filename : 01 MIGOS Rolling Stone V1
Version of ""Avalanche"" with an awful mix",3:26,,"Mar 16, 2024",Full,CD Quality,
Culture III,"Justin Bieber - Ketchup Relish [V3]
(feat. Quavo, 2 Chainz) (prod. Boo Bear)
(Quavo)","OG Filename : KETCHUP RELISH 07 JBJGTT
Feature recorded during the Changes sessions",3:18,,"Mar 8, 2024",OG File,CD Quality,https://pillows.su/f/0b437cc68a7dd32e84117391aef81e15
Father Of 4,"Cap Is Irrelevant [V2]
(feat. YFN Lucci) (prod. FARRI, Metro Boomin)
(Offset)","OG Filename : Lucci x Offset - Cap Is Irrelevant Ruff_03
Version of ""Cap Is Irrelevant"" featuring YFN Lucci",2:58,,"Feb 19, 2024",Full,CD Quality,
Satchamo,"Ty Dolla $ign - Paperwork [V5]
(feat. Quavo) (prod. 88-Keys)
(Quavo)","OG Filename : Paperwork - r9
Version of ""Paperwork"" with pitched up mumble Ye vocals",2:02,,"Feb 8, 2024",OG File,CD Quality,
Culture III,"Kick Rocks
(feat. Rich The Kid, Lil Pump) (prod. Thank You Fizzle)
(Takeoff)","OG Filename : Lil Pump ft Takeoff & Rich The Kid - Kick Rocks prod by Fizzle
First previewed by Lil Pump in December 2020",1:58,,"Jan 19, 2024",OG File,CD Quality,https://pillows.su/f/e20c1691963711b86372819b16bbb0da
Culture III,"Pop Smoke - West Coast Shit [V1]
(with Quavo) (prod. Mustard, Bongo)
(Quavo)","OG Filename : QUAVO-POPSMOKE-1
Original version of ""West Coast shit"" with a different mixing, structure & outro. Dated from January 16, 2020",3:33,"Jan 16, 2020","Jan 16, 2024",OG File,Lossless,https://pillows.su/f/08178566f4d160f400f29bdd80e95498
Culture,"Young Thug - Pick Up The Phone [V7]
(feat. Quavo, Travis Scott) (prod. Vinylz, Ging, Allen Ritter)
(Quavo)","OG Filename : Pick up The Phone Mix 32 Explicit
Final mix, dated between May 20-29, 2016. Leaked January 10, 2024.",4:12,,"Jan 10, 2024",OG File,Lossless,https://pillows.su/f/359d6b4474a6ffeca5e19241848a4ad8
Culture,"Playboi Carti - Yah [V3]
(feat. Offset) (prod. Digital Nas)
(Offset)","OG Filename: PLAYBOI CARTE- yah OffSet
Version of 'Yah' featuring Offset & with different mixing",2:48,,"Jan 7, 2024",OG File,CD Quality,https://pillows.su/f/7c7b17398cdfd0ab8e79c71def340631
Yung Rich Nation,"Fuck U Talkin'
(feat. Meek Mill)",Throwaway from the Yung Rich Nation sessions,3:56,,"Jan 1, 2024",Full,CD Quality,
Culture II,"Lil Yachty - STR8
(feat. Quavo) (prod. Don Cannon)
(Quavo)","OG Filename : lil yachty x quavo - str8 prod don cannon
Feature recorded during the ""Lil Boat 2"" sessions",1:39,,"Dec 24, 2023",OG File,CD Quality,https://pillows.su/f/e369164ff9534b95ac1a40a9f2323345
Culture II,"Zaytoven - Back On It [V3]
(feat. Offset, Travis Scott, Young Scooter) (prod. Zaytoven, Metro Boomin)
(Offset)","OG Filename : Back On It (Main)_04
Version of ""Back On It"" with Young Scooter's verse now at the end & Travis's cut from the intro. Dated from October 30, 2017.",4:16,"Oct 30, 2017","Dec 10, 2023",OG File,CD Quality,https://pillows.su/f/b82f7b94872fa902eb4a8699db5d50e7
Culture II,"Zaytoven - Back On It [V4]
(feat. Offset, Travis Scott, Young Scooter) (prod. Zaytoven, Metro Boomin)
(Offset)","OG Filename : Back On It (Main)_06
Version of ""Back On It"" with Travis's verse the end of the song. Dated from October 30, 2017",4:16,"Oct 30, 2017","Dec 10, 2023",OG File,CD Quality,https://pillows.su/f/c628a7fcd4b75db28ef2b75386213dfe
Culture,"Kanye West - Champions [V6]
(with Quavo, Gucci Mane, Big Sean, 2 Chainz, Travis Scott, Yo Gotti, Desiigner) (prod. Kanye West, A-Trak, MIKE DEAN, Derek Watkins, Noah Goldstein, Charlie Heat)
(Quavo)","OG Filenames: Champions Ref 3 (6.3.16)
Alternate OG Filename : Champions AK M1 EXPLICIT (6.3.16)
Early version with alternate vocal takes, different adlibs & Quavo's hook being repeated at 2:37. Dated from June 3, 2016",5:49,"Jun 3, 2016","Nov 30, 2023",OG File,CD Quality,
Unknown,"Blitz
(Offset)",,1:53,,"Nov 30, 2023",Full,CD Quality,
Culture III,"Lil Keed - 38 Shooters
(feat. Offset) (prod. Earl on the Beat)
(Offset)",,3:27,,"Nov 29, 2023",Full,CD Quality,
Culture III,"Gunna - Money All In [V2]
(feat. Offset) (prod. RVSSIAN)
(Offset)","OG Filename : (untitled) feat. Offset & Rvss
Throwaway which was seemingly recorded post-a Gift & a Curse due to Gunna's lyrics. However, this is debated due to a Gunna himself denying that the track is from 2023 in response to a fan account's question.",2:17,,"Nov 6, 2023",OG File,CD Quality,https://pillows.su/f/4edbf238f3f44345797d539ae57558b3
Post Culture III,"Kanye West - We Did It Kid [V40]
(feat. Quavo, Offset) (prod. Digital Nas,  BoogzDaBeast)","OG Filename : WE DID IT FT MIGOS FULL
Version of ""We Did It Kid"" with Digital Nas pitched/sped up production. Dated from February 18, 2022",4:21,"Feb 18, 2022","Oct 20, 2023",OG File,CD Quality,https://pillows.su/f/30b7e91f7c77d6ff58d20cee791352de
Post Culture III,"Kanye West - We Did It Kid [V58]
(feat. Quavo, Offset, Baby Keem) (prod. Digital Nas, Tom Levesque, Ojivolta, FNZ, Scott Bridgeway, Jahaan Sweet, Ryan Svendsen)","OG Filename: WE DID IT KID MIKE DEAN MIX 2 2 CLEAN
Has the mumble verse added back, but no Fat Money bridge. Dated from March 1, 2022",3:53,"Mar 1, 2022","Oct 2, 2023",OG File,Lossless,
Post Culture III,"Kanye West - We Did It Kid [V47]
(feat. Quavo, Offset, Baby Keem) (prod. Digital Nas, Tom Levesque, Ojivolta, FNZ, Scott Bridgeway, Jahaan Sweet, Ryan Svendsen)","OG Filename : We Did It Kid 83 Horns v.2 OxV
Version close to release similar to the stem player version. Dated from February 21, 2022",2:55,"Feb 21, 2022","Sep 17, 2023",OG File,CD Quality,https://pillows.su/f/da5dab746a89b9ccba0d2ea2240a1e3b
Culture III,"Went Wrong 
(feat. Anuel AA) (prod. Pharell Williams)
(Quavo)","OG Filename : Migos Went Wrong 2.2 LT 9.14.20
Throwaway from the Culture III sessions. Dated from September 14, 2020",3:15,"Sep 14, 2020","Sep 7, 2023",OG File,CD Quality,https://pillows.su/f/ae1a32703c8183b20d5268bfac4b501d
MigoThuggin,"My Bitches Love Me [V1] 
(prod. London on da Track)","Version of ""My Bitches Love Me"" from December 9, 2015",4:02,"Dec 9, 2015","Aug 30, 2023",Full,CD Quality,
Unknown,"Tyga - Adrenaline
(feat. Offset)
(Offset)","OG Filename : TYGA - ADRENALINE FT . OFFSET MX14 (erf
Version of ""Adrenaline"" featuring Offset",3:13,,"Aug 7, 2023",Full,CD Quality,
Culture III,"CHASE B - Ring Ring [V2]
(feat. Quavo, Travis Scott, Don Toliver, Ty Dolla $ign) (prod. BRYVN, CHASE B)
(Quavo)","OG Filename : RING RING 713 MIX 3
Previewed by Chase B on September 27, 2021",3:43,,"Jul 15, 2023",OG File,CD Quality,https://pillows.su/f/15084d07c8ebbc13f59ad485685e159c
Culture II,"Future, Young Thug - Untitled
(feat. Quavo) (prod. Richie Souf, Murda Beatz)
(Quavo)","OG Filename : richie souf 09.15.2017 2
Feature recorded during the ""SUPER SLIMEY"" sessions. Dated from September 15, 2017",2:05,"Sep 15, 2017","Jul 10, 2023",OG File,CD Quality,https://pillows.su/f/e1bcffc5405eb8a9077ad051f358f22c
Culture II,"Future, Young Thug - Untitled
(feat. Quavo) (prod. Murda Beatz, G. Ry)
(Quavo)","OG Filename : murda beats 09.15.2017 2 01
Feature recorded during the ""SUPER SLIMEY"" sessions. Dated from September 15, 2017",2:28,"Sep 15, 2017","Jul 10, 2023",OG File,CD Quality,https://pillows.su/f/8d771c830c49a1bbbfb8128dc6d4ba50
Culture III,"Pop Smoke - Shake The Room [V2]
(with Quavo) (prod. 808 Melo)
(Quavo)","OG Filename: SHAKE THE ROOM MAIN
OG file for ""Shake The Room"". Dated February 21, 2020.",2:46,"Feb 21, 2020","Jul 5, 2023",OG File,CD Quality,https://pillows.su/f/28b4d91b708c6c0bea336537ee55eb36
Culture III,"Pop Smoke - Shake The Room [V2]
(with Quavo) (prod. 808 Melo)
(Quavo)","OG Filename: SHAKE THE ROOM CLEAN
OG file for the clean version of ""Shake The Room"". Dated February 21, 2020.",2:46,"Feb 21, 2020","Jul 5, 2023",OG File,CD Quality,https://pillows.su/f/4fa3a9c0e6235bc1f2a8ae88dfbb413b
MigoThuggin,"F Cancer (Boosie) [V1]
(feat. Quavo) (prod. Resource, Mike WiLL Made-It)
(My Pivot, Fuck Cancer)
(Quavo)","OG Filename: Young Thug feat. Migos - My Pivot
Original version of track 1 on I'm Up,""F Cancer (Boosie)"" featuring Quavo",4:08,,"Jun 13, 2023",OG File,CD Quality,https://pillows.su/f/c172d1750382e319bdab0709e20bad61
Post Culture III,"Kanye West - We Did It Kid [V65]
(feat. Quavo, Offset, Baby Keem) (prod. Digital Nas, Tom Levesque, Ojivolta, FNZ, Scott Bridgeway, Jahaan Sweet, Ryan Svendsen)","OG Filename: WE DID IT KID MIKE DEAN MIX 7 CLEAN
Alternate mix considered for the GOOD Fridays 2022 releases. Has clean Ye vocals. Dated from April 9, 2022",3:55,"Apr 9, 2022","May 26, 2023",OG File,CD Quality,
Post Culture III,"Kanye West - We Did It Kid [V63]
(feat. Quavo, Offset, Baby Keem) (prod. Digital Nas, Tom Levesque, Ojivolta, FNZ, Scott Bridgeway, Jahaan Sweet, Ryan Svendsen)","OG Filename: WE DID IT KID MIKE DEAN MIX 5 CLEAN NO ALT 808
Mostly the same as the previous mix, but Ye's verse uses the same 808 pattern as the rest of the song rather than the altered one. Dated from March 21, 2022",3:55,"Mar 21, 2022","May 26, 2023",OG File,Lossless,
Post Culture III,"Kanye West - We Did It Kid [V62]
(feat. Quavo, Offset, Baby Keem) (prod. Digital Nas, Tom Levesque, Ojivolta, FNZ, Scott Bridgeway, Jahaan Sweet, Ryan Svendsen)","OG Filename: WE DID IT KID MIKE DEAN MIX 4 CLEAN_01
Finished version. Has a complete 1:30 long Ye verse, largely based on the Fivio Foreign reference track. Also has a re-recorded bridge from Ye based on the Fat Money version. Includes an altered 808 pattern during Ye's verse. Migos vocals are censored - including the word ""Kim"". Dated from March 19, 2022",3:55,"Mar 19, 2022","May 26, 2023",OG File,Lossless,
Post Culture III,"Kanye West - We Did It Kid [V59]
(ref. Fat Money, Fivio Foreign) (feat. Quavo, Offset, Baby Keem) (prod. Digital Nas, Tom Levesque, Ojivolta, FNZ, Scott Bridgeway, Jahaan Sweet, Ryan Svendsen)","OG Filename: YE X MIGOS X FIVI - WE DID IT
Features alternate production from the previous Fat Money reference track, and Fivio Foreign vocals. Dated from March 2, 2022",4:00,"Mar 2, 2022","May 26, 2023",OG File,CD Quality,
Post Culture III,"Kanye West - We Did It Kid [V55]
(ref. Fat Money)(feat. Quavo, Offset, Baby Keem) (prod. Digital Nas, Tom Levesque, Ojivolta, FNZ, Scott Bridgeway, Jahaan Sweet, Ryan Svendsen)","OG Filename: We Did it Kid - Longer Ye Verse for Fill-ins.02
Has the Fat Money bridge, and a mumble Ye verse at the end. Dated from February 28, 2022",3:53,"Feb 28, 2022","May 26, 2023",OG File,CD Quality,
Post Culture III,"Kanye West - We Did It Kid [V52]
(feat. Quavo, Offset, Baby Keem) (prod. Digital Nas, Tom Levesque, Ojivolta, FNZ, Scott Bridgeway, Jahaan Sweet, Ryan Svendsen)","OG Filename : WE DID IT KIDE MIKE DEAN MIX 2_03
Censored version of the previous mix. Dated from February 22, 2022",2:48,"Feb 22, 2022","May 26, 2023",OG File,Lossless,https://pillows.su/f/8c629570ffe4543ad6319faac94ba337
Post Culture III,"Kanye West - We Did It Kid [V49]
(feat. Quavo, Offset, Baby Keem) (prod. Digital Nas, Tom Levesque, Ojivolta, FNZ, Scott Bridgeway, Jahaan Sweet, Ryan Svendsen)","OG Filename : WE DID IT KID MIKE DEAN MIX 2
Played at the Donda 2 listening party in Miami. Dated from February 22, 2022",2:48,"Feb 22, 2022","Apr 30, 2023",OG File,Lossless,https://pillows.su/f/dcb3414674d22ef120c61bc90e1c9724
Culture III,"Rapunzel
(feat. Selena Gomez) (prod. Murda Beatz)
(Quavo)","OG Filename : Quavo SG Rapunzel REF1.0
Throwaway from the Culture III sessions",3:26,,"Apr 30, 2023",OG File,CD Quality,https://pillows.su/f/fa7c5e240dc8daa85946106fd9191793
Post Culture III,"Kanye West - We Did It Kid [V34]
(feat. Quavo, Offset) (prod. AyoAA, Ojivolta)","OG Filename : Ye x Quavo - We did it kid REF 2 15 24
First known version with Quavo vocals. Dated from February 15, 2022",3:11,"Feb 15, 2022","Apr 28, 2023",OG File,CD Quality,https://pillows.su/f/75f6d70b7904e4b93a5181041a8303a3
Post Culture III,"Kanye West - We Did It Kid [V41]
(feat. Migos, Rich The Kid) (prod. AyoAA, Ojivolta)","OG Filename : We Did It Kid REF 2_19_22
Version of ""We Did It Kid"" with all 3 Migos, a Rich The Kid verse & the mumble Ye verse. Dated from February 19, 2022",4:05,"Feb 19, 2022","Apr 28, 2023",OG File,Lossless,https://pillows.su/f/96dff0f221dfde512fc34f93fecb1a94
Culture III,"Type Shit [V1]
(prod. CIAGA, Murda Beatz, Pooh Beatz, Rvnes, Section 8, Tay Keith)","OG Filename : TYPE SHIT MIGOS MURDA
Version of ""Type Shit"" before Cardi B was added to the track",,,"Apr 28, 2023",Full,CD Quality,
Cheat Code,"Kanye West - We Did It Kid [V39]
(feat. Quavo) (prod. AyoAA, Ojivolta)
(Quavo)","OG Filename : AyoAA We did it kid V5 Ye x Quavo
Has alternate Quavo vocals. Dated from February 16, 2022",3:16,"Feb 16, 2022","Apr 28, 2023",OG File,Lossless,https://pillows.su/f/720245d142364dbfe68e3e5f96478981
SET IT OFF,"Kanye West - We Did It Kid [V6]
(feat. Offset) (prod. AyoAA)
(Offset)","OG Filename : AyoAA we did it kid ye V1 1
Version of ""We Did It Kid"" featuring Offset. Dated from February 10, 2022",3:30,"Feb 10, 2022","Apr 28, 2023",OG File,Lossless,https://pillows.su/f/f836faa347125c99d52075d7f87e8a1a
SET IT OFF,"Kanye West - We Did It Kid [V7]
(feat. Offset) (prod. AyoAA)
(Offset)","OG Filename : Offset - AyoAA We Did It kid - Offset Verse
Version of ""We Did It Kid"" with a better mix. Dated from February 10, 2022",3:30,"Feb 10, 2022","Apr 28, 2023",OG File,CD Quality,https://pillows.su/f/5a656c293a14a4e1e8a4a0f221391b2f
SET IT OFF,"Trippie Redd - Big 14 [V3]
(feat. Offset, Moneybagg Yo) (prod. Honorable C.N.O.T.E.)
(Offset)","OG Filename : AUDIO_3150
OG File (Metadata) : TRIPPIE REDD BIG 14 BAGG VS
Version of ""Big 14"" featuring Offset & Moneybagg Yo with an alternate mixing",4:08,,"Apr 28, 2023",OG File,CD Quality,https://pillows.su/f/0eb6693e5403c033340dc6668378af88
Cheat Code,"Motion
(feat. Big Scarr, Almighty Jay) (prod. DJ X.O.)
(Quavo)","First previewed on December 31, 2021",2:42,,"Apr 21, 2023",Full,CD Quality,
Culture III,"Pop Smoke - Snitchin [V7]
(with Quavo) (feat. Future, Polo G) (prod. Seth The Chef, Buddah Bless)
(Quavo)","OG Filename : snitchin LB NEWEST MAIN MIX 02
Version of ""Snitching"" featuring Polo G. Lacks the intro & no verse from Quavo. Dated from June 25, 2020",3:23,"Jun 25, 2020","Apr 10, 2023",OG File,Lossless,https://pillows.su/f/6b30d8d00b7c8128f649ed2d5a5546b4
Collaboration with Rich The Kid,"Let Me Chill Out
(with Rich The Kid) (feat. YoungBoy Never Broke Again) (prod. Buddah Bless)
(Takeoff)","OG Filename : Let Me Chill Out v1.3_Takeoff x YB x RTK_Buddah
First previewed by Rich The Kid in April 2022",2:14,,"Apr 3, 2023",OG File,CD Quality,https://pillows.su/f/6f0a47c4f89b783d1dc0344dac52150e
SET IT OFF,"NEW YEAR
(feat. G Herbo) (prod. FOREERROLLING, Tizzle, SHEVY DEAL)
(Offset)","OG Filename : Offset x G Herbo - New Year
Throwaway from the SET IT OFF sessions",2:44,,"Mar 12, 2023",Full,CD Quality,
Culture II,"DJ Khaled - I'm The One [V1]
(feat. Quavo, Justin Bieber, Chance The Rapper, Lil Wayne) (prod. DJ Khaled, LetMeSeeYou)
(Quavo)","OG Filename : DJ KHALID x JB x QUAVO x CHANCE x WAYNE 05 1
OG file for DJ Khaled's ""I'm The One"", missing DJ Khaled's backgroud vocals on the outro",4:47,,"Jan 18, 2023",OG File,CD Quality,https://pillows.su/f/e81edf054e04028cfb7c43a271c73815
Culture III,"Jban$2Turnt - Magical Poof [V1]
(feat. Quavo, Lil Yachty) (prod. Earl On The Beat)
(Quavo)","OG Filename : Magical Poof x Lil Boat x Quavo x JBans
OG file of ""Magical Proof""",,,"Jan 12, 2023",Full,CD Quality,
No Label II,"Mike Will Made It - Whippin A Brick [V1]
(feat. Migos, Wiz Khalifa) (prod. Mike WiLL Made-It)","OG Filename : WHIPPIN A BRICK WIZ
Slightly extended outro compared to the released",,,"Dec 31, 2022",Full,CD Quality,
Father Of 4,"Untitled
(feat. Tee Grizzley) (prod. London on da Track)
(Offset)","OG Filename : Tee Grizzley x Offset - SONG 1
Feature recorded during the Still My Moment sessions",2:52,,"Dec 26, 2022",OG File,CD Quality,https://pillows.su/f/969e198f6f6ab95726326e304e4bfdb4
Without Warning,"Broke Ass Rappers
(prod. Metro Boomin)
(Offset)",Throwaway from the Without Warning sessions,2:32,,"Dec 25, 2022",Full,CD Quality,
No Label II,"Travis Scott - Quintana [Remix] [V1]
(feat. Quavo, Takeoff) (prod. Sak Pase, Travis Scott, Anthony Kilhoffer)","OG Filename : 01 QUINTANA MIGOS REMIX
Version of ""Quintana"" featuring Quavo & Takeoff. Has an open verse for Offset",5:09,,"Dec 19, 2022",OG File,CD Quality,https://pillows.su/f/fceca1fa2b39a045dc11461612055c6f
No Label II,"Travis Scott - Quintana [Remix] [V2]
(feat. Quavo, Takeoff) (prod. Sak Pase, Travis Scott, Anthony Kilhoffer)","OG Filename : Quintana_Remix_2.0
Version of ""Quintana"" nearly identical to the final release, but doesn't have the new intro from the Migos yet",4:04,,"Dec 19, 2022",OG File,CD Quality,https://pillows.su/f/374c96e1f639967a35e47eb546d11dad
Father Of 4,"Drop Top With No Roof
(Offset)",Throwaway from the Father Of 4 sessions,3:04,,"Dec 12, 2022",Full,CD Quality,
Culture III,"Just Made A Mil Today
(prod. Wheezy)
(Offset)","OG Filename : OFFSET JUST MADE A MIL TODAY
Open verse demo from the Culture III sessions",3:26,,"Dec 12, 2022",OG File,CD Quality,https://pillows.su/f/8fd1a036a72ad18beafaad9584fb4c96
Culture II,"Hit The Gas
(feat. Kodak Black) (prod. Murda Beatz)
(Offset)",Previewed in 2017,3:17,,"Dec 12, 2022",Full,CD Quality,
Father Of 4 (Deluxe),"When You Grow Up
(Offset)","OG Filename : 01 WHEN U GROW UP
Throwaway from the Father Of 4 sessions",2:49,,"Dec 12, 2022",OG File,CD Quality,https://pillows.su/f/8cc154003309e651595e8842c8842f80
YRN 2,"The Game 
(prod. Zaytoven)","OG Filename : The Game Rough
Throwaway from the YRN 2 sessions",3:57,,"Dec 9, 2022",OG File,CD Quality,https://pillows.su/f/bff771ab4ec049689c38c8c0b8f733a8
Father Of 4,"June Kane
(prod. 808 Mafia)
(Offset)","OG Filename : June Kane - offset 808 bounce ATL May 2018 0.1
Open verse demo from the ""Father Of 4"" sessions. Dated from May 1, 2018",2:36,"May 1, 2018","Dec 9, 2022",OG File,CD Quality,https://pillows.su/f/2255e69e4ed5e4f3b16a544622778efc
Culture III,"New Years Eve
(prod. D.A. Got that Dope)
(Offset)","OG Filename : DAGOTTATDOPE OFFSET NEARYEARSEVE-1
Throwaway from the Culture III sessions. Dated from December 31, 2020",2:22,"Dec 31, 2020","Dec 8, 2022",OG File,CD Quality,https://pillows.su/f/53525c102a07901e196cbe017734b38a
Culture III,"Dragons 
(feat. Mango Foo, Stunna 4 Vegas) (prod. Beezo, Cassius Jay, DJ Young Pharaoh)
(Offset)","OG Filename : OFFSET DRAGONS STUNNA MANGO_1
First previewed by Offset on October 27, 2019",3:23,,"Dec 8, 2022",OG File,CD Quality,https://pillows.su/f/4489b7571d871bb5fb7648ae03e5c91b
YRN 2,"Seen Dat
(prod. Stack Boy Twaun)",Previewed in 2016,4:09,,"Dec 7, 2022",Full,CD Quality,
MigoThuggin,"She Say
(prod. London on da Track)","OG Filename : thug migos london she say
Previewed on November 5, 2014",4:33,,"Dec 7, 2022",OG File,CD Quality,https://pillows.su/f/c6593a9521cce02f15c4e39ef29668c9
Culture III,"Young Thug - Peephole
(feat. Quavo, Gunna) (prod. Pi'erre Bourne)
(Quavo)","OG Filename : THUG x GUNNA x QUAVO - PEEPHOLE (BAINZRUFF)
Feature recorded during the So Much Fun sessions",4:07,,"Dec 7, 2022",OG File,CD Quality,https://pillows.su/f/08e809f67f96af9cf501462288a8d846
Father Of 4,"Swae Lee - Go To Waste
(feat. Offset, Gucci Mane, 2 Chainz) (prod. Murda Beatz)
(Offset)","OG Filename : Swae Lee feat. Gucci Mane, 2 Chainz & Offset - GO TO WASTE Murda MP3 June 1 2018 1
Throwaway dated from June 1, 2018",4:21,"Jun 1, 2018","Dec 7, 2022",OG File,CD Quality,https://pillows.su/f/0df63b346d91036cf94fad84a70d7a9c
Father Of 4 (Deluxe),"Untitled [V1]
(prod. DJ Durel)
(Offset)","OG Filename : Durel X Set
Open verse demo dated from May 31, 2019",4:19,"May 31, 2019","Dec 7, 2022",OG File,CD Quality,https://pillows.su/f/46513a17801effa2d6b8d328ff55a1c1
"Huncho Jack, Jack Huncho","Whole Time [V2]
(prod. Dun Deal)
(Quavo)","OG Filename : Whole Time x Travis Scott
Version of ""Whole Time"" featuring Travis Scott",3:04,,"Dec 6, 2022",OG File,CD Quality,https://pillows.su/f/7aed962459ac3193202d5cca187406fe
MigoThuggin,"Countdown
(prod. Ricki Racks)","OG Filename : Young Thug x Migos -CountDown
Confirmed on the tracklist for MigoThuggin",4:29,,"Dec 5, 2022",OG File,CD Quality,https://pillows.su/f/e763970b144f29dc77eab25b47434988
Culture II,"Come With Us
(feat. Post Malone) (prod. FKI 1st)
(Offset)","OG Filename : offset 6lack post r2_PN
Alternate OG Filename : PM x Offset x Open Verse - Come With Us Prod.FKi1st - Fm - 127
Open verse demo intended for 6lack",3:02,,"Nov 27, 2022",OG File,CD Quality,https://pillows.su/f/03b9493e37ccf75db5c74d27a188d727
Culture III,"Young Thug - Flu
(feat. Quavo) (prod. Wheezy)
(Quavo)","OG Filename : 01 FLU FT QUAVO SHAANRUF
Previewed by Young Thug on December 28, 2018",2:37,,"Nov 26, 2022",OG File,CD Quality,https://pillows.su/f/1b3b1faa25a54d209b0159165c42d4bb
Culture III,"Ty Dolla $ign - Embrace It
(feat. Quavo) (prod. Damn Jamest, BlueySport, Van Zandt)
(Quavo)","OG Filename : Embrace It feat. Quavo prod. damn james Blueysport Williamvanzandt
Feature recorded during the Featuring Ty Dolla $ign sessions",2:59,,"Nov 3, 2022",OG File,CD Quality,https://pillows.su/f/9257b8f044877a84a6cc8035f29eacc4
Father Of 4,"Plot 
(feat. Key Glock) (prod. DY Krazy, Cicero)
(Offset)",Throwaway from the Father Of 4 sessions,2:05,,"Oct 31, 2022",Full,CD Quality,
Culture III,"Sheets 
(prod. Buddah Bless)",Throwaway from the Culture III sessions,3:20,,"Oct 28, 2022",Full,CD Quality,
Cheat Code,"Piling
(feat. Lil Yachty) (prod. ATL Jacob)
(Quavo)","Previewed on August 20, 2022",2:40,,"Oct 28, 2022",Full,CD Quality,
Father Of 4 (Deluxe),"Marvin The Martian
(prod. Turbo, Wheezy)
(Offset)","OG Filename : OFFSET- MARVIN THE MARTIAN-1
Previewed by Offset on April 30, 2019",3:27,,"Oct 17, 2022",OG File,CD Quality,https://pillows.su/f/3c083a03e4261ba1e6c1b8cf780a91bb
Father Of 4 (Deluxe),"Young Thug - Tiger Woods
(feat. Offset) (prod. Pi'erre Bourne)
(Offset)","OG Filename : TIGER WOODS - THUG OFFSET
Previewed by Cardi B on June 16, 2019",2:09,,"Oct 8, 2022",OG File,CD Quality,https://pillows.su/f/9270ff134656a0f628998c0a55daa769
Culture,"Playboi Carti - Yah [V4]
(feat. Offset) (prod. Digital Nas)
(Offset)","OG Filename : Carti Yah new hook 2 20
Version of ""Yah"" with additional Offset's adlibs. Dated from February 20, 2017",2:48,"Feb 20, 2017","Oct 7, 2022",OG File,CD Quality,https://pillows.su/f/89b55237ce602d2fd96c970170fdd7e6
MigoThuggin,"5 Guys
(prod. Zaytoven)","OG Filename: Migos Thug5 Guys Zaytoven
OG file for Zaytoven's ""Five Guys"" featuring Migos & Young Thug",2:28,,"Sep 30, 2022",OG File,CD Quality,https://pillows.su/f/11d25fe5700ab1720cbc5e24724c9c81
Culture,"Kanye West - Champions [V8]
(with Quavo, Gucci Mane, Big Sean, 2 Chainz, Travis Scott, Yo Gotti, Desiigner) (prod. Kanye West, A-Trak, MIKE DEAN, Derek Watkins, Noah Goldstein, Charlie Heat)
(Quavo)","Very similar to V6, but Quavo is only on there once, along with some alternate mixing changes. Dated from September 2, 2016",5:48,"Sep 2, 2016","Sep 21, 2022",Full,Lossless,
SET IT OFF,"21 Lil Harold - Good Times 
(feat. Offset) (prod. Kid Hazel)
(Offset)","OG Filename : OFFSET - SONG 2 - REFF V1
OG file for 21 Lil Harold's ""Good Times"" featuring Offset",,,"Sep 17, 2022",Full,CD Quality,
Culture III,"Choices
(prod. Nas Moore)
(Offset)","OG Filename : offset - choices v1.2 open verses (TRAP DAD nas)
Previewed by Offset on February 13, 2020",4:53,,"Sep 7, 2022",OG File,CD Quality,https://pillows.su/f/e1da4b2e734c5b4a90e81415b205c854
Culture II,"A$AP Mob - RAF [V4]
(feat. Quavo, A$AP Rocky, Frank Ocean, Lil Uzi Vert, Playboi Carti) (prod. Dun Deal)
(Quavo)","OG Filename: RAF (New - 5 8 17) - main (mastered ts)
Version of ""RAF"" with a slightly different mix. Dated from May 8, 2017",4:16,"May 8, 2017","Aug 28, 2022",OG File,CD Quality,https://pillows.su/f/921aa36befe05dc1b712c8804ffbb70b
Culture II,"A$AP Mob - RAF [V5]
(feat. Quavo, A$AP Rocky, Frank Ocean, Lil Uzi Vert, Playboi Carti) (prod. Dun Deal)
(Quavo)","OG Filename: RAF (Frank V2 Only - 5 10 17) - main (mastered ts)
Version of ""RAF"" with different vocal arrangment on Frank Ocean's verse. Dated from May 10, 2017",3:35,"May 10, 2017","Aug 28, 2022",OG File,CD Quality,https://pillows.su/f/1dabe0f2b1a5cb1c6b63d00ae310891c
SET IT OFF,"COLD [V1]
(prod. Money Musik, ARJI, Veyis)
(CODE)
(Offset)","OG Filename : offset - COLD v1 .0 ML (1161 BELEIVE IT)
Previewed by Offset on April 2, 2022",2:30,,"Aug 23, 2022",OG File,CD Quality,https://pillows.su/f/aa948cc1d3fe37e130ba0386c3878abf
YRN 2,"French Montana - 50 Bitches
(feat. Migos)","OG Filename : 50 bitches feat. migos
Different structure",4:16,,"Aug 3, 2022",OG File,CD Quality,https://pillows.su/f/c200cdb6c8b80be416fbe764540ae924
Culture III,"Double Up
(feat. Young Dolph, Key Glock) (prod. BandPlay)
(Offset)","OG Filename : 07_OFFSET KEY GLOCK DOUBLE UP - DOLPH
Intended for Young Dolph's “Rich Slave”",2:57,,"Jul 24, 2022",OG File,CD Quality,https://pillows.su/f/bb132aa58b5948d15070e0531fe0353c
MigoThuggin,"Homicide
(prod. Zaytoven)","OG Filename : Homicide Migos thuggin
Confirmed on the tracklist for MigoThuggin",4:28,,"Jul 16, 2022",OG File,CD Quality,https://pillows.su/f/47245f0f074aae3025f36fafc97e1425
Culture,"Young Thug - Pick Up The Phone [V6]
(feat. Quavo, Travis Scott) (prod. Vinylz, Ging, Allen Ritter)
(Quavo)","OG Filename : PUTP_fullmix_explicit_stereo
Unknown order of version.",4:11,,"Jul 3, 2022",OG File,Lossless,https://pillows.su/f/5678bbb26a0f4dde9152b0bab5115385
YRN 2,"Young Thug - Right Now
(feat. Quavo) (prod. Wheezy, Cassius Jay)
(Quavo)",Feature from 2015,3:01,,"May 27, 2022",Full,CD Quality,
Culture II,"Future, Young Thug - Tomato Interior
(feat. Offset) (prod. Richie Souf)
(Offset)","Throwaway from Future & Young Thug's ""Super Slimey"" sessions",2:53,,"May 27, 2022",Full,CD Quality,
Culture III,"Polo G - Drive Through
(feat. Quavo) (prod. Murda Beatz)
(Quavo)",Feature from 2021,2:52,,"May 12, 2022",Full,CD Quality,
Culture III,"Young Thug - Circle Of Bosses [V2]
(feat. Quavo) (prod. Nils, Wheezy)
(Quavo)","OG Filename: 16_Circle Of Bosses (feat Quavo)_eq 08-14
OG file for track 16 on So Much Fun, ""Circle of Bosses"" featuring Quavo. Dated from August 9, 2019",2:59,"Aug 9, 2019","Apr 9, 2022",OG File,CD Quality,https://pillows.su/f/c399bc1a489501ca1a2bfcb42da50359
Culture,"Young Thug - Guwop [V6]
(feat. Quavo, Offset, Young Scooter) (prod. Wheezy, Cassius Jay, Bricks)
(Udigg)
(Quavo)","OG Filename: 06. Guwop (feat. Quavo, Offset and Young Scooter)
OG file for track 6 on JEFFERY, ""Guwop"" featuring Quavo, Offset and Young Scooter",5:16,,"Apr 9, 2022",OG File,CD Quality,https://pillows.su/f/5f8cff045b435b5f465b143d0a352142
Culture,"Young Thug - Pick Up The Phone [V8]
(feat. Quavo, Travis Scott) (prod. Vinylz, Ging, Allen Ritter)
(Quavo)","OG Filename : 10. Pick Up The Phone (feat. Quavo)
OG file for track 10 on JEFFERY, ""Pick Up The Phone"" with Travis Scott featuring Quavo",4:12,,"Apr 9, 2022",OG File,CD Quality,https://pillows.su/f/6c74466258d8df27c8ea77d540fb502d
Culture II,"Trippie Redd - Doors Up [V1]
(feat. Quavo) (prod. Charlie Handsome, Shanti, SkipOnDaBeat)
(Quavo)","OG Filename: Doors Up Ref
Original version of ""Doors Go Up"", called ""Doors Up"", missing adlibs",3:26,,"Jan 4, 2022",OG File,CD Quality,https://pillows.su/f/a499f98f753edbdd69869cd31d0abad7
Culture III,"Highlife
(feat. Lil Yachty) (prod. HONORABLE C.N.O.T.E.)
(Quavo)",Throwaway from 2019,2:39,,"Jul 13, 2021",Full,CD Quality,
"Huncho Jack, Jack Huncho","Moon Rock [V1]
(prod. Vinylz)
(Quavo)","Demo of ""Moon Rock"" performed by Travis Scott",3:44,,"Jul 6, 2021",Full,CD Quality,
Culture,"Take LA
(prod. FKI 1st)
(Takeoff)",Throwaway from 2016,1:49,,"Jul 6, 2021",Full,CD Quality,
Culture III,"Give No Fuck [V2]
(feat. Travis Scott, Young Thug) (prod. Murda Beatz, DJ Durel)","OG Filename : GIVE NO FUCK (MAIN) V2 SING MASTER
OG file for ""Give No Fxk"" by Migos featuring Travis Scott and Young Thug.",3:44,,"Jun 19, 2021",OG File,CD Quality,https://pillows.su/f/1fc9cb448e0754cc224a648c4c1a4ace
Culture III,"Give No Fuck [V2]
(feat. Travis Scott, Young Thug) (prod. Murda Beatz, DJ Durel)","OG Filename : GIVE NO FUCK (CLEAN) V2 SING MASTER
Clean version for ""Give No Fxk"" by Migos featuring Travis Scott and Young Thug.",3:44,,"Jun 19, 2021",OG File,CD Quality,https://pillows.su/f/da15ebd9e8bf3c8483f00ae087f3a485
Culture III,"CHASE B - Ring Ring [V1]
(feat. Quavo, Travis Scott, Don Toliver) (prod. BRYVN, CHASE B)
(Quavo)","OG Filename : RING RING Final Arrangement 1
Early version without Ty Dolla",3:53,,"Jun 12, 2021",OG File,CD Quality,https://pillows.su/f/546a15634202dd883a508426dbd3f3bc
Culture,"Formula [V1]
(prod. Southside)
(Offset)","OG Filename : offset southside - formula v1.2
Version of ""Formula"" with a 2 min open verse",4:03,,"Jun 10, 2021",OG File,CD Quality,https://pillows.su/f/2b29d1a3d51b2e63b747686212a20c8b
Father Of 4,"Mix
(prod. Earl on the Beat)
(Offset)",Throwaway from the Father Of 4 sessions,2:29,,"May 28, 2021",Full,CD Quality,
Culture,"Formula [V3]
(prod. Southside)
(Offset)","Version of ""Formula"" with a shorter runtime & no open verse",2:16,,"May 28, 2021",Full,CD Quality,
QUAVO HUNCHO,"GO ALL THE WAY
(feat. Lil Uzi Vert) (prod. Pharell Williams)
(GO ALL THA WAY)
(Quavo)","OG Filename : Uzi Quavo Go All Tha Way 2.0 11.14.18
Version of ""GO ALL THE WAY"" featuring Lil Uzi Vert. Dated from November 14, 2018",3:17,"Nov 14, 2018","May 7, 2021",OG File,CD Quality,https://pillows.su/f/9685a062a404374dc54c6d5015badbce
Culture III,"R Kelly - Get The Bag
(feat. Offset)
(Offset)","OG Filename : R KELLY - GET THE BAG (FEAT OFFSET)
Feature recorded in 2019",2:50,,"Apr 21, 2021",OG File,CD Quality,https://pillows.su/f/22e16c78f191b2b86967c23e849c0abd
Father Of 4,"I Ain't Done
(prod. 3LAKE)
(Offset)","OG Filename : OFFSET I AINT DONE
Previewed & recorded the day after his car accident in May 2018",3:08,,"Mar 31, 2021",Full,CD Quality,
Culture III,"Jane [V1]
(prod. Carnage, Tay Keith, Cubeatz, Nils)
(Birkin)","OG Filename : Migos - BIRKIN v2.2 (TAYKCARNAGE)
Previewed by Offset & Cardi B on February 29, 2020",3:35,,"Mar 22, 2021",Full,CD Quality,
Culture II,"Ariana Grande - R.E.M. [V5]
(feat. Quavo) (prod. Pharell Williams)
(Quavo)","OG Filename : AG R.E.M. 5.0 w Quavo 10.4.17
Version of ""R.E.M."" featuring Quavo. Dated from October 4, 2017",4:27,"Oct 4, 2017","Mar 17, 2021",OG File,CD Quality,https://pillows.su/f/c1a53622ee3cd976fcd2cd690c3554ed
QUAVO HUNCHO,"FORGIVEN
(feat. Pharell Williams) (prod. Pharell Williams)
(Quavo)","OG Filename : Forgiven 4.0 Quavo Palms 5.20.18
Open verse demo from the QUAVO HUNCHO sessions. Dated from May 20, 2018",4:18,"May 20, 2018","Mar 16, 2021",OG File,CD Quality,https://pillows.su/f/174aef58bc58bac3f9cfef4a2ba808db
Culture,"Playboi Carti - Squad [V2]
(feat. Offset) (prod. Chinatown)
(Offset)","OG Filename : Carti Offset Squad MM
Version of ""Squad"" featuring Offset. Dated from November 9, 2016",2:25,"Nov 9, 2016","Mar 5, 2021",OG File,CD Quality,https://pillows.su/f/e8338b2ef41e3352260daadf4a614972
Father Of 4,"Tequila
(prod. Zaytoven)
(Offset)",Throwaway from the Father Of 4 sessions,2:02,,"Feb 18, 2021",Full,CD Quality,
Father Of 4,"Save The World
(prod. Metro Boomin)
(Offset)","OG Filename : SAVE THE WORLD 35 metro offset v1.0
Throwaway from the Father Of 4 sessions",3:00,,"Feb 10, 2021",Full,CD Quality,
Father Of 4,"Snake
(prod. KY Krazy)
(Offset)",Throwaway from the Father Of 4 sessions,3:39,,"Feb 10, 2021",Full,CD Quality,
Culture II,"Supplying
(Offset)","OG Filename : OFFSET - SUPPLYING
Previewed by Offset in 2017",3:09,,"Feb 10, 2021",OG File,CD Quality,https://pillows.su/f/91fd496ebffd7348ee924521de6c4b44
Culture II,"Snowflakes
(feat. Rich The Kid) (prod. Southside)
(Offset)",Demo from 2017,1:16,,"Feb 10, 2021",Full,CD Quality,
Culture II,"Double [V1]
(prod. Southside, CuBeatz)
(Offset)","Open verse version of ""Double""",3:53,,"Feb 10, 2021",Full,CD Quality,
Culture,"Post Malone - Untitled
(feat. Quavo) (prod. Metro Boomin, Ging, Murda Beatz)
(Quavo)","OG Filename : Post Metro Quavo Frank 2
Rough demo from the Stoney sessions. Amine later used the beat for ""Yellow""",8:41,,"Feb 8, 2021",Full,CD Quality,
Culture III,"Swae Lee - Checkpoint [V2]
(feat. Offset) (prod. Metro Boomin)
(Offset)","OG Filename : SET X SWAE_CHECKPOINT
First previewed by @rememberaubz on June 9, 2019",3:15,,"Feb 6, 2021",OG File,CD Quality,https://pillows.su/f/68ca5cc77a7d8bf08a3c51899d43ea49
Father Of 4,"Untitled [V2]
(prod. Diplo)
(Offset)","OG Filename : offset x diplo mix-2
Previewed by Offset in May 2018",3:25,,"Jan 25, 2021",OG File,CD Quality,https://pillows.su/f/b8f1f5f42dbc8b846c1aca0562d2db25
Father Of 4,"No Pressure
(prod. Metro Boomin)
(Offset)","Previewed by Offset on September 1, 2018",3:20,,"Jan 23, 2021",Full,CD Quality,
Culture II,"Fuck Up The City [V3]
(feat. Rae Sremmurd)
[prod. Mally Mall]",Previewed by D-JaySremm on IG live,5:46,,"Dec 22, 2020",Full,CD Quality,
Father Of 4,"First 48
(Offset)",Throwaway from the Father Of 4 sessions,2:20,,"Dec 13, 2020",Full,CD Quality,
Culture III,"Cypher 
(feat. DaBaby) (prod. DJ Durel, DJ K.i.D.)","First previewed by Offset on February 13, 2020",,,"Nov 10, 2020",Full,CD Quality,
Culture III,"Juice WRLD - What's Brakkin
(feat. Offset) (prod. Rex Kudo, Topp)
(Offset)","OG Filename : Juice Wrld Offset - whats brakkin v2.0 (RK KK 34)
Previewed by Offset on December 9, 2019",3:43,"Jun 26, 2019","Sep 25, 2020",OG File,Lossless,https://pillows.su/f/e88b73d67985cdf32dff39cc8a82e776
Father Of 4,"Safari
(prod. Southside, Metro Boomin)
(Offset)","OG Filename : offset safari ref V1.2
Throwaway from the Father Of 4 sessions",3:05,,"Sep 3, 2020",Full,CD Quality,
Father Of 4,"P.I.M.P.
(prod. Metro Boomin, Southside)
(Offset)","OG Filename : OFFSET - PIMP
Previewed by Offset on September 1, 2018",3:30,,"Aug 17, 2020",Full,CD Quality,
Father Of 4,"Impossible
(feat. YoungBoy Never Broke Again) (prod. London on da Track)
(Offset)","OG Filename : Offset Youngboy Impossible 3.23.18
Throwaway from the Father Of 4 sessions. Dated from March 23, 2018",3:36,"Mar 23, 2018","Aug 15, 2020",Full,CD Quality,
Father Of 4,"SOS
(prod. Wheezy)
(Offset)","OG Filename : OFFSET - SOS
Open verse demo from the Father of 4 sessions",1:42,,"Aug 15, 2020",Full,CD Quality,
Father Of 4,"Stuck
(prod. Southside)
(Offset)",Throwaway from the Father Of 4 sessions,2:30,,"Jul 12, 2020",Full,CD Quality,
Culture,"Drop A Dime
(feat. Post Malone, Meek Mill) (prod. Metro Boomin, Southside)
(Quavo)",Throwaway from 2016,2:30,,"Jul 4, 2020",Full,CD Quality,
Father Of 4 (Deluxe),"Millionaire
(feat. A$AP Rocky) (prod. DJ Durel, Murda Beatz)
(Offset)","Previewed by Murda Beatz at a concert in Halifax on August 11, 2019",3:18,,"Jul 4, 2020",Full,CD Quality,
Father Of 4,"Run To The Money
(feat. Gunna) (prod. Southside)
(Offset)","OG Filename : Offset x Gunna - Run To The Money v1.1
Throwaway from the Father Of 4 Sessions",2:01,,"Jul 2, 2020",Full,CD Quality,
QUAVO HUNCHO,"The Weeknd - Wow
(feat. Quavo, French Montana)
(Quavo)",Featuring from 2018,4:38,,"Jul 1, 2020",Full,CD Quality,
Culture III,"Light It Up [V1]
(feat. Pop Smoke) (prod. 808Melo, Fabio Aguilar, Keanu Beats, Swirv)","OG Filename : MIGOS - MIGOS 1 DRILL POPSMOKE 1 2
Version of ""Light It Up"" without Takeoff previewed in March 2020",3:21,,"Jun 30, 2020",Full,CD Quality,
Father Of 4,"World Guinness
(feat. Big Rube) (prod. Metro Boomin, Doughboy Beatz)
(Offset)","Previewed by Offset on September 1, 2018",4:20,,"Jun 29, 2020",Full,CD Quality,
Culture,"Young Thug - Guwop [V4]
(feat. Quavo, Offset) (prod. Wheezy, Cassius Jay, Bricks)
(Udigg)
(Quavo)","OG Filename: Young THug x Quavo x Offset - Udigg - AFT Mix 1_22-01
Pre-master version of track 8 on JEFFERY, ""Guwop,"" mixed by Alex Tumay. Dated from August 16, 2016",4:08,"Aug 16, 2016","Jun 25, 2020",OG File,Lossless,https://pillows.su/f/cc3781a9ed612a75c2d76ace36ec7987
Culture,"Young Thug - Guwop [V2]
(feat. Quavo, Offset) (prod. Wheezy, Cassius Jay, Bricks)
(Udigg)
(Quavo)","Demo of track 8 on JEFFERY, ""Guwop,"" with features from Quavo and Offset.",4:07,,"Jun 25, 2020",Full,CD Quality,
Culture,"Young Thug - Guwop [V3]
(feat. Quavo, Offset) (prod. Wheezy, Cassius Jay, Bricks)
(Udigg)
(Quavo)","Demo of track 8 on JEFFERY, ""Guwop,"" with features from Quavo and Offset.",4:10,,"Jun 25, 2020",Full,CD Quality,
Culture III,"Pop Smoke - Aim For The Moon [V1]
(with Quavo) (prod. WondaGurl, 808 Melo)
(Quavo)","Original version of ""Aim For The Moon"" with slight mixing & instrumental differences",2:58,,"May 25, 2020",Full,CD Quality,
Culture II,"Birthday
(prod. Pharell Williams)","OG Filename : Migos Birthday 3.0 Chalice 1.6.18
Open verse demo from the Culture II sessions. Dated from January 6, 2018",3:54,"Jan 6, 2018","May 20, 2020",OG File,CD Quality,https://pillows.su/f/091c383324a612b46328a7cb717623d9
Culture II,"Apeshit
(prod. Pharell Williams, Stuart White)
(Yee)","OG Filename : Migos Yee 3.0 Chalice 9.28.17
Throwaway from the Culture II sessions. Dated from September 28, 2017",3:24,"Sep 28, 2017","May 20, 2020",OG File,CD Quality,https://pillows.su/f/ef180d2c453ec24d181a300ff90c6776
Culture II,"Trippie Redd - GHOST BUSTERS [V4]
(feat. Quavo, Offset) (prod. HONORABLE C.N.O.T.E.)","OG Filename : Trippie Redd Feat.Migos Ghostbusters-1-1
Version with Quavo and Offset, more autotune on Trippie, X and Ski's verses are removed",3:04,,"May 11, 2020",OG File,CD Quality,https://pillows.su/f/238075b6cfd9a7c6e6152369eae79a3c
Father Of 4 (Deluxe),"Pink Toes [V2]
(feat. Gunna, Lil Uzi Vert) (prod. CuBeatz, Southside)
(Offset)","Open verse before Gunna verse, rest is the same",4:07,,"May 5, 2020",Full,CD Quality,
Father Of 4,"EMM
(prod. Southside)
(Offset)","OG Filename : Offset 808 Mafia EMM
Previewed by Offset on December 16, 2018",2:25,,"May 5, 2020",OG File,CD Quality,https://pillows.su/f/cd73af7e6fcb40cc43f1b0a39170f507
Father Of 4,"Wet Wet
(prod. Murda Beatz)
(Offset)","Previewed by Offset on September 1, 2018",4:14,,"Apr 29, 2020",Full,CD Quality,
Culture III,"Fast And The Furious
(feat. Young Thug) (prod. Pyrex, Roselilah)
(Offset)","Previewed by Offset on October 5, 2019 & on February 13, 2020. Dated from September 27, 2019",3:15,"Sep 27, 2019","Apr 21, 2020",Full,CD Quality,
Culture,"Formula [V2]
(prod. Southside)
(Offset)","OG Filename offset southside master01
Version of ""Formula"" with a 1min open verse",3:29,,"Apr 14, 2020",OG File,CD Quality,https://pillows.su/f/78010e843307eda5e91abd10d7e56218
Culture II,"Run In Place [V1]
(feat. Gucci Mane) (prod. DJ Durel)
(Takeoff)",Throwaway from 2017,2:58,,"Apr 9, 2020",Full,CD Quality,
Culture II,"BBO (Bad Bitches Only) [V1]
(feat. 21 Savage) (prod. Buddah Bless, Kanye West, DJ Durel, Quavo, MIKE DEAN)","OG Filename : bee_bee_ow
Original version of ""BBO (Bad Bitches Only)"", has slight mix changes",4:44,,"Apr 4, 2020",OG File,CD Quality,https://pillows.su/f/ae5db12c01f3b18621577b7b627a630b
Culture II,"Meek Mill - Cartier
(feat. Offset) (prod. FaxOnly, DJ Bran)
(Offset)",Feature from 2017,3:40,,"Mar 24, 2020",Full,CD Quality,
Culture III,"Rooster
(prod. Tay Keith)
(Offset)",Throwaway from the Culture III sessions,3:33,,"Mar 5, 2020",Full,CD Quality,
QUAVO HUNCHO,"MONEY SHOWER
(feat. Lil Yachty, Chance The Rapper)
(Quavo)","Throwaway from the QUAVO HUNCHO sessions. Dated from October 24, 2017",4:44,"Oct 24, 2017","Mar 4, 2020",Full,CD Quality,
Culture II,"LA Nights
(prod. DJ Durel)",Throwaway from the Culture II sessions,4:20,,"Feb 10, 2020",Full,CD Quality,
Father Of 4,"Playboi Carti - Free PDE [V1]
(feat. Offset) (prod. Bijan Amir)
(Bouldercrest)
(Offset)","OG Filename : Bouldercrest 9.8.18
Feature recorded during the Whole Lotta Red sessions. Dated from September 8, 2018",2:48,"Sep 8, 2018","Feb 6, 2020",OG File,CD Quality,https://pillows.su/f/5c8debe9049a58b416b2f98ccd9ec5de
Culture III,"Lil Gotit - Money Pile
(feat. Quavo, Migo Domingo)
(Quavo)",Feature from 2020,4:26,,"Jan 23, 2020",Full,CD Quality,
Father Of 4,"21 Savage - Doo Doo
(feat. Offset) (prod. Pharell Williams)
(Offset)","OG Filename : 21 Savage 2.0 Chalice 3.23.18
Feature recorded during the i am > i was sessions. Dated from March 23, 2018",2:12,"Mar 23, 2018","Jan 20, 2020",OG File,CD Quality,https://pillows.su/f/a81fc8a1b3fcb19f2f89d1cd6bdb1a58
Father Of 4,"Too Easy [V2]
(feat. Playboi Carti) (prod. Metro Boomin)
(Offset)","OG Filename : Too Easy OFFSET CARTI 7.19.18
Version of ""Too Easy"" featuring Playboi Carti. Dated from July 19, 2018",3:15,"Jul 19, 2018","Jan 20, 2020",OG File,CD Quality,https://pillows.su/f/5a4a76cba30347fb5fc0b3ba8465599a
Father Of 4,"Playboi Carti - Free PDE [V2]
(feat. Offset) (prod. Bijan Amir)
(Bouldercrest)
(Offset)","OG Filename : Free PDE 2.12.19
Version of ""Free PDE"" with a different line on the hook. Dated from February 12, 2019",2:42,"Feb 12, 2019","Jan 19, 2020",OG File,CD Quality,https://pillows.su/f/7e15dd9514d53fc91519355031339774
Culture III,"Tory Lanez - Too Often
(feat. Quavo, Lil Wayne) (prod. Murda Beatz)
(Quavo)",Feature recorded during the Chixtape 5 sessions,2:50,,"Jan 8, 2020",Full,CD Quality,
Father Of 4,"Smokepurpp - Gang
(feat. Offset) (prod. Mally Mall, Diego Ave)
(Offset)",Feature from 2018,2:38,,"Jan 5, 2020",Full,CD Quality,
The Last Rocket,"Juice WRLD - In A Minute [V3]
(feat. Takeoff, Lil Skies) (prod. Murda Beatz)
(Takeoff)","Early version with a Lil Skies feature, before Migos got the song for Culture III",4:07,,"Dec 21, 2019",Full,CD Quality,
Culture III,"Kanye West - Alien [V14]
(feat. Quavo, Offset, Ant Clemons) (prod. RONNY J, BoogzDaBeast, FNZ, BONGO ByTheWay,  Andrew Dawson)","Throwaway from Kanye West's ""YANDHI"". Dated from September 30, 2018",3:46,"Sep 30, 2018","Dec 14, 2019",Full,CD Quality,
Culture II,"What You Expect
(feat. The Game)",Throwaway from the Culture II sessions,5:18,,"Nov 15, 2019",Full,CD Quality,
Father Of 4,"Pop
(prod. Turbo, Wheezy)
(Offset)","Previewed by Offset on December 15, 2018",3:13,,"Nov 13, 2019",Full,CD Quality,
YRN 2,"Trey Songz - Most of It
(feat. Migos)",Feature from 2016,5:28,,"Nov 9, 2019",Full,CD Quality,
Father Of 4,"Bad Like Mike
(prod. D.A. Got That Dope)
(Offset)",Throwaway from the Father Of 4 sessions,3:00,,"Nov 7, 2019",Full,CD Quality,
Culture III,"Speaking Of The Devil
(feat. Travis Scott) (prod. Murda Beatz)","Previewed by Quavo on April 2, 2020",3:01,,"Oct 18, 2019",Full,CD Quality,
Culture II,"Water 
(feat. Bebe Rexha) (prod. Andrew Watt)
(Quavo)","OG Filename : QuavoXBebeRexha Water Ruff
Previewed by Bebe Rexha",3:12,,"Oct 10, 2019",Full,CD Quality,
Culture II,"Desiigner - Jackie Chan
(feat. Quavo, Takeoff) (prod. DEKO)",Feature from 2017,4:14,,"Oct 8, 2019",Full,CD Quality,
QUAVO HUNCHO,"Jay Rock - Knock It Out [Remix]
(feat. Quavo)
(Quavo)","Version of ""Knock It Out"" featuring Quavo",4:27,,"Oct 8, 2019",Full,CD Quality,
QUAVO HUNCHO,"Desiigner - No Deal
(feat. Quavo)
(Quavo)",Feature from 2018,3:11,,"Oct 8, 2019",Full,CD Quality,
Father Of 4,"Glitch
(prod. Southside, Learic Spellman)
(Offset)",Open verse demo from the Father Of 4 sessions,2:15,,"Sep 16, 2019",Full,CD Quality,
Culture II,"Zaytoven - Back On It [V1]
(feat. Offset, Travis Scott, Young Scooter) (prod. Zaytoven, Metro Boomin)
(Offset)","Early version with a verse from Travis in place of Young Scooter; Scooter also shouts him out in the intro. Zaytoven mentioned in an interview that Travis was meant to be featuring on his then-upcoming album 'Trapholizay', but he was ultimately cut for unknown reasons. Travis's verse is poorly mixed on this version.",3:01,,"Aug 30, 2019",Full,CD Quality,
Father Of 4,"Playboi Carti - Back Up [V2]
(feat. Offset) (prod. Roark Bailey)
(Offset)","OG Filename : Back Up 9.8.18
Feature recorded during the Whole Lotta Red sessions. Dated from September 8, 2018",2:56,"Sep 8, 2018","Aug 29, 2019",OG File,CD Quality,https://pillows.su/f/32a708ccee93c4d519023f8c7d738f16
Culture II,"Big Bank Take Lil Bank
(prod. Murda Beatz)
(Offset)",Previewed by Offset in 2017,3:15,,"Aug 27, 2019",Full,CD Quality,
"Huncho Jack, Jack Huncho","Lo-Fi [V2]
(feat. Offset) (prod. Murda Beatz, Cubeatz)
(Quavo)","Previewed on April 3, 2017",2:28,,"Aug 23, 2019",Full,CD Quality,
Culture,"See Myself Broke
(feat. Sage The Gemini)",Throwaway from the Culture sessions,4:16,,"Aug 13, 2019",Full,CD Quality,
"Huncho Jack, Jack Huncho","Untitled
(feat. Desiigner)
(Quavo)","OG Filename : 01 Travis Cuavo FL No Travis Vocals Yet 07.1
Open verse demo of the Huncho Jack, Jack Huncho sessions. No Travis's vocals. Dated from July 2017",7:22,,"Aug 3, 2019",OG File,CD Quality,https://pillows.su/f/774b87acde2c0507853707331e116d20
Culture II,"Motorsport [V1]
(feat. Nicki Minaj, Cardi B) (prod. Murda Beatz, Cubeatz)","Instrumental not fully finished, slight differences on Quavo's autotune, outro by Quavo now come after his part at the beginning. Different lines by Nicki Minaj",5:29,,"Jul 31, 2019",Full,CD Quality,
Father Of 4 (Deluxe),"Pink Toes [V1]
(feat. Gunna, Lil Uzi Vert) (prod. CuBeatz, Southside)
(Offset)","OG Filename #1 : Gunna Offset Uzi Pink Toe.wav.m4a
OG Filename #2 : Uzi pink toes feature
 Previewed by Offset on May 25, 2019. Dated from May 25, 2019",2:55,"May 25, 2019","Jul 27, 2019",Full,CD Quality,
Father Of 4 (Deluxe),"Pink Toes [V1]
(feat. Gunna, Lil Uzi Vert) (prod. CuBeatz, Southside)
(Offset)","OG Filename #1 : Gunna Offset Uzi Pink Toe.wav.m4a
OG Filename #2 : Uzi pink toes feature
 Previewed by Offset on May 25, 2019. Dated from May 25, 2019",2:55,"May 25, 2019","Jul 27, 2019",Full,CD Quality,
Culture II,"No Cap
(feat. Travis Scott)",Throwaway from the Culture II sessions,4:05,,"Jul 17, 2019",Full,CD Quality,
Culture II,"Casper [V1]
(feat. Lil Yachty) (Nonstop Da Hitman)
(Takeoff)","OG Filename : Ghost - Feat Lil Boat
Previewed by Lil Yachty on January 21, 2018",3:20,,"Jul 16, 2019",Full,CD Quality,
QUAVO HUNCHO,"RIDE OUT THE STORM
(prod. Murda Beatz)
(Quavo)",Throwaway from the QUAVO HUNCHO sessions,2:44,,"Jul 11, 2019",Full,CD Quality,
Father Of 4,"Capital One
(prod. Southside)
(Offset)",Throwaway from the Father Of 4 sessions,4:02,,"Jul 11, 2019",Full,CD Quality,
Culture II,"Young Thug - Icey [V3]
(feat. Offset) (prod. Wheezy, Aviator Keyyz, Outatown)
(Offset)","OG Filename : Young Thug ft Offset - Icey - Mix 1_19
Alternate mix of ""Icey"". Dated from September 24, 2018",3:52,"Sep 24, 2018","Jul 4, 2019",OG File,CD Quality,https://pillows.su/f/110ba5b6d990eaefcfc9ee35c55540d6
Culture II,"Young Thug - Icey [V2]
(feat. Offset) (prod. Wheezy, Aviator Keyyz, Outatown)
(Offset)","OG Filename : Young Thug ft Offset - Icey - Mix 1_16
Alternate mix of ""Icey"". Dated from September 24, 2018",3:52,"Sep 24, 2018","Jul 3, 2019",OG File,CD Quality,https://pillows.su/f/a33c77ff0cd130c51ff1152d7ad127e8
Culture II,"Young Thug - Icey [V1]
(feat. Offset) (prod. Wheezy, Aviator Keyyz, Outatown)
(Offset)","Version of ""Icey"" featuring Offset",3:54,,"Jul 3, 2019",Full,CD Quality,
Culture,"PARTYNEXTDOOR - Who Am I
(with Quavo)
(Quavo)",Throwaway from 2016,3:24,,"Jun 28, 2019",Full,CD Quality,
Father Of 4,"Too Deep
(prod. Murda Beatz)
(Offset)",Throwaway from the Father Of 4 sessions,2:58,,"Jun 19, 2019",Full,CD Quality,
MigoThuggin,"StiffArm
(prod. Goose)","OG Filename : Thug x Quavo x Offset - StiffArm - prod by Goose
Previewed by Jose Guapo on December 17, 2015",3:17,,"Jun 16, 2019",OG File,CD Quality,https://pillows.su/f/ac347c62199962fa1186b4b7ddd20e57
QUAVO HUNCHO,"PRACTICE MAKES PERFECT
(prod. Murda Beatz)
(Quavo)",Throwaway from the QUAVO HUNCHO sessions,2:25,,"Jun 7, 2019",Full,CD Quality,
Culture III,"PnB Rock - Drop On Me
(feat. Quavo) (prod. CybrKai)
(Quavo)",Feature from 2019,2:46,,"Jun 7, 2019",Full,CD Quality,
Culture,"Future - Oh Yeah
(feat. Offset) (prod. DY Krazy, Southside)
(Offset)","Throwaway from Future's ""FUTURE"" sessions",3:28,,"Jun 7, 2019",Full,CD Quality,
Father Of 4,"Lil Yachty - Ice
(feat. Offset, Young Thug) (prod. 30 Roc)
(Offset)",Feature from 2018,4:05,,"Jun 7, 2019",Full,CD Quality,
Culture II,"Zaytoven - Back On It [V2]
(feat. Offset, Travis Scott, Young Scooter) (prod. Zaytoven, Metro Boomin)
(Offset)","OG Filename : Metroxoffsetxzaytovenxtrav
Later version that reuses Travis's intro vocals for a bridge, and features a better mix.",3:07,,"Jun 6, 2019",OG File,CD Quality,https://pillows.su/f/7dd936d10bbd20720929d9b27bedaeac
Culture,"Pia Mia - Feel Up
(feat. Offset) (prod. DaviDior, Nic Nac)
(Offset)",Feature from 2016,2:59,,"May 26, 2019",Full,CD Quality,
Father Of 4,"Cap Is Irrelevant [V1]
(prod. FARRI, Metro Boomin)
(Offset)","Open verse demo of ""Cap Is Irrelevant""",3:31,,"May 11, 2019",Full,CD Quality,
MigoThuggin,"Young Thug - Muddy
(feat. Offset, Solo Lucci) (prod. Mike WiLL Made-It)
(Add It Up)
(Offset)","OG Filename : Young Thug x OffSet xLucci- Muddy
OG File (Metadata) : Add it up
Previewed by Young Thug on December 16, 2015",3:05,,"May 8, 2019",OG File,CD Quality,https://pillows.su/f/e73c4443fe38dc5b228c9945a36bbe23
Father Of 4,"Heathen
(feat. 21 Savage) (prod. Metro Boomin, CuBeatz)
(Offset)","Previewed on The Weeknd's Beats1 Radio : MEMENTO MORI on April 27, 2019",5:29,,"Apr 30, 2019",Full,CD Quality,
Father Of 4,"Too Easy [V1]
(feat. Lil Baby) (prod. Metro Boomin)
(Offset)","Previewed by Offset on April 14, 2018",3:23,"May 11, 2018","Apr 21, 2019",Full,CD Quality,
Culture II,"Walk It Talk It [V1]
(feat. Drake) (prod. OG Parker, DEKO)","Demo of ""Walk It Talk"" which only features Quavo & Drake, has additional vocals by Drake on his verse",2:56,,"Apr 17, 2019",Full,CD Quality,
Culture,"Go Off [V4]
(feat. Lil Uzi Vert)
[prod. Breyan Isaac, Murda Beatz, The Featherstones]","Includes verses from Offset & Takeoff. No Travis, no 2 Chainz",3:43,,"Apr 16, 2019",Full,CD Quality,
Culture,"The Weeknd - All I Know [V3]
(feat. Quavo, Kanye West, The Dream, Big Sean) (prod. MIKE DEAN, Cashmere Cat, The Weeknd, Ben Billions)
(Quavo)","OG Filename: All I Know MD Drums add 2
Kanye's vocals are still unfinished in this version. Big Sean and Quavo are now featured. Kanye drops the F slur multiple times in this song. Likely recorded during Cruel Winter/Turbo Grafx 16 sessions. Dated from April 9, 2016",12:48,"Apr 9, 2016","Apr 16, 2019",OG File,CD Quality,https://pillows.su/f/78c559f97592f3305a17391185532ee6
Culture,"Go Off [V2]
(prod. Breyan Isaac, Murda Beatz, The Featherstones)
(Quavo)","Open verse version of ""Go Off"" with the final instrumental",3:31,,"Apr 16, 2019",Full,CD Quality,
Father Of 4,"Diplomat
(prod. Southside)
(Offset)","OG Filename : offset - diplomat v1.0 ROUTE808
Throwaway from the Father Of 4 sessions",3:26,,"Apr 14, 2019",Full,CD Quality,
MigoThuggin,"Young Thug - Get It On My Own
(feat. Offset) (prod. Isaac Flame)
(Offset)",Throwaway from the MigoThuggin sessions,5:32,,"Apr 9, 2019",Full,CD Quality,
Culture II,"Last Night [V1]
(feat. Jeremih) (prod. Mally Mall)
(Quavo)",Quavo's chorus was later used in Jason Derulo's song with Gucci Mane of the same name,4:18,,"Mar 19, 2019",Full,CD Quality,
Culture,"Last Night [V1]
(feat. Jeremih) (prod. Mally Mall)
(Quavo)",Quavo's chorus was later used in Jason Derulo's song with Gucci Mane of the same name,4:18,,"Mar 19, 2019",Full,CD Quality,
QUAVO HUNCHO,"SHIP IT
(Quavo)",Throwaway from the QUAVO HUNCHO sessions,2:36,,"Feb 26, 2019",Full,CD Quality,
QUAVO HUNCHO,"TIME FLY
(Quavo)",Throwaway from the QUAVO HUNCHO sessions,2:33,,"Feb 26, 2019",Full,CD Quality,
QUAVO HUNCHO,"BLUNTS AFTER SEX
(Quavo)",Throwaway from the QUAVO HUNCHO sessions,2:56,,"Feb 26, 2019",Full,CD Quality,
MigoThuggin,The Stoe,"OG Filename : Thug x Migos x The Stoe
Throwaway from the MigoThuggin sessions",4:40,,"Feb 13, 2019",OG File,CD Quality,https://pillows.su/f/a42813b9aa93c70f6b20e9c3acedde01
Culture,"Young Thug - Money Talks
(feat. Quavo, Offset) (prod. Wheezy, Mike WiLL Made-It)","OG Filename: Thug x Quavo x Offset - Money Talks.wav
Alternate Filename: AUDIO_4036
Feature dated from September 25, 2016.",4:28,"Sep 15, 2016","Feb 13, 2019",OG File,CD Quality,https://pillows.su/f/d4484f69a9e635613875c71430976e95
Culture II,"Mango Foo - Toxic [V1]
(feat. Offset) (prod. Ricky Racks)
(Offset)",Offset & Mango verses were reversed,3:15,,"Feb 5, 2019",Full,CD Quality,
Culture,"Go Off [V1]
(Quavo)","Quavo's solo demo of ""Go Off"" trying different flows & lyrics. Has a less developped instrumental",3:31,,"Jan 1, 2019",Full,CD Quality,
Yung Rich Nation,"Gwen Stefani - One Shot
(feat. Migos)",Throwaway from the Yung Rich Nation sessions,3:15,,"Nov 12, 2018",Full,CD Quality,
Culture,"Young Thug - Still
(feat. Quavo, Lil Duke) (prod. Wheezy)
(Quavo)","OG Filename: AUDIO_7107
Previewed by Karlae on December 2, 2016",4:37,,"Oct 7, 2018",OG File,CD Quality,https://pillows.su/f/c3f1445491bf76ba373b9f55d2924e66
MigoThuggin,"My Choices
(feat. Young Thug) (prod. Isaac Flame)
(Offset)","OG Filename : Offset x Young Thug - My Choices - prod by Isaac Flame
Throwaway from the MigoThuggin sessions",4:00,,"Oct 7, 2018",OG File,CD Quality,https://pillows.su/f/5668bedc9d5670d262eb998c49e2bede
Culture II,"Young Thug - Whole Lotta [V4]
(feat. Quavo, Takeoff, Lil Yachty, Lil Duke) (prod. C4Bombs, Dun Deal)
(Whole Lot)","OG Filename: Young Thug & Migos feat. Lil Yachty & Lil Duke - Whole Lotta
OG File (Metadata): Thug Migos lil Yachty Duke
Previewed by Offset on April 2, 2017",3:39,,"Aug 1, 2018",OG File,CD Quality,https://pillows.su/f/eefe174ed6fa1c81a285dc19dde97183
MigoThuggin,"My Bitches Love Me [V2] 
(prod. London on da Track)","OG Filename : Young Thug x OffSet x Quavo - My Bitches Love Me_02
Longer runtime than V1",5:12,,"Jul 14, 2018",OG File,CD Quality,https://pillows.su/f/d094b7c6850f1cf497174bf2c56aab9c
Culture II,"Future, Young Thug - Drip [V2]
(feat. Quavo) (prod. Cassius Jay)
(Upscale)
(Quavo)","Originally intended for ""SUPER SLIMEY"", but Cardi B used the instrumental for ""Invasion of Privacy""",3:25,,"Jul 12, 2018",Full,CD Quality,
No Label II,"Kangaroo
(prod. Cassius Jay)
(Quavo)",Throwaway from 2014,1:37,,"Jun 20, 2018",Full,CD Quality,
Culture II,"A$AP Mob - RAF [V3]
(feat. Quavo, A$AP Rocky, , Lil Uzi Vert, Playboi Carti) (prod. Dun Deal)
(Quavo)","OG Filename: RAF - main (mastered ts)
Version of ""RAF"" with a slightly different mix",4:16,,"Jan 15, 2018",OG File,CD Quality,https://pillows.su/f/b8f21d9c3d43f95a80eb8a4afedca9a0
Culture,"PARTYNEXTDOOR - Team
(with Quavo) (prod. Murda Beatz)
(Quavo)",Throwaway from 2016,3:03,,"Jun 28, 2017",Full,CD Quality,
Culture,"Kanye West - Hold Tight [V3]
(feat. Migos, Young Thug)",Previewed by Young Thug & Migos shortly after the release of The Life Of Pablo,4:36,,"Jun 6, 2017",Full,CD Quality,
Culture,"Playboi Carti - Walk Inside My Mansion
(feat. Quavo) (prod. DJ Durel, Zaytoven)
(Quavo)","OG Filename: Walk Inside My Mansion
Feature recorded during the Playboi Carti sessions",3:51,,"Apr 15, 2017",OG File,CD Quality,https://pillows.su/f/fd10e4f2dc0a4937a21577b4641b0fbf
Culture,"Young Thug - Pick Up The Phone [V2]
(feat. Quavo, Travis Scott) (prod. Vinylz, Ging, Allen Ritter)
(Quavo)","OG Filename : Travis Scott 3_28_16 PUTP
Version of ""PUTP"" that features Travis singing the bridge. Dated from March 28, 2016",4:05,"Mar 28, 2016","Sep 28, 2016",Full,CD Quality,
Culture,"Young Thug - Pick Up The Phone [V1]
(feat. Starrah, Quavo, Travis Scott) (prod. Vinylz, Ging, Allen Ritter)
(Quavo)",Very early version that features Starrah before Travis re-recorded her parts. Travis can still be heard harmonising under Young Thug's bridge and providing adlibs,4:04,,"Sep 4, 2016",Full,CD Quality,
Culture,"Young Thug - Guwop [V5]
(feat. Quavo, Offset) (prod. Wheezy, Cassius Jay, Bricks)
(Udigg)
(Quavo)","Original version of track 8 on JEFFERY, ""Guwop"" featuring Quavo and Offset, released onto digital download without the Young Scooter feature.",4:08,,"Aug 26, 2016",Full,CD Quality,
