Era,Name,Notes,Length,Release Date,Type,Streaming,Link(s)
Life Before Fame,"Homicide [V1]
(Prod.by ???)","Track 8 on the mixtape ""Mind of a Menace"".",02:38,"Jan 16, 2015",Single,,"https://youtu.be/s7pZIfPWF1w?si=hceylvYUcEkOye2L
https://youtu.be/MyGQC2hpemw?si=AqS_ZamTiYNvZunY"
Life Before Fame,"Trust Nothing
(Prod.by ???)","Track 11 on the mixtape ""Mind of a Menace"".",02:39,"Jan 16, 2015",Single,,https://youtu.be/Gs7IZSxbaMQ?si=dN0ZQlSpSBolfAmO
Life Before Fame,"Rangerover
(Prod.by Making Hits & Lil Keef)","Track 4 on the mixtape ""Mind of a Menace"". Recorded in 2014.",02:41,"Jan 16, 2015",Single,,https://youtu.be/LQ2CzVGCyuw?si=B0Y084YNlGqXOdte
Life Before Fame,"N.B.A.
(NBA / Never Broke Again), (Prod.by ???)","Track 2 on the mixtape ""Mind of a Menace"". YB's first official
music video was to this song. Has NBA Beanie talking on the song intro.
Music video was first uploaded to YouTube on April 14th, 2015.",03:06,"Jan 25, 2015",Single,,"https://youtu.be/5ILH_GGMjTk?si=DOaOL95zz6PN4YfA
https://youtu.be/lZzsKAS4Cps?si=b68HM4_gn3bgCELb"
Life Before Fame,"Yo Night
(Prod.by ???)","Track 13 on the mixtape ""Mind of a Menace"". Recorded in 2014.",03:12,"Feb 11, 2015",Single,,https://youtu.be/gyHior0q3os?si=RB7pG5fN2SGHOlTz
Life Before Fame,"Intro
(Prod.by ???)","Opening track on mixtape ""Mind of a Menace"".",00:54,"Apr 9, 2015",Album Track,,https://youtu.be/sTQ3vUy1yWY?si=eCPmVBToMuVsnTbH
Life Before Fame,"Just Be Rich [V1]
(Prod.by RALF BEATS)","Track 3 on the mixtape ""Mind of a Menace"".
 Previewed by YB as he recorded the song in the studio.",02:27,"Apr 9, 2015",Album Track,,https://youtu.be/eI-O9Eo2mfM?si=5oUg2utY0eDLIVVm
Life Before Fame,"I Know
(Prod.by ???)","Track 5 on the mixtape ""Mind of a Menace"".
 Previewed by YB in the studio.",02:55,"Apr 9, 2015",Album Track,,https://youtu.be/QnfAvUSgKYk?si=KAgDn1WeE2g_sB5B
Life Before Fame,"Deal Wit
(Prod.by ???)","Track 6 on the mixtape ""Mind of a Menace"".",02:49,"Apr 9, 2015",Album Track,,https://youtu.be/8SXzKRHU7hU?si=Y25C1hvXxXFfFVC6
Life Before Fame,"EveryWhere I Go (Ft. Shepherd)
(Prod.by ???)","Track 7 on the mixtape ""Mind of a Menace"".",02:55,"Apr 9, 2015",Album Track,,https://youtu.be/cUavZS4-nok?si=GgJ-iLoMxVGqvxSm
Life Before Fame,"Preach
(Prod.by Drum Dummie)","Track 9 on the mixtape ""Mind of a Menace"". No to be confused with
""Preach"" from studio album ""Until Death Call My Name"".",02:34,"Apr 9, 2015",Album Track,,https://youtu.be/jtaMbjBVGaE?si=nqPx-aWZ0e35p6kQ
Life Before Fame,"Paranoid
(Prod.by WeveeOnTheBeat)","Track 10 on the mixtape ""Mind of a Menace"".",01:58,"Apr 9, 2015",Album Track,,https://youtu.be/lHhDc-j-4GQ?si=Nr-dWaVHzyZupeZ9
Life Before Fame,"Trust No One (Ft. Shepherd)
(No Trust No Love), (Prod.by Tay Music)","Track 12 on the mixtape ""Mind of a Menace"". Track 14 on team
Never Broke Again's deleted mixtape ""Free YoungBoy"".
Uploaded to YouTube by DatPiff.",03:23,"Apr 9, 2015",Album Track,,https://youtu.be/1JVR-8J9aAU?si=lAqGuoXRPvIv5Czp
Mind of a Menace,"Im Sorry
(I'm Sorry / Stuck Together), (Prod.by Prodlem)",,01:4?,"Jul 22, 2015",Single,,https://youtu.be/OLahl8NRaIw?si=LJxlaMVj4MiNyCQS
Mind of a Menace,"Until Then
(Prod.by ???)","Track 9 on the mixtape ""Mind of a Menace"".
  Released on SoundCloud on December 23rd, 2016.",05:01,"Aug 5, 2015",Single,,
Mind of a Menace,"Intro [V1]
(Victims / Lil nigga), (Prod.by ???)","Track 1 on the mixtape ""Mind of a Menace"".",02:20,"Nov 30, 2015",Album Track,,
Mind of a Menace,"Homicide [V2] (Ft. Scotty Cain)
(Prod.by ???)","Track 2 on the mixtape ""Mind of a Menace"" and remix of ""Homicide""
from ""Life Before Fame"". Released on SoundCloud on
December 23rd, 2016. Recorded in November 2015. According to
Scotty he never wanted to record his verse. The music video was
uploaded to YouTube on September 21st, 2016.",03:44,"Nov 30, 2015",Album Track,,https://soundcloud.com/user-367193332/homicide-ft-scotty-cain?in=user-656605832/sets/mind-of-a-menace
Mind of a Menace,"Fuck The Fame
(F*ck The Fame / Everyday), (Prod.by ???)","Track 3 on the mixtape ""Mind of a Menace"". Recorded in November 2015.
Released on SoundCloud on December 23rd, 2016.",02:41,"Nov 30, 2015",Album Track,,https://soundcloud.com/user-367193332/fuck-the-fame?in=user-656605832/sets/mind-of-a-menace
Mind of a Menace,"NBA My Gang (Ft. 75th Boomer)
(Prod.by TheBeatPlug)","Track 4 on the mixtape ""Mind of a Menace"". Released on SoundCloud
on December 23rd, 2016. NBA Big B's former rap name was
75th Boomer before he changed it.",03:09,"Nov 30, 2015",Album Track,,https://soundcloud.com/user-367193332/nba-my-gang-ft-75th-boomer?in=user-656605832/sets/mind-of-a-menace
Mind of a Menace,"Ain't No Way Around It
(They Ain't Loyal), (Prod.by ???)","Track 5 on the mixtape ""Mind of a Menace"". In a vlog from late 2015
YB can be seen recording the song in the studio.
Released on SoundCloud on December 23rd, 2016.",04:05,"Nov 30, 2015",Album Track,,https://soundcloud.com/user-367193332/aint-no-way-around-it?in=user-656605832/sets/mind-of-a-menace
Mind of a Menace,"Let'Em Kno
(Let Me Know / Let Em Kno Visions),
(Prod.by TheBeatPlug)","Track 6 on the mixtape ""Mind of a Menace"".
The song was originally a freestyle in the studio.
  Released on SoundCloud on December 23rd, 2016.",02:34,"Nov 30, 2015",Album Track,,
Mind of a Menace,"Isolation (Ft. NBA KD)
(Prod.by ???)","Track 7 on the mixtape ""Mind of a Menace"".
The song was originally a freestyle in the studio.
  Released on SoundCloud on December 23rd, 2016.",03:23,"Nov 30, 2015",Album Track,,https://soundcloud.com/user-367193332/isolation-ft-nba-kd?in=user-656605832/sets/mind-of-a-menacee
Mind of a Menace,"Turn Up
(Prod.by Shawn)","Track 8 on the mixtape ""Mind of a Menace"".
  Released on SoundCloud on December 23rd, 2016.",03:58,"Nov 30, 2015",Album Track,,https://soundcloud.com/user-367193332/turn-up?in=user-656605832/sets/mind-of-a-menace
Mind of a Menace,"No Worries
(Prod.by ???)","Track 10 on the mixtape ""Mind of a Menace"".
  Released on SoundCloud on December 23rd, 2016.",02:27,"Nov 30, 2015",Album Track,,https://soundcloud.com/user-367193332/no-worries?in=user-656605832/sets/mind-of-a-menace
Mind of a Menace,"Big Timerz
(Prod.by ???)","Track 11 on the mixtape ""Mind of a Menace"".
  Released on SoundCloud on December 23rd, 2016.",01:31,"Nov 30, 2015",Album Track,,
Mind of a Menace 2,"Built For This (Ft. Maine Musik)
(Prod.by ???)","Track 12 on the mixtape ""Mind of a Menace 2"".
Originally was track 12 on ""Mind of a Menace"" before it got removed.",03:20,"Jan 21, 2016",Single,,
Mind of a Menace 2,"Marley G & NBA YoungBoy - Inna Building
(187 HOMICIDE), (Prod.by ???)","Has a music video which was uploaded to YB's
YouTube channel and later deleted.",02:23,"Feb 18, 2016",Single,,
Mind of a Menace 2,"Bandz
(Prod.by RuffinUglyAzz)","Track 6 on the mixtape ""Mind of a Menace 2"" & track 8 on mixtape
""Before I Go (Reloaded)"". The music video first uploaded to
YouTube on March 5th, 2016. Recorded in late 2015.",03:19,"Mar 5, 2016",Single,,"https://open.spotify.com/track/7Eumf146JxmleiXD7w78rm
https://music.apple.com/us/song/bandz/1185626970"
Mind of a Menace 2,"4TM Fru & Pretty Tony & NBA YoungBoy -
Rod (Kill My Dawg / Gee Money Diss),
(Prod.by ???)","Track 5 on the mixtape ""Scopolamine"" by 4TM Fru & Pretty Tony.
The music video was uploaded to YB's YouTube channel
on September 21st, 2016.",04:37,"Mar 15, 2016",Single,,
Mind of a Menace 2,"Intro
(Prod.by QRedOnTheTrack)","Track 1 on the mixtape ""Mind of a Menace 2"".
First uploaded to YouTube on September 21st 2016.",02:09,"Mar 15, 2016",Single,,
Mind of a Menace 2,"Alotta Miles
(Prod.by ???)","Track 2 on the mixtape ""Mind of a Menace 2"". First uploaded
to YouTube on September 21st 2016. Track 18 on team
Never Broke Again's deleted mixtape ""Free YoungBoy"".",02:00,"Apr 1, 2016",Album Track,,
Mind of a Menace 2,"Fact
(Prod.by @BLVCKDIVMONDS23 &
SlimeOnTheTrack)","Track 3 on the mixtape ""Mind of a Menace 2"" & track 9 on mixtape
""Before I Go (Reloaded)"". The music video was first uploaded to
YouTube on April 3rd, 2016.",02:37,"Apr 1, 2016",Album Track,,https://music.apple.com/us/song/fact/1185626971
Mind of a Menace 2,"Cross Me (Ft. WNC Whop Bezzy)
(What My OG Say), (Prod.by DJ B Real)","Track 4 on the mixtape ""Mind of a Menace 2"".
First uploaded to YouTube on September 21st, 2016.",03:24,"Apr 1, 2016",Album Track,,
Mind of a Menace 2,"Murder [V1]
(Prod.by DJ Swift)","Track 5 on the mixtape ""Mind of a Menace 2"".
Music video was first uploaded to YouTube on May 27th, 2016.",03:06,"Apr 1, 2016",Album Track,,
Mind of a Menace 2,"Be The Same
(Letter From Jail / Jania), (Prod.by Swagg B)","Track 7 on the mixtape ""Mind of a Menace 2"".
First uploaded to YouTube on September 21st, 2016.",03:15,"Apr 1, 2016",Album Track,,https://youtu.be/AATaYy4S8d8?si=uIvki0kagjAkXRrf
Mind of a Menace 2,"On My Soul
(Prod.by ???)","Track 8 on the mixtape ""Mind of a Menace 2"".
First uploaded to YouTube on September 21st, 2016.",02:46,"Apr 1, 2016",Album Track,,https://www.youtube.com/watch?v=koP_dpJOdCM
Mind of a Menace 2,"Win or Lose
(The Life That I Live), (Prod.by FilthyRichBeats)","Previewed by YB in a 2016 vlog. Track 9 on the mixtape
""Mind of a Menace 2"". First uploaded to YouTube on
September 21st, 2016. The music video was later
uploaded to YouTube on December 15th, 2016.",02:33,"Apr 1, 2016",Album Track,,"https://open.spotify.com/track/7z22KofJRJguVEZvUQoWSI
https://music.apple.com/us/song/win-or-lose/1185626975"
Mind of a Menace 2,"How We Play It (Ft. Extendo)
(Prod.by Li Torie)","Track 10 on the mixtape ""Mind of a Menace 2"" & track 10
on mixtape ""Before I Go (Reloaded)"".
First uploaded to YouTube on September 21st, 2016.",02:22,"Apr 1, 2016",Album Track,,https://music.apple.com/us/song/how-we-play-it-feat-extendo/1185626972
Mind of a Menace 2,"Can't Go Like That
(Prod.by ???)","Track 11 on the mixtape ""Mind of a Menace 2"".
First uploaded to YouTube on September 21st, 2016.",02:34,"Apr 1, 2016",Album Track,,https://youtu.be/udgeem31gg4?si=m2lBHpLIaUKpu0zU
Before I Go,"Dream
(Prod.by Ken P)","Track 5 on the mixtape ""Before I Go"".
  The music video was first uploaded to YouTube on May 4th, 2016.",03:50,"May 4, 2016",Single,,https://soundcloud.com/nba-youngboy/dream-1?in=user-809248204/sets/nba-youngboy&si=69cfedcab35146bab81d3b88ad94a4c8&utm_source=clipboard&utm_medium=text&utm_campaign=social_sharing
Before I Go,"How To Love
(HOW TO LOVE), (Prod.by Mayeniac)","Track 8 on the mixtape ""Before I Go"".
Previewed by YB on an Instagram post.",03:27,"May 27, 2016",Single,,
Before I Go,"So Long
(SO LONG), (Prod.by RicoFinesse)","Track 2 on the mixtape ""Before I Go"". Previewed by YB.
The music video was first uploaded to YouTube on July 24th, 2016.",02:45,"May 31, 2016",Single,,https://soundcloud.com/nba-youngboy/nba-youngboy-so-long?in=user-809248204/sets/nba-youngboy&si=f6c77f817aec4e63bb80fc32ebdc1e35&utm_source=clipboard&utm_medium=text&utm_campaign=social_sharing
Before I Go,"Lah Daddy - No Surrender (Ft.)
(Demon / Killergeemoneydiss), (Prod.by DJ 4Feva)","The music video was first uploaded to YouTube on June 25th, 2016.",03:07,"Jun 5, 2016",Feature,,https://soundcloud.com/user-529951416/nba-youngboy-ft-lah-daddy-no-surrendermp3
Before I Go,"Kickin Shit
(KICKIN SHIT), (Prod.by TnTXD)","Track 3 on the mixtape ""Before I Go"".
The music video was first uploaded to YouTube on October 21st, 2016.",03:45,"Jun 20, 2016",Album Track,,
Before I Go,"Change
(Prod.by Yung Hydroverse)","Previewed twice by YB and his deceased former manager Big Dump.
Track 7 on the mixtape ""Before I Go"". First uploaded to YouTube
on September 21st, 2016.",03:05,"June 27, 2016",Album Track,,"https://soundcloud.com/selassiekgf/nba-youngboy-change?si=5d5301ae77ad4ba7bc95dd9be23ca7ab&utm_source=clipboard&utm_medium=text&utm_campaign=social_sharing
https://soundcloud.com/coverboi-gfx-ayeone/nba-youngboy-no-smoke-scott?si=88fa4b42ca5a45a28994755503fe48ab&utm_source=clipboard&utm_medium=text&utm_campaign=social_sharing"
Before I Go,"All Nite
(All My Life / No Lie), (Prod.by DJ Ya Boy Earl)","Track 9 on the mixtape ""Before I Go"". Remix of the unreleased ""All My Life""
by Kevin Gates. First uploaded to YouTube on September 21st, 2016.",01:57,"Jun 27, 2016",Album Track,,https://soundcloud.com/user-350043635/nba-youngboy-all-nite?si=95a188e6945f46f0bacf1e140cc9d6b0&utm_source=clipboard&utm_medium=text&utm_campaign=social_sharing
Before I Go,"Moral
(Prod.by mjNichols)","Track 1 on the mixtape ""Before I Go"".
First uploaded to YouTube on September 21st, 2016.",03:11,"Jun 27, 2016",Album Track,,
Before I Go,"GSG
(Prod.by Young M4)","Track 4 on the mixtape ""Before I Go"".
First uploaded to YouTube on 21st of September 2016.
Previewed by YB in 2016.",03:18,"Jun 27, 2016",Album Track,,
Before I Go,"Thug Wit Me
(Prod.by KaSaunJ)","Track 6 on the mixtape ""Before I Go"".
First uploaded to YouTube on September 21st, 2016.
Previewed by YB on an Instagram live.",02:01,"Jun 27, 2016",Album Track,,
38 Baby,"LowKey Extendo & NBA YoungBoy -
Die Bout It (Prod.by ???)",Has a music video.,03:46,"Jul 27, 2016",Single,,
38 Baby,"38 Baby 🔝
(Prod.by Li Torie, QRedOnTheTrack &
DrellOnTheTrack)","Track 2 on the mixtape ""38 Baby"". Previewed multiple times by YB. 
The music video was first uploaded to WORLDSTARHIPHOP
on August 4th, 2016.",02:56,"Aug 4, 2016",Single,,https://open.spotify.com/track/35zkqY6kIGshmm8HhE3eSi
38 Baby,"Buddy Love & NBA YoungBoy - Dat Rod
(Prod.by ???)",Has a music video.,02:58,"Aug 22, 2016",Single,,
38 Baby,"What I Was Taught
(Prod.by Li Torie)","Track 9 on the mixtape ""38 Baby"". The music video was first
uploaded to YouTube on the 27th of August 2016.
Released on Audiomack in October 19th 2021.",03:23,"Aug 27, 2016",Single,,
38 Baby,"The Blood Brothers - Handle Dat (Ft.)
(Fearless / Every Gun / 30 Stick), (Prod.by DeeMarc)","Track on the mixtape ""Before I Lay Down"" by the Blood Brothers.
Track 11 on team Never Broke Again's deleted mixtape ""Free YoungBoy"".
Uploaed to YouTube by DatPiff on February 18th, 2017.",03:40,"Sep 20, 2016",Feature,,https://www.youtube.com/watch?v=bx_kCO7Zlys
38 Baby,"Gravity [V1]
(Prod.by Dun Deal)",Only released on YB's YouTube channel in 2016.,03:23,"Oct 1, 2016",Single,,
38 Baby,"I Ain't Hiding 🔝
(Prod.by Dubba-AA)","Track 13 on the mixtape ""38 Baby"". The music video was first
uploaded to YouTube on the 13th of October 2016.
Previewed in the studio as YB recorded it. Released on
Audiomack in October 19th 2021.",02:53,"Oct 13, 2016",Single,,https://open.spotify.com/track/6cawI3oqMyJvQvIld3g1uw
38 Baby,"Murder [V2] (Ft. 21 Savage)
(Prod.by DJ Swift)","Track 8 on the mixtape ""Mind of a Menace 3"" & track 7 on the
mixtape ""Before I Go (Reloaded)"". Remix of ""Murder"" on the
mixtape ""Mind of a Menace 2"". Track 6 on official playlist
""The Fate of the Furious: The Album (2017)"".",03:19,"Oct 14, 2016",Single,,"https://open.spotify.com/track/5LvPumVTI8HzZDTRjNinzp?si=f321e7cffd0244e9
https://music.apple.com/us/song/murder-feat-21-savage-remix/1185626969"
38 Baby,"Watchu Sayin
(Watchu Sayin'), (Prod.by Diddy Bop & DJ Swift)","Previewed by YB while he was recording the song in the studio.
The song was originally opening track on mixtape ""38 Baby""
before it got removed. Track 1 on the mixtape ""Mind of a Menace 3"" &
track 1 on the mixtape ""Mind of a Menace 3 Reloaded"".
Uploaded to YouTube by DatPiff & DJ Swift. TBG & Scottie Cain diss.",02:45,"Oct 27, 2016",Single,,"https://open.spotify.com/track/5xCn5jEPuDKlHYykUJTr6D?si=ea96c9e4911e4671
https://music.apple.com/us/song/watchu-sayin/1225994447
https://youtu.be/WtxIAdIvBnQ?si=L-RDdI3HfwnvStpv
https://youtu.be/od69ikTpVZw?si=F5rMDNEO5UAOci5L
https://youtu.be/iTH_2BEJZh8?si=qA1niD2kDZnxtFzu
https://youtu.be/8uKjmXu3fCY?si=yINGm1g8V__GBu1u"
38 Baby,"How I Live
(Prod.by QRedOnTheTrack)","Track 1 on the mixtape ""38 Baby"". Released on Audiomack
in October 19th, 2021. Previewed by YB.",02:44,"Oct 27, 2016",Album Track,,https://open.spotify.com/track/687UhoSmK9AxzOMsNIeUn0?si=a000a0a1ea54490b
38 Baby,"Hell and Back
(Prod.by DrellOnTheTrack)","Track 3 on the mixtape ""38 Baby"". The music video was uploaded to
WORLDSTARHIPHOP on October 27th, 2016.
Released on Audiomack in October 19th, 2021.",03:19,"Oct 27, 2016",Album Track,,https://open.spotify.com/track/6dwAsnh9jvXG1kKNdcGTeK
38 Baby,"Ride Out
(Prod.by DJ Chose)","Track 4 on the mixtape ""38 Baby"". Previewed by YB on Instagram.
Released on Audiomack in October 19th 2021.",03:05,"Oct 27, 2016",Album Track,,https://open.spotify.com/track/5Lt8ObyHh4wqD6BYXzBnvm
38 Baby,"H.A.M.
(Prod.by Tahj Money)","Track 5 on the mixtape ""38 Baby"" and has an unreleased
music video. Released on Audiomack in October 19th, 2021.",04:02,"Oct 27, 2016",Album Track,,https://open.spotify.com/track/7t89fDSnOaYzShiq14ys6w?si=1e8f003d55ec496b
38 Baby,"Gravity [V2] 🔝
(Prod.by Dun Deal)","Track 6 on the mixtape ""38 Baby"". Version with a better mix.
Released on Audiomack in October 19th, 2021.",03:24,"Oct 27, 2016",Album Track,,"https://soundcloud.com/nba-youngboy/young-boy-never-broke-again-gravity
https://open.spotify.com/track/1OgoDWWGzCe6uwVdo2pozN"
38 Baby,"Up In Blood [V2] (Ft. Boosie Badazz)
(Prod.by $hop With Ken)","Track 7 on the mixtape ""38 Baby"". Previewed by YB on Instagram.
Released on Audiomack on October 19th, 2021.",03:54,"Oct 27, 2016",Album Track,,https://open.spotify.com/track/3jsCjntLLAqZoOqGuEc94D?si=d57f7daa7daa4adc
38 Baby,"My Kind of Night
(Prod.by Yung Lan)","Track 8 on the mixtape ""38 Baby"".
Released on Audiomack on October 19th, 2021.",02:55,"Oct 27, 2016",Album Track,,https://open.spotify.com/track/6F4yS45EIfXba2RXTTkr2C
38 Baby,"Like Me [V3] (Ft. Stroke Tha Don & Kevin
Gates) (Ring Secured), (Prod.by King LeeBoy
& CashMoneyAP)","Track 10 on the mixtape ""38 Baby"".
Released on Audiomack on October 19th, 2021.",04:16,"Oct 27, 2016",Album Track,,https://open.spotify.com/track/6F4yS45EIfXba2RXTTkr2C
38 Baby,"For It
(Prod.by OG Parker)","Track 11 on the mixtape ""38 Baby"".
Released on Audiomack on October 19th, 2021.",02:41,"Oct 27, 2016",Album Track,,https://open.spotify.com/track/6Q5B7ZHZUuFq0TtGOCDvlc
38 Baby,"Down Chick (Ft. NBA OG 3Three)
(Prod.by RicoFinesse)","Track 12 on the mixtape ""38 Baby"". The music video was first
uploaded to YouTube on November 16th, 2016.
Released on Audiomack on October 19th, 2021.",03:55,"Oct 27, 2016",Album Track,,https://open.spotify.com/track/4c1x1SYPM26MHCkJSYwknD
38 Baby,"They Ain't with Me
(Prod.by RLBeatz)","Track 14 on the mixtape ""38 Baby"".
Previewed by YB on an Instagram post before it released.
Released on Audiomack on October 19th, 2021.",03:30,"Oct 27, 2016",Album Track,,https://open.spotify.com/track/4dooP7ADiOIiJLM7SN8aLf?si=e437ea6e873e414e
Mind of a Menace 3,"JayDaYoungan - Up With Me [V2] (Ft.)
(Prod.by Drum Dummie)","Released as track 3 on the mixtape ""YoungAnimal"" by JayDaYoungan.
The music video was uploaded to YouTube by DelValle Studios
on August 15th, 2022. Previewed on a Twitter post by JayDaYoungan.",02:52,"Oct 28, 2016",Feature,,https://soundcloud.com/trap-clouds/nba-youngboy-up-with-me-feat
Mind of a Menace 3,"Changed
(Prod.by Tahj Money)","Track 3 on the mixtape ""Mind of a Menace 3"" & track 4
on the mixtape ""Mind of a Menace 3 Reloaded"".
A shorter edit was uploaded to YouTube by Promo Sound.",03:11,"Nov 5, 2016",Album Track,,"https://open.spotify.com/track/7zkbsyd1GfiCtoF7uxLBS7?si=2fff3f1d188e4e0f
https://music.apple.com/us/song/changed/1225994452
https://youtu.be/BMMU04vkfFQ?si=fPpYmPiM1ShdmzZl
https://youtu.be/Lcz8WJKEPtU?si=AX6t_ztQzIT9RU6t"
Mind of a Menace 3,"Stepped On
(Prod.by QRedOnTheTrack)","Track 6 on the mixtape ""Mind of a Menace 3"" & track 7 on the
mixtape ""Mind of a Menace 3 Reloaded"". Previewed by YB on
Instagram live in May 2017. A shorter edit was uploaded
to YouTube by Promo Sound.",03:00,"Nov 5, 2016",Album Track,,"https://open.spotify.com/track/1jPTgvMhaSoRAOD9COQm8l?si=18a0c24911004402
https://music.apple.com/us/song/stepped-on/1225994455
https://youtu.be/HIpXChBwBQg?si=m5PhEUWoeaemlyBT"
Mind of a Menace 3,"Boosie Badazz - My Lil Son (Ft. NBA
YoungBoy & WNC Whop Bezzy) (Prod.by ???)","Track 2 on the mixtape ""Happy Thanksgiving & Merry Christmas"" by Boosie.
Recorded in September 2016 and previewed by YB on an Instagram story.",03:55,"Nov 23, 2016",Feature,,
Mind of a Menace 3,"Litty [V2] (Ft. Rich The Kid)
(Prod.by ???)","Released on YB's SoundCloud account and on Audiomack by
Digital Trapstars. This song was inspired by Post Malone's
""White Iverson"". Previewed by NBA Ben10 & YB.",03:16,"Nov 24, 2016",Single,,https://soundcloud.com/nba-youngboy/youngboy-never-broke-again-litty-ft-rich-the-kid
Mind of a Menace 3,"Lor X - Shootas (Ft.)
(Mind Gone), (Prod.by ???)","Track 3 on the mixtape ""X Files"" by Lor X.
Uploaded to YouTube by DatPiff in February 2017.",02:40,"Dec 2, 2016",Feature,,https://open.spotify.com/track/3mmTtxbDlpT8FWquCG0JaO?si=a3d2d71d1af146ae
Mind of a Menace 3,"Can’t Stop Won’t Stop
(Prod.by QRedOnTheTrack)","Track 10 on the mixtape ""Mind of a Menace 3"" & track 9 on the mixtape
""Mind of a Menace 3 Reloaded"". Uploaded to YB's YouTube channel
on April 14th, 2017 and was also uploaded to YouTube by
DatPiff on February 18th, 2017.",02:45,"Dec 9, 2016",Single,,"https://open.spotify.com/track/2vGkhLDyTI3RVu1eKIQVeh?si=784fc31dccbb4815
https://music.apple.com/us/song/cant-stop-wont-stop/1225994457
https://youtu.be/wPvfX7aco4c?si=z7UtEy2SG2JuBibo
https://youtu.be/lqUPUQqvqO0?si=ZbUEuUWLRVvNhdCY"
Mind of a Menace 3,"Intro [V2]
(Prod.by ???)","Shorter version of track 1 on YB's mixtape
""Mind of a Menace"". Recorded in 2015.",02:13,"Dec 23, 2016",Album Track,,https://soundcloud.com/nba-youngboy/intro-1
Mind of a Menace 3,"Jefe - Get Money 4Life (Ft.)
(Fraud / Go Against Me), (Prod.by RogerBeatMusic)","Recorded in November 2016. Shy Glizzy's former rap name
was Jefe before he changed it. Track 1 on the mixtape
""The World Is Yours"" by Shy Glizzy. NBA Joe diss.",03:25,"Jan 6, 2017",Feature,,https://soundcloud.com/hussle-smith/shy-glizzy-get-money-4life-ft?si=e0df8e9be53a4d6090d0a5569da96cf8&utm_source=clipboard&utm_medium=text&utm_campaign=social_sharing
Mind of a Menace 3,"Too Much
(Prod.by GT Of Beat Execz)",Recorded in late 2016.,02:39,"Jan 24, 2017",Single,,
Mind of a Menace 3,"Ain't Playin
(Prod.by Nard & B, Musik MajorX & XL Eagle)","Track 4 on the mixtape ""Mind of a Menace 3"" & track 5 on the
mixtape ""Mind of a Menace 3 Reloaded"".
Uploaded to YouTube by DatPiff.",01:58,"Feb 18, 2017",Album Track,,"https://open.spotify.com/track/4rx79VDJizteqSOT7PQaJl?si=0172f51693154aa7
https://music.apple.com/us/song/aint-playin/1225994453
https://youtu.be/4_nqwytpp3c?si=6Q99XScvuOuiLFpT
https://youtu.be/SrNJu9Gnf28?si=R4jplZeg_uDDWQPx"
Mind of a Menace 3,"Bet
(Prod.by Dubba-AA)","Track 5 on the mixtape ""Mind of a Menace 3"" & track 6 on the mixtape
""Mind of a Menace 3 Reloaded"". Recorded in October 2016. Uploaded to
YouTube by DatPiff. Previewed by YB on Instagram live in May 2017.",03:13,"Feb 18, 2017",Album Track,,"https://open.spotify.com/track/32KK5ssfN5vuKRaCsfa63R?si=cdabceb458524c29
https://music.apple.com/us/song/bet/1225994454
https://youtu.be/Qsa91Etno5A?si=aa4b5ezK9eGVVU7O"
Mind of a Menace 3,"All I Want (Ft. NBA OG 3Three)
(Prod.by QRedOnTheTrack)","Track 9 on the mixtape ""Mind of a Menace 3"". & track 8 on the mixtape
""Mind of a Menace 3 Reloaded"". Uploaded to YB's YouTube channel
on April 14th, 2017. Uploaded to YouTube by DatPiff.",03:01,"Feb 18, 2017",Album Track,,"https://open.spotify.com/track/25XUnsWG9Bv08BVQP3Sze1
https://music.apple.com/us/song/all-i-want-feat-3three/1225994456"
Mind of a Menace 3,"A1 Wissel - My Own Shooter (Ft.)
(Prod.by ???)","An instagram post of a snippet and video was posted to Instagram in
early February 2017. Recorded in August 2016 and has a music video.",03:42,"Feb 20, 2017",Feature,,
Mind of a Menace 3,"Tyrico - Heater (Ft.)
(Prod.by Torieonthetrack)",Recorded in late 2016 and has a music video.,02:49,"Feb 22, 2017",Feature,,
Mind of a Menace 3,"Draco (Ft. No Plug)
(Prod.by DJ Marc B)","Recorded in 2016 and was previewed on Instagram
while he recorded the song.",03:30,"Feb 23, 2017",Single,,https://soundcloud.com/user-148754171/nba-youngboy-draco-digitaldrippedcom
Mind of a Menace 3,"XXL Freshman Freestyle: YoungBoy Never
Broke Again","Recorded in late 2016. YB may not have appeared in XXL cypher
that year due to him being in jail in early 2017.",01:02,"Apr 14, 2017",Other,,https://www.youtube.com/watch?v=whocjydcEE4
Mind of a Menace 3 (Reloaded),"Just Made A Play (Ft. MoneyBagg Yo)
(Prod.by DJ Chose)","Track 2 on the mixtape ""Mind of a Menace 3 Reloaded"".
Previewed by YB & Moneybagg Yo. Recorded in late 2016. Uploaded to
YB's YouTube channel on April 14th, 2017.",02:58,"Apr 14, 2017",Album Track,,"https://open.spotify.com/track/4VOSqHUbK6OUZR4r68fIaf?si=fef5e64cb8494b4e
https://music.apple.com/us/song/just-made-a-play-feat-moneybagg-yo/1225994448
https://youtu.be/kRbYRxXs5vA?si=OTeR7wIXgfBci8_K"
Mind of a Menace 3 (Reloaded),"Blowin' Up
(Hoe Dreams / Aint Got No Time), (Prod.by ???)","Recorded in August 2016. Track 3 on the mixtape
""Mind of a Menace 3 Reloaded"". Uploaded to YB's YouTube channel on
April 14th, 2017. Previewed by YB after recording the song
and on an Instagram live in May 2017.",03:16,"Apr 14, 2017",Album Track,,"https://open.spotify.com/track/6oBu6SAXPj6wmoevIKU5ki
https://music.apple.com/us/song/blowin-up/1225994451
https://youtu.be/f893elcBCQE?si=AT8e_YJrOx8Es0Ao"
AI YoungBoy [V2],"Gon Leave [V1]
(Don't Matter [V1] / Gone Leave / Scheme),
(Prod.by Shawn & ???)",Recorded in late 2016.,04:08,"May 15, 2017",Single,,
AI YoungBoy [V2],"Yung Ceo - About Me [V1] (Ft.)
(One Thing About Me), (Prod.by King Wonka)","Track 3 on the mixtape ""True Story"" by Yung Ceo. 
Recorded in late 2016. Released on Spotify on May 12th, 2019.
Released on SoundCloud on December 9th, 2021.",04:01,"May 19, 2017",Feature,,https://open.spotify.com/track/5xCbQ3YzWIkZp5U8ES8BsH
AI YoungBoy [V2],"Untouchable [V2] 🔝
(Prod.by D. Brooks Exclusive)","First song that YB released after coming home from jail.
The chorus and first verse was recorded in late 2016.
Has a music video and track 7 on mixtape ""AI YoungBoy"".
Released on streaming platforms on August 4th, 2017.
Previewed by YB and has a Genius 'Verified' video.
Certified 2x platinum on August 4th, 2020 by the RIAA.",03:00,"May 30, 2017",Single,,"https://youtu.be/ipM9SkIkwCY?si=0dGppHyOY4l2S9o2
https://open.spotify.com/track/6xL9MJ2yt39HPPZPyGkRy8"
AI YoungBoy [V2],"Fooly - Bubble For It (Ft.)
(Toolie Man / Better Days / Awake / From Da Nawf),
(Prod.by ???)","Track 2 on the EP ""Toolie Man"" by Fooly.
Released to Spotify on August 16th, 2024.",03:20,"Jun 9, 2017",Feature,,https://open.spotify.com/track/2uzSayTSAR7dY1KWZUdDWV
AI YoungBoy [V2],"BBG Youngstar - Hotboys (Ft.)
(Hot Boy / White Charger), (Prod.by HitmanAudio)","Uploaded to YouTube by Soulja'z Vault on August 23rd, 2019
and uploaded to Youngstar's YouTube channel on 
December 3rd, 2022. Recorded in June 2017.",02:54,"Jun 14, 2017",Feature,,https://youtu.be/uRS72J_IrJE?si=2Q9R9y798czG0GH_
AI YoungBoy [V2],"Redondatrack - Nba (Ft.)
(Prod.by ???)","Track 2 on Red's mixtape ""Reds World"". Uploaded to YouTube by
LIT MUSIC & Legendary Visuals. Released on Spotify on July 22nd, 2018.",03:06,"Jun 14, 2017",Feature,,https://open.spotify.com/track/4wvW90eyNTfKFYUu8Vtx2L?si=59e98aec14234d8b
AI YoungBoy [V2],"Teflon Mark - Dope Good [V1] (Ft. King
Stevie D. & NBA YoungBoy)
(Prod.by D. Kauffman, J. Watson & R.Banks)","Track 9 on the mixtape ""Troublesome Child, Vol.1"" by Teflon &
track 6 on the mixtape ""Sauce Foreva Dripping"" by Stevie D.
Released on Spotify on June 23rd, 2017.",03:48,"Jun 22, 2017",Feature,,https://open.spotify.com/track/3OJIaRNRO3XLBZwTxB6I5W?si=20c894a6989c4d40
AI YoungBoy [V2],"Kodak Black - Water [V3] (Ft.)
(Prod.by DJ Swift & Dubba-AA)","Uploaded to YouTube by WORLDSTARHIPHOP. YB's verse was
recorded in November 2016 and previewed by YB
as he recorded the song.",04:19,"Jun 24, 2017",Feature,,https://www.youtube.com/watch?v=qJcMJ1789B4
AI YoungBoy [V2],"41
(Prod.by GT of Ear Drummers & QRedOnTheTrack)","Previewed many times by YB and has a music video.
Recorded in late May 2017.",03:23,"Jul 5, 2017",Single,,"https://open.spotify.com/track/6Kd95xokf1nYBBdp2d6Liu
https://music.apple.com/us/album/41-single/1254733119"
AI YoungBoy [V2],"Grasa - I Trap (Ft. Snootie Wild &
NBA YoungBoy) (Prod.by ???)","Track 7 on Grasa's mixtape ""No Turning Back"".
Previewed by Teflon Mark and recorded in 2016.",03:10,"Jul 20, 2017",Feature,,"https://open.spotify.com/track/6mvxtIKHMgAPpdNtATvsHI?si=ffb0174c7b874dda
https://youtu.be/84kN0zhi3b4?si=qhf9q--z1NMcdeox"
AI YoungBoy [V2],"Call On Me
(Call On Me Mixed Mastered / Letter To Nene),
(Prod.by QRedOnTheTrack)","Previewed by YB on multiple Instagram stories.
Recorded in late May 2017.",04:00,"Jul 22, 2017",Single,,"https://soundcloud.com/nba-youngboy/call-on-me-mixed-mastered
https://youtu.be/GTaTeDdAq4o?si=-S8hcyx0waqPSq-4"
AI YoungBoy [V2],"Graffiti 🔝
(Prod.by Yatta Beats, Figurez Made It &
DJ Shawdi P)","Track 13 on mixtape ""AI YoungBoy"". Has a music video.
Previewed by YB along with ""GG"" & ""Ride On Em"".",03:26,"Jul 28, 2017",Single,,
AI YoungBoy [V2],"No Smoke 🔝
(Prod.by DJ Chose)","Track 3 on mixtape ""AI YoungBoy"". A remix was uploaded to
YouTube by Trap City and released on Apple Music in July 2018.",02:40,"Aug 3, 2017",Single,,"https://youtu.be/K3uMMjZGhnI?si=cZZmyCVkYgki2A3q
https://open.spotify.com/track/57IRaiAB4hBZu3gnNVZC0v"
AI YoungBoy [V2],"GG [V1]
(Prod.by DJ Swift & Dubba-AA)","Track 14 on mixtape ""AI YoungBoy"". Previewed by YB along with ""Graffiti""
& ""Ride On Em"". YB's response to OTF wanting to sign him in 2017.",02:04,"Aug 3, 2017",Album Track,,https://open.spotify.com/track/2DWdaFZYQyFFl4bFXC5DQi
AI YoungBoy [V2],"Trappin'
(Trappin), (Prod.by Supah Mario)","Track 1 on mixtape ""AI YoungBoy"".
Previewed by YB in July 2017.",03:12,"Aug 4, 2017",Album Track,,https://open.spotify.com/track/2Am3wWIt4kFNhKhrVT2Ego
AI YoungBoy [V2],"Wat Chu Gone Do [V2] (Ft. Peewee
Longway) (Prod.by Tahj Money & Que Laurentiu)","Track 2 on mixtape ""AI YoungBoy"". Music video was uploaded to
YouTube on the 19th of August 2017.",03:13,"Aug 4, 2017",Album Track,,https://open.spotify.com/track/1cTRooWfrmzzD7JutVQM7O
AI YoungBoy [V2],"Ride on Em
(Ride on 'Em), (Prod.by Louie Bandz & Dubba-AA)","Track 4 on mixtape ""AI YoungBoy"". Recorded in June 2017.
Previewed by YB along with ""Graffiti"" & ""GG"".",02:55,"Aug 4, 2017",Album Track,,https://open.spotify.com/track/1N2x0Da4fvqHIOstjDRc5y
AI YoungBoy [V2],"Dark Into Light (Ft. Yo Gotti)
(Prod.by Nard & B & XL Eagle)","Track 5 on mixtape ""AI YoungBoy"".
Recorded in June 2017.",02:44,"Aug 4, 2017",Album Track,,https://open.spotify.com/track/2MtyrIh9soTStJ3wgnxGVY?si=942d100e16ba40c6
AI YoungBoy [V2],"No. 9 [V6] 🔝
(Put It Down [V6]), (Prod.by Red On Da Track)","Track 6 on mixtape ""AI YoungBoy"". Recorded in early June 2017.
Previewed in the studio.",03:03,"Aug 4, 2017",Album Track,,https://open.spotify.com/track/2fZ00UKwotKWzHPGdNtdK9
AI YoungBoy [V2],"Left Hand Right Hand
(Prod.by Niko The Kid & Bee’s Knees)","Track 8 on mixtape ""AI YoungBoy"".
Not available in some countries on SoundCloud.",02:42,"Aug 4, 2017",Album Track,,https://open.spotify.com/track/7e0o82uBiJZDdh0J6U3121?si=045cb49918394239
AI YoungBoy [V2],"Twilight
(Prod.by CashMoneyAP)","Track 9 on mixtape ""AI YoungBoy"". Recorded in June 2017.
Previewed by YB as he recorded the song in the studio.",03:00,"Aug 4, 2017",Album Track,,https://open.spotify.com/track/2IutIkKsFLAW6BCK1HHMNG?si=c736ced448314468
AI YoungBoy [V2],"Came From
(Prod.by Brandon Bostic & Dubba-AA)","Track 10 on mixtape ""AI YoungBoy"".
Previewed in the studio and recorded in November 2016.",03:25,"Aug 4, 2017",Album Track,,https://open.spotify.com/track/2K1YCW7YLzphrK2VrY6BYK?si=1ff4abda852a496b
AI YoungBoy [V2],"Murda Gang
(Prod.by Dubba-AA)","Track 11 on mixtape ""AI YoungBoy"".
Previewed on an Instagram story by YB.",02:54,"Aug 4, 2017",Album Track,,https://open.spotify.com/track/550SU1DbpVjJmPDd1PWnde?si=fcae126d90b54991
AI YoungBoy [V2],"Have You Ever
(Prod.by DJ Swift, Louie Bandz & Dubba-AA)","Track 12 on mixtape ""AI YoungBoy"".",03:14,"Aug 4, 2017",Album Track,,https://open.spotify.com/track/1dwU3OHeaHYGzQwkk6y5ba
AI YoungBoy [V2],"Dedicated
(Prod.by Pooh Beatz & Go Grizzly)","Track 15 on mixtape ""AI YoungBoy"". Recorded in June 2017.
Previewed by YB in the studio.",02:49,"Aug 4, 2017",Album Track,,https://open.spotify.com/track/4wYiSiqO7VaG3J1i1sAd8R?si=61d500a37b4f4a0a
Ain't Too Long [V2],"Moneybagg Yo - Reckless (Ft.)
(Prod.by Karltin Bankz)","Track 11 of the album ""Federal 3X"" by MoneyBagg Yo. The music video
was uploaded to YouTube on October 6th, 2017. YB's verse was
recorded on June 19th, 2017 and previewed while the song was
being recorded in studio.",02:48,"Aug 11, 2017",Feature,,https://open.spotify.com/track/6XMzF60xSPJBTy3E3Yripk
Ain't Too Long [V2],"Boogotti - Fuck A Nigga (Ft.)
(F.A.N / F**k A Ni**a), (Prod.by Trevin the Producer)","Recorded in July 2017 and has a music video.
The music video was uploaded to YouTube by SS FILMZ.",02:34,"Aug 15, 2017",Feature,,https://soundcloud.com/fairossyrupfactory/nba-youngboy-fuck-a-nigga-ft
Ain't Too Long [V2],"E-40 - Straight Out The Dirt (Ft. JPZ,
Yo Gotti & NBA YoungBoy) (Prod.by JPZ)","Released on YouTube on August 29th, 2017 and released on Spotify
on September 1st, 2017. The song has a music video, which was
released on the February 12th, 2018 by WORLDSTARHIPHOP.",04:38,"Aug 26, 2017",Feature,,https://open.spotify.com/track/4tNgstCxqhZqzInDymUkF5?si=91641e049e554c2d
Ain't Too Long [V2],"Talkin Shit
(Prod.by Mike Laury & Dubba-AA)",Has a music video which was teased days before on Instagram.,03:14,"Aug 28, 2017",Single,,https://soundcloud.com/user-118904047/nba-youngboy-talkin-shit
Ain't Too Long [V2],"5th Street Bree - Solid (Ft.)
(Pull Up / 100 G's / Creeping), (Prod.by ???)","Previewed by YB in a NBA Ben10 vlog. Recorded in August 2017.
Uploaded to YouTube on October 2nd, 2017.",03:32,"Sep 7, 2017",Feature,,https://open.spotify.com/track/3HSFxLfzWVXmqrcnzspMYQ
Ain't Too Long [V2],"A Boogie Wit Da Hoodie - Beast Mode (Ft.
NBA YoungBoy & PnB Rock) 🔝
(Prod.by Young Troy)","Track 15 on ""The Bigger Artist"" by A Boogie. Released on Spotify
on the 29th of September 2017. The music video was
uploaded to YouTube on December 12th, 2017.",04:18,"Sep 7, 2017",Feature,,https://open.spotify.com/track/1AH60dMaEfNjzDoUIFwIQi
Ain't Too Long [V2],"Yung Bleu - First (Ft.)
(MOVES), (Prod.by Al Geno)","Track 6 on mixtape ""Investments 4"" by Yung Bleu.
Released on all streaming platforms on December 17th, 2017.",03:21,"Sep 12, 2017",Feature,,https://open.spotify.com/track/0NLjYRr1ZOnqmc3utjkl4p
Ain't Too Long [V2],"OMB Peezy - Doin Bad (Ft.)
(Prod.by Cardo Got Wings)","Track 3 on the mixtape ""Humble Beginnings""
by OMB Peezy and has a music video. Previewed by YB.",04:32,"Sep 15, 2017",Feature,,https://open.spotify.com/track/0LPnvvNFTFg3pd71IlWs9n
Ain't Too Long [V2],"Ride
(Ride 4Eva / A Love Letter To Jania),
(Prod.by Wheezy)","Has a music video and may have been the lead single for the
unreleased mixtape ""Broken hearted"". Recorded in September 2017.",02:58,"Sep 15, 2017",Single,,https://soundcloud.com/user-429172528/ride-out-nba-youngboy
Ain't Too Long [V2],"Confidential
(Prod.by Dubba-AA & ???)","Track 2 on the mixtape ""Ain't Too Long"" and has a music video. It is
unknown if this song was meant to be a lead single for the unreleased
mixtape ""Broken hearted"" which he teased more than once that month.",03:26,"Sep 20, 2017",Single,,https://open.spotify.com/track/2ycI0Bdliq3it9gtvRl6Ro
Ain't Too Long [V2],"Plies - Check Callin [V2] (Ft.) 🔝
(Prod.by DJ Chose)","Recorded in June 2017 and originally was a solo YB song.
The music video was uploaded to YouTube on November 6th, 2017.",03:33,"Oct 5, 2017",Feature,,https://open.spotify.com/track/64OFZXf5IvSBYX8dS8Wlaj
Ain't Too Long [V2],"Red Rum
(Prod.by Dubba-AA)","Track 1 on the mixtape ""Ain't Too Long"". Recorded in August 2017
and previewed in the studio. Real Gee Money diss.",03:53,"Oct 7, 2017",Album Track,,https://open.spotify.com/track/7ysDeZwkoXMMsMBJBR7MTH?si=10efc63af0254fdb
Ain't Too Long [V2],"Pour One 🔝
(Letter to Da Real Gee Money), (Prod.by Gitt Fai
& DJ Swift)","Track 3 on the mixtape ""Ain't Too Long"". Recorded in September 2017.
The song is a response to the death of Baton Rouge rapper
Da Real Gee Money. Not available on Spotify.",03:41,"Oct 7, 2017",Album Track,,"https://youtu.be/9QT64nOp854?si=r3ux4UiNJvFyTOia
https://soundcloud.com/nba-youngboy/pour-one"
Ain't Too Long [V2],"Better Man [V2]
(Prod.by Louie Bandz & Dubba-AA)","Track 4 on the mixtape ""Ain't Too Long"".",03:54,"Oct 7, 2017",Album Track,,https://open.spotify.com/track/7btZ79vbFx6lMLvk6Szeaz
Ain't Too Long [V2],"War With Us 🔝
(Prod.by Mike Laury & Dubba-AA)","Track 5 on the mixtape ""Ain't Too Long"". Recorded in September 2017.
TBG and Real Gee Money diss. Previewed by YB when the music video
was being recorded. The music video was deleted from
YB's YouTube channel for unknown reasons.",03:56,"Oct 7, 2017",Album Track,,https://open.spotify.com/track/627Ue4WpTs3P9DumoK3BVx?si=48706cd96491473e
Ain't Too Long [V2],"You the One 🔝
(Prod.by Louie Bandz & Dubba-AA)","Track 6 on the mixtape ""Ain't Too Long"". Recorded in September 2017.
Previewed by YB and then girlfriend Jania on an Instagram live.",03:07,"Oct 7, 2017",Album Track,,https://open.spotify.com/track/6ChdMi0GZVAM6ENMwNvyjk
Ain't Too Long [V2],"Coordination
(I Don't Mind), (Prod.by Louie Bandz & Dubba-AA)","Track 7 on the mixtape ""Ain't Too Long"". Recorded in August 2017.
Previewed by YB and then girlfriend Jania.",03:01,"Oct 7, 2017",Album Track,,https://open.spotify.com/track/3YHkKOY5RDvghLRFp3MCyd?si=cfdf801e7b3b4efc
Ain't Too Long [V2],"Thug Alibi
(Prod.by Louie Bandz & Dubba-AA)","Track 8 on the mixtape ""Ain't Too Long"".
Recorded in September 2017.",03:12,"Oct 7, 2017",Album Track,,https://open.spotify.com/track/1cLKuLrcQOtMHAUVp6e0So
Fed Baby's,"Richie Rich - Bigger Picture (Ft.)
(Prod.by ??? & ???)","Track 4 on Richie's mixtape ""Carolina Baby"".",03:33,"Oct 10, 2017",Feature,,https://open.spotify.com/track/6iJYepAJQLaXjjkzzfmgpS?si=5980a742ebe7478e
Fed Baby's,"Slaughter Gang Tip - 100 Rounds [V2] (Ft.)
(Prod.by Pi’erre Bourne)","Track 5 on album ""NWA: Nigga With Ambition"" by SG Tip.",02:42,"Oct 13, 2017",Feature,,https://open.spotify.com/track/7f02ank7HFSgNQnOH2IJ2J
Fed Baby's,"GG [V3] (Ft. A Boogie wit da Hoodie)
(Prod.by DJ Swift & Dubba-AA)","Recorded in early August 2017 and has a music video
which was deleted off YouTube in late 2021.",03:07,"Oct 26, 2017",Single,,"https://open.spotify.com/track/2AxNJr4Q7e1b91wAtA7VKu?si=e946bff4203a407d
https://music.apple.com/us/album/gg-remix-feat-a-boogie-wit-da-hoodie-single/1299790995"
Fed Baby's,"XO - FWM (Ft. Boosie Badazz &
NBA YoungBoy) 🐟 (Fuck With Me /
Wish You Would), (Prod.by Mouse On Tha Track)",,04:04,"Nov 1, 2017",Feature,,https://open.spotify.com/track/46WazuqDnO2mcF9SWq4xgN
Fed Baby's,"Young Profits - My City [V2] (Ft.)
(All I Know Is Murder / Not Friendly /
Untouchable 2 / All My Ni**as / All I Know),
(Prod.by Legion of Music)",,03:58,"Nov 12, 2017",Feature,,
Fed Baby's,"Spacejam Bo - New Money [V2] (Ft.)
(Prod.by Nonstop Da Hitman & Cassius Jay)","Track 3 on mixtape ""Cote Kid"" by Spacejam Bo. Released on streaming
platforms on November 17th, 2017 and the music video was uploaded
to WORLDSTARHIPHOP a day later. Previewed on
Instagram as YB recorded his verse on October 12th, 2017.",03:19,"Nov 16, 2017",Feature,,https://open.spotify.com/track/2iB1IxQItExdIeBXDCXDJU
Fed Baby's,"Moneybagg Yo & NBA YoungBoy - Change
Partners (Charge Partners), (Prod.by Pooh Beatz
& Go Grizzly)","Track 1 on collaboration mixtape ""Fed Baby's"".
Recorded in November 2017 and previewed by YB on
an Instagram story. Uploaded to YouTube by DatPiff.",03:33,"Nov 17, 2017",Album Track,,https://open.spotify.com/track/3Cv2VAEAXYkFKoFxyrfrRA
Fed Baby's,"MoneyBagg Yo & NBA YoungBoy -
Preliminary Hearing (Prod.by Mike Laury &
Dubba-AA)","Track 2 on collaboration mixtape ""Fed Baby's"".
Recorded in September 2017. Uploaded to YouTube by DatPiff.",03:00,"Nov 17, 2017",Album Track,,https://open.spotify.com/track/2LBf5ZzEnGj2nlXgbHqsrZ
Fed Baby's,"MoneyBagg Yo - Mandatory Drug Test
(Ft. Young Thug) (Prod.by Javar Rockamore
& Stonii)","Track 3 on collaboration mixtape ""Fed Baby's"". YB is not on the song.
Recorded in November 2017. Uploaded to YouTube by DatPiff.",03:32,"Nov 17, 2017",Album Track,,https://open.spotify.com/track/2LBf5ZzEnGj2nlXgbHqsrZ
Fed Baby's,"MoneyBagg Yo & NBA YoungBoy - Collateral
Damage (Prod.by DJ Swift & Rippa On The Beat)","Track 4 on collaboration mixtape ""Fed Baby's"". Recorded in
November 2017. Uploaded to YouTube by DatPiff & RAP DAILY.",02:57,"Nov 17, 2017",Album Track,,"https://youtu.be/ubkG4GsfvAQ?si=1dos53xm-f2bGtlR
https://open.spotify.com/track/3Jxih4VcEsfk4FTeIxRzjG"
Fed Baby's,"MoneyBagg Yo & NBA YoungBoy -
Character Witness (Prod.by Southside)","Track 5 on collaboration mixtape ""Fed Baby's"". Previewed in the
studio on Instagram live. Uploaded to YouTube by DatPiff.",02:27,"Nov 17, 2017",Album Track,,https://open.spotify.com/track/063Sp104dj9TuZcdvldqDC?si=6e379266e008448a
Fed Baby's,"MoneyBagg Yo & NBA YoungBoy -
Plea Deal (Prod.by DJ Swift, Dremusiq &
Dubba-AA)","Track 6 on collaboration mixtape ""Fed Baby's"".
Recorded in October 2017 and previewed by MoneyBagg on an
Instagram live. Uploaded to YouTube by DatPiff & RAP DAILY.",03:11,"Nov 17, 2017",Album Track,,"https://youtu.be/Zt4Eoj5c958?si=ue0S60ij3vIp42_A
https://open.spotify.com/track/1rftJ13yq92dS1xeQ2bJ8S?si=8679d7d09f2e4f1a"
Fed Baby's,"MoneyBagg Yo & NBA YoungBoy - Cotempt
of Court (Prod.by DJ Chose)","Track 7 on collaboration mixtape ""Fed Baby's"".
Recorded in early November 2017. Uploaded to YouTube by DatPiff.",02:34,"Nov 17, 2017",Album Track,,https://open.spotify.com/track/6qw0yFahujkfZp3Dbe1VKZ
Fed Baby's,"MoneyBagg Yo - Judgment
(Prod.by DJ Swift & Dubba-AA)","Track 8 on collaboration mixtape ""Fed Baby's"". Recorded in
November 2017. Uploaded to YouTube by DatPiff & RAP DAILY.",03:35,"Nov 17, 2017",Album Track,,"https://youtu.be/rnUSnH3WGL4?si=plhCbrkFpO-7JQA6
https://open.spotify.com/track/04XbmiEO1RdmCCKbflaJg3?si=8ecd996b4f7942b8"
Fed Baby's,"MoneyBagg Yo & NBA YoungBoy - Pleading
the Fifth (Ft. Quavo) (Prod.by Honorable
C.N.O.T.E. & Bobby Kritical)","Track 9 on collaboration mixtape ""Fed Baby's"".
Recorded in early November 2017 and previewed on Instagram live.
Uploaded to YouTube by DatPiff.",03:13,"Nov 17, 2017",Album Track,,https://open.spotify.com/track/3LUPftNsM4KOk7kINY8keB
Fed Baby's,"Tampering With Evidence [V2]
(The Way We Live [V2] / Way We Live),
(Prod.by DJ Swift & Dubba-AA)","Track 10 on collaboration mixtape ""Fed Baby's"".
Moneybagg Yo is not on the song. Recorded in early November 2017.
Uploaded to YouTube by DatPiff.",02:14,"Nov 17, 2017",Album Track,,https://open.spotify.com/track/7sVryAf2sqT0I9fBbp0LJB
Fed Baby's,"MoneyBagg Yo & NBA YoungBoy - Acquittal
(Prod.by June The Genius)","Track 11 on collaboration mixtape ""Fed Baby's"".
Recorded in early November 2017. Uploaded to YouTube by DatPiff.",03:10,"Nov 17, 2017",Album Track,,https://open.spotify.com/track/0kXi5NJQUhnFeTBTHsN8Jk
Fed Baby's,"MoneyBagg Yo - Appeal
(Prod.by Drum Dummie, DJ Swift & Dubba-AA)","Track 12 on collaboration mixtape ""Fed Baby's"". The intro was previewed
on an Instagram story. YB is not on the song. Uploaded to YouTube by
DatPiff & RAP DAILY.",03:25,"Nov 17, 2017",Album Track,,"https://youtu.be/iup3bOtdxNM?si=S5vS08sEUFZALiye
https://open.spotify.com/track/5QJF9vjHIcOjyj32zrY8fT?si=52b8c9ff7f0f4f10"
Fed Baby's,"MoneyBagg Yo & NBA YoungBoy - Homicide
(Prod.by DMacTooBangin)","Track 13 on collaboration mixtape ""Fed Baby's"".
Recorded in November 2017. Uploaded to YouTube by DatPiff.",02:52,"Nov 17, 2017",Album Track,,https://open.spotify.com/track/2knOrbz0vnElyBUnEGIV1L?si=42daaaa702c14e3c
Fed Baby's,"MoneyBagg Yo & NBA YoungBoy - Prime
Suspect (Prod.by June The Genius)","Track 14 on collaboration mixtape ""Fed Baby's"". Recorded in
November 2017 and previewed in an Instagram story by Moneybagg Yo.
Uploaded to YouTube by DatPiff.",03:33,"Nov 17, 2017",Album Track,,https://open.spotify.com/track/3Cv2VAEAXYkFKoFxyrfrRA
Until Death Call My Name [V3],"Weebay - A Hunnit (Ft. VL Deck &
NBA YoungBoy) 🐟 (Realest),
(Prod.by Will A Fool)","Track 2 on mixtape ""Trap Till Fame"" by Weebay. Recorded in
October 2017 and released on Spotify on January 10th, 2018.",04:20,"Nov 25, 2017",Feature,,https://open.spotify.com/track/2GpomhgqW03KJxfY3VrWQE
Until Death Call My Name [V3],"Lil Durk - My Side [V2] (Ft.)
(Prod.by EJ Grimes)",Previewed by YB and originally his song.,03:40,"Nov 26, 2017",Feature,,"https://www.youtube.com/watch?v=B4NoTnIlCc0
https://open.spotify.com/track/2SGOMAnQG0f7q3as0O51KZ"
Until Death Call My Name [V3],"Leeky Bandz - Sleepin (Ft.)
(Prod.by Remy)","Track 6 on the 2021 mixtape ""Life After Future"" by Leeky Bandz.
Released on Spotify on May 25th, 2018. Recorded in November 2017.
The music video was uploaded to YouTube on August 22nd, 2018.",03:14,"Nov 30, 2017",Feature,,https://open.spotify.com/track/3Hc4Wg3SvuKHWv7NxzNj7g?si=0401c63c4e3a4122
Until Death Call My Name [V3],"VL Deck & NBA YoungBoy - The Knowledge
(Prod.by Zaytoven & Cassius Jay)","Track 4 and lead single to collaboration mixtape ""Kane & O-Dog"".
Previewed by YB and was recorded in October 2017.
The song has a music video which was teased in a YouTube trailer
in late December 2017, the video was then uploaded to YouTube by
WORLDSTARHIPHOP on January 21st, 2018. YB was originally
a feature. The instrumental samples ""No ID"" by Chief Keef.
Uploaded to YouTube by HYPE on October 19th, 2018.",02:49,"Dec 4, 2017",Single,,"https://youtu.be/Mz_J2qsYm6M?si=8-8vsPkugiRBQxUt
https://open.spotify.com/track/7LBLLVjU0tGeCCU62G9Ue9?si=797b034275504a0d"
Until Death Call My Name [V3],"Q-Sko - Go Get It [V1] (Ft.)
(Nawfside / throwing 4s), (Prod.by Chopsquad DJ)","Recorded in October 2017 and previewed by Q-Sko in the studio.
Uploaded to YouTube by HYPE.",03:45,"Dec 7, 2017",Feature,,https://soundcloud.com/q-sko/q-sko-go-get-it-ft-nba-youngboy-prod-chopsquad-dj
Until Death Call My Name [V3],"Chosen One [V3] (Ft. Kodak Black)
(chosen), (Prod.by June The Genius)","Recorded in November 2017. Remix of ""Prime Suspect""
on the collobration mixtape ""Fed Baby's"".",03:32,"Dec 10, 2017",Single,,https://youtu.be/uG8lEArrG6E
Until Death Call My Name [V3],"Solar Eclipse 🔝
(Prod.by 1040 & Dubba-AA)","Track 7 on the album ""Until Death Call My Name"".
Recorded in November 2017 and has a music video.
Released on streaming platforms on April 27th, 2018.",03:47,"Dec 14, 2017",Single,,"https://youtu.be/xw0owsSgO3Y?si=tI1efu-vcFHGHA9k
https://open.spotify.com/track/0Jr4zQh5i3vrKFEcXrhhxl"
Until Death Call My Name [V3],"Jamie Ray - 16 [V2] (Ft.)
(Prod.by OG Parker)","Track 10 on the mixtape ""Castles in the Air"" by Jamie Ray.
Recorded in November 2017. Music video was uploaded to
WORLDSTARHIPHOP on December 22nd, 2017.",03:45,"Dec 15, 2017",Feature,,https://open.spotify.com/track/3LFMlVr5JYmkuLr19hjm8M
Until Death Call My Name [V3],"NBA OG 3Three - Intro (Ft.)
(Prod.by Turn Me Up Josh)","Track 1 on the mixtape ""3 Point Line"" by NBA OG 3Three. Recorded in early
November 2017. Released to Spotify on September 28th, 2018.",02:00,"Dec 25, 2017",Feature,,https://open.spotify.com/track/3hTs5Tyj4H1X07uVuD1AMk
Until Death Call My Name [V3],"NBA OG 3Three - Murda (Ft.)
(Prod.by CedDidit)","Track 2 on the mixtape ""3 Point Line"" by NBA OG 3Three.
Previewed in an Instagram story by cameraman David G.
The music video was uploaded to WORLDSTARHIPHOP on 
December 26th, 2017. Released to Spotify on September 28th, 2018.",02:51,"Dec 25, 2017",Feature,,"https://soundcloud.com/nba3-three/nba-youngboy-nba-3three-murda?in=user-809248204/sets/nba-youngboy&si=22338b9862e94475ac5b73ecb66abdc9&utm_source=clipboard&utm_medium=text&utm_campaign=social_sharing
https://open.spotify.com/track/3ftJ3Im5YACtedhCNmeKw7"
Until Death Call My Name [V3],"Halleluyah - Chosen1 [V2] (Ft.)
(Prod.by DJ SVNNYD & BandPlay)","Track 3 on the mixtape ""Ear 2 the Streets, Vol.1"" by Halleluyah.
Released on Spotify on February 20th, 2018.",02:49,"Jan 1, 2018",Feature,,https://open.spotify.com/track/5apYGD0NzoVfGZTohQVubj?si=582381ac63e549d0
Until Death Call My Name [V3],"Outside Today [V2] 🔝
(God Please), (Prod.by DMacTooBangin)","Track 4 on the album ""Until Death Call My Name"".
Certified 3x platinum by the RIAA on August 4th, 2022 and recorded in
 early November 2017. YB teased lyrics on an Instagram story on
November 2nd, 2017 and a snippet played in the studio was posted to
Instagram six days later. In the same month the song would get
previewed by MoneyBagg Yo & BBG Baby Joe. The song also has
a music video which was teased on Instagram on January 5th, 2018.",02:23,"Jan 6, 2018",Single,,"https://youtu.be/74hZN9i2eEA?si=5_xsPc0ldCiBqB9v
https://soundcloud.com/nba-youngboy/outside-today?in=user-809248204/sets/nba-youngboy
https://open.spotify.com/track/5Qx9hngUBr30JFrNua7yp4?si=ab4e8ae11df14754"
Until Death Call My Name [V3],"Project Youngin - Biggest Blessing (Ft.)
(Prod.by DJ Swift & Dubba-AA)","Track 3 on the mixtape ""Biggest Blessing"" & track 10 on the 2018 mixtape
""Group Home Living"" by Project Youngin. Recorded in late October 2017
and a snippet was posted to Project Youngin's Instagram story.
The music video was uploaded to YouTube by WORLDSTARHIHOP
on January 23rd, 2018.",03:14,"Jan 9, 2018",Feature,,https://open.spotify.com/track/43K9BbifRs34e60ge5foaO?si=f0a4d14bf2a34d8f
Until Death Call My Name [V3],"Love Is Poison [V2] 🔝
(Prod.by CashMoneyAP)","Track 20 on the album ""Until Death Call My Name Reloaded"".
Recorded in early January 2018. Released on Spotify on
June 29th, 2018. Certified platinum by the RIAA on May 30th, 2023.",02:37,"Jan 11, 2018",Single,,"https://open.spotify.com/track/3mVetrcTFdjigng5ankZRf?si=7f6802f9ed8a44bb
https://music.apple.com/us/song/love-is-poison/1404462217"
Until Death Call My Name [V3],"Ralo - Rain Storm [V2] (Ft.)
(Rain / Rain Fall), (Prod.by Louie Bandz &
Dubba-AA)","Track 5 on the mixtape ""Diary of the Streets 3"" by Ralo.
Recorded in late December 2017. The music video was uploaded to
YouTube by WORLDSTARHIHOP on July 1st, 2018.",04:32,"Jan 19, 2018",Feature,,https://open.spotify.com/track/47TMPHY21Pa0hdMo0h1wO8?si=c4e1e38230a54145
Until Death Call My Name [V3],"Stitches - Out My Mind (Ft.)
(Back and Better / First Day Out),
(Prod.by Foreign Teck, Nik Dean & CashMoneyAP)",Recorded in November 2017.,03:28,"Jan 22, 2018",Feature,,https://soundcloud.com/stitchesbitch/stitches-feat-nba-young-boy-out-of-my-mind?si=eef7fa17424e404c8fbb311240f5f855&utm_source=clipboard&utm_medium=text&utm_campaign=social_sharing
Until Death Call My Name [V3],"Famous Dex - In The Bank (Ft.)
(In Da Bank), (Prod.by Mike WiLL Made-It &
Resource)","Has a music video that was uploaded to YouTube on July 3rd, 2018.
Recorded in June 2017. Previewed by YB in an Instagram post.",03:05,"Jan 26, 2018",Feature,,https://open.spotify.com/track/0sEfomtr8d86aJgZxlfh3k?si=5ae7a865f169456e
Until Death Call My Name [V3],"Damar Jackson - FN Everything [V2] (Ft.)
(DEAD ROSES / I Need Your Love),
(Prod.by Big Fruit & Damar Jackson)","Track 4 on the deluxe of mixtape ""Unfaithful"" by Damar. Recorded in
early February 2018. Remix of the original song ""FN Everything"".",03:37,"Feb 8, 2018",Feature,,https://open.spotify.com/track/2mq8thd27KXTdVYT7ZyKjV?si=96d03fd355354e43
Until Death Call My Name [V3],"Young Scooter - Bail Out (Ft.)
(Prod.by Big Korey)","Track 12 on the mixtape ""Trippple Cross"" by Young Scooter.
Released on Spotify on February 23rd, 2018.",03:56,"Feb 15, 2018",Feature,,https://open.spotify.com/track/6DMZ0fL01U2eZJ9N3HzgkV?si=786e696bf41b47ac
Until Death Call My Name [V3],"TrapBabyHienest - Hurt Em [V2] (Ft.)
(Fuck Em / 187 / Vultures / Lurking / ruthless),
(Prod.by ???)","Track 8 on the mixtape ""ThumbKramps2"" by TrapBabyHienest.
Recorded in July 2017. Previewed twice in studio as YB reorded his verse.
Has an unfinished music video which was teased in a YouTube
trailer by BANGI SHOT IT on April 7th, 2018.",02:37,"Feb 21, 2018",Feature,,https://open.spotify.com/track/0tiktrmyPJI0sRXXtGMuwt?si=cb1f431afd124c70
Until Death Call My Name [V3],"Adrian Broner - All I Want [V1] (Ft.)
(Bout Me [V1] / Dancing With The Devil / Ride),
(Prod.by ???)","Released on Spotify on May 23rd, 2022.
Recorded in January 2018. It is unknown why the
audio was privated from YouTube.",03:02,"Feb 22, 2018",Feature,,https://open.spotify.com/track/52fMKfhFgUyapLTvSfI41E?si=ad7654965b84497d
Until Death Call My Name [V3],"Jdagr8 - Can I Trust You [V2] (Ft.)
(Prod.by ???)","Uploaded to YouTube by RAP DAILY on May 22nd, 2018.
Recorded in early 2018.",04:58,"Feb 22, 2018",Feature,,https://open.spotify.com/track/7nWRTaIJRJQmKS2pJLTA7S?si=9f85e15e51e64c20
Until Death Call My Name [V3],"DatBoiSkeet - In The Way (Ft.)
(Forever), (Prod.by CodeyGotBeatz)","Track 16 on the mixtape ""Broke Is The Root Of All Evil"" by Skeet.
Released on Spotify on June 6th, 2018.",03:36,"Mar 6, 2018",Feature,,https://open.spotify.com/track/3dCj8pIyx9jjZqKKIeagHi?si=5018fbadb2064ae2
Until Death Call My Name [V3],"Lil Yachty - NBAYOUNGBOAT (Ft.) 🔝
(Prod.by Digital Nas)","Track 11 on the album ""Lil Boat 2"" by Lil Yachty. Recorded in November 2017.
On March 30, 2022, “NBAYOUNGBOAT” was certified platinum by the RIAA.",02:19,"Mar 9, 2018",Feature,,https://open.spotify.com/track/6K2anECyrckidwf5wxS78Q?si=3889d9d7174e48c6
Until Death Call My Name [V3],"Right or Wrong (Ft. Future)
(Prod.by Big Korey & DJ Montay)","Track 11 on the album ""Until Death Call My Name"". Released on Spotify &
SoundCloud on April 27th, 2018. Recorded in March 2018.",04:00,"Mar 12, 2018",Single,,
Until Death Call My Name [V3],"LilTrap850 - GG (Remix) (Ft.) 🐟
(Prod.by DJ Swift & Dubba-AA)","Remix of 2017 track ""GG"".",01:52,"Mar 19, 2018",Feature,,"https://youtu.be/HwKu3NH4AWE?si=t5Ts0R8fhhNYNDEp
https://open.spotify.com/track/5ESxfccECTbM2wqzxEppCu?si=4b45c8562be5421d"
Until Death Call My Name [V3],"Birdman - Ride [V2] (Ft.)
(Prod.by FATBOI)","Track 2 on the mixtape ""Cash Money Records Presents: Before Anythang""
by Birdman. Recorded in late January 2018. The music video was uploaded
to YouTube by NeverBrokeAgain LLC on May 14th, 2018.
Released on Spotify on December 7th, 2018. Originally was track
on the unreleased BirdMan collab mixtape ""From The Bayou""",04:12,"Mar 22, 2018",Feature,,"https://open.spotify.com/track/6lVO5cW3inLyzbKbm5CHwd?si=3d903881124c4453
https://music.apple.com/us/song/ride-feat-youngboy-never-broke-again/1444821483"
Until Death Call My Name [V3],"Through The Storm [V2] 🔝
(Who Want It), (Prod.by Mike Laury & Dubba-AA)","""I need to talk to Mike Laury"" Track 18 on the album
""Until Death Call My Name Reloaded"". Recorded in late 2017 and was
quickly teased in an instagram story. Was first uploaded to YouTube by
WORLDSTARHIHOP as an audio. The music video was later uploaded to
YouTube by WORLDSTARHIHOP & YB on April 4th, 2018. Released on
SoundCloud on April the 5th, 2018. Certified 2x multi-platinum by the
RIAA on May 30th, 2023.",02:43,"Mar 22, 2018",Single,,"https://open.spotify.com/track/7bOlOJHn9IOaXX7IwaK905?si=5a495ef149c14604
https://music.apple.com/us/song/through-the-storm/1404462211
https://youtu.be/53_HPbH64_M?si=wEYvpnNXlf-Na9jT"
Until Death Call My Name [V3],"Jacquees - Before The Fame (Ft.)
(Prod.by Damas Petit, D-Rok & 17OnDaTrack)","Track 2 on the mixtape ""Cash Money Records Presents: Before Anythang""
by Birdman. Recorded in late January 2018. Uploaded to YouTube on
December 6th, 2018 and released on Spotify a day later.",03:40,"Mar 30, 2018",Feature,,https://open.spotify.com/track/7MgWIFAisAvVwUAKZsNM7t?si=829b2fb863274e2d
Until Death Call My Name [V3],"Diamond Teeth Samurai 🔝
(The Block Is Hot [V2]), (Prod.by S-X & DJ Swift)","Track 4 on the album ""Until Death Call My Name"".
Recorded and previewed in late November 2017. Has a music video
that was recorded in New Orleans. Certified platinum by the RIAA
on August 26th, 2021. The song samples the chorus of 1999
""Tha Block Is Hot"" by Lil Wayne.",02:42,"Apr 2, 2018",Single,,https://open.spotify.com/track/3tdGYraExDxOA5js4hVRbA?si=ea45b687ff984f7f
Until Death Call My Name [V3],"Genie [V1] 🔝
(Prod.by PlayboyXO)","Track 19 on the album ""Until Death Call My Name Reloaded"".
Recorded in March 2018. Released on Spotify on June 29th, 2018.
Has a music video and was previewed by YB as the music video was
being filmed. The song is the most popular solo YB song on YouTube.",03:??,"Apr 5, 2018",Single,,https://youtu.be/nQ1mmVG-G1g?si=YPORW7Jbru3g8nUt
Until Death Call My Name [V3],"NBA OG 3Three - Bitch I'm Outside (Ft.)
(Bitch Nigga / Celebration), (Prod.by ???)","Track 2 on the mixtape ""Chapter 20"" by OG 3Three.
Recorded in November 2017. Uploaded to YouTube by channel
RAP DAILY. Released on Spotify on May 30th, 2018.",02:54,"Apr 8, 2018",Feature,,https://open.spotify.com/track/2inImka7HyxCM41PELtiPY?si=6eded9d505664c4d
Until Death Call My Name [V3],"Stitches & NBA YoungBoy - Traumatized
[V?] 🐟 (Prod.by JUDGE & Kenny Beats)","Recorded in November 2017. Alternative version that
didn't release on the album ""Until Death Call My Name"".
Removed from YouTube for unknown reasons.",03:31,"Apr 12, 2018",Single,,https://soundcloud.com/stitchesbitch/stitches-nba-young-boy-traumatized
Until Death Call My Name [V3],"HTAFL
(My Happiness Took Away For Life),
(Prod.by Abby “Samir” Urbina)","First released as a single in 2018 and was quickly deleted.
In late 2022 it was released as opening track to
compilation tape ""Lost Files"". Recorded in April 2018.",02:55,"Apr 12, 2018",Album Track,,https://open.spotify.com/track/0ezt3b76CRzJcmCMmCVmbw?si=0fc06a7261134356
Until Death Call My Name [V3],"Nicki Minaj 🔝
(LOVE LOST / Hold me down / Ride Or Die),
(Prod.by June The Genius)",Recorded in April 2018 and rumored to have a music video.,03:15,"Apr 14, 2018",Single,,https://youtu.be/eKS9BlpQppg
Until Death Call My Name [V3],"Overdose [V2] 🔝
(Flashing [V2]), (Prod.by Bighead)","Opening track to album ""Until Death Call My Name"" and has a music video.
Recorded in February 2018. Certified platinum by the RIAA
on January 25th, 2019.",02:56,"Apr 27, 2018",Album Track,,"https://youtu.be/YDQXzY11aS0?si=9PHwoKDjaA9V0kFi
https://open.spotify.com/track/3A1BaBGT3HgzuDrV9pgX9v?si=77373e9395454f27"
Until Death Call My Name [V3],"Preach 🔝
(Prod.by DJ Swift)","Track 2 on the album ""Until Death Call My Name"". Previewed on an April 2018
Instagram story and recorded in early November 2017.
Certified platinum by the RIAA on May 30th, 2023.",03:56,"Apr 27, 2018",Album Track,,"https://youtu.be/owHwDeUDiog?si=aqikm_P_uhqhCWOO
https://open.spotify.com/track/4vw1hvj7rB3v3CmvE0BvxA?si=4dc391dc8c9146f8"
Until Death Call My Name [V3],"Astronaut Kid 🔝
(ROCKET), Prod.by AlexvnderWolf &
CashMoneyAP)","Track 5 on the album ""Until Death Call My Name"". Has a music video
that was released on August 1st 2018. Recorded in November 2017.
Certified gold by the RIAA on August 30th, 2019.",03:05,"Apr 27, 2018",Album Track,,https://open.spotify.com/track/1YIvqh590A7hIlyyRw1Fio?si=c211f5db615145e7
Until Death Call My Name [V3],"We Poppin (Ft. Birdman) 🔝
(Prod.by Drumma Boy)","Track 6 on the album ""Until Death Call My Name"". Has a music video
that was recorded in New Orleans and released on May 3rd, 2018.
Recorded in January 2018, previewed on YB's Instagram story and
previewed during the filming of music video. Certified platinum
by the RIAA on August 5th, 2021.",04:05,"Apr 27, 2018",Album Track,,"https://youtu.be/SKexLz5QRN0?si=XO-aJP5z8s56CMtl
https://open.spotify.com/track/4kYvqpNbfEzFKBLJYdoG4h?si=458d3912cab74f2f"
Until Death Call My Name [V3],"Villain [V2]
(Prod.by Schife & Ben Billions)","Track 8 on the album ""Until Death Call My Name"".
Recorded in early November 2017. Has a music video that was
released in 2018 and later deleted off YouTube.",02:49,"Apr 27, 2018",Album Track,,https://open.spotify.com/track/43jUfF5bPMG5vmQmqtCv8b?si=ff1d1386d672408f
Until Death Call My Name [V3],"Traumatized [V?] 🔝
(Prod.by Kenny Beats & JUDGE)","Track 9 on the album ""Until Death Call My Name"". Recorded in early
November 2017. Certified gold by the RIAA on August 4th, 2022.",02:08,"Apr 27, 2018",Album Track,,https://open.spotify.com/track/3oL5IZxCjizNaptP7auJjm?si=8fdff9ccb7d248c0
Until Death Call My Name [V3],"Worth It
(Prod.by Mook On The Beats, DJ Swift & Dubba-AA)","Track 10 on the album ""Until Death Call My Name"".
Previewed by cbodadon of YB on an Instagram story.",03:25,"Apr 27, 2018",Album Track,,https://open.spotify.com/track/58c8ZlxOcyI1cd4qaB3nOZ?si=47a77e7b41554c62
Until Death Call My Name [V3],"Public Figure
(Prod.by TM88 & Wheezy)","Track 12 on the album ""Until Death Call My Name"".
Recorded in November 2017.",02:31,"Apr 27, 2018",Album Track,,https://open.spotify.com/track/4t0Ruf4wFbfFxi1vCnqwau?si=5aa3c59bb1334d7c
Until Death Call My Name [V3],"Rags to Riches
(Prod.by AlexvnderWolf & CashMoneyAP)","""CashAP got the beat tight"" Track 13 on the album
""Until Death Call My Name"". Recorded in November 2017 and
previewed on an Instagram story by cbodadon.",01:56,"Apr 27, 2018",Album Track,,https://open.spotify.com/track/0472GHH39x8uR6eSb5y0q9?si=783e4eddf80a4ff5
Until Death Call My Name [V3],"Steady [V2]
(Love You / Urgent), (Prod.by MarcussMuzik
Of Beat Execz & GT Of Beat Execz)","Released as track 14 on compilation tape ""Lost Files"" in late 2022.
Recorded in late March 2018. Previewed by YB on his first
Instagram live from jail. A CDQ snippet surfaced in early June 2019,
the song remained an anticipated grail in the fanbase until it was posted
to YouTube by producer Khris James in October 24th, 2019.
The song also has an unreleased music video. Originally was a track
on the unreleased Birdman collab mixtape ""From The Bayou"".",02:48,"Dec 23, 2022",Album Track,,https://open.spotify.com/track/6JsUo4QDkGW5g5s7dSy8UI?si=5014e48ca8714a3e
Until Death Call My Name [V3],"Dangerous [V2]
(YB -  1 [V2]), (Prod.by Mike Laury & Dubba-AA)","Released as track 18 on compilation tape ""Lost Files"" in late 2022.
Recorded in early April 2018 and leaked on December 27th, 2019.",03:06,"Dec 23, 2022",Album Track,,"https://www.youtube.com/watch?v=o0MKlRjUffI
https://open.spotify.com/track/0E7FbM7WGmIVm3CWlVXthS?si=f355a4a1f1ba40c3"
Master The Day Of Judgement,"Tone Brigante - On Me [V2] (Ft.)
(Think Of Dying Everyday / Walk Alone / Alone /
Prisoner / Prisoner Thinking / Who You Call),
(Prod.by Beat Demon)","Uploaded to YouTube on May 4th, 2018.",03:27,"May 3, 2018",Feature,,https://www.youtube.com/watch?v=KHyzaUQPYzU
Master The Day Of Judgement,"Allstar Will - Gutta Boy [V2] (Ft.)
(Prod.by Big B On Da Track)","Has a music video that was uploaded to YouTube by WORLDSTARHIPHOP.
Previewed twice as it was being recorded in early May 2018.",03:51,"May 11, 2018",Feature,,https://open.spotify.com/track/6msPMVnT6tAhsvFt49Omod?si=29b8413b7b394904
Master The Day Of Judgement,"Rock and Roll Intro
(Prod.by Swiff D)","Opening track on the mixtape ""Master The Day Of Judgement"".
Uploaded to YouTube by RAP DAILY & Errol Murić.",02:15,"May 19, 2018",Album Track,,https://open.spotify.com/track/1ghSpHC4nGlqWzbPJiVeDU?si=37daac5409624c42
Master The Day Of Judgement,"Get Right
(Ima Let It Blow), (Prod.by Yung Lan)","Track 2 on the mixtape ""Master The Day Of Judgement"".
Uploaded to YouTube and released on streaming platforms
on June 15th, 2018.",02:08,"May 19, 2018",Album Track,,https://open.spotify.com/track/1reODpPaa9HlnYn8ysiPH9?si=221e0abc054448d5
Master The Day Of Judgement,"What You Know (Ft. Lil Uzi Vert)
(Prod.by Mike Laury & Dubba-AA)","Was track 3 on the mixtape ""Master The Day Of Judgement""
but it never released on streaming platforms. Recorded in October 2017 and
was originally was a track on the unreleased Lil Uzi collab mixtape ""Too Fast"".",03:19,"May 19, 2018",Album Track,,https://www.youtube.com/watch?v=9KN8YsHYCBM
Master The Day Of Judgement,"Akbar 🔝
(Prod.by Coop The Truth & Swiff D)","Track 3 on the mixtape ""Master The Day Of Judgement"".
Certified gold by the RIAA on August 4th, 2022.",02:22,"May 19, 2018",Album Track,,https://open.spotify.com/track/357EwLZfD9vuGTZ7dxqumw?si=9bd88d58e9bb46e0
Master The Day Of Judgement,"Over
(Prod.by JD On Tha Track)","Track 4 on the mixtape ""Master The Day Of Judgement"".",02:17,"May 19, 2018",Album Track,,https://open.spotify.com/track/7wBIdfN18M2Muyf3Qfkdt8?si=e73a83530a684355
Master The Day Of Judgement,"Show Me Your Love 🔝
(Prod.by 43 & CashMoneyAP)","Track 5 on the mixtape ""Master The Day Of Judgement"". Recorded in
February 2018. Certified gold by the RIAA on September 22nd, 2020.",04:27,"May 19, 2018",Album Track,,https://open.spotify.com/track/6AAShoDuz7fpM912cmuY4r?si=e7ebb08741e74c35
Master The Day Of Judgement,"Everyday
(Prod.by Mike Laury & Dubba-AA)","Track 6 on the mixtape ""Master The Day Of Judgement"".
Released on streaming platforms on June 15th, 2018.
Previewed twice by YB in March 2018 and was originally a track
on the unreleased Bird Man collab mixtape ""From The Bayou"".",02:42,"May 19, 2018",Album Track,,"https://www.youtube.com/watch?v=1yxWQLSfTQQ
https://open.spotify.com/track/5HSDL0ChmUNd8X0wrSy4br?si=08887289c0b147d3"
Master The Day Of Judgement,"Eli [V2]
(Snitch [V2]), (Prod.by Pooh Beatz)","Track 7 on the mixtape ""Master The Day Of Judgement"".
Originally called as ""Snitch"". Recorded in January 2018.
Uploaded to YouTube by Errol Murić.",02:56,"May 19, 2018",Album Track,,"https://youtu.be/6AYjCYA6gpA?si=uNn64dY_1KbrTo6B
https://open.spotify.com/track/7Cwpc3mEvYn5zGOY0M2PUk?si=e27155543496464c"
Master The Day Of Judgement,"Yessir
(Prod.by David Tell Em, Mike Laury & Dubba-AA)","Track 8 on the mixtape ""Master The Day Of Judgement"".
Recorded in May 2018.",02:08,"May 19, 2018",Album Track,,https://open.spotify.com/track/74YbunRNTFtKgOp7clgvk1?si=7e89130e99cf45e0
Master The Day Of Judgement,"Lose Me [V?]
(Bonnie and Clyde), (Prod.by Budda Beats)","Released as track 21 on compilation tape ""Lost Files"" in late 2022.
Recorded in May 2018, leaked on December 9th, 2019
and has an unreleased music video.",02:54,"Dec 23, 2022",Album Track,,https://open.spotify.com/track/0nRg4IdaXn4lIjr4zWj0RQ?si=5d5e12a7cf4046c6
Until Death Call My Name Reloaded,"Location 🔝
(Prod.by Figurez Made It, Prodlem & Dubba-AA)","Previewed on an Instagram story by YB & OG 3Three. Rumored to have
been a track on YB's quickly deleted mixtape ""Ain't Too Long 2"".",02:48,"May 31, 2018",Single,,https://www.youtube.com/watch?v=UOGNUDrrkNw
Until Death Call My Name Reloaded,"TK Kravitz - Bank Account [V2] (Ft.)
(Drip or Drown), (Prod.by Yung Lan)","Track 10 on the mixtape ""2.0"" by TK Kravitz. A three minute
edit of the song was uploaded to YouTube by TK Kravitz.",04:07,"Jun 22, 2018",Feature,,https://open.spotify.com/track/3pZmHfREeEomVuXnxNBn1p?si=2cd85fe1acc6438f
Until Death Call My Name Reloaded,"Jhonnze - Savage Life [V2] (Ft.) 🐟
(Christmas / No Name / I'm That Nigga / Lil Nigga /
Out The Mud / big slime / New Years),
(Prod.by Cook Beats & Shawn “Source” Jarrett)","Track 5 on the debut EP ""5:12"" by Jhonni Blaze and recorded in 2017.",03:04,"Jun 28, 2018",Feature,,https://open.spotify.com/track/5uO0AeoqHzPQNuLKemA5vQ?si=8a8934d15b61408e
Until Death Call My Name Reloaded,"Run It Up [V?]
(Prod.by Julian Munro & Dyryk)","Track 14 on the album ""Until Death Call My Name Reloaded"".
Recorded in June 2018 and has an unreleased music video
which was teased in a trailer in early June 2018.",02:43,"Jun 28, 2018",Album Track,,"https://open.spotify.com/track/18QTrXVbbjQcjbddgMECuD?si=ea4eef0679674d93
https://music.apple.com/us/song/run-it-up/1404462207"
Until Death Call My Name Reloaded,"R.I.P. [V2] (Ft. Offset) 🐟
(RIP), (Prod.by DJ Chose)","Track 15 on the album ""Until Death Call My Name Reloaded"".
Released by producer DJ Chose on his YouTube channel.",02:38,"Jun 28, 2018",Album Track,,"https://open.spotify.com/track/0reLKqd7eytYsiFzhKfUEX?si=e298a3ac091b445a
https://music.apple.com/us/song/rip-feat-offset/1404462208"
Until Death Call My Name Reloaded,"Rich Nigga (Ft. Lil Uzi Vert)
(Prod.by Mike Laury & Dubba-AA)","Track 16 on the album ""Until Death Call My Name Reloaded"".
Recorded in October 2017 and previewed by YB shortly after.",02:25,"Jun 28, 2018",Album Track,,"https://open.spotify.com/track/64YhfeTI1gvL2xRI9P7lXq?si=b58ae47074cd49bd
https://music.apple.com/us/song/rich-n-a-feat-lil-uzi-vert/1404462209"
Until Death Call My Name Reloaded,"Thug Cry
(Prod.by Dubba-AA)","Track 17 on the album ""Until Death Call My Name Reloaded"".
Previewed by Birdman. Recorded in April 2018.",02:00,"Jun 28, 2018",Album Track,,"https://open.spotify.com/track/4BAgREdoPNIGNn1KzXIbhR?si=61b7940a3a9b4ef8
https://music.apple.com/us/song/thug-cry/1404462210"
Until Death Call My Name [V3],"Genie [V2] 🔝
(Pain Ain't Temporary), (Prod.by PlayboyXO)","Track 19 on the album ""Until Death Call My Name Reloaded"".
Has a different mix compared to the version that has a music video.
Recorded in March 2018.",03:14,"Jun 29, 2018",Album Track,,"https://open.spotify.com/track/7E6knQgEAcU0nIjQJuwrIv?si=0b9eddbd6a3c42a3
https://music.apple.com/us/song/genie/1404462212"
Until Death Call My Name Reloaded,"Michael Corleone [V2]
(Prod.by BricksDaMane, Dun Deal &
Earl on the Beat)","Released as track 11 on compilation tape ""Lost Files"" in late 2022.
Recorded in June 2018 and leaked on November 2019.
In this song YB raps about being Muslim, during this time rapper
Kevin Gates introduced him into the faith.",01:54,"Dec 23, 2022",Album Track,,https://open.spotify.com/track/3YQmxHy6RHbHLBxDHGqdwc?si=70fabaa4b26642c3
4444,"Highway [V2] (Ft. Terintino)
(Tramadol), (Prod.by The Martianz)","Has a music video that was uploaded to YouTube by
WORLDSTARHIPHOP. The music video was teased on
July 17th, 2018. YB's vocals were recorded in December 2017.",02:34,"Jul 26, 2018",Single,,
4444,"Yungeen Ace - Wanted [V2] (Ft.)
(Prod.by RellyMade)","Track 16 on the mixtape ""Life of Betrayal"" by Yungeen Ace.
Recorded in late June 2018 and later previewed by Ace on an
Instagram story. Uploaded to YouTube by DatPiff and has a
music video that was released on September 28th, 2018.",03:09,"Aug 2, 2018",Feature,,https://open.spotify.com/track/4OoAD10ZBqJpAgXBfrIuHV?si=47e12371cf0e4b17
4444,"YG - 666 [V2] (Ft.)
(Prod.by Mike WiLL Made-It & Ziti Beats)","Track 10 on the third studio album ""STAY DANGEROUS"" by YG.
The song was uploaded to Youtube on August 7th, 2018.",04:39,"Aug 3, 2018",Feature,,https://open.spotify.com/track/3R2fdTDtARC4xwKSG0rNWE?si=9c619eeacc1f40fb
4444,"Trill Sammy - 3AM (Ft. Cashmere Cat &
NBA YoungBoy) (Prod.by benny blanco &
Cashmere Cat)","Track 5 on the fourth mixtape ""No Sleep Vol. 1"" by Trill Sammy.
Released on Spotify on September 7th, 2018.
Recorded in July 2018. The music video was uploaded
to YouTube on September 24th, 2018.",03:04,"Aug 13, 2018",Feature,,https://open.spotify.com/track/1piVErWMjFcIa7Y43e71KB?si=24339e907d3445ed
4444,"Drawing Symbols 🔝
(Prod.by Mook On The Beats & Dubba-AA)","Track 13 on the album ""4Respect 4Freedom 4Loyalty 4WhatImportant"" &
track 1 on the EP ""4What Important"". Has a music video and certified gold
by the RIAA on February 8th, 2019.",03:24,"Aug 14, 2018",Single,,"https://youtu.be/GzjTHCpOtPQ?si=x95vDPkxd_Hcwunz
https://open.spotify.com/track/4LteP7qMBiV8Tol9Oug4Kc?si=7f619558823f4fb3"
4444,"Dropout [V2] 🔝
(Rock Out), (Prod.by Drum Dummie & 1040)","Track 1 on the album ""4Respect 4Freedom 4Loyalty 4WhatImportant"" &
track 1 on the EP ""4Freedom"". Released on Spotify on September 14th, 2018.
Previewed by YB on an Instagram story and during the video shoot.
Has a music video. Was originally a track on the unreleased
2018 mixtape ""38 Baby 2"".",01:55,"Aug 17, 2018",Single,,https://open.spotify.com/track/65U4ZKquvU2GG8sj95cT4Q?si=53056d20f1994010
4444,"2Hands (Ft. Kevin Gates)
(Prod.by Thierry Chaunay & DJ Chose)","Track 5 on the album ""4Respect 4Freedom 4Loyalty 4WhatImportant"" &
track 1 on the EP ""4Respect"". Released on Spotify on September 14th, 2018.",03:20,"Aug 23, 2018",Album Track,,https://open.spotify.com/track/0ehgF83DN5ToGd9KOOaUyZ?si=23869e601a1f4533
4444,"Head On [V3] (Ft. Kevin Gates) 🔝
(Prod.by Thierry Chaunay & DMacTooBangin)","Track 6 on the album ""4Respect 4Freedom 4Loyalty 4WhatImportant""
& track 2 on the EP ""4Respect"". Released on Spotify on
September 14th, 2018. Recorded in July 2018.",01:57,"Aug 23, 2018",Album Track,,"https://www.youtube.com/watch?v=U7IEhxL6Tgw
https://open.spotify.com/track/3shHzEWwP2671lV4AscHhZ?si=2d6ead5f99a14e08/"
4444,"I Am Who They Say I Am [V5] (Ft. Kevin
Gates & Quando Rondo) 🔝 (Prod.by DJ
Suede The Remix God & Abby “Samir” Urbina)","Track 7 on the album ""4Respect 4Freedom 4Loyalty 4WhatImportant""
& track 3 on the EP ""4Respect"". Released on Spotify on
September 14th, 2018. Has a music video which was teased in the
4Respect trailer and released on October 16th, 2018.",03:20,"Aug 23, 2018",Album Track,,https://open.spotify.com/track/4O1uCappFiU3bisYUdUBWy?si=e3db35c1536c422e
4444,"TTG (Ft. Kevin Gates) 🔝
(Prod.by Nick Mira, Taz Taylor & Pharaoh Vice)","Track 8 on the album ""4Respect 4Freedom 4Loyalty 4WhatImportant"" &
track 4 on the EP ""4Respect"". Uploaded to YouTube by Errol Murić.
Released on Spotify on September 14th, 2018. Recorded in July 2018.
Certified platinum by the RIAA on August 5th, 2021.",02:52,"Aug 23, 2018",Album Track,,https://open.spotify.com/track/28u9JaFwO7GX2YNARkq37P?si=2291ff4a060e48d5
4444,"Trappa Madeit - Stormin (Ft. MoneyBagg
Yo & NBA YoungBoy) (Run It Up /
By My Lonely / Ran It Up / I Came From /
TO MY GRAVE), (Prod.by ???)","Later uploaded to YouTube by RAP DAILY on September 28th, 2018.
Released on SoundCloud by No More Heroes on November 13th, 2018.
Recorded in November 2017. The lyric video was uploaded to YouTube
by RAP DAILY in November 5th, 2018.",03:18,"Aug 24, 2018",Feature,,https://youtu.be/BIUXf8_dH2c?si=qXfVHewq3RAeEkLK
4444,"Change [V2]
(Prod.by DMacTooBangin)","Track 14 on the album ""4Respect 4Freedom 4Loyalty 4WhatImportant"" &
track 2 on the EP ""4WhatImportant"". Recorded in June 2018.
Uploaded to YouTube by DatPiff.",02:36,"Aug 25, 2018",Single,,https://youtu.be/hYLOb6PdeCo?is=dBXwM4joAdGZGvx6
4444,"Can't Be Saved 🔝
(Prod.by Thierry Chaunay & PlayboyXO)","Track 4 on the album ""4Respect 4Freedom 4Loyalty 4WhatImportant"" &
track 4 on the EP ""4Freedom"". Released on Spotify on September 14th, 2018.
Recorded in early July 2018. Released on SoundCloud by
La Casa Urbana on August 29th, 2018. The Shade Room diss.",03:20,"Aug 28, 2018",Single,,"https://soundcloud.com/la-casa-urbana/nba-youngboy-cant-be-saved
https://open.spotify.com/track/2IcjuFPUZISzX2LLhKZJN0?si=04873869cca64427"
Decided,"No Mentions 🔝
(Prod.by Khris James & PlayboyXO)","Track 9 on the mixtape ""Decided"" and has a music video.
Previewed on an Instagram live along with ""Top Down"" & ""Ms. Alinda"",
it was later previewed on a menacing Instagram story. 
Recorded in late July 2018. Released on Spotify on September 21st, 2018.",03:40,"Aug 30, 2018",Single,,"https://www.youtube.com/watch?v=OjAJl5IkJXQ
https://open.spotify.com/track/2YVt7k1qZXFhzYDe8FMDW6?si=3f144d23087644a0"
4444,"This For The [V4] (Ft. Quando Rondo)
(Prod.by DMacTooBangin)","Track 9 on the album ""4Respect 4Freedom 4Loyalty 4WhatImportant"" &
track 1 on the EP ""4Loyalty"". Certified gold by the RIAA on
November 19th, 2021. YB's vocals were recorded in December 2017.",03:08,"Sep 6, 2018",Album Track,,https://youtu.be/2PS7ti62kNA
4444,"Nobody Hold Me [V3] (Ft. Quando Rondo) 🔝
(Prod.by Thierry Chaunay & Wheezy)","Track 10 on the album ""4Respect 4Freedom 4Loyalty 4WhatImportant"" &
track 2 on the EP ""4Loyalty"". Released on Spotify on
September 14th, 2018. YB's vocals were recorded in late June
2018 and were later previewed in the studio by Quando.",03:21,"Sep 6, 2018",Album Track,,"https://www.youtube.com/watch?v=vDVFLJdl-cQ
https://open.spotify.com/track/7eEHVynCtT9pdUuiR0jEC1?si=71e05e1f04e74335"
4444,"Permanent Scar [V3] (Ft. Young Thug &
Quando Rondo) (Prod.by Cardiak & Kenny Beats)","Track 11 on the album ""4Respect 4Freedom 4Loyalty 4WhatImportant"" &
track 3 on the EP ""4Loyalty"". Released on Spotify on September 14th, 2018.
YB's and Thug's vocals were recorded in late June 2018.",03:18,"Sep 6, 2018",Album Track,,https://www.youtube.com/watch?v=1iuHHVt_nks
4444,"RIP Dump [V2]
(Pain [V2]), (Prod.by Go Grizzly & Figurez Made It)","Track 12 on the album ""4Respect 4Freedom 4Loyalty 4WhatImportant"" &
track 4 on the EP ""4Loyalty"". Recorded in June 2018.",02:43,"Sep 6, 2018",Album Track,,https://youtu.be/EvwJTUmwIcU
Decided,"Demon Seed 🔝
(Prod.by PlayboyXO)","Track 6 on the mixtape ""Decided"" and has a music video.
Recorded in August 2018 and previewed in the studio.
Uploaded to YouTube by HYPE.",03:??,"Sep 6, 2018",Album Track,,https://youtu.be/G3P4tLW85mA?is=MlboCdXh04C7BUXm
Decided,"Shy Glizzy - Where We Come From (Ft.)
(Prod.by Zaytoven)","Track 3 on Shy Glizzy's mixtape ""Fully Loaded"".",03:32,"Sep 7, 2018",Feature,,https://youtu.be/5cjaL2DWXNs
Decided,"Sky Cry [V2]
(Prod.by PlayboyXO)","Track 1 on the mixtape ""Decided"". Certified gold by the RIAA
on February 4th, 2022. Recorded in July 2018.",02:00,"Sep 7, 2018",Album Track,,https://www.youtube.com/watch?v=S4lvisdEyn4
Decided,"No Love 🔝
(Prod.by Sheldon Ferguson & June The Genius)","Track 3 on the mixtape ""Decided"". Released on Spotify on
September 21st, 2018. Previewed in the studio as YB was
recording the song, recorded on the same day that the
""Dropout"" music video was filmed.",03:49,"Sep 7, 2018",Album Track,,"https://www.youtube.com/watch?v=zthT79HztXc
https://open.spotify.com/track/7bLwNfeIviCy6WANVRB1Kj?si=ce980275f75d4907"
Decided,"Black Cloud
(Prod.by PlayboyXO)","Track 4 on the mixtape ""Decided"". Recorded in August 2018 and
previewed on Instagram live as YB recorded the song.",03:09,"Sep 7, 2018",Album Track,,https://www.youtube.com/watch?v=FkehhQAp8gk
Decided,"Murda (Ft. Trippie Redd)
(Prod.by Louie Bandz & Dubba-AA)","Track 5 on the mixtape ""Decided"". Recorded in July 2018.",03:05,"Sep 7, 2018",Album Track,,https://youtu.be/tkJ_5YnVERI
Decided,"Top Down
(Prod.by Louie Bandz & Dubba-AA)","Track 6 on the mixtape ""Decided"", previewed while the ""No Mentions""
music video was being recorded and on an Instagram live.
Record in July 2018. Released on Spotify on September 21st, 2018.",02:10,"Sep 7, 2018",Album Track,,"https://www.youtube.com/watch?v=AB72jBtwGfM
https://open.spotify.com/track/7HT6nu5Tm2cGsvzH43JdjR?si=0f2552ff37204fc3"
Decided,"Anomaly
(Prod.by Wheezy)","Track 7 on the mixtape ""Decided"". Recorded in late June 2018.",02:17,"Sep 7, 2018",Album Track,,https://youtu.be/879RjndjzWA
Decided,"Big 38 [V2]
(Sundown [V2] / Big / Squash No Beef),
(Prod.by Kacey Khaliel & JuneOnnaBeat)","Track 8 on the mixtape ""Decided"". Recorded in early July 2018.",02:36,"Sep 7, 2018",Album Track,,https://youtu.be/j79uWoI2Q3g?si=dy_mmDyjnLouN1ec
Decided,"338
(Prod.by Lilkdubb)","Track 10 on the mixtape ""Decided"". Recorded in August 2018.
Blvrd Quick diss.",02:24,"Sep 7, 2018",Album Track,,https://youtu.be/NLh9F5IBIJU
Decided,"Deceived Emotions
(Prod.by Yung Tago)","Track 11 on the mixtape ""Decided"". Previewed on Instagram
live and recorded in August 2018.",03:24,"Sep 7, 2018",Album Track,,https://youtu.be/UM2c370gpfc
4444,"Run In Here
(Prod.by Thierry Chaunay, Dez Wright &
DMacTooBangin)","Track 15 on the album ""4Respect 4Freedom 4Loyalty 4WhatImportant"" &
track 2 on the EP ""4Freedom"".",02:16,"Sep 14, 2018",Album Track,,https://open.spotify.com/track/15zKC0TKVmMDIgSwEZadYk?si=5f63362c4d8046ae
4444,"Trap House [V3]
(Prod.by Thierry Chaunay, David Tell Em &
Dubba-AA)","Track 2 on the album ""4Respect 4Freedom 4Loyalty 4WhatImportant"" &
track 2 on the EP ""4Freedom"". Recorded in late June 2018 and has
an unreleased music video. The original version featured Chief Keef.",02:36,"Sep 14, 2018",Album Track,,"https://www.youtube.com/watch?v=YYPn1aoI30U
https://open.spotify.com/track/0B3kEodHfDTWBdqdh6L9d8?si=96b65e2381c84c8e"
4444,"Showdown [V2]
(Prod.by XL Eagle, Nwrk & Mosley Brothers)","Track 3 on the album ""4Respect 4Freedom 4Loyalty 4WhatImportant"" &
track 3 on the EP ""4Freedom"". Recorded in June 2018.",02:30,"Sep 14, 2018",Album Track,,"https://www.youtube.com/watch?v=YBC_-6kNJDU
https://open.spotify.com/track/3xkuKIezhRHQ3PAjJvvay0?si=337cc0bfd4ea45fb"
4444 & Decided,"On A Boat [V4]
(Water Love [V4]), (Prod.by Trauma Tone
& Yung Lan)","Released as track 4 on compilation tape ""Lost Files"" in late 2022.
Recorded in early July 2018 and leaked on September 3rd, 2020.
Was originally a track on the unreleased 2018 mixtape ""38 Baby 2"".",02:58,"Dec 23, 2022",Album Track,,"https://www.youtube.com/watch?v=BSeYI4ERw3U
https://open.spotify.com/track/05hwArnEtSfEonDP3qF6XR?si=7c771c2ec8f44377"
4444 & Decided,"Ms. Alinda [V2]
(MS. OLINDA [V2] / Miss Alinda),
(Prod.by Dremusiq, Louie Bandz & Dubba-AA)","Released as track 9 on compilation tape ""Lost Files"" in late 2022.
Previewed on Instagram live by YB. Recorded in late August 2018
and leaked on July 10th, 2019. The song is about “Ms. Alinda”
a Haitian Vodou lady from Baton Rouge, Louisiana.",03:20,"Dec 23, 2022",Album Track,,https://open.spotify.com/track/1e8rowJQ4iFaoOkooAso3q?si=af4bb445204843a2
4444 & Decided,"NBA OG 3Three - Burn Notice
(Prod.by ???)","Track 2 on the mixtape ""All Eyez On 3"" by OG 3Three.
Released on Spotify on July 25th, 2018. Was originally an early 2018
song from YB that couldn't release due to his current legal problems,
it was later given to 3Three.",02:49,"Jul 1, 2018",Other,,https://open.spotify.com/album/50ohxSNJpv5PIPNLXY6Gj3?si=qHqAzUdJQhaiExgWv_isbA
Kane & O-Dog,"Quando Rondo - Forever [V2] (Ft. Shy Glizzy
& NBA YoungBoy) (Signs [V2]), (Prod.by Thierry
Chaunay, Paul Cabbin , KiloKeys Beatz & Yung Lan)","Track 7 on the mixtape ""Life After Fame"" by Quando.
Previewed in the studio by Quando in early August 2018.
Originally was an open verse demo by YB.",02:55,"Sep 24, 2018",Feature,,"https://youtu.be/ChJm6xsDRa0?si=Bwk_8NPSvU9z1fsO
https://open.spotify.com/track/2qTpZ82ksYHktuw5u94MVu?si=87945b8930c54963"
Kane & O-Dog,"NBA OG 3Three - About To Make A Million
(Ft.) (Prod.by CedDidit)","Track 14 on OG 3Three's mixtape ""All Eyez On 3"". Uploaded to
YouTube by HYPE & Promo Sound. Recorded in early 2018.",02:55,"Sep 27, 2018",Feature,,"https://youtu.be/DsQMX0dD7TE?si=XfKPgC7T4IcqCVXw
https://youtu.be/3KbgPORsOPk?si=mn1vMSHrBHR1kifL"
Kane & O-Dog,"SOB X RBE - Can't Go Back [V2]
(Ft. Yhung T.O. & NBA YoungBoy)
(Leave Me / Don't Eva Leave / Let It Go /
ungrateful), (Prod.by P-LO)","Track 11 on the mixtape ""GANGIN II"" by SOB X RBE. Recorded in
summer 2018 and previewed on an Instagram story by Yhung T.O.",02:40,"Sep 28, 2018",Feature,,https://www.youtube.com/watch?v=Z-Z0a3phn1U
Kane & O-Dog,"VL Deck & NBA YoungBoy - Intro
(Larenz Tate & Toshi Toda)","Track 1 on the mixtape ""Kane & O-Dog"".",00:35,"Oct 19, 2018",Other,,https://youtu.be/u3hS7XmHg_U
Kane & O-Dog,"VL Deck & NBA YoungBoy - Steppin 🐟
(Prod.by Ktwicebeats)","Track 2 on the mixtape ""Kane & O-Dog"".
Recorded in November 2017.",04:25,"Oct 19, 2018",Album Track,,https://youtu.be/WXbwY23Djzo?si=F8lgK7rWVfPg_PIw
Kane & O-Dog,"VL Deck & NBA YoungBoy - I Do This 🐟
(Prod.by Fred On Em)","Track 3 on the mixtape ""Kane & O-Dog"".
Recorded in November 2017.",02:20,"Oct 19, 2018",Album Track,,https://youtu.be/Cb_F6T6lwcA?si=yMkXYihp5wTFiX7W
Kane & O-Dog,VL Deck & NBA YoungBoy - Skit,"Track 4 on the mixtape ""Kane & O-Dog"".
Recorded in November 2017.",00:40,"Oct 19, 2018",Other,,https://www.youtube.com/watch?v=mLFKbjZq2uE
Kane & O-Dog,"VL Deck & NBA YoungBoy - Smoke 🐟
(SLIMEBALL), (Prod.by Fred On Em)","Track 5 on the mixtape ""Kane & O-Dog"".
Recorded in November 2017.",02:??,"Oct 19, 2018",Album Track,,
Kane & O-Dog,"VL Deck & NBA YoungBoy - My Hittaz
(Slime Styling / With Me / Bleed / Loved /
On My Knees / ON MY NEEDS), (Prod.by ???)","Track 6 on the mixtape ""Kane & O-Dog"".
Recorded in November 2017.",03:30,"Oct 19, 2018",Album Track,,"https://audiomack.com/worldstarhiphopxxl/song/on-my-knees-unreleased
https://youtu.be/NYMYA6G_EpQ?si=_VCpebpLCfY9QI_J"
Kane & O-Dog,"VL Deck & NBA YoungBoy - Brand New
(No Where / Blatt), (Prod.by Big Korey)","Track 7 on the mixtape ""Kane & O-Dog"". Previewed by YB in
late September 2017. Recorded in September 2017.",03:30,"Oct 19, 2018",Album Track,,https://youtu.be/EAUp4MhYQF8?si=1N4DSD8UU3LWplg2
Kane & O-Dog,"NBA OG 3Three - Moving On
(Prod.by ???)","Track 8 on the mixtape ""All Eyez On 3"" by OG 3Three.
Was originally a May 2018 song from YB that was given to 3Three.
Uploaded to YouTube by HYPE.",02:26,"Sep 27, 2018",Other,,"https://www.youtube.com/watch?v=UJZp0aeG1rU
https://open.spotify.com/track/45fRqosghlna8GBmcnvNkJ?si=c44825081a7d472f"
Realer,"Temporary Time
(Prod.by Wild Yella)","First released as a single and released on SoundCloud on
October 31st, 2018. The song would later get removed from most
platforms due to it not getting cleared. Was originally a track on the
unreleased 2018 mixtape ""38 Baby 2"". Released as track 13 on
compilation tape ""Lost Files"" in late 2022.",02:48,"Oct 25, 2018",Album Track,,"https://soundcloud.com/nba-youngboy/temporarytime
https://open.spotify.com/track/6kGsugpyKSa1m8bTtfZqca?si=aeab250ca34f4b19"
Realer,"Not Wrong Now [V2] 🔝
(Prod.by ArcazeOnTheBeat, Ayo Tago & TnTXD)","Track 2 on Ethika's RGM mixtape ""The Prophesy -
A Blueprint of Future Reality"". Previewed by YB as he recorded the
song on Instagram live and on a later Instagram story. Uploaded to YouTube
in November 15th, 2018. Released on Spotify & Apple Music on November
16th, 2018. Recorded in late July 2018 and has an unreleased music video.",03:46,"Oct 31, 2018",Single,,"https://open.spotify.com/track/4Gd2tve6KiVvj5zDI8fTmj?si=563b0558ff004eda
https://music.apple.com/us/album/not-wrong-now-single/1442649777
https://youtu.be/c-xAYdGzpZo"
Realer,"Blasian 🔝
(Prod.by NeilOnDaTrack)","Previewed twice on YB's Instagram story. Recorded in October 2018.
The song is about his ex-girlfriend Yung Blasian and has a music video.
Released on Spotify & Apple Music on November 16th, 2018.",02:50,"Nov 3, 2018",Single,,"https://open.spotify.com/track/4Jmng2CsEQgzpoTC1g24BE?si=0e290a8e176746f9
https://music.apple.com/us/album/blasian-single/1442649615"
Realer,"Dope Lamp 🔝
(Dirty K), (Prod.by )","Track 11 on mixtape ""Realer"" and has a music video. Recorded in
early November 2018 and previewed on an Instagram story. The OG
filename was shown on an Instagram live before the release of ""Realer"".",02:45,"Nov 12, 2018",Single,,https://soundcloud.com/nba-youngboy/dope-lamp?in=user-809248204/sets/nba-youngboy
Realer,"Hypnotized 🔝
(Prod.by NeilOnDaTrack)","Recorded in early November 2018 and has a music video which was
released a day later. Released on streaming platforms
on November 30th, 2018.",02:30,"Nov 15, 2018",Single,,"https://open.spotify.com/track/0rCBuqZnByLDCiYEI9vCKy?si=53acb2bcc3984cea
https://music.apple.com/us/album/hypnotized-single/1445206873
https://soundcloud.com/nba-youngboy/hypnotized?in=user-572635844/sets/untitled-playlist/"
Realer,"Gucci Mane - Cold Shoulder (Ft.)
(Prod.by Earl on the Beat)","Fifth track on Gucci’s studio album ""Evil Genius"".
Recorded in early 2018.",03:23,"Dec 6, 2018",Feature,,https://www.youtube.com/watch?v=RdMzTDgDxbM
Realer,"Ced Escobar - Cappin [V3] (Ft.)
(Prod.by Ceddy Bo, David Tell Em & Dubba-AA)","Lead single and opening track to Ced's mixtape ""70805"".
Recorded in April 2018 and has a music video which was released
on January 28th, 2019 by WORLDSTARHIPHOP.",02:45,"Dec 7, 2018",Feature,,"https://open.spotify.com/track/2DiKaSRuZB6mUA80yLsCQF?si=ac464ea7b1ae4e37
https://open.spotify.com/track/07r2FyHigv1L6c6TG2AOl9?si=daf5bd872f554d67"
Realer,"Valuable Pain 🔝
(Say What You Want), (Prod.by CashFlowBeatz &
DrellOnTheTrack)","Track 6 on mixtape ""Realer"" and has a music video. Certified 2x platinum
by the RIAA on August 5, 2021. The OG filename was
shown on an Instagram live before the release of ""Realer"" and
leaked on August 2nd, 2025.",02:49,"Dec 10, 2018",Single,,https://open.spotify.com/track/61Oo3DUJubecZQosjho6Pp?si=2b0fce17a7a440a1
Realer,"Boosie Badazz & NBA YoungBoy - Southern
Smoke [V2] (Prod.by Jit The Beast)","First uploaded as a single to YouTube by DatPiff. Recorded in late July 2018.
Track 13 and lead single to collaboration mixtape ""225 BUSINESS"" with Boosie.",03:18,"Dec 20, 2018",Single,,"https://youtu.be/mTAlzCAapqs
https://open.spotify.com/track/5sfR4H22yAjEtDsjVSokqE?si=4047d8cf13eb4e82"
Realer,"Survivor 🔝
(Ricochet), (Prod.by India Got Them Beats)","Recorded in early November 2018, previewed on YB's Instagram story
and has an unreleased music video. The OG filename was shown
on an Instagram live before the release of ""Realer"".",02:59,"Dec 20, 2018",Album Track,,"https://youtu.be/jpGLCuFpi98?si=hH470rVTA5uSYLco
https://soundcloud.com/nba-youngboy/survivor?in=user-572635844/sets/untitled-playlist/"
Realer,"Slime Belief 🔝
(Slime Belief Through The ...), (Prod.by Eliot Bohr &
Beatmonster Marc)","Track 2 on mixtape ""Realer"". Certified 2x platinum on by the RIAA on
August 5th, 2021. Previewed on an Instagram story and has a music
video which was released on February 21st, 2019. The OG filename
was shown on an Instagram live before the release of ""Realer"".",03:12,"Dec 20, 2018",Album Track,,https://soundcloud.com/nba-youngboy/slime-belief?in=user-809248204/sets/nba-youngboy
Realer,"Play Wit Us [V2] 🔝
(Play With Us [V2]), (Prod.by Vintage Rippah)","Track 3 on mixtape ""Realer"". Recorded in early December 2018
and the lyrics were later rapped on an Instagram live. The OG filename
was also shown on an Instagram live before the release of ""Realer"".",03:11,"Dec 20, 2018",Album Track,,https://soundcloud.com/nba-youngboy/play-wit-us?in=user-572635844/sets/untitled-playlist/
Realer,"Big Talk [V2]
(BIG TALK), (Prod.by Vintage Rippah)","Track 4 on mixtape ""Realer"". Recorded in October 2018. The OG filename
was shown on an Instagram live before the release of ""Realer"".",02:46,"Dec 20, 2018",Album Track,,https://youtu.be/WLpEd3plS-8
Realer,"Thug Nigga Life 🔝
(Thug Life), (Prod.by Durdy Costello)","Track 5 on mixtape ""Realer"". The OG filename was shown
on an Instagram live before the release of ""Realer"".",01:52,"Dec 20, 2018",Album Track,,https://youtu.be/UK4B7E_P96w
Realer,"My Mama Say [V2] 🔝
(Ain't For Me / Cant Touch Me), (Prod.by PlayboyXO)","Recorded in late November 2018 and previewed on Instagram live.
The OG filename was shown on an Instagram live
before the release of ""Realer"". Real Gee Money diss.",,"Dec 20, 2018",Album Track,,https://soundcloud.com/nba-youngboy/my-mama-say?in=user-572635844/sets/untitled-playlist/
Realer,"38 Heights
(Prod.by David “Messy” Mescon, Brett “Beats”
Bailey & Ben Billions)","Recorded in early November 2018. The OG filename was
shown on an Instagram live before the release of ""Realer"".",,"Dec 20, 2018",Album Track,,https://youtu.be/CMVSjtBpbLQ
Realer,"Beam Effect [V2] 🔝
(GOON TALK [V2]), (Prod.by DJ Swift & Dubba-AA)","Track 9 on mixtape ""Realer"". Recorded in October 2018 and
teased multiple times on Instagram. The song was used in the trailer
of the unreleased ""38 Baby 2"" from 2018. Has an unreleased
music video which leaked in very low quality.",02:14,"Dec 20, 2018",Album Track,,"https://youtu.be/nZCjeOqJxsI
https://open.spotify.com/track/4i3OADmKy6QQYEbn5GkdYD?si=bcdb5d072f844461"
Realer,"Cross Me [V3] 🔝 (Ft. Plies & Lil Baby)
(Blind [V3]), (Prod.by Bans & Mook On The Beats)","Track 10 on mixtape ""Realer"". Certified platinum by the
RIAA on September 22nd, 2020. YB's vocals were recorded in
early November 2018 and previewed on a famous Instagram live.",03:53,"Dec 20, 2018",Album Track,,"https://soundcloud.com/nba-youngboy/cross-me-feat-lil-baby-and-plies?in=user-572635844/sets/untitled-playlist/
https://www.youtube.com/watch?v=O_x9tT7kamI"
Realer,"I Came Thru 🔝
(Swervin / Swerving),
(Prod.by MarcussMuzik Of Beat Execz)","Recorded in early November 2018. The OG filename was
shown on an Instagram live before the release of ""Realer"".
A snippet of the music video was teased on Instagram
two days before the release.",02:41,"Dec 20, 2018",Album Track,,https://soundcloud.com/nba-youngboy/i-came-thru?in=user-572635844/sets/untitled-playlist/
Realer,"Hey Now [V2]
(NBAHN), (Prod.by DJ Swift)","Released as track 5 on compilation tape ""Lost Files"" in late 2022.
Previewed on Instagram live and the CDQ snippet surfaced
in May 10th, 2020. Leaked",02:45,"Dec 23, 2022",Album Track,,https://open.spotify.com/track/2bcvOVQv0AQqvdIvCd9MdS?si=715af46297d241a5
AI YoungBoy 2,"Young Scooter - Never Broke Again (Ft.)
(I'm In Da Trenches), (Prod.by Zaytoven)","Track 8 on the mixtape ""The Recipe"" by Young Scooter.
Recorded in early 2018. A shorter version was released on Spotify.",03:01,"Dec 21, 2018",Feature,,"https://youtu.be/xuLeB8MZMl8
https://open.spotify.com/track/2hnEuuck5qMvTOCNgqlwiu?si=03278caf2ecb4935"
AI YoungBoy 2,"NBA OG 3Three - Movin On (Ft.)
(Prod.by CedDidit)","Recorded in April 2018 and has a music video that was
uploaded to YouTube by WORLDSTARHIPHOP.",03:03,"Dec 24, 2018",Feature,,
AI YoungBoy 2,"BIG SOSA (Sosamann) - Hunger Games (Ft.)
(Is U Ready), (Prod.by ???)","Track 7 on the mixtape ""Sauce Eskobar 2"" by Sosamann.
Recorded in November 2017.",03:17,"Jan 3, 2019",Feature,,"https://open.spotify.com/track/14C9Kyxa8qimo1LCUXf1fI?si=9510c581774b489b
https://youtu.be/K46lp_NTYZw"
AI YoungBoy 2,"Kick Yo Door 🔝
(Prod.by Dubba-AA)",Has a music video and recorded in December 2018.,02:32,"Jan 8, 2019",Single,,https://soundcloud.com/nba-youngboy/kick-yo-door?in=user-809248204/sets/nba-youngboy
AI YoungBoy 2,"Ar’mon & Trey - Right Back (Remix) (Ft.)
(Prod.by Camper)","The music video without YB in it was uploaded
to YouTube by Ar’mon & Trey.",03:??,"Jan 15, 2019",Feature,,
AI YoungBoy 2,"Gangsta Fever 🔝
(Prod.by Hustle Heart, Vadebeatz,
Mook On The Beats & PlayboyXO)","Certified gold by the RIAA on August 4th, 2022. The song was
released on the same day that he was arrested in Atlanta.",02:20,"Feb 12, 2019",Single,,"https://youtu.be/5yzHO1Kc_n8
https://open.spotify.com/track/3SMvKWD9uGhSpG31pfqdRZ?si=e1dd0a52543541fa"
AI YoungBoy 2,"Dylan The Teen - Alcoholic [V4]
(Ft. Hoodrich Pablo Juan & NBA
YoungBoy) 🐟 (Prod.by ???)","A longer version [V3] was released in March 2018 and uploaded to
RAP DAILY but was later removed from streaming platforms.",03:12,"Feb 15, 2019",Feature,,https://open.spotify.com/track/3Iar6mOVbzVAfKUNKkFqDV?si=88554b17a3374ae9
AI YoungBoy 2,"Cee Kay - Pressure (Ft.)
(Prod.by Chase Millie)","Track 2 ""Blood On My Hands"" Cee Kay. Recorded in
November 2018 and has a music video that was uploaded
to YouTube by WORLDSTARHIPHOP on March 8th, 2019.",02:56,"Mar 1, 2019",Feature,,
AI YoungBoy 2,"BIG SOSA (Sosamann) - Who I Am [V2] (Ft.)
(Don Dada), (Prod.by Iceman Chamberlain)","""Trap Sauce : The Album"" BIG SOSA September 27th, 2019.
Has a music video which was uploaded to YouTube by
WORLDSTARHIPHOP on March 22nd, 2019. Previewed on an
Instagram story by cbodadon and recorded in November 2017.",03:13,"Mar 15, 2019",Feature,,"https://open.spotify.com/track/0vOZnQlqwoeTokiqgJwVcB
https://open.spotify.com/track/1xT0ZtUW7IsEWFm1Qm1XXt?si=f7a7793bccc141c6"
AI YoungBoy 2,"PnB Rock & NBA YoungBoy - SCENES 🔝
(Prod.by Slice)","Has a music video. Released on Apple Music on April 1st, 2019.",03:00,"Mar 15, 2019",Single,,https://music.apple.com/us/album/scenes-feat-pnb-rock-single/1458139078
AI YoungBoy 2,"Rich The Kid - For Keeps [V2] (Ft.)
(STREET LULLABY [V2]), (Prod.by CashmoneyAP)","Track on ""The World Is Yours 2"" by Rich The Kid. Has a music video
which was uploaded to YouTube on April 5th, 2019.",02:52,"Mar 22, 2019",Feature,,
AI YoungBoy 2,"Ced Escobar - Body Bag (Ft. WNC Whop
Bezzy & NBA YoungBoy) (Shots Fired),
(Prod.by CuttiBeatz405)","Recorded in late April 2018 and previewed in the studio.
Has a music video which released on April 5th, 2019.
Released on Apple Music on March 22nd, 2020.",03:27,"Mar 21, 2019",Feature,,
AI YoungBoy 2,"Ced Escobar - 70805 (Ft.)
(Prod.by ???)","Track 2 on Ced's mixtape ""70805"".
Recorded in late April 2018.",03:05,"Apr 5, 2019",Feature,,
AI YoungBoy 2,"Ced Escobar - Realtime [V2] (Ft.)
(Reminiscing / First Day Out / Wit Me),
(Prod.by Ceddy Bo, Mike Laury & Dubba-AA)","Track 1 on Ced's mixtape ""70805"".
Originally was a solo YB song and recorded in late April 2018.",02:41,"Apr 5, 2019",Feature,,https://www.youtube.com/watch?v=TdItUwAwBww
AI YoungBoy 2,"FREEDDAWG [V2] 🔝
(NBA YB Song 5 03.18.19 / Freeddawg / Spin Again),
(Prod.by Drum Dummie, Mook On The Beats,
DJ Swift & CashMoneyAP)","Has a music video which was teased on Instagram in late March 2019.
Released on Apple Music on June 3rd, 2019.",01:51,"Apr 7, 2019",Single,,"https://open.spotify.com/track/1GeFOFZjBs91Dl9vXQSNOR?si=781dbd1bbbad4b8c
https://music.apple.com/us/album/freeddawg-single/1466345850"
AI YoungBoy 2,"Baby Soulja - Moving Mountains (Ft.)
(Prod.by ???)","Track 4 on mixtape ""Still Standing"" by Baby Soulja. Previewed on an
Instagram story by Baby Soulja and recorded in January 2018.",03:22,"Apr 12, 2019",Feature,,"https://www.youtube.com/watch?v=zaVezPJMls8
https://open.spotify.com/track/75PtqbxRoGSt8jFmxUzlWC?si=50de267251cd4b07"
AI YoungBoy 2,"Plies - Drip 4 Sale Extravaganza
(Ft. Kevin Gates & NBA YoungBoy)
(Prod.by Duan White)","Lead single & track 12 on Plies' album ""THE GOAT"".
Recorded in July 2018.",03:53,"Apr 12, 2019",Feature,,"https://www.youtube.com/watch?v=bD9XzP1QpNc
https://open.spotify.com/track/315WxvFKMuuDo3kWpUINVG?si=0bb0081ac8da40e3"
AI YoungBoy 2,"Shy Glizzy - Bang Bang (Ft.)
(Stepper), (Prod.by Trauma Tone)","Track 7 on Shy Glizzy's mixtape ""Covered N Blood"".
Uploaded to YouTube and released on SoundCloud by fortrappersonly
on April 19th, 2019. Recorded in 2018.",03:15,"Apr 12, 2019",Feature,,"https://youtu.be/o-4ERtLPAFk?si=7J7Y8AjpArOoaagH 
https://youtu.be/yrxxo3nyBU0?si=ryzClJugkI-s_Nw-
https://youtu.be/qg_t-2oxXos?si=Dskj-S8pwVRquJa7
https://soundcloud.com/fortrappersonly/bang-bang-feat-nba-youngboy?si=70fc3a469c884cc78ea3674b8c7f74cd&utm_source=clipboard&utm_medium=text&utm_campaign=social_sharing"
AI YoungBoy 2,"VL Deck - I Know (Ft.)
(Real Street Nigga / Outspoken / NURSE /
Chosen / Freestyle / FREEDDAWG 2), (Prod.by ???)","Track 4 on VL Deck's mixtape ""Trap Pastor"". Uploaded to YouTube by
HYPE & by RAP DAILY on April 24th, 2019. Recorded in January 2019.",03:11,"Apr 23, 2019",Feature,,"https://youtu.be/0sWUmV1oz_w?si=BkBDFdvDIxmJFdWl
https://youtu.be/u0l8x-rtoQ8
https://open.spotify.com/track/3KcdmaVI7XQotfcDF0drMN"
AI YoungBoy 2,"Birdman - Cap Talk (Ft.) 🔝
(Prod.by Figurez Made It, 17OnDaTrack & D-Rok)",Recorded in February 2018 and has a music video.,03:04,"Apr 26, 2019",Feature,,https://soundcloud.com/birdman-official/cap-talk-feat-youngboy-never?in=user-809248204/sets/nba-youngboy
AI YoungBoy 2,"PnB Rock - Take My Soul [V2] (Ft.)
(Prod.by CVRE, Ging, Nick Mira & Taz Taylor)","Track 22 on PnB Rock's mixtape ""TrapStar Turnt PopStar"".
Recorded in March 2019.",02:42,"May 6, 2019",Feature,,"https://youtu.be/MHc5TtnKHUE?si=1hHEYIkHbIvisasS
https://open.spotify.com/track/4Z47xtzkPKCivzGhFkuXXz?si=ed942a3c70814035"
AI YoungBoy 2,"4 Sons of a King [V2] 🔝
(Coulda Cried [V2]), (Prod.by TayTayMadeIt &
PlayboyXO)","Recorded in late April 2019. Released on Apple Music on July 19th, 2019.",02:07,"Jun 16, 2019",Single,,https://youtu.be/fVVnQyRhtTk?si=C4zRVOw5eTl7sey5
AI YoungBoy 2,"The Plug - Trust (Ft. Nafe Smallz, Loski &
NBA YoungBoy) (Prod.by Harvey Dent)","Track 5 on The Plug's mixtape ""Plug Talk"". Recorded in late 2018.
Released on Spotify a day after its release on YouTube.",04:43,"Jul 4, 2019",Feature,,"https://youtu.be/OriFWjiVUYQ?si=YhhRdUmvqXASIsmm
https://open.spotify.com/track/1hoQHAz0Rpf2CGC89fE1TR"
AI YoungBoy 2,"Mr. Mase - From The Bottom [V1]
(Ft. Master P & NBA YoungBoy)
(Prod.by Mr. Mase & Chipmunkondatraq)","The third official soundtrack from the movie ""I Got The Hook Up 2"".
Recorded in September 2017. Uploaded to YouTube by DatPiff.",03:59,"Jul 12, 2019",Feature,,https://www.youtube.com/watch?v=XwgYJeWMfxo
AI YoungBoy 2,"Tone Brigante & NBA YoungBoy - Who You
Call (On Me [V2]), (Prod.by ???)","Track 3 on Tone's mixtape ""Under Water"" & released on Apple Music
on October 14th, 2019. The song is a remix of YB's May 2018
feature ""On Me"". Has a music video.",03:44,"Aug 2, 2019",Feature,,https://music.apple.com/us/song/who-you-call-feat-nba-yb/1483820261
AI YoungBoy 2,"BBG Baby Joe - Hot Boy [V2] (Ft. 9lokknine,
Birdman & NBA YoungBoy)
(Prod.by HitmanAudio)","Track 4 on the mixtape ""B4 Its All Said & Done"" by BBG Baby Joe.
Uploaded to YouTube by Rap Nation on August 21st, 2019.
YB's and Birdman's vocals were recorded in June 2017.",02:45,"Aug 19, 2019",Feature,,"https://youtu.be/apcgn4mMkJ8?si=ct-gWaM8u3zMkIBV
https://open.spotify.com/track/5Q7t9EhKL7Frgyd8vhb5CL?si=193efac34b06462d"
AI YoungBoy 2,"Slime Mentality 🔝
(Prod.by Dremusiq, Mike Laury, Louie Bandz &
Dubba-AA)","Track 8 on album ""AI YoungBoy 2"".
Certified gold by the RIAA on September 22nd, 2020.
Has a music video. Recorded in late August 2019.",03:03,"Sep 1, 2019",Single,,
AI YoungBoy 2,"Self Control [V2] 🔝
(NBA YB Song 2 03.18.19), (Prod.by Todd Pritchard,
Drum Dummie, DJ Swift & CashMoneyAP)","Track 8 on album ""AI YoungBoy 2"". Has a music video.
Recorded in March 2019 and leaked in July 2019.
Certified platinum by the RIAA on September 22nd, 2020.",03:05,"Sep 5, 2019",Album Track,,https://open.spotify.com/track/4vSoyDfL0uZyUoWu5NNNsQ?si=ae45f262a5a54816
AI YoungBoy 2,"Gucci Mane - Richer Than Errybody
(Ft. DaBaby & NBA YoungBoy)
(Prod.by Lex Luger)","Track 1 on Gucci Mane's mixtape ""Woptober II"".
Has a visualizer and was released on Spotify on October 18th, 2019.
The remix was uploaded to YouTube by Trap City in early January 2020.",03:57,"Sep 13, 2019",Feature,,https://open.spotify.com/track/0UC4fdX15BLQYKXJRPifxM?si=2d641133f87c4797
AI YoungBoy 2,"RayPeezy - Clutchin (Ft.) 🐟
(Clutching), (Prod.by ???)","Track 5 on RayPeezy's mixtape ""Tank World"".",02:45,"Sep 13, 2019",Feature,,https://youtu.be/YRsJ2xJZf5w?si=uXdM5aCK9uN6vr_P
AI YoungBoy 2,"House Arrest Tingz [V2] 🔝
(Can't Imagine [V2]), (Prod.by Drum Dummie)","Track 18 on album ""Top"". Certified platinum by the RIAA on
October 22nd, 2021. First released as a single that wasn't cleared
because of the sample, has a music video. Recorded in late September
2019 and previewed on the same Instagram live as ""In Control"".",03:00,"Sep 26, 2019",Single,,"https://youtu.be/A6xUuTdt9BU
https://open.spotify.com/track/4Boj4bBiDv6Ur1zKEvLXBI?si=f9a46ea1e95349f5"
AI YoungBoy 2,"Juice WRLD - Bandit [V5] (Ft.) 🔝
(Bad Bitch / Bad Bitch Bandit), (Prod.by Nick Mira)","Previewed on YB's Instagram story as he recorded his verse.
The music video is YB's most popular video and was uploaded
to YouTube by Lyrical Lemonade (Cole Bennet).",03:09,"Oct 4, 2019",Feature,,https://music.apple.com/us/album/bandit-single/1481647215
AI YoungBoy 2,"Lonely Child [V2] 🔝
(Prod.by Dmac, Tahj Money & TnTXD)","Track 11 on album ""AI YoungBoy 2"". Certified platinum by the RIAA on
September 22nd, 2020. Recorded in late September 2019.
The song is about YB's struggles with loneliness and his desire for
love and support. He expresses his loss for Big Dump, Lil Dave
and his incarcerated father. Has a music video that was
uploaded to YouTube and quickly deleted.",03:37,"Oct 10, 2019",Single,,"https://youtu.be/LBi14BG3_PI?si=LdqXIaY1N387gd3H
https://open.spotify.com/track/6xqZi5JTTk6XIMLvy7w5JJ?si=65c96fd6c58a4632"
AI YoungBoy 2,"Carter Son [V2.2] 🔝
(The Carter Son), (Prod.by Aura, KK McFly &
Money Montage)","Track 1 on album ""AI YoungBoy 2"". Certified gold by the RIAA on 
September 22nd, 2020. Recorded in early March 2019 and
leaked on July 11th, 2019. The music video was premiered to
YouTube on October 15th, 2019.",02:43,"Oct 10, 2019",Album Track,,
AI YoungBoy 2,"Time I'm On [V4] 🔝
(I Drink Codeine [V4] / HEADPHONES,
(Prod.by Skynny, Louie Bandz & Dubba-AA)","Track 2 on album ""AI YoungBoy 2"". Recorded in March 2019.
On February 4th, 2022, the song would get certified gold by the RIAA.",03:13,"Oct 10, 2019",Album Track,,https://open.spotify.com/track/6vWzkhoAp1SF4PEJ0iLKYQ?si=0c2b4a6a04024168
AI YoungBoy 2,"Hot Now [V2] 🔝
(Keep Up [V2] / 45 Kidd [V2] / Fortnite),
(Prod.by Guwap$ Of Beat Execz &
MarcussMuzik Of Beat Execz)","Track 3 on album ""AI YoungBoy 2"". Previewed on two Instagram
stories and on live. Leaked on July 10th, 2019.
Certified platinum by the RIAA on September 22nd, 2020.",02:08,"Oct 10, 2019",Album Track,,https://open.spotify.com/track/3eeyKNIBrt5TH4y0y3QkOu?si=10d050933c204049
AI YoungBoy 2,"Seeming Like It [V2] 🔝
(Prod.by J-Bo, Icy Chill Out, E-Trou, Nick Mira &
Mike WiLL Made-It)","Track 4 on album ""AI YoungBoy 2"".
Certified gold by the RIAA in February 4th, 2019.
Recorded in January 2019.",03:04,"Oct 10, 2019",Album Track,,"https://youtu.be/Ol6x1bbVn9g
https://open.spotify.com/track/0eGvris9sYZMOsTMHT20Td?si=b664ace991fc4fd8"
AI YoungBoy 2,"Make No Sense [V2] 🔝
(Brrrr.ejayrough [V2] / Tina Turner),
(Prod.by Budda Beats)","Track 6 on album ""AI YoungBoy 2"". Has a music video which was
uploaded to YouTube on January 14th, 2020. Recorded in January 2019
and previewed on a well known Instagram live, the song would leak
on July 9th, 2019. Certified 2x platinum by the RIAA on December 9, 2020.
Peaked at #57 on the Billboard Hot 100 on October 26th, 2019.",02:28,"Oct 10, 2019",Album Track,,https://open.spotify.com/track/6klLvorLoo1sxvZcjJIY8I?si=accdf07a6ade4c81
AI YoungBoy 2,"Rich As Hell [V2] 🔝
(Prod.by DT, Gibbo, 17OnDaTrack & D-Rok)","Track 7 on album ""AI YoungBoy 2"". Recorded in late September 2019.
Certified gold by the RIAA on September 22nd, 2020.",03:35,"Oct 10, 2019",Album Track,,"https://youtu.be/Oa7GRHHH7OE
https://open.spotify.com/track/0qmWrPu7fiZSXvWfCZxcKl?si=e6240cd3c9c540c8"
AI YoungBoy 2,"Head Blown [V3] 🔝
(Prod.by LNKmusic, Mario Petersen,
17OnDaTrack & D-Rok)","Track 9 on album ""AI YoungBoy 2"". Previewed on an Instagram
story and recorded in early march 2019. On February 4th, 2022,
the song would get certified gold by the RIAA.",03:01,"Oct 10, 2019",Album Track,,https://open.spotify.com/track/0qmWrPu7fiZSXvWfCZxcKl?si=30885073e1554325
AI YoungBoy 2,"Ranada [V2] 🔝
(Paid Over For It [V2] / Vicecity / Rough Rider),
(Prod.by LukasBL, Benjamin Lasnier,
Olivier Bassil, jetsonmade & Yung Lan)","Track 10 on album ""AI YoungBoy 2"". Certified platinum by the RIAA
on August 26th, 2021. Previewed on Instagram live in the
studio and recorded in early 2019.",02:56,"Oct 10, 2019",Album Track,,"https://youtu.be/dbPiKjtiGkY
https://open.spotify.com/track/4XlyD28tQ6qdqNS2BkE1AF?si=5263e70a0a024f3d"
AI YoungBoy 2,"Gang Shit [V2] 🔝
(Killswitch / green flags), (Prod.by Beezo)","Track 12 on album ""AI YoungBoy 2"". Previewed on an Instagram live.
Recorded in early March 2019 and leaked on July 10th, 2019.
Certified gold by the RIAA on February 4th, 2022.",02:40,"Oct 10, 2019",Album Track,,"https://soundcloud.com/nba-youngboy/gang-shit?in=user-572635844/sets/untitled-playlist/s-ucxa3Wi5ptM&si=b57e2905d1cc48e68f11bc2dc2c4b82e&utm_source=clipboard&utm_medium=text&utm_campaign=social_sharing
https://open.spotify.com/track/0igHhcoLY0yHVPHiPvGuXx?si=efc0fbcb24ba424d"
AI YoungBoy 2,"Rebels Kick It 🔝
(Prod.by Wheezy)","Track 13 on album ""AI YoungBoy 2"". Recorded in September 2019.
Certified gold by the RIAA on February 4th, 2022.",03:13,"Oct 10, 2019",Album Track,,"https://youtu.be/9YVAqzgmQFc
https://open.spotify.com/track/3hYBu3LRhapDItoL2R5aK2?si=20bc54e2ea874175"
AI YoungBoy 2,"Outta Here Safe [V4] (Ft. Quando Rondo
& No Cap)
(Prod.by MarcussMuzik Of Beat Execz)","Track 14 on album ""AI YoungBoy 2"". YB's and Quando's vocals
were recorded in early February 2019. Certified gold on
February 21st, 2023.",03:53,"Oct 10, 2019",Album Track,,"https://youtu.be/zh_RukyAkJA?si=XP3V4Ou0n5lTez6c
https://open.spotify.com/track/2qU7t8cV1fMVbDTUnZsxTV?si=b7b9e6e34b7d4658"
AI YoungBoy 2,"In Control [V2] 🔝
(Blow Down), (Prod.by India Got Them Beats,
Mike Laury & Dubba-AA)","Track 15 on the album ""AI YoungBoy"". Has a music video.
Certified gold by the RIAA on September 22nd, 2020.
Recorded in late September 2019 and previewed on the
same Instagram live as ""House Arrest Tingz"". Fredo Bang diss.",03:01,"Oct 10, 2019",Album Track,,"https://youtu.be/uk7ArLf8abs?si=zsXZAAT4WR2Wmrqj
https://open.spotify.com/track/5IdAcHb4cwtexqMlOojWhR?si=8042a4f3f38646ce"
AI YoungBoy 2,"I Don't Know [V2] 🔝
(No I Don't [V2] / Jump In), (Prod.by TooDope,
Eliot Bohr & Beatmonster Marc)","Track 16 on album ""AI YoungBoy 2"". Recorded in early 2019.
Teased on an Instagram story by YB and leaked on September 16th, 2019.
In the song he’s talking about dealing with trust issues, his success,
new lifestyle and reflecting on this change. Certified gold by the RIAA
on February 4th, 2022.",03:05,"Oct 10, 2019",Album Track,,"https://youtu.be/EeTJT1eE-t8
https://open.spotify.com/track/58H5750cX5LquhcJ7TCHiO?si=66b655c64a994bd9"
AI YoungBoy 2,"Where The Love At 🔝
(Prod.by Drum Dummie)","Track 17 on album ""AI YoungBoy 2"". Certified gold by the RIAA on
February 4th, 2022. Recorded in September 2019.",03:16,"Oct 10, 2019",Album Track,,"https://youtu.be/F2FnRwAspqw
https://open.spotify.com/track/540u3cwMqJ7IJrhQ9ikcON?si=f7ca98be7ac44b27"
AI YoungBoy 2,"Free Time 🔝
(Prod.by IOF, Captain Curt & Beatmonster Marc)","Track 18 on album ""AI YoungBoy 2"". Certified gold by the RIAA
on May 13th, 2022. Recorded in early September 2019.",02:55,"Oct 10, 2019",Album Track,,"https://youtu.be/d-Mj8oPOH38
https://open.spotify.com/track/3SiNNoV06PfsTbqMCwyBED?si=3d049e5421864ef3"
AI YoungBoy 2,"I Thought [V3]
(Strong Pain), (Prod.by StringzOnTheBeat,
BGSOUNDZ, Bans & Lilkdubb)","Released as track 2 on compilation tape ""Lost Files"" in late 2022.
Recorded in late August 2019 and leaked in October 2020.",03:25,"Dec 23, 2022",Album Track,,"https://youtu.be/Zlpr8Sk7tDo
https://open.spotify.com/track/30xEOD1k2taB2wdl0MeWZX?si=c4f9bf0bccdd4c17"
AI YoungBoy 2,"Broken Hearted [V2]
(Broken No More [V2]), (Prod.by RellyMade &
BJ Beatz)","Released as track 3 on compilation tape ""Lost Files""
in late 2022. Leaked in late 2021.",03:21,"Dec 23, 2022",Album Track,,"https://youtu.be/J8XeVhL4cMQ
https://open.spotify.com/track/7o2HUc5vTHYOkA8fnKr7G0?si=1ff3b25562834f39"
AI YoungBoy 2,"Doctor [V3]
(NBA YB Doctor 03.20.19 / Heartbroken / Dr.),
(Prod.by NeilOnDaTrack)","Released as track 6 on compilation tape ""Lost Files"" in late 2022.
Recorded in late March 2019 and leaked in May 31st, 2019.
Previewed on Instagram live and multiple times in an unreleased vlog.
The song has an unreleased music video which was teased
on an Instagram story by camera man David G.",02:50,"Dec 23, 2022",Album Track,,"https://youtu.be/VCUdZN8cPpQ
https://open.spotify.com/track/3i85uegiHbdDhsMaEtMUmX?si=bd7693adf03b4ebc"
AI YoungBoy 2,"Nurse [V2]
(GIVE U MY ALL [V2] / Give You My All / Love Sick),
(Prod.by KiloKeys Beatz & Yung Lan)","Released as track 8 on compilation tape ""Lost Files"" in late 2022.
Recorded in early 2019 and previewed on an Instagram story.
Leaked in November 21st, 2019. It is believed that this song is
about exgirlfriend Jania who was studying nursing in college.",03:01,"Dec 23, 2022",Album Track,,"https://soundcloud.com/nba-youngboy/youngboy-never-broke-177003529
https://open.spotify.com/track/0AimCmYUp8mR4eKlxuKVl0?si=f7eea1e7510548d3"
AI YoungBoy 2,"I Love It [V2]
(NBA YB I Love It 03.21.19 / I Luv It),
(Prod.by Javar Rockamore)","Released as track 10 on compilation tape ""Lost Files"" in late 2022.
The V1 was recorded in late March 2019. A CDQ snippet surfaced
in July 9th, 2019 and leaked in October 2020. Has an open verse.",03:15,"Dec 23, 2022",Album Track,,"https://youtu.be/6IZIrNGTHOU
https://open.spotify.com/track/5iCvtL9GYAh9DxAFmItUzJ?si=e4ad1a342acd4b12"
AI YoungBoy 2,"4KT Freestyle [V2]
(Prod.by India Got Them Beats & Lilkdubb)","Released as track 11 on compilation tape ""Lost Files"" in late 2022.
Recorded in early October 2019 and the CDQ snippet surfaced
in late June 2021. TBG diss.",03:13,"Dec 23, 2022",Album Track,,"https://youtu.be/XVOGEcmyaHI?si=k1pK3-FqKF8nqaYH
https://open.spotify.com/track/3aTc1TN8jTLEgcMy2oUFTs?si=79bd0be5d2c04d5b"
AI YoungBoy 2,"Time Out [V2]
(Thug Love), (Prod.by Dmac & Drum Dummie)","Released as track 15 on compilation tape ""Lost Files"" in late 2022.
Recorded on September 26th, 2019. First CDQ snipppet surfaced in
August 31st, 2021 and others surfaced before it leaked on June 16th, 2022.",02:55,"Dec 23, 2022",Album Track,,https://youtu.be/X_KbLB2ZRMY
AI YoungBoy 2,"Rich N**** [V2]
(Rich Nigga [V2]), (Prod.by Ayo E Go Krazy)","Released as track 16 on compilation tape ""Lost Files"" in late 2022.
Recorded in September 2019.",02:31,"Dec 23, 2022",Album Track,,https://open.spotify.com/track/5xcntwtu9rfnqPMZNyTof0?si=cd87c25afddf4660
AI YoungBoy 2,"Time Flow [V2]
(Idaho), (Prod.by Smoke, Matt Cap & Priority Beats)","Released as track 19 on compilation tape ""Lost Files"" in late 2022.
Recorded in early September 2019. Previewed by a friend of
YB and leaked on October 11th, 2020.",02:58,"Dec 23, 2022",Album Track,,"https://youtu.be/iyAn7ph8fsY
https://open.spotify.com/track/0bkoFNRkTWZiUP35ZwgnPz?si=3c409c5510204d0b"
"Still Flexing, Still Stepping","Lost Motives [V2] 🔝
(BLOODY [V2]), (Prod.by Lilkdubb)",Has a music video and recorded in October 2019.,02:54,"Nov 7, 2019",Single,,"https://open.spotify.com/track/0WMMbyObGsrFxYdsof1Ipi?si=c90f2f6cb5ad45e7
https://music.apple.com/us/album/lost-motives-single/1491533562"
"Still Flexing, Still Stepping","Trippie Redd - Hate Me [V2] (Ft.) 🔝
(Blinded), (Prod.by Cheeto the Hero, Cujo,
StolenCable & Icy Chill Out)","Track on Trippie Redd's mixtape ""I Can't See"".
Has a visualizer. Recorded in July 2018 and leaked in
late September 2019.",02:25,"Nov 23, 2019",Feature,,
"Still Flexing, Still Stepping","Bring 'Em Out [V2] 🔝
(Bring Em Out / NO HOOK [V2]),
(Prod.by JRHITMAKER & PlayboyXO)",Has a music video and recorded in October 2019.,02:41,"Dec 2, 2019",Single,,"https://open.spotify.com/track/6ZEg5lvsHhIqAxu2OiryYY?si=d8338e1679e5492c
https://music.apple.com/us/album/bring-em-out-single/1491533273"
"Still Flexing, Still Stepping","Dirty Iyanna [V3]
(Iyanna [V3] / Dirty Diyanna),
(Prod.by Nick Seeley & Quincy Jones)","The song samples 1988 hit ""Dirty Diyanna"" by Michael Jackson.
Has a music video and recorded in early September 2019. In the song he
raps about his on and off relationship with Yaya Mayweather.",04:12,"Dec 12, 2019",Single,,"https://open.spotify.com/track/3z2q4KZxGOotjB87arytei?si=aba499892e74435f
https://music.apple.com/us/album/dirty-iyanna-single/1490639421"
"Still Flexing, Still Stepping","Chocolate Mc - Money & Bitches [V3]
(Ft. El Chulo & NBA YoungBoy)
(Prod.by Chocolate Mc)","Uploaded to YouTube by Chocolate Mc in April 14th, 2020.
The V2 leaked in May 21st, 2019 and had a different verse
from El Chulo. YB's verse was recorded in June 2017.",03:33,"Jan 10, 2020",Feature,,"https://open.spotify.com/track/5xoAomYiVN7ND2nPsXEVHV?si=ccb35aed45c84d9c
https://music.apple.com/us/album/money-bitches-single/1508003032"
"Still Flexing, Still Stepping","Rich The Kid - Money Talk (Ft.)
(Prod.by Velli Clark & DY Krazy)","Track 19 on Rich The Kid's third studio album ""BOSS MAN"".
Teased on Instagram with an alternative music video
to the one that was uploaded to YouTube by Rich The Kid.
Recorded In September 2019.",02:57,"Jan 17, 2020",Feature,,"https://youtu.be/zDSHSuuOjYY?si=J6N8ai-D5a1XXeqo
https://youtu.be/SM3T7i_0p5g"
"Still Flexing, Still Stepping","NBA MeechyBaby - TALK MY SHIT (Ft.) 🔝
(Let Me Talk), (Prod.by Dior &
India Got Them Beats)",Has a music video and recorded in January 2020.,02:22,"Jan 31, 2020",Feature,,https://youtu.be/gRqkrLp5uVs?si=IrvllfvO1UzC3Cy2
"Still Flexing, Still Stepping","Zaytoven - Bout Me [V2] (Ft. Adrian Broner
& NBA YoungBoy) (All I Want [V2]),
(Prod.by Zaytoven)","Track 12 on Zaytoven's mixtape ""$TREETRI$H Vol1"".
The original version was recorded on January 18th, 2018.",03:13,"Feb 11, 2020",Feature,,https://open.spotify.com/track/5KXjH5PlM7gzQEWcVvODCR?si=2315f4a276d34bd6
"Still Flexing, Still Stepping","Fine By Time 🔝
(Prod.by Vadebeatz)","Track 5 on mixtape ""Still Flexing, Still Stepping"" and has a music video.
Certified gold by the RIAA on November 3rd, 2020.",02:56,"Feb 11, 2020",Single,,https://youtu.be/K_qpjEZ5Ty0?si=QimEPAI4AbbLj8-Y
"Still Flexing, Still Stepping","Knocked Off
(Thug Life), (Prod.by TayTayMadeIt)","Track 2 on mixtape ""Still Flexing, Still Stepping"".
Certified gold by the RIAA on March 29th, 2020.
Recorded in January 2020 and previewed in the studio.",02:08,"Feb 11, 2020",Single,,https://youtu.be/JjZP0Ef1iaw
"Still Flexing, Still Stepping","Bad Bad [V2] 🔝
(Prod.by AKel & HitmanAudio)","Track 13 on mixtape ""Still Flexing, Still Stepping"".
Certified Platinum by the RIAA on March 18th, 2025.
Has a music video and previewed twice on Instagram live.",02:26,"Feb 17, 2020",Single,,
"Still Flexing, Still Stepping","Westside Tut - Run Up (Ft.)
(Bang Out [V2]), (Prod.by 24)","YB's verse is from the unreleased song ""Bang Out"",
which was recorded in the summer of 2018.",03:13,"Feb 19, 2020",Feature,,https://open.spotify.com/track/4Q8tQSnDRN8yFKYb2Mqi2k?si=9a053cf57669446e
"Still Flexing, Still Stepping","RIP Lil Phat [V3]
(Prod.by DJ Trebble & Lilkdubb)","Opening track on the mixtape ""Still Flexing, Still Stepping"".
An earlier version of the song was previewed on Instagram live.",02:27,"Feb 21, 2020",Album Track,,https://youtu.be/BlfkebrymRw?si=Nix1mmlofiOJMSpi
"Still Flexing, Still Stepping","Lil Top [V2] 🔝
(Prod.by Hagan, BJ Beatz & Khris James)","Track 3 on the mixtape ""Still Flexing, Still Stepping"".
Has a music video. Previewed on Instagram live and on Triller.
Certified 3x Platinum by the RIAA on March 18th, 2025.",03:06,"Feb 21, 2020",Album Track,,https://soundcloud.com/nba-youngboy/lil-top?si=38c41270a8944828866d07aafacfad1a&utm_source=clipboard&utm_medium=text&utm_campaign=social_sharing
"Still Flexing, Still Stepping","Red Eye [V2] 🔝
(Prod.by Sean Angus Watson & DrellOnTheTrack)","Track 4 on the mixtape ""Still Flexing, Still Stepping"". Previewed on an
Instagram story. In the song he is saying how he wants his
exgirlfriend Jania back. Certified Platinum by the RIAA on March 18th, 2025.",02:36,"Feb 21, 2020",Album Track,,https://youtu.be/xeA7sqs0yi0
"Still Flexing, Still Stepping","Suited Panamera (Ft. Quando Rondo)
(Prod.by Khris James & Vadebeatz)","Track 6 on the mixtape ""Still Flexing, Still Stepping"".",02:21,"Feb 21, 2020",Album Track,,https://youtu.be/e9Zlzw5J14A?si=WvDvYkGFftG6vMsc
"Still Flexing, Still Stepping","How You Want It
(Prod.by NeilOnDaTrack)","Track 7 on the mixtape ""Still Flexing, Still Stepping"".",02:30,"Feb 21, 2020",Album Track,,https://youtu.be/v51-3JqLPno?si=5QVMwAjSU8yXrQx2
"Still Flexing, Still Stepping","Long RD 🔝
(Prod.by Felipe S & Yung Lan)","Track 8 on the mixtape ""Still Flexing, Still Stepping"".
Previewed on Instagram live in February 2020.
Certified gold by the RIAA on August 4th, 2022.",02:55,"Feb 21, 2020",Album Track,,https://youtu.be/ygDjIScGAWo?si=jqvrqDFSiQFgdU7v
"Still Flexing, Still Stepping","Okay [V2]
(OKAYY [V2]), (Prod.by India Got Them Beats &
Lilkdubb)","Track 9 on the mixtape ""Still Flexing, Still Stepping"".
Recorded in late December 2019, previewed multiple
times on an Instagram story and live.",02:50,"Feb 21, 2020",Album Track,,https://youtu.be/CbmQ--fvHYE?si=R_Mj-H57vWjN_4zU
"Still Flexing, Still Stepping","Bat Man
(Prod.by Ceddy Bo, David Tell Em & Dubba-AA)","Track 10 on the mixtape ""Still Flexing, Still Stepping"".
Previewed on an Instagram live, recorded in December 2019
and has unreleased music video.",02:58,"Feb 21, 2020",Album Track,,https://youtu.be/LdpAIapBkvE?si=ScTruhDjqlcsXiWZ
"Still Flexing, Still Stepping","Call Me Late [V2]
(Prod.by India Got Them Beats & Lilkdubb)","Track 11 on the mixtape ""Still Flexing, Still Stepping"".
Recorded in December 2019.",03:33,"Feb 21, 2020",Album Track,,https://youtu.be/DiJQgpQ7aSQ?si=0WNXTjsBKLb1HALX
"Still Flexing, Still Stepping","Gunsmoke [V2]
(DOPE [V2]), (Prod.by NeilOnDaTrack)","Track 12 on the mixtape ""Still Flexing, Still Stepping"". Previewed in a
2019 house arrest vlog and twice by Montana in October 2019.",02:20,"Feb 21, 2020",Album Track,,https://youtu.be/WZujMll0Mjg
"Still Flexing, Still Stepping","No Understand [V2]
(Prod.by Vadebeatz & Lilkdubb)","Track 14 on the mixtape ""Still Flexing, Still Stepping"".
Recorded in December 2019.",03:04,"Feb 21, 2020",Album Track,,https://youtu.be/KSKObI1H5BM?si=afCWdYpqvpfKjtGT
"Still Flexing, Still Stepping","Perc 10 [V2]
(OCT 12 - 1-01 - Bounce-152BPM-A# Min [V2] /
Blow Yo Rocket / Xans / BLOW YO ROCKET /
Lil 10), (Prod.by PlayboyXO)","Released as track 7 on compilation tape ""Lost Files"" in late 2022.
Recorded in October 2019 and leaked on November 29th, 2020.",02:57,"Dec 23, 2022",Album Track,,https://open.spotify.com/track/1oWxHhXJAYJiDx9YHWwBnL?si=5d1848436ad74485
"Still Flexing, Still Stepping","Locked & Loaded [V2]
(LOCKED LOADED [V2] / Blood For Blood),
(Prod.by Guwap$ Of Beat Execz, MarcussMuzik
Of Beat Execz & Lilkdubb)","Released as track 17 on compilation tape ""Lost Files"" in late 2022.
Recorded in October 2019, leaked in early 2021 with tags and
unfortunately released with them.",01:45,"Dec 23, 2022",Album Track,,
"Still Flexing, Still Stepping","Murda Bizness [V2]
(Murder Bizness - NBA YOUNGBOY OCT.12 [V2]),
(Prod.by DeMoe & PlayboyXO)","Released as track 20 on compilation tape ""Lost Files"" in late 2022.
The unfinished song was recorded in October 2019
and leaked in December 8th, 2019.",03:41,"Dec 23, 2022",Album Track,,https://open.spotify.com/track/0tcLsSRwLiTCFYih7FTwpM?si=70e563a62bc448fd
38 Baby 2 [V5],"Ten Talk 🔝
(Prod.by BJ Beatz)","Lead single and track 16 on album ""38 Baby 2"".
The music video was teased hours before the release by cameraman
Rich Porter. Previewed on Instagram live by YB & Ben 10.",02:58,"Mar 2, 2020",Single,,https://soundcloud.com/user-350349890/nba-youngboy-ten-talk
38 Baby 2 [V5],"Drop'Em
(Prod.by Guwap$ Of Beat Execz & NeilOnDaTrack)","Previewed on Instagram live in February and
March 2020. Has a music video.",02:29,"Mar 10, 2020",Single,,https://music.apple.com/us/album/dropem-single/1506056472
38 Baby 2 [V5],"Rich The Kid - Racks On (Ft.)
(Prod.by THATS NOT IT, Beat By Jeff & DY Krazy)","Track 15 on Rich the Kid’s third studio album ""BOSS MAN"".
Has a music video which was uploaded to YouTube on May 26th, 2020.
Recorded in September 2019.",02:57,"Mar 13, 2020",Feature,,
38 Baby 2 [V2],"Uncharted Love 🔝
(Prod.by Jakik & India Got Them Beats)","Has a music video and released on Apple Music on April 2nd, 2020.",02:55,"Mar 13, 2020",Single,,https://music.apple.com/us/album/unchartered-love-single/1505422396
38 Baby 2 [V5],"Westside Tut - Get Back (Ft.)
(Kick Back [V2]), (Prod.by Wheezy)","YB's verse and chorus is from the unreleased song
""Kick Back"", which was recorded in January 2018.",03:18,"Mar 26, 2020",Feature,,https://open.spotify.com/track/3tl2lEOPfkVDrpyQyqo9r1?si=147444527ba64654
38 Baby 2 [V5],"AI Nash
(Prod.by Its2Ezzy & BJ Beatz)","Track 15 on album ""38 Baby 2"". Has a music video which was directed by
Lyrical Lemonade (Cole Bennet). The song is named after NBA point guard,
Steve Nash, who is mentioned in the chorus of the song.
Certified gold by the RIAA on August 4th, 2022.",03:19,"Apr 4, 2020",Single,,
38 Baby 2 [V5],"Step On Shit [V2] 🔝
(23K [V2]), (Prod.by MorettiGoinCrazy, AKel &
TwanTheProducer)",Has a music video. Previewed on Instagram live by YB & Ben 10.,02:50,"Apr 6, 2020",Single,,https://music.apple.com/us/album/step-on-shit-single/1509777555
38 Baby 2 [V5],"DaBaby - JUMP (Ft.) 🔝
(Prod.by DJ K.i.D & Rocco Did It Again!)","Track 18 on DaBaby's album deluxe ""BLAME IT ON BABY (DELUXE)"".
Has a music video.",03:32,"Apr 17, 2020",Feature,,
38 Baby 2 [V5],"Bout My Business (Ft. Sheronda Gaulden)
(Prod.by Vadebeatz)","Opening track on album ""38 Baby 2"".
The song that features his mother.",03:07,"Apr 24, 2020",Album Track,,https://youtu.be/Tx8abdbcj3o
38 Baby 2 [V5],"Diamonds
(Prod.by BJ Beatz, DJ Swift & Mook On The Beats)","Track 2 on album ""38 Baby 2"". The instrumental was uploaded to
YouTube by the producer BJ Beatz on April 28th, 2020.",03:05,"Apr 24, 2020",Album Track,,https://youtu.be/qugrqkWfEx4
38 Baby 2 [V5],"Shadows
(Prod.by TnTXD, Tre Gilliam & Tahj Money)","Track 3 on album ""38 Baby 2"". Has an unreleased music video.",03:14,"Apr 24, 2020",Album Track,,https://youtu.be/L4u0nNDj-NQ
38 Baby 2 [V5],"Win Your Love
(Moving On), (Prod.by Jakik &
India Got Them Beats)","Track 4 on album ""38 Baby 2"". Previewed on Instagram live.
The song is about the altercation between exgirlfriend
Iyanna Mayweather & Lapattra Jacobs.",03:04,"Apr 24, 2020",Album Track,,https://youtu.be/R6313WST5IY
38 Baby 2 [V5],"Ain't Easy [V2]
(Prod.by LC, Hagan & TnTXD)","Track 5 on album ""38 Baby 2"". Previewed on Triller with Big B in
late March 2020 and later previewed on Instagram live by YB & Ben 10.",02:25,"Apr 24, 2020",Album Track,,https://open.spotify.com/track/485RHcQUM5qotAlfutUhwT?si=1ea76da9ab904634
38 Baby 2 [V5],"Rough Ryder [V2]
(Prod.by AdamSlides, BJ Beatz & PlayboyXO)","Track 6 on album ""38 Baby 2"". Previewed on Instagram live.
Recorded in February 2020. The instrumental was uploaded to
YouTube by the producer BJ Beatz on April 28th, 2020.",02:41,"Apr 24, 2020",Album Track,,https://youtu.be/ebybCJa7rcw?si=oQOwENKyOBJEhNrT
38 Baby 2 [V5],"i-10 Baby [V2]
(Knock Em All Down [V2]), (Prod.by Ceddy Bo,
David Tell Em & Dubba-AA)","Track 7 on album ""38 Baby 2"".",02:41,"Apr 24, 2020",Album Track,,https://youtu.be/LLrhPkatQbo
38 Baby 2 [V5],"Nawfside [V2]
(One Time [V2]), (Prod.by Noah Mejia, Rio Leyva
& India Got Them Beats)","Track 8 on album ""38 Baby 2"".",02:34,"Apr 24, 2020",Album Track,,https://youtu.be/5tJ-hOCkYWU
38 Baby 2 [V5],"Firestars
(Prod.by Felipe S & Vadebeatz)","Track 9 on album ""38 Baby 2"". The audio was privated from
YB's YouTube channel.",,"Apr 24, 2020",Album Track,,
38 Baby 2 [V5],"Treat You Better
(Prod.by Vadebeatz)","Track 10 on album ""38 Baby 2"". Previewed on Instagram live.",02:29,"Apr 24, 2020",Album Track,,https://youtu.be/RDqosDIsFSA
38 Baby 2 [V5],"I Choose You
(Prod.by Brxtn, EVRGRN, GID, James Maddocks &
Yung Lan)","Track 11 on album ""38 Baby 2"".",02:28,"Apr 24, 2020",Album Track,,https://youtu.be/2AvJUyfSSL4
38 Baby 2 [V5],"Thug of Spades (Ft. DaBaby)
(Prod.by India Got Them Beats & Lilkdubb)","Track 12 on album ""38 Baby 2"".",02:33,"Apr 24, 2020",Album Track,,https://youtu.be/09h9QVng3J0
38 Baby 2 [V5],"Pick From Pain
(Prod.by Roark Bailey & Take a Daytrip)","Track 13 on album ""38 Baby 2"".",02:02,"Apr 24, 2020",Album Track,,https://youtu.be/E-dDIc9Kg2o
38 Baby 2 [V5],"Top Files
(Prod.by Samuel Velasco & Vadebeatz)","Track 14 on album ""38 Baby 2"".",02:40,"Apr 24, 2020",Album Track,,https://youtu.be/I7Sr2R5Lc-A
38 Baby 2 [V5],"On The Rest
(Bet That), (Prod.by Karltin Bankz, LondnBlue &
TnTXD)","Track 17 on album ""38 Baby 2"". Has an unreleased music video
which was teased on an Instagram post.",02:35,"Apr 24, 2020",Album Track,,https://youtu.be/oyuHAsPNo-g
Top,"Future - Trillionaire (Ft.) 🔝
(Prod.by Teezyi)","Track 9 on Future's eighth studio album ""High Off Life"".
Certified platinum by the RIAA on July 28th, 2023. Uploaded to
YouTube on May 15th, 2020. Recorded in March 2018.",02:47,"May 14, 2020",Feature,,https://youtu.be/5tOytaaALGQ
Top,"Migos - Need It (Ft.) 🔝
(Prod.by Buddah Bless)","Track 19 on the album ""Culture III"" by the Migos. The song samples
50 Cent’s 2005 track “Get in My Car”. Certified 2x platinum by the RIAA
on November 30, 2022. Has a music video which was premiered
to YouTube on August 20th, 2020. YB first teased the song in a video
posted to his Twitter on January 14, 2020. Recorded in January 2020.",03:16,"May 22, 2020",Feature,,https://youtu.be/51vVIvPl_EA
Top,"One Shot [V2] [Clean] (Ft. Lil Baby)
(Prod.by Drum Dummie)","Track 1 on the Fast & Furious 9 soundtracks ""Road To Fast 9 Mixtape"".
The lyric video was uploaded to YouTube by WORLDSTARHIPHOP
on June 30th, 2020 and the music video was uploaded to YouTube by
Atlantic Records on July 30th, 2020.",03:??,"Jun 18, 2020",Single,,https://www.youtube.com/watch?v=2gZTNXRhak4
Top,"Death Enclaimed [V2] 🔝
(Prod.by LC, 12Hunna, DY Krazy)","Has a music video and recorded on the same day that it was released.
The song is a response to when J prince went public to notify YB
that he was in possession of his stolen car keys. YB felt disrepected by this
and didn't like that the situation went to social media.
The song also also addresses his marriage status with Yaya Mayweather.",03:24,"Jun 21, 2020",Single,,https://music.apple.com/us/album/death-enclaimed-single/1525540377
Top,"Sticks With Me 🔝
(Prod.by Trapman TwoThree & WassamWop)","Track 17 on album ""Top"". Certified gold by the RIAA on August 4th, 2022.
Previewed on Instagram live and has a music video.
Real Gee Money & Blvrd Quick diss. Recorded in June 2020.",02:49,"Jul 15, 2020",Single,,https://music.apple.com/us/album/sticks-with-me-single/1525540726
Top,"All In [V2] 🔝
(Prod.by 12Hunna)","Track 10 on album ""Top"". Has a music video.
Recorded in July 2020 on a tour bus.",02:11,"Jul 25, 2020",Single,,
Top,"DJ The Rapper - Swish Pt. 2 (Ft. Clever &
NBA YoungBoy) (Prod.by ???)","Track 6 on DJ's mixtape ""Problem Child"".
YB's verse was recorded in 2018.",03:53,"Aug 7, 2020",Feature,,https://www.youtube.com/watch?v=uS_ue79r5X8
Top,"Kacey Talk 🔝
(Prod.by 1Mind, JULiA LEWiS & Jason Goldberg)","First released as a single and track 6 on album ""Top"". Previewed on
Instagram live, teased on Triller, has a music video and a lyric video which
was uploaded to YouTube on September 11th, 2020.
Certified 2x multi-platinum by the RIAA. The song is a tribute to YB's
fourth son Kacey. Recorded in July 2020.",02:31,"Aug 13, 2020",Single,,
Top,"Murder Business [V2] 🔝
(Prod.by HitmanAudio & India Got Them Beats)","Track 16 on album ""Top"". Certified gold by the RIAA on August 4th, 2022.
Has a music video and previewed on an Instagram live by YB and Ben 10.
 Also previewed in an unreleased July 2020 vlog with Rich The Kid.
Recorded in June 2020.",02:10,"Aug 26, 2020",Single,,
Top,"Callin (Ft. Snoop Dogg)
(Prod.by Cássio, Vinnyforgood, Wallis Lane &
Jason Goldberg)","Track 21 on album ""Top"". Certified gold by the RIAA on August 4th, 2022.
Previewed on Instagram live in late August 2020.",02:23,"Sep 1, 2020",Single,,
Top,"P Yungin - IM ON [V2] (Ft.)
(Prod.by Haze, twoprxducers & 12Hunna)","Track 14 on P Yungin's mixtape ""DEMONS EVERYWHERE I GO"".
Uploaded to YouTube by DatPiff on September 7th, 2020.
Has a music video which was uploaded to Never Broke Again LLC and
deleted five years later. Released on Spotify on December 21st, 2020.",03:05,"Sep 5, 2020",Feature,,"https://open.spotify.com/track/3FVUo7yWu68CIHBDovaOwo?si=517e000a1a714570
https://music.apple.com/us/song/im-on-feat-youngboy-never-broke-again/1532534258
https://youtu.be/hB5BiX7vl1w?si=hfFOAio2ntlIgwXO"
Top,"Yung Ceo - About Me [V2] (Ft.)
(One Thing About Me), (Prod.by King Wonka & ???)","Track 4 on Yung Ceo's mixtape ""True Story 2"". Different version of the
feature that was released in May 2017.",03:20,"Sep 6, 2020",Feature,,https://open.spotify.com/track/2UyzmyEU8wK4OQIeKaNo64?si=29ccc47d4657432b
Top,"Soul Stealer [V2]
(Prod.by Badmarks & Mook On The Beats)",Previewed on a September Instagram live. Recorded in late August 2020.,02:43,"Sep 8, 2020",Single,,https://youtu.be/t4KSw3w6DKs?si=tSTsAL-qbwPv5xf5
Top,"Drug Addiction 🔝
(Prod.by LayZ & Palaze)","Opening track to album ""Top"" & has a lyric video. On October 22nd, 2021,
the song was certified gold by the RIAA. Previewed and recorded in
July 2020. YoungBoy details his life and struggles, describing his rise
to the top of the rap game despite battling drug addiction and
encountering drug addicted individuals along the way.",02:45,"Sep 11, 2020",Album Track,,https://youtu.be/QN4-PNNQ2rQ?si=IaerPrUGo5yPBI9F
Top,"Cross Roads
(Prod.by DJ Suede The Remix God, Trauma Tone &
SephGotTheWaves)","Track 2 on album ""Top"" & has a lyric video. Recorded in July 2020.",02:48,"Sep 11, 2020",Album Track,,https://www.youtube.com/watch?v=BIMp14STMrs
Top,"The Last Backyard... [V2]
(THE NEWZ [V2] / Backyardigans),
(Prod.by TayTayMadeIt)","Track 3 on album ""Top"" & has a lyric video. Certified gold by
the RIAA on August 4, 2022. Previewed during the ""38 Baby 2""
era on Instagram live. BLVD Quick diss.",02:36,"Sep 11, 2020",Album Track,,
Top,"Right Foot Creep 🔝
(Prod.by TayTayMadeIt)","Track 4 on album ""Top"" & has a lyric video. On March 29, 2022,
the song was certified gold by the RIAA. Previewed by YB on Triller
and recorded in August 2020. The song would be later featured as an
Icon Series Emote in Fortnite and popuralize Louisiana's ""The Griddy"" dance.",02:39,"Sep 11, 2020",Album Track,,
Top,"Dirty Stick
(Prod.by ABONTHEBEAT, 17OnTheTrack & D-Rok)","Track 5 on album ""Top"". Recorded in August 2020.
Has an unreleased music video full of firearms which was the reason
why he was arrested in October 2020 and later put on an extensive
house arrest of 2 & a half years.",02:50,"Sep 11, 2020",Album Track,,https://youtu.be/jWsvmMti2hA?si=9kxZnVZMmEfTtLv4
Top,"My Window [V2] (Ft. Lil Wayne) 🔝
(Prod.by Tenroc & Smash David)","Track 7 on album ""Top"" and has a lyric video. Previewed on Triller in 
July 2020. Certified gold by the RIAA on October 22nd, 2021.",03:12,"Sep 11, 2020",Album Track,,"https://youtu.be/xvCXN1hASoU
https://youtu.be/vnG2aQUJFwI"
Top,"I'm Up
(Prod.by Aaron Selva & Wheezy)","Track 8 on album ""Top"" & has a lyric video.",02:26,"Sep 11, 2020",Album Track,,"https://youtu.be/BlwsutNzeyc
https://youtu.be/8S4-UfczdlM"
Top,"Off Season
(Prod.by Jonnie Hope, Mike Laury & Dubba-AA)","Track 9 on album ""Top"" & has a lyric video. Previewed during
an album photoshoot and recorded in July 2020.",02:39,"Sep 11, 2020",Album Track,,"https://youtu.be/5nrV_yDqEww
https://youtu.be/2CkKPLtHjLQ"
Top,"Dead Trollz [V2] 🔝
(Prod.by LondnBlue, Karltin Bankz & PlayboyXO)","Track 11 on album ""Top"". Has a music video and lyric video.
Recorded in August 2020. Jania, Jaydayoungan & King Von diss.
Certified gold by the RIAA on March 18th, 2022.",03:29,"Sep 11, 2020",Album Track,,
Top,"Fuck Ya
(Back Door), (Prod.by AKel, WassamWop &
HitmanAudio)","Track 12 on album ""Top"" & has a lyric video.",03:04,"Sep 11, 2020",Album Track,,
Top,"Big Bankroll
(Prod.by ???)","Track 13 on album ""Top"" & has a lyric video.
Recorded in early 2020.",03:02,"Sep 11, 2020",Album Track,,
Top,"Boom
(Prod.by ???)","Track 14 on album ""Top"" & has a lyric video.",02:28,"Sep 11, 2020",Album Track,,
Top,"Reapers Child
(Prod.by ???)","Track 15 on album ""Top"" & has a lyric video.
Recorded in early 2020.",03:24,"Sep 11, 2020",Album Track,,
Top,"To My Lowest 🔝
(Prod.by Dzimi & DrellOnTheTrack)","Track 19 on album ""Top"" & has a lyric video.
Recorded in August 2020.",03:05,"Sep 11, 2020",Album Track,,https://youtu.be/1BZb6hisSV4?si=YiM1No3y-JTu2X7F
Top,"Peace Hardly
(Prod.by Humblebee, Neeko Baby & jetsonmade)","Track 20 on album ""Top"". Has a music video which was released a day
after the release of ""Top"" and has a lyric video. Recorded in August 2020.",02:42,"Sep 11, 2020",Album Track,,
Until I Return,"NBA OG 3Three - 3 Shit [V2] (Ft.)
(Prod.by ???)","Track 1 on OG 3Three's mixtape ""The Appetizer"".
Recorded in early 2020.",02:08,"Oct 2, 2020",Feature,,"https://www.youtube.com/watch?v=dUrtrqir0r4
https://open.spotify.com/track/7a6LGSMvy0tbOVqGHdtS0c?si=881beb6571c5497c"
Until I Return,"Rich The Kid & NBA YoungBoy - Bankroll 🔝
(Prod.by Budda Beats)","Lead single & track 4 on the Rich The Kid collaboration
mixtape ""Nobody Safe"". Has a music video which
was uploaded to YouTube on November 11th, 2020.
The lyric video was uploaded to YouTube on December 7th, 2018.",02:47,"Oct 16, 2020",Single,,"https://open.spotify.com/track/4mnRt6k3hlMTYAKnk71Mrm?si=13cfcc2c60264273
https://music.apple.com/us/album/bankroll-single/1535411569
https://youtu.be/tMh0lACbaWs"
Until I Return,"The Story of O.J. (Top Version)
(Prod.by No I.D.)","Samples Jay-Z’s big hit ""The Story of O.J."". Previewed on an
Instagram story by friend Jiggaboo and has a music video.
Diss towards The Shade Room and label United Masters.",04:19,"Oct 21, 2020",Single,,
Until I Return,"Never Broke Again - Ryte Night [V2] (Ft.)
(Prod.by TayTayMadeIt)","Track 4 on the NeverBrokeAgain LLC's mixtape ""Never Broke Again Vol.1:
Ain't Too Long 2"". Recorded in early September 2020.",02:22,"Oct 25, 2020",Album Track,,https://youtu.be/rGW6ujArMMo?si=xoS9ESICYZoWmk1E
Until I Return,"Never Broke Again - Win You Over (Ft.)
(Prod.by Haze, JContheBeat & Zuus)","Track 13 on the NeverBrokeAgain LLC's mixtape
""Never Broke Again Vol.1: Ain't Too Long 2"".",03:20,"Oct 25, 2020",Album Track,,https://www.youtube.com/watch?v=tb4vxkb5y1Y
Until I Return,"Mike WiLL Made-It - What That Speed
Bout?! (Ft. Nicki Minaj & NBA YoungBoy) 🔝
(Prod.by CuBeatz, 30 Roc & Mike WiLL Made-It)","First single from producer Mike WiLL Made-It’s third studio album.
Teased in a July 2020 Twitter post. Later, in August 2020, Mike WiLL Made-It
previewed the song during an Instagram live. Months after, Nicki Minaj
announced the track’s November 2020 release via Instagram.
The song has a music video and YB's vocals were recorded in January 2019.
The instumental was released on Apple Music on November 6th, 2020.",02:51,"Nov 6, 2020",Single,,https://open.spotify.com/track/5iZ5wjTTxSIv8Cfrhj6Jla?si=93ec691bedb64208
Until I Return,"The Kid LAROI - TRAGIC [V4] (Ft. Internet
Money & NBA YoungBoy) 🔝 (I Would),
(Prod.by Cxdy, Nico Baran & Taz Taylor)","Track 16 on The Kid LAROI's album
""F*CK LOVE 3: OVER YOU (DELUXE)"". Has a music video
which was uploaded to YouTube on December 28th, 2020.
Previewed many times by Laroi and recorded in early September 2020,
then remastered in late October 2020",02:30,"Nov 6, 2020",Feature,,https://youtu.be/aFcWr74pW9c
Until I Return,"Whitey Bulger
(Prod.by Jonnie Hope, Mike Laury & Dubba-AA)","Opening track on mixtape ""Until I Return"" & has a
music video which was deleted quickly after release.
In the song he compares himself to crime boss, rabid
murderer & FBI informant Whitey Bulger.",03:37,"Nov 11, 2020",Album Track,,https://youtu.be/JX_0tARgoT8?si=oNCWj6IEraX9vSKW
Until I Return,"Around
(Prod.by TayTayMadeIt)","Track 2 on mixtape ""Until I Return"" and has a music video.
Previewed hours before on a possessed Instagram story.",02:37,"Nov 11, 2020",Album Track,,
Until I Return,"Chopper City
(Prod.by HitmanAudio, India Got Them Beats &
TayTayMadeIt)","Track 3 on mixtape ""Until I Return"" & has an unreleased music
video which was seized by the feds after an October 2020 arrest.
Previewed on Triller and recorded in September 2020.",02:32,"Nov 11, 2020",Album Track,,https://youtu.be/h7EECVNTGyI?si=CzRjCjvOS_tLRMsX
Until I Return,"Toxic
(Prod.by Bak, Frankie Bash, ABONTHEBEAT &
JULiA LEWiS)","Track 4 on mixtape ""Until I Return"".
Previewed on Instagram live by YB.",03:19,"Nov 11, 2020",Album Track,,https://youtu.be/ZaLyK9VN3ec?si=T4A3r0L4eZABnmU_
Until I Return,"Casket Fresh
(Prod.by Paul Cabbin & Murda Beatz)","Track 5 on mixtape ""Until I Return"".
Previewed on Instagram live by YB.",02:34,"Nov 11, 2020",Album Track,,https://www.youtube.com/watch?v=2pIIj8CnlHQ
Until I Return,"Off 1Tenth
(Prod.by Mook On The Beats & PlayboyXO)","Track 9 on mixtape ""Until I Return"". In 2021 rapper JayDaYoungan
would remix the song as a diss towards YB called ""38K"".",02:08,"Nov 11, 2020",Album Track,,https://www.youtube.com/watch?v=NjAz4H3HhUc
Until I Return,"Thrasher
(Prod.by Haze, Bans & Jason Goldberg)","Track 10 on mixtape ""Until I Return"" and has a music video
which was uploaded to YouTube on November 14th, 2020.",02:48,"Nov 11, 2020",Album Track,,
Until I Return,"2 Chainz - Save Myself (Ft.)
(Prod.by 2 Chainz, Rance, Brody Brown, P-Nasty,
30 Roc & Mike WiLL Made-It)","Track 3 on 2 Chainz's mixtape ""So Help Me God!"".
Recorded in summer 2018.",03:25,"Nov 13, 2020",Feature,,https://youtu.be/AKiC2mm8eVE?si=3gVYyq1x-IM3z7iT
Until I Return,"Emotional Torn 🔝
(Prod.by Jack LoMastro, David Morse,
Mike Wavvs & Wallis Lane)","Track 13 on mixtape ""Until I Return"".",03:01,"Nov 13, 2020",Album Track,,https://www.youtube.com/watch?v=sOPga56PuEc
Until I Return,"Top Say
(Prod.by Jerome Malfliet, Brxtn & KiddFreddo)","Track 15 on mixtape ""Until I Return"" Previewed on Instagram live in
May and on a September 2020 Instagram story. Recorded in May 2020.
The song is a Kevin Gates & JayDaYoungan diss.",01:48,"Nov 13, 2020",Album Track,,https://www.youtube.com/watch?v=Y2uzPIxGvfw
Nobody Safe,"Rich The Kid & NBA YoungBoy - Nobody
Safe (Prod.by Painkid)","Track 1 on collab mixtape ""Nobody Safe"". Has a visualizer and an
unreleased music video. Recorded in June 2020 and previewed on
Instagram live by Rich The Kid.",02:20,"Nov 20, 2020",Album Track,,https://www.youtube.com/watch?v=M3aK3wLmmTk
Nobody Safe,"Rich The Kid & NBA YoungBoy - No Flash
(Prod.by CHASETHEMONEY & Wheezy)","Track 2 on collab mixtape ""Nobody Safe"". Has a visualizer.
Leaked in late January 2020.",02:22,"Nov 20, 2020",Album Track,,https://youtu.be/mdvWIQ6aTvg?si=fvw26MV2y04tbCWp
Nobody Safe,"Rich The Kid & NBA YoungBoy - You Bad
(Prod.by Lacoste James, Wonder Boy Beats,
Callari & Hagan)","Track 3 on collab mixtape ""Nobody Safe"". Has a visualizer.
Previewed in an Instagram post while it was being
recoreded in January 2020.",02:21,"Nov 20, 2020",Album Track,,https://youtu.be/Yi5iSBJfWK4?si=zZRcCsdGNCf3Y687
Nobody Safe,"Rich The Kid & NBA YoungBoy - Automatic
(Prod.by TrePounds & DY Krazy)","Track 5 on collab mixtape ""Nobody Safe"". Has a visualizer and a
music video which was premiered to YouTube on November 23rd, 2020.
The music video was also teased a month earlier in a trailer.
The lyric video was uploaded to YouTube on December 7th, 2020.",02:35,"Nov 20, 2020",Album Track,,https://open.spotify.com/track/5JXAFhn7cDrXevv7OHyUoo?si=d9016d30fc72453b
Nobody Safe,"Rich The Kid & NBA YoungBoy - So Sorry
(Prod.by MONEYEVERY, Hurtboy AG & Callari)","Track 6 on collab mixtape ""Nobody Safe"". Has a visualizer.
Leaked in June 2020. The lyric video was uploaded to
YouTube on December 7th, 2020.",01:55,"Nov 20, 2020",Album Track,,https://youtu.be/izrxeIgU5b8?si=pCRYjYNk3rlF6Ech
Nobody Safe,"Rich The Kid & NBA YoungBoy - Sex 🐟
(Prod.by PVLACE, Gunboi 12Hunna & DY Krazy)","Track 7 on collab mixtape ""Nobody Safe"". Has a visualizer.
Leaked in July 2020. The lyric video was uploaded to
YouTube on December 7th, 2020.",02:05,"Nov 20, 2020",Album Track,,https://youtu.be/gvPf2j1Tc9Y?si=PkT2kTxq6HxrxrJN
Nobody Safe,"Rich The Kid & NBA YoungBoy - Doors Up
(Prod.by Dez Wright & CashMoneyAP)","Track 8 on collab mixtape ""Nobody Safe"". Has a visualizer.
Leaked in October 2020. The lyric video was uploaded to
YouTube on December 7th, 2020.",02:52,"Nov 20, 2020",Album Track,,"https://youtu.be/QS-KoL-MH_Q?si=IJCTbcWWqcV6hXXc
https://youtu.be/TtjxstxTbz8?si=E4SfW3MsWnMhdZhz"
Nobody Safe,"Rich The Kid & NBA YoungBoy - Woke Up
(Smoke Zone), (Prod.by ManOhManFoster &
Murda Beatz)","Track 9 on collab mixtape ""Nobody Safe"". Has a visualizer.
Leaked in June 2020. The lyric video was uploaded to YouTube
on December 7th, 2020.",02:44,"Nov 20, 2020",Album Track,,https://youtu.be/ao3HF72t1Gc?si=r86mU2BCp6gA1tvZ
Nobody Safe,"Rich The Kid & NBA YoungBoy - Rings On
(Prod.by Dior & Guwap$ Of Beat Execz)","Track 10 on collab mixtape ""Nobody Safe"". Has a visualizer and
recorded in 2019. The lyric video was uploaded to
YouTube on December 7th, 2020.",03:05,"Nov 20, 2020",Album Track,,"https://youtu.be/TwbvJExNSpc?si=tKKtWru4VPdF2HZ9
https://youtu.be/TcHT0qzNJu4?si=fTJyMggIhdTROEqy"
Nobody Safe,"Rich The Kid & YoungBoy Never Broke
Again - Took A Risk (Ft. Quando Rondo)
(Prod.by Pliznaya & Johnny Dutra)","Track 11 on collab mixtape ""Nobody Safe"".
Leaked in November 2020. The lyric video was uploaded to
YouTube on December 7th, 2020.",02:45,"Nov 20, 2020",Album Track,,https://youtu.be/ZmwofGbqxcY?si=eEzdI9_lBSnW2Gr8
Nobody Safe,"Rich The Kid & NBA YoungBoy - Body Bag
[V2] (Ft. Lil Wayne) (Prod.by Dremusiq,
Louie Bandz & Dubba-AA)","Track 12 on collab mixtape ""Nobody Safe"". Has a visualizer.
Previewed on Instagram live by Rich & YB.
The lyric video was uploaded to YouTube on December 7th, 2020.",02:29,"Nov 20, 2020",Album Track,,https://youtu.be/ZmwofGbqxcY?si=eEzdI9_lBSnW2Gr8
Nobody Safe,"Rich The Kid & NBA YoungBoy - Sorry
Momma [V2] (Ft. Rod Wave)
(Prod.by Mook On The Beats & CashMoneyAP)","Track 13 on collab mixtape ""Nobody Safe"". A shorter version without
Rod Wave's verse leaked on June 29th, 2020. The lyric video
was uploaded to YouTube on December 7th, 2020.",03:52,"Nov 20, 2020",Album Track,,"https://youtu.be/XAYpa0AEGeI
https://youtu.be/Z3lyueDifJk?si=kXMzJoR4PPWEYbJK"
Nobody Safe,"Rich The Kid & NBA YoungBoy - Brown
Hair (Prod.by LukasBL, YenEuroDollar,
Louie Bandz & Dubba-AA)","Track 14 on collab mixtape ""Nobody Safe"". The lyric video was uploaded
to YouTube on December 7th, 2020. Recorded in June 2020, previewed on
Instagram live by Rich & YB.",03:10,"Nov 20, 2020",Album Track,,https://youtu.be/VNWfCtaceKg?si=xl3iTkgtUnNOT89Z
Nobody Safe,"Rich The Kid & NBA YoungBoy - Can't Let
The World In (Prod.by BJ Beatz & 12Hunna)","Track 15 on collab mixtape ""Nobody Safe"". Has a music video which
was teased on Instagram in early July 2020. Previewed on
 live with ""Body Bag"". The lyric video (visualizer) was uploaded
to YouTube on December 7th, 2020.",02:27,"Nov 20, 2020",Album Track,,"https://youtu.be/1XnlhEmEF9k
https://youtu.be/kNtG0fvgXG4?si=UTuS6GcTxuY2WPM8"
"Sincerely, Kentrell [V2]","How I Been 🔝
(Prod.by JB Sauced Up, RellyMade & TnTXD)","Has a music video and certified gold by the RIAA on August 4th, 2022.
The song is YB telling his fans how he has been since he deactivated
his social media. He also addresses a girlfriend who lied about
being pregnant. Released on Apple Music on December 17th, 2020.",02:58,"Dec 7, 2020",Single,,https://music.apple.com/us/album/how-i-been-single/1544845458
"Sincerely, Kentrell [V2]","Green Dot 🔝
(Prod.by Dzimi & TnTXD)","Has a music video and previewed on an Instagram story.
Certified gold by the RIAA on August 4th, 2022.",03:06,"Dec 8, 2020",Single,,
"Sincerely, Kentrell [V2]","French Montana - So Real [V2] (Ft.)
(Water Down Windows / Depression Is So Real),
(Prod.by Vadebeatz)","Has an animated music video which was uploaded to YouTube by
WORLDSTARHIPHOP. Leaked in summer 2020. A second animated video
was uploaded to YouTube by French Montanta two days later.",02:37,"Dec 8, 2020",Feature,,
"Sincerely, Kentrell [V2]","It Ain't Over (Interlude) 🔝
(Prod.by Karltin Bankz, LondnBlue, Dmac & TnTXD)","Has a music video and was a scrapped interlude
from album ""Sincerely, Kentrell"".",02:38,"Dec 18, 2020",Single,,
"Sincerely, Kentrell [V2]","Teflon Mark - Dope Good [V2] (Ft. King
Stevie D., Bigga Rankin & NBA YoungBoy)
(Prod.by D. Kauffman, J. Watson & R.Banks)",Has a visualizer which was uploaded to YouTube by SDA Productions.,03:47,"Dec 19, 2020",Feature,,https://youtu.be/6aKSybXkZGI?si=4u7J3yWZ_HhplUMa
"Sincerely, Kentrell [V2]","Teflon Mark - Dope Good [V3] [Clean]
(Ft. King Stevie D., Bigga Rankin &
NBA YoungBoy) (Prod.by D. Kauffman,
J. Watson & R.Banks)",Has a visualizer which was uploaded to YouTube by SDA Productions.,03:49,"Dec 19, 2020",Feature,,https://youtu.be/gfETQ8B7_xA?si=mfv5kfV2l13wTcd6
"Sincerely, Kentrell [V2]","P Yungin - UP THE GLOCK (Ft.)
(Prod.by ???)","Track 15 on P Yungin's mixtape ""DEMONS EVERYWHERE I GO"".",03:15,"Dec 21, 2020",Feature,,"https://www.youtube.com/watch?v=aWbtbcVNAGo
https://open.spotify.com/track/3rWiSj7Uzbm5Y4V8vDh8je?si=6c1a93ae87264963"
"Sincerely, Kentrell [V2]","Toxic Punk [V2] 🔝
(Prod.by DJ Trebble, Dmac, TnTXD &
Jason Goldberg)","Lead single & track 10 on album ""Sincerely, Kentrell"". Has a lyric video.
Debuted at #48 on the Rolling Stone’s Top 100 Songs Chart during
late September 2021. On February 4, 2022, “Toxic Punk” was
certified gold by the RIAA.",02:06,"Feb 2, 2021",Single,,
"Sincerely, Kentrell [V2]","I Ain't Scared 🔝
(This Feeling / Nawfside Life), (Prod.by Cub$kout &
VenoTheBuilder)",Has a music video and recorded in March 2021.,02:42,"Mar 14, 2021",Single,,
"Sincerely, Kentrell [V2]","DDG & OG Parker - Hood Melody [V2] (Ft.)
(Prod.by Kazi Medina, Jon Milli, LondnBlue,
OG Parker & Smash David)","Track 1 on DDG's mixtape ""Die 4 Respect"" and has a music video
which was premiered to YouTube on June 17th, 2021.
Previewed on Instagram live by DDG and uploaded to YouTube by
Promo Sound. In July 2021, the song would be performed live on
UPROXX Music and in September it was performed live on Genius.
Certified gold by the RIAA on February 22nd, 2023.",03:48,"Mar 19, 2021",Feature,,
"Sincerely, Kentrell [V2]","Goo Glizzy - My Life (Ft.)
(Prod.by Jay Juwle)","Has a music video and previewed during the filming
of it in late January 2021.",03:20,"Mar 22, 2021",Feature,,
"Sincerely, Kentrell [V2]","No Cap - 38 Sides (Ft.)
(38Sides), (Prod.by LuciG & Al Geno)","Released on Spotify on April 4th, 2021. Recorded in June 2020.",03:09,"Mar 25, 2021",Feature,,"https://youtu.be/C5pqQPH-NS4
https://open.spotify.com/track/7zdbph3L2fiexGdn7Hcd3j?si=e6adf2257d784eda"
"Sincerely, Kentrell [V2]","Meechy Baby - Lil Podnah (Ft.)
(My Lil Podnah), (Prod.by JTBeatz & Soulm8)","Uploaded to YouTube by NeverBrokeAgain LLC.
Recorded in March 2021 and previewed in the studio.",03:12,"Mar 25, 2021",Feature,,https://youtu.be/eI9Nrb3vLQE
"Sincerely, Kentrell [V2]","Territorial
(Prod.by Bass Charity, Romano, OG Parker &
Jason Goldberg)",Previewed twice on Instagram by YB.,03:12,"Apr 23, 2021",Single,,"https://music.apple.com/us/song/territorial/1564292279
https://youtu.be/Qk4cZvyGux4"
"Sincerely, Kentrell [V2]","Westside Tut - Spin Again (Ft.)
(Steady [V3]), (Prod.by ???)","YB's verse was from a then unreleased song ""Steady"",
which was recorded in March 2018.",03:03,"May 6, 2021",Feature,,https://youtu.be/7uVOIh4ie6s?si=k69B6pvyO45LmKeY
"Sincerely, Kentrell [V2]","White Teeth
(Prod.by TayTayMadeIt)","Track 20 on album ""Sincerely, Kentrell"" and has a music video
which was premiered to YouTube. The official instrumental was
uploaded to YouTube on September 24th, 2021.",02:54,"May 13, 2021",Single,,
"Sincerely, Kentrell [V2]","NBA KD - Realize [V2] (Ft.)
(Strap On Me / Fault In Me),
(Prod.by CedDidit & CashMoneyAP)","Track 4 on KD's mixtape ""Lost Files 2"". The V1 leaked on
December 9th, 2019. Recorded in early November 2017.
The song has the same instrumental as ""Slow Grind"" by Lil Tjay.",02:34,"May 23, 2021",Feature,,https://open.spotify.com/track/6dXLCkcdQMrtc0QNtZYnLC?si=962205d826694821
"Sincerely, Kentrell [V2]","Culture Jam & Rod Wave &
NBA YoungBoy - Everything Different [V4]
(Prod.by Diego & Mally Mall)","Uploaded to YouTube by DatPiff and a mash up music video
was uploaded to YouTube by Culture Jam a day later.
The song would release on Spotify & Apple Music on May 28th, 2021.",03:15,"May 27, 2021",Single,,"https://open.spotify.com/track/41WFnZg6LOFNnapyT0y2sP?si=2319f146d5924131
https://music.apple.com/us/album/everything-different-single/1567089031
https://youtu.be/3zkdMqjvjxw?si=9JQ4-UdYt1CH12Vy"
"Sincerely, Kentrell [V2]","K3 & Kacey - There Go Dada (Ft.)
(Prod.by MONEYEVERY, Callari & Hurtboy AG)",Song with his sons.,01:59,"Jun 20, 2021",Single,,https://youtu.be/deYU_ejuAJs?si=J_QxTtgriuUhJuiw
"Sincerely, Kentrell [V2]","Tyler The Creator - WUSYNAME [V2]
(Ft. Ty Dolla $ign & NBA YoungBoy) 🔝
(Prod.by ???)","Track 2 on Tyler's album ""CALL ME IF YOU GET LOST"".",02:01,"Jun 25, 2021",Feature,,
"Sincerely, Kentrell [V2]","Nevada [V2]
(Prod.by BJ Beatz)","Track 16 on album ""Sincerely, Kentrell"". Recorded in September 2019.
https://youtu.be/Epzuevu0syg?si=uvSYSOIILYMRxosZ",02:??,"Aug 23, 2021",Single,,
"Sincerely, Kentrell [V2]","Life Support 🔝
(Prod.by Stunner Samples, SMPLGTWY, Ravis,
Smash David & Jason Goldberg)","Track 12 on album ""Sincerely, Kentrell"" and has a music video.
Recorded in late 2020. Certified gold by the RIAA on February 4th 2022.
Debuted at #49 on the Rolling Stone’s Top 100 Songs Chart
on September 16th, 2021.",03:54,"Sep 10, 2021",Single,,
"Sincerely, Kentrell [V2]","Bad Morning 🔝
(At All / Stay The Same / My Life), (Prod.by Lottery,
Mike Laury & Dubba-AA)","Opening track on album ""Sincerely, Kentrell"". Certified gold by
the RIAA on May 13th, 2022. Previewed twice, including on Triller
in October 2020 and recorded on the same month.",03:49,"Sep 24, 2021",Album Track,,https://youtu.be/249kxCTS2os
"Sincerely, Kentrell [V2]","Hold Me Down
(Mark My Words), (Prod.by Smokescreen)","Track 2 on album ""Sincerely, Kentrell"". Recorded in February 2021.",02:58,"Sep 24, 2021",Album Track,,
"Sincerely, Kentrell [V2]","On My Side
(Prod.by ???)","Track 3 on album ""Sincerely, Kentrell"" & has a music video.",02:??,"Sep 24, 2021",Album Track,,
"Sincerely, Kentrell [V2]","Smoke Strong
(Prod.by ???)","Track 4 on album ""Sincerely, Kentrell"". Previewed by YB.",02:??,"Sep 24, 2021",Album Track,,
"Sincerely, Kentrell [V2]","50 Shots
(Mask On / Inna City), (Prod.by Jason Goldberg)","Track 5 on album ""Sincerely, Kentrell"". Has an unreleased music video.
Previewed on Triller by YB and recorded in early 2021.",03:??,"Sep 24, 2021",Album Track,,
"Sincerely, Kentrell [V2]","No Where 🔝
(Prod.by )","Track 6 on album ""Sincerely, Kentrell"".",03:??,"Sep 24, 2021",Album Track,,
"Sincerely, Kentrell [V2]","Sincerely
(Prod.by )","Track 7 on album ""Sincerely, Kentrell"".",03:??,"Sep 24, 2021",Album Track,,
"Sincerely, Kentrell [V2]","I Can't Take It Back [V4]
(Prod.by )","Track 8 on album ""Sincerely, Kentrell"".",03:??,"Sep 24, 2021",Album Track,,
"Sincerely, Kentrell [V2]","Rich Shit
(Prod.by )","Track 9 on album ""Sincerely, Kentrell"". Previewed on Instagram live
with Louie Knows and recorded in January 2021.",02:??,"Sep 24, 2021",Album Track,,
"Sincerely, Kentrell [V2]","My Killa [V2]
(Influence [V2]), (Prod.by Deskhop, Smash David &
Jason Goldberg))","Track 11 on album ""Sincerely, Kentrell"".
Recorded in July 2020.",02:??,"Sep 24, 2021",Album Track,,
"Sincerely, Kentrell [V2]","Break Or Make Me 🔝
(Prod.by ???)","Track 13 on album ""Sincerely, Kentrell"" and has a music video.",03:13,"Sep 24, 2021",Album Track,,
"Sincerely, Kentrell [V2]","Forgiato
(Murder Year), (Prod.by )","Track 14 on album ""Sincerely, Kentrell"". Previewed by Rich Porter
and by YB on Instagram live. Has an unreleased music video.",02:??,"Sep 24, 2021",Album Track,,
"Sincerely, Kentrell [V2]","Baddest Thing
(Six Rings), (Prod.by )","Track 15 on album ""Sincerely, Kentrell"". Previewed on an Instagram 
story and recorded in July 2020.",02:??,"Sep 24, 2021",Album Track,,
"Sincerely, Kentrell [V2]","Level I Want To Reach [V2]
(Prod.by )","Track 17 on album ""Sincerely, Kentrell"". Previewed in an Instagram
story and recorded in late August 2020.",02:??,"Sep 24, 2021",Album Track,,
"Sincerely, Kentrell [V2]","Kickstand
(Prod.by TnTXD)","Track 18 on album ""Sincerely, Kentrell"" & has a music video which
was released on September 29th, 2021. Recorded in August 2020.",01:52,"Sep 24, 2021",Album Track,,
"Sincerely, Kentrell [V2]","All I Need
(Prod.by Rashonn D)","Track 19 on album ""Sincerely, Kentrell"".",02:??,"Sep 24, 2021",Album Track,,
"Sincerely, Kentrell [V2]","Panoramic [V4.2]
(Violence [V4.2] / She Want Diamonds),
(Prod.by Manso, Mike Wavvs, Wallis Lane &
Jason Goldberg)","Track 21 on album ""Sincerely, Kentrell"" and previewed on
an Instagram story by YB. Recorded in July 2020.",02:06,"Sep 24, 2021",Album Track,,https://youtu.be/Jw5iIGFP6c0?si=Vn8vzbi3w6vhBwKs
"Sincerely, Kentrell [V2]","Footstep
(Prod.by ???)","Track 22 on the deluxe of album ""Sincerely, Kentrell"".
Previewed on Triller in early December 2020.",02:??,"Sep 24, 2021",Album Track,,
"Sincerely, Kentrell [V2]","Still Waiting
(Letter From Jail), (Prod.by )","Track 23 on album ""Sincerely, Kentrell"". Recorded through a jail phone.",01:52,"Sep 24, 2021",Album Track,,
"Sincerely, Kentrell [V2]","Panoramic [V4.3] [Clean]
(Violence [V4.3]), (Prod.by Manso, Mike Wavvs,
Wallis Lane & Jason Goldberg)","Track 21 on the clean version of album ""Sincerely, Kentrell"".
Recorded in July 2020.",02:06,"Oct 15, 2021",Album Track,,https://youtu.be/01IkZQrwdB4?si=7IrAMV3F9bp1Tvbn
From The Bayou [V2],"Never Broke Again - Tweet Bird [V4]
(Ft. NBA YoungBoy, Rojay MLP,
Meechy Baby, P Yungin & RJAE)
(Save Me [V4] / POP TALK), (Prod.by Smokescreen,
Palazzo, Jeez Jodi & Jason Goldberg)","Track 4 on label mixtape ""Never Broke Again: The Compilation
Volume One"". YB's vocals were recorded in February 2021.",03:20,"Nov 19, 2021",Album Track,,https://youtu.be/d5aW_6vMjE4?si=kG2tYnZidOT_mznH
From The Bayou [V2],"Never Broke Again - Heading On (Ft.)
(Prod.by Lottery, Mike Laury & Dubba-AA)","Track 7 on label mixtape ""Never Broke Again: The Compilation
Volume One"". Recorded in October 2020.
Previewed twice by cameraman Rich Porter.",03:12,"Nov 19, 2021",Album Track,,https://youtu.be/5xiunfiOP3I?si=PI6nDnbCUFybUidW
From The Bayou [V2],"Safe Then Sorry
(Prod.by AlexBrazy, Hzrd, Bapsxx,
BEATSAINTFREE JG, Hurtboy AG &
Jason Goldberg)","Lead single & track 8 on collab mixtape ""From The Bayou"".
Recorded in November 2021 and was the second song recorded after
he released from jail. Released on Spotify on December 10th, 2021.",02:22,"Nov 23, 2021",Single,,"https://open.spotify.com/track/6whkJtcGdjx56HwFuaoh0G?si=bb4b66294a58498f
https://www.youtube.com/watch?v=SJCLR1BjsTk"
From The Bayou [V2],"Alligator Walk
(Cuttin Up), (Prod.by NOLIMITSHAWN, Lemy &
Jason Goldberg)","Track 5 on collab mixtape ""From The Bayou"" and has a music video
which was combined into the same video with lead mixtape
single ""Heart & Soul"". Previewed on an Instagram live in March 2021.
Released on Spotify on December 10th, 2021.",02:24,"Dec 2, 2021",Single,,https://open.spotify.com/track/50ArnI8yyUIg19armxppXB?si=7bb76890305249b8
From The Bayou [V2],"Black Ball 🔝
(Prod.by Dexter Randall, DaniBoi, Zay Tekken &
Jason Goldberg)","Track 12 on collab mixtape ""From The Bayou"" & has a music video.
Recorded in early December 2021.
Certified gold by the RIAA on June 14th, 2022.",03:03,"Dec 6, 2021",Single,,
From The Bayou [V2],"Birdman & NBA YoungBoy - 100 Rounds
(Prod.by Yakree, 808iden, Timmy Da HitMan &
TnTXD)","Opening track on the collaboration mixtape ""From The Bayou"".
Has a music video & recorded in early 2021.",02:31,"Dec 10, 2021",Album Track,,(Link Needed)
From The Bayou [V2],"Birdman & NBA YoungBoy - We Ride
(Prod.by Drum Dummie)","Track 2 on the collaboration mixtape ""From The Bayou"".
Recorded in early 2021.",03:07,"Dec 10, 2021",Album Track,,https://youtu.be/WdLP9B8YUVQ?si=fOyl8hE23fzFg5ea
From The Bayou [V2],"Young Stunna
(Prod.by 6lement, PhilGotAnother1,
Ain’tShiSweet & Jason Goldberg)","Track 7 on the collaboration mixtape ""From The Bayou"".
A CDQ snippet surfaced in December 6th, 2021.",03:25,"Dec 10, 2021",Album Track,,https://www.youtube.com/watch?v=Vu7sWSyyp5c
From The Bayou [V2],"How Ya Kno
(Prod.by Ghost Town, Afterhxrs, Smokescreen
& Jason Goldberg)","Track 10 on the collaboration mixtape ""From The Bayou"".
Previewed by engineer Jason and recorded in November 2021.",02:51,"Dec 10, 2021",Album Track,,https://www.youtube.com/watch?v=hKKGHvRWnpk
Colors,"Emo Rockstar
(Prod.by Exavis, 12Hunna & DY Krazy)","Lead single, track 15 & bonus track on mixtape ""Colors"".
Has a music video. Song were YB ventures into an experimental
emo-trap style while rapping being a rockstar in face paint.",03:15,"Dec 22, 2021",Single,,(Link Needed)
Colors,"Fish Scale [V2] 🔝
(Prod.by )","Track on mixtape ""Colors"" and has a music video.
The song samples """" by Future & Gucci Mane.",03:??,"Jan 5, 2022",Single,,(Link Needed)
Colors,"Bring The Hook
(Prod.by D-Rok)","Track on mixtape ""Colors"" and has a music video.
Lil Durk & King Von diss.",03:??,"Jan 7, 2022",Album Track,,(Link Needed)
Colors,"DaBaby & NBA YoungBoy - HIT [V2] 🔝
(Prod.by Johnny Juliano, Yung Exclusive,
Blake$ale, Cardo Got Wings & Jason Goldberg)","Track 12 on collaboration mixtape ""BETTER THAN YOU"".
Has a music video which was released on January 26th, 2022.",02:05,"Jan 10, 2022",Single,,https://music.apple.com/us/album/hit-single/1606032497
Colors,"DaBaby & NBA YoungBoy -
Bestie [V2] 🔝
(Prod.by Uzoharbor & KayoTheWizard)","Track 12 on collaboration mixtape ""BETTER THAN YOU"".
Has a music video which was released on March 23rd, 2022.",02:??,"Jan 10, 2022",Single,,(Link Needed)
Colors,"Long Live
(Prod.by )","Track 1 on mixtape ""Colors"".",03:??,"Jan 21, 2022",Album Track,,(Link Needed)
Colors,"Bring It On
(Prod.by skeeo!, Berge.af, Lastwordbeats & D-Rok)","Track 2 on mixtape ""Colors"" and has a music video.
Debuted and peaked at #60 on the Billboard Hot 100 for the
chart week ending February 5, 2022.",04:15,"Jan 21, 2022",Album Track,,(Link Needed)
Colors,"No Switch 🔝
(Prod.by Tayo, GorillaOnThaTrack BboyBeatz &
Jason Goldberg)","Track 3 on mixtape ""Colors"" and has a music video.
Lil Durk & King Von diss. Certified gold by the RIAA on June 9th, 2023.
Debuted and peaked at #58 on the Billboard Hot 100 for the
chart week ending February 5, 2022.",03:13,"Jan 21, 2022",Album Track,,(Link Needed)
Colors,"Smoke One
(Prod.by )","Track 4 on mixtape ""Colors"".",03:??,"Jan 21, 2022",Album Track,,(Link Needed)
Colors,"2Hoo [V2]
(Two [V2]), (Prod.by )","Track 5 on mixtape ""Colors"" and was previewed on Triller by YB.
Recorded in December 2021.",02:??,"Jan 21, 2022",Album Track,,(Link Needed)
Colors,"DC Marvel
(Prod.by )","Track 6 on mixtape ""Colors"".",02:57,"Jan 21, 2022",Album Track,,(Link Needed)
BETTER THAN YOU,"Never Broke Again - Pull Up Actin [V2]
(Ft. P Yungin & NBA YoungBoy)
(COFFINS [V2]), (Prod.by DJ Trebble)","Lead single and track on label mixtape ""Green Flag Activity"".
Has a music video which was the first to be recorded after
his 2021 release from jail.",02:24,"Feb 1, 2022",Album Track,,https://music.apple.com/us/song/pull-up-actin/1615692890
BETTER THAN YOU,"2 Chainz - 10 Bracelets (Ft.)
(Prod.by ???)",,02:??,"Feb 2, 2022",Feature,,
BETTER THAN YOU,"Superbowl [V2]
(Confession), (Prod.by ???)","In the description of the YouTube audio
YB teased an earlier release of mixtape ""Realer 2"".",03:18,"Feb 13, 2022",Single,,https://music.apple.com/us/album/superbowl-single/1612039980
BETTER THAN YOU,"WNC Whop Bezzy - Pp Loan [V2]
(Prod.by ???)",https://youtu.be/Wz8_gG_Cuz8?si=tnht0g520LBznbFF,02:??,"Feb 20, 2022",Feature,,
BETTER THAN YOU,"I Hate YoungBoy
(I Hate YoungBoy_YB_Main),
(Prod.by Horridrunitup, Rellmadedat, K10Beatz &
Jason Goldberg)","Track 30 on album ""The Last Slimeto"" & track 11 on the
""The Last Slimeto"" album sampler. The song is a response to Lil Durk’s
“AHHH HA” diss & was recorded on the same day as its release.
Diss towards the rap industry and rappers; Lil Durk, King Von, Gucci Mane,
Lil Baby, 21 Savage & Lil Boosie. Certified gold by the RIAA on
October 3rd, 2022.",04:21,"Feb 22, 2022",Single,,https://music.apple.com/us/song/i-hate-youngboy/1617171928
BETTER THAN YOU,"DaBaby & NBA YoungBoy -
Neighborhood Superstar [V2]
(Prod.by BeatsByJuko, Leor Shevah &
Jason Goldberg)","Track 11 on collaboration mixtape ""BETTER THAN YOU"".
Third lead single to ""BETTER THAN YOU"".
Has a music video which was released on March 2nd, 2022.",03:55,"Feb 25, 2022",Single,,
The Last Slimeto,"Holy [V2.2]
(26_Holy v2.2_YB_Main), (Prod.by Hurtboy AG,
BEATSAINTFREE JG, Nick Schmidt &
Jason Goldberg)","Track 27 on album ""The Last Slimeto"" and track 8 on the
""The Last Slimeto"" album sampler. Has a music video and
previewed on Instagram live in March 2022.
Originally was track twenty six on ""The Last Slimeto"".",01:57,"Mar 17, 2022",Single,,"https://music.apple.com/us/song/holy/1617171598
https://soundcloud.com/nba-youngboy/youngboy-never-broke-822438958"
The Last Slimeto,"I Got The Bag [V3]
(27_I Got The Bag v3_YB_Main),
(Prod.by ArmoTunez, D-Rok & Jason Goldberg)","Track 28 on album ""The Last Slimeto"" & track 9 on the
""The Last Slimeto"" album sampler. Has a music video.
Released on Apple Music on April 1st, 2022.
Originally was track twenty seven on ""The Last Slimeto"",
The original file surfaced in February 2025.",02:18,"Mar 30, 2022",Single,,https://music.apple.com/us/song/i-got-the-bag/1617171907
The Last Slimeto,"4KT Baby [V2.2]
(20_4KT_Baby_v2.2_YB_Main), (Prod.by Xclusive,
BJondatrakk, Duhvinci, D-Rok & Jason Goldberg)","Track 20 on album ""The Last Slimeto"" and track 1 on the
""The Last Slimeto"" album sampler. Has a music video.
True Bleeda & Real Bleeda diss.",02:17,"Apr 1, 2022",Album Track,,https://music.apple.com/us/song/4kt-baby/1617171576
The Last Slimeto,"Loner Life
(Prod.by ???)","Track on album ""The Last Slimeto"" and track on the
""The Last Slimeto"" album sampler. Has a music video.
Previewed on Instagram live in March 2022.",,"Apr 1, 2022",Album Track,,https://music.apple.com/us/song/loner-life/1617171580
The Last Slimeto,"Wagwan [V2]
(Prod.by ???)","Track on album ""The Last Slimeto"" and track on the
""The Last Slimeto"" album sampler.",02:29,"Apr 1, 2022",Album Track,,https://music.apple.com/us/song/wagwan/1617171589
The Last Slimeto,"See Me Now [V2]
(SEE ME [V2]), (Prod.by BrandoBeatz)",Has a music video.,02:30,"May 14, 2022",Single,,
The Last Slimeto,"Proud Of Myself [V2] 🔝
(Prod.by Bans)",Has a music video.,03:16,"May 23, 2022",Single,,
The Last Slimeto,"Goals
(Prod.by ???)","Has a music video. After the release of the music video, fans were
able to figure out the exact location of his Salt Lake City home.",02:20,"May 29, 2022",Single,,
The Last Slimeto,"Lil Nas X & NBA YoungBoy - Late To Da
Party (F*CK BET) [V2] (Fuck BET),
(Prod.by Lil Nas X, Roy Lenzo, Russ Chell,
Take a Daytrip & Jason Goldberg)","On June 7, 2022, Lil Nas X shared a snippet of the song on Twitter,
this came after he was snubbed on the 2022 BET Awards,
which he addresses in the lyrics. Later that day, he previewed
another snippet through TikTok. On June 23, 2022, just a day
before the song’s release, Lil Nas X released the official song trailer.
The song has a music video and a behind the scenes video.
Recorded in March 2022. BET Awards diss.",02:??,"Jun 24, 2022",Single,,
The Last Slimeto,"Stunna 4 Vegas - In my bag (Ft.)
(Murder Team), (Prod.by DJ Lil Sprite)","Recorded in February 2020 and was previewed by
Stunna 4 Vegas on a story & twice on Instagram live in 2020.",02:53,"Jun 28, 2022",Feature,,https://youtu.be/KOVXiyl7pUg?si=Nwu7fxkOtQmoHih3
The Last Slimeto,"Feel Good 🔝
(Prod.by ???)",Has a music video.,02:06,"Jul 2, 2022",Single,,https://soundcloud.com/nba-youngboy/youngboy-never-broke-105773525
The Last Slimeto,"Vette Motors 🔝
(Prod.by Beezo, liltyh, OG Parker, jetsonmade &
Jason Goldberg)","Track on album ""The Last Slimeto"".",02:53,,Single,,https://soundcloud.com/nba-youngboy/youngboy-never-broke-981995480
The Last Slimeto,"I Don't Talk
(Prod.by )","Has a music video which has scenes filmed during his
Los Angeles trial.",03:??,"Jul 18, 2022",Single,,(Link Needed)
The Last Slimeto,"Change
(Prod.by Dmac, Khris James & BJondatrakk)",Has a music video.,03:17,"Jul 25, 2022",Single,,(Link Needed)
The Last Slimeto,"She Want Chanel [V2]
(Prod.by Dmac & TnTXD)",Has a music video.,02:04,"Jul 27, 2022",Single,,
The Last Slimeto,"I Know
(Prod.by ???)","Opening track on album ""The Last Slimeto"". Has a music video.",02:30,"Aug 5, 2022",Album Track,,https://music.apple.com/us/song/i-know/1617170962
The Last Slimeto,"Hold Your Own
(Prod.by ???)","Track 2 on album ""The Last Slimeto"".",03:07,"Aug 5, 2022",Album Track,,"https://music.apple.com/us/song/hold-your-own/1617170965
https://youtu.be/h8Lkyj4lhJU?si=H0hojqGHWIaJmmFN"
The Last Slimeto,"Umm Hmm 🔝
(Prod.by ???)","Track 3 on album ""The Last Slimeto"".",02:13,"Aug 5, 2022",Album Track,,https://music.apple.com/us/song/umm-hmm/1617170966
The Last Slimeto,"Top Sound [V2]
(Prod.by ???)","Track 4 on album ""The Last Slimeto"" and has an
unreleased music video. Recorded in May 2022.",01:41,"Aug 5, 2022",Album Track,,"https://music.apple.com/us/song/top-sound/1617170968
https://soundcloud.com/nba-youngboy/youngboy-never-broke-again-top?si=4dbf37fa6f6b4c3a93cd49266ccffb93&utm_source=clipboard&utm_medium=text&utm_campaign=social_sharing"
The Last Slimeto,"My Time
(Prod.by ???)","Track 5 on album ""The Last Slimeto"".",02:39,"Aug 5, 2022",Album Track,,"https://music.apple.com/us/song/my-time/1617170970
https://youtu.be/Fr7cT1k3wXM?si=eeoRm4rjtaGAhn0S"
The Last Slimeto,"Free Dem 5's
(Prod.by ???)","Track 6 on album ""The Last Slimeto"".",02:49,"Aug 5, 2022",Album Track,,"https://music.apple.com/us/song/free-dem-5s/1617170971
https://youtu.be/Dz0ejyGprQk?si=oHRuhyXroJ1UI4EN"
The Last Slimeto,"Lost Soul Survivor [V2]
(Lost Soul Surviver), (Prod.by Saucey & Bans)","Track 8 on album ""The Last Slimeto"".",02:35,"Aug 5, 2022",Album Track,,"https://music.apple.com/us/song/lost-soul-survivor/1617170973
https://youtu.be/r9SzoRVrtXI?si=IBwB4CCmxnl_dnQ5"
The Last Slimeto,"F**k Da Industry
(Prod.by ???)","Track 9 on album ""The Last Slimeto"". Previewed in February 2022
on YB's first Instagram live from being in jail.",03:01,"Aug 5, 2022",Album Track,,https://music.apple.com/us/song/f-k-da-industry/1617170975
The Last Slimeto,"Swerving
(Prod.by We Love Heavy, Medusa Beats,
K10Beatz, & Jason Goldberg)","Track 11 on album ""The Last Slimeto"". Recorded in March 2022.
The official instrumental was first uploaded to
YouTube on August 5th, 2022.",02:27,"Aug 5, 2022",Album Track,,https://youtu.be/xBdi3MVNORE?si=r1kk7nf_7GNYuYos
The Last Slimeto,"7 Days
(Back On Drank), (Prod.by HitmanAudio,
MarcussMuzik Of Beat Execz & Jason Goldberg)","Track 14 on album ""The Last Slimeto"". Previewed on a late February
Instagram live along with ""Channel 9"" & ""Stay The Same"".
Recorded in early 2021. The official instrumental was uploaded
to YouTube on August 11th, 2022.",02:55,"Aug 5, 2022",Album Track,,"https://music.apple.com/us/song/7-days/1617171224
https://youtu.be/On5MUJSz87o?si=OYhT_hqq1-lhRU3d"
The Last Slimeto,"Digital [V2]
(Prod.by We Love Heavy, Medusa Beats &
K10Beatz)","Track 15 on album ""The Last Slimeto"" and has a music video which
uploaded to YouTube on August 7th, 2022. The song was teased in the
beginning of YB's music video ""I Don't Talk"". Recorded in March 2022.",02:34,"Aug 5, 2022",Album Track,,https://music.apple.com/us/song/digital/1617171226
The Last Slimeto,"Slow Down [V2]
(Eagles Beak To The Streets), (Prod.by Dissan &
D-Rok)","Track 17 on album ""The Last Slimeto"".
Previewed on a May 2022 Instagram live.",02:21,"Aug 5, 2022",Album Track,,https://music.apple.com/us/song/slow-down/1617171244
The Last Slimeto,"Paparazzi [V2]
(Trick Or Treat), Prod.by Kenoe, RellMadeDat &
K4producedit)","Track on compilation mixtape ""More Leaks"". Recorded in June 2022.
The original file leaked on November 2024.",02:28,"Mar 6, 2025",Album Track,,
Realer 2 [V2],"Quando Rondo & NBA YoungBoy -
Give Me A Sign [V2] (Prod.by )","Lead single and track 4 on the Quando Rondo collaboration
mixtape ""3860"". Certified gold on February 11th, 2026.
Recorded in early 2022.",02:48,"Aug 30, 2022",Single,,
Realer 2 [V2],"Purge Me
(Prod.by Amineskkrt, cocobeatszn, FlexOnDaTrack,
TnTXD & Jason Goldberg)","Lead single & track on mixtape ""Realer 2"". Has a music video.",02:34,"Sep 5, 2022",Single,,
Realer 2 [V2],"Put It On Me 🔝
(Prod.by Leor Shevah)","Track 1 on Mixtape ""Realer 2"". The music video was
uploaded to YouTube a day after official release.",02:37,"Sep 6, 2022",Album Track,,
Realer 2 [V2],"Boot Up
(Prod.by ??? & D-Rok)","Track 2 on mixtape ""Realer 2"".",02:25,"Sep 6, 2022",Album Track,,
Realer 2 [V2],"Bloody Night
(Prod.by Skeeo!)","Track 4 on mixtape ""Realer 2"".",02:59,"Sep 6, 2022",Album Track,,https://youtu.be/b5o6wscY9vk?si=AqoR7bz1IpWOCxNN
Realer 2 [V2],"I'm The One [V2]
(Prod.by )","Track on mixtape ""Realer 2""",,"Sep 6, 2022",Album Track,,
Realer 2 [V2],"Fresh Prince Of Utah
(Prod.by )","Track on mixtape ""Realer 2"".",02:46,"Sep 6, 2022",Album Track,,https://youtu.be/aoOE1bB7nwg?si=jcrKCswkpevoKRWk
Realer 2 [V2],"You Knew
(Comeback), (Prod.by )","Track on mixtape ""Realer 2"".",02:41,"Sep 6, 2022",Album Track,,
Realer 2 [V2],"Denthead
(Prod.by )","Track on mixtape ""Realer 2""",02:23,"Sep 6, 2022",Album Track,,
Realer 2 [V2],"Never Lie
(Prod.by )","Track on mixtape ""Realer 2"".",02:19,"Sep 6, 2022",Album Track,,https://youtu.be/rCzHOxAK_U4?si=8_wcPbDmPTvDnTdp
3800 Degrees,"Makonnen - All My Shit Is Stupid [V3] (Ft.)
(BBH), (Prod.by )","Has an animated music video and previewed on an
Instagram story by Makkonen.",02:??,"Sep 7, 2022",Feature,,
3800 Degrees,"Like A Jungle (Outnumbered)
(Prod.by )","Has a music video. The song samples ""Like A Jungle"" by C Murda.",03:31,"Sep 17, 2022",Single,,
3800 Degrees,"P Yungin - Amazing [V2] (Ft.)
(PYungin_AmazingFtYoungBoyNBA_MAIN_
162bpm_08282022), (Prod.by TayTayMadeIt)","Track 5 on P Yungin's album ""DOY"". Recorded on August 28th,
2022 and the original file leaked in 2024.",02:34,"Sep 23, 2022",Feature,,"https://music.apple.com/us/song/amazing-feat-youngboy-never-broke-again/1645389609
https://www.youtube.com/watch?v=WhAyl-7_mgM"
3800 Degrees,"Made Rich
(Prod.by Mike Wavvs, Nico Baran, Wallis Lane &
Jason Goldberg)",Has a music video.,02:01,"Sep 29, 2022",Single,,
3800 Degrees,"Rich Gang - Military (Ft. D-Rok &
NBA YoungBoy) (Prod.by Yetty, Young Nato,
Dom Wise, Rick Anthony, KidsWentGlobal & D-Rok)",Has a music video.,03:23,"Oct 2, 2022",Feature,,
3800 Degrees,"Quavo & Takeoff - To The Bone [V2] (Ft.)
(Bad To The Bone), (Prod.by Sluzyyy, Atake & Larzz)","Track 6 on Quavo's & Takeoff's collaboration mixtape
""Only Built For Infinity Links"". The first visualizer was uploaded
to YouTube by Quavo and the second was uploaded to
YouTube on October 25th, 2022.",04:43,"Oct 7, 2022",Feature,,"https://youtu.be/WMnWL6vtBbY?si=XaoYr_yV1pZXlonM
https://www.youtube.com/watch?v=4ywb2pXRYZI"
3800 Degrees,"Back On My Feet
(Prod.by )","Opening track on mixtape ""3800 Degrees"".",04:??,"Oct 7, 2022",Album Track,,
3800 Degrees,"Won't Step On Me
(Prod.by )","Track 2 on mixtape ""3800 Degrees"".
Certified gold on...",03:36,"Oct 7, 2022",Album Track,,https://youtu.be/ombRuGjN38E?si=JCWoos_1h31yJSmP
3800 Degrees,"Handle One
(Prod.by )",,,,Other,,
3800 Degrees,"Pimpin A Bitch
(Prod.by )",Has an unreleased music video.,,,Other,,
Ma' I Got A Family,"Rain [V1.2]
(Prod.by ???)","Track on mixtape ""Ma' I Got A Family""
Recorded in early 2022.",02:??,"Oct 21, 2022",Album Track,,
Ma' I Got A Family,"All The Problems [V2]
(Prod.by Chief Keef & DP Beats)","Track on mixtape ""Ma' I Got A Family"".
Recorded in early 2022.",02:??,"Oct 21, 2022",Album Track,,
Ma' I Got A Family,"Right Now [V2]
(Prod.by ???)","Track on mixtape ""Ma' I Got A Family"".
Recorded in early 2022.",02:??,"Oct 21, 2022",Album Track,,
Ma' I Got A Family,"Sedated [V2]
(Prod.by ???)","Track on mixtape ""Ma' I Got A Family"".",02:??,"Oct 21, 2022",Album Track,,
Ma' I Got A Family,"Ben Lomond Mountain [V2]
(Brite Nite [V2]), (Prod.by ???)","Track on mixtape ""Ma' I Got A Family"".
Recorded in March 2022.",02:??,"Oct 21, 2022",Album Track,,
Ma' I Got A Family,"Pay Me [V2]
(Prod.by ???)","Track on mixtape ""Ma' I Got A Family"".",,"Oct 21, 2022",Album Track,,https://youtu.be/EjTvA8ZiSV4?is=bfc411qiMl_UA3d9
Ma' I Got A Family,"Sport Mode [V2]
(Prod.by ???)","Track on mixtape ""Ma' I Got A Family"".",02:17,"Oct 21, 2022",Album Track,,https://youtu.be/OVw7hLqRjL0?is=fLgW029l8I0dNdKt
3860,"Quando Rondo - Cream Soda
(Prod.by Kutoff, LMC, Indyah & Flowboyprod)","Track 6 on collaboration mixtape ""3860"" and has a music video.
YB doesn't feature on the song.",03:36,"Oct 26, 2022",Single,,https://youtu.be/c8Ta8JPpDdE?si=E9jxR8JCyqa0PArI
3860,"Hi Haters [V2]
(Prod.by )","Has a music video and recorded in November 2022. One of the songs
from the era were YB tried pushing peace and stopping violence.",03:??,"Nov 22, 2022",Single,,
I Rest My Case,"Black [V4]
(Prod.by Jasiah, Powers Pleasant & Ko Krazy)","Track 2 on the album ""I Rest My Case"" and has a music video.",02:08,"Jan 6, 2023",Album Track,,
Don't Try This At Home,"Yeat - Shmunk [V3] (Ft.)
(Prod.by ???)","Track on Yeat's mixtape  """".",03:49,"Jan 21, 2023",Feature,,
Don't Try This At Home,"NEXT
(Prod.by )","Was supposed to be a lead single to album
""Don't Try This At Home"" and has a music video.",03:20,"Feb 27, 2023",Single,,
Don't Try This At Home,"Zayel & NBA YoungBoy - Members Only
[V2] (RICH MEMBERS), (Prod.by )",Has a music video and recorded in 2022.,02:??,,Single,,https://music.apple.com/us/album/members-only-single/1688408186
Don't Try This At Home,"Demon Party [V2.2]
(Lost Friends), (Prod.by Produced By Rocky,
ProdVectro & Dissan)","Images of an alternative music video were shown on Instagram
before it released with a different video in February 2023.",02:??,,Single,,
Don't Try This At Home,"Big Truck 🔝
(Prod.by )","Opening track on album ""Don't Try This At Home"". Has a music
video and previewed on an Instagram story in March 2023.
Ex-girlfriend Jania diss.",02:44,"Apr 21, 2023",Single,,https://soundcloud.com/nba-youngboy/youngboy-never-broke-again-big
Don't Try This At Home,"By Myself [V?]
(BY MYSELF), (Prod.by )","Track on album ""Don't Try This At Home"".
Recorded and previewed on Instagram live in February 2022.",02:??,"Apr 21, 2023",Album Track,,
Don't Try This At Home,"Banging My Line [V2]
(Prod.by )","Track on album ""Don't Try This At Home"".
Recorded in 2022.",02:??,"Apr 21, 2023",Album Track,,
Don't Try This At Home,"1.5 [V2]
(TRY TO HELP ME), (Prod.by Simo Fre)","Track on album ""Don't Try This At Home"".
Recorded in April 2023 and a Blvrd Quick diss.",02:??,"Apr 21, 2023",Album Track,,
Don't Try This At Home,"Cold Killers [V2]
(Prod.by )","Track on album ""Don't Try This At Home"". Recorded in 2022.",02:??,"Apr 21, 2023",Album Track,,
Don't Try This At Home,"Grave Digga [V4]
(Grave Digger / Stolen Rods), (Prod.by )","Track on album ""Don't Try This At Home"". Recorded in May 2022
and previewed on Instagram live in September 2022.",03:??,"Apr 21, 2023",Album Track,,
Don't Try This At Home,"Spin & Ben'n
(Murda Type), (Prod.by ProdLucent &
TimmyDaHitman)","Track on album ""Don't Try This At Home"". Recorded in December 2022 &
previewed on Instagram post by Khris James and YB.",02:??,"Apr 21, 2023",Album Track,,
Don't Try This At Home,"Cemetery Lifestyle [V2]
(Bloody Steppers [V2]), (Prod.by )","Track on album ""Don't Try This At Home"". Previous grail in comm.
Recorded in June 2020 and previewed on an Instagram story.",02:??,"Apr 21, 2023",Album Track,,
Don't Try This At Home,"Don't Leave [V2.2]
(Prod.by )","Track on album ""Don't Try This At Home"".
Recorded in early 2023.",02:??,"Apr 21, 2023",Album Track,,
Richest Opp,"Free Meechy [V2]
(GREEN FLAGZ [V2]), (Prod.by Khris James,
Berge.af, Lastwordbeats D-Rok &
Jason Goldberg)","Track 7 on mixtape ""Richest Opp"".
Previewed on an Instagram story were YB was partially seen
performing the song, recorded in early February 2022.",,,Album Track,,(Link Needed)
Richest Opp,"Channel 9
(Peace of Mind), (Prod.by Kenoe, Rashonn D &
TayTayMadeIt)","Track 16 on mixtape ""Richest Opp"". Previewed on a February
Instagram live and on multiple stories in 2021.",02:53,"May 12, 2023",Album Track,,https://youtu.be/IPvCbaR75UM
Decided 2,"Fast & Furious X - Won't Back Down (Ft.
Dermont Kennedy & Bailey Zimmerman &
NBA YoungBoy) (Prod.by ???)",Fast & Furious X soundtrack and has a music video.,02:43,"May 18, 2023",Feature,,
Decided 2,"Lil Tjay - Project Walls [V3] (Ft.)
(Prod.by )","Track on Lil Tjay's album ""222"".",02:31,,Feature,,
Decided 2,"BK The Rula - Crazy Girl [V2.4] (Ft.)
(Prod.by )","Has a music video and remix of BK The Rula's ""Crazy Girl"".",02:??,"Aug 23, 2023",Feature,,
Decided 2,"Testimony [V1]
(Prod.by ???)","Has a music video. A newer version was allegedly a track
on the original ""I Just Got A Lot On My Shoulders"".",,"Sep 12, 2023",Single,,
Decided 2,"Heard of Me
(Prod.by ???)",Has a music video.,,"Sep 16, 2023",Single,,
Decided 2,"Return of Goldie [V2.9]
(Return of Goldie v2.9_YB_MAIN_24Bit2),
(Prod.by ???)","Has a music video. Allegedly was supposed to be a track
on the original ""I Just Got A Lot On My Shoulders"".",03:09,"Oct 31, 2023",Single,,
Decided 2,"Guapi
(Prod.by ???)","Track on mixtape ""Decided 2"". Has a music video.",03:10,"Nov 8, 2023",Single,,
Decided 2,"Free Sex
(Bad Choice / K2 Got Me Started), (Prod.by ???)","Recorded in June 2023.
https://www.instagram.com/reel/Ctw5Ve6M2Xf/?igsh=MXFrd2R2MDJoYjN1eg==
https://www.instagram.com/reel/Ct2k90DK38D/?igsh=cjNsa2NzcnE3d3Fv",,,Album Track,,
Decided 2,"Bigger & Better
(Prod.by )",https://www.reddit.com/r/NBAYoungboy/comments/1hhymn8/bigger_and_better/?utm_source=share&utm_medium=web3x&utm_name=web3xcss&utm_term=1&utm_content=share_button,,"Nov 10, 2023",Album Track,,
Decided 2,"Guitar Hero [V4.3]
(Prod.by )","Track on mixtape ""Decided 2"".
The original version was recorded in November 2022.",,"Nov 10, 2023",Album Track,,
Decided 2,"Hey Hey [V2]
(Prod.by )",,,,Other,,
Decided 2,"Letter To The North [V2]
(Strictly Drama) (Prod.by )",,,,Other,,
Decided 2,"Demon Seed [V1.2]
(Demon Seed 2 / Hating Shit / Come See),
(Prod.by JB Sauced Up & $hop With Ken)","Track 15 on compilation mixtape ""More Leaks"". Recorded in June 2023.
The original file leaked in December 2024 by a groupbuy.
Previewed on an Instagram post and in leaked vlogs.",03:09,"Mar 6, 2025",Album Track,,https://youtu.be/XRIM9L3rxuM?is=rwFGf_vEP7FYQgsp
Decided 2,"Take Me Slow [V2]
(Prod.by )","Track on compilation mixtape ""More Leaks"". Scenes from the
unreleased music video were teased in label NeverBrokeAgain's
2023 Instagram story and was uploaded to YouTube on
March 13th, 2025.",03:27,"Mar 6, 2025",Album Track,,https://youtu.be/Mx3TfFilE9s?is=yUUpV5aHDB7pxJNj
Decided 2,"Highlights [V4]
(Prod.by )","Track on compilation mixtape ""More Leaks 2"".",03:??,"Jun 26, 2026",Album Track,,
I Just Got A Lot On My Shoulders [V2],"The Kid LAROI - CALL ME INSTEAD [V2]
(Ft. Robert Glasper & NBA YoungBoy)
(Prod.by ???)",,03:17,,Feature,,
I Just Got A Lot On My Shoulders [V2],"Rundown Spaz - First Day Out (Freestyle)
(Youngboy Edition) [V5] (Ft. Rundown
Choppa & NBA YoungBoy)
(Prod.by Loko La’Flare & Rundown Spaz)","The instrumental samples hit song ""POWER"" by Kanye West.
Real Gee Money, Blvrd Quick, Lil Rye, P Yungin, Drake & King Von diss.",03:05,"Nov 24, 2023",Feature,,https://youtu.be/iVEiILN6vtk
I Just Got A Lot On My Shoulders [V2],"Run [V3]
(Prod.by Jay Scalez)",,02:57,"Nov 25, 2023",Single,,https://youtu.be/I7SLwUNpm-E?si=wzvA-Vt-nUQU5Vhl
I Just Got A Lot On My Shoulders [V2],"No Time [V2]
(Prod.by )",Has a music video. Recorded in July 2023.,,"Feb 19, 2024",Single,,
I Just Got A Lot On My Shoulders [V2],"Boat [V3]
(Prod.by James Maddocks, Jarvo & Tahj Money)","The song has a music video and an unreleased
behind the scenes video. Recorded in February 2024.",02:26,"Feb 27, 2024",Single,,
I Just Got A Lot On My Shoulders [V2],"Catch Him [V2] 🐟
(Gangsta Shit), (Prod.by PlayboyXO)",Has a music video.,02:??,"Mar 26, 2024",Single,,
I Just Got A Lot On My Shoulders [V2],"Tears of War [V2]
(Prod.by No I.D.)","Track on mixtape ""I Just Got A Lot On My Shoulders"". The song was
first uploaded to YouTube by DJ Akademiks and samples ""Tears of ""
by Rick Ross. Kodak Black and Birdman diss.",04:??,"May 10, 2024",Single,,
I Just Got A Lot On My Shoulders [V2],"Sean Kingston - Why Oh Why (Ft.)
(Prod.by )","Has a clip made music video which was uploaded
to YouTube by WORLDSTARHIPHOP. Recorded in August 2020.",,"Jun 30, 2024",Feature,,https://open.spotify.com/track/2WCIGoKDaCCtqY4aZqmliQ?si=64c97c3c603345af
I Just Got A Lot On My Shoulders [V2],"Never Broke Again & NBA YoungBoy -
Addict Emotions [V1.3] (RED EYE [V1.3]),
(Prod.by D-Rok)","Has a music video which was uploaded to YouTube by
NeverBrokeAgain LLC. Recorded in February 2024.",02:27,"Jul 26, 2024",Single,,
I Just Got A Lot On My Shoulders [V2],"Never Stopping [V2.2]
(Never Stopping v2.2_YB_Ayo), (Prod.by 4reign,
Ayo Bleu, SAUCEboy & Say Terrelle)","Track 2 on mixtape ""I Just Got A Lot On My Shoulders"".
Has a music video which was teased in a December 2023 Instagram
post & officially released on November 8th, 2024.
Recorded in November 2023. A snippet of the instrumental was posted
to an Instagram story in order to promote the release of ""Decided 2"".
Performed by YB in the unreleased ""Millions of Dollars Worth of Game""
live performance video. Leaked in June 2024, a month later leakers would
manage to hack his YouTube channel and upload the music
video without any promo, this was later deleted by YB's team.",02:42,"Nov 8, 2024",Single,,
I Just Got A Lot On My Shoulders [V2],"Blood On My Soul [V3]
(Prod.by AyoCBass, Decastro & D-Rok)","Has a music video. Lil Durk diss. Private bought from leakers and
leaked on November 5th, 2024.",03:02,,Album Track,,
I Just Got A Lot On My Shoulders [V2],"Jingle Bells [V2]
(Prayers [V2] / How I Live / All Y'all),
(Prod.by Zay Tekken & Berge.af)","Track 3 on compilation mixtape ""More Leaks"" and has
an unreleased music video. Recorded in December 2023 and
the original file leaked in January 2025.",02:56,"Mar 6, 2025",Album Track,,
I Just Got A Lot On My Shoulders [V2],"86 Prayers [V3]
(No Help [V3] / Prayers), (Prod.by BrandoBeatz &
Berge.af)","Track 7 on compilation mixtape ""More Leaks"".",03:??,"Mar 6, 2025",Album Track,,
I Just Got A Lot On My Shoulders [V2],"Of Late [V3]
(Prod.by JB Sauced Up & $hop With Ken)","Track 12 on compilation mixtape ""More Leaks"" and
has an unreleased music video. The instrumental 
samples ""A Heart Is A House For Love"" by The Dells.",02:??,"Mar 6, 2025",Album Track,,
I Just Got A Lot On My Shoulders [V2],"She A Demon [V2] 🐟
(Prod.by Young Kid, 1saused, Simo Fre & D-Rok)","Track 20 on compilation mixtape ""More Leaks"".
Added last minute to ""More Leaks"" as the last song.
Has a music video which was teased onside of ""Cut Throat"" &
the unreleased ""Okay"", privated weeks after its 2025 release.
Recorded in late February 2024.",02:??,"Mar 6, 2025",Album Track,,
I Just Got A Lot On My Shoulders [V2],"Searching For You [V2]
(Prod.by @BNYX)","Track on compilation mixtape ""More Leaks 2"".
Recorded in December 2023, in the same
studio session as ""Missing Everything"".",02:??,"Jun 26, 2026",Album Track,,
Make America Slime Again,"Nanks - No Wrong [V2] (Ft.)
(Prod.by bapop)","Has a music video. The song and video was previewed on
Instagram by Nanks. Recorded in 2022. The CDQ snippet surfaced
in September 2024 and was then private bought from leakers.
Leaked on December 9th, 2024.",02:20,"Dec 11, 2024",Feature,,
Make America Slime Again,"Where I Been
(Prod.by )","Track on album ""Make America Slime Again"" & track on album
sampler ""Make America Slime Again"". Has a music video which was
combined into the same video with ""Shot Callin"".
YB's first song after being released from jail in 2025.",03:??,"May 2, 2025",Single,,
Make America Slime Again,"Shot Callin 🔝
(Prod.by )","Track on album ""Make America Slime Again"" & track on album
sampler ""Make America Slime Again"". Has a music video which was
combined into the same video with ""Where I Been"".
Certified platinum by the RIAA in 2025...",03:??,"May 2, 2025",Single,,
Make America Slime Again,"Finest 🔝
(Prod.by )","Track on album ""Make America Slime Again"" & track on album
sampler ""Make America Slime Again"". Has a music video and
was certified gold by the RIAA.",03:46,"May 21, 2025",Single,,https://youtu.be/XoqyAWcedvM?si=Fw4jRBzIfMOB3UUm
Make America Slime Again,"TOP Tingz
(Prod.by )","Track on album ""Make America Slime Again"" & track 2 on album
sampler ""Make America Slime Again"". Has a music video.",03:36,"May 23, 2025",Single,,
Make America Slime Again,"Diesel
(DIESEL), (Prod.by )","Track 20 on album ""Make America Slime Again"" & track 2 on album
sampler ""Make America Slime Again"". Has a music video which was
combined into the same video with single ""OVER"".",03:??,"Jul 1, 2025",Single,,
Make America Slime Again,"Over [V1]
(OVER), (Prod.by Prodbyhenry8)","Has a music video which was combined into the same video
with album lead single ""Diesel"". Recorded in June 2025.",02:2?,"Jul 1, 2025",Single,,
Make America Slime Again,"Kickboxer [V2]
(Prod.by )","Track 20 on album ""Make America Slime Again"" & track 2 on album
sampler ""Make America Slime Again"". Has a music video
which was released on July 12th, 2025. Recorded in May 2025.",03:34,"Jul 10, 2025",Album Track,,
Make America Slime Again,"Travis Scott - OUTSIDE [V2] (Ft.)
(Prod.by )","Track 15 on the label compilation ""JACKBOYS 2"" by JACKBOYS.",03:03,"Jul 13, 2025",Feature,,"https://youtu.be/rwZMTTsBiEs?si=9-cLiU_G3xPRXm5i
https://music.apple.com/us/song/outside/1826343784"
Make America Slime Again,"So Not Sorry
(Prod.by )","Has a music video which was combined with the other single
""Out The Window"".",02:??,"Jul 19, 2025",Single,,
Make America Slime Again,"Out The Window [V5]
(Prod.by )","Has a music video which was combined with the other single
""So Not Sorry"". Recorded in June 2025.",02:??,"Jul 19, 2025",Single,,
Make America Slime Again,"Fire Your Manager [V3.3] (Ft. Playboi Carti)
(Prod.by KC Da Beatmonster, AYE SHARK! &
Gateway)","Track 5 on album ""Make America Slime Again"".
First official collaboration between Playboi Carti and YoungBoy.",03:53,"Jul 25, 2025",Album Track,,https://youtu.be/_WPkAWuTIUU
Make America Slime Again,"Wine & Dine
(Prod.by )",,,,Other,,
Make America Slime Again,"Games Of War
(Prod.by )",,,,Other,,
Make America Slime Again,"Lo
(Prod.by )",,,,Other,,
Make America Slime Again,"Ganja [V2]
(Prod.by Fatboi Beats & Jason Goldberg)","Track 1 on compilation mixtape ""More Leaks 2"".
Different mix than the original and recorded in June 2025.",02:??,"Jun 26, 2026",Album Track,,
Make America Slime Again,"Over [V2]
(Prod.by ProdByNizo, prodbyrichh_, Henry8 &
Juppybeats)","Track 2 on compilation mixtape ""More Leaks 2"".
Version with a different mix and recorded in June 2025.",02:27,"Jun 26, 2026",Album Track,,
Make America Slime Again,"Calling From Rio [V2]
(Prod.by Sam Barsh & Jason Goldberg)","Track 12 on compilation mixtape ""More Leaks 2"".
Version with a different mix and recorded in June 2025.",03:??,"Jun 26, 2026",Album Track,,
Make America Slime Again,"Hold It [V2]
(Prod.by Henry8, Barragini & Simo Fre)","Track 13 on compilation mixtape ""More Leaks 2"".
Different mix, random censored lyrics and effects compared to the
original version. Recorded in May 2025.",,"Jun 26, 2026",Album Track,,
Make America Slime Again,"With It [V2]
(Prod.by )","Track on compilation mixtape ""More Leaks 2"".
Different mix than the original and recorded in May 2025.",03:??,"Jun 26, 2026",Album Track,,
Make America Slime Again,"On A Jet [V2]
(Prod.by )","Track on compilation mixtape ""More Leaks 2"".
Version with a different mix and recorded in May 2025.",03:??,"Jun 26, 2026",Album Track,,
Make America Slime Again,"Green Boy [V2]
(Prod.by )","Track on compilation mixtape ""More Leaks 2"".
Different mix than the original and recorded in May 2025.",02:05,"Jun 26, 2026",Album Track,,
DESHAWN,"Free Vea
(Prod.by Medusa Beats)",Recorded in August 2025.,,,Other,,
DESHAWN,"Trap Out (w/ Kevin Gates)
(Prod.by )",,,,Other,,
DESHAWN,"By The Gate
(Prod.by )",,,,Other,,
DESHAWN,"Lord Forgive Me
(Prod.by )",,,,Other,,
DESHAWN,"This Month Confessions
(Prod.by )",,,,Other,,
Slime Cry,"Kevin Gates - I Am [V4] (Ft.)
(Prod.by Comet, BJondatrakk, G06 Beatz, D-Rok)","Track 13 on Kevin Gates' album ""Luca Brasi 4"".",02:35,"Aug 13, 2025",Feature,,https://www.youtube.com/watch?v=CAe8-tyUrZA
Slime Cry,"I Forgive Them
(Prod.by )","Track 8 on compilation mixtape ""More Leaks 2"" & has a music video.",03:45,"Aug 31, 2025",Single,,
Slime Cry,"NUSSIE FREESTYLE
(Nussie), (Prod.by RedOnDaTrack, FatBoiBeatz,
BrandoBeatz & JasonGoldberg)","Track 7 on compilation mixtape ""More Leaks 2"".
Previewed while the music video was being filmed in New Orleans.
Recorded in August 2025. Song about respected community helper
Chris Jackson ""Nussie"" who died after beefing either rapper Boosie.",02:22,"Sep 1, 2025",Single,,
Slime Cry,"Jas Von & NBA YoungBoy - Gettin' Older
[V2] (It Ain't Over), (Prod.by Gian Stone,
Nolie (Country) & Bonnie Dymond)","Has a music video which was uploaded to YouTube on
September 30th, 2025 by Jas Von. A CDQ snippet surfaced in
late August 2025 and the song would later get previewed by Jas Von
on an Instagram story. Recorded in May 2025.",02:47,"Sep 5, 2025",Feature,,https://open.spotify.com/track/4HBeFgbY9VV7UuMltmCIw0?si=7daf206fcbae4530
Slime Cry,"Mellow Rackz & NBA YoungBoy - What You
Is 🔝 (Baby Boo), (Prod.by choppyonthebeat,
Juppy, BlokkOnDa808's & BrandoBeatz)","The music video was uploaded to YouTube
by his label NeverBrokeAgain LLC.
Released on Spotify on September 26th, 2025.",03:46,"Sep 9, 2025",Single,,"https://music.apple.com/us/album/what-you-is-single/1842189534
https://youtu.be/5p29VznFXhg?si=wF3HobbvZUanqtik"
Slime Cry,"Shark
(Prod.by 8 MAJOR & 30 Roc)","Track 3 on compilation mixtape ""More Leaks 2"".
Has a music video.",02:51,"Sep 9, 2025",Single,,
Slime Cry,"Toosii & NBA YoungBoy - Please Don't Go
[V2] (Prod.by )","Has a music video which was uploaded to YouTube on
November 11th, 2025 by Toosii. Recorded in May 2025.",03:30,"Sep 26, 2025",Single,,"https://music.apple.com/us/album/please-dont-go-single/1840689541
https://open.spotify.com/track/7nsWoHHE91adsaBhomh5y2?si=9f0387e5fa5d4b36"
Slime Cry,"PLUTO - 2 Crash Outs [V3] (Ft.)
(Prod.by )","Track 2 on PLUTO's mixtape ""PLUTO WOLRD"".
Has a visualizer.",02:48,"Oct 10, 2025",Feature,,"https://music.apple.com/us/song/2-crash-outs/1844981309
https://open.spotify.com/track/2sQGacYminlTtshdBM81sx?si=42e6bcd6cbf341d2"
Slime Cry,"Birdman & Herm Tha Black Sheep &
NBA YoungBoy - F**k That Ni**a
(Sellin Birds / Doin My Dance), (Prod.by )","Uploaded to YouTube by his label NeverBrokeAgain LLC.
Previewed while the music video was being filmed in New Orleans.
Released on streaming platforms on November 21st, 2025 and
recorded in August 2025.",02:??,"Oct 15, 2025",Single,,https://open.spotify.com/track/0FhYyC39xc3ueYuIdtO0ml?si=DBKb4UyAT0K9Zff1IaCnUw
Slime Cry,"Master P - From The Bottom [V2]
(Ft. Mr. Mase & NBA YoungBoy)
(Prod.by Mr. Mase & Chipmunkondatraq)","Track from Master P's mixtape ""The No Limit 5K Mix Lost Tape"".
Recorded in September 2017.",03:45,"Oct 24, 2025",Feature,,https://youtu.be/-FjGmXlmTwQ?si=cktE2pqMebuo8d-k
Slime Cry,"Offset - I HEARD (Ft.)
(Prod.by )","Track 3 on Offset's halloween themed mixtape ""HAUNTED BY FAME"".
Previewed on an Instagram story by Offset.",02:38,"Oct 31, 2025",Feature,,"https://open.spotify.com/track/20wdBNbpmvXjrltf1646PQ?si=18f3a0c6d37746ea
https://music.apple.com/us/song/i-heard/1849825943"
Slime Cry,"Lotto Band$ - Stank Hoes [V2] (Ft.)
(Cashdoll), (Prod.by SauceGodDre)","Has an animated music video. The song is a different version of
the unreleased feature ""Cash Doll"" that leaked in August 2018.",02:51,"Nov 6, 2025",Feature,,
Slime Cry,"Boosie Badazz - Switches (Ft.)
(Prod.by Torence Hatch)","Opening track on collab mixtape ""225 BUSINESS"".",04:00,"Nov 14, 2025",Feature,,"https://music.apple.com/us/song/switches-feat-youngboy-never-broke-again/1848349718
https://youtu.be/qNWnkxNzpgU?si=obUXwn5UMkzzwzoZ"
Slime Cry,"Boosie Badazz - Creep [V2] (Ft.)
(Prod.by BrandoBeatz)","Track 2 on collab mixtape ""225 BUSINESS"".",03:16,"Nov 14, 2025",Feature,,https://open.spotify.com/track/66UPenkgEuMoGX4y3Zhgvp?si=7180d60bdb464b76
Slime Cry,"Boosie Badazz - Head Bussas (Ft.)
(Prod.by Big Brain)","Track 3 on collab mixtape ""225 BUSINESS"".
Recorded on September 18th, 2025.",02:24,"Nov 14, 2025",Feature,,https://open.spotify.com/track/5LoCrhL7mPyT2YTIxjkb5Z?si=2df4a394096649b8
Slime Cry,"Boosie Badazz - Ain't A Game [V2] (Ft.)
(Prod.by DJ Swift & Dubba-AA)","Track 4 on collab mixtape ""225 BUSINESS"".
YB's verse was recorded in May 2017.",03:16,"Nov 14, 2025",Feature,,https://open.spotify.com/track/0KvYnbLpNFWelBNvgT4Nma?si=4be8f9d7cf8f4d36
Slime Cry,"Boosie Badazz - Desperado (Ft.)
(Prod.by 1saused & Steery Beats)","Track 5 on collab mixtape ""225 BUSINESS"". Previewed as YB recorded
his verse in the studio. Recorded in August and the song was
partially leaked in October 2025.",02:26,"Nov 14, 2025",Feature,,https://open.spotify.com/track/1cNsFXw5p0zJVXU5ycbbTo?si=eead258089d842d5
Slime Cry,"Boosie Badazz - Murda Man (Ft.)
(Prod.by ???)","Track 6 on collab mixtape ""225 BUSINESS"".
Previewed on a Kick livestream by Boosie.",04:22,"Nov 14, 2025",Feature,,https://open.spotify.com/track/0kp1Jnd6qLcgl8bLsrQyL0?si=1c3f16e20f43438c
Slime Cry,"Boosie Badazz - She Want Some (Ft.) 🐟
(Prod.by )","Track 7 on collab mixtape ""225 BUSINESS"".
Recorded in late 2018.",02:24,"Nov 14, 2025",Feature,,https://open.spotify.com/track/3JIyM0ipizYO7UPtxnyF9p?si=84332d7876874042
Slime Cry,"Boosie Badazz - Sorry (Ft.)
(In My Feelings), (Prod.by )","Track 8 on collab mixtape ""225 BUSINESS"". First previewed on an
Instagram live and years later was previewed on multiple
Kick livestreams by Boosie. Recorded in january 2020.",03:49,"Nov 14, 2025",Feature,,https://open.spotify.com/track/3OTzPUwhMnydzGsIa4GhV4?si=f20d26be094c44a6
Slime Cry,"Boosie Badazz - Shit We Ride To [V2] (Ft.)
(RIDE [V2] / Pressure), (Prod.by ???)","Track 9 on collab mixtape ""225 BUSINESS"".",02:57,"Nov 14, 2025",Feature,,https://open.spotify.com/track/5V9q8nZ7ZtUiDCTDS0kJ74?si=aba324d2cd334378
Slime Cry,"Boosie Badazz - Hold Up [V3] (Ft. Tootie
Raww & NBA YoungBoy) 🐟 (Prod.by ???)","Track 10 on collab mixtape ""225 BUSINESS"".",04:04,"Nov 14, 2025",Feature,,https://open.spotify.com/track/5slb8xmnpxwdtqCuq6uyB5?si=72799610cbe647a1
Slime Cry,"Boosie Badazz - Dead (Ft.)
(Prod.by ???)","Track 12 on collab mixtape ""225 BUSINESS"".
Previewed on a Kick livestream by Boosie.",03:36,"Nov 14, 2025",Feature,,https://open.spotify.com/track/3x13hULBbyvRJ4t6tsewgT?si=45897771a2914236
Slime Cry,"Never Broke Again & NBA YoungBoy -
Zero IQ Freestyle (Prod.by Simo Fre)","Uploaded to YouTube by his label NeverBrokeAgain LLC.
Has a music video and recorded in November 2025.
NLE Choppa & Mellow Rackz diss.",03:50,"Nov 15, 2025",Single,,https://music.apple.com/us/album/zero-iq-freestyle-single/1858103089
Slime Cry,"BossManeDlow (TOP MIX) [V1]
(Prod.by ???)","Uploaded to YouTube by his label NeverBrokeAgain LLC.
Has a music video. Remix of  by BossManeDlow and
the chorus samples the flow from ""24s"" by T.I.. 6ix 9ine diss.",02:21,"Nov 30, 2025",Single,,(Link Needed)
Slime Cry,"Top Cobain
(Prod.by ???)",Has a music video. Recorded in August 2025.,03:52,"Dec 16, 2025",Single,,https://soundcloud.com/nba-youngboy/top-cobain?si=070d32e5bf334fda9addbd06fc5f674b&utm_source=clipboard&utm_medium=text&utm_campaign=social_sharing
Slime Cry,"Creep On Ya
(Prod.by Xclusive, Juju The Producer, Mally Mall &
Decastro)","Previewed on an Instagram story by YB. Recorded in November 2025.
NLE Choppa & Fredo Bang diss.",03:16,"Jan 13, 2026",Single,,
Slime Cry,"Baby Boo
(Baby Booter), (Prod.by ???)","Track on mixtape ""Slime Cry"".
Previewed on Instagram live and has a music video.",02:19,"Jan 15, 2026",Single,,
Slime Cry,"Switches
(Prod.by Mally Mall)","Track 4 on compilation mixtape ""More Leaks 2"" & released on
streaming platforms on June 25th, 2026. Has a music video.",03:11,"Jan 15, 2026",Single,,
Slime Cry,Love Speaks,"Track 1 on mixtape ""Slime Cry"".",00:03,"Jan 16, 2026",Other,,
Slime Cry,"Mask and Gloves
(Prod.by ???)","Track 2 on mixtape ""Slime Cry"".",,"Jan 16, 2026",Album Track,,
Slime Cry,"Another Episode
(Hustle), (Prod.by ???)","Track 3 on mixtape ""Slime Cry"". Previewed in YB's ""Slime Cry"" vlog and
has a music video which was uploaded to YouTube on February 23rd, 2026.
Recorded in November 2025. JayDaYoungan, King Von &
Real Gee Money diss.",02:45,"Jan 16, 2026",Album Track,,https://youtu.be/RzXEvKmPXNM?si=CJmXHqxTAouHqkZX
Slime Cry,"Anti-Social
(Prod.by )","Track on mixtape ""Slime Cry"".",03:19,"Jan 16, 2026",Album Track,,https://youtu.be/UgyIOnU5W58?si=7MYIWslNV7hEmpsx
Slime Cry,"Headtap
(Prod.by FATBOI & BrandoBeatz)","Track 5 on mixtape ""Slime Cry"". Has a music video which
was uploaded to YouTube on February 17th, 2026.
Previewed on a deleted Instagram post in November 2025.",02:01,"Jan 16, 2026",Album Track,,
Slime Cry,"I Want
(Prod.by )","Track on mixtape ""Slime Cry"". Has a music video which was
uploaded to YouTube on January 25th, 2026.",02:57,"Jan 16, 2026",Album Track,,
Slime Cry,"Bang Out
(Prod.by )","Track on mixtape ""Slime Cry"".",03:48,"Jan 16, 2026",Album Track,,https://youtu.be/EZnpk8EL27g?si=gfVLLP0JQNSUdtdT
Slime Cry,"Vendetta
(Prod.by )","Track on mixtape ""Slime Cry"". Recorded in August 2025.",03:42,"Jan 16, 2026",Album Track,,https://youtu.be/U0bV1awuoB8?si=2sG2LT_kxqFI5zVT
Slime Cry,"Role Model
(Roll Model / Dead Bodies), (Prod.by )","Track on mixtape ""Slime Cry"". Recorded in September 2025 and previewed
multiple times while the unreleased music video was filmed on tour.",,"Jan 16, 2026",Album Track,,
Slime Cry,"Leaving Me
(Prod.by )",,,,Other,,
Slime Cry,"Resume
(Prod.by )","Track on mixtape ""Slime Cry"" and has a music video.",02:59,"Jan 16, 2026",Album Track,,
Slime Cry,"Steal The Show
(Prod.by )",,,,Other,,
Slime Cry,"Ballin
(Prod.by ???)","Track on mixtape ""Slime Cry"" and has a music video.",02:??,"Jan 16, 2026",Album Track,,
Slime Cry,"FWYT
(Fuck With You Today), (Prod.by )","Track on mixtape ""Slime Cry"".
Previewed in the ""Sime Cry"" YouTube trailer.",02:??,"Jan 16, 2026",Album Track,,
Slime Cry,"Horsepower
(Prod.by )","Track on mixtape ""Slime Cry"".",02:14,"Jan 16, 2026",Album Track,,https://youtu.be/zrWiteLIl3U?si=mqpBd27RX1u6OcFf
Slime Cry,"Factor
(Learn), (Prod.by )","Track on mixtape ""Slime Cry"". Previewed on an Instagram story.",03:37,"Jan 16, 2026",Album Track,,https://youtu.be/j8nVOqLIYt0?si=Qio9eMSCOx9HmOlV
Slime Cry,"BossManeDlow [V2]
(Prod.by ???)","Track on compilation mixtape ""More Leaks 2"".
Shorter version without Rich Porter's parts.",02:21,"Jun 26, 2026",Album Track,,
Slime Cry,"One Night Later
(Prod.by SlickkBeatz, Mally Mall & K10Beatz)","Track on compilation mixtape ""More Leaks 2"". Was supposed to be
track ... on mixtape ""Slime Cry"" but didn't get cleared in time.
The snippet was heard in an Instagram story by Mac.agency
while YB was leaving his performance. Recorded in October 2025.",02:36,"Jun 26, 2026",Album Track,,
