Era,Name,Notes,Track Length,File Date,Leak Date,Available Length,Quality,Link(s)
"
7 Leaks
2 Snippets
2 LQs
1 Features
1 Recordings
0 Unavailable???
","Pre 38 Baby
(Mind of a Menace Era (1999 - June 2016))","Recorded: October 20th, 1999 - June 27th, 2016.
(10/20/1999) NBA YoungBoy is born in Baton Rouge, Louisiana.
(4/9/15) Mixtape ""Life Before Fame"" releases.
(11/30/15) Mixtape ""Mind of a Menace"" releases.
(4/1/16) Mixtape ""Mind of a Menace 2"" releases.
(6/27/16) Mixtape ""Before I Go"" releases.",,,,,,
Pre 38 Baby,"For A Reason
(Prod.by ToDa Max (ErickOnDaBeat))","First song which was recorded in 2013 and uploaded to his
YouTube channel, it later was deleted. Confirmed by YB to have
been his first song in an early 2018 interview.",02:44,,"Dec 20, 2017?",Full,Low Quality,https://audiomack.com/kiddo55a/song/4-a-reason
Pre 38 Baby,"Just Be Rich [V2] (Ft. ???)
(Prod.by RALF BEATS)",Surfaced as a remixed edit in 2024.,02:??,,???,Partial,CD Quality,https://www.reddit.com/r/NBAYoungboy/comments/1gautwc/does_anyone_have_this_version_of_just_be_rich/
Pre 38 Baby,"???
(Prod.by ???)",Previewed as it was being recorded by YB.,,,,Snippet,Recording,https://www.reddit.com/r/DaDumbWay/comments/1oxe03f/before_the_beef/?utm_source=share&utm_medium=web3x&utm_name=web3xcss&utm_term=1&utm_content=share_button
Pre 38 Baby,"???
(Sleeping On Me), (Prod.by ???)","Private bought in 2019 and recorded in 2015.
Rumored to be unfinished.",,,,Snippet,Low Quality,https://www.reddit.com/r/NBAYoungboy/comments/1d0djgq/2015_yb_snippet/
Pre 38 Baby,"Blvd Bubba Sleepy - ??? (Ft. ??? &
NBA YoungBoy)
(Gangsta Muzik), (Prod.by ???)","Recorded in 2015. Unknown if it surfaced in early
December 2019.",02:55,,"Dec 10, 2019?",Full,CD Quality,https://audiomack.com/yb-leaks-archive/song/gangsta-muzik-ft-blvd-quick-youngboy-never-broke-again
Pre 38 Baby,"??? - ??? (Ft.)
(With Them Steppas), (Prod.by ???)",Unknown if surfaced in January 2020.,???,,"Jan 21, 2020?",Partial,Low Quality,https://audiomack.com/yb-leaks-archive/song/with-them-steppas-unfinished
Pre 38 Baby,"WNC Whop Bezzy -
Baton Rouge Cypher (Ft.)
(You Ain’t Gangsta), (Prod.by ???)","Rumored to have leaked in 2019. Only a link from
Youtube could be found.",04:38,,"Apr 27, 2025?",Full,CD Quality,https://www.youtube.com/watch?v=ejKxLtNpWC4
Pre 38 Baby,"??? - ??? (Ft.)
(Creeping), (Prod.by ???)",YB verse surfaced on YouTube in early January 2019.,???,,???,Partial,CD Quality,https://www.youtube.com/watch?v=ZsoeSu5nLQQ
"
11 Leaks
4 Snippets
0 LQs
5 Features
4 Recordings
1 Unavailable???
","38 Baby
(38 Baby / Ay Ay Youngboy Era (Summer 2016 sessions))","Recorded: Summer 2016.
(6/27/16) ""Before I Go"" releases.
(10/27/16) Mixtape ""38 Baby"" releases.
(11/4/16) Mixtape ""Mind of a Menace 3"" releases.",,,,,,
38 Baby,"Who You Supposed To Be
(Prod.by Torieonthetrack)","Deleted video posted to YouTube by TWONE Exclusive.
Scotty Cain diss which has an unreleased video.",01:13,,"Aug 3, 2016",Full,CD Quality,https://audiomack.com/jaidenshardrive/song/whoyousupposedtobebynbayoungboy
38 Baby,"How I'm Livin ⭐
(R.I.P Lil Dave), (Prod.by ???)","Released by YB in 2016 and later deleted.
Has an unreleased music video.",02:14,,"Aug 22, 2016",Full,CD Quality,https://audiomack.com/sosa-405/song/nba-youngboy-how-im-living-bigconverter-com
38 Baby,"??? - ??? (Ft.)
(Shooters / The Dumb Way), (Prod.by ???)","Only a loop of YB verse is available, which may hav
surfaced in November 2018.",???,,"Aug 10, 2019",Partial,CD Quality,https://audiomack.com/hood-rich-nation/song/nba-youngboy-the-dumb-way-official-unreleased-audio-credits-mfc-mon-on-ig
38 Baby,"Snootie Wild & ZoeRealla &
NBA YoungBoy - Down
(Prod.by MouseOnTheTrack)",Previewed in Cedar Park Studios in 2016.,,,,Snippet,Recording,(Link Needed)
38 Baby,"Snootie Wild & NBA YoungBoy - ???
(I Don't Know Why They Hate On Me), (Prod.by ???)",Previewed in Cedar Park Studios in 2016.,,,,Snippet,Recording,https://youtu.be/YB87WMEv2_k
38 Baby,"Team Toon - Live Dat Life (Ft.)
(Prod.by ???)","Era unknown. Track 14 on the deleted mixtape
""Dedication"" by Team Toon.",01:45,,"Feb 12, 2017",Full,CD Quality,https://www.youtube.com/watch?v=zo6PRSBNeqE
38 Baby,"???
(Stacking Benji's / Moving Smarter / Struggle),
(Prod.by ???)","Previewed by YB in a rare vlog in the studio,
likely recorded the same day as ""Like Me"".",,,,Snippet,Recording,https://www.instagram.com/p/C931jprs3zZ/
38 Baby,"Like Me (Ft. Stroke Da Don)
(Prod.by King LeeBoy & CashmoneyAP)",The music video was released then deleted by the director on YouTube.,02:??,,2016,Full,CD Quality,(Link Needed)
38 Baby,"Life ⭐️
(R.I.P GrandMa), (Prod.by QRedOnTheTrack)","Removed from ""Mind Of A Menace 3"" after the release of the reloaded version.
Track 10 on team Never Broke Again's deleted mixtape ""Free YoungBoy"".",03:06,,"Nov 4, 2016",Full,High Quality,https://audiomack.com/hustle-hearted/song/life
38 Baby,"Bootin In This
(Prod.by QRedOnTheTrack)","Removed from ""Mind Of A Menace 3"" after the release of the
reloaded version. Track 4 on team Never Broke Again's deleted
mixtape ""Free YoungBoy"". Uploaded to YouTube by DatPiff.",01:35,,"Feb 18, 2017",Full,High Quality,https://audiomack.com/hustle-hearted/song/bootin-in-this
38 Baby,"Fell In Love (Ft. WNC Whop Bezzy)
(New Religion), (Prod.by Drum Dummie)","Track 9 on team Never Broke Again's deleted mixtape ""Free YoungBoy"".
Uploaded to YouTube by DatPiff.",02:56,,"Feb 18, 2017",Full,High Quality,https://youtu.be/rmoVIWy_jgY?si=JHJ5f-lJw5D7sfTs
38 Baby,"Up In Blood [V1]
(Prod.by $hop With Ken)",Version without Boosie Badazz.,03:??,,,Rumored,Not Available,
38 Baby,"Billions (Ft. 21 Savage) 
(By Any Means), (Prod.by ???)","CDQ snippet surfaced in June 2017. It was speculated 
to have a 21 savage feature but never confirmed.
Second and third CDQ snippets surfaced in late June 2026.",,,,Snippet,CD Quality,https://youtu.be/yvncyMD7YaM
38 Baby,"Gangsta Bitch [V1] (Ft. NBA Big B)
(Prod.by Dubba-AA & Louie Bandz)","Previewed by 3Three. This is an unfinished song that was sent to 3Three
and played in a 2016 Austin Texas vlog just before YB got arrested.",03:09,,,Snippet,Recording,https://www.youtube.com/watch?v=jWkz6QDLwQo
38 Baby,"Gangsta Bitch [V2] (Ft. NBA Big B & NBA 
OG 3Three) (Prod.by Dubba-AA & Louie Bandz)","Has an unreleased music video that was teased in early December 2016
and doesn't have YB in it.",03:09,,"Jul 26, 2019",Full,CD Quality,https://soundcloud.com/swervo-murkin/nba-youngboy-gangsta-bitch-ft-big-b-og-33
"5 Leaks
1 Snippets
0 LQs
2 Feature
1 Recordings
2 Unavailable???","AI YoungBoy [V1]
(Late 2016 Sessions)","Recorded: Late November - December Arrest.
(10/27/16) Mixtape ""38 Baby"" releases.
(11/4/16) Mixtape ""Mind of a Menace 3"" releases.
(5/23/17) after serving 6 months YB gets bonded out of jail and 
works on ""AI YoungBoy"".",,,,,,
AI YoungBoy [V1],"38 Mell - Better Days (Ft.)
(Crazy Story / Crazy Life / Up Nawth), (Prod.by ???)",,03:16,,"Dec 22, 2016?",Full,CD Quality,https://audiomack.com/gunaholics/song/crazy-life
AI YoungBoy [V1],"All I Know Is Murder
(Prod.by Dubba-AA)",Previewed by 3Three and David G on Instagram live.,,,,Snippet,Recording,https://www.youtube.com/watch?v=-_V0WcYxUPE&list=PL8WB1GbBslCFhopTjbLQgsp82oy1c5VLe&index=2
AI YoungBoy [V1],"Kodak Black - Water [V2] (Ft. C Bane &
NBA YoungBoy) (For The Low),
(Prod.by Prodlem, DJ Swift & Dubba-AA)","YB's verse was freestyled on a rare Instagram live before his
December arrest. Leaked in late 2016 and has a slower YB verse.
Only a partial recording of the song could be linked.",???,,2016,Full,CD Quality,https://youtu.be/xxArpU5yeFY?si=845QAlNfdJ8BLhMG
AI YoungBoy [V1],"Tonight [V1]
(Prod.by Yak Beats & Go Grizzly)","Previewed by YB's friends during his 2017 first day out vlog.
Unfinished song with an open verse. Not the same song in the ""4444"" era.",03:01,,"Mar 24, 2024",Full,High Quality,https://samply.app/p/HbkhjiDesI9bcY3fEZNh?si=EYXxMXvQ2wMIH9iZJzrQkKwLmc13
AI YoungBoy [V1],"Tonight [V2]
(Me Tonight), (Prod.by Yak Beats & Go Grizzly)","Shorter version without an open verse. Not the same song in the ""4444"" era.
CDQ snippet surfaced in 2021 before it leaked.",02:19,,"Oct 1, 2021",Full,CD Quality,(Link Needed)
AI YoungBoy [V1],"Don't Matter [V2] (Ft. Dubba-AA)
(Gon Leave [V2]), (Prod.by Dubba-AA)","Uploaded to Dubba's YouTube channel and was later deleted.
Posted by Cypherhiphop to YouTube. Track 9 on team
Never Broke Again's deleted mixtape ""Free YoungBoy"".
Uploaded to YouTube by DatPiff.",04:47,,"Dec 25, 2016",Full,CD Quality,https://soundcloud.com/chromatixsounds/nba-youngboy-dont-matter
AI YoungBoy [V1],"Untouchable [V1] 
(Prod.by D.Brooks Exclusive)","Untouchable V1 is the last song YB recorded before being arrested in
November 2016. It was confirmed by YB that the song is only the
first verse and the hook.",,,,Confirmed,Not Available,
"23 Leaks
7 Snippets
0 LQs
4 Features
7 Recordings
3 Unavailable???
             ","AI YoungBoy [V2]
(Summer 2017 Sessions)","Recorded: Summer 2017 / April - 4th August 2017
(4/13/17) ""Mind of a Menace 3"" reloaded releases.
(5/23/17) after serving 6 months YB gets bonded out of jail and 
works on ""AI YoungBoy"".
(8/4/17) ""AI YoungBoy"" releases.",,,,,,
AI YoungBoy [V2],"???
(Out Of Jail / Hot Shit / Creep Shit),
(Prod.by Dubba-AA)","Recorded on 5.23.17. Previewed by YB on Instagram live as he
recorded it in the studio. Later previewed on an Instagram story.",,,,Snippet,Recording,https://youtu.be/LplosRXOBlI?si=LBjKZJywnDE48SNF
AI YoungBoy [V2],"Ain't A Game [V1]
(38 Chippewa / I Ain't Hiding part 2),
(Prod.by DJ Swift & Dubba-AA)","First music video YB shot when he came home in 2017.
Version without Boosie.",03:??,,,Snippet,Recording,https://youtu.be/quKU6eTfwIU?si=af6Vx8JBuedjZXcv
AI YoungBoy [V2],"Dreams N Da Night [V1]
(No Chain Today [V1] / 9), (Prod.by Yak Beats)","May have been recorded around the same time as ""41"". Has an open verse
for Lil Yachty. The untagged original file leaked in late September 2025.",03:40,,"Aug 7, 2020",Full,High Quality,"https://audiomack.com/murda-fellow/song/dreams-da-night
https://samply.app/p/HbkhjiDesI9bcY3fEZNh?si=EYXxMXvQ2wMIH9iZJzrQkKwLmc13"
AI YoungBoy [V2],"Truthfully [V1] (Ft. NBA OG 3Three)
(All I Need / Chasing Money),
(Prod.by Ceddy Bo, DJ Swift & Dubba-AA)","Recorded in 5.?.17. Not to be confused with the ""All I Need"" on
""Sincerely, Kentrell"". Rapped by YB on the first Instagram live since
he came home. The original file leaked in late September 2025.",03:07,,"Feb 10, 2020",Full,High Quality,"https://audiomack.com/murda-fellow/song/truthfully
https://samply.app/p/HbkhjiDesI9bcY3fEZNh?si=EYXxMXvQ2wMIH9iZJzrQkKwLmc13"
AI YoungBoy [V2],"My Brother (Ft. NBA KD, Big B & NBA 
OG 3THREE) (my brother (mixed)),
(Prod.by Mike Laury & Dubba-AA)","Has two open verses that could've been for YB.
The original file leaked in late September 2025.",04:49,,"Feb 22, 2020",Full,High Quality,"https://soundcloud.com/dora-fabijanic/nba-youngboy-my-brother-ft-nba
https://samply.app/p/HbkhjiDesI9bcY3fEZNh?si=EYXxMXvQ2wMIH9iZJzrQkKwLmc13"
AI YoungBoy [V2],"Going Crazy (Ft. BLMG & ???)
(Punish You / Rip AJ), (Prod.by EpicMuzik)",Released on AudioMack by the producer in ealy August 2017.,04:21,,"Jun 3, 2017",Full,CD Quality,"https://soundcloud.com/hip-hop-100/nba-youngboy-going-crazy-ft-blmg?si=98a208be5ee94f428c9640f8cb9e3a5c&utm_source=clipboard&utm_medium=text&utm_campaign=social_sharing
https://audiomack.com/epicmuzik/song/going-crazy-ft-blmg"
AI YoungBoy [V2],"???
(Prod.by ???)",Era unknown. The intro was previewed on Instagram.,,,,Snippet,Recording,https://www.reddit.com/r/NBAYoungboy/s/xJny19ALlx
AI YoungBoy [V2],"PSA [V1]
(Prod.by Chapo)","Long CDQ snippet surfaced in late June 2018 and leaked in 2020.
The original file leaked in late September 2025.",02:03,,"Jan 14, 2020",Full,High Quality,"https://audiomack.com/murda-fellow/song/psa
https://samply.app/p/HbkhjiDesI9bcY3fEZNh?si=EYXxMXvQ2wMIH9iZJzrQkKwLmc13"
AI YoungBoy [V2],"Flashing Lights [V1]
(Trenches), (Prod.by Tahj Money & Que Laurentiu)",Recorded in 6.?.17. The original file leaked in late September 2025.,03:59,,"Feb 3, 2020",Full,High Quality,https://audiomack.com/murda-fellow/song/flashing-lights
AI YoungBoy [V2],"Wat Chu Gone Do [V1]
(Prod.by Tahj Money & Que Laurentiu)",Recorded in 6.?.17. Version that has an open verse for Peewee Longway.,03:14,,"Sep 21, 2025",Full,High Quality,(Link Needed)
AI YoungBoy [V2],"Drug Party (Ft. Peewee Longway)
(Show Em Once / Party),
(Prod.by Torey Montana & Tino Burna)",Recorded in 6.?.17.,02:46,,"Sep 1, 2019",Full,CD Quality,"https://audiomack.com/igotalltheheat/song/nba-youngboy-ft-peewee-longway-drug-party
https://samply.app/p/HbkhjiDesI9bcY3fEZNh?si=EYXxMXvQ2wMIH9iZJzrQkKwLmc13"
AI YoungBoy [V2],"YFN Lucci & NBA YoungBoy - Studio To
The Trap [V2] (Prod.by June The Genius)",Unfinished song. The original file leaked in late September 2025.,02:56,,"Jul 27, 2021",Full,High Quality,"https://audiomack.com/murda-fellow/song/studio-to-the-trap
https://samply.app/p/HbkhjiDesI9bcY3fEZNh?si=EYXxMXvQ2wMIH9iZJzrQkKwLmc13"
AI YoungBoy [V2],"Hatin Or Sum' (Ft. 21 Circle)
(Prod.by Jabz)",,01:42,,"Jan 13, 2020",Full,CD Quality,https://samply.app/p/HbkhjiDesI9bcY3fEZNh?si=EYXxMXvQ2wMIH9iZJzrQkKwLmc13
AI YoungBoy [V2],"Put It Down [V5]
(No. 9 [V5]), (Prod.by Red On Da Track)",Recorded on 6.6.17. Version with a different outro.,03:06,,"Sep 21, 2025",Full,"Standard
Quality",
AI YoungBoy [V2],"GET YOU KILLED
(Brain / Believe That / Feening For Blood),
(Prod.by DJ Swift, Louie Bandz, Dubba-AA)","Previewed on an Instagram story in June 2017.
Recorded in 6.?.17. The original file leaked in late February 2026.",02:02,,"Apr 23, 2018",Full,"Standard
Quality",https://audiomack.com/murda-fellow/song/get-you-killed
AI YoungBoy [V2],"HOT BOY [V1]
(Bayou Talk), (Prod.by HitmanAudio)","Recorded in 6.?.17. Solo version of ""Hot Boy"" without
BBG Baby Joe & 9lokknine, has Birdman on the outro.",02:12,,"Oct 1, 2023",Full,High Quality,(Link Needed)
AI YoungBoy [V2],"DECLARE WAR [V1]
(Gangsta Talk / Freestyle / Stretch Sum /
Drop A Bag / Burn Em / Head Blown), (Prod.by ???)","Recorded in 6.?.17. Likely recorded the same day as
""HOT BOY"" & the 2017 released ""Hotboys"" feature.",01:55,,"Jan 12, 2019",Full,CD Quality,"https://audiomack.com/murda-fellow/song/declare-war
https://samply.app/p/HbkhjiDesI9bcY3fEZNh?si=EYXxMXvQ2wMIH9iZJzrQkKwLmc13"
AI YoungBoy [V2],"No Chain Today [V2] (Ft. Lil Yachty)
(Dreams N Da Night [V2] / Baby Girl),
(Prod.by Yak Beats)",Previewed by YB on an Instagram story.,03:??,,,Snippet,Recording,https://www.youtube.com/shorts/hGCGvaq6Mkg
AI YoungBoy [V2],"El Chulo - Money & Bitches [V2] (Ft.)
(Chulo Young), (Prod.by ???, DJ Swift & Dubba-AA)",Recorded on 6.19.17. Previewed by YB as he recorded his verse.,02:33,,"May 14, 2019",Full,CD Quality,"https://audiomack.com/woahbren/song/nba-youngboy-chulo-young-official-audio-ft-idk
https://audiomack.com/yb-leaks-archive/song/chulo-young"
AI YoungBoy [V2],"Naomi ⭐️
(Prod.by Ricky Racks)","Recorded on 6.19.17. Previewed by YB in a studio vlog.
The original file leaked in May 2023.",03:14,,"Nov 21, 2019",Full,CD Quality,https://samply.app/p/HbkhjiDesI9bcY3fEZNh?si=EYXxMXvQ2wMIH9iZJzrQkKwLmc13
AI YoungBoy [V2],"Check Callin [V1]
(Prod.by DJ Chose)","Recorded on 6.19.17. Solo version that was
previewed as YB recorded the song.",03:??,,,Snippet,Recording,(Link Needed)
AI YoungBoy [V2],"Blown Down
(Prod.by June The Genius & Yung Lan)",Unfinished and unmixed song. CDQ snippet surfaced in June 2022.,03:21,,"Aug 31, 2022",Full,CD Quality,"https://soundcloud.com/leakedvault/nba-youngboy-blown-down
https://samply.app/p/HbkhjiDesI9bcY3fEZNh?si=EYXxMXvQ2wMIH9iZJzrQkKwLmc13"
AI YoungBoy [V2],"??? - ??? (Ft.)
(Prod.by ???)","Previewed on an Instagram story by YB.
Likely recorded the same day as ""Blown Down"".",,,,Snippet,Recording,https://youtube.com/shorts/UGn6TPgkjjs?feature=share
AI YoungBoy [V2],"Don't Make Me
(Prod.by Lil Mister)",,03:00,,"Jun 12, 2026",Full,High Quality,"https://audiomack.com/murda-fellow/song/dont-make-me?share-user-id=116312800
https://samply.app/p/HbkhjiDesI9bcY3fEZNh?si=EYXxMXvQ2wMIH9iZJzrQkKwLmc13"
AI YoungBoy [V2],"Pablo Gustavo 🏆
(Prod.by Dubba-AA)","The instrumental was previewed by YB and then
girlfriend Malu. When it was recorded it was previewed twice by YB.
Unknown if it was a track on the 2017 unreleased ""38 Baby 2"".",,,,Snippet,Recording,https://youtu.be/ivWhGoO8kjQ
AI YoungBoy [V2],"[Unreleased song with the Migos]
(Prod.by ???)","YB spoke about its existence in an Instagram story
and in his fader interview.",,,,Confirmed,Not Available,(Link Needed)
AI YoungBoy [V2],"Bhad Bhabie - Trust Me [V3] (Ft.)
(Prod.By Bobby Kritical)","Once the feature on the hit song “Trust Me” by Bhad Bhabie
but it was later decided by Bhabie and her team that Ty Dolla $ign
was a better choice for the song.",02:35,,"Jun 22, 2019",Full,CD Quality,https://samply.app/p/HbkhjiDesI9bcY3fEZNh?si=EYXxMXvQ2wMIH9iZJzrQkKwLmc13
AI YoungBoy [V2],"Future - ALL ON YOU [V2] (Ft.)
(All For You), (Prod.by ???)","CDQ snippet surfaced online around 2020-2021. Untagged second snippet
surfaced in late 2021. YB spoke about the song in an interview,
confirming it existed. Third snippet surfaced in April 2025.",03:07,,"Jul 9, 2025",Full,High Quality,https://samply.app/p/HbkhjiDesI9bcY3fEZNh?si=EYXxMXvQ2wMIH9iZJzrQkKwLmc13
AI YoungBoy [V2],"Future & Meek Mill & NBA YoungBoy - ???
(Prod.by ???)",Confirmed to exist by YB in his On The Come Up interview.,,,,Confirmed,Not Available,https://www.reddit.com/r/NBAYoungboy/comments/1w5pvv3/yb_interview_clip_from_2017/?share_id=Cs3BHpSz8p-jxpKWE96Zo&utm_content=share_button&utm_medium=mweb3x&utm_name=mweb3xcss&utm_source=share&utm_term=2
AI YoungBoy [V2],"Hybrid (Murda Man)
(Mark Siegenthaler - Hybrid / Fuck Probation /
Wrote It), (Prod.by Mike Laury & Dubba-AA)","Long snippet surfaced in late July 2018. LQ version leaked in July 2019.
Not to be confused with ""MURDA MAN"" from 2019 house arrest sessions.",03:04,,"Jul 10, 2019",Full,High Quality,https://samply.app/p/HbkhjiDesI9bcY3fEZNh?si=EYXxMXvQ2wMIH9iZJzrQkKwLmc13
AI YoungBoy [V2],"Bloody Scene
(Prod.by Mike Laury & Dubba-AA)",Unfinished song with an open verse.,03:15,,"Dec 27, 2019",Full,High Quality,https://samply.app/p/HbkhjiDesI9bcY3fEZNh?si=EYXxMXvQ2wMIH9iZJzrQkKwLmc13
AI YoungBoy [V2],"Let Me In It [V1]
(NBA Youngboy-Let Me In It skymix-1 /
Caught Sliping / Dangerous Pt 2),
(Prod.by Louie Bandz & Dubba-AA)",Era unknown. The original file leaked in late March 2024.,02:37,,"Jan 21, 2020",Full,High Quality,https://samply.app/p/HbkhjiDesI9bcY3fEZNh?si=EYXxMXvQ2wMIH9iZJzrQkKwLmc13
AI YoungBoy [V2],"On Go
(Prod.by ???)","[Listed on the old tracker, unknown what it is]",???,,???,Full,CD Quality,(Link Needed)
AI YoungBoy [V2],"Say Something [V2] (Ft. A Boogie Wit Da
Hoodie)🐟 (GG (Ft. A Boogie Wit Da Hoodie)
[V1]), (Prod.by DJ Swift & Dubba-AA)",Recorded on 8.2.17. Different mix and audio volume.,03:13,,"Jul 5, 2024",Full,CD Quality,https://pillows.su/f/82c048c08a40f7eb9297cc4133aa975a
"0 Leaks
 3 Snippets
0 LQs
0 Features
2 Recordings
0 Unavailable???","38 Baby 2 [V1]
(38 Baby 2 [V1] / Ain't Too Long [V1] (Summer 2017 Sessions))","Recorded: Summer 2017.
(5/23/17) after serving 6 months YB gets bonded out of jail and 
works on AI YoungBoy.
(8/4/17) Mixtape ""AI YoungBoy"" releases.
(10/6/17) Mixtape ""Ain't Too Long"" releases.",,,,,,
38 Baby 2 [V1],"No Talkin ⭐️🏆
(Industry Remix / I'm Sorry), (Prod.by DJ B Real,
DJ Swift & KingDaTrill)","Rumored to have been recorded in 7.20.17. Has an unreleased
music video and rumored to be private bought from a producer.
Previewed many times on IG and later previewed by then girlfriend Jania.",,,,Snippet,CD Quality,"https://www.youtube.com/watch?v=H3gCuhJ7CHk
https://www.reddit.com/r/NBAYoungboy/comments/1d7x1uk/nba_youngboy_industry_2nd_verse_yb_had_the_beat/"
38 Baby 2 [V1],"Dancing With The Devil 🏆
(Prod.by Dubba-AA)","Recorded in 7.?.17. Previewed on an Instagram story by YB and later
previewed by then girlfriend Jania.",,,,Snippet,Recording,https://youtu.be/s_NAS03_f88?si=wA8HqYH5fRS-7if7
38 Baby 2 [V1],"Forever Creeping
(We That Gang But We Labelled The Mob),
(Prod.by ???)",Recorded in 8.?.17. Previewed in the studio by YB.,,,,Snippet,Recording,https://www.youtube.com/watch?v=BapG7TXIEKk
"6 Leaks
 2 Snippets
0 LQs
3 Features
1 Recordings
0 Unavailable???","Broken Hearted
(Late 2017 Sessions)","Recorded: Summer 2017.
(5/23/17) after serving 6 months YB gets bonded out of jail and 
works on ""AI YoungBoy"".
(8/4/17) ""AI YoungBoy"" releases.
(9/20/17) ""Broken Hearted"" was originally meant to release.",,,,,,
Broken Hearted,"Young Thug - I'm On [V2] (Ft.) ⭐️
(Prod.by London On Da Track)",Recorded in 9.?.17.,05:30,,"Jul 25, 2018",Full,"Standard
Quality",https://samply.app/p/HbkhjiDesI9bcY3fEZNh?si=EYXxMXvQ2wMIH9iZJzrQkKwLmc13
Broken Hearted,"???
(All Dead), (Prod.by Louie Bandz & Dubba-AA)","Recorded in 9.?.17. A snippet of the intro was posted to Instagram
in September 2017 along with the solo released single ""Ride"".
May have been recorded around the same time as ""All My Hoes"".",,,,Snippet,CD Quality,https://youtu.be/PHCd1h-TowQ?si=0bgBLp_k5CVRl66S
Broken Hearted,"Young Thug - All My Hoes (Ft. Gunna & 
NBA YoungBoy) (Patek Phillipe On Your
Head / No Love / Detestation), (Prod.by Wheezy)","Recorded in 9.?.17. The first CDQ snippet surfaced in January 2020
and the second snippet surfaced in March 2021.",03:46,,"Apr 16, 2021",Full,High Quality,https://samply.app/p/HbkhjiDesI9bcY3fEZNh?si=EYXxMXvQ2wMIH9iZJzrQkKwLmc13
Broken Hearted,"Young Thug - Dolly World (Ft.) 
(Prod.by ???)",Recorded in 9.?.17. Previewed by Young Thug.,,,,Snippet,Recording,https://www.reddit.com/r/NBAYoungboy/comments/1eaotsc/thugga_x_yb_snippet/
Broken Hearted,"THUGGA TALK (Ft. Dolly White) 
(Prod.by Wheezy)","Recorded in 9.?.17. Previewed months later by YB, the song uses the
same beat as Young Thug's unreleased song titled “Ferrari”.",03:19,,"Dec 8, 2019",Full,CD Quality,https://samply.app/p/HbkhjiDesI9bcY3fEZNh?si=EYXxMXvQ2wMIH9iZJzrQkKwLmc13
Broken Hearted,"I Ain't Running
(01 YoungBoyNBA09.25.2017 - I Aint / No
Running / Pressure), (Prod.by Dubba-AA)","Recorded on 9.25.17, Voice in the beginning is Young Thug from his song 
""10,000 Slimes"". Previewed twice by YB. First song recorded that day.",03:30,,"Dec 8, 2019",Full,High Quality,https://samply.app/p/HbkhjiDesI9bcY3fEZNh?si=EYXxMXvQ2wMIH9iZJzrQkKwLmc13
Broken Hearted,"Rockstar Life (Ft. Young Thug) [V1] ⭐
(01_rock_star_hhmix_9.28.17 / Rockstar),
(Prod.by ???)","Recorded on 9.28.17. Previewed by YB on an Instagram story.
Originally track 7 on studio album ""Punk"" by Young Thug, but was
removed last minute. The original file leaked in early July 2024.",04:14,,"Dec 8, 2019",Full,"Standard
Quality",https://samply.app/p/HbkhjiDesI9bcY3fEZNh?si=EYXxMXvQ2wMIH9iZJzrQkKwLmc13
Broken Hearted,"Young Thug & NBA YoungBoy - 187
HOMICIDE ⭐ (Hendrix),
(Prod.by Digital Trappers, Dmac & TnTXD)","Previewed by YB in January 2018 on Instagram live and
has an unreleased music video.
Two CDQ snippets surfaced in early May 2026.",03:24,,"Jul 30, 2026",Full,"Standard
Quality",https://samply.app/p/HbkhjiDesI9bcY3fEZNh?si=EYXxMXvQ2wMIH9iZJzrQkKwLmc13
"4 Leaks
1 Snippets
1 LQs
0 Features
1 Recordings
2 Unavailable???","Ain't Too Long [V2]
(Autumn 2017 Sessions)","Recorded: September - October 2017.
(5/23/17) after serving 6 months YB gets bonded out of jail and 
works on ""AI youngBoy"".
(8/4/17) ""AI YoungBoy"" releases. (10/6/17) ""Ain't Too Long"" releases.",,,,,,
Ain't Too Long [V2],"??? (Ft. Yo Gotti)
(Prod.by ???)","Era unknown. Confirmed to exist by YB in his
On The Come Up interview.",03:55,,"Oct 6, 2017",Rumored,Not Available,
Ain't Too Long [V2],"Better Man [V1]
(Prod.by Louie Bandz & Dubba-AA)","Recorded in 9.?.17. Released by YB before quickly switching
it for V2. Has a different part in the second verse.",03:55,,"Oct 6, 2017",Full,CD Quality,https://soundcloud.com/terrence-green-161576979/nba-youngboy-better-man1
Ain't Too Long [V2],"My Side [V1]
(Prod.by EJ Grimes)",First version without Lil Durk.,03:??,,,Rumored,Not Available,
Ain't Too Long [V2],"POUR ONE [V1]
(DJSWIFT_YOUNGBOY_POUR_ONE),
(Prod.by Gitt Fai & DJ Swift)",Recorded in 9.?.17.,03:41,,"Nov 6, 2024",Full,Low Quality,
Ain't Too Long [V2],"Fuck My Baby Mama 
(nba_fuck my baby mama HHmix / Don Dada),
(Prod.by Dubba-AA)","Previewed by YB. Studio file leaked in December 2021.
Rumored to have a music video.",03:23,,"Dec 8, 2019",Full,High Quality,https://samply.app/p/HbkhjiDesI9bcY3fEZNh?si=EYXxMXvQ2wMIH9iZJzrQkKwLmc13
Ain't Too Long [V2],"Pain Won't Last ⭐
(Pain Wont Last HHmix / Be Safe / Babyjoe
Be Safe / Stay), (Prod.by DJ Swift)","Previewed by YB on an Instagram story in February 2019.
The original file leaked in 2024.",02:35,,"Nov 22, 2019",Full,High Quality,"https://audiomack.com/murda-fellow/song/pain-wont-last
https://samply.app/p/HbkhjiDesI9bcY3fEZNh?si=EYXxMXvQ2wMIH9iZJzrQkKwLmc13"
Ain't Too Long [V2],"???
(Prod.by ???)",Intro previewed quickly by YB on an Instagram live.,,,,Beat Only,Recording,https://youtu.be/9JMpEnLGfno?si=x6IDlToy-_NZ2fjB
"5 Leaks
0 Snippets
0 LQs
0 Features
0 Recordings
0 Unavailable.","Too Fast
(Too Fast / Slime Era (Lil Uzi Vert 2017 Collab Tape))","Recorded: October 2017.
(8/4/17) ""AI YoungBoy"" releases. (10/6/17) ""Ain't Too Long"" releases.
(10/19/17) Collab tape ""Too Fast"" is announced on Instagram.
(11/17/17) Collab tape ""Fed Babie's"" releases. 
(4/26/18) debut studio album ""Until Death Call My Name"" releases.",,,,,,
Too Fast,"Lil Uzi Vert & NBA YoungBoy - Rich Nigga
[V1] (Prod.by Mike Laury & Dubba-AA)",Recorded on 10.19.17.,02:25,,"Apr 18, 2026",Full,High Quality,
Too Fast,"Lil Uzi Vert & NBA YoungBoy -
What U Kno [V1] (What You Know [V1])
(Prod.by Mike Laury & Dubba-AA)",Recorded on 10.19.17.,03:19,,"Apr 18, 2026",Full,High Quality,
Too Fast,"Lil Uzi Vert & NBA YoungBoy - Kickback
(Prod.by Mike Laury & Dubba-AA)","Recorded on 10.19.17. The filename was teased by Lil Uzi leakers a few
months before it leaked. Leaked as a 2017 GB bonus in the Lil Uzi comm.",02:49,,"Oct 19, 2025",Full,High Quality,https://soundcloud.com/wyotopmusic/nba-youngboy-lil-uzi-kick-back?si=e778e4dab3a9403cb2d81247530b43b4&utm_source=clipboard&utm_medium=text&utm_campaign=social_sharing
Too Fast,"Lil Uzi Vert & NBA YoungBoy -
Rather Than Not (Airport),
(Prod.by DJ Plugg & Bobby Kritical)","Recorded on 10.19.17. Recorded the same day as the unreleased
""I Don't Know"". Two rare and separate versions of production
surfaced in an earlier date. Previewed by Lil Uzi producers.",03:08,,"Jan 27, 2025",Full,High Quality,https://krakenfiles.com/view/RYggUTrS44/file.html
Too Fast,"Lil Uzi Vert & NBA YoungBoy - No Tell Her
(Diamonds Are Wet), (Prod.by Zaytoven)","Recorded on 10.19.17. Previewed by YB on a IG story when he was showing
Nene's diamond ring and a second snippet shows Uzi's recording process.
Previewed on discord by Lil Uzi leakers in early 2025.",02:51,,"May 14, 2025",Full,High Quality,https://pillowcase.su/f/1451a9d3c5870858b0d9330013c1e2bb
"
81 Leaks
9 Snippets
3 LQs
10 Features
7 Recordings
2 Unavailable
","The Fault In Me
(The Fault In Me [V1] / 38 Baby 2 [V2] / Until Death Call My Name [V1] / Slime Era (Late 2017 Sessions))","Recorded: Late 2017 / Late October - November 2017.
(8/4/17) ""AI YoungBoy"" releases. (10/6/17) ""Ain't Too Long"" releases.
(11/17/17) Collab tape with MoneyBaggYo ""Fed Babie's"" releases. 
(4/26/18) Debut studio album ""Until Death Call My Name"" releases.",,,,,,
The Fault In Me,"???
(No Choice But To Go Hard), (Prod.by ???)","Era unknown, the outro was previewed by YB in late 2017.",,,,Snippet,Recording,https://youtube.com/shorts/4bq-O8drgyo?si=2TyNp9R3BLYpzXmt
The Fault In Me,"???
(All For Dead / crossed), (Prod.by ???)",Recorded in 10.?.17. Previewed by then girlfriend Jania.,,,,Snippet,Recording,https://youtu.be/lBNTobmjX6o
The Fault In Me,"Neverland 
(Prod.by ???)","Recorded in 10.?.17. This is a rare YB snippet that
surfaced in 2019, not much is known about the song.",,,,Snippet,Low Quality,https://www.youtube.com/watch?app=desktop&v=Jm--E2ZIE_U
The Fault In Me,"Cash Doll [V1] (Ft. Lotto Band$)
(Cashdoll / Bankroll / That's On You / You're A Doll),
(Prod.by Dre Beats)","Era unknown. The song was first previewed during a Lotto Band$
show in late April 2018. In early August 2018 an edited version of
the song was autogenerated to YB's Spotify & SoundCloud account.",03:54,,"Aug 3, 2018",Full,CD Quality,(Link Needed)
The Fault In Me,"Dylan The Teen - Alcoholic [V3] (Ft.
Hoodrich Pablo Juan & NBA YoungBoy) 🐟
(Dedicated / Addicted), (Prod.by ???)","Was released in March 2018 and later was removed from streaming platforms
because of how ass it was. Uploaded to YouTube by RAP DAILY.",04:35,,"Mar 23, 2018",Full,CD Quality,https://soundcloud.com/yngkingofficial/nba-youngboy-alcoholic-ft
The Fault In Me,".Waddup Homie ⭐
(Slavery / First Day Out),
(Prod.by Chapo & Heizenberg)","Recorded in 10.?.17. The untagged version leaked in early
July 2024. Remix of ""What Up Homie"" by Kevin Gates.",02:44,,"Aug 11, 2020",Partial,"Standard
Quality",https://soundcloud.com/kevin-bebee-416165432/nba-youngboy-waddup-homie
The Fault In Me,"SOME THANGS [V1]
(Prod.by Louie Bandz & Dubba-AA)","CDQ snippet surfaced in late February 2022. May have been recorded
around the time as the 2017 unreleased ""Change"".",02:17,,"Oct 9, 2022",Full,High Quality,(Link Needed)
The Fault In Me,"Change
(Die Alone / They All Change), (Prod.by DJ Chose)","Recorded in 10.?.17. Previewed by YB on an Instagram story.
Leaked in 2020 with tags. Not to be confused with
the countless other ""Change"" that he has released.",02:19,,"Aug 11, 2020",Full,High Quality,(Link Needed)
The Fault In Me,"??? [V2]
(NBA Track 2 edit 2 10192017 / Scarface [V2]),
(Prod.by ???)","Recorded on 10.19.17. Unfinished song with an open verse which
may have been for Lil Uzi Vert. Second song recorded that day.",03:18,,"Sep 5, 2023",Full,High Quality,(Link Needed)
The Fault In Me,"??? [V3]
(Scarface / All White), (Prod.by ???)",Recorded on 10.19.17.,01:46,,"Jun 16, 2023",Full,CD Quality,(Link Needed)
The Fault In Me,"I Don't Know [V1] ⭐
(NBA Track 3 10192017 / Death Note /
Happy Birthday), (Prod.by CashmoneyAP &
Polo Boy Shawty)","Recorded on 10.19.17 and later leaked two years later.
Third song he recorded that day. The original file leaked in
late March 2024. Unfinished song with
an open verse which may have originally been for Lil Uzi Vert.",03:35,,"Dec 9, 2019",Full,High Quality,(Link Needed)
The Fault In Me,"Birdman & NBA YoungBoy - I Don't Know
[V2] 🐟 (14._I_Dont_Know_-_NBA_Young_Boy
_x_Birdman_fs_ref_3_LOUD / Happy Birthday [V2]
(Ft. Birdman)), (Prod.by CashmoneyAP &
Polo Boy Shawty)","Recorded in 10.?.17. 💀 Song includes more and different vocals from YB.
Snippet surfaced in December 2021. The original file leaked in late
March 2024. May have been track fourteen on an unknown tracklist.",04:07,,"Aug 26, 2021",Full,"Standard
Quality",(Link Needed)
The Fault In Me,"Lieffy Luciano - On My Behalf (Ft.) 🐟
(Intro), (Prod.by ???)","YB's verse is tagged and the ending chorus surfaced in July 2020,
full song leaked days after. The original file leaked in August 2024.",03:28,,"Jul 17, 2020",Full,High Quality,(Link Needed)
The Fault In Me,"??? - Money Man [V2] (Ft.)
(Sliding / SLIDIN / Everybody Hollin Gang),
(Prod.by Vintage Rippah)","Recorded in 10.?.17. TMH Hammer and his girlfriend diss.
Previewed as YB recorded the verse in the studio.",02:40,,"Jul 19, 2019",Full,CD Quality,https://audiomack.com/abney-robert/song/nba-youngboy-sliding
The Fault In Me,"A Rod Somebody - Trap For Real (Ft.)
(Go Get It / Throwing 4s / On Go),
(Prod.by Chopsquad DJ)","Has the same instrumental and YB verse from 2017 feature ""Go Get It"".
Was released as track 2 on ""Fed Bound 80 Months"" by ARod in July 2018
and was later removed from streaming platforms.
Uploaded to YouTube by DatPiff.",01:42,,"Jul 25, 2018",Full,CD Quality,https://soundcloud.com/majorlifemusic/arod-somebody-ft-nba-young-boy
The Fault In Me,"???
(Came Far), (Prod.by ???)","Recorded on 10.27.17. A snippet of YB recording the
song was posted to an Instagram story.",,,,Snippet,Recording,https://www.instagram.com/p/BaxJp9LD8l6/?utm_source=ig_web_copy_link&igsh=MTJiNWlidTN5emNreg==
The Fault In Me,"I Love You
(Letter To Nene), (Prod.by Swiff D)",Recorded in 10.?.17. CDQ snippet surfaced in February 2022.,02:55,,"Oct 22, 2022",Full,High Quality,https://audiomack.com/murda-fellow/song/i-love-you
The Fault In Me,"Different
(Prod.by DJ Chose)","Recorded on 10.29.17. CDQ snippet surfaced on Unreleasedsounds.gg
in late November 2024. Unfinished and has two open verses.",03:23,,"May 14, 2025",Full,High Quality,https://soundcloud.com/favorite-opp-979163809/nba-youngboy-different
The Fault In Me,"Wit It Is [V1]
(All I Know Is Murder [V2]), (Prod.by GT Of Beat
Excez & MarcussMuzik Of Beat Execz)",Recorded on 10.29.17. Longer unfinished version.,03:21,,"Nov 10, 2024",Full,High Quality,(Link Needed)
The Fault In Me,"Wit It Is [V2] ⭐️
(Prod.by GT Of Beat Excez & MarcussMuzik Of
Beat Execz)","Recorded on 10.29.17. Rerecorded after he came home and has
faster rapping than the 2016 ""All I Know Is Murder"". Remix of the song
was autogenerated to NLE Choppa's Spotify in November 2019.",02:29,,"Sep 20, 2018",Full,"Standard
Quality",(Link Needed)
The Fault In Me,"Lil Yella - WGBT [V2] (Ft.) 🐟
(We Gone Ball Today / Ball Out), (Prod.by DJ?)","Recorded in 10.?.17. Previewed by Yella. In early August 2018 the song
was autogenerated to YB's Spotify & SoundCloud account.",02:38,,"Mar 19, 2018",Full,CD Quality,https://audiomack.com/nbayoungboy-60/song/wgbt-ft-lil-yella-1
The Fault In Me,"I'm Gonna Ride [V1]
(Prod.by TreTrax)","Recorded on 10.31.17. Longer version.
The instrumental was previewed in the studio by YB.",03:37,,"Nov 10, 2024",Full,High Quality,https://audiomack.com/murda-fellow/song/im-gonna-ride
The Fault In Me,"I'm Gonna Ride [V2]
(Prod.by TreTrax)","Recorded on 10.31.17. CDQ snippet surfaced in late
February 2022 and leaked two months later.",02:24,,,Full,CD Quality,(Link Needed)
The Fault In Me,"Ease The Pain [V1]
(Prod.by DYOVERDRIVE2CICERO)",Recorded in 11.1.17.,02:15,,"Nov 12, 2024",Full,High Quality,https://audiomack.com/murda-fellow/song/ease-the-pain
The Fault In Me,"Ease The Pain [V2]
(Free YSL), (Prod.by DYOVERDRIVE2CICERO)","Recorded on 11.1.17. CDQ snippet surfaced in June 2022 and later
leaked a couple months later. The original file leaked in August 2024.",02:01,,"Oct 10, 2022",Full,CD Quality,https://audiomack.com/gg_youngboy/song/ease-the-pain
The Fault In Me,"For Real
(4Real), (Prod.by DYOVERDRIVE2CICERO &
DY Krazy)","Recorded on 11.1.17. Previewed in a rare vlog on YouTube. Likely recorded
on the same day as ""Contempt of Court"". Two CDQ snippets surfaced on
Unreleasedsounds.gg in November 2024. Third snippet surfaced in June 2025.",02:16,,"Jul 7, 2025",Full,High Quality,https://audiomack.com/readinahbook/song/for-real4real-2017
The Fault In Me,"???
(Everyday a Better Day / Ran It Up / Came From
Nun), (Prod.by ???)",Recorded in 11.?.17. Previewed in an Instagram story in January 2018.,02:??,,,Snippet,Recording,https://www.tiktok.com/@4ktleaks/video/7275486907486833963
The Fault In Me,"Outside Today [V1]
(Prod.by DMacTooBanging)",Different mix and adlibs.,02:14,,???,Full,"Standard
Quality",(Link Needed)
The Fault In Me,"Take You Under [V1]
(Prod.by CashMoneyAP)",Recorded on 11.2.17.,04:12,,"Jan 19, 2025",Full,High Quality,https://audiomack.com/murda-fellow/song/take-you-under
The Fault In Me,"Take You Under [V2]
(Prod.by CashMoneyAP)","Recorded on 11.2.17. CDQ snippet surfaced in February 2022 and
leaked a few months later.",02:16,,"May 7, 2022",Full,CD Quality,(Link Needed)
The Fault In Me,"[Unknown amount of 2017 - 2018 songs
with Kodak Black]","Confirmed to exist by YB in an 2018 Instagram live
interview with DJ Akademiks.",,,,Confirmed,Not Available,(Link Needed)
The Fault In Me,"Kodak Black & NBA YoungBoy - Joker
(Grim Reaper / On It), (Prod.by SkipOnDaBeat)","First surfaced online anonymously as a snippet in early November 2020.
Kodak Black would later play the song in an Instagram live in late
November 2021. Second CDQ snippet surfaced in June 2025.",03:31,,"Sep 18, 2025",Full,Low Quality,https://audiomack.com/ballout-4/song/joker-1
The Fault In Me,"Kodak Black & NBA YoungBoy - Deep Pain
(Prod.by SkipOnDaBeat)",,02:53,,"May 20, 2019",Full,CD Quality,(Link Needed)
The Fault In Me,"Flood
(Prod.by Ozhora Miyagi)",Recorded on 11.3.17.,02:26,,"Apr 17, 2025",Full,High Quality,https://soundcloud.com/favorite-opp-979163809/nba-youngboy-flood
The Fault In Me,"Drippin
(Prod.by ???)","Recorded on 11.3.17. First CDQ snippet surfaced in late February 2022.
The second and third snippet surfaced on Unreleasedsounds.gg
in late November 2024. The fourth snippet surfaced in
December 2024. Leaked as a GB bonus.",03:18,,"Apr 20, 2025",Full,High Quality,https://audiomack.com/ballout-4/song/drippin
The Fault In Me,"Strip Club [V1]
(Prod.by Swiff D & DJ Chose)",Recorded on 11.3.17. Longer and an unfinished version.,02:46,,"Nov 10, 2024",Full,High Quality,(Link Needed)
The Fault In Me,"Strip Club [V2]
(Prod.by Swiff D & DJ Chose)",Recorded on 11.3.17.,02:17,,"Aug 28, 2020",Full,CD Quality,(Link Needed)
The Fault In Me,"Walk In The Rain [V1]
(Ain't Quitting), (Prod.by The Martianz & Zay Star)","Recorded on 11.3.17. 😳 The original file leaked in
early November 2024.",03:24,,"Jan 18, 2021",Full,High Quality,(Link Needed)
The Fault In Me,"Stay In Your Lane (Ft. NBA Big B)
(Talk To God / The Day I Die / Granted),
(Prod.by Young VVS & Dubba-AA)","Recorded on 11.3.17. First previewed by YB as early as November 15, 2017.
TMH hammer girlfriend diss. Previewed by Big B in late January 2019.
The song leaked as an edit in late February 2019. The original file
leaked in late May 2022.",03:33,,"May 30, 2022",Full,High Quality,(Link Needed)
The Fault In Me,"The Way We Live [V1]
(Tampering With Evidence [V1]),
(Prod.by DJ Swift & Dubba-AA)",Recorded in 11.3.17. Longer unfinished version.,03:02,,"Nov 10, 2024",Full,High Quality,(Link Needed)
The Fault In Me,"Survive [V2]
(Prod.by Ceddy Bo & Dubba-AA)",Recorded on 11.3.17. Longer version. Real Gee Money diss.,02:49,,"Aug 31, 2020",Full,High Quality,https://soundcloud.com/ybleaked/nba-youngboy-impact
The Fault In Me,"Survive [V3]
(Impact / Thug Alibi 2), (Prod.by Ceddy Bo &
Dubba-AA)",Recorded on 11.3.17. Real Gee Money diss.,02:30,,"Aug 13, 2020",Full,CD Quality,(Link Needed)
The Fault In Me,"Bomboclat
(RIP Lil Dave / Dave Rip / Bombaclat / 2 DA Grave /
Falling Down), (Prod.by Ceddy Bo & Dubba-AA)","Recorded in 11.?.17. Previewed the same day as
""Astronaut Kid"" and ""Mistakes"".",02:26,,"Jul 13, 2019",Full,High Quality,(Link Needed)
The Fault In Me,"MY DREAMS [V2]
(NBA - 58 / Struggle / Finest Things /
In My Feelings / Thug Accomplishments),
(Prod.by CashmoneyAP)","Recorded in 11.?.17. Unfinished song.
May have been recorded around the same time as
""Walk In The Rain"". The original file leaked in early April 2025.",03:24,,"Dec 14, 2019",Full,High Quality,(Link Needed)
The Fault In Me,"Kill My Dawg ⭐️
(John Wall / JW), (Prod.by Dubba-AA)","Recorded in 11.?.17. Likely a track on the unreleased ""Ahlan"" after
""The Fault In Me"" got scrapped for unknown reasons. Autogenerated to
YB's Spotify and SoundCloud account in early August 2018.",02:35,,"Dec 10, 2017",Full,CD Quality,https://audiomack.com/hustle-hearted/song/kill-my-dawg/
The Fault In Me,"I Die
(Real Zoe), (Prod.by Tahj Money)","Recorded 11.?.17. Two CDQ snippets surfaced in late February
2022 and leaked months later.",02:46,,"Oct 9, 2022",Full,High Quality,https://soundcloud.com/timothy-richardson-350102702/i-die-real-zoe
The Fault In Me,"All Of You
(All For You), (Prod.by Off Da Wall)","Recorded in 11.5.17. A lower quality looped edit leaked
in May 2026 and the original file leaked a week later.",03:45,,"May 19, 2026",Full,High Quality,(Link Needed)
The Fault In Me,"Let's Go
(Take A Ride), (Prod.by BatGangBeats &
CashMoneyAP)","Recorded in 11.5.17. Leaked for free. CDQ snippet surfaced on
Unreleasedsounds.gg in late November 2024. Second CDQ snippet surfaced
in December 2024 and the third snippet surfaced in early January 2025.",04:33,,"Feb 18, 2025",Full,High Quality,https://audiomack.com/ypc-records-1/song/nba-youngboy-lets-go
The Fault In Me,"Respect [Rough Mix]
(01 Respect_ROUGH / Regret / Rough), 
(Prod.by Louie Bandz & Dubba-AA)","First track recorded that day.
Unknown if remastered or reworked on in 2018.",02:46,,"Dec 3, 2019",Full,High Quality,(Link Needed)
The Fault In Me,"Strap On Me [V1] [Rough Mix] (Ft. NBA KD)
(Realize_ROUGH / Fault In Me / I'm For Nene / Feel
Safe), (Prod.by CashmoneyAP, CedDidit & Tomy K)",Unknown if remastered or reworked on in 2018.,02:34,,"Dec 10, 2019",Full,High Quality,(Link Needed)
The Fault In Me,"Traumatized [V2] (Ft. Lil Baby)
(Prod.by Kenny Beats & JUDGE)","Recorded in 11.?.17. First was released as a lead album single
to ""Until Death Call My Name"" and later removed from the
tracklist and deleted from his YouTube channel for unknown reasons.",03:14,,"Mar 18, 2018",Full,CD Quality,(Link Needed)
The Fault In Me,"???
(Dreaming / Pray For Me), (Prod.by ???)","A low quality snippet surfaced in early March 2025.
Previewed by Neilonthetrack in late December 2025.
A second low quality snippet surfaced in early May 2026.",,,,Snippet,Low Quality,https://youtu.be/Ttazd4L87tI?si=py-MzRHQnsXfeaHI
The Fault In Me,"Demons
(Stranded / Bad Miracle / Devil / Would You Cry),
(Prod.by Go Grizzly, Pooh Beatz & Deafh Beats)",Recorded in 11.?.17. 😳,02:17,,"Feb 23, 2021",Full,High Quality,https://audiomack.com/murda-fellow/song/demons
The Fault In Me,"BBG Baby Joe & NBA YoungBoy -
Questions (Prod.by ???)","Recorded in 11.?.17. CDQ snippet surfaced in March 2021.
The original file leaked in early July 2024.",02:04,,"April 18, 2021",Full,High Quality,(Link Needed)
The Fault In Me,"Trenches
(All In This / Disrespected), (Prod.by DY Krazy)",Recorded in 11.?.17.,02:38,,"Aug 11, 2020",Full,High Quality,(Link Needed)
The Fault In Me,"Horses [V1]
(Prod.by MarcussMuzik Of Beat Execz &
GT Of Beat Execz)",Recorded on 11.7.17. Longer unfinished version.,03:02,,"Nov 10, 2024",Full,High Quality,(Link Needed)
The Fault In Me,"Horses [V2]
(Mountain Horses / Close Ranger), (Prod.by
MarcussMuzik Of Beat Execz & GT Of Beat Execz)","Recorded on 11.7.17. YB shoutouts ATL rapper Playboi Carti in this song.
Previewed on an Instagram story in early 2018. May have been
recorded around the same time as ""Public Figure"".",02:17,,"Feb 9, 2021",Full,CD Quality,(Link Needed)
The Fault In Me,"Pandemonium
(Prod.by ???)","Recorded in 11.?.17. Leaked in 2020 with tags,
untagged version leaked in early July 2024.",02:28,,"July 25, 2020",Full,High Quality,https://audiomack.com/murda-fellow/song/pandemonium
The Fault In Me,"Diamonds And Pearls (Ft. BBG Baby Joe)
(Asian Girls), (Prod.by Deafh Beats & Pooh Beatz)","Recorded on 11.8.17. Previewed by YB in February 2018.
The original file leaked in November 2024.",02:53,,"Jan 13, 2020",Full,High Quality,(Link Needed)
The Fault In Me,"One More [V1]
(Prod.by Ben Billions)",Recorded on 11.9.17. The original file leaked in November 2024.,02:53,,"Apr 23, 2024",Full,CD Quality,https://audiomack.com/murda-fellow/song/one-more
The Fault In Me,"Villain [V1]
(Prod.by Schife & Ben Billions)","Recorded on 11.9.17. Longer version. Has a different intro and parts that
may have been changed because of current legal problems at the time.",03:01,,"Nov 11, 2024",Full,CD Quality,https://pillows.su/f/cf6108decd4b9092a95984d68817e151
The Fault In Me,"One More [V2] (Ft. Jamie Ray)
(Century / One Mo), (Prod.by Ben Billions)",Recorded in 11.?.17.,03:42?,,"Jul 17, 2019",Full,CD Quality,https://audiomack.com/polodolorr/song/century
The Fault In Me,"I'm Sorry
(Prod.by Kenny Beats)","Recorded on 11.10.17.  May have been recorded around the
same time as ""Demons"". Leaked as a GB bonus.",03:04,,"Nov 20, 2024",Full,High Quality,https://audiomack.com/gg_youngboy/song/im-sorry
The Fault In Me,"I'm Bored [V1]
(Prod.by ISM & S1)",Recorded on 11.10.17. Longer unfinished version.,03:27,,"Jul 28, 2024",Full,CD Quality,https://audiomack.com/murda-fellow/song/im-bored
The Fault In Me,"I'm Bored [V2]
(Bang Shit / Thug Nigga Story / Murda Thoughts /
Police Child), (Prod.by ISM & S1)",Recorded on 11.10.17. CDQ snippet surfaced in early September 2020.,02:38,,"Oct 15, 2020",Full,CD Quality,(Link Needed)
The Fault In Me,"Q-Sko - Go Get It [V2] [Clean] (Ft.)
(108.7DA BEAT MIX 2 (NOV 10 2017)X),
(Prod.by Chopsquad DJ)",Previewed by Q-Sko is the studio. Clean version that never released.,03:44,,,Snippet,Recording,https://www.instagram.com/p/Bbr4utDDqsN/?utm_source=ig_web_copy_link&igsh=MTlqMGNiYWZyMGthZA==
The Fault In Me,"Mistakes
(No Mistakes / Believe in Yourself / Fuck Em
Taking Chances), (Prod.by DMacTooBangin)","Recorded in 11.?.17. Previewed in an Instagram story and previewed
by YB in November 2017. Leaked the same day as “On A Boat”.
Likely recorded the same day as ""Astronaut Kid"".",02:55,,"Sep 3, 2020",Full,High Quality,https://audiomack.com/murda-fellow/song/mistakes
The Fault In Me,"Sosamann & NBA YoungBoy - Where You
From (Prod.by ???)","Recorded on 11.11.17. Previewed in an Instagram story by cbodadon.
The CDQ snippet surfaced in early 2022 and the original file
leaked in early April 2025.",03:29,,"Oct 14, 2022",Full,High Quality,https://soundcloud.com/sippinonfoes/nba-youngboy-x-sosamann-where-you-from
The Fault In Me,"Inside Me [V1] (Ft. Sosamann)
(Who I Am (Ft. Sosamann) [V1]),
(Prod.by Iceman Chamberlain)","Recorded on 11.11.17. Likely recorded the same day
as the 2018 released song ""Smoke"".",03:29,,"Jul 10, 2024",Full,CD Quality,
The Fault In Me,"Urgent [V1]
(Prod.by Sosamann)","Recorded on 11.12.17. Longer version.
Intro was previewed in an Instagram story by Sosamann.",03:38,,"Nov 10, 2024",Full,CD Quality,(Link Needed)
The Fault In Me,"Urgent [V2]
(I Remember), (Prod.by Sosamann)",Recorded on 11.12.17. Goofy ass beat.,03:10,,"Jan 31, 2022",Tagged,CD Quality,(Link Needed)
The Fault In Me,"Versatile
(Devil Child / Demon Seed / Devils Room),
(Prod.by Mike Laury, Louie Bandz & Dubba-AA)","Recorded on 11.12.17. Heard in the back of YB's Instagram story, previewed
by friend Baby Joe in April 2018 and was a previous grail in the comm.
The original file leaked in early September 2024.",02:03,,"Dec 8, 2019",Full,High Quality,https://audiomack.com/murda-fellow/song/versatile
The Fault In Me,"Stay The Same
(Hurt Me / Spoke On Top),
(Prod.by KiloKeys Beatz & Yung Lan)","Recorded on 11.12.17. May have been recorded around the same time
as ""My Hittaz"". The original file leaked in early October 2024.",03:36,,"Aug 24, 2020",Full,CD Quality,(Link Needed)
The Fault In Me,"Rob Me
(Prod.by Dubba-AA & Mike Laury)","Recorded on 11.12.17. The original file leaked in early April 2025.
May have been a solo throwaway track from ""Fed Baby’s"".",02:29,,"Oct 11, 2020",Full,CD Quality,(Link Needed)
The Fault In Me,"Social ⭐️
(Dead Homies / Racketeering / Last Day In /
Gang Activity / Fed Talk / Salt),
(Prod.by Dubba AA & DJ Swift)","Recorded on 11.12.17.  May have been recorded around the same
time as ""Kill My Dawg"" & ""Collateral Damage"". Leaked with tags
in 2019 and the original file leaked in early November 2024.
May have been a solo throwaway from ""Fed Baby’s"".",03:43,,"Nov 17, 2019",Full,High Quality,https://audiomack.com/murda-fellow/song/social
The Fault In Me,"???
(Prod.by Beatmonster Marc)",Recorded on 11.13.17. Previewed in an Instagram story by YB.,,,,Snippet,Recording,https://www.instagram.com/p/BbdBpnkjxy_/?utm_source=ig_web_copy_link&igsh=ZWNyczd2ZWh2ZW80
The Fault In Me,"Don't Panic
(Prod.by Ricky Racks)","May have been recorded around the same time as ""Solar Eclipse"" &
""Homicide"" from Fed Baby's. The original file leaked in early July 2024.",02:23,,"Jan 2, 2021",Full,High Quality,(Link Needed)
The Fault In Me,"NBA YoungBoy & Desiigner - About It
(TakeOff), (Prod.by CashmoneyAP)",Recorded on 11.13.17. The original file leaked in October 2022.,03:13,,"Aug 24, 2019",Full,High Quality,
The Fault In Me,"Lil Yachty - Foreign (Ft. Desiigner & NBA
YoungBoy) (Bad Bitches), (Prod.by Murda Beatz)","Recorded on 11.14.17. The song first seen on Lil Yachtys computer in late
March 2020 in an Instagram live. It later leaked to file-sharing websites in 2021.",01:54,,"May 20, 2021",Confirmed,Not Available,
The Fault In Me,"Lil Yachty & NBA YoungBoy -
Ain't Goin' Back (Prod.by ???)","Recorded on 11.14.17. The file name was allegedly teased
by leakers, not a lot of information is known about this song.",,,,Full,High Quality,(Link Needed)
The Fault In Me,"No Competition (Ft. Lil Yachty)
(Poppin Shit), (Prod.by CashMoneyAP & Vybe)",Recorded in 11.?.17. CDQ snippet surfaced in late January 2020.,03:06,,"Jul 5, 2021",Full,CD Quality,(Link Needed)
The Fault In Me,"Knew This (Ft. Lil Yachty)
(Untitled 06 / Choosin / Patient), (Prod.by 30 Roc)","Previewed by Yachty on Instagram in June 2018.
Sixth track released on Lil Yachty's birthday mix in 2018. Posted by
WorldStarHipHop after it leaked.",02:32,,"Aug 25, 2018",Full,CD Quality,https://audiomack.com/hunchodeniro/song/knew-this-feat-youngboy-never-broke-again
The Fault In Me,"[Unknown amount of 2017 songs with
Lil Yachty]","The songs were briefly mentioned by Yachty in an
interview before being interrupted.",,,,Confirmed,Not Available,
The Fault In Me,"Turning Up
(Dumb), (Prod.by D. Brooks Exclusive & C-Sick)","Recorded in 11.?.17. May have been recorded around the same time as
""Sleepin [Remix]"" by Leeky Bandz. Snippet surfaced in early January 2021.
In this song YB references his scrapped mixtape ""Broken Hearted"".",02:19,,"Feb 19, 2021",Full,High Quality,(Link Needed)
The Fault In Me,"Come And Take A Ride
(Jania Love Song), (Prod.by D. Brooks Exclusive)","Recorded in 11.?.17. Previewed by YB in the studio.
The original file leaked in December 2022.",02:29,,"Dec 10, 2019",Full,High Quality,(Link Needed)
The Fault In Me,"Coming Up 
(Houston / No Stopping Me / I Remember / Nene Im
Sorry / Miss Me), (Prod.by ???)",Recorded in 11.?.17. Leaked on YouTube in 2020.,02:49,,"Sep 23, 2020",Full,CD Quality,https://audiomack.com/_luhsteve/song/nba-youngboy-coming-up
The Fault In Me,"Position [V1]
(I Can't Fall), (Prod.by DJ Chose)",Leaked in 2020 with tags.,03:17,,"Aug 11, 2020",Full,High Quality,(Link Needed)
The Fault In Me,"We On (Ft. Young Thug)
(No Budget), (Prod.by Que Laurentiu & TnTXD)","Recorded in 11.?.17. Previewed by YB twice on the same day as
the ""Outside Today"" video shoot. Current grail in the comm.",02:??,,,Snippet,Recording,"https://www.youtube.com/shorts/UP_8kGEXju0
youtube.com/watch?v=bMfhxqwpcjQ&list=PL8WB1GbBslCHlYhFeeMyoYGVWMt2gYr6K&index=87"
The Fault In Me,"Stalking You (Ft. ???)
(Prod.by CashMoneyAP)","Recorded on 11.14.17. It is unknown who the feature is.
The original file leaked in early November 2024.",02:49,,"Oct 14, 2022",Full,CD Quality,https://audiomack.com/murda-fellow/song/stalking-you
The Fault In Me,"Blue Diamond
(Prod.by Jon C, Go Grizzly & Pooh Beatz)","Recorded on 11.15.17. Beat previewed by YB in the studio.
CDQ snippet surfaced in late February 2022. The song uses the same
beat as “Pull Up” by Don Q. The original file leaked in early April 2025.",01:49,,"Oct 1, 2022",Full,CD Quality,https://audiomack.com/realyoungboyneverbrokeagain/song/blue-diamonds-feat-nba-youngboy-never-broke-again
The Fault In Me,"On Fleek ⭐
(Reckless), (Prod.by CashMoneyAP & Vybe)","Recorded on 11.15.17. 😳
The original file leaked in early November 2024.",02:57,,"May 24, 2020",Full,CD Quality,https://audiomack.com/murda-fellow/song/on-fleek
The Fault In Me,"True 
(Believe Yourself), (Prod.by ???)","Recorded on 11.15.17. Lyrics posted by YB on Facebook
on the same day that it was recorded.",02:40,,"Sep 17, 2020",Full,High Quality,(Link Needed)
The Fault In Me,"Cold Blooded ⭐️
(Prod.by Mike Laury & Dubba-AA)","Moneybagg Yo diss, likely recorded days after the release
of collab tape ""Fed Babies"". The duo fell out due to claims that
YB didn't get paid for the collab. CDQ snippet surfaced in February
2021 and the untagged original file leaked in early July 2024.",02:26,,"Feb 20, 2021",Full,High Quality,(Link Needed)
"1 Leaks
1 Snippets
0 LQs
1 Features
1 Recordings
1 Unavailable???","Fed Babie's
(Fed Baby’s / Slime Era (2017 Sessions with Moneybagg Yo))","Recorded: September - November 2017.
(8/4/17) ""AI YoungBoy"" releases. (10/6/17) ""Ain't Too Long"" releases.
(11/17/17) Collab mixtape ""Fed Babie's"" releases.",,,,,,
Fed Babie's,"Moneybagg Yo - Exactly (Ft.)
(Prod.by DMacTooBangin & Tay Keith)",Uploaded to YouTube by HYPE after it leaked.,02:00,,"Aug 1, 2018",Full,CD Quality,(Link Needed)
Fed Babie's,"In Love with You (Ft. MoneyBagg Yo) 🏆
(Pacific / Letter To Dump),
(Prod.by NeilOnDaTrack)","Recorded in 10.?.17. Freestyled on an Instagram story.
Weeks after it was previewed by YB & Moneybagg Yo
on an Instagram live.",03:??,,,Snippet,Recording,
Fed Babie's,"Chosen One [V1]
(Prime Suspect [V1]), (Prod.by June The Genius)",Original version of the song that was sent to Moneybagg Yo and Kodak.,03:??,,,Rumored,Not Available,(Link Needed)
"
25 Leaks
2 Snippets
0 LQs
0 Features
1 Recordings
21 Unavailable???

                                            ","AHLAN
(AHLAN / Until Death Call My Name [V2] / Slime Era (December 2017 Sessions))","Recorded: Late 2017 / Late November - December 2017.
(11/17/17) Collab tape ""Fed Babie's"" releases.
(12/24/17) ""Ahlan"" was meant to release.
(12/31/17) ""Ahlan"" was again meant to release.
(3/21/18) YB announces that ""From The Bayou"" will release soon.
(4/27/18) Debut studio album ""Until Death Call My Name"" releases.",,,,,,
AHLAN,"Suicidal
(That's An OG), (Prod.by QRedOnTheTrack)",Unfinished song.,01:56,,"Nov 17, 2021",Full,"Standard
Quality",(Link Needed)
AHLAN,"Hallelujah (Ft. Project Yungin) 🏆
(Amen Hallelujah), (Prod.by DJ Swift & Dubba-AA)","Recorded in 11.?.17. Previewed twice by YB and may
have been on ""Ahlan"".",02:??,,,Snippet,Recording,https://youtu.be/jA8SJDF0pGI
AHLAN,"??? [V1]
(NBA 16 IDEA [V1]), (Prod.by P Crisco & DJ Chose)",Recorded in 12.?.17. Longer unfinished version.,03:55,,"Mar 9, 2024",Full,CD Quality,https://audiomack.com/murda-fellow/song/counting-up-money-v2
AHLAN,"??? [V2]
(NBA 16 IDEA [V2] / Stopping Me / Counting Up
Money / Villain), (Prod.by P Crisco & DJ Chose)",Recorded on 12.?.17. Unfinished song.,02:05,,"Nov 25, 2021",Full,CD Quality,(Link Needed)
AHLAN,"??? [V1]
(NBA 17 IDEA [V1] / Karma / Follow My Heart),
(Prod.by DJ Chose)","Recorded in 12.?.17. Longer unfinished version.
Recorded on the ""Blame It"" instrumental.",02:47,,"Jul 7, 2024",Full,"Standard
Quality",(Link Needed)
AHLAN,"??? [V2]
(Karma), (Prod.by DJ Chose)","Recorded in 12.?.17. Recorded on the ""Blame It"" instrumental and
may have been an OG version. CDQ snippet surfaced in late April 2023.",01:40,,"May 12, 2023",Full,High Quality,https://audiomack.com/_luhsteve/song/nba-youngboy-karma
AHLAN,"BLAME IT [Rough Mix]
(Prod.by DJ Chose)","Recorded in 12.?.17. Has an open verse.
CDQ snippet surfaced in late 2019. The original file leaked in 2024.",02:47,,"Nov 17, 2019",Full,High Quality,(Link Needed)
AHLAN,"Best Thing I've Ever Had
(Prod.by BL$$D & Backpack)",Has an open verse.,03:10,,"April 3, 2022",Full,CD Quality,(Link Needed)
AHLAN,"Everybody Racked Up
(Prod.by Mustard)",Unfinished song with two open verses.,03:33,,"May 12, 2023",Full,"Standard
Quality",https://audiomack.com/38kentrell/song/everybody-racked-up-hook-only
AHLAN,"Gone Be A Murda
(Prod.by Mike Laury & Dubba-AA)","Has an open verse, likely recorded the same day as ""AF1"".",03:03,,"May 12, 2023",Full,CD Quality,(Link Needed)
AHLAN,"AF1
(NBA IDEA 27 / Air Force 1), (Prod.by Mike Laury &
Dubba-AA)","He shoutouts YSL as his ""Gang"" in song due to him being closely affilated with
thug and YSL at this time. CDQ snippet surfaced in October 2021, second
snippet surfaced in January 2022 and leaked a few months later. Previewed by
leakers in early April 2022.The original file leaked in 2024.  Unfinished song.",02:55,,"May 9, 2022",Full,"Standard
Quality","(Link Needed)

.."
AHLAN,"No Safety [Rough Mix]
(Heaven Made), (Prod.by DJ Swift & Dubba-AA)","Recorded in 12.?.17. Previewed by YB on Instagram live in late
January 2018 and previewed by leakers on Instagram live in 2021,
was a previous grail in the comm. CDQ snippet surfaced late October 2021.",03:13,,"Feb 10, 2022",Full,"Standard
Quality",(Link Needed)
AHLAN,"Highway [V1]
(Tramadol), (Prod.by The Martianz)",Recorded in 12.?.17. Version without Terintino.,02:??,,,Rumored,Not Available,
AHLAN,"Spread Your Legs [Rough Mix]
(Prod.by ???)","Recorded in 12.?.17. Previewed by YB in an Instagram story. CDQ snippet
surfaced in October 2021 and the original file leaked in early July 2024.",02:02,,"Feb 10, 2022",Full,CD Quality,(Link Needed)
AHLAN,"Survivor [Rough Mix] ⭐️
(Jamaican Talk 2 / Chose This Life / Ryder),
(Prod.by Mike Laury & Dubba-AA)","CDQ snippet surfaced in October 2021, the song was uploaded to
his YouTube channel in October 2022 and quickly privated.
Real Gee Money diss. The original file leaked in late March 2024.",03:12,,"Nov 20, 2021",Full,"Standard
Quality","https://audiomack.com/isellruntz/song/chose-this-life-gee-money-diss
https://untitled.stream/library/project/5uxaKS78sjrxA0Uqbbzlw"
AHLAN,"Never Stop ⭐️
(Tupac Talk / Life Of A Drug Dealer),
(Prod.by Louie Bandz & Dubba-AA)",Recorded in 12.?.17. Previewed by Montana in late 2018.,03:00,,"Oct 25, 2020",Full,CD Quality,(Link Needed)
AHLAN,"This For The [V1]
(Another One), (Prod.by DMacTooBanging)","Recorded in 12.?.17. Version with less autotune.
Untagged snippet surfaced in July 2025.",03:??,,,Snippet,CD Quality,(Link Needed)
AHLAN,"This For The [V2] [Rough Mix] ⭐️
(Another One), (Prod.by DMacTooBanging)","Recorded in 12.?.17 and previewed in the studio. Leaked for free. The original
file leaked in February 2025. Version of the song without Quando Rondo.",03:07,,"Oct 15, 2023",Full,"Standard
Quality",(Link Needed)
AHLAN,"The Other Side
(Nene Pick Up The Phone / Head Hunter),
(Prod.by Ceddy Bo & Dubba-AA)","Recorded in 12.?.17. May have been recorded around the same time as
""Another One"" & ""Highway"". Referenced by YB in the intro of
released song ""Show Me Your Love"".",03:10,,"Aug 11, 2020",Full,CD Quality,(Link Needed)
AHLAN,"Theme Song
(Prod.by Honorable C.N.O.T.E)",,02:09,,"Oct 14, 2021",Full,"Standard
Quality",https://audiomack.com/nbayoungboyrecords/song/nba-youngboy-theme-song
AHLAN,"Snitch [V1]
(Eli [V1]), (Prod.by Pooh Beatz & Abby “Samir”
Urbina)",,02:56,,"Nov 6, 2024",Full,CD Quality,
AHLAN,"No Fun [Rough Mix] ⭐️
(Alabama Talk), (Prod.by Figurez Made It & D-Rok)","Recorded in 1.?.18. 💀 Could've been on ""Ahlan"".",03:30,,"Jun 1, 2022",Full,CD Quality,(Link Needed)
AHLAN,"Out The Mud [Rough Mix]
(Ready 4 To Die / Ain't No Love In Da Streets),
(Prod.by Ceddy Bo & Dubba-AA)","Recorded in 12.?.17. Likely recorded the same day as the feature on
""Rain Storm"". Previewed by Montana. Untagged version leaked in
early September 2023.",02:57,,"Oct 31, 2021",Full,CD Quality,(Link Needed)
AHLAN,"FEEL BETTER [V1]
(Prod.by Louie Bandz & Dubba-AA)","Recorded in 1.?.18. Likely recordedon the same day as ""Never Stop"".
 Leaked the same day as four other unreleased songs.",02:39,,"Dec 9, 2019",Full,High Quality,https://pillowcase.su/f/7cb09a1396b2083cf74d098bfae0f49a
AHLAN,"Love Is Poison [V1] [Rough Mix]
(Prod.by CashMoneyAP)",Recorded in 1.?.18.,02:38,,"Apr 9, 2025",Full,CD Quality,
AHLAN,"Is You Down [Rough Mix]
(Jungle Fever / Down For Me),
(Prod.by 43 & CashMoneyAP)","Recorded in 1.?.18. Likely recorded the same day as
""Imma Take A Ride"". The original file leaked in 2024.",02:40,,"Nov 6, 2021",Full,High Quality,(Link Neeeded)
AHLAN,"Imma Take A Ride [Rough Mix] ⭐️
(Take A Ride), (Prod.by Young VVS & Dubba-AA)","Recorded in 1.?.18. Previewed by YB in the studio. Rapped by
YB while on Instagram live. Private bought from leakers.",02:55,,"Nov 9, 2021",Full,CD Quality,https://soundcloud.com/brucemfwayne/nba-youngboy-take-a-ride
AHLAN,"Rock Your Body
(Rock Your Body IDEA / Rockstar / Popstar),
(Prod.by ???)","Recorded in 12.?.17. Unfinished song that leaked
the same day as 7 other songs.",02:52,,"May 12, 2023",Full,CD Quality,(Link Needed)
AHLAN,"Crazy Love [Rough Mix]
(Prod.by Mike Laury & Dubba-AA)","Recorded in 1.?.18. CDQ snippet surfaced in mid 2021
YB mentiones the tape being named after a girl in this song.
The original file leaked in July 2024.",03:18,,"Oct 13, 2021",Full,CD Quality,
"11 Leaks
  0 Snippets
0 LQs
0 Features
0 Recordings
1 Unavailable???","From The Bayou [V1]
(Birdman Collab Tape)","Recorded: Late 2017 - Early 2018.
(3/21/18) YB announces that ""From The Bayou"" will release the next night.
(3/22/18) Collab mixtape ""From The Bayou"" was meant to release.
(4/27/18) Debut studio album ""Until Death Call My Name"" releases.",,,,,,
From The Bayou [V1],"THROUGH THE STORM [V1]
(Prod.by Mike Laury & Dubba-AA)",Recorded in late 2017. Different mix than the released version.,02:50,,"Oct 20, 2019",Full,"Standard
Quality",https://audiomack.com/gg_youngboy/song/nba-youngboy-through-the-stormoriginal-unreleased
From The Bayou [V1],"Birdman & NBA YoungBoy - My Honors
(Prod.by D-Rok & BJOnThaTrack)",CDQ snippet surfaced in early February 2021.,02:11,,"Apr 21, 2021?",Full,CD Quality,(Link Needed)
From The Bayou [V1],"Birdman & NBA YoungBoy - Victim [V3]
(Victim - NBA YB x Birdman - mix 3 dirty LOUD_ /
Sky), (Prod.by King Lee Boy & CashmoneyAP)",Longer version.,03:35,,"Jul 8, 2024",Full,High Quality,(Link Needed)
From The Bayou [V1],"Birdman & NBA YoungBoy - Victim [V4]
(Sky / Magnolia / Find My Way),
(Prod.by King Lee Boy & CashmoneyAP)","First previewed in a track list for the original “From The Bayou” 
on March 21, 2018. The album never released on its original 
March 22, 2018 release date so the song was unheard of 
until it later leaked in late 2021. The song did not 
make the 2021 cut of “From The Bayou"".",02:16,,"Oct 22, 2021",Tagged,CD Quality,https://pillowcase.su/f/1142a2f877597a841572aee045db56c9
From The Bayou [V1],"Birdman & NBA YoungBoy - Way I Live [V2]
(W I L -  NBA YB x Birdman - fs ref 2 LOUD /
Way Of Living / Before It's Over), (Prod.by
Figurez Made It & D-Rok)","First CDQ snippet surfaced in late 2019.
Short untagged CDQ snippet surfaced in late October 2020.
Tagged version leaked in early October 2021.",03:04,,"Oct 7, 2021",Full,"Standard
Quality",(Link Needed)
From The Bayou [V1],"Birdman & NBA YoungBoy - Slow Down 
(Prod.by ???)",Confirmed to have been a track on the mixtape.,,,,Confirmed,Not Available,
From The Bayou [V1],"ROCKSTA [V1] (Ft. Birdman)
(RR Life [V1]), (Prod.by D-Rok)",Recorded in 1.?.18. Different mix and instrumental from V2.,03:46,,"Apr 9, 2025",Full,CD Quality,(Link Needed)
From The Bayou [V1],"RR Life (Ft. Birdman) [Rough Mix]
(07. Rocksta x BIRD ROUGH MIX JV / Rocksta [V2] /
Livin' Like A Rockstar / Rockstar), (Prod.by D-Rok)","Recorded in 1.?.18. Confirmed was on the album. Originally was meant
to be track 7 on the unreleased ""From The Bayou"".
May have been recorded around the same time as ""No Fun"".",03:28,,"Dec 12, 2019",Full,CD Quality,https://pillowcase.su/f/db742fee4d823550c8ab019d6814bb4a
From The Bayou [V1],"Birdman & NBA YoungBoy - War [V2]
(War - NBA YB x STUNNA mix 2 dirty LOUD_),
(Prod.by 17OnDaTrack & D-Rok)","May have been recorded around the same
time as ""No Fun"" & ""Way Of Living"".",03:16,,"Jul 8, 2024",Full,"Standard
Quality",(Link Needed)
From The Bayou [V1],"Birdman & NBA YoungBoy - War [V3]
(Prod.by 17OnDaTrack & D-Rok)",,02:26,,"Mar 2, 2926",Full,CD Quality,https://pillowcase.su/f/9bf8a3c94a90eb64187d0538dac8b724
From The Bayou [V1],"Birdman & NBA YoungBoy - Stand Out
(Stand Off / Knock My Head Off),
(Prod.by Tre Gilliam, Louie Bandz & Dubba-AA)","Recorded in 1.?.18. CDQ snippet surfaced in September 2021.
The song leaked in early October 2021 in low quality with tags
and the studio file leaked two months later.",02:24,,"Dec 16, 2021",Full,CD Quality,https://pillowcase.su/f/dd796c8d624014d30bb0464e23b4c295
From The Bayou [V1],"Steady [V1]
(5. NBA Youngboy - Steady),
(Prod.by MarcussMuzik Of Beat Execz &
GT Of Beat Execz)",Recorded in 3.?.18.,02:48,,"Apr 9, 2025",Full,"Standard
Quality",
"    
29 Leaks
7 Snippets
0 LQs
3 Features???
7 Recordings
2 Unavailable???
                     ","Until Death Call My Name [V3]
(Until Death Call My Name [V3] / Slime Era (Early 2018 Sessions))","Recorded: Early 2018 / January 2018 - April 26th, 2018.
(11/17/17) Collab Mixtape ""Fed Babie's"" releases. (3/21/18) YB announces that
""From The Bayou"" will release the next night. (4/27/18) Debut studio album
""Until Death Call My Name"" releases. (5/18/18) ""Master The Day Of Judgment""
releases on YouTube. (6/15/18) ""Master The Day Of Judgment"" releases.
(6/28/18) ""Until Death Call My Name (reloaded)"" releases.",,,,,,
Until Death Call My Name [V3],"Deep
(Can't Remember / Hospital / Pain So Deep),
(Prod.by JTK)",,02:12,,"Sep 22, 2019",Full,"Standard
Quality",(Link Needed)
Until Death Call My Name [V3],"That's Dope
(Prod.by ???)","Leaked the same day as four other unreleased songs.
The original file leaked in early July 2024.",01:55,,"Dec 9, 2019",Full,High Quality,(Link Needed)
Until Death Call My Name [V3],"Kick Back [V1] ⭐️
(Get Back / Blasian Pt.2), (Prod.by Wheezy)",Leaked the same day as eight other unreleased songs.,02:54,,"Dec 8, 2019",Full,High Quality,(Link Needed)
Until Death Call My Name [V3],"Get Up
(Prod.by ???)",The filename was shown by leakers in early May 2026.,,,,Rumored,Not Available,(Link Needed)
Until Death Call My Name [V3],"Bandana 🏆
(Gunsmoke Town), (Prod.by Rico, Louie Bandz &
Dubba-AA)","Recorded in 1.?.18. Previewed by YB in an
Instagram story in early January 2018.
The filename was shown by leakers in early May 2026.",,,,Snippet,Recording,(Link Needed)
Until Death Call My Name [V3],"No Bap
(No Cap), (Prod.by Tahj Money, Que Laurentiu,
TnTXD & Rico)","Recorded in 1.?.18. Previewed by YB on an Instagram story as he
recorded the song. The song has the same instrumental to ""Suicide"" by
Sherwood Marty. The filename was shown by leakers in early May 2026.",,,,Snippet,Recording,https://www.reddit.com/r/NBAYoungboy/comments/1t535vj/another_grail_lost_file_recovered_2018/?utm_source=share&utm_medium=web3x&utm_name=web3xcss&utm_term=1&utm_content=share_button
Until Death Call My Name [V3],"Run My Bread Up ⭐️
(Finest Things), (Prod.by D-Rok)",,03:25,,"Oct 23, 2020",Full,High Quality,https://soundcloud.com/wyotopmusic/nba-youngboy-hold-on?si=3892023df57c49b28a97694e2839347e&utm_source=clipboard&utm_medium=text&utm_campaign=social_sharing
Until Death Call My Name [V3],"High Demand
(Opp Thots / Herpes In My Blood / thug holiday /
Richer), (Prod.by Pooh Beatz)","Previewed by YB in an Instagram story. Unmixed song.
May have been recorded around the same time as ""Eli"".",02:59,,"Nov 12, 2019",Full,"Standard
Quality",(Link Needed)
Until Death Call My Name [V3],"Jeffery ⭐️
(Letter To Kodak / Die Young / Time After Time /
Intro), (Prod.by DJ Chose)","Recorded on 2.11.18. Previewed by YB and the song
was named after Young Thug's real name.",03:06,,"Nov 21, 2019",Full,High Quality,https://audiomack.com/murda-fellow/song/jeffery
Until Death Call My Name [V3],"Flashing [V1]
(Overdose [V1]), (Prod.by Bighead)","Recorded on 2.12.18. Unmixed song.
The original file leaked in late May 2026.",02:30,,"Jul 9, 2022",Full,High Quality,
Until Death Call My Name [V3],"Love Me Or Not [V1]
(Prod.by Dubba-AA)",Recorded on 2.13.18. Longer unfinished version and unmixed.,03:24,,"Jan 16, 2024",Full,High Quality,https://audiomack.com/murda-fellow/song/love-me-or-not
Until Death Call My Name [V3],"Love Me Or Not [V2]
(Love Me Or Love Me Not), (Prod.by Dubba-AA)","Recorded on 2.13.18. Unfinished and unmixed song.
YB recorded parts on an Instagram live for then girlfriend Jania.",02:29,,"Apr 16, 2022",Full,CD Quality,https://soundcloud.com/shatiop/nba-youngboy-love-me-or-love-me-not-official-audio
Until Death Call My Name [V3],"Camp Out 
(Prod.by ???)","[Listed on the old tracker, unknown what it is]",,,,Snippet,Recording,(Link Needed)
Until Death Call My Name [V3],"Chief Keef & NBA YoungBoy - Fireman [V1]
(Fireman--mix1-- / Landlord), (Prod.by Tay Keith)","Previewed by YB in an Instagram story and previewed by Keef in an
early July 2018 Instagram story. Uploaded to Keef's YouTube
channel in 2019 and was later deleted for unknown reasons.",02:42,,"Apr 15, 2019",Full,"Standard
Quality",https://soundcloud.com/sealsea/fireman-chief-keef-ft-nba-youngboy
Until Death Call My Name [V3],"[Unknown Scott Scorch collaborations]
(Prod.by Scott Scorch)","In February 2018 YB could be seen in the studio with famous
record producer Scott Storch, it is unknown if they worked on a song.",,,,Rumored,Not Available,https://www.youtube.com/watch?v=-wbopi-IRy8
Until Death Call My Name [V3],"Burn Notice ⭐️🏆
(Home Invansion), (Prod.by ???)","Performed at a show in February 2018, the song was later given
to his close friend OG 3Three. Unreleased because of current
legal problems he faced at the time.",02:??,,,Snippet,Recording,https://www.youtube.com/watch?v=hHiiKT1Hchw&t=6s
Until Death Call My Name [V3],"Tha Realest 
(4. Tha Realest / The Castle / True Love /
New Chapter), (Prod.by M-80Beats)",Era unknown. Tagged version leaked in late 2019.,03:01,,"Nov 25, 2019",Full,"Standard
Quality",(Link Neeeded)
Until Death Call My Name [V3],"Offset - Impossible (Ft.)
(Prod.by London On Da Track)","Recorded on 3.23.18, it is unknown if the song was remastered on this date.
Leaked on LEAKTH.IS in August 2020 and the original file leaked
in early April 2025.",03:35,,"Aug 14, 2020",Full,High Quality,(Link Needed)
Until Death Call My Name [V3],"It's Whateva Whateva
(It's Whateva / Alone), (Prod.by ???)",Era unknown.,02:46,,"Nov 17, 2019",Full,"Standard
Quality",https://pillowcase.su/f/8b16ed47be76b9b78daa196dfd3894f4
Until Death Call My Name [V3],"???
(YB 1 / Tell A Story), (Prod.by Mykel On The Beat
& Abby “Samir” Urbina)","Previewed in an Instagram story in 2018. First song
recorded that day and likely an unfinished song.",03:20,,,Snippet,Recording,https://youtu.be/ZDV2jkQw7z4
Until Death Call My Name [V3],"Dangerous [V1]
(YB -  1), (Prod.by Mike Laury & Dubba-AA)",Recorded in 4.?.18. First song recorded that day.,03:06,,"Jul 8, 2024",Full,"Standard
Quality",
Until Death Call My Name [V3],"Switching Sides [V1]
(YB - 2 / Avatar), (Prod.by Mykel On The Beat)",Recorded in 4.?.18. Has an open verse. Second song recorded that day.,03:48,,"Nov 5, 2023",Full,"Standard
Quality",
Until Death Call My Name [V3],"Switching Sides [V2] ⭐️
(Avatar / Drip), (Prod.by Mykel On The Beat)","Recorded in 4.?.18. A 45 second snippet shouting out Young Thug was
posted to his YT channel on April 8, 2018. Second song he recorded that day.",02:35,,"Nov 21, 2019",Full,CD Quality,(Link Needed)
Until Death Call My Name [V3],"Fallen
(YB - 3), (Prod.by ???)",Recorded in 4.?.18. Third Song recorded that day.,02:57,,"Dec 4, 2019",Full,CD Quality,(Link Needed)
Until Death Call My Name [V3],"Believe [V1]
(Believe - YB 18 0), (Prod.by Ceddidit)","Longer unfinished version with one open verse. Likely recorded the
same day as his feature on ""About To Make A Million"" by OG 3Three.",04:47,,"Oct 23, 2023",Full,High Quality,https://audiomack.com/murda-fellow/song/believe
Until Death Call My Name [V3],"Believe [V2]
(Intro / Self Made / Now they see), (Prod.by Ceddidit)",Unfinished song that leaked with tags in late 2019.,00:51,,"Dec 27, 2019",Full,CD Quality,https://pillowcase.su/f/5a2f07d271b259260e2fd379c5104795
Until Death Call My Name [V3],"So Many Reasons
(NBA YoungBoy 4 11 18 2 / Reasons / Demon /
Leave), (Prod.by ???)","Recorded on 4.11.18. Second song recorded that
day and an unfinished song Has the same instrumental as
the 2018 released ""My Hittaz"".",03:24,,"Jan 4, 2021",Full,CD Quality,https://audiomack.com/murda-fellow/song/so-many-reasons
Until Death Call My Name [V3],"War ⭐️
(NBA YoungBoy 4 11 18 3 / Fuck 'Em / Misery),
(Prod.by Dubba AA & Louie Bandz)",Recorded on 4.11.18. Third song recorded that day.,03:00,,"Jul 13, 2019?",Full,High Quality,(Link Needed)
Until Death Call My Name [V3],"???
(NBA 4 14 18 / Intro / Vengeance),
(Prod.by Pooh Beatz & Go Grizzly)",Recorded on 4.14.18. Unfinished song.,00:52,,"Jan 21, 2020",Full,"Standard
Quality",https://audiomack.com/4kt-taliban/song/intro
Until Death Call My Name [V3],"Shining Hard [V1]
(Prod.by PlayboyXO)",Recorded on 4.?.18. Longer version.,03:31,,"Jul 8, 2024",Full,"Standard
Quality",(Link Needed)
Until Death Call My Name [V3],"Shining Hard [V2]
(Shining), (Prod.by PlayboyXO)","Recorded in 4.?.18. Previewed in an Instagram story by YB. Uploaded to
YouTube by RAP DAILY after it leaked. Unknown if it has a music video.",02:40,,"Jul 18, 2018",Full,CD Quality,https://audiomack.com/nbaruppa/song/nba-youngboy-shining-hard-wshh-exclusive-official-audio
Until Death Call My Name [V3],"Happy (Ft. Ced Escobar)
(Extensions / Trap Talk), (Prod.by ???)","May have been recorded around the same time as
""My Hittaz"" & ""70805"". Throwaway from ""70805"" and was briefly a track on
Ced's album ""5"" which was later removed for unknown reasons.",02:39,,"Jul 13, 2019",Full,CD Quality,https://audiomack.com/polodolorr/song/happy
Until Death Call My Name [V3],"Realtime [V1]
(Prod.by Ceddy Bo, Mike Laury & Dubba-AA)",Solo version of the song which was previewed by YB's baby mother.,,,,Snippet,Recording,https://www.tiktok.com/@kickback_10.19.17/video/7591724718957350162?is_from_webapp=1&sender_device=pc
Until Death Call My Name [V3],"Ghinill - Use Me (Ft.)
(Use Me w drops no tag_1 / RoyYB_Ghini),
(Prod.by Zaytoven)",Era unknown. May have been reworked on in 2020.,02:22,,"Jun 26, 2024",Full,High Quality,https://audiomack.com/realyoungboyneverbrokeagain/song/use-me-feat-nba-youngboy-never-broke-again-roy
Until Death Call My Name [V3],"Ghinill - Big Bank (Ft.)
(Prod.by ???)","Recorded on 4.25.18. Previewed by YB on an Instagram story.
The CDQ snippet surfaced in early August 2020.",02:51,,"Oct 26, 2023",Full,High Quality,(Link Needed)
Until Death Call My Name [V3],"Ghinill - Calabasas Hills [V1] (Ft.)
(Big Bank), (Prod.by ???)",Recorded on 4.25.18. Music video recorded to it in early 2019.,02:23,,"Oct 26, 2023",Full,CD Quality,https://audiomack.com/youngboyneverbrokeagainleakz/song/calabasas-hills
Until Death Call My Name [V3],"What Can You Say 🌟
(Luca Brasi / Nicki Minaj Pt 2 / What Would You Do),
(Prod.by Yung Lan)","Recorded on 4.25.18. Previewed by OG 3Three while on a phone call
with YB and previewed on an Instagram story by YB in August 2018.",02:50,,"Jul 29, 2019",Full,"Standard
Quality",https://audiomack.com/murda-fellow/song/what-can-you-say
"21 Leaks
3 Snippets
2 LQs
4 Features
1 Recordings
0 Unavailable???
    ","Master The Day Of Judgment
(House Arrest 2018 Sessions)","Recorded: Late April - May 2018 / 26th April - 31st May 2018.
(4/26/18) ""Until Death Call My Name"" releases.
(5/18/18) ""Master The Day Of Judgment"" releases only on YouTube.
(6/15/18) ""Master The Day Of Judgment"" releases on all streaming platforms.
(6/28/18) ""Until Death Call My Name (Reloaded)"" releases.",,,,,,
Master The Day Of Judgment,"Ced Escobar - The Third (Ft.)
(Let It Blow), (Prod.by ???)","Throwaway track from Ced's mixtape ""70805"".",03:06,,"Feb 24, 2021",Full,Low Quality,https://soundcloud.com/pallbearertop/the-third-ft-youngboy-never
Master The Day Of Judgment,"Ced Escobar - Cappin [V1] (Ft.)
(Prod.by David Tell Em, Ceddy Bo & Dubba-AA)",Version with less autotune. Untagged snippet surfaced in July 2025.,02:??,,,Snippet,CD Quality,(Link Needed)
Master The Day Of Judgment,"Ced Escobar - Cappin [V2] (Ft.)
(Prod.by David Tell Em, Ceddy Bo & Dubba-AA)","CDQ snippet was posted by YB on facebook in 2018.
Has the first part of chorus rapped by YB, may have been
recorded around the same time as ""Realtime"".",02:??,,,Snippet,CD Quality,https://www.youtube.com/watch?v=6NQ392Ayo3c
Master The Day Of Judgment,"Flame
(1 2 / Flame With That Rock), (Prod.by Louie Bandz
& Dubba-AA)","Unmixed and leaked with tags in 2020. Recorded
around the same time as ""Get Right"".",02:40,,"Jan 21, 2020",Full,"Standard
Quality",(Link Needed)
Master The Day Of Judgment,"??? (Ft. NBA KD)
(NBA Young Boy - 4 28 18 / 2 / Kentucky St. /
Shots Fired), (Prod.by ???)",Recorded in 4.28.18. Second song recorded that day.,02:11,,"Jan 25, 2020",Full,"Standard
Quality",(Link Needed)
Master The Day Of Judgment,"How Love Work ⭐️
(4 / Sincerely, Kentrell / My Feelings),
(Prod.by Mook On The Beat & Dubba-AA)",Recorded on 4.28.18. Fourth song recorded that day.,02:59,,"Jan 22, 2020",Full,"Standard
Quality",https://audiomack.com/murda-fellow/song/how-love-work
Master The Day Of Judgment,"Jayden
(5 / Topic), (Prod.by June The Genius)","May have been the fifth song recorded that day.
The original file leaked in 2024.",02:14,,"Jan 22, 2020",Full,High Quality,(Link Needed)
Master The Day Of Judgment,"Real Niggas
(7), (Prod.by Mykel On The Beat & Supply
And Demand)","Unmixed song. May have been the seventh song recorded that day.
The original file leaked in late March 2024.",01:51,,"Jan 25, 2020",Full,"Standard
Quality",https://audiomack.com/NeverBrokeAgain4KT/song/real-niggas
Master The Day Of Judgment,"Same Youngboy 
(Prod.by Mike Laury, Mook On The Beat &
Dubba-AA)","Previewed by leakers in 2019 and
CDQ snippet surfaced in April 2021.",02:21,,"May 31, 2021",Full,High Quality,https://audiomack.com/gg_youngboy/song/same-youngboy
Master The Day Of Judgment,"Home Tonight ⭐️
(NBA Young Boy - 4 29 18), (Die Tonight /
False Allegations / Caskets and Slugs),
(Prod.by Mook On The Beat & Dubba-AA)","Recorded on 4.29.18. May have been recorded around the same time as
""Thug Cry"". CDQ version leaked with tags in 2019 and the
original file leaked in early January 2024.",02:33,,"Nov 26, 2019",Full,High Quality,(Link Needed)
Master The Day Of Judgment,"??? - ??? (Ft.)
(S x YB Feature-Complete / Underdog), (Prod.by ???)",Era unknown. The original file leaked in early April 2025.,02:55,,"Dec 3, 2021",Full,Low Quality,(Link Needed)
Master The Day Of Judgment,"No Meaning [V2]
(NBA2 - Martian 2 / Alone), (Prod.by Yung Lan)",Unmixed song and may have been the second song recorded that day.,02:17,,"Jan 4, 2022",Full,"Standard
Quality",https://audiomack.com/slimeleakz38/song/no-meaning?share-user-id=116312800
Master The Day Of Judgment,"Gang Forever [Rough Mix] ⭐️
(NBA4 / Retaliation / AMR / Right Or Wrong /
Who Want With Us), (Prod.by FATBOI & Gino?)","Recorded in 5.?.18. Real Gee Money diss and tribute to deceased manager
Big Dump. First surfaced as a full low quality song in March 2019.
May have been the fourth song recorded that day.",02:58,,"Dec 2, 2019",Full,"Standard
Quality",https://audiomack.com/jjacob-yb/song/nba-young-boy-gang-forever-rgh-bnc?share-user-id=116312800
Master The Day Of Judgment,"I Saw It
(Gee Money Diss), (Prod.by Ceddy Bo &
Dubba-AA)","Recorded in 5.?.18. Most of the song was previewed by YB in
September 2018 and later leaked the next year. May have been recorded
around the same time as ""Yessir"" & ""Gang Forever"". Real Gee Money Diss.",02:42,,"Dec 27, 2019",Full,"Standard
Quality",https://audiomack.com/gg_youngboy/song/i-saw-it?share-user-id=116312800
Master The Day Of Judgment,"Moving On
(Prod.by ???)","Unmixed song. Not to be confused with the released ""Moving on""
feature. CDQ snippet surfaced in late 2019 and instrumental
was later used by friend NBA OG 3Three.",02:32,,"Jan 25, 2020",Full,"Standard
Quality",https://audiomack.com/murda-fellow/song/moving-on?share-user-id=116312800
Master The Day Of Judgment,"If You Need Me ⭐️
(NBA10 / All Love / I'm for Nene / Can't Forget / Call
Me), (Prod.by Mike Laury, Louie Bandz & Dubba-AA)",Recorded in 5.?.18. Unmixed song.,02:55,,"Nov 29, 2019",Full,"Standard
Quality",https://audiomack.com/murda-fellow/song/if-you-need-me
Master The Day Of Judgment,"Prayers
(NBA13 / Diamonds On Me / Oh Naomi 2),
(Prod.by Mike Laury & Dubba-AA)",Recorded in 5.?.18.,02:44,,"Nov 23, 2019",Full,"Standard
Quality",https://audiomack.com/murda-fellow/song/prayers
Master The Day Of Judgment,"Vengeance ⭐️
(01 NBA 5 10 18 _2 [EB ALBUM MIX] /
Break The Code), (Prod.by Yung Lan)","Recorded on 5.10.18. Previewed by YB and his producers.
Was supposed to release on ""Until Death Call My Name (Reloaded)""
with the music video. Lyrics were posted to YB's on Twitter in early 2019.
In late 2021 YB said that it would never release. Past grail in the comm.
Leaked in May 2026 in low quality with many tags. Days later, the
original filename would be shown by leakers.",02:40,,"May 3, 2026",Full,CD Quality,(Link Needed)
Master The Day Of Judgment,"Danger ⭐️
(Up Wit It / My Song 5), (Prod.by Gitt Fai)","Diss song to TBG (his opps). The producer Gitt Fai, leaked the 
song on SoundCloud in September of 2018. Has an unreleased
music video. Era unknown.",02:40,,"Sep 1, 2018",Full,High Quality,(Link Needed)
Master The Day Of Judgment,"Old News [V1]
(Prod.by Yung Lan & Young Kros Beats)","Has an open verse for Lil Skies.
Leaked the same day as 4 other unreleased songs.",02:50,,"Jul 27, 2019",Full,"Standard
Quality",(Link Needed)
Master The Day Of Judgment,"Old News [V2] (Ft. Lil Skies)
(Ride Or Die / Ball Everyday), (Prod.by Yung Lan
& Young Kros Beats)","Previewed by Lil Skies in a late June 2018 Instagram live.
CDQ snippet surfaced in early June 2022.",02:50,,"Jun 8, 2022",Full,CD Quality,(Link Needed)
Master The Day Of Judgment,"Lose Me [V?] (Ft. VL Deck) 🐟
(Prod.by Budda Beats)","Previewed by VL Deck in late October 2022, has a different YB verse,
unknown if its the first version. May have been recorded around the
same time as ""How Love Works"".",02:??,,,Snippet,Recording,https://www.youtube.com/shorts/E596wuhtGQk
Master The Day Of Judgment,"Lose Me [V2]
(Prod.by Budda Beats)","Leaked the same day as eight other unreleased songs.
The original file leaked in late March 2024.",02:56,,"Dec 8, 2019",Full,High Quality,
Master The Day Of Judgment,"Offset & NBA YoungBoy - R.I.P. [V1]
(Opera Singer / R.I.P. (Ft. Offset) [V1]),
(Prod.by DJ Chose)",Unknown if redone or remastered on 5.15.18.,02:33,,"Nov 11, 2024",Full,High Quality,
"

117 Leaks
3 Snippets
0 LQs
6 Features???
2 Recordings
3 Unavailable???

","4444
(4444 / Muslim Era (Mid 2018 Sessions))","Recorded: May 19th - July 15th, 2018.
(6/15/18) ""Master The Day Of Judgment"" releases on all streaming platforms.
(6/28/18) ""Until Death Call My Name (Reloaded)"" releases/
(8/24/18) ""4Respect"" EP releases. (8/30/18) ""4Freedom"" EP releases.
(9/6/18) ""4Loyalty"" releases. (9/7/18) ""Decided"" releases.
(9/14/18) ""4WhatImportant"" releases. (9/14/18) 4444 Ep's are combined
and put together as a mixtape and released.",,,,,,
4444,"Take A Stand
(Who I Am), (Prod.by Yung Lan & Turbo)","Previewed by YB and has the same instrumental
as ""4 Real"" by YNW Melly. Curent grail in comm.",,,,Snippet,Recording,https://www.youtube.com/watch?si=Dm4iP8sJQe6zH-p-&v=xqOuFVZwyxg&feature=youtu.be
4444,"Kamikaze [V1]
(Prod.by Yung Lan)",Recorded in 6.?.18. Longer unfinished version.,03:20,,"Jul 5, 2024",Full,"Standard
Quality",(Link Needed)
4444,"Kamikaze [V2]
(We Rock), (Prod.by Yung Lan)","Recorded in 6.?.18. CDQ snippet surfaced in early May 2021.
May have been recorded around the same time as ""Lies"".",02:23,,"Jun 19, 2021",Full,CD Quality,(Link Needed)
4444,"Lies ⭐️
(38 Island / Letter From The Devil),
(Prod.by June The Genius)",Recorded in 6.?.18. Kevin Gates adds backing vocals to the song.,01:46,,"Dec 11, 2019",Full,"Standard
Quality",(Link Needed)
4444,"Shinin'
(Life Behind Bars), (Prod.by June The Genius)","Recorded in 6.?.18. Unfinished song.
Has the same instrumental as ""Gator Skin"" by EbZ.",01:51,,"Nov 27, 2019",Full,CD Quality,(Link Needed)
4444,"Last One ⭐️
(Let's Go To War / Go To War / Jaydayoungan Diss /
TBG / World On My Back), (Prod.by June The Genius)","Recorded in 6.?.18. TBG diss. May have been
recorded around the same time as ""Lies"".",01:57,,"Sept 11, 2019",Full,"Standard
Quality",(Link Needed)
4444,"Designer Jeans [V1]
(Prod.by Denaro Love)","Recorded in 6.?.18. Longer unfinished version
with two open verses.",02:54,,"Jun 23, 2024",Full,High Quality,(Link Needed)
4444,"Designer Jeans [V2]
(Turn my phones off), (Prod.by Denaro Love)",Recorded in 6.?.18.,01:38,,"Nov 19, 2021",Full,CD Quality,https://soundcloud.com/dora-fabijanic/nba-youngboy-designer-jeans
4444,"Pain Never Fades
(To The Grave / Take My Life), (Prod.by Denaro Love)",Recorded in 6.?.18. Unfinished song with a short open verse.,02:17,,"Jan 10, 2021?",Full,High Quality,(Link Needed)
4444,"[Unknown amount of songs produced by
Denaro Love]","In 2025 it was confirmed by the producer that they had made thirteen
songs on the same day, more have yet to be leaked.",,,,Confirmed,Not Available,(Link Needed)
4444,"Fuck NBA 🌟
(No Filter / Hiding Pounds / Ready 2 Die),
(Prod.by ???)","Previewed by YB and OG 3Three in an Instagram story.
Leaked on YouTube by producer DJ Jungle and reached more
than 10 million views. The original file leaked in late October 2023.",03:22,,"Dec 5, 2019",Full,High Quality,(Link Needed)
4444,"Hang It Up [V1]
(Prod.by ???)","Recorded in 6.?.18. Longer unfinished version with two open verses.
Previewed by YB on an Instagram live.",03:03,,"Apr 7, 2024",Full,"Standard
Quality",(Link Needed)
4444,"Hang It Up [V2]
(Tangeled Up), (Prod.by ???)",Recorded in 6.?.18.,01:41,,"Oct 13, 2022",Full,CD Quality,(Link Needed)
4444,"Double My Cup
(Prod.by Beatmonster Marc & Yung Lan)","Recorded in 6.?.18. CDQ snippet surfaced in early September 2021.
Untagged version leaked in early July 2024.",03:00,,"Oct 7, 2021",Full,High Quality,https://soundcloud.com/zang1804/nba-youngboy-double-my-cup
4444,"Run It Up [V2]
(Prod.by Julian Munro & Dyryk)","Unmixed version with the filedate 6.11.18. Dated after the
shooting of music video so it is unknown of type and intentions.",02:42,,"Jul 5, 2024",Full,High Quality,https://www.reddit.com/r/NBAYoungboy/comments/1rgtpxe/unmixed_run_it_up_vs_mixed_run_it_up_this_is_why/?utm_source=share&utm_medium=web3x&utm_name=web3xcss&utm_term=1&utm_content=share_button
4444,"Loved [Rough Mix]
(Hold Up), (Prod.by Yung Lan)","Recorded in 6.?.18. CDQ snippet surfaced late August 2024.
Second snippet surfaced in November 2024. Leaked as a GB bonus.
The original file leaked in early April 2025.",02:01,,"Feb 6, 2025",Full,"Standard
Quality",(Link Needed)
4444,"Tell 'Em [Rough Mix]
(Hold Up / Step On Em), (Prod.by KiloKeys Beatz,
Yung Lan & ???)","Recorded in 6.?.18. Snippet surfaced late August 2024 and
second snippet surfaced in November 2024. Intro previewed by
leakers on Instagram live in October 2024.",02:38,,"Feb 10, 2025",Full,High Quality,https://audiomack.com/kstackin/song/nba-youngboy-tell-em-official-audio
4444,"Count It Up [Rough Mix]
(Paranoid / Gang Paranoia / No Capping /
Changing), (Prod.by Yung Lan)","Recorded in 6.?.18. Previewed by Montana, first CDQ snippet surfaced in
early 2020, second CDQ snippet surfaced late August 2024
and third snippet surfaced two months later. Private bought from leakers.
Intro and other parts previewed multiple times by leakers in late 2024.
Track samples the melody from ""Fly Away"" by TheFatRat.",03:02,,"Feb 10, 2025",Full,High Quality,https://audiomack.com/ballout-4/song/paranoid
4444,"Blossom ⭐️
(Prod.by Yung Lan)","Recorded in 6.?.18. CDQ snippet surfaced late August 2024.
Previewed on Instagram live by leakers in October 2024.",02:58,,"Oct 20, 2024",Full,"Standard
Quality",https://x.com/Kinggin_G/status/1848192057157746965
4444,"???
(Nation Business), (Prod.by ???)","Recorded in 6.?.18. Likely an unfinished song.
Untagged CDQ snippet surfaced in 2022.",02:??,,,Snippet,CD Quality,https://youtu.be/iAmA1sCGH2M
4444,"Michael Corleone [V1]
(Prod.by BricksDaMane, Dun Deal &
Earl on the Beat)",Recorded in 6.?.18.,01:54,,"Nov 26, 2023",Full,High Quality,
4444,"Leave Me
(Plenty Light), (Prod.by Yung Lan)","Recorded on 6.16.18. First surfaced as a CDQ snippet in late
February 2022. The original file leaked in early April 2025.",01:39,,"Oct 12, 2024",Full,High Quality,(Link Needed)
4444,"Alone [V1]
(Prod.by Yung Lan & KiloKeys Beatz)",Recorded on 6.16.18 and has an open verse.,03:10,,"Jul 6, 2024",Full,High Quality,(Link Needed)
4444,"Alone [V2]
(Get It On), (Prod.by Yung Lan & KiloKeys Beatz)","Recorded on 6.16.18. CDQ snippet surfaced in late November 2022.
Later leaked with ""Time Out"" and 12 other YB songs.",02:19,,"Jun 16, 2022",Full,CD Quality,(Link Needed)
4444,"Angel [V1]
(Prod.by Louie Bandz & Dubba-AA)",Recorded on 6.16.18. Diff mix and one diff chorus compared to V2.,03:10,,"Nov 10, 2024",Full,High Quality,(Link Needed)
4444,"Angel [V2]
(Guardian Angel [V1]),
(Prod.by Louie Bandz & Dubba-AA)","Recorded on 6.16.18. Diff mix and one diff chorus compared to V2.
Only a tagged version could be linked.",00:51,,"Aug 31, 2020?",Full,CD Quality,https://audiomack.com/macharris16/song/guardian-angel-not-finished
4444,"Timeless [V1]
(Gangsta [V1]), (Prod.by Felipe Spain & Yung Lan)",Recorded on 6.16.18. Version with a different mix and no autotune.,02:59,,"Nov 10, 2024",Full,High Quality,(Link Needed)
4444,"Gangsta [V2] ⭐
(Timeless [V2] / Draco Talk / Highlands / Never
Seen Before), (Prod.by Felipe Spain & Yung Lan)","Recorded on 6.16.18. Previewed by friend Ben10 on an
Instagram story in 2019. Autogenerated to YB's
YouTube channel in August 2021.",02:59,,"Dec 2, 2019",Full,High Quality,https://audiomack.com/hood-rich-nation/song/youngboy-never-broke-again-gangsta-official-audio
4444,"State Of Mind [V1]
(Prod.by Pooh Beatz & Go Grizzly)","Recorded on 6.16.18. The song has the same instrumental to
""Call On Me"" by Foolio.",02:42,,"Jul 6, 2019",Full,High Quality,(Link Needed)
4444,"State Of Mind [V2] 
(Prod.by Pooh Beatz & Go Grizzly)","Recorded on 6.16.18. Version with more autotune. The original file leaked in
late July 2024. The song has the same instrumental to ""Call On Me"" by Foolio.",02:42,,"Dec 14, 2020",Full,High Quality,(Link Needed)
4444,"Showdown [V1]
(NBA Youngboy.Xl - Showdown - 6.16.2018md -
G Minor - 153), (Prod.by Nwrk, Mosley Brothers
& XL Eagle)",Recorded on 6.16.18.,02:31,,"Nov 10, 2024",Full,High Quality,
4444,"Grind Flow 🌟
(Prod.by S1)",Recorded on 6.16.18. 😳 The original file leaked in early July 2024.,02:36,,"Oct 13, 2020",Full,High Quality,(Link Needed)
4444,"Pain [V1]
(RIP Dump [V1]), (Prod.by Figurez Made It &
Go Grizzly)",Recorded on 6.16.18 and has different parts.,02:44,,"Nov 10, 2024",Full,High Quality,
4444,"Gratitude 
(Prod.by DJ Swift & CashmoneyAP)","Recorded on 6.17.18. 😳 Unfinished song. Surfaced as a CDQ snippet
in late February 2022, the song later leaked in full three months later.
The original file leaked in early October 2024.",02:00,,"May 7, 2022",Full,High Quality,https://pillowcase.su/f/6c64e8536cf279bf8052beaf8da09e6c
4444,"Humdee
(ADHD Freestyle), (Prod.by Beatmonster Marc,
DJ Swift, CashmoneyAP & Drum Dummie)","Recorded on 6.17.18. Previewed while it was being recorded in the studio.
The original file leaked in early November 2024.",03:30,,"Nov 14, 2020",Full,High Quality,https://pillowcase.su/f/a6ae16517d7ef8e3f6fa4f55478c79bb
4444,"The Shady Room [V1]
(Prod.by Tahj Money & TnTXD)",Recorded on 6.17.18. Longer unfinished version.,03:27,,"Jul 7, 2024",Full,High Quality,https://pillowcase.su/f/7dfd534b925eeff1eac1c130d007c827
4444,"The Shady Room [V2]
(The Shade Room), (Prod.by Tahj Money & TnTXD)","Recorded on 6.17.18.
CDQ snippet surfaced in early December 2021.",01:49,,"Feb 1, 2022",Full,CD Quality,https://pillowcase.su/f/00795482810f24991a3b919c784d27f0
4444,"Movin
(Prod.by Quay Global)","Recorded on 6.17.18. CDQ snippet surfaced in late February 2022 
and the original file leaked in November 2024.",01:40,,"May 12, 2022",Full,High Quality,(Link Needed)
4444,"Present Tense 
(Prod.by EY3ZLOWBEATZ)",Recorded on 6.17.18. CDQ snippet surfaced in March 2022.,01:25,,"Aug 29, 2022",Full,CD Quality,https://pillowcase.su/f/3b37c689d2de337f0b4ba6f650bd5b5c
4444,"No Luck [V1]
(Prod.by Yung Lan & KiloKeys Beatz)",Recorded on 6.17.18. Has an open verse.,02:59,,"Nov 19, 2025",Full,CD Quality,(Link Needed)
4444,"No Luck [V2]
(Prod.by Yung Lan & KiloKeys Beatz)",Recorded on 6.17.18.,02:03,,"Dec 29, 2022",Full,CD Quality,(Link Needed)
4444,"??? - No Cap (Ft.) 🐟
(Eat Up The Competition), (Prod.by Dmac)","Recorded in 6.17.18. Leaked on YouTube in 2019.
The original file leaked in early April 2025.",03:26,,"Dec 27, 2019",Full,High Quality,(Link Needed)
4444,"See What I See
(Prod.by Yung Lan, KiloKeys Beatz & Paul Cabbin)","Recorded on 6.17.18. The same beat was used by Quando Rondo
on ""Forever"". The original file leaked in early April 2025.",02:43,,"Oct 27, 2020",Full,CD Quality,(Link Needed)
4444,"Forever [V1]
(JD On Tha Track x Kilo x Lil Tjay -- Signs),
(Prod.by Paul Cabbin, KiloKeys Beatz & Yung Lan)","Recorded on 6.17.18. Unfinished song with two
open verses for Quando Rondo and Shy Glizzy.",03:32,,"Apr 9, 2025",Full,High Quality,(Link Needed)
4444,"New Day
(Forever Bang), (Prod.by Yung Lan & ???)","Recorded in 6.?.18. May have been recorded around the same time
as the feature ""Forever"". The first CDQ snippet surfaced in September
2024 and second surfaced in early October 2024. Previewed by leakers
multiple times in late 2024. The original file leaked in early May 2026.",02:53,,"Feb 4, 2026",Full,High Quality,https://audiomack.com/gg_youngboy/song/new-day
4444,"Alone Now [V1]
(Prod.by DrellOnTheTrack)",Recorded on 6.18.18. Longer unfinished version.,03:41,,"Nov 13, 2024",Full,High Quality,https://audiomack.com/murda-fellow/song/alone-now
4444,"Alone Now [V2]
(Prod.by DrellOnTheTrack)",Recorded on 6.18.18 and has an open verse.,02:22,,"Jun 16, 2022",Full,CD Quality,(Link Needed)
4444,"Tik Tok
(Prod.by Tay Keith & June The Genius)","Recorded on 6.18.18 and an unfinished song.
CDQ snippet surfaced in February 2022.
The original file leaked in late June 2024.",02:53,,"Oct 14, 2022",Full,High Quality,(Link Needed)
4444,"Can't Compare [V1]
(Prod.by London On Da Track)","Recorded on 6.20.18. Recorded the same day as his
feature on Youngen Ace's ""Wanted"".",02:27,,"Jun 6, 2024",Full,High Quality,(Link Needed)
4444,"Can't Compare [V2]
(Prod.by London On Da Track)",Recorded on 6.20.18 and leaked on the same day as six other songs.,02:11,,"Dec 23, 2020",Full,CD Quality,(Link Needed)
4444,"Change [V1]
(Prod.by Taz Taylor, JRHITMAKER & BanBwoi)",Recorded on 6.20.18.,02:39,,"Nov 10, 2024",Full,High Quality,
4444,"Yungeen Ace - Spinnin' [V2] (Ft.)
(Prod.by AyyWalker)","Yungeen Ace was told by Fee Banks that YB recorded a
verse to the song.",,,,Confirmed,Not Available,https://www.reddit.com/r/NBAYoungboy/comments/1tbka6t/according_to_ace_yb_recorded_a_verse_for_this/
4444,"Icy
(Prod.by Shots Fired)","Recorded on 6.21.18. Untagged CDQ snippet surfaced in early April 2025.
Unfinished song with two open verses.",03:08,,"May 18, 2025",Full,High Quality,(Link Needed)
4444,"Over A Flow [V1]
(Prod.by XL Eagle)","Recorded on 6.21.18, unfinished song.",03:17,,"Jun 6, 2024",Full,High Quality,(Link Needed)
4444,"Over A Flow [V2]
(Overflow), (Prod.by XL Eagle)",Recorded on 6.21.18. CDQ snippet surfaced in March 2022.,01:25,,"Aug 29, 2022",Full,CD Quality,https://audiomack.com/spaxyzofficialmusic/song/nba-youngboy-overflow
4444,"All Y'all
(Tunechi Talk), (Prod.by GT Of Beat Execz)","Recorded on 6.21.18 and an unfinished song. CDQ snippet
surfaced on March 2022 and the song leaked a month later.
The original file leaked in early July 2024.",02:40,,"Apr 18, 2022",Full,CD Quality,(Link Needed)
4444,"Speed Race
(Prod.by DigitalNAS)",Recorded on 6.21.18 and has an open verse.,02:29,,"Oct 20, 2024",Full,High Quality,(Link Needed)
4444,"Young Thug & NBA YoungBoy - Permanent
Scar [V2] (Prod.by KennyBeats)",Recorded on 6.22.18. Version without Quando Rondo.,02:29,,"Jul 5, 2024",Full,High Quality,(Link Needed)
4444,"Autopilot (Ft. Lia and Rahel)
(Auto Piolet), (Prod.by Dubba-AA)",Recorded on 6.23.18.,05:40,,"Jul 27, 2019",Full,CD Quality,(Link Needed)
4444,"NBA YoungBoy & Lia and Rahel - The Middle
(In The Middle / New Bitch), (Prod.by KennyBeats)","Recorded on 6.23.18. The lyrics were posted to YB's on Twitter
in early 2019. The original file leaked in early July 2024.",02:58,,"Jul 14, 2019",Full,High Quality,(Link Needed)
4444,"Drag Race
(Prod.by London On Da Track)",Recorded on 6.23.18. Leaked for free.,00:54,,"Nov 11, 2024",Full,High Quality,https://audiomack.com/murda-fellow/song/drag-race
4444,"Turnt Up
(Prod.by Pierre Bourne)","Recorded in 6.23.18 and recorded the same day as ""Teniesha"".
Unfinished song.",01:54,,2022,Full,High Quality,(Link Needed)
4444,"Teniesha ⭐ 
(Prod.by Pierre Bourne)","In 2021 a known Youngboy leaker bought the song from famous leaker group
“The Source”. The first CDQ snippet surfaced in late January 2021. After it was
revealed to be produced by Pierre Bourne, it gained massive popularity outside
of the YB comm and became one of his biggest grails. It later leaked after
many snippets by a GB in May 2022.",02:44,,"May 13, 2022",Full,High Quality,(Link Needed)
4444,"Dorflinger & NBA YoungBoy - My Fire [V1]
(Prod.by CashmoneyAP)","Recorded on 6.24.18.
Recorded on the same day as ""Teniesha"".",02:01,,"Oct 5, 2024",Full,High Quality,
4444,"Hide Me [V1]
(Prod.by CashmoneyAP)",Recorded on 6.24.18. Longer Version. Unfinished song.,03:36,,"Nov 11, 2024",Full,High Quality,(Link Needed)
4444,"Hide Me [V2]
(Find Me), (Prod.by CashmoneyAP)","Recorded on 6.24.18. Unfinished song. CDQ snippet surfaced
in May 2022. The song leaked months after. The remix was
autogenerated to YB's YouTube channel in May 2024.",01:03,,"Sep 13, 2022",Full,CD Quality,(Link Needed)
4444,"You Can Love Me [V1]
(Prod.by Yung Lan)",Recorded on 6.24.18. Longer unfinished version.,03:23,,"Jul 5, 2024",Full,High Quality,(Link Needed)
4444,"You Can Love Me [V2] ⭐
(Fly Away Like A Bird), (Prod.by Yung Lan)",Recorded on 6.24.18.,02:37,,"Jun 1, 2022",Full,CD Quality,(Link Needed)
4444,"Eyes Of The Nation ⭐️
(WE ARE GREAT), (Prod.by Louie Bandz,
Dubba-AA & David Tell Em)","Recorded on 6.24.18. Atlantic Records diss. A CDQ snippet surfaced in
September 2020 and leaked in December with many tags.
The original file leaked in early April 2025.",02:29,,"Dec 14, 2020",Full,High Quality,(Link Needed)
4444,"[Unknown amount of 2018 songs with
Trey Songz]","In 2018 Trey Songz posted a picture of him and YB chilling in his house on
Instagram. The two likely had recorded music that day or around that time.",,,,Rumored,Not Available,
4444,"Yo Gotti - 30 For 40 (Ft. Trey Songz &
NBA YoungBoy) (2 Phones), (Prod.by Hitmaka)",Recorded in 6.?.18.,03:32,,"Apr 18, 2021",Full,"Standard
Quality",(Link Needed)
4444,"Sonyae & NBA YoungBoy - Big Now
(On My Own), (Prod.by Drumma Boy)",Recorded on 6.26.18. Unfinished song with an open verse.,04:18,,"May 30, 2020",Full,CD Quality,https://soundcloud.com/fortnight679/nba-youngboy-big-now-ft-sonyae
4444,"Too Legit [V1] (Ft. NBA OG 3Three)
(Prod.by Yung Lan & VicOnThaBeat)",Recorded on 6.26.18. Longer unfinished version.,03:00,,"Nov 10, 2024",Full,High Quality,https://audiomack.com/murda-fellow/song/too-legit
4444,"Too Legit [V2] (Ft. NBA OG 3Three)
(Prod.by Yung Lan & VicOnThaBeat)",Recorded on 6.26.18. Could've been a scrapped ref track.,01:35,,"May 13, 2022",Tagged,CD Quality,(Link Needed)
4444,"I Go Crazy [V1] (Ft. NBA OG 3Three)
(Prod.by Dubba-AA & Louie Bandz)","Recorded on 6.27.18. Song and OG 3Three verse is unfinished.
The original file leaked in early November 2024.",03:16,,"Jul 9, 2022",Full,High Quality,(Link Needed)
4444,"I Go Crazy [V2]
(Prod.by Dubba-AA & Louie Bandz)",Recorded on 6.27.18. CDQ snippet surfaced in February 2022.,01:47,,"Jul 9, 2022",Full,High Quality,(Link Needed)
4444,"Nobody Hold Me [V1]
(Prod.by Wheezy)",Recorded on 6.27.18. Shorter version without Quando Rondo.,02:04,,"Jul 1, 2024",Full,High Quality,(Link Needed)
4444,"Nobody Hold Me [V2] (Ft. Quando Rondo)
(NBA YoungBoy - Unknown Track), (Prod.by Wheezy)",Recorded in 6.?.18.,03:21,,"Nov 12, 2024",Full,High Quality,
4444,"This For Them (Ft. Quando Rondo)
(This For The [V3]), (Prod.by DMacTooBanging)",Recorded in 6.?.18. Longer version.,03:33,,"Nov 15, 2024",Full,High Quality,
4444,"Suigeneris - My Gang [V2] (Ft.) 🐟
(Prod.by ???)",Recorded on 6.27.18. Version with a different Suigeneris verse.,02:46,,"Nov 12, 2024",Full,High Quality,(Link Needed)
4444,"By Myself [V1]
(Prod.by Louie Bandz & Dubba-AA)","Recorded on 6.28.18. Longer unfinished version.
Not to be confused with the released ""By Myself"".",02:49,,"Nov 10, 2024",Full,High Quality,(Link Needed)
4444,"By Myself [V2]
(Prod.by Louie Bandz & Dubba-AA)","Recorded on 6.28.18. Not to be confused with the released ""By Myself"".
CDQ snippet surfaced in late February 2022.",01:36,,"Aug 29, 2022",Full,CD Quality,(Link Needed)
4444,"Suigeneris - My Gang [V3] (Ft.)
(NBA that be my gang / Diamonds), (Prod.by ???)",Recorded on 6.29.18. The original file leaked in September 2024.,02:45,,"Sep 29, 2023",Full,High Quality,https://audiomack.com/38kentrell/song/my-gang-unreleased
4444,"Same Type
(Told Me / Chicago), (Prod.by ???)","Recorded in 6.?.18. Influenced by Kodak Black's ""Project Baby Story""
& ""I.M.Y"". Leaked in December 2020 along with many other songs.",01:50,,"Dec 23, 2020",Full,High Quality,(Link Needed)
4444,"Fifty Pounds
(Prod.by DJ Chose)",Unfinished song.,01:09,,"Aug 29, 2022",Full,High Quality,(Link Needed)
4444,"The Game - 2 Days (Ft. Kevin Gates &
NBA YoungBoy) (24 2 Days),
(Prod.by YodaYae1K & 1040)","Leaked to file-sharing websites in 2021.
Might be a reference track for ""2 Hands"".",03:43,,"Jul 18, 2021",Full,High Quality,(Link Needed)
4444,"Kevin Gates & NBA YoungBoy - Rain On Me
[V1] (Rain On Me (Transfer) / I Am Who They Say
I Am (Ft. Kevin Gates) [V1]), (Prod.by DJ Suede
The Remix God & Abby “Samir” Urbina)","YB part and Kevin Gates original verse before transferred to a shorter beat.
Unmixed version without Kevin Gate's autotune.",05:46,,"Nov 11, 2024",Full,High Quality,(Link Needed)
4444,"Kevin Gates & NBA YoungBoy - Rain On Me 
[V2] (Prod.by DJ Suede The Remix God & Abby
“Samir” Urbina)","Previewed by Kevin Gates on Instagram live. May have released
on July 10th, 2018 under the name ""Who You Say I Am""
for a couple of weeks but it is unconfirmed.",,,,Snippet,Recording,https://www.youtube.com/watch?v=pRzo1-uBEUI
4444,"I Am Who They Say I Am [V3]
(Prod.by DJ Suede The Remix God & Abby “Samir”
Urbina)",YB only version with an open verse.,02:47,,"Nov 11, 2024",Full,High Quality,(Link Needed)
4444,"I Am Who They Say I Am [V4] (Ft. Quando
Rondo) (Prod.by DJ Suede The Remix God &
Abby “Samir” Urbina)",Unmixed version of the song without Kevin Gates.,02:10,,"Nov 11, 2024",Full,High Quality,(Link Needed)
4444,"Trap House [V1] (Ft. Chief Keef) ⭐️
(YB 1--ref--), (Prod.by David Tell Em & Dubba-AA)","Previewed by YB in late July 2018. First song recorded that day.
The original file leaked in early May 2023.",03:00,,"May 13, 2022",Tagged,High Quality,(Link Needed)
4444,"Keep A Pistol (Ft. Chief Keef)
(SOSA YB 2 / YB 2), (Prod.by DP Beats)","The intro was previewed by Keef in January 2022. Second song
recorded that day. Two CDQ snippets surfaced in February 2022.
The original file leaked in late December 2022.
Released on ""DPONTHEBEAT, Vol.5"" on the July 31st, 2024.",01:58,,"May 30, 2022",Full,High Quality,https://krakenfiles.com/view/BMsJhEokmA/file.html
4444,"For Real 🐟
(Prod.by Honorable C.N.O.T.E.)","Recorded on 7.2.18 and an unfinished freestyle song.
CDQ snippet surfaced in March 2022.",02:32,,"Sep 2, 2024",Full,High Quality,https://audiomack.com/murda-fellow/song/for-real
4444,"Cook Up [V1]
(Prod.by Dubba-AA)",Recorded on 7.2.18 and an unfinished song.,03:15,,"Jul 5, 2024",Full,CD Quality,(Link Needed)
4444,"Cook Up [V2]
(Prod.by Dubba-AA)","Recorded on 7.2.18. Tagged version leaked in late January 2022.
Untagged version leaked in March 2023.",01:48,,"Jan 27, 2022",Full,CD Quality,https://www.youtube.com/watch?v=rG4DngsoIYc
4444,"On A Boat [V1]
(Prod.by Yung Lan & Trauma Tone)",Recorded on 7.2.18. Different parts in the verses.,02:43,,"Jul 5, 2024",Full,High Quality,
4444,"On A Boat [V2]
(Prod.by Yung Lan & Trauma Tone)",Recorded on 7.2.18.,02:58,,"Apr 9, 2025",Full,High Quality,
4444,"Water Love [V3]
(On A Boat [V3]), (Prod.by Yung Lan & Trauma Tone)","Recorded on 7.2.18. Previewed on an Instagram story and likely to
have been a track on the 2018 unreleased mixtape ""38 Baby 2"".
The original file leaked in March 2024.",03:02,,,Full,CD Quality,
4444,"Trust You
(Prod.by Taz Taylor)",Recorded on 7.3.18.,02:32,,"Jul 5, 2024",Full,High Quality,(Link Needed)
4444,"Die Hard ⭐️
(Red Zone), (Prod.by Drum Dummie)","Recorded on 7.3.18. Previewed by YB a month later, CDQ snippet surfaced in
early May 2021 and a low quality snippet surfaced in 2023. Very likely to have
been on ""38 Baby 2 [V2]"". Second CDQ surfaced in late August 2024 and
was a previous grail in comm. GB succesfully for $2.5k with ""For Real"".",02:28,,"Sep 3, 2024",Full,High Quality,(Link Needed)
4444,"Better Me
(Happy Birthday), (Prod.by JD On Tha Track)",Recorded on 7.5.18. Unfinished song with three open verses.,03:59,,"Oct 20, 2024",Full,CD Quality,https://audiomack.com/danie-6716/song/better-me
4444,"Too Many Games [V1]
(Prod.by Dubba-AA & Ceddy Bo)",Recorded on 7.5.18.,02:54,,"Sep 10, 2024",Full,High Quality,(Link Needed)
4444,"Too Many Games [V2]
(Prod.by Dubba-AA & Ceddy Bo)","Recorded on 7.5.18. Purchased by leakers sometime in 2022.
First snippet surfaced in early 2022. Newer snippets were previewed on
discord in March and June 2024. Real Gee Money and TBG diss.",02:54,,"Sep 10, 2024",Full,High Quality,(Link Needed)
4444,"Money Gon Talk For Me
(Talk For Me / Have You Ever 2), (Prod.by Drago)",Recorded on 7.5.18. The original file leaked in ealy July 2024.,03:25,,"Jan 9, 2021",Full,CD Quality,(Link Needed)
4444,"Rider
(Prod.by Drago)",Recorded on 7.5.18. The original file leaked in early November 2024.,03:14,,"Oct 20, 2020",Full,CD Quality,(Link Needed)
4444,"Favor For Favor
(Let's Talk), (Prod.by Tay Keith & Chopsquad DJ)",Recorded on 7.5.18. The original file leaked in early July 2024.,02:04,,"Feb 1, 2022",Full,High Quality,(Link Needed)
4444,"Raise The Rate
(Streets / Fake), (Prod.by Tay Keith)","Recorded on 7.5.18. First CDQ snippet surfaced in late March 2022
and the second surfaced in early June 2022.
The song has the same beat as “Pay You Back” by Meek Mill.
Has two open verses. The original file leaked in early April 2025.",02:05,,"Sep 13, 2022",Full,High Quality,(Link Needed)
4444,"Shoulder Play [V1]
(Prod.by DrellOnTheTrack)",Recorded on 7.5.18. Longer unfinished version.,03:25,,"Nov 10, 2024",Full,High Quality,(Link Needed)
4444,"Shoulder Play [V2]
(Prod.by DrellOnTheTrack)","Recorded on 7.5.18. Unfinished song.
First CDQ snippet surfaced in March 2022
and the second surfaced in early May 2022.",01:29,,"Nov 2, 2022",Full,CD Quality,(Link Needed)
4444,"Fall Back
(Come Back), (Prod.by London On Da Track)","Recorded on 7.6.18. CDQ snippet surfaced in early May 2021.
The original file leaked in early November 2024.",01:51,,"Dec 18, 2021",Full,High Quality,https://soundcloud.com/h-dot-392796594/nba-youngboy-fall-back
4444,"Sundown [V1]
(Big 38 [V1]), (Prod.by Kacey Khaliel &
JuneOnnaBeat)",Recorded on 7.6.18.,02:57,,"Jul 5, 2024",Full,CD Quality,
4444,"Dame-D - FOE (Ft.)
(Prod.by DeCicco Beats)","Recorded in 7.?.18. Leaked in October 2022 as a Youngboy
only edit, the full song leaked days after.",02:48,,"Oct 19, 2022",Full,CD Quality,(Link Needed)
4444,"Blaatina & NBA YoungBoy - Wrong
(Prod.by Dubba-AA & Mike Laury)","Recorded on 7.7.18. Unfinished song. First CDQ Snippet surfaced in
November 2024 and second CDQ snippet surfaced in
December 2024. Leaked as a GB bonus.",03:08,,"Jan 15, 2025",Full,High Quality,(Link Needed)
4444,"Blaatina & NBA YoungBoy - No Meaning 🐟
(Never Could Be It), (Prod.by ???)","Recorded on 7.7.18. Untagged CDQ snippet surfaced
in early April 2025. Leaked for free.",03:13,,"Dec 10, 2025",Full,High Quality,https://audiomack.com/ballout-4/song/no-meaning?share-user-id=116312800
4444,"Ceremony
(Intro), (Prod.by David Tell Em & Dubba-AA)","Recorded on 7.7.18. Has manager Montana on the intro and may have been a
scraped intro for ""Decided"" or ""38 Baby [V2]"". CDQ snippet surfaced in
November 2024. Snippet of instrumental was previewed by leakers in late
December 2024 and leaked as a GB bonus.",00:30,,"Dec 28, 2024",Full,High Quality,https://audiomack.com/murda-fellow/song/ceremony
4444,"Be My Guest
(Guest / For The Change / No Mind), (Prod.by ???)",Recorded in 7.7.18. The original file leaked in November 2024.,02:38,,"Mar 23, 2020",Full,High Quality,(Link Needed)
4444,"Rob Your Ass
(Dirty Glock On Me / Hate Don't Love),
(Prod.by Mook On The Beats, DJ Swift &
CashMoneyAP)",Recorded on 7.7.18.,03:49,,"Dec 1, 2020",Full,High Quality,(Link Needed)
4444,"Model [V1]
(Prod.by DMacTooBangin)","Recorded on 7.7.18. Longer version with two open verses
which may have been for Kevin Gates.",03:38,,"Nov 10, 2024",Full,High Quality,(Link Needed)
4444,"Model [V2]
(Prod.by DMacTooBangin)",Recorded on 7.7.18.,01:49,,"Nov 11, 2022",Full,High Quality,(Link Needed)
4444,"Head On [V1]
(Prod.by DMacTooBangin)",Recorded on 7.7.18.,01:53,,"Apr 5, 2025",Full,High Quality,(Link Needed)
4444,"Head On [V2] (Ft. Kevin Gates)
(Prod.by DMacTooBangin)","Recorded on 7.7.18. May have been recorded around
the same time as ""Model"". Shorter version.",01:50,,"Jul 5, 2024",Full,High Quality,
4444,"Big [V2]
(Trap House [V2]),
(Prod.by David Tell Em & Dubba-AA)",Recorded on 7.7.18. Different mix and more autotune.,03:00,,"Nov 10, 2024",Full,High Quality,
4444,"Better Than That 🌟
(Letter To Nene / Can't Be Saved 3 / Damaged / Be
The Same / Getting Me Back), (Prod.by Yung Lan)","Recorded on 7.7.18. Recorded just before ""Can't Be Saved"".
CDQ snippet surfaced in July 2020 and leaked a month later with tags.
The original file leaked in early November 2024.",03:10,,"Aug 11, 2020",Full,High Quality,(Link Needed)
4444,"Take Off ⭐️
(Right My Wrongs), (Prod.by ???)","Recorded on 7.7.18. Leaked with tags in late 2020. May have been recorded
around the same time as ""We Dem"". The original file leaked in July 2024.",02:51,,"Dec 11, 2020",Full,High Quality,(Link Needed)
4444,"Your Touch [V2] ⭐️
(Soldier Mentality), (Prod.by Kacey Khaliel)","Recorded on 7.8.18. Leaked with tags in late 2020.
The original file leaked in early July 2024.",03:19,,"Dec 23, 2020",Full,High Quality,(Link Needed)
4444,"Paint
(Painted / Bigger Picture),
(Prod.by GT Of Beat Execz)","Recorded on 7.8.18. The original file leaked in early November 2024.
Leaked the same day as many other Youngboy songs. Real Gee Money Diss.",02:41,,"Dec 23, 2020",Full,CD Quality,(Link Needed)
4444,"Separation 🌟
(Love Story / Love Letter), (Prod.by CashMoneyAP)",Recorded on 7.8.18. The original file leaked in early April 2025.,02:21,,"Sep 15, 2021",Full,CD Quality,(Link Needed)
4444,"Clickin
(Montana Talk / Batman Pt 3 / Gave It All /
Came From / Platinum / In Control 2),
(Prod.by BatGangBeats)",Recorded on 7.8.18. The original file leaked in early November 2024.,02:49,,"Dec 23, 2020",Full,CD Quality,(Link Needed)
4444,"Loyalty
(Money & Loyalty / Pain Problems),
(Prod.by CashMoneyAP & Chrishan)",Recorded on 7.14.18.,02:36,,"Nov 25, 2019",Full,CD Quality,https://audiomack.com/sheluvkay/song/pain-problems?share-user-id=116312800
4444,"For The Change [V2] ⭐️
(Broken Promise / Change / Jania Diss),
(Prod.by CashMoneyAP & Rellymade)","Recorded on 7.14.18. Rare clip where YB is shown recording the song surfaced
in late July 2018. Rumored to have an unreleased music video. CDQ
snippet surfaced in August 2018. Autogenerated to YB's YT in August 2021.",02:38,,"Nov 25, 2019",Full,High Quality,(Link Needed)
"
67 Leaks
4 Snippets
0 LQs
9 Features
3 Recordings
0 Unavailable
","Decided
(Decided / Been That Era (Summer 2018 Sessions))","Recorded Mid July - September 6th, 2018.
(8/24/18) ""4Respect"" releases. (8/30/18) ""4Freedom"" releases.
(9/6/18) ""4Loyalty"" releases. (9/7/18) ""Decided"" releases.
(9/14/18) ""4WhatImportant"" releases. (9/14/18) 4444 Ep's are combined
and put together as a mixtape and released.",,,,,,
Decided,"What Up [V1]
(Bang Out 2), (Prod.by Mike Laury & Dubba-AA)","Recorded on 7.18.18. TBG diss. The original file leaked in September 2023.
 Leaked the same day as four other unreleased songs.",03:13,,"Dec 9, 2019",Full,High Quality,(Link Needed)
Decided,"Move Wrong
(We Gon' Step / Whaddup / Step Harder /
Screaming Murder / Red Rum Pt 2 / You Mad),
(Prod.by Dubba-AA)","Recorded on 7.18.18. TBG diss.
The orignal file leaked in November 2024.",02:04,,"Dec 17, 2019",Full,CD Quality,(Link Needed)
Decided,"Trippie Redd & NBA YoungBoy -
Hate Me [V1] (Prod.by Cheeto the Hero,
Cujo, Icy Chill Out, & StolenCable)",Recorded on 7.18.18. Original mix.,02:24,,2024?,Full,CD Quality,
Decided,"Exotic [V1]
(Everything Different [V1] / Twilight 2),
(Prod.by YMAR, Mally Mall & Diego Ave)",Recorded in 7.?.18. Different mix and instrumental.,02:39,,"Jan 18, 2021",Full,CD Quality,https://soundcloud.com/wyotopmusic/everything-different?si=a7851d09f82745c7ab6bc775e947537a&utm_source=clipboard&utm_medium=text&utm_campaign=social_sharing
Decided,"Exotic [V2] ⭐
(Everything Different [V2]),
(Prod.by YMAR, Mally Mall & Diego Ave)",Recorded in 7.?.18. CDQ version leaked sometime in 2021.,02:17,,"Nov 6, 2024",Full,High Quality,https://audiomack.com/murda-fellow/song/exotic
Decided,"Trippie Redd - Everything Different (Ft.)
(Exotic [V3]), (Prod.by Star boy & Outtatown)","Theres not much known of the exact origins of this collaboration, and
whether it belonged to Trippie or YB initially. What is known is that
YB's vocals were placed on a different instrumenal sometime in 2021.
The alternate version of this track was released under Culture Jam,
with a Rod Wave feature.",02:36,,"Oct 30, 2022",Full,CD Quality,(Link Needed)
Decided,"Trippie Redd - Move Move (Ft.)
(Got to Prove It / Stash House),
(Prod.by CashmoneyAP)","“Move Move” is a throwaway from Trippie Redd’s third mixtape
“A Love Letter To You 3”. Previewed on Instagram live by Trippie
Redd and leaked on Soundcloud.",03:13,,"Oct 9, 2018",Full,High Quality,https://audiomack.com/murda-fellow/song/move-move?share-user-id=116312800
Decided,"Anuel AA - 150 Bands (Ft.)
(Prod.by Yampi & Mally Mall)",Unknown if reworked on in early 2020.,03:08,,"Feb 23, 2021",Full,High Quality,https://audiomack.com/jmtv/song/150-bands
Decided,"Bang Out
(7. BangOut (MIX) (4 x 4 Truck) / 23K / Bang /
Evidence / Christmas Gift / Rock Out / Bang Hard /
Slanging Iron), (Prod.by Dubba-AA & ???)","Previewed twice by YB on an Instagram story.
Supposed diss towards YNW Melly's gang.",02:16,,"Nov 24, 2019",Full,"Standard
Quality",https://pillowcase.su/f/faeeae4ddc48eee3b55be90c257f0d98
Decided,"Drop Out [V1]
(DropOut [V1] / Intro), (Prod.by 1040 &
Drum Dummie)","Version with an added intro at the beginning,
this same intro leaked by itself in August 2018.",02:17,,"Nov 15, 2024",Full,High Quality,
Decided,"Everlasting
(Till My Time Gone), (Prod.by Stroud &
Beatmonster Marc)",Recorded in 7.?.18. Unfinished song with an open verse.,03:11,,"Sep 20, 2021",Full,CD Quality,(Link Needed)
Decided,"Swisha 
(No Talking / from the bottom), (Prod.by RellyMade
& CashMoneyAP)",Recorded in 7.?.18.,03:43,,"Dec 23, 2020",Full,High Quality,(Link Needed)
Decided,"Blue Flame [V2] 🐟
(Prod.by Andrew Lace & Taz Taylor)","Recorded on 7.23.18. CDQ snippet surfaced in early May 2021.
The original file leaked in early July 2024.",02:39,,"Jun 27, 2021",Full,High Quality,https://audiomack.com/murda-fellow/song/blue-flame?share-user-id=116312800
Decided,"Crazy Feelings [V1]
(Prod.by Gekko)",Recorded on 7.23.18. Longer unfinished version with an open verse.,03:05,,"Nov 10, 2024",Full,High Quality,https://audiomack.com/murda-fellow/song/crazy-feelings?share-user-id=116312800
Decided,"Crazy Feelings [V2] ⭐️
(Prod.by Gekko)","Recorded on 7.23.18. CDQ snippet surfaced in March 2022,
later leaked in August that year.",02:21,,"Aug 29, 2022",Full,High Quality,(Link Needed)
Decided,"Nobody Safe
(Prod.by Bruh N’ Laws & Beatmonster Marc)","Recorded on 7.24.18. Unfinished song with a long open verse.
The original file leaked in early April 2025.",02:48,,"Aug 29, 2022",Full,High Quality,(Link Needed)
Decided,"Fully Loaded
(Prod.by Beatmonster Marc, Louie Bandz &
Dubba-AA)","Recorded on 7.24.18. Unfinished song with two open verses.
Previewed by leakers in 2022 and snippet surfaced in June 2022.",03:24,,"Jul 6, 2022",Full,High Quality,(Link Needed)
Decided,"Four Seasons
(Dream World / Small World / 38 Seasons),
(Prod.by Brandon Finessin)","Recorded on 7.24.18. Leaked for free with tags due to file-sharing
websites in 2021. The original file leaked in early November 2024.",02:36,,"Aug 25, 2021",Full,High Quality,(Link Needed)
Decided,"Medic [V1]
(Prod.by Brandon Finessin)",Recorded on 7.24.18. Longer unfinished version.,02:35,,"Jul 5, 2024",Full,High Quality,(Link Needed)
Decided,"Medic [V2]
(Prod.by Brandon Finessin)",Recorded on 7.24.18.,01:35,,"Feb 8, 2022",Tagged,CD Quality,https://audiomack.com/gg_youngboy/song/medic
Decided,"Bang Out
(Bang Out 3 / Freestyle), (Prod.by Louie Bandz &
Dubba-AA)","Recorded on 7.24.18. Tagged version leaked in August 2020,
The original file leaked in early November 2024.",03:13,,"Aug 13, 2020",Full,High Quality,(Link Needed)
Decided,"Don't Care ⭐️
(Almost Free / Save Me / First Day Out),
(Prod.by Kenny Beats)","Recorded on 7.25.18. Was previewed by YB and Montana.
Was supposed to release on mixtape ""Decided"".",02:48,,"Jun 1, 2019",Full,High Quality,(Link Needed)
Decided,"Hopeless [V1]
(Breathe In Slow), (Prod.by Kenny Beats)","Recorded on 7.26.18. Leaked with tags and has two open verses..
Leaked the same day as eight other unreleased songs.
The original file leaked in early November 2024.",02:31,,"Dec 8, 2019",Full,CD Quality,(Link Needed)
Decided,"Hopeless [V2]
(Breathe In Slow), (Prod.by KennyBeatz)","Added parts and more adlibs.
Leaked the same day as four other songs.",02:44,,"Oct 1, 2021",Full,CD Quality,(Link Needed)
Decided,"Trapped Out [V1]
(Prod.by Dubba-AA & David Tell Em)",Recorded on 7.28.18. Unfinished version.,03:06,,"Apr 5, 2025",Full,CD Quality,(Link Needed)
Decided,"Trapped Out [V2]
(Prod.by Dubba-AA & Mike Laury)","Recorded on 7.28.18. The instrumental was previewed by YB on an
Instagram story in late February 2018. CDQ snippet surfaced in late
February 2022. The original file leaked in September 2024.",02:16,,"Oct 28, 2022",Full,CD Quality,(Link Needed)
Decided,"Burn Up
(Flash Out), (Prod.by Beatmonster Marc)","Recorded on 7.28.18. May have been recorded around the same
time as ""No Mentions"". Unfinished song with two open verses.",03:05,,"May 18, 2025",Full,High Quality,https://audiomack.com/murda-fellow/song/burn-up?share-user-id=116312800
Decided,"Pull Up [V1]
(Prod.by Dubba-AA, Louie Bandz & Beatmonster
Marc)",Recorded on 7.28.18. Longer version.,03:15,,"Nov 11, 2024",Full,CD Quality,(Link Needed)
Decided,"Pull Up [V2] ⭐
(Tonight / Causing Hell / Head Down), (Prod.by
Dubba-AA, Louie Bandz & Beatmonster Marc)","Recorded on 7.28.18. Previewed by YB in early 2019.
Recorded the same day as ""Top Down"".",02:12,,"May 12, 2020",Full,CD Quality,(Link Needed)
Decided,"Falses Allegations [V1]
(Prod.by Dubba-AA & Louie Bandz)",Recorded on 7.28.18. Longer unfinished version.,03:18,,"Nov 10, 2024",Full,CD Quality,(Link Needed)
Decided,"Falses Allegations [V2]
(Prod.by Dubba-AA & Louie Bandz)","Recorded on 7.28.18. Slight remix of ""My Hittaz"" by YB and VL Deck
and an unfinished song. May have been recorded around the same time
as YB's verse on the 2018 ""I Know"".",01:44,,"Aug 29, 2021",Full,CD Quality,(Link Needed)
Decided,"Mistreated
(Prod.by Thierry Chaunay & JohanErrami)","Recorded on 7.29.18. CDQ snippet surfaced in May 2022,
samples T.I's ""Let's Get Away"".",01:44,,"Aug 28, 2022",Full,High Quality,https://audiomack.com/murda-fellow/song/mistreated?share-user-id=116312800
Decided,"Ego
(Prod.by Thierry Chaunay)","Recorded on 7.29.18. Unfinished song. CDQ snippet surfaced in late
February 2022 and leaked a few months later.",03:08,,"May 31, 2022",Full,High Quality,(Link Needed)
Decided,"Chainz [V1]
(Prod.by OG Parker & Smash David)",Recorded on 7.29.18.,01:42,,"Jul 5, 2024",Full,High Quality,https://audiomack.com/murda-fellow/song/chainz?share-user-id=116312800
Decided,"Chainz [V2]
(Prod.by OG Parker & Smash David)",Recorded on 7.29.18 and an unfinished song.,00:59,,"Jun 16, 2022",Full,CD Quality,(Link Needed)
Decided,"Golden Angle [V2] ⭐
(Guardian Angel), (Prod.by Louie Bandz &
Dubba-AA)",Recorded on 7.29.18. Previewed by the producer the same day.,02:57,,"Mar 8, 2019",Full,CD Quality,(Link Needed)
Decided,"Keep Your Head Down
(Prod.by Mike Laury & Dubba-AA)",Recorded on 7.30.18.,03:05,,"Dec 19, 2024",Full,High Quality,https://audiomack.com/ballout-4/song/keep-your-head-down
Decided,"Conscience
(Not perfect), (Prod.by CashMoneyAP)","Unfinished song that has an open verse.
Leaked the same day as a couple other songs.",03:01,,"Dec 22, 2020",Full,CD Quality,(Link Needed)
Decided,"Sad Shit
(To My Grave / Open Minded), (Prod.by Dubba-AA)","Recorded on 7.30.18. Unfinished song with an open verse. 
Likely recorded the same day as ""Open Minded"". Two CDQ snippets
surfaced in late August 2021. The original file leaked in early
November 2024. Leaked a day after ""Time Out"".",03:01,,"Sep 1, 2021",Full,CD Quality,(Link Needed)
Decided,"Open Minded
(Dubba AA - Unknown Track), (Prod.by Dubba-AA)","Unfinished song, remix of TK Kravitz's ""Property"".
CDQ snippet surfaced in February 2022.",01:12,,"Jun 16, 2022",Full,CD Quality,(Link Needed)
Decided,"Investments 
(Prod.by Dubba-AA)","Recorded in 7.?.18. Unfinished song that was private bought from leakers.
Likely recorded the same day as ""Not Wrong Now"".",01:19,,"Feb 17, 2022",Full,High Quality,(Link Needed)
Decided,"Not Wrong Now [V1]
(Prod.by ArcazeOnTheBeat, Yung Tago & TnTXD)",Recorded on 7.30.18.,03:46,,"Nov 10, 2024",Full,High Quality,
Decided,"From A Spark [V1] ⭐️
(Life Of A Gangsta / Unconditional Soldier),
(Prod.by Fuse Posta)","Recorded on 7.31.18. Unfinished with an open verse. CDQ version
with a fake feature surfaced in early September 2021.
The original file leaked in early July 2024.",03:02,,"Sep 3, 2021",Full,CD Quality,(Link Needed)
Decided,"Change [V1]
(Rue - Change / 04 Change), (Prod.by Lottery)","May have been the fourth track recorded that day. Kevin Gates diss.
Not to be confused with the many other song called ""Change"".",02:01,,"Sep 5, 2023",Full,High Quality,(Link Needed)
Decided,"Change [V2]
(Fuck Gates / Fuck Breadwinners / Fuck Kevin /
By Any Means / Fuck Youngboy), (Prod.by Lottery)","Kevin Gates diss that was recorded after the all the tracks in 4444.
Not to be confused with the many other song called ""Change"".",01:55,,"Dec 8, 2019",Full,CD Quality,(Link Needed)
Decided,"I Got [V1]
(Prod.by SpeakerBangerz)","Unfinished song with two open verses.
May have been recorded around the same time as ""Guardian Angel [V2]"".",03:42,,"Oct 19, 2023",Full,CD Quality,https://audiomack.com/murda-fellow/song/i-got?share-user-id=116312800
Decided,"I Got [V2]
(Trials Of Life / All Alone), (Prod.by SpeakerBangerz)",,02:09,,"Oct 12, 2021",Full,CD Quality,(Link Needed)
Decided,"Amuesment Park [V1]
(Shallow), (Prod.by PlayboyXO)","Unfished with a long open verse. Sung on an Instagram live
in 2018 and first previewed in May 2019.",03:40,,"Jan 14, 2020",Full,High Quality,(Link Needed)
Decided,"Pain In Your Eyes ⭐️
(What Your Eyes Say), (Prod.by PlayboyXO)",,02:06,,"May 22, 2022",Full,CD Quality,(Link Needed)
Decided,"OTHERSIDE
(08.03.18 / Creator), (Prod.by ???)","Recorded on 8.3.18. Previewed by YB and has an open verse. Previous grail
in the comm which later leaked. CDQ snippet surfaced on December 2021.",02:30,,"Apr 8, 2022",Full,High Quality,(Link Needed)
Decided,"ALL THE WAY
(YB_ATW.018_JUNE), (Prod.by June The Genius)","The song is unfinished and has a open verse.
Leaked in 2020 with tags. The original file leaked in late October 2023.",03:47,,"Aug 13, 2020",Full,High Quality,(Link Needed)
Decided,"???
(Down), (Prod.by ???)","Heard through YB's headphones when
announcing the unreleased ""38 Baby 2 [V2]"".",,,,Snippet,Recording,https://youtu.be/5nByLoFOJ7Q?si=qvX7MKvaleJ8--ZR
Decided,"DJ The Rapper - Swish Pt. 1 (Ft.)
(Relay / Thug Life / Bulletproof), (Prod.by Duran)","Surfaced on a hidden Spotify playlist in early 2020. After the song leaked
it was redone by DJ The Rapper and released as a Part 2.",01:47,,"Jan 28, 2020",Full,CD Quality,https://audiomack.com/hxtedjay/album/steady-1
Decided,"Maine Muzik - Close Range (Ft.)
(Prod.by ???)","Recorded on 8.8.18. Likely recorded the same day as the 2018
""Cold Blooded"". The original file leaked in early July 2024.
Throwaway track from album ""Demarcus"" by Maine Muzik.",02:24,,"Dec 23, 2020",Full,CD Quality,(Link Needed)
Decided,"Wiz Khalifa - H2HOE (Ft.)
(Gang Shit), (Prod.by ???)","CDQ snippet surfaced in December 2020.
Likely recorded the same day as the 2018 unreleased ""Cold Blooded"".",03:42,,"Jan 25, 2021",Full,CD Quality,https://soundcloud.com/wyotopmusic/nba-youngboy-h2hoe-feat-wiz-khalifa-official-audio?si=6bd439092b8a403c8240e08531741d90&utm_source=clipboard&utm_medium=text&utm_campaign=social_sharing
Decided,"Cold Blooded
(Head Huncho / Cold Blooded 2),
(Prod.by Bruh N’ Laws & Beatmonster Marc)",,01:50,,"Nov 4, 2020",Full,CD Quality,https://pillowcase.su/f/8645bd72d0669efdfb8cf0f2d5e7d134
Decided,"Slum Baby & NBA YoungBoy - One Of A
Kind (Slatt Talk / Steady Thuggin), (Prod.by ???)","Unknown who it was previewed by. A recording of YB recording
the song was posted by a friend in 2018.",,,,Snippet,Recording,https://youtube.com/shorts/lCN8lM3Jq9g?si=z7pegUXtAh2nkdq0
Decided,"???
(Touching Her Toes), (Prod.by Yung Tago)","A freestyle of YB recording the song was posted to
Instagram by a friend of YB in early June 2019.",,,,Snippet,Recording,https://www.instagram.com/p/BygBrqsJ6Z3/?img_index=1
Decided,"No Hook [V1]
(411 [V1]), (Prod.by David Tell Em & Dubba-AA)","CDQ snippet surfaced in early January 2021 and it leaked a
week later on Soundcloud. The original file leaked in late October 2023.",02:56,,"Jan 16, 2021",Full,CD Quality,https://soundcloud.com/wyotopmusic/nba-youngboy-madonna?si=ed24e044d9ce4c60b2d1466d9253146d&utm_source=clipboard&utm_medium=text&utm_campaign=social_sharing
Decided,"411 [V2]
(No Hook [V2] / Madonna),
(Prod.by David Tell Em & Dubba-AA)",Previewed by YB on two Instagram stories.,02:56,,"Dec 24, 2024?",Full,High Quality,https://audiomack.com/murda-fellow/song/411?share-user-id=116312800
Decided,"Retarded ⭐
(Who Want Smoke / My Slime / 6 Flags / Stay In
Your Lane), (Prod.by Mike Laury & Dubba-AA)","Previewed by YB and NBA KD on an Instagram live. Previous grail in comm.
CDQ snippet surfaced late August 2024 and second snippet surfaced in
October 2024. Private bought from leakers. Era unknown.
May have been on the ""AI YoungBoy 2"" OG tracklist.",02:47,,"Oct 27, 2024",Full,"Standard
Quality",https://audiomack.com/murda-fellow/song/rtarded
Decided,"Live And Die 🌟
(Unknown Track / Sincerely, Kentrell /
Time Goes On / Love Hurt),
(Prod.by Mook On The Beats & Dubba-AA)","Released on YouTube in July 2019 and later deleted.
May have been recorded around the same time as ""Deceived Emotions"".
The song uses the same instrumental as ""3 Options"" by Quando Rondo.
Autogenerated to YB's Youtube and Spotify accounts in August 2021.",03:10,,"Jul 30, 2019",Full,"Standard
Quality",https://pillowcase.su/f/068adfa5c554415c0afe5cc993f8ebe8
Decided,"Convict Life ⭐️
(Convict / Wanna Be Alone),
(Prod.by $hop With Ken)","May have been recorded around the same time as ""338"" &
""Deceived Emotions"". Leaked the same day as ""I Thought"".",02:34,,"Oct 16, 2020",Full,CD Quality,https://pillowcase.su/f/fca23b627b0307587c80c1e0d506d3d1
Decided,"Dent Head Bitch
(Hot Shit / Outcast / Rockout / My Slime),
(Prod.by Dubba-AA)",Recorded on 8.23.18. Previewed on Instagram live twice.,03:08,,"Jul 14, 2019",Full,High Quality,https://audiomack.com/murda-fellow/song/dent-head-bitch?share-user-id=116312800
Decided,"Emotions
(Killing My Insides [V1] / Mean It),
(Prod.by Louie Bandz & Dubba-AA)","Recorded on 8.24.18. Has two open verses.
The original file leaked in early July 2024.",03:14,,"Jul 10, 2019",Full,High Quality,https://soundcloud.com/user-274661334-579557723/nba-youngboy-killing-my-insides
Decided,"Killing My Insides ⭐🏆
(Emotions / Mean It), (Prod.by Louie Bandz &
Dubba-AA)","Recorded on 8.24.18. Previewed multiple times on Instagram
live by YB.  Unknown if the song includes the verse and chorus in demo.",,,,Snippet,Recording,https://www.youtube.com/watch?v=IOmdhr_1THU
Decided,"Can't Trust ⭐️
(2 Shows / Swear To God), (Prod.by Pooh Beatz)","Recorded on 8.24.18. Previewed by YB on Instagram live.
CDQ snippet surfaced late September 2019.",02:02,,"Aug 3, 2019",Full,High Quality,https://pillowcase.su/f/58a405385b8cc09641249a99951f4556
Decided,"Percocet
(Rich Nigga Problems / RNP),
(Prod.by DrellOnTheTrack)","Recorded on 8.24.18 and was previewed on Instagram live by YB.
CDQ snippet surfaced in early May 2021. Unfinished song.
The original file leaked in early September 2023.",02:58,,"Oct 31, 2022",Full,CD Quality,(Link Needed)
Decided,"Save Myself
(Oh Lord / Prayers), (Prod.by $hop With Ken)","Recorded in 8.?.18. Previewed twice by YB and a CDQ snippet was teased
in an Instagram post in August 2019. Rumored to have a music video.",02:14,,"Aug 29, 2020",Full,CD Quality,https://pillowcase.su/f/b0f8d7f5737b11c33ce65de6f37d2d44
Decided,"Stainless
(Murder Me / Slime 'Em Out / Untamed),
(Prod.by TnTXD & $hop With Ken)","Recorded in 8.?.18. Previewed by YB on Instagram live. First CDQ
snippet surfaced in late September 2020 and second surfaced in
October 2020. Likely recorded the same day as ""Save Myself"".",02:43,,"Oct 23, 2020",Full,CD Quality,https://pillowcase.su/f/17ce02038a9143c000de1311de36d1d8
Decided,"MS. OLINDA [V1]
(Ms. Alinda [V1] / Never Loved You),
(Prod.by Dremusiq, Louie Bandz & Dubba-AA)","Recorded on 8.28.18. V2 was orginally track 7 on ""Decided"" but taken off.
The V2 was a choice for the ""TOP"" deluxe that never released in 2020.",03:13,,"Jul 8, 2024",Full,"Standard
Quality",https://pillowcase.su/f/04bed45d0e98887b18500f2127d497ae
"8 Leaks
 1 Snippets
0 LQ's
1 Features
1 Recordings
 1 Unavailable???","Boosie Collab Tape (2018)
(Unreleased Boosie Collab Tape (2018 Sessions))","Recorded: Decided - Realer Era.
(9/7/18) Decided releases. (9/14/18) 4444 Ep's are combined and put
together as a tape and releases. (12/20/18) Mixtape ""Realer"" releases.",,,,,,
Boosie Collab Tape (2018),"Boosie Badazz - Southern Smoke [V1] (Ft.)
(Prod.by ???)",Recorded on 7.24.18.,03:02,,"Jul 6, 2024",Full,CD Quality,
Boosie Collab Tape (2018),"Boosie Badazz & NBA YoungBoy - Dead [V1]
(WANT ME DEAD), (Prod.by ???)","Unfinished version of the song.
Previewed by Boosie on an October 2019 Instagram story.",01:12,,"Jul 11, 2019",Full,CD Quality,https://audiomack.com/polodolorr/song/0407ce2c-5f46-4db8-863a-27a18f8be301
Boosie Collab Tape (2018),"AMUSEMENT PARK [V2]
(AMUSEMENT PARK (extended)),
(Prod.by PlayboyXO)",Has an open verse for Boosie.,03:37,,"May 10, 2022",Full,High Quality,(Link Needed)
Boosie Collab Tape (2018),"Amusement Park [V3] (Ft. Boosie Badazz)
(Love Her) (Prod.by PlayboyXO)",Previewed by Boosie on a 2019 Instagram live.,02:??,,,Snippet,Recording,(Link Needed)
Boosie Collab Tape (2018),"Boosie Badazz & NBA YoungBoy - She
Want Some [V1] 🐟 (Twerk Some / Freak Talk),
(Prod.by ???)",Low quality version leaked in August 2019.,02:25,,"Nov 17, 2019",Full,CD Quality,https://audiomack.com/yb-leaks-archive/song/she-want-some-ft-boosie-badazz
Boosie Collab Tape (2018),"Boosie Badazz & NBA YoungBoy - So Long
[V1] (For So Long), (Prod.by Louie Bandz &
Dubba-AA)",Recorded on 8.25.18.,02:49,,"May 21, 2019",Full,CD Quality,https://audiomack.com/ysldemetrie/song/so-long-1
Boosie Collab Tape (2018),"After Death [V1]
(Mama I'm Sorry [V1]), (Prod.by Vintage Rippah)",Unfinished song.,04:01,,"July 7, 2024?",Full,Lossless,(Link Needed)
Boosie Collab Tape (2018),"After Death [V4] (Ft. Boosie Badazz)
(Mama I'm Sorry), (Prod.by Vintage Rippah)","Previewed on an Instagram live in March 2019.
Unfinished song with an open verse.",03:06,,"May 6, 2019",Full,CD Quality,https://audiomack.com/gwpohh/song/mama-im-sorry
Boosie Collab Tape (2018),"Boosie Badazz - RIDE [V2] (Ft.)
(Shit We Ride To [V2] / Pressure /
I Ride For You / TBG DISS), (Prod.by ???)","Recorded in 11.?.18. Previewed by leakers in early July 2019.
TBG Blvrd Quick & Real Gee Money diss.",02:57,,"Jul 11, 2019",Full,CD Quality,
"11 Leaks
1 Snippets
0 LQs
1 Features
0 Recordings
1 Unavailable???","38 Baby 2 [V3]
(38 Baby 2 [V3] / Post Decided Era (Autumn 2018 Sessions))","Recorded: Early September - Early November 2018 / 
8th September - November 2018.
(10/19/18) Collab Mixtape ""Kane & O-Dog"" releases.
(10/27/18) YB previews two snippets from the mixtape on Instagram live.
(10/29/18) ""38Baby 2"" is announced, later scrapped.",,,,,,
38 Baby 2 [V3],"LOVE ⭐
(Deuces In My Cup), (Prod.by PlayboyXO)",Recorded in 9.?.18. CDQ snippet surfaced in early September 2021.,03:45,,"Dec 10, 2021",Full,CD Quality,https://pillowcase.su/f/f34aec66abf0c286f69d13d927178f95
38 Baby 2 [V3],"Pain Reliever
(Prod.by DJ Swift)","Recorded in 9.?.18. Likely recorded the same day as ""Love"".
Unfinished song with an open verse.",02:45,,"Aug 11, 2020",Full,High Quality,https://pillowcase.su/f/61907cb154a461f570f06f88b2f73c1b
38 Baby 2 [V3],"???
(Youngin), (Prod.by ???)",Era unknown. CDQ snippet surfaced in late February 2022.,,,,Snippet,CD Quality,https://www.youtube.com/shorts/YqU3iu2Jtl0
38 Baby 2 [V3],"Come With Me ⭐
(True Story), (Prod.by ???)","Recorded on 9.13.18. Previewed twice by YB. Private bought from leakers.
Two CDQ snippets surfaced in late August 2024. Third snippet of intro
surfaced in late January 2025. Previous grail in comm.",02:46,,"Feb 10, 2025",Full,High Quality,https://audiomack.com/kstackin/song/youngboy-never-broke-again-come-with-me-true-story-official-audio
38 Baby 2 [V3],"LOVE ME NO MORE [V2] [Rough Mix]
(LOVE ME NO MORE NBA YOUNGBOY ROUGH 2 /
Slimeto), (Prod.by Vintage Rippah)","Previewed briefly on an Instagram story and has an open verse.
CDQ snippet surfaced in early May 2021.",03:11,,"Aug 10, 2021",Full,CD Quality,https://pillowcase.su/f/b8dec885f63e3aaed393d4c4c72531ae
38 Baby 2 [V3],"BIG TALK [V1] [Rough Mix]
(BIG TALK NBA YOUNGBOY ROUGH),
(Prod.by Vintage Rippah)",,02:44,,"Mar 17, 2024",Full,CD Quality,
38 Baby 2 [V3],"So Long [V2]
(0.9.26.18 Youngboy NBA - So Long / Thuggin For
So Long), (Prod.by Dubba-AA & Louie Bandz)","Version that was remastered on 9.26.18. Unfinished song with an open
verse. Leakers sent the song to Jay Da Youngan before it surfaced online.",02:54,,"May 22, 2019",Full,High Quality,https://on.soundcloud.com/lSXj42hwvWnbSpE33o
38 Baby 2 [V3],"Lil Pump - ??? (Ft.)
(YOUNGBOY VERSE / I Love It), (Prod.by ???)","Era unknown, recorded in 2018. Leaked in March 2022 with tags.",01:46,,"Mar 4, 2022",Full,High Quality,https://audiomack.com/murda-fellow/song/i-love-it
38 Baby 2 [V3],"PLAYING BOTH SIDES
(Front Door / Cutting Up / Murda She Wrote / Sorry
For The Wait), (Prod.by Louie Bandz & Dubba-AA)","Lyrics for the song was put in the caption when YB posted the cover for
""38 Baby 2 [V2]"", could've been the intro if was completed.",03:10,,"Aug 10, 2020",Full,High Quality,https://soundcloud.com/ysk_jimmy/nba-youngboy-playing-both-sides-official-audio
38 Baby 2 [V3],"After Death [V3] (Ft. Birdman) 🐟
(Mama I'm sorry), (Prod.by Vintage Rippah)","Unfinished song which originally hada short verse by Birdman
before Boosie got the open verse.",02:59,,"Dec 25, 2022",Full,CD Quality,(Link Needed)
38 Baby 2 [V3],"Beam Effect [V1]
(Goon Talk [V1]), (Prod.by DJ Swift & Dubba-AA)","Recorded in 10.?.18. File shown in an Instagram live where
YB previewed ""I Came Thru''. It was originally on ""38 Baby 2 [V2]""
and was renamed to ""Goon Talk"".",03:15,,,Confirmed,Not Available,https://youtube.com/shorts/vyk2hEZpkCc?si=wy66FJfHEBp-E5Jf
38 Baby 2 [V3],"TELL ME SOME
(Prod.by Mike Laury & Dubba-AA)","Recorded in 10.?.18. Previewed by YB in the studio.
Mixed and deep fried on a toaster.",02:33,,"Oct 7, 2021",Full,CD Quality,https://soundcloud.com/itscameron-847637947/nba-youngboy-tell-me-some-mp3?si=f9b77b38eafb49c68726006e94adeb48&utm_source=clipboard&utm_medium=text&utm_campaign=social_sharing
38 Baby 2 [V3],"HEY NOW [V1]
(NBAHN), (Prod.by DJ Swift, Louie Bandz &
Dubba-AA)",Recorded in 10.?.18. V2 leaked in June 2020.,02:43,,"Sep 13, 2023",Full,CD Quality,
"9 Leaks
 0 Snippets
0 LQs
3 Features
0 Recordings
2 Unavailable???","Realer
(Late 2018 Sessions)","Recorded: November - December 2018 / November - 20th December 2018.
(10/19/18) Collab Mixtape ""Kane & O-Dog"" releases.
(10/29/18) Mixtape ""38 Baby 2"" is announced, later scrapped.
(12/20/18) Mixtape ""Realer"" releases.",,,,,,
Realer,"Survivin [V1]
(Prod.by Yung Lan & DJ Swift)",Longer unfinished version with two open verses.,02:53,,"Nov 7, 2023",Full,High Quality,https://audiomack.com/murda-fellow/song/survivin?share-user-id=116312800
Realer,"Survivin [V2]
(Survive), (Prod.by Yung Lan & DJ Swift)",Unfinished song. CDQ snippet surfaced in December 2021.,01:14,,"Jan 13, 2022",Full,CD Quality,(Link Needed)
Realer,"Blind [V1]
(Cross Me [V1]), (Prod.by Bans &
Mook On The Beats)","Recorded in 11.10.18. Solo version of ""Cross Me"" seen in note files
when YB previewed ""I Came Thru"". Length was originally 02:32 long
and presumably had no features. Previewed briefly on Instagram live.",02:32,,,Confirmed,Not Available,(Link Needed)
Realer,"All In My Way [V1]
(Prod.by PlayboyXO)",Era unknown. Longer version with two open verses.,03:43,,"Jul 7, 2024",Full,High Quality,https://audiomack.com/murda-fellow/song/all-in-my-way?share-user-id=116312800
Realer,"All In My Way [V2]
(VVS Freestyle / Playboy Freestyle / All In The Way),
(Prod.by PlayboyXO)",Era unknown. CDQ snippet surfaced in late November 2021.,01:38,,"Nov 25, 2021",Full,High Quality,(Link Needed)
Realer,"Die Today
(Prod.by ???)","Unfinished song, era unknown. CDQ snippet surfaced in late
March 2022 and leaked two months later.",01:09,,"May 31, 2022",Full,High Quality,https://audiomack.com/gg_youngboy/song/die-today
Realer,"21 Savage - On Lock (Ft.)
(Top / Only Smoke), (Prod.by Kid Hazel)",,02:58,,"Apr 22, 2020",Full,"Standard
Quality",(Link Needed)
Realer,"BabyFace Kaedo - Tryna Go Broke (Ft.)
(Slow Down / Been That / Relapsed / Bottom Boy /
Slime Mentality 2 / Racks / Big Body),
(Prod.by Nick Mira)","Originally track 8 on the mixtape ""Life of Riska"" by Kaedo before
it was removed from streaming platforms.",02:57,,"Jan 25, 2019",Full,CD Quality,https://soundcloud.com/user-89409743/babyface-kaedo-feat-nba
Realer,"Play With Us [V1]
(Play Wit Us [V1]), (Prod.by Vintage Rippah)",Recorded in 12.10.18.,03:11,,"Apr 9, 2025",Full,CD Quality,
Realer,"At Night ⭐️
(Dope Lamp 2 / You Are Not Wrong / Live On After
Death / After Death / Time Of My Life), (Prod.by
Yung Lan, KiloKeys Beatz & SephGotTheWaves)",The original file leaked in December 2024.,02:46,,"Nov 21, 2019",Full,CD Quality,(Link Needed)
Realer,"Lil Phat - 2Pac (Ft. No Cap & NBA
YoungBoy) (Prod.by $hop With Ken)",Recorded in 12.?.18.,,,,Rumored,Not Available,https://www.youtube.com/watch?v=yFU99kVWjW4
"
68 Leaks
3 Snippets
2 LQs
8 Features???
3 Recordings
6 Unavailable???
","AI YoungBoy 2
(AI YoungBoy 2 / 38 Baby 2 [V4] (Early 2019 Sessions))","Recorded: December 20th, 2018 - May 13th, 2019.
(10/29/18) Mixtape ""38 Baby 2"" is announced, later scrapped.
(12/20/18) ""Realer"" releases. (5/13/19) YB gets arrested at Rolling Loud.
(8/16/19) YB gets released from jail and gets put on house arrest 
while he finishes ""AI YoungBoy 2"". (10/11/19) ""AI YoungBoy 2"" releases.",,,,,,
AI YoungBoy 2,"???
(Usher - You Remind Me [Sample]),
(Prod.by Dubba-AA)","The sampled usher instrumental could be heard while YB
was on Instagram live in the studio.",,,,Beat Only,Recording,https://www.youtube.com/watch?v=X-KCnbPqmXU
AI YoungBoy 2,"Tootie Raw - Hold Up [V2] (Ft.)
(No nigga like me), (Prod.by ???)","Previewed by Tootie Raw on Instagram and was never
cleared by YB. This is the original version without Boosie.",03:??,,,Snippet,Recording,"https://www.instagram.com/p/CDsM51CBgBn/
https://www.instagram.com/p/CLGHqalDe4g/?igsh=a2kwODNkMmh3ZTV2
https://youtube.com/shorts/jGxMofNbnvQ?is=y8jFJ5Z8zymTR032"
AI YoungBoy 2,"TRAP [V1]
(Prod.by Quay Global)","Recorded in 1.?.19. The CDQ snippet surfaced sometime in early 2022.
The original file leaked in early April 2026.",01:36,,"Jul 9, 2022",Full,High Quality,https://untitled.stream/library/project/5uxaKS78sjrxA0Uqbbzlw
AI YoungBoy 2,"Trap [V2] (Ft. Meechy Baby & VL Deck)
(Prod.by Quay Global)",Recorded in 1.?.19.,03:11,,"Jul 9, 2022",Full,High Quality,https://audiomack.com/unrelased/song/trap
AI YoungBoy 2,"Good Riddens (Ft. Meechy Baby)
[Rough Mix] (Good riddens.ejayrough /
He's A Thug / Plenty Bodies), (Prod.by Melo)","Previewed by YB on an Instagram live. CDQ snippet surfaced
in early May 2021 and full CDQ version leaked months after.
The original file leaked in late August 2024.",02:38,,"Nov 4, 2021",Full,High Quality,https://untitled.stream/library/project/5uxaKS78sjrxA0Uqbbzlw
AI YoungBoy 2,"OBN Jay & NBA YoungBoy - HOOLIGANS
[V1] (Slime Talk), (Prod.by PlayboyXO)","Recorded in 1.?.19. Previewed by OBN Jay.
The original file leaked in early April 2026.",03:01,,"Jun 6, 2019",Full,High Quality,https://untitled.stream/library/project/5uxaKS78sjrxA0Uqbbzlw
AI YoungBoy 2,"Brrrr [V1] [Rough Mix]
(Brrrr.ejayrough / Make No Sense [V1]),
(Prod.by Buddah Bless)","Recorded in 1.?.19. The file name was shown on
Instagram live in February 2019.",02:28,,"Aug 25, 2024",Full,High Quality,
AI YoungBoy 2,"???
(Prod.by Buddah Bless)","Recorded in 1.?.19. Confirmed to have been heard by
Buddah Bless in a 2025 interview.",,,,Confirmed,Not Available,https://www.reddit.com/r/NBAYoungboy/comments/1mhyt31/back_story_behind_make_no_sense_from_buddha_bless/?utm_source=share&utm_medium=web3x&utm_name=web3xcss&utm_term=1&utm_content=share_button
AI YoungBoy 2,"Seeming Like It [V1] [Rough Mix]
(Seeming Like It.ejayrough), (Prod.by Nick Mira,
J-Bo, Icy Chill Out, E-Trou & Mike WiLL Made-It)",,03:04,,"Aug 25, 2024",Full,High Quality,
AI YoungBoy 2,"What That Speed Bout?! [V1]
(Prod.by CuBeatz, 30 Roc & Mike WiLL Made-It)","Mike WiLL confirmed that they recorded the song after
""Seeming Like It"". Version without Nicki Minaj.",03:??,,,Confirmed,Not Available,
AI YoungBoy 2,"WRONG FOR THIS
(Prod.by $hop With Ken)","Has two open verses. First surfaced as a CDQ snippet in late February 2022
and leaked months later. The original file leaked in September 2023.",03:22,,"Jun 16, 2022",Full,High Quality,https://audiomack.com/murda-fellow/song/wrong-for-this?share-user-id=116312800
AI YoungBoy 2,"HELLCAT [Rough Mix] 
(Pussy Niggas), (Prod.by Vintage Rippah)","Released by YB himself but was quickly deleted from YouTube.
Could've been on 38 Baby 2 [V4]. TBG diss.",01:59,,"Feb 10, 2019",Full,"Standard
Quality",(Link Needed)
AI YoungBoy 2,"OUTTA HERE SAFE [V1] (Ft. Quando Rondo)
(First Day Out), (Prod.by MarcussMuzik Of
Beat Execz)","Previewed by YB after he was released from jail at Atlanta in February 2019
and could've been on ""38 Baby 2 [V3]"". Leaked with tags in May 2022
and the untagged version leaked in early July 2024.",02:45,,"May 13, 2022",Full,High Quality,(Link Needed)
AI YoungBoy 2,"[Unknown amount of early 2019 songs with
Quando Rondo]",In early 2019 Quando was regularly around YB and his camp at shows.,,,,Rumored,Not Available,
AI YoungBoy 2,"???
(Grandma Baby), (Prod.by ???)",Freestyled by YB on Yaya's Instagram live. Unconfirmed to be a real song.,,,,Rumored,Not Available,https://www.reddit.com/r/NBAYoungboy/comments/1blgigv/i_thought_grandma_baby_was_a_ai_song/
AI YoungBoy 2,"???
(YBxPoohBeatz / Keep It Strong),
(Prod.by Pooh Beatz)","Unfinished song. CDQ snippet surfaced in late May 2022
and leaked 3 days later. Likely recorded the same day as ""Realize"".",03:21,,"May 31, 2022",Full,High Quality,https://untitled.stream/library/project/5uxaKS78sjrxA0Uqbbzlw
AI YoungBoy 2,"???
(YBxPOOH BEATZ 2.28.19 NOT A FULL SONG /
Realize), (Prod.by Pooh Beatz & Go Grizzly)","Recorded on 2.28.19. Unfinished song with two open verses.
The original file leaked in early April 2025.",02:45,,"Jul 9, 2022",Full,High Quality,https://untitled.stream/library/project/5uxaKS78sjrxA0Uqbbzlw
AI YoungBoy 2,"???
(YB SONG 1 PROD. BY KENTRELL GAULDEN NOT
A FULL SONG / Pretend), (Prod.by PlayboyXO &
NBA YoungBoy)","First song recorded that day. Previewed by YB's mom on Instagram live.
CDQ snippets surfaced in late May 2022.",02:31,,"Aug 29, 2022",Full,High Quality,https://untitled.stream/library/project/5uxaKS78sjrxA0Uqbbzlw
AI YoungBoy 2,"??? [V1]
(YBxCM AP NOT A FULL SONG / Cursed Me [V1]),
(Prod.by 1040 & CashMoneyAP)",Longer version.,03:00,,"Jul 7, 2024",Full,High Quality,https://untitled.stream/library/project/5uxaKS78sjrxA0Uqbbzlw
AI YoungBoy 2,"??? [V2]
(Cursed Me / Love), (Prod.by 1040 & CashMoneyAP)","CDQ snippets surfaced in February 2022 and leaked
months later in a group buy with thirteen other YB songs.",01:11,,"Jun 16, 2022",Full,CD Quality,(Link Needed)
AI YoungBoy 2,"MY PAST
(YBxCM AP MY PAST NOT A FULL SONG / Past /
Pastor), (Prod.by CashmoneyAP)",CDQ snippet surfaced in April 2022 and has two open verses.,02:54,,"Jul 9, 2022",Full,High Quality,https://untitled.stream/library/project/5uxaKS78sjrxA0Uqbbzlw
AI YoungBoy 2,"NIGGAS DYIN IN THE STREETS [V1]
(NIGGAS DYIN IN THE STREETS PROD.
GREG DINERO NOT A FULL SONG),
(Prod.by Gregg Dinero)",Longer version with two open verses.,03:36,,"Nov 6, 2024",Full,High Quality,https://untitled.stream/library/project/5uxaKS78sjrxA0Uqbbzlw
AI YoungBoy 2,"NIGGAS DYIN IN THE STREETS [V2]
(Streets / Dying in the Streets), (Prod.by Gregg
Dinero)","Unfinished song, CDQ snippet surfaced in late May 2022.",00:53,,"Aug 29, 2022",Full,CD Quality,(Link Needed)
AI YoungBoy 2,"FOR KEEPS [V1] (Ft. Rich The Kid)
(STREET LULLABY [V1] (Ft.) / For Keeps [V1] (Ft.)),
(Prod.by CashMoneyAP)",Recorded in 3.?.19.,02:57,,"Nov 12, 2024",Full,High Quality,
AI YoungBoy 2,"???
(NBA YB - Song 8 / I Don't Know / Fired Up),
(Prod.by NeilOnDaTrack)","Recorded on 3.2.19. Eighth song recorded that day.
CDQ snippet surfaced in late March 2024. Private bought with the
studio session shortly after. Leaked as a GB bonus.",01:25,,"Dec 13, 2024",Full,High Quality,"https://audiomack.com/NBAYoungboy/song/nba-youngboy-i-dont-know
https://untitled.stream/library/project/5uxaKS78sjrxA0Uqbbzlw"
AI YoungBoy 2,"PnB Rock & NBA YoungBoy - Take My Soul
[V1] (Pnb x Youngboy), (Prod.by CVRE, Ging,
Taz Taylor & Nick Mira)",,02:41,,"Aug 26, 2024",Full,High Quality,
AI YoungBoy 2,"[Unknown amount of songs produced by
Lilkdubb]",,,,,Confirmed,Not Available,https://www.reddit.com/r/NBAYoungboy/comments/1dao179/burn_em_producer_speak/
AI YoungBoy 2,"HEAD BLOWN [V1]
(HEAD BLOWN FT DROCK), (Prod.by LNKmusic,
Mario Petersen, D-Rok & 17OnDaTrack)",Recorded in 3.?.19.,03:01,,"Aug 25, 2024",Full,High Quality,
AI YoungBoy 2,"GANG SHIT [V1]
(Prod.by Beezo)",Recorded in 3.?.19. Different Mix.,02:40,,"Jul 7, 2024",Full,High Quality,
AI YoungBoy 2,"CARTERS SON [V2]
(CARTERS SON PROD BY AURAxMONTAGE
FULL SONG V.2_1 / Carter Son [V1]),
(Prod.by Money Montage, Aura & KK McFly)",Recorded in 3.?.19. First song recorded that day.,02:43,,"Jul 7, 2024",Full,High Quality,
AI YoungBoy 2,"PROBLEM [V1]
(PROBLEM YOUNGBOY CASHMONEY AP
FULL SONG), (Prod.by CashmoneyAP)",,02:46,,"Apr 9, 2025",Full,High Quality,"https://audiomack.com/gg_youngboy/song/problem
https://untitled.stream/library/project/5uxaKS78sjrxA0Uqbbzlw"
AI YoungBoy 2,"PROBLEM [V2] ⭐
(PROBLEM YOUNGBOY CASHMONEY AP
FULL SONG V.2 / Too Shiesty / Durk a hoe),
(Prod.by CashmoneyAP)","Recorded around the same time as ""Carter Son"" and
may have been on the ""AI YoungBoy 2"" OG tracklist.
The original file leaked in late August 2024.",02:46,,"Dec 12, 2020",Full,High Quality,(Link Needed)
AI YoungBoy 2,"GIVE U MY ALL [V1]
(Nurse [V1]), (Prod.by KiloKeys Beatz & Yung Lan)",,03:01,,"Jul 8, 2024",Full,High Quality,https://untitled.stream/library/project/5uxaKS78sjrxA0Uqbbzlw
AI YoungBoy 2,"Step On You
(Came A Long Way / Said I Was),
(Prod.by Mook On The Beats & CashmoneyAP)",Unfinished song with two open verses.,03:11,,"Jun 1, 2022",Full,High Quality,https://untitled.stream/library/project/5uxaKS78sjrxA0Uqbbzlw
AI YoungBoy 2,"Changed On Me [V1]
(ChangedOnMeAlt), (Prod.by Ceddy Bo,
Louie Bandz & Dubba-AA)","Recorded in 3.?.19. Unfinished version with an alternative mix,
different parts and more autotune.",03:13,,"Aug 31, 2024",Full,CD Quality,https://audiomack.com/murda-fellow/song/changed-on-me-1
AI YoungBoy 2,"Changed On Me [V2]
(Prod.by Ceddy Bo, Louie Bandz & Dubba-AA)","Recorded in 3.?.19. Version with an alternative mix,
different parts and more autotune.",03:13,,"Apr 25, 2025",Full,"Standard
Quality",https://audiomack.com/murda-fellow/song/changed-on-me
AI YoungBoy 2,"Changed On Me [V3]
(Prod.by Ceddy Bo, Louie Bandz & Dubba-AA)",Recorded in 3.?.19. Beat used by Quando Rondo in 2018.,03:13,,"Sep 5, 2023",Full,High Quality,https://untitled.stream/library/project/5uxaKS78sjrxA0Uqbbzlw
AI YoungBoy 2,"Changed On Me [V4] ⭐
(Betrayed), (Prod.by Ceddy Bo, Louie Bandz &
Dubba-AA)","Recorded in 3.?.19. Previewed by YB, beat used by Quando Rondo in 2018.
CDQ snippet surfaced in early 2021 and second surfaced in early May 2021.
Leaked with tags and likely was on the ""AI YoungBoy 2"" OG tracklist.",02:27,,"Nov 10, 2021",Full,High Quality,(Link Needed)
AI YoungBoy 2,"BBG Dee - Love Don't Show (Ft.)
(Prod.by FJ)","Unfinished song. The whole song was previewed by leakers
in early October 2019. CDQ snippet surfaced in late March 2021.",03:28,,"Apr 30, 2021",Full,Low Quality,(Link Needed)
AI YoungBoy 2,"I Drink Codeine [V1]
(YBxLouie / Time I'm On [V1]), (Prod.by Skynny,
Louie Bandz & Dubba-AA)","Recorded in 3.?.19 and engineered At Paramount Studios.
Shorter unfinished version which was previewed by YB.
""Can you hold me""",01:00,,"Jul 7, 2024",Full,High Quality,https://untitled.stream/library/project/5uxaKS78sjrxA0Uqbbzlw
AI YoungBoy 2,"Chop Off The Chain ⭐
(Let Them Shots Off / Yaya Come Home / 2005 /
War Zone / Letter To Yaya / Death Date / Explain It),
(Prod.by Honorable C.N.O.T.E., CashMoneyAP &
Drum Dummie)","Recorded in 3.?.19. CDQ snippet surfaced in late 2020 before leaking
on YouTube. The original file leaked in early April 2025.",02:17,,"Oct 1, 2020",Full,High Quality,https://untitled.stream/library/project/5uxaKS78sjrxA0Uqbbzlw
AI YoungBoy 2,"Hood Intentions 🌟
(Prod.by Drum Dummie)",Recorded in 3.?.19.,02:50,,"Oct 9, 2020",Full,Low Quality,(Link Needed)
AI YoungBoy 2,"Self Control [V1]
(01 NBA YB Song 2 03.18.19),
(Prod.by Todd Pritchard, DJ Swift, CashMoneyAP
& Drum Dummie)","Recorded 3.18.19. Second song recorded that day.
""Calm instead of cranky when you see me""",03:07,,"Aug 25, 2024",Full,High Quality,(Link Needed)
AI YoungBoy 2,"FREEDDAWG [V1]
(NBA YB Song 3 03.18.19),
(Prod.by Mook On The Beats, Drum Dummie,
DJ Swift & CashMoneyAP)",Recorded on 3.18.19. Third song recorded that day.,01:51,,"Apr 9, 2024",Full,High Quality,
AI YoungBoy 2,"Last Days [V1]
(NBA YB Song 5 03.18.19 / Can't Be Saved 2),
(Prod.by Beezo & SephGotTheWaves)","Recorded in 3.18.19. Fifth song recorded that day.
Leaked with tags and the original file leaked in late October 2023.",01:22,,"Dec 28, 2019",Full,High Quality,https://untitled.stream/library/project/5uxaKS78sjrxA0Uqbbzlw
AI YoungBoy 2,"Last Days [V2]
(YB SONG 8 PROD. BEEZOxSTEPHGOTTHEWAVES),
(Prod.by Beezo & SephGotTheWaves)","Recorded on 3.18.19. Eighth song recorded that day.
Longer unfinished version with a worse mix. CDQ snippet surfaced
in late February 2022 and leaked with 13 other YB songs.",02:58,,"Jun 16, 2022",Full,High Quality,https://untitled.stream/library/project/5uxaKS78sjrxA0Uqbbzlw
AI YoungBoy 2,"???
(YB 1 / Break All Rules), (Prod.by Louie Bandz &
Dubba-AA)","Recorded on 3.19.19 and the first song recorded that day.
CDQ snippet surfaced sometime before it leaked.",01:01,,"Apr 9, 2024",Full,High Quality,https://audiomack.com/gg_youngboy/song/break-all-the-rules
AI YoungBoy 2,"Time I'm On [V2]
(NBA YB I Drink Codeine 03.19.19 /
Time I'm On [V2]), (Prod.by Skynny, Louie Bandz &
Dubba-AA)","Recorded on 3.19.19 and engineered At Paramount Studios.
Different mix than the released version.",03:13,,"July 7, 2024",Full,High Quality,
AI YoungBoy 2,"Cool Intentions
(NBA YB Song 3), (Prod.by ???)","Recorded on 3.19.19. Third song recorded that day.
CDQ snippet surfaced in March 2022 and leaked months later.
The original file leaked in early April 2025.",01:04,,"Aug 25, 2022",Full,High Quality,https://untitled.stream/library/project/5uxaKS78sjrxA0Uqbbzlw
AI YoungBoy 2,"???
(YB 4 / Hurtful [V1]), (Prod.by CashmoneyAP)","Recorded on 3.19.19.  Fourth song recorded that day.
Engineered At Paramount Studios. Has a vaulted studio session
which had a scrapped verse teased in March 2024.",01:01,,2019,Full,High Quality,https://untitled.stream/library/project/5uxaKS78sjrxA0Uqbbzlw
AI YoungBoy 2,"Time I'm On [V5] (Ft. Rich The Kid)
(Prod.by Skynny, Louie Bandz & Dubba-AA)",Recorded in 3.?.19. Previewed in November 2019 by Rich.,,,,Snippet,Recording,(Link Needed)
AI YoungBoy 2,"??? [V1]
(01 YB X BIGHEAD 1 / 3800 Freestyle / Bodies /
Bighead), (Prod.by Bighead)","Recorded on 3.20.19. First song recorded that day.
Leaked to file-sharing platforms in 2019.",02:03,,"Sep 22, 2019",Full,High Quality,https://untitled.stream/library/project/5uxaKS78sjrxA0Uqbbzlw
AI YoungBoy 2,"After All
(NBA YB After All 03.20.19 / Adversity),
(Prod.by ???)",Recorded on 3.20.19. Unfinished song.,00:24,,"May 12, 2023",Full,High Quality,"https://audiomack.com/gg_youngboy/song/after-all
https://untitled.stream/library/project/5uxaKS78sjrxA0Uqbbzlw"
AI YoungBoy 2,"Loaded
(Rollin), (Prod.by Guwap$ Of Beat Execz)",Recorded on 3.20.19. Unfinished song.,03:15,,"May 12, 2023",Full,High Quality,https://untitled.stream/library/project/5uxaKS78sjrxA0Uqbbzlw
AI YoungBoy 2,"DOCTOR [V1]
(DOCTOR V1 03.20.19), (Prod.by NeilOnDaTrack)",Recorded on 3.20.19. Different Mix and parts.,02:47,,"May 12, 2023",Full,"Standard
Quality",
AI YoungBoy 2,"Doctor [V2]
(NBA YB Doctor 03.20.19), (Prod.by NeilOnDaTrack)","Recorded on 3.20.19. Different Mix.
May have been on the ""AI YoungBoy 2"" OG tracklist.",02:51,,"Jul 8, 2019",Full,High Quality,https://untitled.stream/library/project/5uxaKS78sjrxA0Uqbbzlw
AI YoungBoy 2,"DON'T CALL MY PHONE
(DCMP / Leave Me Alone), (Prod.by NeilOnDaTrack)","Recorded on 3.?.19. Previewed by YB on Triller. 
May have been on the ""AI Youngboy 2"" OG tracklist.",02:06,,"Dec 2, 2019",Full,CD Quality,"https://audiomack.com/wyotopofficial/song/dont-call-my-phone
https://untitled.stream/library/project/5uxaKS78sjrxA0Uqbbzlw"
AI YoungBoy 2,"I Love It [V1]
(NBA YB I Love It 03.21.19),
(Prod.by Javar Rockamore)","Recorded on 3.21.19. Shorter version without the open verse and
ending chorus on V2. Different mix compared to the V2.",02:21,,"Aug 26, 2024",Full,High Quality,https://untitled.stream/library/project/5uxaKS78sjrxA0Uqbbzlw
AI YoungBoy 2,"Head Blown [V2]
(Prod.by Mario Petersen, LNKmusic,
D-Rok & 17OnDaTrack)",Remastered on 3.22.19.,03:02,,,Full,CD Quality,
AI YoungBoy 2,"Like A Rockstar [Rough Mix]
(Rockstar / Palm Of My Hand), (Prod.by PlayboyXO)","Previewed by YB twice on Instagram live. The CDQ snippet
surfaced in late March 2022, leaked in full a few months later along with
12 other YB songs. May have been on the ""AI YoungBoy 2"" OG tracklist.",01:50,,"Jun 16, 2022",Full,High Quality,https://untitled.stream/library/project/5uxaKS78sjrxA0Uqbbzlw
AI YoungBoy 2,"Lil Pump - Ready To Die (Ft.)
(R.I.P.), (Prod.by Timmy Da HitMan & CashMoneyAP)",Era unknown.,02:18,,"Aug 8, 2020",Full,CD Quality,https://www.youtube.com/watch?v=sS_GWmFLTBc
AI YoungBoy 2,"Live On The Edge [V1]
(Prod.by Timmy Da Hitman & CashMoneyAP)",Longer version with an open verse that leakers sent to Polo G.,03:00?,,"May 25, 2020",Full,CD Quality,(Link Needed)
AI YoungBoy 2,"Live On The Edge [V2]
(Prod.by Timmy Da Hitman & CashMoneyAP)","May have been on the ""AI YoungBoy 2"" OG tracklist.",02:18,,"Mar 21, 2024",Full,"Standard
Quality",https://untitled.stream/library/project/5uxaKS78sjrxA0Uqbbzlw
AI YoungBoy 2,"Keep Up [V1] [Rough Mix]
(YB - 45 Kidd (Rough) / Hot Now [V1]),
(Prod.by Guwap$ Of Beat Execz & MarcussMuzik
Of Beat Execz)",Autogenerated to YB's YouTube channel in November 2024.,02:08,,"Nov 19, 2024",Full,High Quality,https://www.youtube.com/watch?v=yRZtc71ool8
AI YoungBoy 2,"I Don't Know [V1]
(No I Don't), (Prod.by Eliot Bohr, TooDope &
Beatmonster Marc)",,03:05,,"Oct 21, 2023",Full,High Quality,
AI YoungBoy 2,"Ranada [V1]
(Paid Over For It [V1]), (Prod.by LukasBL, Olivier
Bassil, Benjamin Lasnier, Jetsonmade & Yung Lan)",,02:56,,"Jul 7, 2024",Full,High Quality,
AI YoungBoy 2,"COUNTRY GRAMMER [V2] [Rough Mix] 🐟
(FULL OF LEAN [V2]), (Prod.by Tony Trouble)","Longer unfinished version. Recorded the same day as ""Came
Thru Swervin'"". CDQ snippet surfaced late August 2024.",03:12,,"Oct 14, 2024",Full,High Quality,https://untitled.stream/library/project/5uxaKS78sjrxA0Uqbbzlw
AI YoungBoy 2,"FULL OF LEAN [V3] 🐟
(Country Grammer), (Prod.by Tony Trouble)","Previewed by YB in the studio and recorded on the same day as
""Came Thru Swervin'"". Unfinished song which was a previous grail in
the comm. 😭 GB succesfully for $2,650 with the V1 & ""ON IT AGAIN"".",02:21,,"Oct 14, 2024",Full,High Quality,(Link Needed)
AI YoungBoy 2,"Came Thru Swervin'
(Hell Nah / Hell Naw / Maybach / Jumped Out),
(Prod.by Brandon Finessin & Clibbo)","Previewed by YB in the studio on an Instagram story. Unfinished song.
Leaked the same day as 4 other unreleased songs.",02:30,,"Jul 10, 2019",Full,High Quality,https://untitled.stream/library/project/5uxaKS78sjrxA0Uqbbzlw
AI YoungBoy 2,"Therapy Session [V1]
(MADMAN / Untold Stories), (Prod.by Take A Daytrip)",,02:10,,"Sep 11, 2024",Full,High Quality,(Link Needed)
AI YoungBoy 2,"Therapy Session [V2]
(01 Therapy Session (MADMAN) / Untold Stories),
(Prod.by Take A Daytrip)","First song recorded that day. Has an unreleased music video
that was confirmed by YB on an Instagram live. A short vlog
teasing the song was posted to Instagram in early 2019.",01:58,,"Jul 10, 2019",Full,High Quality,https://untitled.stream/library/project/5uxaKS78sjrxA0Uqbbzlw
AI YoungBoy 2,"Take A Daytrip - STRESSED (Ft. Octavian,
DigDat & NBA YoungBoy) (Why You So
Stressed), (Prod.by Take a Daytrip)","Previewed in an early 2019 Instagram story and has
an unreleased music video without YB present.
Leaked along with the music video in February 2024.",03:11,,,Full,CD Quality,(Link Needed)
AI YoungBoy 2,"Therapy Session 2 [V1]
(01 NBAYoungboy_PRSX_042919_1),
(Prod.by Dubba-AA)","Recorded on 4.29.19. Longer unfinished version.
First song recorded that day.",03:26,,"Oct 25, 2024",Full,High Quality,https://untitled.stream/library/project/5uxaKS78sjrxA0Uqbbzlw
AI YoungBoy 2,"Therapy Session 2
(01 NBAYoungboy_PRSX_042919_1),
(Prod.by Dubba-AA)","Recorded on 4.29.19. First song recorded that day.
CDQ snippet surfaced in late August 2024. Previewed on Instagram
live by leakers in October 2024. Leaked for free as a shorter edit.",03:26,,"Oct 15, 2024",Full,High Quality,https://untitled.stream/library/project/5uxaKS78sjrxA0Uqbbzlw
AI YoungBoy 2,"Osama [Rough Mix]
(2 / 2nd Song 4.29.19 (Rough) / Screaming Out /
Issues / Murder Anyone / Lose It), (Prod.by
MarcussMuzik Of Beat Execz & TayTayMadeIt)",Recorded on 4.29.19. Second song recorded that day and unfinished.,02:21,,"Nov 17, 2019",Full,High Quality,https://untitled.stream/library/project/5uxaKS78sjrxA0Uqbbzlw
AI YoungBoy 2,"4 Sons A King [V1] [Rough Mix]
(Coulda Cried (Rough)), (Prod.by PlayboyXO
& TayTayMadeIt)",,02:07,,"Jul 7, 2024",Full,High Quality,
AI YoungBoy 2,"Juice WRLD & NBA YoungBoy - Bandit
[V6.1] (Juice WRLD - Bandit (Ft.) [V6.1]),
(Prod.by Nick Mira)",Juice WRLD vocals were recorded in 12.1.18.,03:12,,"Oct 4, 2020",Full,High Quality,
AI YoungBoy 2,"Juice WRLD - Percocet [V2] (Ft.)
(Prod.by ???)",Rumored to exist according to leakers.,,,,Rumored,Not Available,
" 
109 Leaks
9 Snippets
1 LQs
1 Features
7 Recordings
1 Unavailable???
       
                            ","(2019) House Arrest
(2019 House Arrest Era (2019 House Arrest Sessions))","Recorded: August - December 2019 / August 15th - December 13th 2019.
(12/20/18) ""Realer"" releases. (5/13/19) YoungBoy gets arrested.
(8/16/19) YB gets released from jail and gets put on house arrest 
while he finishes ""AI YoungBoy 2"".
(10/11/19) ""AI YoungBoy 2"" releases.",,,,,,
(2019) House Arrest,"FAKE LOVE [V1] [Rough Mix]
(BeezyKKK - Pump My Breaks), (Prod.by PlayboyXO)",,03:24,,"Apr 9, 2025",Full,High Quality,(Link Needed)
(2019) House Arrest,"FAKE LOVE [V2] ⭐
(AUG_20_-1-Bounce-165_BPM-G_MIN /
Scarred From Love), (Prod.by PlayboyXO)","Recorded on 8.20-21.19. The first song YB recorded after coming home
from jail. ""AI YoungBoy 2"" throwaway from house arrest sessions.",03:14,,"Dec 15, 2020",Full,High Quality,"https://audiomack.com/wyotopofficial/song/aug-20-1-bounce-165-bpm-g-min
https://untitled.stream/library/project/5uxaKS78sjrxA0Uqbbzlw"
(2019) House Arrest,"Slow Motion
(Loaded / Rollin), (Prod.by $hop With Ken &
PlayboyXO)","Recorded on 8.21.19. First song previewed on house arrest by Khris James.
""AI YoungBoy 2"" throwaway from house arrest sessions.",,,,Snippet,Recording,https://www.youtube.com/shorts/jiMV-bZ4CMk
(2019) House Arrest,"NAWFSIDE LEGEND [V1]
(AUG_21_-_2_-NAWFSIDE LEGEND / 
AUG_21_-_2_-Bounce-160_BPM-_C_Min /
Red Eyes), (Prod.by PlayboyXO)","Recorded on 8.21.19. Longer unfinished version. Second song recorded
that day. Two CDQ snippets surfaced before it leaked.",03:36,,"Mar 18, 2024",Full,"Standard
Quality",(Link Needed)
(2019) House Arrest,"NAWFSIDE LEGEND [V2] [Rough Mix] 🌟
(BeezyKKK - Pump My Breaks / Red Eyes),
(Prod.by PlayboyXO)",Recorded in 8.21.19. The original file leaked in early April 2025.,02:11,,"Aug 12, 2021",Full,High Quality,"https://soundcloud.com/youngboy-never-broke-again-234166790/nba-youngboy-nawfside-legend
https://untitled.stream/library/project/5uxaKS78sjrxA0Uqbbzlw"
(2019) House Arrest,"I THOUGHT [V1] [Rough Mix]
(BeezyKKK - Clutchin' Mine), (Prod.by
StringzOnTheBeat, Lilkdubb, BGSOUNDZ & Bans)",Recorded in 8.21.19. Version with less autotune.,03:25,,"July 7, 2024",Full,High Quality,
(2019) House Arrest,"I THOUGHT [V2]
(AUG_21_-_2-02-Bounce-170BPM-G_Min),
(Prod.by StringzOnTheBeat, Lilkdubb,
BGSOUNDZ & Bans)","Recorded in 8.21.19. Second song recorded that day.
V3 is an ""AI YoungBoy 2"" throwaway from house arrest sessions.",03:26,,"Mar 18, 2024",Full,High Quality,https://untitled.stream/library/project/5uxaKS78sjrxA0Uqbbzlw
(2019) House Arrest,"Broken No More [V1]
(Broken Heart [V1]), (Prod.by RellyMade & BJ Beatz)",Era unknown.,03:21,,"Jul 8, 2024",Full,High Quality,https://untitled.stream/library/project/5uxaKS78sjrxA0Uqbbzlw
(2019) House Arrest,"ROCK OUT ⭐
(_ROCK_OUT_19 / Jamaican Talk),
(Prod.by DJ Suede The Remix God)","""AI YoungBoy 2"" throwaway from house arrest sessions.
CDQ snippet surfaced in late November 2020.",03:26,,"Dec 22, 2020",Full,High Quality,https://untitled.stream/library/project/5uxaKS78sjrxA0Uqbbzlw
(2019) House Arrest,"Casket ⭐
(Cursed Casket / Built For This),
(Prod.by DJ Suede The Remix God)","""AI YoungBoy 2"" throwaway from house arrest sessions.
CDQ snippet surfaced in 2022 before it leaked.",02:18,,"Aug 29, 2022",Full,High Quality,https://untitled.stream/library/project/5uxaKS78sjrxA0Uqbbzlw
(2019) House Arrest,"Behind ⭐️
(Behind Them / Forgiveness), (Prod.by JTK)","""AI YoungBoy 2"" throwaway from house arrest sessions.
CDQ snippet surfaced in late September 2020.",03:43,,"Oct 27, 2020",Full,High Quality,https://untitled.stream/library/project/5uxaKS78sjrxA0Uqbbzlw
(2019) House Arrest,"Whole Lotta [Rough Mix]
(Prod.by Captain Curt & Beatmonster Marc)","CDQ snippet surfaced in late August 2024.
May have been recorded around the same time as ""Free Time"".",03:03,,"Sep 10, 2024",Full,High Quality,https://audiomack.com/gg_youngboy/song/whole-lotta
(2019) House Arrest,"???
(Live Like Me), (Prod.by DJ Swift)",CDQ snippet surfaced in late July 2026.,,,,Snippet,CD Quality,https://www.reddit.com/r/NBAYoungboy/s/NMyOPjXltn
(2019) House Arrest,"Find Myself
(Prod.by Dremusiq, Louie Bandz & Dubba-AA)","First CDQ snippet surfaced in early November 2021 and
the second surfaced in early March 2022.",02:28,,"Jun 1, 2022",Full,"Standard
Quality",https://untitled.stream/library/project/5uxaKS78sjrxA0Uqbbzlw
(2019) House Arrest,"Free Baba [V1]
(Prod.by NeilOnDaTrack & TayTayMadeIt)",Longer version.,03:02,,"Dec 23, 2024",Full,CD Quality,(Link Needed)
(2019) House Arrest,"Free Baba [V2] ⭐
(Hiding / Heading Home),
(Prod.by NeilOnDaTrack & TayTayMadeIt)","Version of the song with an open verse.
Likely recorded the same day as ""However You Want It"".
""AI YoungBoy 2"" throwaway from house arrest sessions.",02:52,,"Jun 16, 2021",Full,High Quality,https://untitled.stream/library/project/5uxaKS78sjrxA0Uqbbzlw
(2019) House Arrest,"How You Want It
(BeezyKKK - Clutchin' Mine / However You Want It /
No Feelings), (Prod.by Khris James &
MarcussMuzik)","Likely recorded the same day as ""On It"". ""AI YoungBoy 2"" throwaway
from house arrest sessions. CDQ snippet surfaced in late
September 2020. The original file leaked in October 2025.",02:37,,"Oct 27, 2020",Full,High Quality,https://untitled.stream/library/project/5uxaKS78sjrxA0Uqbbzlw
(2019) House Arrest,"On It
(Prod.by PlayboyXO)","""AI YoungBoy 2"" throwaway from house arrest sessions.
Previewed by leakers in early February 2022.",01:46,,"Jun 1, 2022",Full,High Quality,https://untitled.stream/library/project/5uxaKS78sjrxA0Uqbbzlw
(2019) House Arrest,"Slime Ball
(Prod.by MarcussMuzik Of Beat Execz &
Guwap$ Of Beat Execz)","Likely recorded the same day as ""On It"" & ""Gang Thoughts"".
""AI YoungBoy 2"" throwaway from house arrest sessions.
Leaked with tags in 2022, untagged version leaked in March 2024.",02:23,,"Mar 13, 2022",Full,High Quality,https://untitled.stream/library/project/5uxaKS78sjrxA0Uqbbzlw
(2019) House Arrest,"Gang Thoughts [V1]
(Prod.by CashMoneyAP & BatGangBeats)",Longer unfinished version.,02:58,,"Nov 7, 2024",Full,High Quality,https://untitled.stream/library/project/5uxaKS78sjrxA0Uqbbzlw
(2019) House Arrest,"Gang Thoughts [V2]
(G Thoughts), (Prod.by CashMoneyAP &
BatGangBeats)","Unfinished song. ""AI YoungBoy 2"" throwaway
from house arrest sessions.",01:40,,"Jan 27, 2022",Full,CD Quality,(Link Needed)
(2019) House Arrest,"Peel Off
(Prod.by Ayo E Go Krazy)","Has the same instrumental sample as ""HIT THE BLOCK"".
First snippet surfaced on Unreleasedsounds.gg in February
and second snippet sufaced in late September 2025.",02:22,,"Oct 10, 2025",Full,High Quality,https://untitled.stream/library/project/5uxaKS78sjrxA0Uqbbzlw
(2019) House Arrest,"HIT THE BLOCK [V1]
(Prod.by Ayo E Go Krazy)",,03:47,,"Sep 5, 2023",Full,High Quality,(Link Needed)
(2019) House Arrest,"HIT THE BLOCK [V2]
(HIT O’BLOCK), (Prod.by Ayo E Go Krazy)","May have been recorded around the same time as ""However You Want
It"" & ""Rich N****"". ""AI YoungBoy 2"" throwaway from house arrest sessions.",01:50,,"May 1, 2022",Full,CD Quality,"https://audiomack.com/isellruntz/song/hit-the-block
https://untitled.stream/library/project/5uxaKS78sjrxA0Uqbbzlw"
(2019) House Arrest,"Rich Nigga [V1]
(Rich N**** [V1]), (Prod.by Ayo E Go Krazy)","Was an ""AI YoungBoy 2"" throwaway from house arrest sessions.
Previewed by Freejr_huncho in 2019.",02:36,,"Jan 18, 2024",Full,"Standard
Quality",https://untitled.stream/library/project/5uxaKS78sjrxA0Uqbbzlw
(2019) House Arrest,"Time Flow [V1]
(Prod.by Smoke, Matt Cap & Priority Beats)","Recorded on 9.10.19. V2 was an ""AI YoungBoy 2""
throwaway from house arrest sessions.",02:58,,"Jul 8, 2024",Full,High Quality,https://untitled.stream/library/project/5uxaKS78sjrxA0Uqbbzlw
(2019) House Arrest,"Bandz
(Louie Bandz, ThisIsTheSound - Unknown Track /
Bat Man 2 / Bruce Wayne), (Prod.by Tango,
Dremusiq, Louie Bandz & Dubba-AA)","No relation to “Bandz” that appeared on ""Mind of a Menace 2"". May have
been recorded around the same time as ""In Control"". Previewed by leakers
in early February 2022. CDQ snippet surfaced in early February 2022.
""AI YoungBoy 2"" throwaway from house arrest sessions.",01:48,,"May 10, 2022",Full,High Quality,https://untitled.stream/library/project/5uxaKS78sjrxA0Uqbbzlw
(2019) House Arrest,"In Control [V1]
(Prod.by India Got Them Beats, Mike Laury &
Dubba-AA)",Recorded on 9.11.19.,03:02,,"Nov 6, 2024",Full,High Quality,
(2019) House Arrest,"Dirty Iyanna [V2]
(Prod.by Quincy Jones)",Recorded on 9.12.19. Has a different mix and instrumental.,04:42,,"Sep 21, 2024",Full,High Quality,
(2019) House Arrest,"Outta Here Safe [V2] (Ft. No Cap)
(Prod.by MarcussMuzik Of Beat Execz)","The filedate is 9.14.19. Version without Quando. Previewed by the producer on
an Instagram story. ""AI YoungBoy 2"" throwaway from house arrest sessions.",02:44,,"Sep 15, 2024",Full,High Quality,
(2019) House Arrest,"Outta Here Safe [V3] (Ft. No Cap & Quando
Rondo) (Outta Here Safe 2.0),
(Prod.by MarcussMuzik Of Beat Execz)",Recorded in 9.?.19.,03:40,,"Apr 9, 2025",Full,High Quality,
(2019) House Arrest,"Juice WRLD & NBA YoungBoy - Bad Bitch
Bandit [V6.2] (Juice WRLD - Bandit (Ft.) [V3]),
(Prod.by Nick Mira)",Reworked on 9.15.19. Reworked version with a different mix to V2.,03:13,,"Feb 23, 2025",Full,High Quality,
(2019) House Arrest,"Decide Now ⭐
(The Sun Down), (Prod.by PlayboyXO)","Recorded on 9.17.19, has an open verse.
""AI YoungBoy 2"" throwaway from House arrest sessions.
CDQ snippet surfaced in early July 2021.",02:46,,"Sep 15, 2021",Full,High Quality,"https://pillows.su/f/6efc354bbcfe9802e2bb5fe9aa6ae43d
https://untitled.stream/library/project/5uxaKS78sjrxA0Uqbbzlw"
(2019) House Arrest,"Coolin
(Prod.by SkipOnDaBeat)","Recorded on 9.17.19. The original file leaked in October 2023.
""AI YoungBoy 2"" throwaway from House arrest sessions.",02:25,,"Oct 14, 2020",Full,High Quality,https://untitled.stream/library/project/5uxaKS78sjrxA0Uqbbzlw
(2019) House Arrest,"Nevada [V1]
(Prod.by Vadebeatz & TnTXD)","Recorded on 9.18.19. The released version leaked in January 2021.
The song is an ""AI YoungBoy 2"" throwaway from house arrest sessions.",03:27,,"Jul 8, 2024",Full,High Quality,
(2019) House Arrest,"Early Separation [V1]
(Prod.by Yung Tago, TnTXD & CashmoneyAP)",Longer unfinished version.,03:14,,"Jul 8, 2024",Full,High Quality,(Link Needed)
(2019) House Arrest,"Early Separation [V2]
(I Miss You / Out The Way), (Prod.by Yung Tago,
TnTXD & CashmoneyAP)","Unfinished song that may have been recorded around
the same time as ""Nevada"".",01:42,,"Nov 25, 2021",Full,CD Quality,(Link Needed)
(2019) House Arrest,"Retro No.9
(Prod.by CashMoneyAP)","Recorded on 9.?.19. ""AI YoungBoy 2""
throwaway from house arrest sessions.",02:18,,"Jun 20, 2021",Full,"Standard
Quality",https://untitled.stream/library/project/5uxaKS78sjrxA0Uqbbzlw
(2019) House Arrest,"Keepin You 
(Rich Nigga View / You Don't Love Me / Like You
Used To), (Prod.by Beatmonster Marc, Flexy Got
Tha Juice & RedLightMuzik)","Recorded in 9.?.19. ""AI YoungBoy 2""
throwaway from house arrest sessions.",02:45,,"Nov 29, 2020",Full,High Quality,https://untitled.stream/library/project/5uxaKS78sjrxA0Uqbbzlw
(2019) House Arrest,"Ride Or Die
(Prod.by DJ Chose)",Leaked along with 13 other YB songs on the same day.,00:48,,"Jun 16, 2022",Full,High Quality,(Link Needed)
(2019) House Arrest,"Trouble Calling
(Prod.by DJ Chose)","CDQ snippet surfaced in early May 2021
and leaked with tags in late 2021.",01:58,,"Nov 4, 2021",Full,High Quality,https://untitled.stream/library/project/5uxaKS78sjrxA0Uqbbzlw
(2019) House Arrest,"Can't Stop 
(Big Blood / Bag Talk / Big Thug),
(Prod.by NeilOnDaTrack)","Recorded on 9.22.19. ""AI YoungBoy 2"" throwaway
from House arrest sessions. Leaked the same day as
four other unreleased songs.",02:31,,"Dec 9, 2019",Full,High Quality,https://untitled.stream/library/project/5uxaKS78sjrxA0Uqbbzlw
(2019) House Arrest,"Can't Imagine [V2]
(House Arrest Tingz [V2]), (Prod.by Drum Dummie)",Recorded on 9.24.19.,02:48,,"Aug 25, 2024",Full,High Quality,
(2019) House Arrest,"???
(YB 1 / YBJP1 / Sliding / By My Lonely) (Prod.by JP?)","Recorded on 9.?.19. First song recorded that day.
""AI YoungBoy 2"" throwaway from house arrest sessions.",02:23,,"Oct 10, 2023",Full,High Quality,https://untitled.stream/library/project/5uxaKS78sjrxA0Uqbbzlw
(2019) House Arrest,"Heart Leak [V1]
(Prod.by CashMoneyAP)",Recorded on 9.?.19. Longer unfinished version.,03:29,,"Nov 23, 2023",Full,High Quality,https://untitled.stream/library/project/5uxaKS78sjrxA0Uqbbzlw
(2019) House Arrest,"Heart Leak [V2]
(Prod.by CashMoneyAP)","Recorded in 9.?.19. ""AI YoungBoy 2"" throwaway from house arrest sessions.
May have also been a throwaway from the compilation tape ""Lost Files"".",01:44,,"Feb 1, 2022",Full,CD Quality,(Link Needed)
(2019) House Arrest,"Time Out [V1]
(Prod.by Dmac & Drum Dummie)","Recorded on 9.26.19. ""AI YoungBoy 2"" throwaway from
house arrest sessions.",03:16,,"Jul 8, 2024",Full,High Quality,https://untitled.stream/library/project/5uxaKS78sjrxA0Uqbbzlw
(2019) House Arrest,"Plan
(Dirty Gun), (Prod.by 16yrold & CashMoneyAP)","Recorded on 9.26.19. ""AI YoungBoy 2"" throwaway
from house arrest sessions. The original file leaked in late July 2024.",03:22,,"Oct 27, 2020",Full,High Quality,https://untitled.stream/library/project/5uxaKS78sjrxA0Uqbbzlw
(2019) House Arrest,"Galore ⭐
(Prod.by Beatmonster Marc)","Previewed by OG 3Three and an ""AI YoungBoy 2"" throwaway from
House arrest sessions. Untagged version leaked in November 2023.",03:34,,"May 7, 2021",Full,High Quality,https://untitled.stream/library/project/5uxaKS78sjrxA0Uqbbzlw
(2019) House Arrest,"Dislike Comparisons [V1]
(Steal My Style), (Prod.by TahjMoney & TnTXD)","Recorded on 9.27.19. ""AI YoungBoy 2"" throwaway from House arrest
sessions. The original file leaked in early September 2023.",02:18,,"Oct 15, 2021",Full,High Quality,https://untitled.stream/library/project/5uxaKS78sjrxA0Uqbbzlw
(2019) House Arrest,"Lonely Child [V1]
(Prod.by Dmac, Tahjmoney & TnTXD)",Recorded on 9.27.19.,03:37,,"Jul 7, 2024",Full,High Quality,
(2019) House Arrest,"Lost Brother (Ft. Herm) ⭐
(Hard Knock / My Dog), (Prod.by TahjMoney &
Mook On The Beats)","Recorded on 9.27.19, previewed by YB and Rich Porter in late May 2020.
Two CDQ snippet surfaced in late November 2021.
""AI YoungBoy 2"" throwaway from House arrest sessions.",02:50,,"Mar 1, 2022",Full,High Quality,https://untitled.stream/library/project/5uxaKS78sjrxA0Uqbbzlw
(2019) House Arrest,"My Momma Song 🌟
(I Want It All / Broken Windshield),
(Prod.by Drum Dummie & Mook On The Beats)","Recorded on 9.27.19. Previewed by Dej Rose Gold.
CDQ snippet surfaced in early June 2020. ""AI YoungBoy 2""
throwaway from House arrest sessions.",03:19,,"Dec 22, 2020",Full,High Quality,https://untitled.stream/library/project/5uxaKS78sjrxA0Uqbbzlw
(2019) House Arrest,"Houdini [V1]
(Prod.by Lilkdubb)",Longer unfinished version.,02:38,,"Jul 7, 2024",Full,High Quality,(Link Needed)
(2019) House Arrest,"Houdini [V2]
(Prod.by Lilkdubb)","Likely recorded the same day as ""Don't Gotta Talk"".
Lyric mentioned by YB on Twitter months before he recorded the song.
""AI YoungBoy 2"" throwaway from House arrest sessions.
Untagged CDQ snippet surfaced in early December 2021.",01:55,,"Dec 15, 2021",Tagged,CD Quality,https://audiomack.com/topboycomehea/song/houdini
(2019) House Arrest,"Don't Gotta Talk
(Prod.by TJ Produced It, Tahj Money & TnTXD)","Recorded on 9.27.19. The original file leaked in late July 2024.
""AI YoungBoy 2"" throwaway from house arrest sessions.",01:53,,"May 7, 2022",Full,High Quality,https://untitled.stream/library/project/5uxaKS78sjrxA0Uqbbzlw
(2019) House Arrest,"Rich As Hell [V1]
(Prod.by DT, Gibbo, 17OnDaTrack & D-Rok)",Recorded on 9.27.19.,03:35,,"Jul 7, 2024",Full,High Quality,
(2019) House Arrest,"Rich The Kid & NBA YoungBoy - Sorry
Momma [V3.2] (01 RICH NBA 3.2),
(Prod.by CashMoneyAP & Mook On The Beats)",Era unknown. The original file leaked in early July 2024.,02:54,,"Jun 29, 2020",Full,High Quality,
(2019) House Arrest,"Seed [V1]
(Prod.by Chi Chi & Beatmonster Marc)",Unfinished version with an open verse.,02:34,,"May 9, 2022",Full,High Quality,"https://audiomack.com/gg_youngboy/song/seed-1
https://untitled.stream/library/project/5uxaKS78sjrxA0Uqbbzlw"
(2019) House Arrest,"Seed [V2]
(Prod.by Chi Chi & Beatmonster Marc)","""AI YoungBoy 2"" throwaway from house arrest sessions.",01:40,,"May 9, 2022",Full,CD Quality,(Link Needed)
(2019) House Arrest,"Blooming
(Prod.by CashMoneyAP)","Recorded on 9.29.19. Leaked for free the same day as 3 other YB songs.
""AI YoungBoy 2"" throwaway from house arrest sessions.",02:31,,"Oct 27, 2020",Full,High Quality,https://untitled.stream/library/project/5uxaKS78sjrxA0Uqbbzlw
(2019) House Arrest,"Highest
(Fifteen), (Prod.by Chi Chi & Beatmonster Marc)","""AI YoungBoy 2"" throwaway from house arrest sessions.
CDQ snippet surfaced in late September 2020.",02:25,,"Oct 16, 2020",Full,High Quality,https://untitled.stream/library/project/5uxaKS78sjrxA0Uqbbzlw
(2019) House Arrest,"Written On My Face
(Prod.by Ricky Racks)","Recorded in 9.?.19. Leaked on file-sharing platforms.
""AI YoungBoy 2"" throwaway from house arrest sessions.",01:15,,"Mar 22, 2022",Full,High Quality,https://untitled.stream/library/project/5uxaKS78sjrxA0Uqbbzlw
(2019) House Arrest,"Rain All Day
(Prod.by D. Brooks Exclusive)","""AI YoungBoy 2"" throwaway from house arrest sessions.
The original file leaked in August 2024.",03:04,,"Oct 19, 2020",Full,High Quality,https://untitled.stream/library/project/5uxaKS78sjrxA0Uqbbzlw
(2019) House Arrest,"Thirty
(Nervous / Took It To 30), (Prod.by CashMoneyAP)","Recorded in 9.?.19 and leaked in 2021 with tags.
""AI YoungBoy 2"" throwaway from house arrest sessions.",02:37,,"Jun 6, 2021",Full,High Quality,(Link Needed)
(2019) House Arrest,"Off White [V1]
(Prod.by Bighead, Manzo & Xavi)",Unfinished version with an open verse.,02:46,,"Jul 7, 2024",Full,High Quality,https://untitled.stream/library/project/5uxaKS78sjrxA0Uqbbzlw
(2019) House Arrest,"Off White [V2]
(Real Rockstar / Move), (Prod.by Manzo, Xavi &
Bighead)","CDQ snippet surfaced in early May 2021. Leaked to file-sharing websites.
""AI YoungBoy 2"" throwaway from house arrest sessions.",02:03,,"Jun 6, 2021",Tagged,CD Quality,(Link Needed)
(2019) House Arrest,"Period [V1]
(Prod.by StarBoy Jasper & CashMoneyAP)","Recorded on 10.1.19 and an unfinished song. CDQ snippet surfaced in
early November 2021 and leaked a year later. ""AI YoungBoy 2"" throwaway
from house arrest sessions. The original file leaked in early August 2024.",02:31,,"Oct 25, 2022",Full,High Quality,(Link Needed)
(2019) House Arrest,"THE ONE I LOVE
(Runnin' From Your Love), (Prod.by PlayboyXO)","Not to be confused with ""Running From Love"" from late
2020 sessions. The original file leaked in early July 2024.",02:40,,"Oct 21, 2021",Full,"Standard
Quality","https://audiomack.com/wyotopofficial/song/nba-youngboy-the-one-i-love
https://untitled.stream/library/project/5uxaKS78sjrxA0Uqbbzlw"
(2019) House Arrest,"AGAIN & AGAIN
(Emotionally Scarred), (Prod.by BJ Beatz &
Lilkdubb)","Previewed by NeilOnDaTrack on an Instagram live
and previewed by leakers in late October 2024.
CDQ snippet surfaced in early March 2025. Leaked for free.",02:59,,"Mar 3, 2025",Full,"Standard
Quality",https://untitled.stream/library/project/5uxaKS78sjrxA0Uqbbzlw
(2019) House Arrest,"DID IT AGAIN [V1]
(Prod.by PlayboyXO)",Longer unfinished version.,03:22,,"Sep 17, 2024",Full,High Quality,(Link Needed)
(2019) House Arrest,"DID IT AGAIN [V2]
(Prod.by PlayboyXO)","May have been recorded around the same time as ""Runnin' From Love"" and
an unfinished song. ""AI YoungBoy 2"" throwaway from house arrest sessions.",01:42,,"Mar 30, 2022",Full,High Quality,https://untitled.stream/library/project/5uxaKS78sjrxA0Uqbbzlw
(2019) House Arrest,"Onnat Fuckery
(Went Inside / Killer Instinct / Not Worried),
(Prod.by Rashonn D & BBoyBeatz)","Recorded on 10.?.19. Previewed by friend Meechy Baby
and another on Instagram live.",,,,Snippet,Recording,https://www.instagram.com/p/B7rlYs6j0_Z/?utm_source=ig_web_copy_link&igsh=dmN5Z2FnOTQ3dndo
(2019) House Arrest,"LOCKED LOADED [V1]
(Locked & Loaded [V1]), (Prod.by Guwap$ Of Beat
Execz, Lilkdubb & MarcussMuzik Of Beat Execz)","Recorded on 10.?.19. Version without the infamous tag.
""AI YoungBoy 2"" throwaway from House arrest sessions.",01:47,,"Jul 28, 2024",Full,"Standard
Quality",https://untitled.stream/library/project/5uxaKS78sjrxA0Uqbbzlw
(2019) House Arrest,"4KT FREESTYLE [V1]
(4KT_FREESTYLE-_NBA_YOUNGBOY_OCT.4),
(Prod.by India Got Them Beats & Lilkdubb)","Recorded on 10.4.19. CDQ snippet surfaced in late June 2021.
""AI YoungBoy 2"" throwaway from house arrest sessions.",03:12,,"Mar 18, 2024",Full,High Quality,https://untitled.stream/library/project/5uxaKS78sjrxA0Uqbbzlw
(2019) House Arrest,"[Unknown amount of songs produced by
Lilkdubb]",,,,,Confirmed,Not Available,https://www.reddit.com/r/NBAYoungboy/comments/1dao179/burn_em_producer_speak/
(2019) House Arrest,"Learned It
(Prod.by Lilkdubb & DJ Suede The Remix God)","Recorded on 10.6.19. Unfinished song, CDQ snippet surfaced in late
February 2022. The original file leaked in late July 2024.",03:26,,"Jul 18, 2022",Full,High Quality,https://untitled.stream/library/project/5uxaKS78sjrxA0Uqbbzlw
(2019) House Arrest,"Who I Want
(You So Bad), (Prod.by Suede & JBlack)","Recorded on 10.6.19. Previewed by Freejr_huncho in January 2020.
CDQ snippet surfaced in late January 2022. ""AI YoungBoy 2""
throwaway from house arrest sessions.",02:30,,"Feb 1, 2022",Full,High Quality,https://untitled.stream/library/project/5uxaKS78sjrxA0Uqbbzlw
(2019) House Arrest,"Ryder
(Bad Person), (Prod.by PlayboyXO)","Previewed by YB in a rare snippet. Two CDQ snippets surfaced in early
March 2022. ""AI YoungBoy 2"" throwaway from house arrest sessions.",01:48,,"May 23, 2022",Full,High Quality,(Link Needed)
(2019) House Arrest,"Pain Of A Slime [V1]
(Darkest Nights / Bru), (Prod.by VadeBeatz &
Lilkdubb)",Recorded on 10.?.19.,02:21,,"Jul 17, 2021",Full,High Quality,https://audiomack.com/b-m-m/song/darkness-nights
(2019) House Arrest,"Pain Of A Slime [V2] ⭐
(Darkest Nights), (Prod.by VadeBeatz &
Lilkdubb)","Recorded in 10.?.19. Previewed by Khris James & YB.
Untagged version leaked in early September 2023.
""AI YoungBoy 2"" throwaway from house arrest sessions.",01:44,,"Jul 9, 2021",Full,High Quality,"https://audiomack.com/jayyreppin/song/nba-youngboy-darkest-nights
https://untitled.stream/library/project/5uxaKS78sjrxA0Uqbbzlw"
(2019) House Arrest,"Murder Bizness [V1]
(Murda Bizness [V1] / Murder Bizness -
NBA YOUNGBOY OCT.12), (Prod.by PlayboyXO &
DeMoe)",Recorded on 10.12.19 and an unfinished song.,03:41,,"Mar 17, 2024",Full,High Quality,(Link Needed)
(2019) House Arrest,"Perc 10 [V1]
(OCT 12 - 1-01 - Bounce-152BPM-A# Min),
(Prod.by PlayboyXO)",Recorded on 10.12.19.,02:57,,"Mar 17, 2024",Full,High Quality,https://untitled.stream/library/project/5uxaKS78sjrxA0Uqbbzlw
(2019) House Arrest,"SLIME TUNES ⭐️
(OCT 12 - SLIME TUNES - Bounce - 162 BPM -
C Min / Heartache), (Prod.by PlayboyXO)",Recorded on 10.12.19 and an unfinished song.,03:21,,"Sep 15, 2021",Full,"Standard
Quality",https://untitled.stream/library/project/5uxaKS78sjrxA0Uqbbzlw
(2019) House Arrest,"???
(OCT_12_-_13_-_Bounce-_164_BPM-F_Min /
Trenches / Red City / Blood Rising),
(Prod.by Lilkdubb, WassamWop & TnTXD)",Recorded on 10.12-13.19 and an unfinished song.,03:31,,"May 30, 2022",Full,"Standard
Quality",(Link Needed)
(2019) House Arrest,"TAKIN CHANCES
(Prod.by DeMoe, VadeBeatz & PlayboyXO)","Unfinished song ""AI YoungBoy 2"" throwaway from
House arrest sessions. The original file leaked in late October 2025.",01:11,,"Mar 13, 2022",Full,"Standard
Quality",https://untitled.stream/library/project/5uxaKS78sjrxA0Uqbbzlw
(2019) House Arrest,"???
(Prod.by ???)",Recorded in 10.?.19 and previewed by Khris James.,,,,Snippet,Recording,https://www.reddit.com/r/NBAYoungboy/comments/17j9ti7/snippets_you_prolly_never_heard_2/
(2019) House Arrest,"Weakness ⭐
(Prod.by Drum Dummie)",Recorded on 10.15.19.,02:07,,"Feb 5, 2021",Full,High Quality,https://untitled.stream/library/project/5uxaKS78sjrxA0Uqbbzlw
(2019) House Arrest,"Jump In The Coupe
(Close The Vault), (Prod.by Take A Daytrip)",CDQ snippet surfaced in June 2025.,02:31,,"Sep 18, 2025",Full,"Standard
Quality","https://pillows.su/f/ea113b42292e9e6b838e2b27dea91f0f
https://untitled.stream/library/project/5uxaKS78sjrxA0Uqbbzlw"
(2019) House Arrest,"DOPE [V1]
(Gunsmoke [V1]), (Prod.by NeilOnDaTrack)",Recorded in 10.?.19.,02:20,,"Mar 14, 2024",Full,"Standard
Quality",
(2019) House Arrest,"ROUND TABLE ⭐
(Top Soprano / Higher Than Life),
(Prod.by Yung Tago, Bans & Lilkdubb)",CDQ snippet surfaced in July 2024.,03:02,,"Dec 10, 2025",Full,"Standard
Quality",https://untitled.stream/library/project/5uxaKS78sjrxA0Uqbbzlw
(2019) House Arrest,"Yo Lovin'
(Prod.by 1guayglobal)","Previewed twice by YB and a previous grail in comm.
CDQ snippet surfaced late August 2024.",02:18,,"Oct 27, 2024",Full,"Standard
Quality",https://untitled.stream/library/project/5uxaKS78sjrxA0Uqbbzlw
(2019) House Arrest,"???
(Show Em How To Do It / Kill Them All),
(Prod.by ???)","CDQ snippet previewed by leakers in late November 2024, era unknown.",,,,Snippet,Recording,https://youtube.com/shorts/WYEJv2IpLBU?si=xXdbYLY2365j_rl9
(2019) House Arrest,"???
(Everything Round Gigantic / I Know), (Prod.by ???)","Recorded in 10.?.19. CDQ snippet of YB previewing the
song leaked in late February 2021.",,,,Snippet,Recording,https://www.instagram.com/reel/CiqYhy5jmJN/?utm_source=ig_web_copy_link
(2019) House Arrest,"Swole Pockets
(Bank Account), (Prod.by ???)","Recorded in 10.?.19. Previewed by Dej Rose Gold on an Instagram story
in early May 2021. Two CDQ snippets surfaced in early April 2026.",03:13,,"May 6, 2026",Full,"Standard
Quality","https://pillows.su/f/6110d15de473157f3c25eadd1b55a51f
https://untitled.stream/library/project/5uxaKS78sjrxA0Uqbbzlw"
(2019) House Arrest,"Still Hate
(Ride On Em), (Prod.by 1040 & $hopWitKen)","Recorded in 10.?.19. First CDQ snippet surfaced in early April 2026.
Second CDQ snippet surfaced hours before it leaked.
Leaked on the same day as ""Swole Pockets"".",02:29,,"May 6, 2026",Full,"Standard
Quality",https://untitled.stream/library/project/5uxaKS78sjrxA0Uqbbzlw
(2019) House Arrest,"I BEEN TRYING ⭐️
(Prod.by TJ Produced It, KP On The Beat &
HitmanAudio)","First CDQ snippet surfaced on Unreleasedsounds.gg in early
September 2024. Second CDQ snippet surfaced in January 2025.
Rumored to have been recorded on 10.26.19.",03:11,,"Jan 14, 2025",Full,High Quality,"https://audiomack.com/aiyoungboy3800/song/nba-youngboy-i-been-trying
https://untitled.stream/library/project/5uxaKS78sjrxA0Uqbbzlw"
(2019) House Arrest,"BIG ROLLS ROYCE
(BRR), (Prod.by Guwap$ Of Beat Execz & ???)","First CDQ snippet surfaced on Unreleasedsounds.gg in May 2025
and the second CDQ snippet surfaced in early August 2025.
The outro was previewed by leakers in late 2025. The original file
leaked in early February 2026.",03:10,,"Jan 31, 2026",Full,High Quality,https://untitled.stream/library/project/5uxaKS78sjrxA0Uqbbzlw
(2019) House Arrest,"LIGHTS GO DOWN
(Prod.by Jay Scalez)","CDQ snippet surfaced on Unreleasedsounds.gg
in early May 2024. Private bought from leakers.",02:41,,"Nov 5, 2024",Full,"Standard
Quality",https://untitled.stream/library/project/5uxaKS78sjrxA0Uqbbzlw
(2019) House Arrest,"BURN EM
(Prod.by Lilkdubb)",CDQ snippet surfaced in late May 2024.,02:10,,"Jun 7, 2024",Full,High Quality,https://untitled.stream/library/project/5uxaKS78sjrxA0Uqbbzlw
(2019) House Arrest,"BLOODY [V1]
(Lost Motives [V1]), (Prod.by Lilkdubb)",,02:54,,"Oct 5, 2025",Full,High Quality,
(2019) House Arrest,"NO HOOK [V1]
(Bring Em' Out [V1]), (Prod.by PlayboyXO)",,02:40,,"Apr 29, 2026",Full,"Standard
Quality",
(2019) House Arrest,"NO LIES [V1]
(Prod.by DJ Trebble)",Longer unfinished version.,03:34,,"Jul 7, 2024",Full,High Quality,https://untitled.stream/library/project/5uxaKS78sjrxA0Uqbbzlw
(2019) House Arrest,"NO LIES [V2]
(Lie To You), (Prod.by DJ Trebble)",Leaked with tags in 2022.,01:35,,"Feb 1, 2022",Tagged,CD Quality,https://audiomack.com/gg_youngboy/song/no-lies
(2019) House Arrest,"DON'T LET ME GO
(Cold Heart), (Prod.by PlayboyXO)","Unfinished song. Two Snippets surfaced on Unreleasedsounds.gg in
early January 2025. CDQ snippet of intro previewed by leakers in
early February 2025. Leaked for free.",03:16,,"Feb 8, 2025",Full,High Quality,"https://audiomack.com/wyotopofficial/song/cold-heart
https://untitled.stream/library/project/5uxaKS78sjrxA0Uqbbzlw"
(2019) House Arrest,"???
(Useless / Ruthless), (Prod.by ???)","Previewed by YB during the filming of ""TALK MY SHIT"" video
and by Freejr_huncho on Instagram live in January 2020.",,,,Snippet,Recording,https://www.instagram.com/p/B_RAvxQjWMo/?igsh=Mm96MDRidDgzbzdt
(2019) House Arrest,"Us
(ANOTHER SIDE / Nobody But Us),
(Prod.by Lilkdubb)","Previewed by YB and originally a track on ''Still Flexin, Still Steppin'"".
CDQ snippet surfaced in early 2021.
The original file leaked in late October 2025.",01:52,,"Jun 14, 2021",Full,CD Quality,https://untitled.stream/library/project/5uxaKS78sjrxA0Uqbbzlw
(2019) House Arrest,"CHOPPAS SPRAY [V1]
(Prod.by Lilkdubb)",Longer unfinished version.,03:15,,"Sep 17, 2024",Full,High Quality,https://audiomack.com/rrtopeditz38/song/nba-yb-choppas-spray
(2019) House Arrest,"CHOPPAS SPRAY [V2]
(Choppas Spray Round / Bang In Atlanta),
(Prod.by Lilkdubb)","CDQ snippet surfaced in December 2021.
Partially previewed by leakers in December 2021.",02:00,,"Jan 27, 2022",Full,CD Quality,(Link Needed)
(2019) House Arrest,"TICKET
(Prod.by BG Soundz & Lilkdubb)",CDQ snippet surfaced in early April 2026.,01:49,,"Apr 26, 2026",Full,"Standard
Quality",(Link Needed)
(2019) House Arrest,"Yung Street Nigga 
(Prod.by DJ Trebble)","Leaked with tags in 2021. The untagged version leaked
in late March 2024.",01:48,,"Jun 6, 2021",Full,CD Quality,https://untitled.stream/library/project/5uxaKS78sjrxA0Uqbbzlw
(2019) House Arrest,"COFFINS [V1]
(Pull Up Actin [V1] / Diamonds) (Prod.by DJ Trebble)","Recorded in 10.?.19. Previewed on Instagram live by YB.
The original file leaked in March 2024.",01:35,,"Mar 21, 2022",Full,"Standard
Quality",(Link Needed)
(2019) House Arrest,"RIP Lil Phat [V1]
(ROLLIN [V1]), (Prod.by DJ Trebble & Lilkdubb)",Recorded in 11.?.19.,02:26,,"Mar 17, 2024",Full,"Standard
Quality",
(2019) House Arrest,"BUSTIN ⭐️
(I Ain’t Hiding 2), (Prod.by NeilOnDaTrack)","Previewed by YB in a 2020 Instagram story. Leaked after a successful
GB of $2k, May have been recorded around the same time as
""Gunsmoke"". CDQ snippet surfaced in late March 2024.
TMH Hammer and his girlfriend diss.",02:09,,"Mar 24, 2024",Full,High Quality,https://untitled.stream/library/project/5uxaKS78sjrxA0Uqbbzlw
(2019) House Arrest,"TOUCHDOWN ⭐️
(No Reason / BRPD),
(Prod.by MarcussMuzik Of Beat Execz)","Recorded in 11.?.19. CDQ snippet surfaced in June 2024,
private bought from leakers and previewed by leakers
on Instagram live. TMH Hammer and his girlfriend diss.",03:04,,"Oct 24, 2024",Full,"Standard
Quality",https://untitled.stream/library/project/5uxaKS78sjrxA0Uqbbzlw
(2019) House Arrest,"???
(Dirty Nigga), (Prod.by WassamWop)","CDQ snippet surfaced on Unreleasedsounds.gg in November 2024, intro
previewed by leakers shortly after. Era unknown. Fredo Bang diss.",02:12?,,,Snippet,CD Quality,https://youtu.be/B44CbKXeots
(2019) House Arrest,"Money Yaya & NBA YoungBoy -
GLOCKS, 30's (Savage / Show 'Em),
(Prod.by DJ Swift & $hop With Ken)","First previewed in the unreleased 2019 documentary
and later previewed by Yaya in mid 2020.
CDQ snippet surfaced in May 2024.",02:01,,"Dec 31, 2024",Full,"Standard
Quality",https://untitled.stream/library/project/5uxaKS78sjrxA0Uqbbzlw
(2019) House Arrest,"DEAR DUMP [V1]
(Prod.by GT3 & Lilkdubb)","Recorded in 11.?.19. Previewed by Montana. YB sent the song to
Lil Dump and others resulting in it eventually leaking. TMH Hammer and
his girlfriend diss. The original file leaked in early July 2024.",03:07,,"Jan 5, 2020",Full,High Quality,https://untitled.stream/library/project/5uxaKS78sjrxA0Uqbbzlw
(2019) House Arrest,"DEAR DUMP [V2]
(Prod.by GT3 & Lilkdubb)","Recorded in 11.?.19. Different intro and mix.
TMH Hammer and his girlfriend diss.",03:07,,"Apr 9, 2025",Full,Low Quality,(Link Needed)
(2019) House Arrest,"MURDA MAN 
(Murder Man / Who Want Smoke),
(Prod.by NeilOnDaTrack)","Recorded in 11.?.19. Previewed by YB & Ben10 on Instagram live, leaked
after a successful $2.3k GB. CDQ snippet surfaced in early April 2024.
Previous grail in the comm. TMH Hammer and his girlfriend diss.",03:03,,"May 8, 2024",Full,High Quality,https://untitled.stream/library/project/5uxaKS78sjrxA0Uqbbzlw
"33 Leaks
8 Snippets
1 LQs
3 Features
5 Recordings
2 Unavailable???
                                           ","Still Flexin, Still Steppin
(Still Flexin, Still Steppin / Lil Top Era (Late 2019 - Early 2020 Sessions))","Recorded: Late 2019 - Early 2020 / 13th December 
2019 - 21st February 2020.
(12/13/19) YB gets released from house arrest.
(1/29/20) ""Still Flexin, Still Steppin"" is announced.
(2/21/20) ""Still Flexin, Still Steppin"" releases.",,,,,,
"Still Flexin, Still Steppin","Big Flexer [V1]
(Prod.by CashmoneyAP)",,01:51,,"April 9, 2024",Full,High Quality,(Link Needed)
"Still Flexin, Still Steppin","Big Flexer [V2]
(Big_Flexer_FULL / Biggest Flexer),
(Prod.by CashmoneyAP)","Previewed on an Instagram live twice in 2020 and was originally on
''Still Flexin' Still Steppin'''. V2 has a second verse that was slightly previewed
on streaming services when the song was initially on ""Still Flexin' Still Steppin''""
before the track list changed days before the album.
Previous grail in comm. Teased in the ""Hi Haters"" music video.",02:40,,"May 25, 2024",Full,"Standard
Quality",https://untitled.stream/library/project/TjTmozW9nHDlNa8DKRnNA
"Still Flexin, Still Steppin","T'D UP
(Prod.by HitmanAudio & $hop With Ken)",Era unknown.,01:53,,"Nov 6, 2023",Full,"Standard
Quality",https://untitled.stream/library/project/5uxaKS78sjrxA0Uqbbzlw
"Still Flexin, Still Steppin","Who They Want (Ft. Lay)
(Youngboy Youngboy Youngboy),
(Prod.by WassamWop & Rashonn D)","Released by YB himself in March 2022 but was quickly deleted.
Not to be confused with ""Who They Want"" from 2024.",02:33,,"Mar 24, 2022",Full,High Quality,(Link Needed)
"Still Flexin, Still Steppin","Random Lights
(Night Time / Light Of Day / RIGHT AWAY),
(Prod.by Mike Laury & Dubba-AA)","Previewed by YB. Leaked after a successful $2,150 GB with the
""For Keeps"" studio session. CDQ snippet surfaced on
Unreleasedsounds.gg in early April 2024.",02:03,,"April 14, 2024",Full,"Standard
Quality",https://untitled.stream/library/project/5uxaKS78sjrxA0Uqbbzlw
"Still Flexin, Still Steppin","No Understand [V1]
(Prod.by Vadebeatz & Lilkdubb)",Recorded in 12.?.19. Contains an intro from Tupac.,03:04,,"Mar 17, 2024",Full,"Standard
Quality",
"Still Flexin, Still Steppin","CALL ME LATE [V1]
(Prod.by India Got Them Beats & Lilkdubb)",Recorded in 12.?.19.,03:33,,"Mar 14, 2024",Full,"Standard
Quality",
"Still Flexin, Still Steppin","??? 🐟
(Hoe Don't Call My Phone), Prod.by ???)",Only a snippet of YB recording the song is available.,,,,Snippet,Recording,https://www.youtube.com/shorts/ENFvj3zfUz0
"Still Flexin, Still Steppin","[Unknown amount of 2019 - 2020 songs with
Quando Rondo]","During this era Quando Rondo could be seen at
YB's house and at the studio with him.",,,,Rumored,Not Available,
"Still Flexin, Still Steppin","AVERAGE GAME
(AGDEC26), (Prod.by D-Rok & 17OnDaTrack)","Recorded on 12.26.19. May have been recorded around the same time as
""Rain Coat"". CDQ snippet surfaced mid 2021. Leaked with tags in 2021.",01:10,,"Dec 26, 2021",Full,High Quality,https://untitled.stream/library/project/5uxaKS78sjrxA0Uqbbzlw
"Still Flexin, Still Steppin","Dangerous
(No Problem), (Prod.by ArmoTunez & 17OnDaTrack)","Recorded in 12.?.19 and leaked in 2021 with tags.
The untagged CDQ version leaked in late November 2025.",03:11,,"May 7, 2021",Full,Low Quality,(Link Needed)
"Still Flexin, Still Steppin","FOREIGN GAMES
(Cutlass), (Prod.by Ceddy Bo, David Tell Em &
Dubba-AA)","Recorded in 12.?.19. May have been recorded around the
same time as ""Rain Coat"" & ""Bat Man"". Unfinished song.",01:09,,"Sep 15, 2021",Full,High Quality,"https://audiomack.com/wyotopofficial/song/nbaxdubba-foreign-games
https://untitled.stream/library/project/5uxaKS78sjrxA0Uqbbzlw"
"Still Flexin, Still Steppin","Bat Man [V1]
(Prod.by Ceddy Bo, David Tell Em & Dubba-AA)",Recorded in 12.?.19.,02:59,,2024,Full,High Quality,
"Still Flexin, Still Steppin","Rain Coat
(Prod.by Vintage Rippah)",Recorded in 12.?.19 and anfinished song.,02:53,,"Feb 5, 2022",Full,High Quality,https://untitled.stream/library/project/5uxaKS78sjrxA0Uqbbzlw
"Still Flexin, Still Steppin","OKAYY [V1]
(Okay [V1]), (Prod.by India Got Them Beats
& Lilkdubb)","May have been recorded around the same time
as ""Let The Flame Burn"".",02:50,,"Mar 14, 2024",Full,"Standard
Quality",
"Still Flexin, Still Steppin","LEGACY ⭐
(Prod.by Beatmonster Marc & Evertime)","May have been recorded around the same time as
""Let The Flame Burn"". The original file leaked in late July 2024.",02:55,,"Oct 10, 2020",Full,High Quality,https://untitled.stream/library/project/5uxaKS78sjrxA0Uqbbzlw
"Still Flexin, Still Steppin","F5 [V1]
(Prod.by Beatmonster Marc & ???)",Recorded in 12.?.19. Longer unfinished version.,02:13,,"Nov 3, 2023",Full,High Quality,https://untitled.stream/library/project/5uxaKS78sjrxA0Uqbbzlw
"Still Flexin, Still Steppin","F5 [V2]
(Prod.by Beatmonster Marc & ???)",Recorded in 12.?.19.,01:21,,"Jan 13, 2022",Full,CD Quality,https://pillowcase.su/f/6e73f030597581d88704e7457e5207f0
"Still Flexin, Still Steppin","Let The Flame Burn
(Mall Trip / Hurt Burn),
(Prod.by Beatmonster Marc & ???)","Recorded in 12.?.19. Unfinished song that was previewed
on the same day as ""Johnny Test"". Private bought with
""Investments"" for $1.3k from leakers.",01:18,,"Feb 17, 2022",Full,High Quality,https://untitled.stream/library/project/5uxaKS78sjrxA0Uqbbzlw
"Still Flexin, Still Steppin","NO ONE ON MY SIDE
(Walking Alone), (Prod.by Ayo Bleu, FJ & Malikotb)",Recorded on 12.31.19.,02:36,,"Feb, 9, 2022",Full,High Quality,https://untitled.stream/library/project/5uxaKS78sjrxA0Uqbbzlw
"Still Flexin, Still Steppin","Lost Soul ⭐
(Willing To Die), (Prod.by JuneOnnaBeat &
Kacey Khaliel)","Recorded on 12.31.19. Previewed by YB on new years day, the snippet
quickly became anticipated in the YB com before leaking in 2021.
In July 2021 the song was autogenerated to YB's SoundCloud account.
The original file leaked in April 2025.",03:10,,"May 7, 2021",Full,High Quality,https://untitled.stream/library/project/5uxaKS78sjrxA0Uqbbzlw
"Still Flexin, Still Steppin","ANYBODY 🏆
(Not For Anybody), (Prod.by ???)","Previewed twice and in the same night as ""Willing To Die"". Private bought
from leakers. First CDQ snippet surfaced early March 2024 and
second surfaced in early November 2024. May be an unfinished song.",02:??,,,Snippet,CD Quality,https://youtu.be/3T8Z0SYAX10
"Still Flexin, Still Steppin","30 Stick ⭐
(Catch You), (Prod.by ???)","First CDQ snippet surfaced in July 2024 and second CDQ snippet
surfaced in early August 2025. Leaked for free.",02:36,,"Dec 7, 2025",Full,"Standard
Quality","https://soundcloud.com/wyotopmusic/nba-youngboy-30-stick-skip-1?si=39e55b5f08c14635a78b2058f3094426&utm_source=clipboard&utm_medium=text&utm_campaign=social_sharing
https://untitled.stream/library/project/TjTmozW9nHDlNa8DKRnNA"
"Still Flexin, Still Steppin","CAME OUT ⭐
(Home Of The Land), (Prod.by Louie Bandz,
Mike Laury & Dubba-AA)","Previewed on Instagram live in 2020 and was originally on SFSS.
The song was a choice on the ""TOP"" deluxe that never released. Teased YB
at the end of the ""Hi Haters"" music video. CDQ snippet surfaced in
early March 2024.  Rumored to have music video and a previous grail in comm.",01:59,,"Mar 12, 2024",Full,"Standard
Quality",https://untitled.stream/library/project/TjTmozW9nHDlNa8DKRnNA
"Still Flexin, Still Steppin","LIL TOP [V1]
(Prod.by Hagan, BJ Beatz & Khris James)",,03:06,,"Mar 17, 2024",Full,"Standard
Quality",
"Still Flexin, Still Steppin","RICH NIGGA SHIT
(RNS), (Prod.by Mike Laury & Dubba-AA)","Previewed on an Instagram live by YB the same day he shot ""Bad Bad'
music video, leaked after a successful $1.k GB.
CDQ snippet surfaced on Unreleasedsounds.gg in March 2024.",01:34,,"April 1, 2024",Full,"Standard
Quality",(Link Needed)
"Still Flexin, Still Steppin","BAD BAD [V1]
(Prod.by AKel & HitmanAudio)",,02:18,,"Nov 12, 2024",Full,"Standard
Quality",
"Still Flexin, Still Steppin","???
(Prod.by ???)","Previewed in the studio after playing ""Bad Bad"".
Unknown if the beat was used by YB.",,,,Beat Only,Recording,(Link Needed)
"Still Flexin, Still Steppin","Red Eye [V1]
(Prod.by Sean Angus Watson & DrellOnTheTrack)",,02:36,,"Mar 13, 2024",Full,"Standard
Quality",(Link Needed)
"Still Flexin, Still Steppin","BLEW A NIGGA
(YOUNGBOY - BLEW A NIGGA REF 1.8.20 / 
Doin' My Dance), (Prod.by Young Cutta)",Recorded on 1.8.20. Unfinished with an open verse.,01:47,,"Feb 23, 2021",Full,CD Quality,https://untitled.stream/library/project/TjTmozW9nHDlNa8DKRnNA
"Still Flexin, Still Steppin","ROLLIN [V2]
(RIP Lil Phat [V2]), (Prod.by DJ Trebble & Lilkdubb)","Remastered on 1.9.20. An untagged CDQ snippet of version
surfaced in January 2020.",02:51,,,Snippet,CD Quality,https://www.youtube.com/watch?v=xDLte2llumg&list=WL&index=10
"Still Flexin, Still Steppin","ON HIM
(Prod.by MarcussMuzik Of Beat Execz)","Lyrics rapped on an Instagram live by YB. CDQ snippet surfaced
in June 2024. Private bought from leakers. Second CDQ
snippet surfaced in late July 2025 and third CDQ snippet surfaced
in October 2025. GB for $2.5k with ""Something"" in October 2025.",02:30,,"Oct 12, 2025",Full,"Standard
Quality","https://pillows.su/f/dd946838f3c52acb32c46b36b73a61b1
https://untitled.stream/library/project/TjTmozW9nHDlNa8DKRnNA"
"Still Flexin, Still Steppin","147 Calboy - Rock Right Now [V1] (Ft.)
(CalboyYB1), (Prod.by YoungKio & CashmoneyAP)",Era unknown likely early 2020.,02:24,,"Apr 17, 2021",Full,CD Quality,(Link Needed)
"Still Flexin, Still Steppin","147 Calboy - Right Now [V2] (Ft.)
(Rock Right Now [V2]), (Bad Bitch / Cool J),
(Prod.by YoungKio & CashmoneyAP)",Era unknown likely early 2020.,02:16,,2020,Full,CD Quality,(Link Needed)
"Still Flexin, Still Steppin","???
(Diamonds Bleedin'), (Prod.by ???)",CDQ snippet surfaced in early July 2026.,,,,Snippet,CD Quality,https://www.reddit.com/r/NBAYoungboy/s/Djvm2TOE01
"Still Flexin, Still Steppin","POP HIS CAP
(Prod.by EJ Grimes)","First CDQ snippet surfaced in November 2025
and second snippet surfaced in February 2026.",02:54,,"Apr 6, 2026",Full,"Standard
Quality",https://untitled.stream/library/project/TjTmozW9nHDlNa8DKRnNA
"Still Flexin, Still Steppin","THUGGIN' 🏆
(Inna Grave / Still Grind),
(Prod.by WassamWop & Radhonn D)",Previewed by YB on an Instagram live.,,,,Snippet,Recording,https://www.youtube.com/watch?v=_cIZ_1o6v5c
"Still Flexin, Still Steppin","Johnny Tez
(Throwed), (Prod.by BJ Beatz, Lilkdubb & ???)",CDQ snippet surfaced on Unreleasedsounds.gg in February 2025.,01:59,,"Oct 16, 2025",Full,High Quality,(Link Needed)
"Still Flexin, Still Steppin","3'rd Phone 🏆
(Johnny Test), (Prod.by Louie Bandz & Dubba-AA)",Previewed by YB on an Instagram story in late January 2020.,,,,Snippet,Recording,https://youtu.be/2LxwaO7Si7c?si=WOVcDLnTinWH0dfW
"Still Flexin, Still Steppin","NBA Banman - Pulled Up (Ft.)
(PULLED UP 2.17.20),
(Prod.by NeilOnDaTrack & Guwap$ Of Beat Execz)",Recorded on 2.17.20.,02:52,,"Feb 29, 2020",Full,CD Quality,"https://audiomack.com/wyo4/song/banman-ft-nba-youngboy-pulled-up-unfinished
https://untitled.stream/library/project/TjTmozW9nHDlNa8DKRnNA"
"Still Flexin, Still Steppin","Never Ran [V1] (Ft. Rojay MLP)
(30 Jam), (Prod.by ???)","Different beat, era unknown.",,,"May 25, 2021",Full,CD Quality,(Link Needed)
"Still Flexin, Still Steppin","Long Grind
(50K to My Mans / Save Me), (Prod.by ???)","Previewed on Instagram live while YB recorded the song.
Private bought from leakers.",,,,Snippet,Recording,https://youtu.be/vg5kAmAqBnU?is=5CBNqYslki4ni2CH
"Still Flexin, Still Steppin","So Real [V1]
(Prod.by Felipe S & Vadebeatz)",Era unknown. Version without French Montana.,02:??,,,Rumored,Not Available,
"
19 Leaks
4 Snippets
0 LQs
0 Features
3 Recordings
2 Unavailable???
             ","38 Baby 2 [V5]
(38 Baby 2 [V5] Era (Early 2020 Sessions))","Recorded: Early 2020 / February 22nd - April 24th, 2020.
(2/21/20) ""Still Flexin, Still Steppin"" releases.
(April 2020) YB goes to Malibu Beach to record ""38 baby 2"".
(4/24/20) Mixtape ""38 Baby 2"" finally releases.",,,,,,
38 Baby 2 [V5],"WIPE YO TEARS
(Prod.by Carl Paul, Mook On The Beats & DJ Swift)","Two snippets surfaced in early April 2024.
Leaked after a successful GB of $1.3k.",01:55,,"Apr 6, 2024",Full,"Standard
Quality",https://untitled.stream/library/project/TjTmozW9nHDlNa8DKRnNA
38 Baby 2 [V5],"WHAT LOVE IS
(Prod.by MoneyEvery & TayTayMadeIt)","Era unknown. Unfinished song with an open verse.
Previewed by Dej Rose Gold.",01:52,,"Nov 4, 2021",Full,High Quality,https://untitled.stream/library/project/TjTmozW9nHDlNa8DKRnNA
38 Baby 2 [V5],"THE NEWZ [V1]
(The Last Backyard... [V1]), (Prod.by TayTayMadeIt)",,02:36,,"April 6, 2026",Full,"Standard
Quality",
38 Baby 2 [V5],"Rough Ryder [V1]
(Prod.by AdamSlides, BJ Beatz & PlayboyXO)",Recorded on 2.?.20. Shorter version.,02:40,,"Nov 12, 2024",Full,High Quality,
38 Baby 2 [V5],"LEFT & CAME BACK ⭐️
(Came Back), (Prod.by Bans)","CDQ snippet surfaced in late April 2024, second snippet surfaced
in late November 2024. Private bought from leakers.",02:24,,"Dec 22, 2024",Full,High Quality,https://untitled.stream/library/project/TjTmozW9nHDlNa8DKRnNA
38 Baby 2 [V5],"WIT ME OR NOT
(With Me Or Not), (Prod.by Greg Dinero)",Previewed by YB on an Instagram live. Private bought from leakers in 2024.,02:31,,"Apr 9, 2024",Full,High Quality,https://untitled.stream/library/project/TjTmozW9nHDlNa8DKRnNA
38 Baby 2 [V5],"GET THE DROP
(Wasn't For Me [V1]), (Prod.by PlayboyXO)",,02:42,,"Nov 23, 2024",Full,"Standard
Quality",(Link Needed)
38 Baby 2 [V5],"FOR ME ⭐
(Wasn't For Me [V2] / You Ain't Love Me / Glock
On Him), (Prod.by PlayboyXO)","Previewed on same Instagram live as ""Backyardagians"" and
""Be With Me Or Not"". Previous grail in the comm. CDQ snippet surfaced
in March 2024. Private bought from leakers in 2024.",02:42,,"Nov 22, 2024",Full,High Quality,"https://audiomack.com/gg_youngboy/song/wasnt-for-me
https://untitled.stream/library/project/TjTmozW9nHDlNa8DKRnNA"
38 Baby 2 [V5],"STEP OUT [V2] (Ft. Future) ⭐
(YOUNGBOYxFUTURE STEP OUT REF 3.4.20),
(Prod.by Zaytoven)",Recorded on 3.4.20.,01:53,,"Mar 18, 2021",Full,CD Quality,https://untitled.stream/library/project/TjTmozW9nHDlNa8DKRnNA
38 Baby 2 [V5],"STEP OUT [V3] (Ft. Gucci Mane & Future)
(Bang For Me), (Prod. Zaytoven)",,02:30,,,Full,High Quality,(Link Needed)
38 Baby 2 [V5],"PLANK RD. [V1]
(Plank Road [V1]), (Prod.by Ceddy Bo,
David Tell Em & Dubba-AA)",Previewed by YB on an Instagram live.,01:18,,"Oct 25, 2024",Full,High Quality,https://untitled.stream/library/project/TjTmozW9nHDlNa8DKRnNA
38 Baby 2 [V5],"Plank Road [V2] (Ft. NBA ChoppaBoyE &
NBA Ben 10) (Prod.by Ceddy Bo,
David Tell Em & Dubba-AA)",,,,,Rumored,Not Available,
38 Baby 2 [V5],"Dirty Slime [V1]
(Finally Home / She Call Me), (Prod.by KP On The
Beat, ATL 8a8y & SPXCELY)","Previewed by YB in an Instagram story. Released in August 2023
with a Khris James feature. Unknown if it's unfinished.",,,,Snippet,Recording,https://www.youtube.com/shorts/KiEi6OU8wX0
38 Baby 2 [V5],"Can't Stop [V1] 🏆
(Drugs In My Body / Wildin / Molly),
(Prod.by Rashonn D, HitmanAudio & BboyBeatz)","Previewed twice and on Thriller and current grail in YB comm.
May have been a track on the OG ""38 Baby [V4]"" or on the scrapped deluxe.",02:??,,,Snippet,CD Quality,https://audiomack.com/pimpinbeenpimpin/song/mollymixedaudio
38 Baby 2 [V5],"Knock Em All Down [V1]
(I-10 Baby [V1]), (Prod.by Ceddy Bo, David Tell Em
& Dubba-AA)",Shorter version.,02:40,,"Nov 12, 2024",Full,High Quality,
38 Baby 2 [V5],"Murder Capital
(Hear it Calling), (Prod.by Wassam Wop & J Beatz)",Recorded in 4.?.20. Previewed by YB on an Instagram story.,,,,Snippet,Recording,https://www.reddit.com/r/NBAYoungboy/comments/1c5vvdm/unreleased_2020/
38 Baby 2 [V5],"[Unknown Amount of NeilOnDaTrack
Produced Songs] (Prod.by NeilOnDaTrack)","In mid 2020 YB and Neil fell out because the producer was mad that no
songs he produced was on the released ""38 Baby 2"".",,,,Rumored,Not Available,
38 Baby 2 [V5],"23K [V1]
(Step On Shit [V1]), (Prod.by MorettiGoinCrazy,
AKel & TwanTheProducer)",,02:50,,"Dec 5, 2024",Full,High Quality,
38 Baby 2 [V5],"Ain't Easy [V1]
(Ain't Easy Short), (Prod.by LC, Hagan & TnTXD)",Longer beat and has a different mix.,04:22,,"Mar 18, 2024",Full,High Quality,
38 Baby 2 [V5],"???
(Prod.by ???)","Instrumental previewed by YB on Instagram live,
unknown if used by him.",,,,Beat Only,Recording,https://www.reddit.com/r/NBAYoungboy/comments/1gk01m8/yb_making_another_banger/
38 Baby 2 [V5],"One Time [V1]
(Nawfside [V1]), (Prod.by Noah Mejia, Rio Leyva
& India Got Them Beats)",,02:35,,"Nov 12, 2024",Full,"Standard
Quality",
38 Baby 2 [V5],"BETWEEN THE LINES [V1] ⭐
(Prod.by Apgocrazy)","CDQ snippet surfaced in late July 2024.
GB succesfully for $2,845 with ""BY ANY MEANS"" & ""PRESSURE"".
May have been on the 38 Baby 2 scrapped deluxe.",02:37,,"Aug 6, 2024",Full,High Quality,https://untitled.stream/library/project/TjTmozW9nHDlNa8DKRnNA
38 Baby 2 [V5],"BY ANY MEANS
(Prod.by Tahj Money, TnTXD & Jay Bunkin)","First CDQ snippet surfaced in July 2024 and second
CDQ snippet surfaced in early August 2024.",02:32,,"Aug 6, 2024",Full,High Quality,https://untitled.stream/library/project/TjTmozW9nHDlNa8DKRnNA
38 Baby 2 [V5],"FIND MY WAY ⭐️
(Prod.by Guwap$ Of Beat Execz &
MarcussMuzik Of Beat Execz)","CDQ snippet surfaced on Unreleasedsounds.gg in late April 2025.
Private bought from leakers. May have been a track on the
OG ""38 Baby [V4]"" or on the scrapped deluxe.",02:42,,"July 9, 2025",Full,High Quality,"https://audiomack.com/gg_youngboy/song/find-my-way
https://untitled.stream/library/project/TjTmozW9nHDlNa8DKRnNA"
38 Baby 2 [V5],"CALL ME
(Prod.by Ayo Bleu & Dubba-AA)","Previewed by YB on Instagram live the same day ""38 Baby 2"" released.
CDQ snippet surfaced on Unreleasedsounds.gg in late February 2025.
Second CDQ snippet surfaced in late March 2025. May have been on
the 38 Baby 2 scrapped deluxe.",02:48,,"April 2, 2025",Full,High Quality,https://untitled.stream/library/project/TjTmozW9nHDlNa8DKRnNA
"38 Leaks
17 Snippets???
2 LQs
1 Features
11 Recordings???
4 Unavailable???","TOP
(Summer 2020 Sessions)","Recorded: Late May - Early September 2020 /
25th May - 11th September 2020.
(4/24/20) Mixtape ""38 Baby 2"" finally releases.
(9/11/20) ""Top"" releases.
(10/11/20) Mixtape ""Until I Return"" is announced to release.",,,,,,
TOP,"ZOMBIE
(4KT Relations / Rollin), (Prod.by AKel)","Recorded in 5.?.20. Unfinished song that was previewed by YB
on an instagram live. Previous grail in the comm. CDQ snippet surfaced
on Unreleasedsounds.gg in May 2024. GB succesfully for $1.7k.",01:19,,"May 25, 2024",Full,High Quality,https://untitled.stream/library/project/TjTmozW9nHDlNa8DKRnNA
TOP,"Big Pistol 🏆
(Johnny Dang), (Prod.by Guwap$ Of Beat Execz &
MarcussMuzik Of Beat Execz)","Recorded in 5.?.20. Previewed by YB twice on Instagram.
Previewed by leakers in early September 2025.",02:??,,,Snippet,Recording,"https://www.tiktok.com/@4ktleaks/video/7299002704586624298
https://www.reddit.com/r/NBAYoungboy/comments/1doo6w1/top_10_snippet/"
TOP,"Feel Tha Love
(Prod.by ???)","Shown in Jason's snippet files and could be any snippet from 2020.
Era unknown.",,,,Snippet,Recording,https://www.reddit.com/r/NBAYoungboy/comments/17up5yz/unreleased/
TOP,"Don't Try Me
(Prod.by ???)","Shown in Jason's snippet files and could be any snippet from 2020.
Era unknown.",,,,Snippet,Recording,https://www.reddit.com/r/NBAYoungboy/comments/17up5yz/unreleased/
TOP,"No Cap & NBA YoungBoy - 38 Sides [V1]
[Rough Mix] (060420NoCapxYB2 RUFF),
(Prod.by LuciG & Al Geno)",Recorded on 6.4.20.,03:06,,"Nov 12, 2024",Full,Low Quality,
TOP,"No Cap & NBA YoungBoy - Glasshouse
(060520YBxNocap2), (Prod.by AI Geno)","Recorded on 6.5.20. A low quality snippet surfaced in early
November 2021. The original file leaked in late June 2024.",02:05,,"Mar 4, 2022",Full,High Quality,https://untitled.stream/library/project/TjTmozW9nHDlNa8DKRnNA
TOP,"No Cap - Unfold (Ft.)
(Stay The Same), (Prod.by ???)",Previewed twice by No Cap on Instagram live.,,,,Snippet,Recording,https://www.reddit.com/r/NBAYoungboy/comments/1dqmti8/comment/lasfl6b/
TOP,"Judge Me
(Hold Me), (Prod.by Timmy Da Hitman & Dubba-AA)","Previewed twice by YB. Previewed by leakers four years
later in late November 2024. Private bought from leakers.",,,,Snippet,Recording,https://www.reddit.com/r/NBAYoungboy/comments/1b00syy/judge_me_snippet/
TOP,"One Shot [V1]
(Prod.by Drum Dummie)","Uncensored version without the Lil Baby verse.
Leaked the same day as the unreleased ""Blew A Nigga"".",02:32,,"Feb 23, 2021",Full,High Quality,https://untitled.stream/library/project/TjTmozW9nHDlNa8DKRnNA
TOP,"??? (Ft. Lil Durk)
(Prod.by ???)","In a now deleted tweet by YB's camera man Rich Porter
he claimed that YB and Lil Durk have an unreleased song.
CDQ snippet surfaced on Unreleasedsounds.gg in early July 2026.",,,,Snippet,CD Quality,https://youtube.com/shorts/5SYG50TyJIM?is=q3-3WAoQKfBDw2fc
TOP,"I See Now [V1]
(Cemetery Lifestyle 2), (Prod.by ???)","Previewed on discord by leakers in March 2025.
CDQ snippet surfaced on Unreleasedsounds.gg in late March 2025.
It was previewed a second time by leakers in November 2025.",02:59?,,,Snippet,CD Quality,https://www.reddit.com/r/NBAYoungboy/comments/1jgyvnr/2020/
TOP,"Bloody Stepper [V1]
(Cemetery Lifestyle [V1]), (Prod.by Uncle Cameron,
Brxtn, Dremusiq, Louie Bandz & Dubba-AA)",The filename was teased by leakers in early April 2025.,02:14,,"Mar 10, 2026",Confirmed,Not Available,
TOP,"Demon Baby [V1]
(Prod.by Rashonn D & KP On The Beat)",Doesn't have the 2nd verse and different mix compared to V2.,01:35,,"Apr 8, 2024",Full,High Quality,https://untitled.stream/library/project/TjTmozW9nHDlNa8DKRnNA
TOP,"LOAD UP [V2] ⭐
(Demon Baby [V2] / Wrist Rock / Live or Be Killed),
(Prod.by Rashonn D & KP On The Beat)","Previewed by NBA Ben 10 and YB on an Instagram live.
Previewed twice by camera man Rich Porter. Previous grail in the comm.
CDQ snippet surfaced on Unreleasedsounds.gg in early June 2024.",02:24,,"Jun 29, 2024",Full,High Quality,https://audiomack.com/ballout-4/song/load-up
TOP,"MURDA BUSINESS [V1]
(01 YB - MURDA BUSINESS),
(Prod.by HitmanAudio & India Got Them Beats)",Recorded in 6.?.20.,02:22,,"Oct 21, 2023",Full,High Quality,
TOP,"DEATH ENCLAIMED [V1]
(Prod.by 12Hunna & DY Krazy)",Recorded on 6.21.20.,03:27,,"Mar 8, 2026",Full,High Quality,
TOP,"??? (Ft. Polo G)
(Prod.by ???)","In a interview with DJ Akademiks when asked about Polo G, YB mentioned 
he sent Polo a song to get on around the time he dropped ""Top"".",,,,Confirmed,Not Available,
TOP,"Friends [V1]
(Fighting Demons), (Prod.by Take a Daytrip)",CDQ snippet surfaced on Unreleasedsounds.gg in late December 2024.,02:26,,"Feb 6, 2024",Full,High Quality,"https://audiomack.com/patekss/song/fighting-demons
https://untitled.stream/library/project/TjTmozW9nHDlNa8DKRnNA"
TOP,"I Can't Stand It [V1] ⭐
(Trans [V1] / A#m - Energy 6),
(Prod.by Take a Daytrip)","First CDQ snippet surfaced in late February 2025 and second CDQ
snippet surfaced in early March 2025. Has same instrumental as
Lil Skies' unreleased song ""Inhale My Smoke"".",02:53,,"Mar 5, 2025",Full,CD Quality,"https://untitled.stream/library/project/TjTmozW9nHDlNa8DKRnNA
https://soundcloud.com/youngboy-never-broke-again-362800796/i-cant-stand-it?si=c1ebe2a14fc749a38d526c95b7a2eaa2&utm_source=clipboard&utm_medium=text&utm_campaign=social_sharing"
TOP,"Kicked In 🏆
(Perc 10), (Prod.by Wallis Lane)","Confirmed name and previewed twice on Instagram live by YB.
Rumored to be an unfinished song.",,,,Snippet,Recording,https://www.reddit.com/r/NBAYoungboy/comments/sl02p7/this_has_to_drop_kick_inperc_10/?utm_source=share&utm_medium=mweb3x&utm_name=mweb3xcss&utm_term=1&utm_content=share_button
TOP,"Gold Bricks [V1] 🌟
(YPYD / All Around Me), (Prod.by Turbo &
Jason Goldberg)","Previewed on Instagram live by YB and by discord leakers in June 2024.
First CDQ snippet surfaced in late May 2024 and
second CDQ snippet surfaced in late September 2024.
Private bought from leakers and a previous grail in comm.",02:58,,"Oct 10, 2024",Full,High Quality,https://untitled.stream/library/project/TjTmozW9nHDlNa8DKRnNA
TOP,"Real Deal [V1]
(Prod.by Smash David)",Leaked for free in 2026.,02:17,,"Jan 28, 2026",Full,High Quality,"https://untitled.stream/library/project/TjTmozW9nHDlNa8DKRnNA
https://audiomack.com/ballout-4/song/real-deal"
TOP,"My Window [V1]
(Prod.by Tenroc & Smash David)",Version without Lil Wayne.,03:??,,,Rumored,Not Available,
TOP,"Influence [V1]
(My Killa [V1]), (Prod.by Deskhop, Smash David &
Jason Goldberg)","Recorded in 7.?.20. Previewed on Instagram live by YB.
Confirmed to have been an original mix by his engineer Jason.
The original filename was teased by leakers in early July 2026.",02:??,,,Snippet,Recording,https://www.youtube.com/watch?v=g8j2MPUiu2I
TOP,"Take That [V1] ⭐
(Trust [V1] / F#m - Energy 6 / Understand My Soul /
Dont Owe Me None /  My Soul / Letter To My
Brother), (Prod.by Quay Global)","May have been recorded around the same time as ""My Killa"".
A looped edit of half of the song was posted to YB's Instagram
in August 2020.",02:08,,"Jun 16, 2024",Full,High Quality,https://untitled.stream/library/project/TjTmozW9nHDlNa8DKRnNA
TOP,"Violence [V4.1]
(Panoramic [V4.1] / F - Energy 6), (Prod.by Manso,
Mike Wavvs, Wallis Lane & Jason Goldberg)",,02:05,,"Jan 17, 2025",Full,High Quality,
TOP,"Shots [V2]
(Real Street Nigga / Don't Need Me),
(Prod.by Turbo & Yung Talent)","Same beat Lil Uzi and Future used for ""Moment Of Clarity"".
CDQ snippet surfaced July 2024, unfinished song. GB succesfully
for $5.5k with ""Yes Lord [V1]"" & ""Put It On The Floor [V3.1]"".",02:21,,"Jul 28, 2024",Full,High Quality,https://untitled.stream/library/project/TjTmozW9nHDlNa8DKRnNA
TOP,"All In [V1]
(Prod.by 12Hunna)",Recorded in 7.?.20.,02:36,,"Mar 8, 2026",Full,High Quality,
TOP,"P Yungin - I'm On [V1] (Ft.)
(Prod.by 12Hunna)",,03:05,,"Mar 8, 2026",Full,High Quality,
TOP,"Froze (Ft. P Yungin)
(Steady Callin), (Prod.by Al Geno)","Previewied by P Yungin multiple times. Previewed on discord by
leakers in March and April 2025. Private bought from leakers.
Throwaway track from label mixtape ""AIN'T 2 LONG"".
The original file leaked in December 2025.",03:36,,"Nov 23, 2025",Full,High Quality,https://untitled.stream/library/project/TjTmozW9nHDlNa8DKRnNA
TOP,"NO START NO STOP ⭐️
(Dangerous Friends / Dead Friends /
Blow My Mind), (Prod.by HitmanAudio)","Previewed by YB on an Instagram story. The CDQ snippet surfaced
in May 2025. Two shorter snippets were previewed by leakers in
early July 2025. Leaked for free in July 2025.",03:22,,"Jul 23, 2025",Full,High Quality,"https://untitled.stream/library/project/TjTmozW9nHDlNa8DKRnNA
https://audiomack.com/danie-6716/song/dangerous-friends"
TOP,"Memory Lane [V1]
(Prod.by Yung Lan)",Recorded on 8.10.20.,02:53,,"May 23, 2024",Full,High Quality,(Link Needed)
TOP,"Memory Lane [V2]
(Streets Callin / Strong / Ticket Show),
(Prod.by Yung Lan)","Recorded on 8.10.20. Previewed by YB. Leaked after a sucessful $600 GB.
CDQ snippet surfaced in April 2024. Unfinished song due to hackers getting
a hold of song. YB said it was a ""From The Bayou [V2]"" throwaway.",01:14,,"Apr 16, 2024",Full,High Quality,https://untitled.stream/library/project/TjTmozW9nHDlNa8DKRnNA
TOP,"I Cant Stand It [V2] (Ft. Lil Wayne)
(Prod.by Take a Daytrip)",Rumored to exist and posibly private bought from leakers.,,,,Confirmed,Not Available,
TOP,"???
(Free Agent), (Prod.by ???)","Recorded on 8.11.20. CDQ snippet surfaced on
Twitter in October 2025.",,,,Snippet,CD Quality,https://www.youtube.com/watch?v=AQVCDl8Vt9Y
TOP,"???
(Prod.by ???)",Recorded in 8.?.20. Beat previewed quickly by YB.,,,,Beat Only,Recording,https://www.youtube.com/watch?v=g8j2MPUiu2I
TOP,"Hurt Somebody [V1]
(Prod.by Malikotb, 17OnDaTrack & D-Rok)","Recorded in 8.?.20. Previewed by YB on an Instagram story
and a previous grail in the comm.",03:06,,,Full,High Quality,(Link Needed)
TOP,"Dead Trollz [V1]
(Prod.by LondnBlue, Karltin Bankz & PlayboyXO)",,03:30,,2024,Full,High Quality,
TOP,"Toll On Me [V1]
(Prod.by DannyWorld & LondnBlue)","Recorded on 8.20.20. The filename was teased
by leakers months before it leaked.",03:06,,"Dec 10, 2025",Full,High Quality,https://untitled.stream/library/project/TjTmozW9nHDlNa8DKRnNA
TOP,"Toll On Me [V2]
(Slime Cry), (Prod.by DannyWorld & LondnBlue)","Recorded on 8.20.20. Leaked for free.
The original file leaked in early December 2025.",01:52,,"Nov 30, 2025",Full,High Quality,https://audiomack.com/tk-692267ef2b4bf/song/693b0760b1d4c
TOP,"Low Life ⭐
(Been A Challenge / Letter To Ben / Hurt),
(Prod.by Al Geno)","Recorded on 8.21.20. CDQ snippet surfaced on Unreleasedsounds.gg
in early April 2025. Previewed by leakers in early May 2025.
Succesfully GB with ""Burn It Up"" & ""Icy"" for $1.7k.",02:33,,"May 23, 2025",Full,High Quality,https://untitled.stream/library/project/TjTmozW9nHDlNa8DKRnNA
TOP,"I Gotta Hold On [V1]
(Prod.by DrellOnTheTrack & EVRGRN)",Recorded on 8.22.20.,03:11,,"Apr 24, 2025",Full,High Quality,(Link Needed)
TOP,"I Gotta Hold On [V2] ⭐
(Misconseptions), (Prod.by DrellOnTheTrack &
EVRGRN)","Recorded on 8.22.20. Previewed by YB the same day as
""Right Foot Creep"". CDQ snippet surfaced in March 2025.
GB succesfully for $4k with ""187 [V2.1]"".",03:11,,"Apr 24, 2025",Full,High Quality,https://untitled.stream/library/project/TjTmozW9nHDlNa8DKRnNA
TOP,"Rojay MLP & NBA YoungBoy - Keep
Pushing [V1] (Prod.by 17OnDaTrack & D-Rok)","Recorded on 8.23.20. CDQ snippet surfaced in May 2024. Throwaway track
from the label mixtape ""AIN'T 2 LONG"". The original file leaked in May 2025.",02:41,,"May 28, 2024",Full,High Quality,"https://audiomack.com/bardon/song/keep-pushing
https://untitled.stream/library/project/TjTmozW9nHDlNa8DKRnNA"
TOP,"Keep Pushing [V2]
(Prod.by 17OnDaTrack & D-Rok)",Recorded on 8.23.20. Version with only YB.,01:26,,"May 28, 2024",Full,High Quality,(Link Needed)
TOP,"Rojay MLP & RJAE & NBA YoungBoy -
Darkness [V1.2] (Prod.by 17OnDaTrack)","CDQ snippet surfaced in April 2025.
Throwaway track from label mixtape ""AIN'T 2 LONG"".",02:36,,"Jun 19, 2025",Full,Low Quality,https://untitled.stream/library/project/TjTmozW9nHDlNa8DKRnNA
TOP,"???
(Family Pictures), (Prod.by ???)","CDQ snippet surfaced in late August 2026.
Private bought from leakers.",,,,Snippet,CD Quality,https://youtube.com/shorts/2yjpL1K0OVo?si=tH2mnJkHju-8BEK0
TOP,"???
(Prod.by BJ Beatz)","A video of YB rapping to the lyrics was posted to
Instagram by Rich Porter.",,,,Snippet,Recording,https://www.instagram.com/p/CEapBCgDp3G/?igsh=MTducmQzazBtcGFuMw==
TOP,"???
(90% My Body Drugs / Hit They Block Up /
Pain Shit / Who They Running With),
(Prod.by 1Mind & Smash David)","Previewed on an Instagram story in the studio and previewed by
leakers many times in 2024. CDQ snippet surfaced on
Unreleasedsounds.gg in January 2025. Rumored to be an unfinished song.",01:??,,,Snippet,CD Quality,https://www.youtube.com/shorts/hc-iDbh_mmQ
TOP,"Soul Stealer [V1]
(Prod.by Mook On The Beats & Badmarks)",Recorded on 8.29.20.,02:43,,"Jul 17, 2025",Full,High Quality,
TOP,"???
(Top Shotta / Hustler), (Prod.by ???)",Previewed on an Instagram story.,,,,Snippet,Recording,https://www.reddit.com/r/NBAYoungboy/comments/1iq7roa/underrated_snippet/
TOP,"Tadpole
(Be Cautious / Back Door / Worthless),
(Prod.by BJ Beatz, 17OnDaTrack & abonthebeat)",Recorded in 8.?.20. Previewed twice on Instagram live by YB.,,,,Snippet,Recording,https://www.youtube.com/watch?v=1OiNy1gmfzE
TOP,"Hold 13 [V2]
(Hold 13 1 mix 2), (Prod.by Vintage Rippah)",Different mix and an unfinished song.,03:27,,"Jul 8, 2024",Full,High Quality,https://untitled.stream/library/project/TjTmozW9nHDlNa8DKRnNA
TOP,"Hold 13 [V3]
(Prod.by Vintage Rippah)","Previewed In ""TOP"" Trailer later leaked.",02:03,,"Feb 1, 2022",Full,CD Quality,(Link Needed)
TOP,"You Choose [V2] ⭐
(Dm - Energy 4), (Prod.by Dmac & TnTXD)","Name appeared in one of YB's TOP Deluxe twitter polls.
CDQ snippet surfaced in early march 2025.",02:03,,"Mar 1, 2025",Full,High Quality,"https://untitled.stream/library/project/TjTmozW9nHDlNa8DKRnNA
https://audiomack.com/ballout-4/song/you-choose"
TOP,"Still Be Here 🌟
(Prod.by JD On Tha Track & Hagan)","Recorded on 8.9.20. CDQ snippet surfaced on Unreleasedsounds.gg in early
February 2025. Name appeared in one of YB's TOP Deluxe twitter polls.",03:18,,"Feb 22, 2025",Full,High Quality,https://untitled.stream/library/project/TjTmozW9nHDlNa8DKRnNA
TOP,"Ship It ⭐
(Prod.by TayTayMadeIt)","Previewed by YB on Instagram, previous grail in the comm.
Recorded on 8.20.20. CDQ snippet surfaced in late May 2024.
GB succesfully for $3.5k with ""Demon Eye"".",02:38,,"May 29, 2024",Full,High Quality,https://untitled.stream/library/project/TjTmozW9nHDlNa8DKRnNA
TOP,"Freeze [V1]
(Quadnine), (Prod.by TayTayMadeit)",,03:08,,2024,Full,CD Quality,
TOP,"Freeze [V2] ⭐
(Quadnine), (Prod.by TayTayMadeit)","A short snippet was posted to YB's Instagram, the song later
leaked in 2021, has an unreleased music video.",02:58,,"Mar 24, 2021",Full,CD Quality,https://untitled.stream/library/project/TjTmozW9nHDlNa8DKRnNA
TOP,"Walking Dead [V1]
(Prod.by Saucey Beats & BJ Beatz)",Recorded on 9.5.20.,03:17,,"Sep 15, 2024",Full,CD Quality,
"10 Leaks
5 Snippets
1 LQs
4 Features
4 Recordings
1 Unavailable???","Until I Return
(Until I Return / Crash Out Era (Late 2020 Sessions))","Recorded: September - November 2020 /
September 11th - November 20th 2020.
(9/11/20) ""Top"" releases. (11/11/20) Mixtape ""Until I Return""
is announced to release. (11/11/20) ""Until I Return"" releases.
(11/20/20) ""Nobody Safe"" releases.",,,,,,
Until I Return,"Automatic [V2] (Ft. Polo G)
(Prod.by ???)","Private bought but was previewed on discord in June 2024.
 It's uncertain whether or not if this is the song YB was refrencing in the
DJ akademiks interview where he states he sent Polo a song to get on. 
This version doesn't have Rich The Kid on it. Polo G later used the beat
in unreleased song ""Red Dead"".",,,,Snippet,Recording,(Link Needed)
Until I Return,"Rich Porter - ??? (Ft.)
(Bad Nerves), (Prod.by ???)",Previewed by his camera man Rich Porter and someone else in 2020.,,,,Snippet,Recording,https://x.com/YoungboySnippet/status/1689333881101586434
Until I Return,"RJAE & Rojay MLP & NBA YoungBoy -
Emeralds [V3] (Bitch Nigga Hurt),
(Prod.by WassamWop)","Recorded on 9.16.20. Previewed twice by Rojay on Instagram.
A CDQ snippet surfaced in late June 2025. The file name would
later get teased by leakers on discord. Sold for $1.2k.",02:54,,"May 6, 2026",Full,Low Quality,https://youtu.be/6SXuvdz5OGk?si=kvvidOJNdbIJJDv8
Until I Return,"RJAE & Rojay MLP & P Yungin & NBA
YoungBoy - Gang Baby [V1]
(Prod.by Dzimi, JuanRa & Saucey Beats)",Recorded on 9.16.20.,02:34,,"Oct 24, 2023",Full,High Quality,
Until I Return,"P Yungin - ??? (Ft.)
(Callin / Love The Way / Fly Away), (Prod.by ???)","Previewed by P Yungin on Triller in 2021 and in early April 2025.
Untagged CDQ snippet surfaced in early 2025.",,,,Snippet,CD Quality,(Link Needed)
Until I Return,"P Yungin & NBA YoungBoy - Who You Wit
[V2] (Up Late), (Prod.by BxsedJay, Bertomadeit,
Mike Laury & Dubba-AA)","Previewed by P Yungin multiple times, a low quality snippet was posted to
P Yungin's Triller account. A YB only edit surfaced in November 2025.",02:26,,"Nov 21, 2025",Full,High Quality,https://untitled.stream/library/project/TjTmozW9nHDlNa8DKRnNA
Until I Return,"Baby Joe & P Yungin & NBA YoungBoy -
??? (State To State), (Prod.by WassamWop &
JB Sauced Up)",Previewed by Baby Joe in December 2020.,,,,Snippet,Recording,https://www.instagram.com/p/CIxORa-jowU/?igsh=bmxsZGN0aXF6ZDlo
Until I Return,"Big B & P Yungin & NBA YoungBoy - Gang
Baby (Dead Opps), (Prod.by Moneyxo & Litbron)","Unfinished song. Previewed by Big B in 2021 and later leaked.
Throwaway track from ""AIN'T 2 LONG"".",02:16,,"Oct 13, 2023",Full,High Quality,
Until I Return,"Game Boy [V1]
(Prod.by WassamWop, JahDaGod & Kenstone HTH)",Recorded on 10.8.20. Longer unfinished version.,02:26,,"Oct 24, 2023",Full,High Quality,https://untitled.stream/library/project/TjTmozW9nHDlNa8DKRnNA
Until I Return,"Game Boy [V2]
(Drop Sum), (Prod.by WassamWop, JahDaGod &
Kenstone HTH)","Recorded on 10.8.20. Multiple snippets surfaced in
late 2021 and in January 2022.",01:42,,"Feb 3, 2022",Full,High Quality,https://soundcloud.com/user-299888961/gameboy
Until I Return,"4LB [V1]
(4 Pound), (Prod.by Saucey Beats & TnTXD)","Unfinished song. CDQ snippet surfaced in late February 2026.
GB with ""Searching For You"" & ""Highlights"" for $...",02:49,,"Mar 8, 2026",Full,CD Quality,"https://untitled.stream/library/project/TjTmozW9nHDlNa8DKRnNA
https://pillows.su/f/5d6129e741abca6aa60ea778d490cbc2"
Until I Return,"REALLY RICH LIFESTYLE [V1]
(F#m - Energy6 / Way From Fine / RR Lifestyle),
(Prod.by BanBwoi)","Previewed by Rich Porter and a previous grail in comm.
Private bought from leakers. Yap session.",02:57,,"Nov 10, 2024",Full,High Quality,"https://untitled.stream/library/project/TjTmozW9nHDlNa8DKRnNA
https://audiomack.com/moreleaks4kt/song/rr-lifestyle"
Until I Return,"No Cap & NBA YoungBoy - Pallbearers
(101420YB X CAP / My Money),
(Prod.by Mike Laury & Dubba-AA)","Recorded on 10.14.20 and has a similar chorus to intro to
""Whitey Bulger"". The original file leaked in March 2024.",03:25,,"Mar 8, 2022",Full,CD Quality,https://untitled.stream/library/project/TjTmozW9nHDlNa8DKRnNA
Until I Return,"[Unknown amount of 2020 songs with
No Cap]","Pictures surfaced in 2020 of No Cap & YB in the studio together,
it is unknown if they recorded more songs than ""Pallbearers"".",,,,Rumored,Not Available,
Until I Return,"The Kid LAROI - TRAGIC [V3] (Ft. Internet
Money & NBA YoungBoy)
(Kid Laroi feat NBA YoungBoy v1 / I Would),
(Prod.by Cxdy, Nico Baran & Taz Taylor)","Originally recorded in early September 2020, then remastered
on 10.30.20. Encoded on 10.21.20.
Longer version than the released.",02:35,,"Jul 6, 2026",Full,Lossless,
Until I Return,"Demon Eye [V2] (Ft. Asian Doll) 🏆
(Meet The Reaper / Channel 9 / Step On You),
(Prod.by HitmanAudio & KP On The Beat)","Recorded in 11.?.20. The song made in response to King Von and
YB's baby mother Jania ""Making Music Together 😉""
Likely is version 2 of song but no confirmation yet.",,,,Snippet,Recording,https://www.youtube.com/watch?v=yvcDzYVEtoI
"
7 Leaks
1 Snippets
0 LQs
0 Features
1 Recordings
0 Unavailable???
","Sincerely, Kentrell [V1]
(Sincerely, Kentrell [V1])","Recorded: December 2020 - Late March 2021 Arrest / 
20th December 2020 - 22nd March 2021.
(10/20/20) ""Nobody Safe"" releases. (12/17/20) ""It Ain't Over""
interlude is released. (12/20/20) Sincerely, Kentrell [V1] announced.
(3/23/21) YB gets arrested by the feds. (Mid 2021) YB Better ratio
becomes viral meme.  (9/24/21) ""Sincerely, Kentrell"" releases.",,,,,,
"Sincerely, Kentrell [V1]","Toxic Punk [V2]
(Prod.by DJ Trebble, Dmac, TnTXD &
Jason Goldberg)",Longer unfinished version with an open verse.,02:28,,"Jul 7, 2024",Full,High Quality,
"Sincerely, Kentrell [V1]","Stay The Same [V1.1]
(Cm - Energy 6), (Prod.by Karltin Bankz,
LondnBlue & TnTXD)",Recorded in 12.?.20.,02:20,,"Jan 17, 2024",Full,High Quality,
"Sincerely, Kentrell [V1]","Heart In Disguise [V1.2] ⭐️
(In Your Eyes / Heart In The Sky / You So Fine),
(Prod.by NeilaWorld, Callari, Ssort, Hagan & LC)","Previewed by YB, snippet leaked in January 2021. Previewed on discord
in June 2024. Private bought from leakers. CDQ snippet surfaced
late october 2024. Second snippet previewing song leaked in early
November 2024. Previous grail in comm. GB succesfully for $5k with
""SHOW 4 IT"" & ""Yo Lovin'"".",02:25,,"Nov 3, 2024",Full,High Quality,(Link Needed)
"Sincerely, Kentrell [V1]","Smoke Strong [V2]
(Fm - Energy 4), (Prod.by SspikeTrap, Hzrd,
Hurtboy AG & Jason Goldberg)",,02:15,,"Oct 20, 2024",Full,High Quality,
"Sincerely, Kentrell [V1]","Love Different [V1]
(C - Energy 5 / School Girl / Drug Dealer),
(Prod.by TayTayMadeIt)","Recorded in 1.?.21. Previous Grail in the YB comm, unfinished and
has two open verses. Leaked after a bundled GB at $2.5k.",02:36,,"Jun 8, 2024",Full,High Quality,https://pillowcase.su/f/deae6b515bf0fb880fee1a7d171956f1
"Sincerely, Kentrell [V1]","Used Too [V2] ⭐️
(D#m - Energy 6 / RR / Double R / Used To This
Feeling), (Prod.by Dzimi & TnTXD)","Previewed by YB and by discord leakers in June 2024.
GB succesfully for $4.5k with ""Warzone [V3]"". Newer snippets were
later previewed on Instagram live by leakers.",03:02,,"Jul 16, 2024",Full,High Quality,https://pillows.su/f/4029e62f866bc91afff2bce5f9473a8a
"Sincerely, Kentrell [V1]","Goo Glizzy & NBA YoungBoy - ???
(Prod.by ???)",Previewed by Goo Glizzy.,,,,Snippet,Recording,https://www.reddit.com/r/NBAYoungboy/comments/svmnhl/goo_glizzy_x_nba_youngboy_snippet/
"Sincerely, Kentrell [V1]","Wrist Rock [V1]
(Em - Energy 5 / Tiktok), (Prod.by Timmy Da Hitman)","Previewed on the same Instagram live as ""Forgiato"". Not to be confused
with ""Tik Tok"" from the 4444 Sessions. Unfinished song.",02:54,,"Aug 18, 2024",Full,High Quality,https://audiomack.com/realyoungboyneverbrokeagain/song/wrist-rock
"Sincerely, Kentrell [V1]","NBA OG 3THREE & NBA YoungBoy - ???
[V5] [Rough Mix] (NBA YoungBoy x OG3-Track
1-Rough-v5 / Doin' Bad), (Prod.by Veno The Builder)","Likely recorded the same day as ""I Ain't Scared"", previewed by leakers
in October 2021. First song recorded that day.",03:35,,"Feb 10, 2022",Full,High Quality,https://krakenfiles.com/view/E7wIjKUTiL/file.html
"19 Leaks
8 Snippets
1 LQs
4 Features
6 Recordings
2 Unavailable???","Sincerely, Kentrell [V2]
(YB BETTER ERA (Early 2021 Sessions))","Recorded: December 2020 - Late March 2021 Arrest / 
December 20th, 2020 - March 22nd, 2021.
(3/23/21) YB gets arrested by the feds.
(Mid 2021) YB Better ratio becomes viral meme.
(9/24/21) ""Sincerely, Kentrell"" releases.",,,,,,
"Sincerely, Kentrell [V2]","Famous Dex - Lucifer (Ft.)
(Prod.by ???)",CDQ snippet surfaced in late January 2021.,,,,Snippet,CD Quality,https://www.reddit.com/r/NBAYoungboy/comments/1lcaml1/anyone_know_if_the_leakers_got_this/
"Sincerely, Kentrell [V2]","Running From Love [V1]
(Bed Rock), (Prod.by NOLIMITSHAWN &
DP Soundz)","Recorded in 12.?.20. Previewed by YB's team in June 2021. Later previewed
in the trailer for ""Sincerely, Kentrell"" Pre-Orders. CDQ snippet surfaced in
June 2021. Second CDQ snippet surfaced in early March 2022. Track samples
the melody from Drake’s ""Look What You’ve Done"".",02:59,,"Aug 7, 2023",Full,High Quality,https://pillowcase.su/f/3f0a6fc5b9dd4d9f31e98fd86e2f7abc
"Sincerely, Kentrell [V2]","Running From Love [V2] 🌟
(F# - Energy 6), (Prod.by NOLIMITSHAWN &
DP Soundz)","Recorded in 12.?.20. The song samples the melody
from Drake’s ""Look What You’ve Done"".",02:58,,"Jan 17, 2025",Full,CD Quality,(Link Needed)
"Sincerely, Kentrell [V2]","Demon Eye [V3] ⭐️
(Meet The Reaper [V3]), (Prod.by HitMan & KP
On The Beat)","YB only version, second verse recorded in 1.?.21. V2 was previewed
by YB on an Instagram live. CDQ snippet surfaced in late May 2024.",02:20,,"May 27, 2024",Full,CD Quality,https://untitled.stream/library/project/TjTmozW9nHDlNa8DKRnNA
"Sincerely, Kentrell [V2]","NBA Big B & NBA YoungBoy - ???
(Prod.by ???)",,02:??,,,Snippet,Recording,https://www.reddit.com/r/NBAYoungboy/comments/1j70b0e/2021/
"Sincerely, Kentrell [V2]","ROCK PEACE [V1]
(For Your Love / Fallin' For Love),
(Prod.by Wallis Lane)","Unfinished, has two open verses and a previous grail in the comm.
When YB was in jail a snippet of all of YB's vocals was posted to Instagram
by his engineer Jason. The song was meant to be sent to Swae Lee.
Leaked for free as a GB bonus.",03:07,,"Oct 6, 2025",Full,High Quality,https://audiomack.com/ballout-4/song/rock-peace
"Sincerely, Kentrell [V2]","Hurt Somebody [V2] ⭐
(Out My Body) (Prod.by Malikotb, 17OnDaTrack &
D-Rok)","CDQ snippet surfaced in June 2024 and privately bought shortly after.
Song reworked on in 2021. GB succesfully for $5k with ""Wrist Rock [V1]"".",03:06,,"Aug 21, 2024",Full,CD Quality,"https://untitled.stream/library/project/TjTmozW9nHDlNa8DKRnNA
https://audiomack.com/gg_youngboy/song/out-my-body"
"Sincerely, Kentrell [V2]","Save Me [V2]
(Pop Talk [V2] / Tweet Bird [V2]), (Prod.by Jeez Jodi
Smokescreen, Palazzo & Jason Goldberg)",Version without the features.,03:46,,"Jan 1, 2026",Full,CD Quality,
"Sincerely, Kentrell [V2]","Big or Less [V1]
(Prod.by DY Krazy)",Two CDQ snippets surfaced in late February 2026.,02:29,,"Apr 6, 2026",Full,High Quality,(Link Needed)
"Sincerely, Kentrell [V2]","Warzone [V3] ⭐️
(E - Energy 4), (Prod.by Hurtboy AG)","CDQ snippet surfaced in July 2024 and a newer snippet
was later previewed on Instagram live by leakers.",02:49,,"Jul 14, 2024",Full,High Quality,(Link Needed)
"Sincerely, Kentrell [V2]","Slime Allegiance [V1]
(Dm - Energy 5 / Say YoungBoy),
(Prod.by Wallis Lane)","CDQ snippet surfaced on Unreleasedsounds.gg
in late March 2025. Leaked for free.",03:28,,"Jul 9, 2025",Full,High Quality,https://audiomack.com/jarad-juice-leaks/song/slime-allegiance
"Sincerely, Kentrell [V2]","Switching Up [V1] ⭐️
(Em - Energy 6), (Prod.by 17OnDaTrack)","Lyric posted by YB as an Instagram live caption in early 2021.
First snippet surfaced in January 2025. Second snippet surfaced
in early April 2025 and third snippet surfaced in September 2025.",03:01,,"Oct 16, 2025",Full,High Quality,https://pillows.su/f/f87cd5eef2c906ca4917e3c5f0de392e
"Sincerely, Kentrell [V2]","What If [V2]
(D - Energy 6 / I'm So Sorry / Slume Cry),
(Prod.by Brian Wolf)","Two snippets were previewed by leakers in early January
2025 and previewed by leakers in late March 2025.",02:11,,"Oct 18, 2025",Full,High Quality,https://audiomack.com/ballout-4/song/what-if
"Sincerely, Kentrell [V2]","Take It Back [V1.1]
(Can't Take It Back [V1.1] / Cm - Energy 7),
(Prod.by Haze, Zuus, TnTXD & Jason Goldberg)",,02:57,,"Jan 17, 2025",Full,CD Quality,
"Sincerely, Kentrell [V2]","Suburban Girl [V2.1] 🏆
(Nights In New York), (Prod.by Tahj Money & TnTXD)","Teased on Instagram by YB's team, it was later said that he had
lost the file to the song.",04:??,,,Snippet,Recording,https://www.reddit.com/r/NBAYoungboy/comments/1edur19/suburban_girl/
"Sincerely, Kentrell [V2]","I Need It [V1]
(Prod.by Al Geno)","CDQ snippet surfaced on Unreleasedsounds.gg in late December 2024.
Unfinished with an open verse. GB succesfully fo
 $2,650 with ""I BEEN TRYING"".",02:54,,"Jan 21, 2025",Full,CD Quality,https://audiomack.com/ballout-4/song/i-need-it
"Sincerely, Kentrell [V2]","I Am Not The Same [V1]
(Not The Same), (Prod.by Synco, Einer Bankz &
TnTXD)","Era unknown. CDQ snippet surfaced in early January 2025 and
the second CDQ snippet surfaced in July 2025.
The original file leaked two days later.",02:11,,"Feb 21, 2026",Full,High Quality,(Link Needed)
"Sincerely, Kentrell [V2]","Open Arms [V1]
(Prod.by Buddah Bless)","Unknown if recorded before or after ""Open Arms"".",,,,Snippet,Recording,https://www.youtube.com/shorts/RCKjS_fo3T8
"Sincerely, Kentrell [V2]","Blitz [V1]
(Hunger Games), (Prod.by $y G & Bans)","CDQ snippet surfaced in early January 2025. Previewed by leakers in
February 2025. GB succesfully for $2,650 with ""YEAH"",
""004KT [V1]"" & ""004KT [V2]"".",02:20,,"May 8, 2025",Full,High Quality,(Link Needed)
"Sincerely, Kentrell [V2]","Whatever I Say ⭐️
(YB_WhateverISay_422HQ),
(Prod.by Jonnie Hope, Mike Laury & Dubba-AA)","A snippet was posted to YB's Instagram story in 2022 and has an
unreleased music video. A second snippet was previewed by leakers
in July 2024 and the third snippet surfaced two months later.
Previous grail in comm.",02:41,,"Sep 29, 2024",Full,CD Quality,"https://audiomack.com/6Ser/song/whatever-i-say
https://open.spotify.com/track/32UsGOKvLlpzaHrAsaR3ZC?si=bd800c011af04fe3"
"Sincerely, Kentrell [V2]","???
(Know Me), (Prod.by ???)",Era unknown. CDQ snippet surfaced in July 2026.,,,,Snippet,CD Quality,https://www.reddit.com/r/NBAYoungboy/s/Dsxgj8K16l
"Sincerely, Kentrell [V2]","Shake Dat Ass [V2] 🐟
(Prod.by TnTXD, Yakree & Timmy Da HitMan)",Previewed by friend Montana.,,,,Snippet,Recording,(Link Needed)
"Sincerely, Kentrell [V2]","???
(What It's Like), (Prod.by ???)",,,,,Snippet,Recording,https://youtube.com/shorts/CSNNjKmfAhg?si=ixCrVsf6eFDPFK0k
"Sincerely, Kentrell [V2]","Rich The Kid - Stash It (Ft.)
(RTK 030621 SONG2 -FT. YOUNGBOY-),
(Prod.by Beat By Jeff)","Recorded on 3.6.21. Second song recorded that day.
 Leaked with tags and the original file leaked in early September 2023.",02:19,,"Oct 26, 2021?",Full,CD Quality,https://soundcloud.com/ice-fused/stash-it-nba-youngboy-feat
"Sincerely, Kentrell [V2]","Rich The Kid - ??? (Ft.)
(Prod.by ???)",Previewed on an Instagram story by Rich.,,,,Snippet,Recording,https://youtube.com/shorts/gpBQ73q8a3M
"Sincerely, Kentrell [V2]","[Unknown amount of 2021 songs with
Rich The Kid]","In June 2021 Rich The Kid teased a sequel to the collab project
""Nobody Safe"" while previewing the unreleased song ""Hybrid"".",,,,Confirmed,Not Available,https://www.youtube.com/watch?v=VtiKPqE_aPU
"Sincerely, Kentrell [V2]","Rich The Kid & NBA YoungBoy - Hybrid
(Prod.by ???)","Previewed by Rich The Kid multiple times, was meant to be on ""Nobody
Safe 2"" which never released. Said to have a music video by YB.",,,,Snippet,Recording,https://youtu.be/DmpD5AMSP3k?si=3JofL0yzltsJ-u5K
"Sincerely, Kentrell [V2]","Scarred Feelings [V1]
(Prod.by TnTXD, Dmac & ???)",Recorded on 3.8.21.,02:55,,"Aug 14, 2025",Full,CD Quality,(Link Needed)
"Sincerely, Kentrell [V2]","Scarred Feelings [V2]
(Prod.by TnTXD, Dmac & ???)",Recorded on 3.8.21 and leaked for free.,02:11,,"July 31, 2025",Full,"Standard
Quality",https://audiomack.com/3800_youngboy/song/scarred-feelings
"Sincerely, Kentrell [V2]","Bway Yungy - Far Away [V2] (Ft.)
(Prod.by Berge.af)",,02:56,,"July 6, 2024",Full,High Quality,
"Sincerely, Kentrell [V2]","Misguided
(Prod.by ???)","Recorded on 3.17.21. The filename was teased
by leakers in early June 2026.",02:41,,,Confirmed,Not Available,(Link Needed)
"Sincerely, Kentrell [V2]","POP TALK [V3] (Ft. Rojay MLP, Meechy
Baby, P Yungin & RJAE) (Tweet Bird [V3]),
(Prod.by Smokescreen, Palazzo, Jeez Jodi &
Jason Goldberg)",Longer version. The song was fully completed when YB was in jail.,03:46,,"April 1, 2025",Full,CD Quality,
"36 Leaks
10 Snippets
1 LQs
5 Features???
4 Recordings
5 Unavailable???
               ","Colors
(From The Bayou & Colors Emo Era ⭐ (Early House Arrest 2021 Sessions))","Recorded: October 26th, 2021 - January 21st, 2022.
(10/22/21) YB is freed from jail after 7 months.
(12/10/21) Collab project with Birdman ""From The Bayou"" releases.
(1/21/22) Mixtape ""Colors"" releases.",,,,,,
Colors,"Makkonen - All My Shit Stupid [V2] (Ft.)
(Prod.by davyn & Jae Marley)",Version with the original beat and an open verse for Makkonen.,02:32,,2021,Full,High Quality,https://pillowcase.su/f/f379145e999c1b859cdba939da88b632
Colors,"Sweet Dreams [V1]
(I Don't Care Go To Sleep Mad Haha [V1]),
(Prod.by Trent Reznor & Marilyn Manson)","""Sweet Dreams"" by Marilyn Manson remix.",04:20,,"Nov 10, 2024",Full,High Quality,(Link Needed)
Colors,"I Don't Care Go To Sleep Mad Haha [V2]
(Prod.by Trent Reznor & Marilyn Manson)","Recorded in 11.?.21 and previewed shortly after.
YB released it on YouTube in late 2022 and quickly deleted it.
Remix of ""Sweet Dreams"" by Marilyn Manson.",04:22,,"Dec 13, 2022",Full,High Quality,https://audiomack.com/unknown3800/song/nba-youngboy-i-dont-care-go-to-sleep-mad-ha-ha
Colors,"???
(Lost Soul), (Prod.by ???)",CDQ snippet surfaced on Unreleasedsounds.gg in early August 2025.,,,,Snippet,CD Quality,(Link Needed)
Colors,"I Wish It Wasn't True [V1]
(Fire Fighter), (Prod.by Thank You Fizzle)","CDQ snippet surfaced on Unreleasedsounds.gg
in early January 2025. Leaked for free",02:37,,"Jul 24, 2025",Full,High Quality,https://audiomack.com/theslimemike/song/i-wish-it-wasnt-true
Colors,"CONTROL [V1] 🌟
(Prod.by TM88 & DY Krazy)","First half of song previewed by leakers on discord in early January 2025.
First CDQ snippet surfaced in March 2025 and second surfaced
in March 2025. Succesfully GB for 2.3k.",03:05,,"Mar 21, 2025",Full,High Quality,https://audiomack.com/theslimemike/song/control
Colors,"RR Vibe [V1] ⭐️
(Really Rich Vibe), (Prod.by Robby)","Previewed on discord by leakers in March 2025. First CDQ snippet
surfaced in late April 2025 and second surfaced in early June 2025.
GB with ""She Know [V1]"" for $3.6k.",02:18,,"Jul 26, 2025",Full,High Quality,https://audiomack.com/blickem5records/song/rr-vibe
Colors,"She Know [V1]
(Prod.by Slim)","Previewed on Clubhouse by YB, and private bought from leakers. Two CDQ
snippets surfaced in early January 2025. Previewed by leakers in late
March and early May 2025. Third CDQ snippet surfaced in early June 2025.",02:39,,"Jul 11, 2025",Full,High Quality,https://audiomack.com/ballout-4/song/she-know
Colors,"How I Came Out [V1] ⭐️
(Touchdown), (Prod.by Hzrd, Jason Goldberg,
Lvl35dav & Hurtboy AG)","Recorded in 11.?.21. Previewed on Clubhouse by YB.
Two CDQ snippets surfaced in early November 2024 and leaked for free.",02:38,,"Dec 20, 2024",Full,High Quality,https://audiomack.com/forevaflexin7/song/how-i-came-out-v1-hurt-x-hzrd
Colors,"???
(Big Boss Shit), (Prod.by Louie Bandz & Dubba-AA)","Previewed by YB on clubhouse and on discord
by leakers in June 2024.",,,,Snippet,Recording,https://youtu.be/EtzCJiTQhcA
Colors,"Two Seater [V1]
(New Heater), (Prod.by Smoke Screen &
Martin Brown)","Recorded in 11.?.21. Previewed on the same Instagram
live as ""Snow Bunny"" and ""Came A Long Way"".
Version without Offset.",02:??,,,Confirmed,Not Available,(Link Needed)
Colors,"Jiggaboo [V1]
(New Heater 2), (Prod.by Smoke Screen &
Martin Brown)","Previewed on discord by leakers in March 2025.
CDQ snippet surfaced in late March 2025.
May have been recorded around the same time as ""Expensive Taste"".
Previewed again by leakers in early April 2025.",02:39,,"April 5, 2025",Full,High Quality,(Link Needed)
Colors,"???
(Badder In Person), (Prod.by ???)","Recorded in 11.?.21. Previewed briefly on the same Instagram live
that he previewed ""Snow Bunny"" & ""Came A Long Way"".
CDQ snippet surfaced in late July 2026.",,,,Snippet,CD Quality,"https://www.reddit.com/r/NBAYoungboy/comments/1izik1f/i_wanna_hear_the_full_song_look_at_jason_reaction/
https://www.reddit.com/r/NBAYoungboy/comments/1v7gjxj/2021/"
Colors,"I Want You
(You Bad), (Prod.by Hzrd, Hurtboy AG, Nick
Schmidt & Jason Goldberg)","Posted on twitter by YB in early 2023. May have been recorded
around the same time as the 2022 ""Loaded"".",02:10,,"Apr 2, 2023",Full,CD Quality,(Link Needed)
Colors,"Came A Long Way [V1]
(Prod.by Supah Mario, Take a Daytrip &
Jason Goldberg)",Recorded in 11.?.21. Has a different mix and louder adlibs than the V2.,02:43,,"Nov 6, 2024",Full,High Quality,
Colors,"Drowning [V1] ⭐️
(Drowning Me), (Prod.by AI Geno)","Recorded in 11.?.21. May have been recorded around the same time 
as ""Proud Of Me"", surfaced as a CDQ snippet in June 2024.
GB succesfully for $5k with ""Out The Trap"" & ""Out My Mind [V1.1]"".",02:26,,"Jun 16, 2026",Full,High Quality,(Link Needed)
Colors,"ARE YOU PROUD OF ME [V1]
(Proud Of Me [V1]), (Prod.by Camm, DY Krazy &
Alek Beats)",Leaked as a GB bonus and has a different mix than the V2.,02:43,,"Nov 26, 2024",Full,High Quality,https://audiomack.com/murda-fellow/song/are-you-proud-of-me
Colors,"Proud Of Me [V2] ⭐️
(Prod.by Camm, DY Krazy & Alek Beats)","Previewed on camerman Nick's Instagram story. YB released it on
YouTube with clips of him playing in the snow and later deleted it.",02:34,,"Dec 14, 2022",Full,CD Quality,(Link Needed)
Colors,"BY ANY MEANS [V1]
(Prod.by TnTXD)",Era unknown. The filename was teased by leakers in July 2026.,02:32,,,Confirmed,Not Available,(Link Needed)
Colors,"I See
(Prod.by Jason Goldberg, JULiA Lewis, Leon
Thomas III, Heavy Mellow & Wallis Lane)",Recorded in 11.?.21. Unfinished version.,01:01,,"Apr 9, 2024",Full,High Quality,(Link Needed)
Colors,"Evil Eye [V2] ⭐️
(I See [V2] / Evil I See), (Prod.by JULiA Lewis,
Leon Thomas III, Heavy Mellow,
Wallis Lane & Jason Goldberg)","Recorded in 11.?.21. Previewed on Clubhouse CDQ snippet surfaced
in May 2024. GB succesfully for $1.4k with ""LOAD UP"".",02:24,,"Jun 28, 2024",Full,High Quality,(Link Needed)
Colors,"She Lose [V1] ⭐️
(Prod.by Myles Jacob, Emmanb & Manny)","CDQ snippet surfaced on Unreleasedsounds.gg in late
December 2024. Private bought from leakers.",03:01,,"May 10, 2025",Full,High Quality,https://audiomack.com/ballout-4/song/she-lose
Colors,"???
(Coast 2 Coast), (Prod.by ???)","CDQ snippet surfaced in December 2024 and second snippet
surfaced in early January 2025. Private bought from leakers.",,,,Snippet,CD Quality,https://www.reddit.com/r/NBAYoungboy/comments/1ifbvvz/_/
Colors,"Two [V1]
(2Hoo [V1]), (Prod.by Hurtboy AG, Jason Goldberg,
BEATSAINTFREE JG & Nick Schmidt)",Recorded in 12.?.21.,02:47,,"Feb 15, 2025",Full,High Quality,
Colors,"Big Stacks [V1]
(Dis & That [V1]), (Prod.by Jason Goldberg,
Leor Shevah, India Got Them Beats & Yakree)",Recorded in 12.?.21.,02:55,,"Nov 6, 2024",Full,High Quality,
Colors,"Birdman & NBA YoungBoy - Strictly
Steppin [V2] (Strictly Steppin x YB_Drok),
(Prod.by Lastwordbeats, D-Rok & Berge.af)","Was originally just Birdman with an open verse. Previewed by
D-Rok in July 2022. May have been a track on the unreleased
""From The Bayou 2"". The original file leaked in early April 2025.",02:51,,"Jul 28, 2022",Full,High Quality,(Link Needed)
Colors,"???
(Please Don't Call Me / PDCM), (Prod.by ???)","First CDQ snippet surfaced on Unreleasedsounds.gg in
late March 2025. Private bought from leakers.
The second CDQ snippet surfaced in early June 2025.",,,,Snippet,CD Quality,"https://www.reddit.com/r/NBAYoungboy/comments/1jgyvm4/2021/
https://www.reddit.com/r/NBAYoungboy/comments/1l3bn4s/idk/"
Colors,"Chopper Doctor [V1]
(Prod.by Supah Mario, Kenoe & Jason Goldberg)",Recorded in 12.?.21.,02:47,,"Nov 14, 2024",Full,High Quality,
Colors,"WNC Whop Bezzy & NBA YoungBoy -
PP LOAN [V1] (Ppp Loan (Ft.) [V1]),
(Prod.by DJ B Real)","Recorded in 12.?.21. Longer version. 
CDQ snippet surfaced in early December 2021.",02:42,,"Apr 9, 2025",Full,High Quality,
Colors,"OMurder [V1] 🌟
(Prod.by Supah Mario & Jason Goldberg)","Recorded in 12.?.21. CDQ snippet surfaced in July 2024 and second CDQ
snippet surfaced in early November 2024. Private bought from leakers.
Previewed by leakers on discord in late November 2024. May have been
a throwaway from the compilation tape ""More Leaks"".",03:13,,"Nov 21, 2024",Full,High Quality,https://audiomack.com/gg_youngboy/song/omurder
Colors,"Between The Eyes [V1] ⭐️
(Prod.by Berge.af, Lastwordbeats, Skeeo! & D-Rok)","CDQ snippet surfaced early November 2024, privately bought
from leakers. Second CDQ snippet surfaced in December 2024.
Previewed by leakers many times in early 2025.",02:54,,"Mar 1, 2025",Full,High Quality,https://audiomack.com/gg_youngboy/song/between-the-eyes
Colors,"Red Zone
(Red Zone 2), (Prod.by 12Hunna)","The song was mentioned by YB Clubhouse in December 2021.
Previewed by leakers in late 2024. First CDQ snippet surfaced in early
January 2025. Previewed by leakers in August 2025.",,,,Snippet,CD Quality,https://youtu.be/WjuPY6WUh44
Colors,"On My Level [V2]
(Murder Train), (Prod.by TayTayMadeIt)","Recorded in 12.?.21. Previewed by leakers in early October 2024.
Two untagged CDQ snippets surfaced in early November 2024
and were posted to YouTube by the producer shortly after.",02:15,,"Nov 9, 2024",Full,CD Quality,https://audiomack.com/ballout-4/song/on-my-level
Colors,"???
(Girl), (Prod.by ???)",Era unknown. Previewed by leakers in late September 2026.,,,,Snippet,Recording,https://youtube.com/shorts/tzlVj3y1Cjc?si=bM5H6NKX-SBB1ZVt
Colors,"???
(Outsiders Judging Me / I Won't Do A Thing
Right Now), (Prod.by ???)",Era unknown. Previewed by leakers in early October 2024.,,,,Snippet,Recording,https://www.youtube.com/watch?v=3zZOXUt8Ctk
Colors,"Foolish Figure [V1]
(Prod.by Hagan, LC, BEATSAINTFREE JG, Hurtboy
AG & Jason Goldberg)",Recorded in 12.?.21.,02:46,,"Apr 9, 2025",Full,High Quality,
Colors,"Foolish Love [V1] ⭐️
(See Me Win), (Prod.by Ceddy Bo, Mike Laury &
Dubba-AA)",Recorded in 12.?.21. Two CDQ snippets surfaced in June 2024.,03:30,,"Dec 20, 2024",Full,CD Quality,https://audiomack.com/aiyoungboy3800/song/nba-youngboy-foolish-love
Colors,"Jaz & NBA YoungBoy - Poppin Shit [V1]
(YB x JAZ v1_TNT), (Prod.by TnTXD, Produced
by Jb, Jkei, Red Jon & Jason Goldberg)",Recorded in 12.?.21. Longer version with an open verse.,02:40,,"Nov 10, 2024",Full,High Quality,
Colors,"Gangsta [V1]
(Prod.by Jason Goldberg & Supah Mario)",Version without Quando Rondo.,,,,Rumored,Not Available,
Colors,"Fish Scale [V1]
(Prod.by Ambezza & Cardo Got Wings)",Recorded in 1.?.22.,02:50,,"Jul 6, 2024",Full,High Quality,
Colors,"Symphony [V1]
(Glorious), (Prod.by DP Beats & Chief Keef)","Recorded in 1.?.22. May have been recorded around the same time
as ""Bring It On"". Announced to exist by DP Beats with a trailer in
late February 2022. Has the same instrumental as ""Sweetheart"" by
Chief Keef. Leaked in low quality and the original file leaked in June 2026.",02:42,,"Dec 23, 2022",Full,High Quality,(Link Needed)
Colors,"All The Problems [V1]
(Prod.by Chief Keef & DP Beats)",,02:14,,"Sep 15, 2024",Full,High Quality,
Colors,"Quando Rondo & NBA YoungBoy - Gangsta
[V2] (Prod.by Supah Mario & Jason Goldberg)",Recorded in 1.?.22.,04:15,,"Nov 6, 2024",Full,High Quality,
Colors,"My Friend [V2]
(Prod.by Swirv & 808 Melo)","Open verse for Quando Rondo. Video of YB rapping
along to the song leaked in June 2024.",03:04,,"Jun 8, 2024",Full,High Quality,
Colors,"[Unknown Amount of 2021 - 2022 songs with
Quando Rondo]","Confirmed to exist by YB in 2021. Rumored to be ""3860"" throwaways and
unfinished songs for the project.",,,,Confirmed,Not Available,
Colors,"Quando Rondo - Casket Talk [V2] (Ft.)
(Prod.by Aldaz, lvl35dav, Dmac & D-Rok)",Longer version.,03:30,,"Jan 31, 2026",Full,"Standard
Quality",(Link Needed)
Colors,"Quando Rondo & NBA YoungBoy -
Corner [V2] (Prod.by Saucey Beats)",CDQ snippet surfaced in late September 2025.,,,,Snippet,CD Quality,https://www.reddit.com/r/NBAYoungboy/comments/1nr9g4m/2022_with_quando/
Colors,"Slider [V2]
(Prod.by Lastwordbeats, Berge.af, Jason Goldberg
& D-Rok)",Recorded in 1.?.22.,02:28,,"Oct 10, 2024",Full,High Quality,
Colors,"Pick A Side [V1.1]
(Know Like I Know [V1.1]), (Prod.by BboyBeatz,
KP On The Beat, BJ Beatz & Jason Goldberg)","Recorded in 1.?.22. NLE Choppa diss.The filename was
shown by leakers in late April 2026.",03:52,,,Confirmed,Not Available,
Colors,"Just Me [V2]
(Slimes Go Where I Go [V2]), (Prod.by Skeeo!,
D-Rok & Jason Goldberg)",Recorded in 1.?.22. Kodak Black diss.,02:56,,"Jun 26, 2024",Full,High Quality,
Colors,"Love Replay [V1] ⭐️
(Prod.by TnTXD & SephGotTheWaves)","Untagged CDQ snippet surfaced in June 2025. Second and third
CDQ snippets surfaced in August 2025. The original file leaked
three days after. Likely recorded the same day as ""Count on me"".",02:00,,"Sep 17, 2025",Full,High Quality,https://audiomack.com/jarad-juice-leaks/song/love-replay
Colors,"Offset & NBA YoungBoy - Two Seater [V2]
(New Heater), (Prod.by Smoke Screen &
Martin Brown)","Recorded in 1.?.22. Previewed on discord by
leakers in June 2024.  Offset's verse previewed by leakers on
discord in late November 2024. Previous grail in comm.",02:54,,"Mar 28, 2025",Full,High Quality,(Link Needed)
Colors,"No Sleep [V1]
(Prod.by Supah Mario)","Era unknown. The released version may have been on the
""I Just Got A Lot On My Shoulders"" OG tracklist.",03:17,,"Nov 7, 2024",Full,High Quality,
Colors,"Carry On [V1] 🌟
(Tired Of Trying / Believe In Love),
(Prod.by Cardo Got Wings,
Supah Mario, TnTXD & Jason Goldberg)","Recorded in 1.?.22. Previewed by engineer Jason on Instagram live.
The song was later previewed on discord in June 2024, then private
bought from leakers. Two CDQ snippets surfaced in November 2024.
Previous grail in comm. GB succesfully for $3.7k. May have been
a throwaway from the compilation tape ""More Leaks"".",03:53,,"Dec 4, 2024",Full,High Quality,https://audiomack.com/gg_youngboy/song/carry-on
Colors,"Teelee Gaulden - ??? (Ft.)
(Feeling Emotions / Done With It), (Prod.by ???)","Previewed on an Instagram story in January 2022 and
previewed by leakers in early July 2025.",,,,Snippet,CD Quality,"https://www.instagram.com/p/CadAmZjD0De/
https://www.reddit.com/r/NBAYoungboy/comments/1lushwf/2022/?utm_source=share&utm_medium=web3x&utm_name=web3xcss&utm_term=1&utm_content=share_button"
"2 Leaks
0 Snippets
1 LQs
0 Features
0 Recordings
3 Unavailable???","BETTER THAN YOU
(2021 - 2022 Sessions with DaBaby)","Recorded: October 26th - March 4th 2022.
(10/22/21) YB gets free from jail after 7 months.
(12/10/21) ""From The Bayou"" releases.
(1/21/22) ""Colors"" releases.
(3/4/22) Collab project ""Better Than You"" releases.",,,,,,
BETTER THAN YOU,"DANGEROUS [V2]
(Syracuse [V2]), (Prod.by Sheila’s Son,
Cardo Got Wings & Jason Goldberg)",Recorded in 12.?.21. Syracuse with an open verse for DaBaby.,02:10,,"Jun 7, 2024",Full,High Quality,(Link Needed)
BETTER THAN YOU,"Count on me [V1]
(Prod.by TnTXD, Hurtboy AG, Red Jon,
Bapsxx & Jason Goldberg)","May have been recorded around the
same time as ""Love Replay"".",02:??,,,Rumored,Not Available,
BETTER THAN YOU,"Little to A Lot [V1]
(Prod.by Haze, Nash, TnTXD, Dmac &
Jason Goldberg)",Version without DaBaby.,03:??,,,Rumored,Not Available,
BETTER THAN YOU,"Head Off [V1]
(Prod.by Ben10k, Ambezza, Tommy Parker
& Jason Goldberg)",Version without DaBaby.,03:??,,,Rumored,Not Available,
BETTER THAN YOU,"PARISH MUSIC [V1]
(On this Line [V1]), (Prod.by India Got Them Beats,
Leor Shevah, Jason Goldberg & Jahniya C)","Demo and reference version which was sent to Dababy for
the production of ""BEtTER THAN YOU"".",01:47,,"Sep 27, 2025",Full,Low Quality,(Link Needed)
"78 Leaks
30 Snippets
0 LQs
3 Features???
8 Recordings
5 Unavailable??? ","The Last Slimeto
(The Last Slimeto Era (Summer 2022 Sessions))","Recorded: January 21st - August 5th, 2022.
(1/21/22) Mixtape ""Colors"" releases.
(3/4/22) Collab mixtape ""Better Than You"" releases.
(4/1/22) ""The Last Slimeto"" Sampler releases.
(8/5/22) Album ""The Last Slimeto"" releases.",,,,,,
The Last Slimeto,"RJAE & NBA YoungBoy - Gone [V1]
[Rough Mix] (Too Gone [V1]),
(Prod.by Mike Hector)",Era unknown.,03:21,,"Apr 9, 2025",Full,High Quality,
The Last Slimeto,"Right Now [V1]
(Prod.by Jason Goldberg, TnTXD, Dmac,
Mason Wu & Dylan Kidd)",,03:31,,"May 23, 2024",Full,High Quality,
The Last Slimeto,"Super Bowl [V1]
(28_Super Bowl v1), (Prod.by Jon Milli, Hoops
Figurez Made It, Smash David, OG Parker &
Jason Goldberg)","Originally was track 28 on ""The Last Slimeto"".",03:18,,"Dec 31, 2024",Full,High Quality,
The Last Slimeto,"Feel Me [V1] ⭐️
(Prod.by 17OnDaTrack)","Likely recorded the same day as ""Holy"".",02:00,,"Mar 3, 2025",Full,High Quality,https://audiomack.com/ballout-4/song/feel-me
The Last Slimeto,"Bright Nite [V1]
(Ben Lomond Mountain [V1]),
(Prod.by Jason Goldberg, Hurtboy AG,
BEATSAINTFREE JG, Ben10k & Danes Blood)",,02:53,,"Jan 2, 2025",Full,High Quality,
The Last Slimeto,"Mack [V1]
(Prod.by OG Parker & Beezo)","Unfinished song that leaked for free as a GB bonus.
A snippet of the instrumental was posted by leakers in late December 2024.",02:52,,"Dec 27, 2024",Full,High Quality,https://audiomack.com/ballout-4/song/mack
The Last Slimeto,"Slime [V1]
(Slimeto), (Prod.by Supah Mario & Jason Goldberg)","CDQ snippet surfaced on Unreleasedsounds.gg in early July 2024.
More snippets were later previewed on Instagram live
by leakers. GB succesfully for $2.5k.",02:02,,"Sep 19, 2024",Full,High Quality,(Link Needed)
The Last Slimeto,"???
(Got M3 / Get To Me), (Prod.by ???)","CDQ snippet surfaced on Unreleasedsounds.gg in late February 2025.
Private bought from leakers. Previewed by leakers in late June 2025.
Previewed by leakers on Discord in early April 2025.",02:??,,,Snippet,CD Quality,https://youtu.be/k-0lkI_jyok?si=akiLZ3b0LSQF61NL
The Last Slimeto,"There Go Your Funeral [V1]
(On His Ass), (Prod.by Lastwordbeats & Menace)","Untagged CDQ snippet of intro surfaced in December 2024.
Tagged CDQ snippet surfaced in early January 2025.",02:08,,"Dec 14, 2025",Full,High Quality,(Link Needed)
The Last Slimeto,"Wagwan [V1]
(28_Wagwan v1), (Prod.by Badmarks, Santo,
Menace & Jason Goldberg)","Originally was track 28 on ""The Last Slimeto"".",02:29,,"Jan 29, 2026",Full,High Quality,
The Last Slimeto,"Bounce [V1]
(Doin' My Dance 2), (Prod.by BBoy, AztroInTheCut,
Durkey & ???)","CDQ snippet surfaced on Unreleasedsounds.gg in late January 2025.
Leaked for free. Unfinished song with an open verse.",02:39,,"Feb 20, 2025",Full,High Quality,https://audiomack.com/patekss/song/bounce
The Last Slimeto,"The North [V1]
(O'Block), (Prod.by 17OnDaTrack & D-Rok)","King Von diss. Two CDQ snippets surfaced on Unreleasedsounds.gg
in late March 2025. Previewed by leakers in early April 2025.",02:50,,"Apr 5, 2025",Full,High Quality,https://audiomack.com/ballout-4/song/the-north
The Last Slimeto,"???
(Out Of State / Bullets Flying Everyday),
(Prod.by ???)","Era unknown. CDQ snippet surfaced on Unreleasedsounds.gg
in late March 2025. Being sold for $1.3k.",,,,Snippet,CD Quality,https://www.reddit.com/r/NBAYoungboy/comments/1jgykz1/2022/
The Last Slimeto,"Slimeto [V1]
(Prod.by K10Beatz, Cxshmxde & Jason Goldberg)",,02:31,,"Apr 9, 2025",Full,High Quality,
The Last Slimeto,"Father [V1]
(Prod.by Fatboi Beats, Ayo Bleu & Jason Goldberg)",,02:53,,"Nov 14, 2024",Full,High Quality,
The Last Slimeto,"Father [V2.1]
(Prod.by Fatboi Beats, Ayo Bleu & Jason Goldberg)",,02:53,,"Nov 14, 2024",Full,High Quality,
The Last Slimeto,"???
(Body Rock), (Prod.by ???)",CDQ snippet surfaced in September 2025.,,,,Snippet,CD Quality,https://www.reddit.com/r/NBAYoungboy/comments/1nlar94/2022/
The Last Slimeto,"???
(Dat Bag), (Prod.by MarcussMuzik Of Beat Execz)",Previewed by leakers in early July 2026.,,,,Snippet,Recording,(Link Needed)
The Last Slimeto,"I IS THAT [V1]
(Prod.by MarsGawd, TnTXD, JB Sauced Up &
Jason Goldberg)",,03:11,,"Aug 7, 2024",Full,High Quality,
The Last Slimeto,"???
(Rich Punk), (Prod.by ???)",CDQ snippet surfaced in early September 2026.,,,,Snippet,CD Quality,https://www.reddit.com/r/NBAYoungboy/s/DeV0Xd2rbD
The Last Slimeto,"GREEN FLAGZ [V1]
(Free Meechy [V1]), (Prod.by Berge.af, Khris
James, Lastwordbeats, D-Rok & Jason Goldberg)",Recorded in 2.?.22.,02:30,,"Oct 24, 2024",Full,High Quality,
The Last Slimeto,"???
(Drop Down), (Prod.by ???)",Previewed quickly on discord by leakers in April 2026.,,,,Snippet,Recording,(Link Needed)
The Last Slimeto,"BY MYSELF [V?]
(Prod.by PonchoMadeThat, Silkbeats & K10Beatz)",Recorded in 2.?.22. Labelled as a fixed version in YB's files.,03:11,,"Oct 24, 2024?",Full,High Quality,
The Last Slimeto,"GANG BABY
(Pull Your Mask Down / No Brain),
(Prod.by Trillo Beats & BJ Beatz)","Previewed by Dej Rose Gold on instagram story.
CDQ snippet surfaced in November 2024.",01:44,,"Dec 20, 2024",Full,High Quality,https://audiomack.com/nbayoungboyrecords/song/gang-baby
The Last Slimeto,"NIGHT BEAM
(Prod.by D-Rok)","Leaked on the same day as ""Level"".
The original file leaked in early February 2026.",01:44,,"Jan 24, 2026",Full,CD Quality,(Link Needed)
The Last Slimeto,"PISTOL TOTING [V1]
(Pistol Totting [V1]), (Prod.by Yo Benji, Blom,
Don, D-Rok & Khris James)",,02:25,,"Dec 31, 2024",Full,High Quality,
The Last Slimeto,"Free Them Slimes [V1]
(FTS / There Go Slimeto), (Prod.by Brando Beatz)","CDQ snippet surfaced late August 2024 & second CDQ snippet
surfaced in October 2024. May have been recorded around the
same time as ""Free Dem 5's"".",02:54,,"Oct 14, 2024",Full,High Quality,(Link Needed)
The Last Slimeto,"ADD EM UP ⭐️
(Active), (Prod.by Brando Beatz & Jason Goldberg)","Two CDQ snippets surfaced in November 2024.
Real Gee Money, Boosie & Nussie diss. GB succesfully for $1,850.",02:33,,"Nov 19, 2024",Full,High Quality,https://audiomack.com/nbayoungboyrecords/song/active
The Last Slimeto,"???
(Prod.by ???)",,,,,Snippet,Recording,https://youtube.com/shorts/_OoJYH7sXJA?si=nNlq_OJoD9isqYqC
The Last Slimeto,"ON HIS WAY UP [V1]
(Another Dead [V1]), (Prod.by Kenoe, skeeo!,
& Khris James)",,02:18,,"Dec 31, 2024",Full,High Quality,
The Last Slimeto,"Cold Killers [V1]
(Prod.by Aye Peewee, BboyBeatz & Jason Goldberg)",,02:36,,"Dec 31, 2024",Full,CD Quality,
The Last Slimeto,"Live [V2]
(Way Of Living), (Prod.by Jason Goldberg, Palaze,
Nash Beats & Ran Beats)","Recorded in 2.?.22. First song performed on the
2022 ""Unreleased (LIVE)"" on YouTube.",02:43,,"May 23, 2024",Full,High Quality,https://audiomack.com/youngboyneverbrokeagainleakzz/song/live
The Last Slimeto,"War [V2.2]
(Prod.by JustAcoustic, Yetty & Al Geno)",Recorded in 2.?.22 and has a different part in second verse.,02:47,,"May 23, 2024",Full,High Quality,
The Last Slimeto,"???
(OTNT), (Prod.by ???)",CDQ snippet surfaced in May 2025. Private bought from leakers.,,,,Snippet,CD Quality,https://www.reddit.com/r/NBAYoungboy/comments/1koxv1w/new_2022_snippet/
The Last Slimeto,"???
(Prod.by ???)",CDQ snippet surfaced on Unreleasedsounds.gg,,,,Snippet,CD Quality,
The Last Slimeto,"GLORY
(Prod.by (Prod.by Prodkayo, Amart, BJondatrakk &
D-Rok)","First CDQ snippet surfaced in late May 2026 and
previewed by leakers in early June 2026.
Second and third CDQ surfaced in early June 2026.",01:59,,"Jun 6, 2026",Full,High Quality,https://youtu.be/Rikga1gB584?is=rCiO9GMb_pEbTvX4
The Last Slimeto,"SPEED RACING
(Prod.by BeatsByJulo, BJ Beats, D-Rok &
Jason Goldberg)","Song performed on the 2022 ""Unreleased (LIVE)""
on YouTube. Recorded in 2.?.22.",03:14,,"May 23, 2024",Full,"Standard
Quality",https://audiomack.com/hardru736/song/speed-racing
The Last Slimeto,"DIGITAL [V1]
(Prod.by K10Beatz)",Recorded in 3.?.22.,02:34,,"Jul 5, 2024",Full,High Quality,
The Last Slimeto,"I Shot Qupid [V1.2]
(Prod.by K10Beatz, Prodsauceboy & JuniMadedatt)",,02:28,,"Nov 9, 2024",Full,High Quality,
The Last Slimeto,"Ghost [V2.2]
(24__Ghost v2.2_YB_Main),
(Prod.by Lastwordbeats, Berge.af,
Jason Goldberg & D-Rok)",,02:15,,"Dec 10, 2025",Full,CD Quality,
The Last Slimeto,"Slow Down [V1]
(Slumped Over), (Prod.by Saucey Beats &
Khris James)","Not to be confused with the released ""Slow Down"" from
""The Last Slimeto"". Unfinished with an open verse.",02:28,,"Dec 31, 2024",Full,High Quality,https://audiomack.com/murda-fellow/song/slow-down-v1?share-user-id=116312800
The Last Slimeto,"???
(TBL), (Prod.by ???)",CDQ snippet surfaced in late September 2026.,,,,Snippet,CD Quality,(Link Needed)
The Last Slimeto,"Streets & Love [V3.2]
(21_Streets & Love / The North Bleeding [V3.2]),
(Prod.by Bans, Malikotb & Jason Goldberg)",Shorter version that unexpectedly cuts off.,02:40,,"Jul 7, 2024",Full,High Quality,(Link Needed)
The Last Slimeto,"Streets & Love [V3.3]
(The North Bleeding [V3.3]),
(Prod.by Bans, Malikotb & Jason Goldberg)",,03:27,,"Apr 9, 2025",Full,High Quality,
The Last Slimeto,"Lost Soul Survivor [V1]
(Lost Soul Surviver),
(Prod.by Saucey Beats & Bans)",,02:35,,"Jul 6, 2024",Full,CD Quality,
The Last Slimeto,"Change [V1]
(Change On Me [V1]), (Prod.by Haisofn, G06 Beatz,
BJondatrakk & D-Rok)",,02:59,,"Apr 1, 2025",Full,High Quality,
The Last Slimeto,"???
(Smoke Till I Can Barely See), (Prod.by ???)","Previewed on discord by leakers in March 2025. May have been
recorded around the same time as ""Change On Me"".",,,,Snippet,Recording,https://www.reddit.com/r/NBAYoungboy/comments/1jcfiij/2022/
The Last Slimeto,"A Lot Now
(Prod.by DrellOnTheTrack)","CDQ snippet surfaced on Unreleasedsounds.gg in early November 2024.
Previewed by leakers many times on discord in early January 2025.
Second CDQ snippet surfaced in early 2025 without tags.",02:??,,,Snippet,CD Quality,https://youtu.be/ChfLZuTWvMQ
The Last Slimeto,"My Time [V1]
(Prod.by DY Krazy, Southside, Charlie Handsome,
Bobby Raps & Jason Goldberg)",,02:38,,"Apr 9, 2025",Full,High Quality,
The Last Slimeto,"Right On My Side
(Prod.by ???)","CDQ snippet surfaced in late December 2024
and was privately sold on Unreleasedsounds.gg. The second CDQ
snippet surfaced in early January 2025. Private bought from leakers.",02:??,,,Snippet,CD Quality,
The Last Slimeto,"With Me [V1]
(Prod.by Allyn, Peyote Kacey Khaliel &
Jason Goldberg)",,02:20,,"Mar 18, 2024",Full,High Quality,
The Last Slimeto,"PROUD OF MYSELF [V1]
(Prod.by kimj, Bans & Jason Goldberg)",,03:16,,"Nov 22, 2024",Full,High Quality,
The Last Slimeto,"TOP SOUND [V1]
(Prod.by TnTXD & Khris James)",Unmixed version of the song.,01:41,,"Mar 14, 2024",Full,High Quality,
The Last Slimeto,"Don't Save Me [V2]
(Don't Rate Me [V2]), (Prod.by Kacey Khaliel,
Hellgang Hitty, Nick Seeley & Jason Goldberg)",Version without Quavo and has an open verse.,02:33,,"Nov 14, 2024",Full,High Quality,
The Last Slimeto,"Don't Rate Me [V3]
(Prod.by Kacey Khaliel, Hellgang Hitty, Nick Seeley
& Jason Goldberg)",,02:33,,"Nov 13, 2024",Full,High Quality,
The Last Slimeto,"???
(Hypnotizing), (Prod.by ???)","Untagged snippet surfaced in early September 2025 and
previewed by leakers shortly after.",,,,Snippet,CD Quality,(Link Needed)
The Last Slimeto,"Wait On Me [V1] 🏆
(Came With Me), (Prod.by D-Rok)","Tagged snippet of YB performing the song in 2022 leaked in early April 2025.
Untagged CDQ snippet surfaced shortly after. Private bought from leakers.
Previewed by leakers in early July 2025.",03:55?,,,Snippet,CD Quality,"https://www.youtube.com/watch?v=tGUxXwkPs6U
https://www.reddit.com/r/NBAYoungboy/comments/1pqvekt/2022/"
The Last Slimeto,"???
(Head Off), (Prod.by ???)","CDQ snippet surfaced in late August 2025.
Later previewed by one of YB's many thots.",,,,Snippet,CD Quality,https://youtu.be/dcsff0fuRg0?si=HHKA_AoDwLytSmde
The Last Slimeto,"Home Ain't Home [V1]
(Prod.by Hzrd, Vani, LayZ D-Rok &
Jason Goldberg)",Version without Rod Wave.,,,,Rumored,Not Available,
The Last Slimeto,"Real One [V1]
(Real), (Prod.by Wheezy)","Has an open verse. CDQ snippet surfaced in late February 2026.
May have been recorded around the same time as ""Breaking"".",02:10,,"Mar 4, 2026",Full,High Quality,(Link Needed)
The Last Slimeto,"King Of The Jungle [V1]
(Prod.by Jason Goldberg, Cooper Vengrove &
17OnDaTrack & D-Rok)",Era unknown.,02:59,,"May 23, 2024",Full,High Quality,
The Last Slimeto,"Why So Serious [V1]
(Prod.by Simo Fre & D-Rok)","Previewed by YB and previewed on Instagram live by leakers.
Private bought from leakers and later GB succesfully for $2k.",01:56,,"Sep 29, 2024",Full,High Quality,https://soundcloud.com/orlando-feilx/why-so-serious-nba-youngboy
The Last Slimeto,"Why So Serious [V1.1]
(Prod.by Simo Fre & D-Rok)",Has an open verse for Rich The Kid.,02:39,,"May 25, 2026",Full,High Quality,(Link Needed)
The Last Slimeto,"Breaking [V1]
(Prod.by AJB, Dmac & TnTXD)",Version with two open verses.,03:15,,"Apr 9, 2025",Full,CD Quality,(Link Needed)
The Last Slimeto,"Sean Kingston & NBA YoungBoy -
Why Oh Why [V3]
(Why Oh Why_open3rd), (Prod.by Mally Mall)",Version which was remastered in 2022 & has an open verse.,03:41,,"Apr 2, 2026",Full,High Quality,
The Last Slimeto,"History [V1]
(Fast Forward), (Prod.by BJondatrakk,
TayTayMadeIt & D-Rok)",CDQ snippet surfaced in early March 2025. Leaked for free.,02:10,,"Mar 22, 2025",Full,CD Quality,
The Last Slimeto,"Pay Me [V1]
(Prod.by YOUNGERNEXTLIFE, Harto Beats &
Jason Goldberg)",,02:42,,"Nov 6, 2024",Full,CD Quality,https://mega.nz/folder/3H53nB4R#-aVZNRDxMfXM-AxNjKKzBg/folder/mCpjHQQT
The Last Slimeto,"Thirty [V1]
(30), (Prod.by DY Krazy & Southside)","Has an open verse. CDQ snippet surfaced on Unreleasedsounds.gg in late
December 2024. Private bought from leakers quickly after. Intro previewed on
discord by leakers. Untagged snippets surfaced in late march 2025.",02:35,,"Apr 1, 2025",Full,CD Quality,(Link Needed)
The Last Slimeto,"Watson ⭐
(Holly Watson / 4KT On Top Of Shit),
(Prod.by Brando Beatz)","Recorded in 4.?.22. Previewed by YB on Khris James Instagram story.
First CDQ snippet surfaced in early March and
second snippet surfaced in September 2025",02:38,,"Oct 16, 2025",Full,High Quality,https://pillows.su/f/ce3670cc764e34d46feb8b95be55b44c
The Last Slimeto,"Whap Whap
(Prod.by DeeJay Pun)","Quickly posted to YouTube & deleted by YB in early 2022.
 Remix of ""Whap Whap"" by Skillibeng.",03:28,,"Apr 24, 2022",Full,CD Quality,(Link Needed)
The Last Slimeto,"I Was On The Magic School Bus [V3]
(Yellow School Bus), (Prod.by Skeeo!)","Previewed by leakers in early October 2024. First CDQ snippet surfaced in
early July 2025 and second CDQ snippet surfaced in late September 2025.",,,,Snippet,CD Quality,https://youtu.be/e2jIONsPBfQ
The Last Slimeto,"Why So Serious [V1.3] (Ft. Rich The Kid)
(Prod.by Simo Fre & D-Rok)",Previewed by Rich The Kid.,02:??,,,Confirmed,Not Available,
The Last Slimeto,"[Unknown amount of 2022 songs with
Rich The Kid]","In 2022 Rich The Kid hinted multiple time that a second collab project
called ""Nobody Safe 2"" was in the works.",,,,Confirmed,Not Available,
The Last Slimeto,"Rich The Kid - Let Me Chill Out [V1.3]
(Ft. Takeoff & NBA YoungBoy)
(Motion), (Prod.by Buddah Bless)","Previewed by Rich The Kid on an Instagram story. Was supposed
to release on Buddah's 2026 compilation mixtape ""The Leaks""
but was never released due to presumed label issues. R.I.P Takeoff",02:15,,"Apr 10, 2023",Full,CD Quality,https://soundcloud.com/user-271079048-497569100/takeoff-motion-ft-rich-the-1
The Last Slimeto,"Commodity
(Prod.by ???)","CDQ snippet surfaced on Unreleasedsounds.gg in late October 2024.
Outro previewed by leakers in early January 2025.
Private bought from leakers.",02:??,,,Snippet,CD Quality,https://youtube.com/shorts/hXLjwh8zv-M?si=rWrMmfPHXpz7D8Wl
The Last Slimeto,"Rain [V1.1]
(Prod.by Marko Lenz, Don, Drum Dummie &
Jason Goldberg)",,02:25,,"Oct 23, 2024",Full,CD Quality,
The Last Slimeto,"Pop Out [V1.1]
(Prod.by Southside, Smatt Sertified, Cloud & Dover)",Version with an open verse.,03:08,,"Jul 6, 2024",Full,High Quality,
The Last Slimeto,"???
(Nowhere To Hide), (Prod.by ???)",CDQ snippet surfaced in early November 2025.,,,,Snippet,CD Quality,https://youtube.com/shorts/rd3xl7E19nY?feature=share
The Last Slimeto,"SEE ME [V1]
(See Me Now [V1]), (Prod.by Khris James &
BrandoBeatz)",Recorded in 4.?.22.,02:38,,"Mar 14, 2024",Full,High Quality,
The Last Slimeto,"Keeping It True [V1] ⭐
(Tabacco / Preach To The Streets / Daddy),
(Prod.by JahDaGod, Ja Money & ???)","CDQ snippet surfaced on Unreleasedsounds.gg in late January 2025.
Second snippet surfaced on Unreleasedsounds.gg in early February 2025.
GB succesfully for $3k with the 2020 song ""Friends [V1]"".",02:17,,"Feb 13, 2025",Full,High Quality,https://audiomack.com/ballout-4/song/keeping-it-true
The Last Slimeto,"Paid My Dues
(Prod.by Silk, SOULM8 & Vickyferri)","Recorded in 5.?.22. Likely recorded on the same
day as ""Off Da Lean"".",01:54,,"Sep 19, 2026",Full,High Quality,(Link Needed)
The Last Slimeto,"OFF DA LEAN [V1]
(Prod.by Str8cash, Yakree & TnTXD)",Recorded in 5.?.22. Different part in second verse.,03:23,,"May 25, 2024",Full,High Quality,
The Last Slimeto,"7/24 🏆
(No Days Off), (Prod.by Brando Beatz &
Khris James)",Previewed by YB on Khris James' Instagram live.,,,,Snippet,Recording,https://www.instagram.com/p/CdzW7jzjHCn/
The Last Slimeto,"NO LEASE [V1]
(Prod.by Malikotb, Bans, Khris James & Jay Lv)",Recorded 5.?.22.,01:45,,"Dec 31, 2024",Full,High Quality,
The Last Slimeto,"NO PLUG
(Straight Out The Kennel / The Industry),
(Prod.by Xclusive, Rocky & Juju The Producer)","Recorded in 5.?.22. Previewed on an Instagram live and later private
bought from leakers. The song is unfinished and a diss to Lil Durk.
Previewed by leakers on Discord in early April 2026",,,,Snippet,Recording,https://www.reddit.com/r/NBAYoungboy/comments/1gdnojh/no_plug/
The Last Slimeto,"Grave Digga [V1]
(YB-MAY17TH) (Prod.by D-Rok, Lastwordbeats
& Berge.af)",Recorded on 5.17.22. Unfinished version.,00:57,,"Mar 13, 2024",Full,High Quality,(Link Needed)
The Last Slimeto,"GRAVE DIGGA [V3]
(Prod.by D-Rok, Lastwordbeats & Berge.af)",Recorded in 5.?.22. Version with a different mix.,03:15,,"Mar 13, 2024",Full,High Quality,(Link Needed)
The Last Slimeto,"Go To [V1]
(My Go To [V1]), (Prod.by Priority Beats, Ricci,
DJ Suede The Remix God, S.L.M.N &
Jason Goldberg)","Engineer Jason posted a screenshot of the file that he sent to YB
in June 2022. Unfinished song with an open verse for Kehlani.",03:39,,"Nov 9, 2025",Full,High Quality,
The Last Slimeto,"People Are Strange [V1] ⭐
(No Way Out), (Prod.by Skeeo! & Khris James)","Recorded in 5.?.22. CDQ snippet surfaced on Unreleasedsounds.gg
in March 2024 and has an unreleased music video.
Private bought from leakers. Previously a grail in the comm and
succesfully GB for 5.1k with ""CALL ME"" in 2025.",02:24,,"April 2, 2025",Full,High Quality,https://pillowcase.su/f/372fc7cd0644cd9b5be54461415a3af7
The Last Slimeto,"My Way Out
(Richer Than Your Whole House), (Prod.by ???)","Previewed on discord by leakers in March 2025.
CDQ snippet surfaced shortly after.",,,,Snippet,CD Quality,https://youtu.be/nvPeUsg7EbA?si=rWqhrxnViC6BfkX8
The Last Slimeto,"I'll Be Waiting On You [V1]
(Prod.by Fo)","Previewed by leakers in June 2024 and on Instagram live a
couple months later. Private bought from leakers. CDQ snippet
surfaced in late October 2024. May have been a throwaway from
the compilation mixtape ""More Leaks"".",02:16,,"Dec 22, 2024",Full,High Quality,(Link Needed)
The Last Slimeto,"???
(All I Need), (Prod.by ???)","Previewed on discord by leakers in April 2026. Private bought
from leakers. CDQ snippet surfaced in July 2026.",,,,Snippet,CD Quality,https://youtu.be/c8hpSD7GvFI
The Last Slimeto,"TIME ZONE
(Wishing Well / Kiss N Tell), (Prod.by D-Rok)","CDQ snippet surfaced on Unreleasedsounds.gg in January 2025.
The original file leaked in late July 2025.",01:50,,"Jul 22, 2025",Full,High Quality,https://audiomack.com/realyoungboyneverbrokeagain/song/wishing-well
The Last Slimeto,"YE' [Rough Mix] ⭐
(Yeezy), (Prod.by 17OnDaTrack)","Recorded in 5.?.22. CDQ snippet surfaced on Unreleasedsounds.gg in
late December 2024. Previewed by leakers on discord shortly after
and previewed in late March 2025. Private bought from leakers.",02:14,,"Aug 19, 2025",Full,High Quality,"https://pillows.su/f/10b5475b5f1573789ee3c281f0ad0d80
https://soundcloud.com/favorite-opp-979163809/nba-youngboy-ye"
The Last Slimeto,"Ampd Up [V1]
(Prod.by MarcussMuzik Of Beat Execz, A1 Rocky
& Khris James)",Version without Mouse on the Track.,02:??,,,Rumored,Not Available,
The Last Slimeto,"???
(Tell Me), Prod.by ???)","CDQ snippet surfaced in early April 2026.
The second CDQ snippet surfaced in May 2026.
Not to be confused with ""Tell Me"" from ""Realer 2"".",,,,Snippet,CD Quality,https://www.reddit.com/r/NBAYoungboy/comments/1sealo9/2022/
The Last Slimeto,"SEXIN ME' [Rough Mix]
(Prod.by BrandoBeatz)",Recorded in 5.?.22.,02:04,,"Nov 9, 2024",Full,High Quality,
The Last Slimeto,"SPORT MODE [V1]
(Prod.by Jay Lv, Khris James, Haze & Zuus)",,02:17,,"May 13, 2025",Full,High Quality,
The Last Slimeto,"Perspective [V1]
(Prod.by Mike Wavvs, Jack LoMastro,
Jetsonmade, Wallis Lane & Jason Goldberg)",Recorded in 6.?.22.,02:40,,"Aug 15, 2024",Full,High Quality,
The Last Slimeto,"Fly Away [V1] 🌟
(Prod.by Dmac, Leor Shevar & Jason Goldberg)","First previewed by leakers on Instagram live. CDQ snippet
surfaced in early October 2024. Private bought from leakers.",02:22,,"Oct 7, 2024",Full,CD Quality,https://audiomack.com/armanithomas519/song/youngboy-never-broke-again-wyo-top-fly-away-official-music-video
The Last Slimeto,"SHE WANT CHANEL [V2]
(v2_SHE_WANT_CHANEL_NO_MIX_1),
(Prod.by TnTXD, Dmac & Mason Wu)",Unmixed version.,01:53,,"Mar 18, 2024",Full,High Quality,
The Last Slimeto,"MISGRADE ME [V1]
(LLOGCLAY [V1]), (Prod.by Bans, Decastro &
FlexOnDaTrack)",,04:00,,"Jan 23, 2025",Full,High Quality,(Link Needed)
The Last Slimeto,"PAPARAZZI [V1]
(Trick Or Treat), (Prod.by RellMadeDat &
K4producedit)","Different mix than the released version.
CDQ snippet surfaced in April 2024. Private bought from leakers.",02:37,,"Nov 7, 2024",Full,High Quality,
The Last Slimeto,"???
(Hopes & Dreams), (Prod.by ???)","Previewed twice on discord by leakers in March 2025.
Private bought from leakers. First CDQ snippet surfaced in late April 2026
and second CDQ snippet surfaced in early August 2026.",,,,Snippet,CD Quality,https://youtu.be/Jvz2ThUA7mM
The Last Slimeto,"Salt Me Down
(Prod.by ???)","Rumored to have been recorded on 7.7.22.
CDQ snippet surfaced on Unreleasedsounds.gg in July 2024.",02:08?,,,Snippet,CD Quality,https://www.reddit.com/r/NBAYoungboy/comments/1e5b7nx/new_snippet/
The Last Slimeto,"???
(I Want You Bad / How Many Nights), (Prod.by ???)",CDQ snippet surfaced in late July 2026.,,,,Snippet,CD Quality,https://youtube.com/shorts/zjDu6RwfCCM?feature=share
The Last Slimeto,"Ocean Eyes
(Prod.by ???)","Two CDQ snippets surfaced in April 2024, may have been recorded around the 
same time as ""She Want Chanel"". Private bought from leakers.
Remix of Billie Ellish ""Ocean Eyes"". Previewed many times by leakers
on Discord in late 2024 to late 2025.",02:??,,,Snippet,CD Quality,"https://www.reddit.com/r/NBAYoungboy/comments/1ccwcwe/ocean_eyes/
https://www.reddit.com/r/NBAYoungboy/comments/1c03znz/new_snippet_dont_know_the_year/"
The Last Slimeto,"The Game & NBA YoungBoy - O.P.P. [V1] 🐟
(The Game x YB v1), (Prod.by DJ Paul &
Jason Goldberg)",Different Game verse and vocals.,03:18,,"Nov 10, 2024",Full,High Quality,
The Last Slimeto,"The Game - O.P.P. [V2] (Ft.)
(Prod.by DJ Paul & Jason Goldberg)","Released on the Game Album but deleted since he didn't fully
pay YB in for his verse.",03:21,,"Aug 12, 2022",Full,CD Quality,(Link Needed)
The Last Slimeto,"Birdman & NBA YoungBoy - ???
(5 Star Living), (Prod.by ???)","Throwaway from ""From The Bayou 2"".",,,,Snippet,Recording,https://www.instagram.com/p/CgEJhm3DkJf/
The Last Slimeto,"SHOW 4 IT ⭐
(Prod.by RONNY J & Bans)","CDQ snippet surfaced May 2024, sold on
Unreleasedsounds.gg. Private bought from leakers. Second CDQ
snippet of the intro was previewed by leakers in early October 2024.",02:13,,"Nov 1, 2024",Full,High Quality,(Link Needed)
The Last Slimeto,"Quando Rondo & NBA YoungBoy -
MILLION DOLLAR KID [V2]
(Prod.by ReoN, Juvy Catcher, camm & sko sound)",,03:28,,"Nov 6, 2024",Full,"Standard
Quality",
The Last Slimeto,"T-Pain & NBA YoungBoy - ???
(Prod.by ???)",Confirmed to exist by T-Pain.,,,,Confirmed,Not Available,
The Last Slimeto,"???
(The Boulevard), (Prod.by ???)",Era unknown. Previewed by leakers in late September 2026.,,,,Snippet,Recording,https://www.reddit.com/r/NBAYoungboy/s/CvTTgGs0oB
"16 Leaks
4 Snippets
1 LQs
4 Features
 1 Recordings
4 Unavailable???","Realer 2 [V2] - MIGAF
The Spam Era
     (Autumn 2022 Sessions)","Recorded: Early August - Late October 2022 /
5th August - 21st October 2022. (9/7/22) ""Realer 2 [V2]"" releases.
(10/7/22) ""3800 Degrees"" releases. (10/21/22) ""Ma' I Got A Family"" releases.
(11/25/22) ""3860"" releases.",,,,,,
Realer 2 [V2] - MIGAF,"4Matic [V3]
(Solo), (Prod.by Dre Moon & Cardo Got Wings)","Samples the song ""Solo"" by Future.
Previous grail in comm. GB succesfully for $2.2k with ""My Love [V1.2]"".",02:30,,"Jul 4, 2024",Full,High Quality,(Link Needed)
Realer 2 [V2] - MIGAF,"???
(2AM), (Prod.by ???)",Era unknown. CDQ snippet surfaced in early May 2026.,,,,Snippet,CD Quality,(Link Needed)
Realer 2 [V2] - MIGAF,"???
(Touch Me), (Prod.by ???)",,,,,Snippet,Recording,https://youtube.com/shorts/u3xhwtgyfxk?si=ceKD4zcF-_JstYYU
Realer 2 [V2] - MIGAF,"Banging My Line [V1]
(Prod.by K10Beatz, skeeo!, SlickkBeatz & Jason
Goldberg)","Recorded in 2022, era unknown.",01:59,,"Nov 9, 2024",Full,High Quality,
Realer 2 [V2] - MIGAF,"Heart Cold [V1]
(My Soul), (Prod.by Zoki)","Snippet of YB recording the song leaked in late February 2025.
CDQ snippet surfaced in late February 2025. Unfinished song.",02:52,,"Mar 6, 2025",Full,"Standard
Quality",https://audiomack.com/4ktreyrecods/song/nba-youngboy-heart-cold-my-soul
Realer 2 [V2] - MIGAF,"MR. GUALDEN [V1]
(Mr. Gaulden [V1]), (Prod.by Berge.af, BJondatrakk,
Lemy & D-Rok)",,03:11,,"Oct 24, 2024",Full,High Quality,
Realer 2 [V2] - MIGAF,"I'M THE ONE [V1]
(\ / YB-_IM_THE_ONE), (Prod.by Zay Tekken,
ProdSkolo, Khris James & D-Rok)",Unfinished version.,01:59,,"Mar 14, 2024",Full,High Quality,
Realer 2 [V2] - MIGAF,"Hard [V1]
(Prod.by TJ Produced It & Khris James)",Era unknown. Version without Shy Glizzy.,02:??,,,Rumored,Not Available,
Realer 2 [V2] - MIGAF,"CHOSE [V1]
(Prod.by D-Rok, Josh Coleman, Prodalek &
Khris James)",,02:30,,"Mar 18, 2024",Full,High Quality,
Realer 2 [V2] - MIGAF,"Zayel - RICH MEMBERS [V2] (Ft.)
(Members Only [V2]), (Prod.by Vadebeatz)",Confirmed to be recorded in 2022. Era unknown.,03:17,,"Nov 6, 2024",Full,CD Quality,
Realer 2 [V2] - MIGAF,"Amazing [V1]
(Prod.by TayTayMadeIt)",Recorded on 8.?.22. Version without P Yungin.,,,,Rumored,Not Available,
Realer 2 [V2] - MIGAF,"???
(Lights Camera Action), (Prod.by ???)",CDQ snippet surfaced in late June 2025.,,,,Snippet,CD Quality,https://www.reddit.com/r/NBAYoungboy/comments/1log52h/2022/?utm_source=share&utm_medium=web3x&utm_name=web3xcss&utm_term=1&utm_content=share_button
Realer 2 [V2] - MIGAF,"Push [V1]
(Prod.by Roselilah)","Has an open verse. First untagged CDQ snippet surfaced in
January 2026. Previewed by leakers in late February 2026
and in late April 2026. The second CDQ snippet surfaced in
late February 2026. Third CDQ snippet surfaced in June 2026.",02:44,,"Jul 10, 2025",Full,High Quality,https://pillows.su/f/7b4dc4282f1a26af17f735ed3a412085
Realer 2 [V2] - MIGAF,"Pogo Sticks [V1]
(Prod.by ???)","Previewed in a 2022 leaked vlog. CDQ snippet surfaced in July 2024.
Unfinished Lil Pab tribute that may have been meant for Quando
Rondo to rap on. Private bought from leakers.",02:37,,"Mar 12, 2025",Full,High Quality,
Realer 2 [V2] - MIGAF,"RUN DA HOOD [V1]
(Run The Hood [V1]), (Prod.by 1MercyBeatz,
K4ProducedIt & MarcussMuzik Of Beat Execz)",Longer unfinished version. Era unknown.,03:23,,"May 26, 2024",Full,High Quality,
Realer 2 [V2] - MIGAF,"SIPPIN MUD ⭐️
(Prod.by ???)","Era unknown. CDQ snippet surfaced in December 2025.
May have have been a track on the unreleased tape ""Black"".
GB succesfully for $?k.",02:51,,"Jan 5, 2026",Full,High Quality,https://audiomack.com/gg_youngboy/song/sippin-mud?share-user-id=116312800
Realer 2 [V2] - MIGAF,"I WANT HIS SOUL [V1]
(Prod.by 2x.samuel, BJondatrakk, Xclusive,
G06 Beatz & D-Rok)",,03:44,,"Jun 6, 2024",Full,CD Quality,
Realer 2 [V2] - MIGAF,"TRUST ISSUES [V1]
(Prod.by Timmy Da HitMan & JB Sauced Up)",Confirmed to be recorded in 2022. Era unknown.,02:57,,"Dec 31, 2024",Full,High Quality,
Realer 2 [V2] - MIGAF,"Thug Nigga Story [V1]
(Prod.by TayTayMadeIt)",Era unknown. Version without E-40.,02:??,,,Rumored,Not Available,
Realer 2 [V2] - MIGAF,"Cootie - 2Tone [V2] (Ft.)
(Prod.by KTOE, SaintBeatz & King Payday)",,02:26,,"Nov 6, 2024",Full,High Quality,
Realer 2 [V2] - MIGAF,"Cootie - 2Tone [V3] (Ft.)
(Prod.by KTOE, SaintBeatz & King Payday)",,02:12,,"Mar 18, 2024",Full,High Quality,
Realer 2 [V2] - MIGAF,"I Don't Text Back [V1]
(Prod.by Noah Mejia, Mason Wu, Bans &
Jason Goldberg)",Version without Yeat.,02:??,,,Rumored,Not Available,
Realer 2 [V2] - MIGAF,"Sedated [V1]
(Prod.by Jason Goldberg, Yung Tago & Bans)",Longer unfinished version with an open verse. Different mix.,03:11,,"Feb 20, 2025",Full,High Quality,
Realer 2 [V2] - MIGAF,"I ADMIT [V1]
(Prod.by Yung Lan & Khris James)",Longer version with an open verse for Nicki Minaj.,04:11,,"Oct 23, 2024",Full,High Quality,
Realer 2 [V2] - MIGAF,"???
(Through The Night), (Prod.by ???)","Era unknown, CDQ snippet surfaced in late March 2026.
Private bought from leaakers.",,,,Snippet,CD Quality,https://youtu.be/9o3T9r30mas?si=fmNHJE3Oeera7tHB
"25 Leaks
13 Snippets
2 LQs
4 Features
5 Recordings
3 Unavailable???","I Rest My Case
(I Rest My Case / Black Stop The Violence Era (Late 2022 Sessions))","Recorded: Late October 2022 - Jan 2023 / October 21st, 2022 -
January 6th, 2023. (10/21/22) Mixtape ""Ma' I Got A Family"" releases.
(11/25/22) Collab mixtape ""3860"" releases. (12/23/22) Compilation mixtape
""Lost Files"" releases. (1/6/23) Album ""I Rest My Case"" releases.",,,,,,
I Rest My Case,"A Hard Life
(Glad I Didn't), (Prod.by BJ Beatz & 12Hunna)","Previewed on discord by leakers in March, May & July 2025.
Untagged CDQ snippet surfaced in early September 2025. Private bought
from leakers. Previewed again by leakers in late December 2025.",02:25,,"Apr 2, 2025",Full,High Quality,https://pillows.su/f/576438bb0c4cff8be13ecae7bf5fd264
I Rest My Case,"Space Walk [V1]
(Prod.by BJ Beatz, 12Hunna & Ferno Spazzin)","Era unknown. Previewed by Khris James & YB.
Private bought from leakers.",02:27,,"Jun 17, 2025",Full,High Quality,https://audiomack.com/gg_youngboy/song/space-walk
I Rest My Case,"SPACE WALK [V2]
(Her Face / I Peep How They Copy Me),
(Prod.by Diego & Jetsonmade)","Era unknown. First Previewed by YB's AMP show.
Private bought from leakers and previewed by leakers on
discord many times. CDQ snippet surfaced in late May 2025.
Succesfully GB with ""Space Walk [V1]"" & ""Darkness [V1.2]"" for $4.6k.",02:47,,"Jun 26, 2025",Full,High Quality,(Link Needed)
I Rest My Case,".???
(UP / Made Rich 2 / Riding In That),
(Prod.by Simo Fre & D-Rok)","Previewed on discord by leakers in March 2025 and in early July 2025.
CDQ snippet surfaced in late March 2026. The full intro was
previewed by leakers in July 2026.",,,,Snippet,CD Quality,(Link Needed)
I Rest My Case,"MINI ME [V1]
(Prod.by D-Rok, Dissan, Font & KINGFISHER)",,01:56,,"Apr 9, 2025",Full,High Quality,
I Rest My Case,"RIDE ME [V1]
(Prod.by Jay Scalez)",Longer version.,02:17,,"Nov 25, 2024",Full,High Quality,
I Rest My Case,"CLEAR [V1]
(Prod.by BJ Beatz & FLOWRENCY)",,02:30,,"Oct 24, 2024",Full,High Quality,
I Rest My Case,"RAGE [V1]
(Prod.by TayTayMadeIt)",Recorded in 10.?.22.,02:11,,"Apr 9, 2025",Full,High Quality,
I Rest My Case,"ON IT AGAIN ⭐
(Prod.by Its2Ezzy, Fecony, starboyrob & D-Rok)",CDQ snippet surfaced late August 2024.,02:21,,"Oct 13, 2024",Full,High Quality,(Link Needed)
I Rest My Case,"???
(Broke Niggas / Broke N Words), (Prod.by ???)",CDQ snippet surfaced in late July 2026.,,,,Snippet,CD Quality,https://www.reddit.com/r/NBAYoungboy/s/9GIvITlRlx
I Rest My Case,"???
(No Feelings), (Prod.by ???)",CDQ snippet surfaced in early July 2026.,,,,Snippet,CD Quality,https://www.reddit.com/r/NBAYoungboy/s/7o9v9EFlU4
I Rest My Case,"RED [V1]
(Prod.by TayTayMadeIt & Vintage Rippah)",Recorded in 10.?.22.,02:14,,"Oct 24, 2024",Full,High Quality,
I Rest My Case,"???
(They Don't Know), (Prod.by ???)",CDQ snippet surfaced in early March 2025.,,,,Snippet,CD Quality,(Link Needed)
I Rest My Case,"GROOVY [V1]
(Prod.by Jai Beats, Dmac & TnTXD)",,03:10,,"Apr 9, 2025",Full,High Quality,
I Rest My Case,"FIGHT WITH MY SHEETS [V1]
(Prod.by Chase Vibez & India Got Them Beats)",,02:44,,"Oct 24, 2024",Full,High Quality,
I Rest My Case,"DOUBLE CUP [V1]
(Prod.by Sinaki, BeatsByTrain, ProdbyJeff &
Prodalek)",,02:22,,"Oct 24, 2024",Full,High Quality,
I Rest My Case,"Rojay MLP & NBA YoungBoy - Only You
[V2] (No One Else), (Prod.by Khris James)","Sold by Unreleasedsounds.gg. CDQ snippet surfaced in April 2024. 
May have been recorded around the same time as ""Double Cup"".
An untagged version that wasnt the real file surfaced in April 2025.",02:39,,,Partial,"Standard
Quality",(Link Needed)
I Rest My Case,"NOT MY FRIEND [V1]
(Prod.by Trenton Kyle)",Unmixed version with an open verse for Carti.,04:06,,"May 17, 2026",Full,High Quality,
I Rest My Case,"BLACK [V3.8]
(2_YOUNGBOY _BLACK v3.8_YB_MAIN_MSTR),
(Prod.by Jasiah, Powers Pleasant & Ko Krazy)","Different mix, more adlibs and vocals.",02:08,,"Apr 9, 2025",Full,Lossless,
I Rest My Case,"SAME THANG [V1]
(Prod.by Swiger)",,02:41,,"Oct 24, 2024",Full,High Quality,
I Rest My Case,"HI HATER [V1]
(Hi Haters [V1]), (Prod.by Yung Tago & BJ Beatz)","V2 may have been a lead single on the unreleased album ""Black"".",04:08,,"Oct 24, 2024",Full,High Quality,
I Rest My Case,"FROM THE BIGGEST 5IVE ⭐️
(CAN WE BE FRIENDS / Tell Nobody),
(Prod.by Prodbyloso & D-Rok)","Previewed by baby mother Arcola in March 2025.
May have have been a track on the unreleased tape ""Black"".
CDQ snippet surfaced in late June 2026.",02:59,,"Jul 24, 2026",Full,High Quality,https://samply.app/p/25fktszcURAQnAcX87VB?si=El2wT3wdCBSkpqN2ZpAL0856MCP2
I Rest My Case,"???
(Prod.by ???)","A short video of YB recording the song would be posted
to Instagram in late 2022.",,,,Snippet,Recording,(Link Needed)
I Rest My Case,"??? 🏆
(No Love In The Streets / Ray Charles),
(Prod.by Jason Goldberg, Callari, Carter Bryson &
Hurtboy AG)",Previewed on an Instagram story by YB.,02:??,,,Snippet,Recording,https://www.instagram.com/p/ClU93EXrUd4/?img_index=1
I Rest My Case,"She Stalking Me
(On My Nerves), (Prod.by AmartMusic, Dissan
& D-Rok)","The snippet of YB previewing the song leaked in July 2024. Previewed by
leakers multiple times in 2024. CDQ snippet surfaced in late June 2025.",,,,Snippet,CD Quality,https://youtu.be/eaIeEVfeJhw?si=xnsJEe4oGhfxXWfW
I Rest My Case,"My Love [V1.2]
(Overflowing), (Prod.by $hop With Ken)","Snippet of YB previewing song leaked in June 2024, unfinished song.
Private bought from leakers. GB succesfully for $2.2k with ""4Matic"".
Shorter version released on ""I Just Got A Lot On My Shoulders"".
Unknown if remastered in early 2024.",02:13,,"Jul 6, 2024",Full,High Quality,
I Rest My Case,"C-Murder & NBA YoungBoy - ???
(She Know How I'm Livin / Out That Window /
Bought Security), (Prod.by Leor Shevar,
Hicksmadethat, 1aldaz & Str8cxsh)",Recorded on 11.24.22. Previewed by YB on multiple Instagram stories.,,,,Snippet,Recording,https://www.instagram.com/p/ClU6FHGLbzx/?utm_source=ig_web_copy_link&igsh=OGxhNzNhcTF5MWF2
I Rest My Case,"C-Murder & NBA YoungBoy - ???
(Pick Him Up), (Prod.by ???)","CDQ snippet surfaced on Unreleasedsounds.gg in late March 2024.
Private bought from leakers.",,,,Snippet,CD Quality,https://www.reddit.com/r/NBAYoungboy/comments/1bmcsw9/c_murda_x_yb/
I Rest My Case,"C-Murder & NBA YoungBoy -
HELL FOR THIS (No Pain / All The Way),
(Prod.by $hop With Ken & Ayo Bleu)","Previewed by YB on Triller and leaked as a GB bonus in 2024.
Previous grail in comm.",02:46,,"Jun 15, 2024",Full,High Quality,(Link Needed)
I Rest My Case,"C-Murder & NBA YoungBoy -
LET THE SONG SAY
(LET THE SONG SAY I'M SORRY / I'm Sorry /
Soulja Slim Talk / I Don’t Play Around),
(Prod.by $hop With Ken)","CDQ snippet surfaced in late March 2024. Private bought from leakers.
A YB only edit surfaced hours before it fully leaked.
Was supposed to be on the ""Decided 2"" deluxe that never released.",03:53,,"Dec 21, 2025",Full,High Quality,(Link Needed)
I Rest My Case,"[Unknown amount of 2022 songs with
C-Murder]","It is rumored that YB & C-Murder have an unreleased
collab tape that was being teased in November 2022.",,,,Confirmed,Not Available,
I Rest My Case,"Khris James & NBA YoungBoy - ???
(Prod.by ???)","CDQ snippet was posted to Instagram by
Khris James in early December 2022.",,,,Snippet,CD Quality,https://youtu.be/vT3lt9rskUk
I Rest My Case,"Chopstick [V1]
(Prod.by Juppybeats, Simo Fre & D-Rok)",Era unknown. Version without NBA Ten.,02:??,,,Rumored,Not Available,
I Rest My Case,"???
(I'm The Don), (Prod.by TayTayMadeIt)","Previewed on discord by leakers in March 2025. Private bought from leakers.
May have have been a track on the unreleased tape ""Black"".",,,,Snippet,Recording,https://www.reddit.com/r/NBAYoungboy/comments/1jc60bm/2022/
I Rest My Case,"???
(Highest Power), (Prod.by ???)","CDQ snippet surfaced on Unreleasedsounds.gg in late April 2025. May have
been a track on the unreleased 2022 tape ""Black"" where YB pushed his
stop the violence movement.",04:??,,,Snippet,CD Quality,https://youtube.com/shorts/9IxOwJbZo5k?is=VKIFQ9b4q0RCUNlt
I Rest My Case,"WATI DAWN ⭐
(Rock Your Body / On Me / Jamaican Flow /
Watti Don), (Prod.by Brando Beatz)","Previewed by Khris James & YB and a previous grail in comm. CDQ snippet
surfaced in late May 2024 on Unreleasedsounds.gg and was later
private bought. May have have been a track on the unreleased tape ""Black"".",02:48,,"Sep 10, 2024",Full,Low Quality,(Link Needed)
I Rest My Case,"MAMA DON'T WORRY
(Murda Creepin / Murder Creepin),
(Prod.by India Got Them Beats & Prod.Twizz)","Unfinished song. Previewed on YB's AMP show. Previewed on
discord by leakers in March 2025. Leaked for free.",02:46,,"May 9, 2025",Full,High Quality,
I Rest My Case,"??? 
(Nobody Can Save Me / Save Me),
(Prod.by Skeeo! & Jason Goldberg)","Previewed by Jason on Instagram live and previewed on discord by leakers
in June 2024. May have been recorded around the same time as ""Banging
My Line"". May have have been a track on the unreleased tape ""Black"".",,,,Snippet,Recording,https://www.instagram.com/p/CmrikBgBu8D/
I Rest My Case,"NBA YoungBoy & Playboi Carti - ???
(pbc_12-28-22-youngboy), (Prod.by ???)","Recorded on 12.28.22. Confirmed to exist by Carti insiders in 2024.
The filename was shown by leakers in early 2026.",,,,Confirmed,Not Available,
I Rest My Case,"Not My Friend [V2] (Ft. Playboi Carti)
(pbc 12-30-22 YB), (Prod.by Trenton Kyle)","Carti's vocals were recorded on 12.30.22. Previewed on Instagram
by Adin Ross. Carti's verse got taken off or wasn't cleared.
Private bought from leakers in 2025, leaked as a GB bonus.",02:37,,"Jun 30, 2026",Full,High Quality,(Link Needed)
I Rest My Case,"Black [V3.9]
(Black_w_4KTrey_Girls), (Prod.by Jasiah,
Powers Pleasant & Ko Krazy)",Includes the first album skit as the intro to the song.,02:38,,"Nov 6, 2024",Full,High Quality,
"
26 Leaks
4 Snippets
2 LQs
2 Features
1 Recordings
3 Unavailable???
","DTTAH & Richest Opp
Increase The Violence Era
(Early 2023 Sessions)","Recorded: January 7th - May 12th, 2023.
(1/6/23) ""I Rest My Case"" releases.
(4/21/23) ""Don't Try This At Home"" releases.
(5/10/23) ""Richest Opp"" is announced on Twitter.
(5/12/23) Mixtape ""Richest Opp"" releases.",,,,,,
DTTAH & Richest Opp,"Bam [V2]
(K2 Freestyle), (Prod.by 808 Plug & YT)","Recorded on 1.6.23. Snippet of YB recording the song leaked in
late December 2025. The CDQ snippet surfaced days after.
The original file leaked in early July 2026.",02:45,,"Mar 21, 2026",Full,High Quality,https://audiomack.com/murda-fellow/song/bam-v2?share-user-id=116312800
DTTAH & Richest Opp,"Kiss Me
(Prod.by @aysambeats, BJondatrakk & D-Rok)","Recorded in 1.?.23. CDQ snippet surfaced on Twitter in July 2026.
Private bought from leakers. Leaked as a failed GB bonus.",02:01,,"Aug 31, 2026",Full,CD Quality,(Link Needed)
DTTAH & Richest Opp,"???
(Trap Out Your Place), (Prod.by ???)","Previewed by leakers in early February 2026 and
in early August 2026.",,,,Snippet,Recording,(Link Needed)
DTTAH & Richest Opp,"YEAH
(Prod.by Berge.af)","Snippet surfaced in early June 2024 and has an unreleased music video.
Private bought from leakers. A CDQ snippet surfaced on Unreleasedsounds.gg
in October 2024. The extended snippet surfaced in late March 2025.",02:03,,"May 3, 2025",Full,High Quality,https://pillowcase.su/f/62ef83816a81d15daf9f4f868c4a8fca
DTTAH & Richest Opp,"Yeat - Shmunk [V2] (Ft.)
(Prod.by Bred & Prod Pink)",,03:49,,"Dec 31, 2024",Full,High Quality,
DTTAH & Richest Opp,"Lil Tjay & NBA YoungBoy - PROJECT
WALLS [V2] (Prod.by Way9, DECSTER & Rvssian)",Era unknown.,02:30,,"Apr 9, 2025",Full,High Quality,
DTTAH & Richest Opp,"Out Nothing [V2]
(Prod.by D-Rok, ProdSkolo & Jacobsen)",,02:28,,"Oct 23, 2024",Full,High Quality,
DTTAH & Richest Opp,"Like Madden [V2]
(Prod.by Dunk Rock, Dexter Randall,
Cardo Got Wings & Jason Goldberg)",,02:28,,"Dec 31, 2024",Full,High Quality,
DTTAH & Richest Opp,"Don't Leave [V2.1]
(Prod.by TnTXD, Dmac, LondnBlue &
Jason Goldberg)",,02:34,,"Dec 31, 2024",Full,High Quality,
DTTAH & Richest Opp,"Demon Party [V2.1]
(Lost Friends), (Prod.by Produced By Rocky,
ProdVectro & Dissan)",,02:25,,"Nov 14, 2024",Full,High Quality,
DTTAH & Richest Opp,"Level [V2.2]
(Prod.by D-Rok)","Era unknown and an unfinished song.
The original file leaked in late January 2026.",00:57,,"Jan 24, 2026",Full,High Quality,(Link Needed)
DTTAH & Richest Opp,"I'm Sorry
(Cappin Hard), (Prod.by SharkBoy, Airway & D-Rok)","Previewed by YB and Nanks. CDQ snippet surfaced in March 2025.
Previewed by leakers in late March 2025. Private bought from leakers.",02:49,,,Snippet,CD Quality,https://youtu.be/k6jU7X1fzbU?si=Hwh4tRHnU0XjOf7c
DTTAH & Richest Opp,"What You Say [V1]
(Prod.by OzzySynthMaster, Fresh Ayr &
Jason Goldberg)",Version without the features.,,,,Rumored,Not Available,
DTTAH & Richest Opp,"What You Say [V5] (Ft. Post Malone)
(POSTY X YB_MIX_5), (Prod.by OzzySynthMaster,
Fresh Ayr & Jason Goldberg)",Version without The Kid Laroi.,02:55,,"Oct 28, 2025",Full,Low Quality,(Link Needed)
DTTAH & Richest Opp,"WTF [V1]
(Prod.by Yetty, Dom Wise, Yo Benji, Wayv, Kenoe
& D-Rok)",Version without Nicki Minaj.,02:??,,,Rumored,Not Available,
DTTAH & Richest Opp,"Take Down [V1]
(Prod.by Bans, Malikotb & Jason Goldberg)",,02:26,,"Oct 23, 2024",Full,High Quality,
DTTAH & Richest Opp,"Rear View [V1]
(Prod.by DrellOnTheTrack, Khris James,
LondnBlue & MarsGawd)",Version without Mariah the Scientist.,02:??,,,Rumored,Not Available,
DTTAH & Richest Opp,"MISGRADE ME [V2] (Ft. T.I.)
(LLOGCLAY [V1]), (Prod.by Bans, Decastro &
FlexOnDaTrack)",File created on 3.28.23.,03:43,,"Jan 23, 2025",Full,Low Quality,
DTTAH & Richest Opp,"Dirty Glocks
(4.5 / Let Me / Gangsta Shit),
(Prod.by KP On The Beat & JTBeatz)","Era unknown. CDQ snippet surfaced in April 2024.
Second snippet surfaced in late October 2024.
Intro and other parts previewed multiple times by leakers.",02:??,,,Snippet,CD Quality,https://www.youtube.com/watch?v=LzmkRKeYWpo
DTTAH & Richest Opp,"GOT EM SCARED [V1]
(Murder You), (Prod.by ???)","Previewed by leakers on discord in early February 2025.
Private bought from leakers. Leaked for free.",02:20,,"Apr 17, 2025",Full,High Quality,(Link Needed)
DTTAH & Richest Opp,"TRY TO HELP ME [V1]
(1.5 [V1]), (Prod.by Smoke Screen, Simo Fre,
FlexOnDaTrack & Jason Goldberg)","Blvd. Quick, Dejounte Murray & baby mama's diss.",02:43,,"Nov 29, 2024",Full,High Quality,
DTTAH & Richest Opp,"NBA ChoppaBoyE & NBA YoungBoy -
Baby Stunna (Scared of Who? / chopthentop_1),
(Prod.by ???)","ChoppaBoy's verse was posted to YouTube in 2023 with a
partial music video. YB's solo version and music video clips
leaked in December 27th, 2025. Birdman diss.
Throwaway track from label mixtape ""Green Flag Activity, Vol.2"".
The original file leaked in early January 2026.",03:17,,"Dec 29, 2025",Full,High Quality,(Link Needed)
DTTAH & Richest Opp,"???
(KILL BIRDMAN), (Prod.by ???)","Era unknown. The lyrics were teased by leakers in early 2025.
CDQ snippet surfaced in late August 2025. Birdman diss.
Private bought from leakers.",,,,Snippet,CD Quality,(Link Needed)
DTTAH & Richest Opp,"Finesse2Tymes - Traumatized (Ft.)
(Prod.by ???)","Previewed on Instagram live & by Finesse and YB.
Never was cleared by YB but was uploaded to Finesse2Tymes'
YouTube channel and later deleted.",02:47,,"Apr 26, 2024",Full,High Quality,https://audiomack.com/youngboyneverbrokeagainleakz/song/traumatized
DTTAH & Richest Opp,"Finesse2Tymes & NBA YoungBoy - Duckin
No Action [V2] (YB2T2 v2), (Prod.by MarzBeats95)",Leaked for free as a GB bonus.,03:40,,"Apr 1, 2026",Full,High Quality,https://pillowcase.su/f/0bab161200a9b98a965fe840d5dd5072
DTTAH & Richest Opp,"6am [V2]
(I Heard [V2]), (Prod.by K4ProducedIt, Skeeo! &
Jason Goldberg)",TMH Hammer girlfriend diss.,03:03,,"Nov 30, 2024",Full,High Quality,
DTTAH & Richest Opp,"Reason [V2.1]
(Bitch Let's Do It [V2.1] / Thug), (Prod.by D-Rok,
Juppybeats & Chasely)","Lil Durk, King Von & Gee Money diss.",03:05,,"Nov 9, 2024",Full,High Quality,
DTTAH & Richest Opp,"Bitch [V2]
(Fuck The Industry Pt.2 [V2]), (Prod.by Berge.af)","Mainly a diss towards rappers Lil Durk, Lil Yatchy, J Cole & Drake.",03:07,,"Nov 9, 2024",Full,High Quality,
DTTAH & Richest Opp,"Fuck The Industry Pt.2 [V4]
(Prod.by Berge.af)","Mainly a diss towards rappers Lil Durk, Lil Yatchy, J Cole & Drake.",03:08,,"Jul 6, 2024",Full,High Quality,
DTTAH & Richest Opp,"Nunu [V2]
(Heart My Heart [V2]), (Prod.by Berge.af &
Uncle Cameron)",Version with a different outro and no end chorus.,03:09,,"Sep 23, 2025",Full,"Standard
Quality",(Link Needed)
DTTAH & Richest Opp,"Thug [V3]
(Dirty Thug [V3]), (Prod.by Jacobsen & D-Rok)",,03:39,,"Oct 23, 2024",Full,High Quality,
DTTAH & Richest Opp,"THUG YOU
(Thug / Fuck Your Love),
(Prod.by Veno The Builder)","Beginning of instrumental was accidentally previewed on Instagram live.
Longer snippet of YB previewing the song leaked in May 2024.
First CDQ snippet surfaced in February 2025. Private bought from leakers
shortly after. Second and third CDQ snippets surfaced in early March 2025.",01:51,,"March 6, 2025",Full,High Quality,(Link Needed)
"2 Leaks
0 Snippets
0 LQs
 0 Features???
0 Recordings
5 Unavailable???","004KT
(2022 - 2024 Playboi Carti Collabs)",Recorded: Late 2022 - Early 2024.,,,,,,
004KT,"Playboi Carti & NBA YoungBoy - ???
(Prod.by DJ Swamp Izzo)","Confirmed early 2023, unknown era recorded.",,,,Confirmed,Not Available,
004KT,"???
(Prod.by ???)",Private bought from leakers.,,,,Confirmed,Not Available,
004KT,"???
(Prod.by ???)",Private bought from leakers.,,,,Confirmed,Not Available,
004KT,"[Unknown Lilkdubb collaborations]
(Prod.by Lilkdubb)","During the time 004KT was announced Lilkdubb asked for loops
and teased collaborations",,,,Rumored,Not Available,
004KT,"[Unknown F1LTHY collaborations]
(Prod.by F1LTHY)","F1LTHY teased the project in a tweet, suggesting some
involvement with the project.",,,,Rumored,Not Available,
004KT,"004KT [V1]
(Prod.by Jason Goldberg, India Got Them Beats,
Berge.af & MarcussMuzik Of Beat Execz)","Recorded in 11.?.23. Private bought from leakers.
Contains an open verse for Playboi Carti. CDQ snippet surfaced
in early March 2025.",03:09,,"May 8, 2025",Full,CD Quality,(Link Needed)
004KT,"004KT [V2] ⭐
(3Shit), (Prod.by Jason Goldberg, India Got Them
Beats, Berge.af & MarcussMuzik Of Beat Execz)","Previewed by YB. Recorded in 11.?.23.
Private bought from leakers. Version without the open verse.",02:10,,"May 8, 2025",Full,CD Quality,"https://open.spotify.com/track/0NANb8PadpuLuxltVEPyfy?si=a46672efa8aa4955
https://samply.app/p/7CejirEDJKrTMfvb6E24?si=EYXxMXvQ2wMIH9iZJzrQkKwLmc13"
004KT,"??? (Ft. Playboi Carti) 🐟
(Prod.by ???)","CDQ snippet surfaced on Unreleasedsounds.gg in July 2024.
 Before getting his house raided YB recorded a song inteneded for Carti
to get on the open verse but due to being arrested that didn't end up
happening. Previewed on discord by leakers in March 2025.",,,,Snippet,CD Quality,https://www.reddit.com/r/NBAYoungboy/comments/1e3mfxl/2024_song_that_carti_was_supposed_to_feature_on/
"19 Leaks
13 Snippets
0 LQs
0 Features???
7 Recordings
1 Unavailable???","Girl
(Girl / Decided 2 [V1] / ""K2 Era"" (Summer 2023 Sessions))","Recorded: Summer 2023 / May 12th - August 2023.
(10/27/23) ""Decided 2"" is announced.
(10/27/23) ""Decided 2"" three song sampler is released.
(11/10/23) ""Decided 2"" is released.",,,,,,
Girl,"???
(Prod.by BJ Beatz)","Beat previewed on Instagram live by the producer,
unknown if it was used by YB.",,,,Beat Only,Recording,https://www.reddit.com/r/NBAYoungboy/comments/13v3if2/aiyb3_is_in_the_works_and_next_project/
Girl,"Jaz & NBA YoungBoy - By Your Side [V3]
(By Your Side / Letter To Jaz), (Prod.by TnTXD)","Era unknown. CDQ snippet surfaced in early October 2025.
The original file leaked on November 19, 2025.",03:02,,"Nov 17, 2025",Full,High Quality,https://audiomack.com/3800_youngboy/song/by-your-side-featjazlyn-mychelle
Girl,"I Need To Know [V2]
(Prod.by D-Rok)",,02:48,,"Jul 5, 2024",Full,High Quality,
Girl,"???
(Come Around), (Prod.by Yung Lan)","Previewed by YB in a leaked snippet. CDQ snippet surfaced on
Unreleasedsounds.gg in early June 2025. Being sold for $1,650.",,,,Snippet,CD Quality,https://youtu.be/vSwlLdzJ-t8
Girl,"Night [V1]
(I Need a Doctor / Doctor), (Prod.by Berge.af)","Previewed by YB on an Instagram story and in a leaked video in his house.
This version is longer and unfinished. Previous grail
in comm and private bought from leakers in 2024.",03:08,,"Nov 5, 2024",Full,CD Quality,
Girl,"Letter To The North [V1]
(Strictly Drama), (Prod.by Dissan, BJOnThaTrack,
Neeko Made This & D-Rok)","Recorded in 6.?.23 and previewed twice by YB.
CDQ snippet surfaced in November 2024.
Longer version and different mix compared to the released version.",03:51,,"Dec 28, 2024",Full,CD Quality,https://audiomack.com/nba-young-b0y/song/strictly-drama
Girl,"Life N Glory [V1]
(Prod.by Berge.af, Malikotb & Lastwordbeats)",Version with a worse mix and vocals.,04:49,,"Apr 9, 2025",Full,High Quality,
Girl,"???
(Hold Ya Head / I Won't Ever Show My Hand),
(Prod.by ???)","Previewed on Discord by leakers in October 2024, April 2026
and May 2026. First CDQ snippet surfaced in April 2026
and the second surfaced in May 2026.",,,,Snippet,CD Quality,"https://youtu.be/76svwFSGZbI
https://www.reddit.com/r/NBAYoungboy/comments/1sebyyu/2022/"
Girl,"???
(Outsiders Judging Me / I Done Bust So Many
Brains Oh My God), (Prod.by ???)",Era unknown. Previewed by leakers in early October 2024.,,,,Snippet,Recording,https://youtu.be/VJwcBJCmS0E
Girl,"I'll Call Them Tweezies 🐟
(Don't Play With Me), (Prod.by ???)","Recorded on 6.24.23 and previewed twice by YB. Previewed on discord by
leakers in June 2024. Private bought from leakers. First CDQ snippet
surfaced in late March 2025. Second CDQ snippet surfaced in May 2025.",02:37,,"Jan 5, 2026",Full,CD Quality,(Link Needed)
Girl,"???
(Prod.by ???)",Intro previewed by YB in a tagged unreleased vlog.,,,,Beat Only,Recording,(Link Needed)
Girl,"???
(Soul), (Prod.by ???)",Era unknown. Previewed by leakers in early April 2026.,,,,Snippet,Recording,https://www.reddit.com/r/NBAYoungboy/comments/1sec65z/2023/
Girl,"Demon Seed [V1.1]
(Hating Shit / Demon Seed 2 / Demon),
(Prod.by $hop With Ken)","Previewed by YB, private bought from leakers. CDQ snippet surfaced in
late October 2024. GB succesfully for $4.3k with ""Foolish Love [V1]"".
Tagged video of YB previewing the song leaked in early February 2025.
Different mix compared to the released version.",03:09,,"Dec 20, 2024",Full,High Quality,
Girl,"I Am [V1]
(Prod.by BJondatrakk, G06 Beatz & D-Rok)",Worse mix and has an open verse.,03:17,,"Feb 20, 2025",Full,High Quality,
Girl,"I Am [V2]
(Prod.by BJondatrakk, G06 Beatz & D-Rok)","Tagged snippet of YB previewing the song leaked in late January 2025.
Different mix.",02:21,,"Feb 20, 2025",Full,High Quality,
Girl,"[Unknown amount of 2023 songs with
Peewee Longway]",Confirmed to exist by Peewee Longway in an interview.,,,,Confirmed,Not Available,https://www.reddit.com/r/NBAYoungboy/comments/1ejk6ui/peewee_says_him_n_yb_made_more_songs_together_in/
Girl,"Peewee Longway & NBA YoungBoy - Nose
Ring [V1] (AUDIO_6196), (Prod.by DrippyCartier,
Berge.af & Juppybeats)",,02:39,,"Nov 30, 2024?",Full,CD Quality,
Girl,"No Time [V1]
(Prod.by Skolo & D-Rok)","Recorded in 7.?.23. Different mix. The released version may have
been on the ""I Just Got A Lot On My Shoulders"" OG tracklist.",03:17,,"Jun 7, 2024",Full,High Quality,
Girl,"iLoveMakonnen & NBA YoungBoy -
Parasites [V2.1] 🐟 (Prod.by Niketaz &
Young Era)",Recorded in 7.?.23.,02:31,,"Jun 8, 2024",Full,High Quality,
Girl,"???
(Prod.by ???)",The beat was previewed in the unreleased vlog with Makkonen.,,,,Beat Only,Recording,https://youtu.be/UtvTfaUfT28?si=dEIKr5IUiqAiFlcD
Girl,"Til I Die [V2.1]
(Dangerous World / Lil Peep Tribute),
(Prod.by D-Rok & ???)","Previewed twice by YB and in his YouTube vlog. First CDQ snippet surfaced
October 2024 and second surfaced in November 2024. A snippet previewed
on Instagram live by leakers and wasprivate bought from leakers.",03:06,,"Dec 18, 2024",Full,High Quality,https://audiomack.com/nba-young-b0y/song/till-i-die-lil-peep-tribute
Girl,"No Equal [V1] 🏆
(Mistreating Me / No Mistreating),
(Prod.by ???)","Rumored to have been on ""I Just Got A Lot On My Shoulders"" OG tracklist
and likely recorded in the same week as ""I'm A Demon"".
CDQ snippet surfaced on Unreleasedsounds.gg in early November 2024.
Private bought from leakers. Previewed by leakers in early January 2025. 
and previewed on discord by leakers in March 2025. Tagged video of YB
previewing the song leaked in late March 2025.",03:41,,,Snippet,CD Quality,https://www.reddit.com/r/NBAYoungboy/comments/1np2dx9/2023/
Girl,"Highlights [V4.1]
(Prod.by Marsh & Cardo Got Wings)","CDQ snippet surfaced in early December 2025.
GB with ""Searching For You"" & ""4LB"" for $...",02:59,,"Mar 8, 2026",Full,High Quality,https://pillows.su/f/ab456e4814b44fdcb8ab188f0d5d9f8f
Girl,"???
(Hold Me Close), (Prod.by ???)","Samples Michael Kiwanuka ""Beautiful Life"". CDQ snippet surfaced
in May 2026. Private bought from leakers.",,,,Snippet,CD Quality,https://www.reddit.com/r/NBAYoungboy/comments/1tf226w/2023/?utm_source=share&utm_medium=web3x&utm_name=web3xcss&utm_term=1&utm_content=share_button
Girl,"???
(Lasers / idk bae), (Prod.by ???)",Era unknown. Previewed by leakers in early April 2026.,,,,Snippet,Recording,(Link Needed)
Girl,"???
(Inside My Head), (Prod.by ???)",Era unknown. CDQ snippet surfaced in July 2025.,,,,Snippet,CD Quality,https://youtube.com/shorts/bwsAVRDnIT0
Girl,"???
(Swag / Baller), (Prod.by ???)","Era unknown. Previewed by leakers in early April 2026.
CDQ snippet surfaced shortly after.",,,,Snippet,CD Quality,https://www.reddit.com/r/NBAYoungboy/comments/1t5m4oo/2023/?utm_source=share&utm_medium=web3x&utm_name=web3xcss&utm_term=1&utm_content=share_button
Girl,"???
(Forgive Me), (Prod.by ???)","Previewed by YB while moving house. Unfinished song. More snippets of
YB previewing the song leaked in late 2024 from leaked 2023 vlogs.",,,,Snippet,Recording,https://www.reddit.com/r/NBAYoungboy/comments/1m3fc7s/me_full_mixed/?utm_source=share&utm_medium=web3x&utm_name=web3xcss&utm_term=1&utm_content=share_button
Girl,"Party [V2]
(Prod.by Rick Nowels)",Remix of “Say Yes to Heaven” by Lana Del Ray.,02:24,,"Nov 16, 2024",Full,High Quality,(Link Needed)
Girl,"Party [V3]
(Treat Me Right), (Prod.by Rick Nowels)","Performed live, posted to Instagram on August 3rd, 2023 and
later deleted. Remix of “Say Yes to Heaven” by Lana Del Ray.
The original file leaked in November 2024.",02:26,,"Nov 16, 2024",Full,High Quality,(Link Needed)
Girl,"Uy [V2] (Ft. Lil Dump)
(Neon / Wash My Cat), (Prod.by ???)","Previewed by YB twice on an Instagram story. The CDQ snippet
surfaced in late 2024. Leaked as a GB bonus.",02:27,,"Jun 30, 2026",Full,High Quality,"https://pillows.su/f/207bef3c8ad5cef568d0ba7e0b3111aa
https://audiomack.com/murda-fellow/song/uy-v2?share-user-id=116312800"
"
22 Leaks
9 Snippets
0 LQs
4 Features
2 Recordings
2 Unavailable???
","Decided 2
(Decided 2 / ""K2 Era"" (Late 2023 Sessions))","Recorded: Late 2023 / September - 10th November 2023.
(10/27/23) ""Decided 2"" is announced.
(10/27/23) ""Decided 2"" 3 song sampler is released.
(11/10/23) ""Decided 2"" is released.",,,,,,
Decided 2,"Get It [V2]
(Prod.by Louie Montana, Beezo, OG Parker,
JB Sauced Up & Jason Goldberg)","Previewed on an Instagram story by YB. Version with
more background vocals.",02:56,,"Nov 9, 2024",Full,High Quality,
Decided 2,[2023 songs with Matisyahu],Confirmed by Matisyahu on Instagram and in a later interview.,,,,Confirmed,Not Available,https://www.reddit.com/r/NBAYoungboy/comments/16kua2m/yb_matisyahu_got_something_otw_he_went_to_utah/
Decided 2,"Matisyahu & NBA YoungBoy - NO MORE
[V1] (Prod.by Cardo Got Wings)",CDQ snippet surfaced in October 2024.,02:21,,"Oct 25, 2024",Full,"Standard
Quality",https://audiomack.com/murda-fellow/song/no-more-v1-yb-x-matisyahu-cw?share-user-id=116312800
Decided 2,"GUITAR HERO [V4.2]
(Prod.by Ben10k, Joe Reeves, Cardo Got Wings
& Jason Goldberg)","Recorded on 11.4.22, file reworked on in summer 2023.",02:39,,"Mar 12, 2025",Full,CD Quality,
Decided 2,"???
(Prod.by ???)",P Yungin diss. CDQ snippet surfaced in late August 2026.,,,,Snippet,CD Quality,
Decided 2,"Keep Yo Head Up [V2] ⭐️
(Prod.by Berge.af)","First CDQ snippet surfaced in late April 2026
and the second surfaced in May 2026.",04:02,,"Sep 22, 2026",Full,High Quality,https://pillows.su/f/8185974ea80bb941cc81c4df16c1bad4
Decided 2,"Better Than Ever [V1]
(Prod.by Jason Goldberg, Ambezza,
Lex Luger, Mike Wavvs & Tommy Parker)",Version without Rod Wave.,,,,Rumored,Not Available,
Decided 2,"Better Than Ever [V2] (Ft. Rod Wave)
(Better Than Ever (feature)),
(Prod.by Jason Goldberg, Ambezza, Lex Luger,
Mike Wavvs & Tommy Parker)",Recorded on 10.13.23. Version with a different mix.,04:02,,"Oct 24, 2024",Full,High Quality,
Decided 2,"???
(Fresh In The Morning), (Prod.by D-Rok)",Previewed on Discord by leakers in May 2025.,,,,Snippet,Recording,(Link Needed)
Decided 2,"???
(Shawty), (Prod.by ???)","Era unknown. Previewed on Discord by leakers in early April 2026.
CDQ snippet surfaced in late April 2026.",,,,Snippet,CD Quality,"https://www.reddit.com/r/NBAYoungboy/comments/1swk1lv/2023/
https://x.com/wyavavx/status/2048660877746765833?s=20"
Decided 2,"Fever [V2]
(Prod.by Berge.af, MalikOTB & Lilkdubb)","CDQ snippet surfaced in early May 2025 and three other CDQ snippets
surfaced in early August 2025. Leaked as a GB bonus.",02:45,,"Aug 14, 2025",Full,High Quality,https://audiomack.com/-lifeofmusic-/song/fever
Decided 2,"Cutta Love [V2.1]
(TROUBLE [V2.1]), (Prod.by $hopWitKen & ???)",Has an open verse.,03:23,,,Full,High Quality,https://audiomack.com/murda-fellow/song/cutta-love-v21?share-user-id=116312800
Decided 2,"YTB Fatt & NBA YoungBoy -
TROUBLE [V2.2] (YTB - TROUBLE / Cutta Love),
(Prod.by $hopWitKen & ???)","Unfinished song. CDQ snippet surfaced in
late March 2025 and leaked for free shortly after.",03:23,,"Mar 23, 2025",Full,High Quality,https://audiomack.com/ballout-4/song/trouble
Decided 2,"Hey Hey [V1] 🐟
(Prod.by K10 Beatz, Skeeo! & LLBeatz)","Previewed by YB on an Instagram story. Later uploaded to
YouTube by one of the producers. CDQ snippets surfaced in
early November 2024. Different mix than the released.",03:04,,"Nov 7, 2024",Full,High Quality,
Decided 2,"???
(Dope), (Prod.by ???)","CDQ snippet surfaced on www.songstash.net
in early November 2025.",,,,Snippet,CD Quality,https://youtube.com/shorts/2ywoVNFnZ_Y?si=uQ-pY1LbFPtnbAdV
Decided 2,"LED My Lights
(LED Lights), (Prod.by ???)","Unmixed song which was probably recorded by YB on his own.
CDQ snippet surfaced in late November 2025. Private bought from
leakers for $1.7k. Previewed by leakers in early December 2025.
Leaked as a GB bonus. The original file leaked in early February 2026.",03:21,,"Jan 10, 2026",Full,High Quality,https://audiomack.com/gg_youngboy/song/led-lights?share-user-id=116312800
Decided 2,"???
(Grave Digger Freestyle), (Prod.by ???)","Untagged low quality snippet surfaced in May 2025.
Second snippet surfaced in late June 2025.
The third CDQ snippet surfaced in May 2026.",,,,Snippet,CD Quality,"https://www.reddit.com/r/NBAYoungboy/comments/1lit9i5/2023/
https://www.reddit.com/r/NBAYoungboy/comments/1tfy4hw/2023/"
Decided 2,"Play With Us [V1]
(Play Wit Us), (Prod.by Juppybeats, Gazbrazy &
D-Rok)",,04:26,,"Jul 5, 2024",Full,High Quality,
Decided 2,"???
(Target Practice), (Prod.by ???)",CDQ snippet surfaced in late March 2026.,,,,Snippet,CD Quality,https://www.youtube.com/shorts/ASGX5BTHvvU
Decided 2,"Watch Flooded
(Prod.by ???Beats)","Two CDQ snippets surfaced in late May 2025. Previewed by leakers
in early July 2025 and private bought from leakers. Previewed again
by leakers in late August 2025. Shorter CD quality version
leaked in early January 2026. Unfinished song.",04:12,,"Jan 3, 2026",Full,High Quality,https://audiomack.com/topmoverecords/song/watch-flooded
Decided 2,"???
(With Ease), (Prod.by ???)","CDQ snippet surfaced in late September 2026.
Likely recorded on the same day as ""Watch Flooded"".",,,,Snippet,CD Quality,
Decided 2,"NBA Ken & NBA YoungBoy - Breaking [V2]
(Prod.by AJB, Dmac & TnTXD)","Previewed twice by NBA Ken, was supposed to release
on NBA Ken's mixtape multiple times.",03:??,,,Snippet,Recording,"https://www.reddit.com/r/NBAYoungboy/comments/1dpam73/snippet/
https://www.youtube.com/shorts/aW2y2XpSJKY"
Decided 2,"???
(RayBans), (Prod.by ???)",CDQ snippet surfaced in July 2026. Private bought from leakers.,,,,Snippet,CD Quality,https://www.reddit.com/r/NBAYoungboy/s/vhLr8YLLcn
Decided 2,"Slime Examination [V2] ⭐️
(Slatt [V2]), (Prod.by Callari, Prod. Twizz &
Jdn Beats)","Released only on YouTube with the music video and
later privated for unknown reasons in April 2025.
The original file leaked in July 2026.",03:11,,"Nov 4, 2023",Full,High Quality,https://audiomack.com/youngboy-never-broke-againn/song/slime-examination
Decided 2,"Cook Dope [V1]
(Coked Up), (Prod.by Berge.af)","Recorded on 10.?.23. Previewed by YB's security guard on
an Instagram story. CDQ snippet surfaced weeks before it leaked.
Has three unreleased music video versions.",03:11,,"Jul 13, 2024",Full,High Quality,
Decided 2,"Take Me Slow [V2]
(Prod.by Mook & D-Rok)","Has an unreleased music video. Leaked for free. May have originally been a
track on the unreleased ""Decided 2"" deluxe, then later was meant to be a
single to release in 2024. Different mix than the released version.",03:27,,"Aug 10, 2024",Full,High Quality,
Decided 2,"How We Get [V3.6] (Ft. WHOGANGDEE,
Lil Dump & Dej Rose Gold)
(Prod.by Berge.af & MalikOTB)","An earlier version of the song with different lyrics in the last verse from YB.
CDQ snippet surfaced in late August 2025. Has an unreleased music video.",,,,Partial,CD Quality,(Link Needed)
Decided 2,"How We Get [V3.7] (Ft. WHOGANGDEE,
Lil Dump & Dej Rose Gold) 
(Prod.by Berge.af & MalikOTB)",,05:19,,"Oct 23, 2024",Full,High Quality,
Decided 2,"Run [V2]
(Prod.by Jay Scalez)",,02:55,,"Nov 26, 2024",Full,High Quality,
Decided 2,"Tre Savage & NBA YoungBoy - FXCK YOU
NIGGAS [V2.1] (FYN [V2]), (Prod.by Peter)",,03:27,,"Dec 31, 2024",Full,High Quality,
Decided 2,"Tre Savage - FYN [V3] (Ft.)
(Prod.by Peter)",,03:28,,"Sep 15, 2024",Full,High Quality,
Decided 2,"Rundown Spaz - First Day Out [V2] (Ft.)
(Prod.by Loko La’Flare & Rundown Spaz)",Shorter version without Rundown Choppaboy.,02:50,,"Nov 6, 2024",Full,High Quality,
Decided 2,"OUT MY MIND [V1.1]
(Searching 4 My Opps), (Prod.by Ayo Bleu,
India Got Them Beats, 1Decastro & Dayron Wade)","Recorded in 11.?.23. Recorded the song during his Complex interview.
CDQ snippet surfaced on Unreleasedsounds.gg in late May 2024.
Longer compared the released version.",02:47,,"Jun 16, 2024",Full,High Quality,https://audiomack.com/gg_youngboy/song/searching-4-my-opps
"118 Leaks
38 Snippets
2 LQs
8 Features???
20 Recordings
2 Unavailable???
","I Just Got A Lot On My Shoulders
(I Just Got A Lot On My Shoulders / Junkie Era (Late 2023 - Early 2024 Sessions))","Recorded: Late 2023 - Early 2024 / November 10th, 2023 - April 17th, 2024.
(11/10/23) ""Decided 2"" is released. (11/8/24) ""I Just Got A Lot On My Shoulders""
mixtape sampler is released. (12/6/24) ""I Just Got A Lot On My Shoulders""
is fully released. (3/7/25) compilation mixtape ""More Leaks"" is released.",,,,,,
I Just Got A Lot On My Shoulders,"On Me [V2]
(harry top v2), (Prod.by Harry Fraud)",Recorded in 11.?.23 and leaked as a GB bonus.,03:15,,"Aug 7, 2024",Full,CD Quality,
I Just Got A Lot On My Shoulders,"On Me [V3]
(harry top v3 / Loving You Deeply / Drink Coffee),
(Prod.by Harry Fraud)","Recorded in 11.?.23. Has an unreleased music video which was teased on
an instagram story. More snippets were later previewed by leakers.
Leaked as a GB bonus. Has a different mix.",03:15,,"Jul 28, 2024",Full,CD Quality,
I Just Got A Lot On My Shoulders,"Of Late [V1]
(Prod.by $hopWitKen & JBSaucedUp)","Longer version with a different intro compared to the released version.
Has an unreleased music video. Different mix.",03:26,,"Jun 22, 2024",Full,High Quality,
I Just Got A Lot On My Shoulders,"Of Late [V2]
(I Deeply Need You), (Prod.by $hopWitKen &
JBSaucedUp)",Has an unreleased music video.,03:03,,"Apr 8, 2025",Full,CD Quality,
I Just Got A Lot On My Shoulders,"Jason Derulo & NBA YoungBoy - ???
[V1] (Mad Love [V1] / MallyMall x Top),
(Prod.by Mally Mall, Jayme Silverstein, R3HAB,
Scorp Dezel, Storii & Vassal Benford)","Different Jason Derulo chorus and verse, era unknown.",03:28,,"Nov 13, 2024",Full,CD Quality,
I Just Got A Lot On My Shoulders,"Wolf Cry 
(Prod.by London On Da Track, FNZ & 254Bodi)",Released only on YouTube then later deleted in December 2023.,02:47,,"Dec 10, 2023",Full,High Quality,https://audiomack.com/youngboy-never-broke-againn/song/wolf-cry
I Just Got A Lot On My Shoulders,"Bway Yungy - My Life [V2] (Ft.)
(Prod.by Brando Beatz)",CDQ snippet surfaced in June 2024. Private bought from leakers.,03:18,,"Aug 21, 2024",Full,CD Quality,(Link Needed)
I Just Got A Lot On My Shoulders,"King Yella & NBA YoungBoy - ??? [V2] 🐟
(yella x Top / Gangsta Of Da Year / Envy Me),
(Prod.by Hitmann)",,02:57,,"Feb 20, 2025",Full,High Quality,https://soundcloud.com/bign-527433342/nba-youngboy-ganstar-of-the
I Just Got A Lot On My Shoulders,"???
(Burger King Killer / Sneaky Motherfucker /
Play With Me), (Prod.by D-Rok)","Previewed on YB's cat Instagram story. Two short snippets were
previewed by leakers in early October 2025.
Previewed by leakers in early July 2026.",,,,Snippet,Recording,"https://youtu.be/y3SOO6JUXZQ
https://www.reddit.com/r/NBAYoungboy/comments/188th5l/new_yb_snippet/"
I Just Got A Lot On My Shoulders,"What You Want Do [V1] 🐟
(Prod.by Leor Shevah)","This song is the 2023 version which was previewed
on Instagram live by YB and Lil Dump.",,,,Snippet,Recording,https://youtu.be/yHCBW7UHWW4?si=BWZXKxOwnge7wb3q
I Just Got A Lot On My Shoulders,"???
(Minute / Take Me Down / In A Minute),
(Prod.by Buddah Bless)","Heard in the back of a late 2023 Instagram story.
Previewed by leakers in early April and August 2026. Currently being
group bought. CDQ snippet surfaced in late August 2026.",,,,Snippet,CD Quality,https://youtu.be/jDUrVRUrQe4
I Just Got A Lot On My Shoulders,"Yesterday [V1]
(Prod.by $hop With Ken)",Version without Webbie. Unknown if it exists.,03:??,,,Rumored,Not Available,
I Just Got A Lot On My Shoulders,"No Help [V2]
(Prod.by Berge.af & Brando Beatz)","Recorded in 12.?.23. Version with a different mix
and ends without the last chorus.",02:43,,"Jun 8, 2024",Full,High Quality,
I Just Got A Lot On My Shoulders,"No Help [V2.1]
(86 Prayers), (Prod.by Berge.af & Brando Beatz)","Recorded in 12.?.23. Snippet of YB rapping the song leaked in May 2024,
CDQ snippet surfaced in early June 2024.May have been on the ""I Just Got A
Lot On My Shoulders"" OG tracklist.  Leaked after a successful bundled
GB at $4.5k. Longer than the released version and has a different mix.",03:19,,"Jun 8, 2024",Full,High Quality,
I Just Got A Lot On My Shoulders,"Blood On My Soul [V2]
(Prod.by AyoCBass, Decastro & D-Rok)","Recorded in 12.?.23. Lil Durk diss. Snippet of YB previewing
the song leaked in early November 2024. Earlier version of the
released song that is shorter. CDQ snippet surfaced in June 2024.",02:14,,"Nov 6, 2024",Full,High Quality,https://pillows.su/f/48c53ee7a2e5377298d70a749bb7a57b
I Just Got A Lot On My Shoulders,"Blood On My Soul [V2.1]
(Prod.by AyoCBass, Decastro & D-Rok)",Recorded in 12.?.23. Lil Durk diss.,03:01,,"Nov 6, 2024",Full,High Quality,https://pillows.su/f/0ab8fb1ec6b3e6cd917815485f046e05
I Just Got A Lot On My Shoulders,"Prayers [V2]
(Jingle Bells / How I Live / Jiggalator / All Y'all /
Grave Digga Livin), (Prod.by Berge.af)","Has an unreleased christmas themed music video and the
behind the scenes of it was previewed. Video of YB previewing song leaked
in early August 2024. Recorded 12.?.23. First (long) CDQ snippet surfaced
in late 2023 and second surfaced in early November 2024. Different mix.
May have been on the ""I Just Got A Lot On My Shoulders"" OG tracklist.",02:54,,"Nov 7, 2024",Full,High Quality,
I Just Got A Lot On My Shoulders,"Anti Da Menace & NBA YoungBoy - ???
(Anti x YB_mastered / Smackers / Touchdown),
(Prod.by Dear Lavish)",Previewed by YB on an Instagram story.,02:21,,"Jan 25, 2024",Full,High Quality,(Link Needed)
I Just Got A Lot On My Shoulders,"Tsunami [V2]
(Killa Season [V2]), (Prod.by ProdSkolo & D-Rok)",,03:06,,"Nov 8, 2024",Full,High Quality,
I Just Got A Lot On My Shoulders,"Flex Up [V1.1] ⭐
(Stretch Some), (Prod.by Southside, ATL Jacob,
Pyrex & 30 Roc)","Snippet of YB previewing song leaked in early June 2024.
Breifly previewed by leakers in late 2024. Remix of ""Flex Up"" by Lil Yachty,
Future & Playboi Carti. CDQ snippet surfaced on Unreleasedsounds.gg in
late February 2025. Succesfully GB for 3.2k in 2025.",03:14,,"Mar 7, 2025",Full,High Quality,(Link Needed)
I Just Got A Lot On My Shoulders,"Cold Case [V1]
(Closed Case [V1]), (Prod.by CTM)","Recorded in 12.?.23. Version with less autotune. Released version
may have been on the ""I Just Got A Lot On My Shoulders"" OG tracklist.",02:47,,"Jun 10, 2024",Full,High Quality,
I Just Got A Lot On My Shoulders,"187 [V2.1] ⭐
(Prod.by 17OnDaTrack & Berge.af)","CDQ snippet surfaced in early August 2024. Second CDQ snippet
surfaced in late December 2024. Private bought from leakers.
Previewed by leakers on discord multiple time in April 2025.",02:36,,"Apr 18, 2025",Full,CD Quality,(Link Needed)
I Just Got A Lot On My Shoulders,"Tyuiio [V2.1] ⭐️
(Dealing With You), (Prod.by Berge.af)","Recorded in 12.?.23. Previewed by Herm and Dej Rose Gold.
Previewed by discord leakers multiple times, CDQ snippet
surfaced in early August 2024. Private bought from leakers.",02:51,,"Jul 4, 2025",Full,High Quality,(Link Needed)
I Just Got A Lot On My Shoulders,"Corey SSG - Need Love [V2.1] (Ft.)
(One More Chance), (Prod.by ???)","Recorded in 12.?.23. Leaked as a GB bonus and has an
unreleased music video that Corey never finished.",03:11,,"Jun 16, 2024",Full,High Quality,https://audiomack.com/gg_youngboy/song/need-love
I Just Got A Lot On My Shoulders,"Searching For You [V1.1]
(Bnyx 5), (Prod.by BNYX®)","CDQ snippet surfaced on Unreleasedsounds.gg
in late December 2024. GB with ""Highlights"" & ""4LB"" for $???.",02:36,,"Feb 26, 2026",Full,High Quality,(Link Needed)
I Just Got A Lot On My Shoulders,"We Do [V2.2]
(Missing Everything [V2.2] / REFLECTING),
(Prod.by BNYX®)",Recorded in 12.?.23.,03:43,,"Nov 18, 2024",Full,High Quality,
I Just Got A Lot On My Shoulders,"GD Galaxy [V2]
(Bynx 3), (Prod.by BNYX® & wakeupf1lthy)","Recorded in 12.?.23. Snippet of YB previewing the song leaked
in early October 2024 and a CDQ snippet surfaced on
Unreleasedsounds.gg in November 2024. Leaked for free.",03:25,,"Dec 27, 2024",Full,High Quality,
I Just Got A Lot On My Shoulders,"Brand New [V2]
(Prod.by BNYX® & HK)","CDQ snippet surfaced in late July 2024. Unfinished song with two open verses.
Rumored to be a demo for an earlier version of ""004KT"".",02:29,,"Oct 15, 2024",Full,High Quality,https://samply.app/p/JxmrkCuNJKxTRPaMJY8P?si=xFyyqODrz5XD9bfV4sYRhsrug0s1
I Just Got A Lot On My Shoulders,"Amdei [V1]
(amdei_1), (Prod.by BNYX®)",Recorded in 12.?.23.,03:46,,"Nov 2, 2024",Full,High Quality,
I Just Got A Lot On My Shoulders,"Amdei [V2]
(Trap 101 [V2] / BNYX Da Reaper Pt.2),
(Prod.by BNYX®)","Recorded in 12.?.23. May have been recorded around the
same time as ""Bnyx Da Reaper"". Snippet of YB previewing the song
leaked in May 2024. Private bought from leakers. CDQ snippet
surfaced in early November 2024.",03:45,,"Nov 2, 2024",Full,High Quality,
I Just Got A Lot On My Shoulders,"Da Reaper [V2.2]
(BNYX Da Reaper [V2.2]), (Prod.by BNYX®)",Recorded in 12.?.23.,03:17,,"June 7, 2024",Full,CD Quality,
I Just Got A Lot On My Shoulders,"Love Me [V1]
(Ma I Don’t Cancel [V1]), (Prod.by Simo Fre,
Samabaretta & D-Rok)",Recorded in 12.?.23.,02:43,,"Dec 5, 2024",Full,High Quality,
I Just Got A Lot On My Shoulders,"Ma I Don’t Cancel [V1.2]
(Prod.by Samabaretta, Simo Fre, D-Rok)",Recorded in 12.?.23.,02:43,,"Dec 5, 2024",Full,High Quality,
I Just Got A Lot On My Shoulders,"Cut Throat [V1]
(Killing / Murda Me), (Prod.by K4ProducedIt &
Skeeo!)","Previewed in the background of a 2023 Instagram story and months later
a snippet of the music video was posted to Instagram. Recorded in 12.?.23.
An unheard CDQ snippet surfaced in late October 2024.
Was a track on the original ""I Just Got A Lot On My Shoulders"" and was
private bought from leakers. Previewed in an unreleased 2024 vlog.
Second CDQ snippet surfaced on Unreleasedsounds.gg in
late December 2024. GB succesfully for $4.7k with ""Letter To The North"".",04:32,,"Dec 30, 2024",Full,High Quality,
I Just Got A Lot On My Shoulders,"FUCK NIGGAZ [V2]
(Prod.by Berge.af)",Recorded in 12.?.23.,02:13,,"June 8, 2024",Full,High Quality,
I Just Got A Lot On My Shoulders,"SNEAKING [V1]
(Prod.by Al Geno)",Recorded in 12.?.23. Different mix.,02:35,,"Nov 8, 2024",Full,High Quality,
I Just Got A Lot On My Shoulders,"5 NIGHT [V2.1]
(5 NGHT [V2.1] / Phantom),
(Prod.by London On Da Track)","Recorded in 12.?.23. Has a music video. Leaked for free and was on the
""I Just Got A Lot On My Shoulders"" OG tracklist. Leaked
version with an intro that contains audio from the movie ""Menace II society"".",03:28,,"Nov 7, 2024",Full,High Quality,
I Just Got A Lot On My Shoulders,"DOWN [V1]
(MIKE X YB X LONDON - DOWN.recovered 2),
(Prod.by London On Da Track & Mike)",Recorded in 1.?.24.,01:14,,"Oct 28, 2025",Full,High Quality,https://soundcloud.com/wyotopmusic/nba-youngboy-blood-on-my-1?si=9c90ba4f3eaf4036b47e795d9b06cac8&utm_source=clipboard&utm_medium=text&utm_campaign=social_sharing
I Just Got A Lot On My Shoulders,"Down [V2]
(Go Down / Blood On My Crown),
(Prod.by London On Da Track & Mike)","Recorded in 1.?.24. CDQ snippet surfaced on Unreleasedsounds.gg
in late March 2025. Previewed by leakers in late October 2025.",02:00,,"Oct 26, 2025",Full,"Standard
Quality",https://audiomack.com/ballout-4/song/go-down
I Just Got A Lot On My Shoulders,"SELLIN DOPE
(SELLIN DOPE TOP@.recovered / Rock Some /
Talk To God), (Prod.by ???)","Era unknown. CDQ snippet surfaced on Unreleasedsounds.gg in late
March 2025. Private bought from leakers. Second CDQ snippet surfaced in
June 2025. Song surfaced as a discord voice recording in July 2025.",04:47,,"Nov 7, 2025",Full,High Quality,https://pillows.su/f/aacd93b92188ae11af9d31c8a6dadb56
I Just Got A Lot On My Shoulders,"???
(Life In Danger / Knock Em Off), (Prod.by ???)","Era unknown. Two snippets surfaced on
Unreleasedsounds.gg in July 2025.",,,,Snippet,CD Quality,https://youtube.com/shorts/3E-Et5usTMk
I Just Got A Lot On My Shoulders,"Act A Donkey [V2.2]
(Prod.by Hitmann & D-Rok)",Recorded on 1.10.24.,03:23,,"Dec 27, 2024",Full,High Quality,
I Just Got A Lot On My Shoulders,"Business [V2] ⭐️
(Prod.by ProdSkolo & D-Rok)","CDQ snippet surfaced on Unreleasedsounds.gg in late May 2025.
Has an unreleased music video and leaked for free.",02:55,,"Jul 23, 2025",Full,CD Quality,https://audiomack.com/gg_youngboy/song/business
I Just Got A Lot On My Shoulders,"STILLING OUT THE TRAP [V1]
(Stealing Out The Trap [V1]),
(Prod.by 17OnDaTrack & D-Rok)",,03:46,,"Jun 15, 2024",Full,High Quality,
I Just Got A Lot On My Shoulders,"???
(King Of The Jungle 2), (Prod.by D-Rok)",Previewed on discord by leakers in March 2025.,,,,Snippet,Recording,https://www.reddit.com/r/NBAYoungboy/comments/1jc67kr/yb_the_greatest/
I Just Got A Lot On My Shoulders,"Trouble [V3.2]
(Ain't Safe / Murder Business 2),
(Prod.by Lastwordbeats & D-Rok)","Previewed in the beginning of YB's deleted ""SEROTONIN"" vlog.
Better mix than the other versions. Private bought from leakers.",02:57,,"Mar 11, 2025",Full,High Quality,(Link Needed)
I Just Got A Lot On My Shoulders,"Food [V3]
(KILL OR TAKE), (Prod.by Medussa Beats)",,02:47,,"Apr 30, 2026",Full,High Quality,(Link Needed)
I Just Got A Lot On My Shoulders,"30 Pack
(Put It On The Floor), (Prod.by Simo Fre, Killer
& Bnoise)",Different mix. May have been third song recorded that day.,02:47,,"Nov 10, 2024",Full,High Quality,
I Just Got A Lot On My Shoulders,"Demons
(Prod.by Nessuno, 2x.samuel, D-Rok & BJondatrakk)","Confirmed to have a music video by YB. The intro was previewed in
YB's ""SEROTONIN"" vlog. CDQ snippet surfaced in May 2025.",,,,Snippet,CD Quality,https://youtu.be/g0SJ5UuOwNg
I Just Got A Lot On My Shoulders,"Put It On The Floor [V3.1]
(JGMix / Rich Junkie / Ritual), (Prod.by Simo Fre,
Killer & Bnoise)","Previewed twice by YB and in two different vlogs. Private bought from leakers.
CDQ Snippet surfaced in May 2024. Previous grail in comm.
Different mix compared to the released version.",02:47,,"Jul 20, 2024",Full,High Quality,
I Just Got A Lot On My Shoulders,"Get Money [V3.4]
(JGMix / Rich Junkie 2 / 187), (Prod.by Mars)","Likely recorded the same day as ""Put It On The Floor"" &
""We Shot Him In His Head Huh"". Leaked for free.",02:17,,"Mar 3, 2025",Full,High Quality,(Link Needed)
I Just Got A Lot On My Shoulders,"Get Money [V3.5]
(YB X BLOKK5 Mix 1 Matty), (Prod.by Mars)",Version with an alternative mix and more vocals. Leaked for free.,02:09,,"May 11, 2025",Full,High Quality,(Link Needed)
I Just Got A Lot On My Shoulders,"We Shot Him In His Head Huh [V1.2]
(YB REC TEMP v1.2 song 3 B1),
(Prod.by Barragini, 17OnDaTrack & D-Rok)",Third song recorded that day.,02:35,,"Nov 5, 2024",Full,CD Quality,
I Just Got A Lot On My Shoulders,"Who Gon Fuck With Me
(Speed / Get One To Murder / Beanie Bitch /
Navy Seals), (Prod.by JuppyBeats,
LastWordBeats & D-Rok)","Recorded the same day as ""We shot him in his head huh"".
CDQ snippet surfaced in early April 2026.",,,,Snippet,CD Quality,(Link Needed)
I Just Got A Lot On My Shoulders,"NEW NEW [V1] 🐟
(NEW NEW MIX 1 MATTY 2), (Prod.by Sol,
Marsmadethis, GTR Beats & Simo Fre)",,01:44,,"Apr 9, 2025",Full,High Quality,
I Just Got A Lot On My Shoulders,"SOME GOIN' ON [V1]
(Cross Tha Tracks / We Got Sum / Environment),
(Prod.by Apgocrazy, BJondatrakk & D-Rok)","Recorded in 2.?.24. Previewed in YB's ""SEROTONIN"" vlog.
TBG Blvrd & Real Gee Money diss. Previewed on discord by
leakers in March 2025. First CDQ snippet surfaced in late June
2026 and second CDQ snippet surfaced days later.",01:50,,"Jul 15, 2026",Full,High Quality,(Link Needed)
I Just Got A Lot On My Shoulders,"SOME GOIN' ON [V2]
(YB18 Mix 1 Matty_1 v2 / Environment),
(Prod.by Apgocrazy, BJondatrakk & D-Rok)",,01:49,,"Jul 15, 2026",Full,High Quality,(Link Needed)
I Just Got A Lot On My Shoulders,"Let That Drac Go
(Prod.by D-Rok)","Previewed twice in YB's ""SEROTONIN"" vlog and recorded parts within
the YT vlog. Longer snippet previewed on discord in June 2024.
CDQ surfaced on Unreleasedsounds.gg in late August 2024.",,,,Snippet,CD Quality,https://youtube.com/shorts/mTUJwnO4b3c?si=2WN_JUfVKvjNwSL8
I Just Got A Lot On My Shoulders,"Herm & NBA YoungBoy - BoBo [V2] 🐟
(My BoBo [V2]), (Prod.by Berge.af)",,02:35,,"Jun 12, 2024",Full,High Quality,
I Just Got A Lot On My Shoulders,"Kevin Gates & NBA YoungBoy - I AM [V3]
(Prod.by BJondatrakk, G06 Beatz & D-Rok)",Alternative Kevin Gates verse and mix compared to the V3.,02:35,,"Feb 20, 2025",Full,Low Quality,(Link Needed)
I Just Got A Lot On My Shoulders,"???
(Mamba Coupe), (Prod.by ???)",CDQ snippet surfaced in May 2026.,,,,Snippet,CD Quality,https://www.reddit.com/r/NBAYoungboy/comments/1tfseo4/2024/?utm_source=share&utm_medium=web3x&utm_name=web3xcss&utm_term=1&utm_content=share_button
I Just Got A Lot On My Shoulders,"Wounded [V3]
(Battlefield), (Prod.by Trell?, Apgocrazy & TnTXD)","Previewed on Instagram live by leakers and PB from leakers.
CDQ snippet surfaced on Unreleasedsounds.gg in early January 2025.",,,,Snippet,CD Quality,(Link Needed)
I Just Got A Lot On My Shoulders,"???
(Mountain), (Prod.by ???)","First snippet surfaced in early January 2025. Previewed by leakers
shortly after. Previewed by leakers in early April 2025. Second snippet
surfaced in May 2025 and was previewed after.",02:50?,,,Snippet,CD Quality,https://www.reddit.com/r/NBAYoungboy/comments/1klgt8k/im_tryna_spend_every_morning_inna_brand_new_benzz/
I Just Got A Lot On My Shoulders,"Hurt [V1] (Ft. BBG Baby Joe)
(Gloves On), (Prod.by Berge.af & Str8cash)",,03:06,,"July 4, 2025",Full,High Quality,
I Just Got A Lot On My Shoulders,"Adapt [V1]
(Adapted), (Prod.by Lastwordbeats, Berge.af,
Malikotb & Hayze)",,01:53,,"Dec 5, 2024",Full,CD Quality,
I Just Got A Lot On My Shoulders,"??? 🐟
(Devil's Theme Song / Pain Real / Money),
(Prod.by TMU3X & Neeko Made This)",Snippet was previewed by the producer on Instagram in 2024.,,,,Snippet,Recording,https://youtu.be/fvUAL5eoP74?si=5IsFDKra29egA-ND
I Just Got A Lot On My Shoulders,"??? 🐟
(Murda Man 2 / Make The Block Hot /
Murder Business 3), (Prod.by D-Rok)","Recorded in 2.?.24. CDQ snippet surfaced on
Unreleasedsounds.gg in late December 2024.",,,,Snippet,CD Quality,https://youtube.com/shorts/2fkBvspcZBw
I Just Got A Lot On My Shoulders,"Down By The River [Vocals] 🐟
(Prod.by Kacey Khaliel)",Recorded in 2.?.24. 💀,02:51,,"Apr 13, 2024",Full,High Quality,https://www.reddit.com/r/NBAYoungboy/comments/1c36rpk/down_by_the_river_2024_vocals_beat/
I Just Got A Lot On My Shoulders,"??? 🐟
(020524 YB X GENO X MATTY MIX 1 /
Mama I'm Sorry / Murder My Friend / God Help Me),
(Prod.by Simo Fre, TwinGoCrazy & M1K)","Recorded on 2.5.24. Previewed many times in YB's ""SEROTONIN"" vlog.
Rumored to be unfinished. CDQ snippet surfaced in late April 2025,
private bought from leakers. Previewed by leakers in early May 2025.",02:07,,"May 10, 2025",Full,Lossless,(Link Needed)
I Just Got A Lot On My Shoulders,"CATCH ME [V2]
(CATCH ME_Mix 1 Matty 2), (Prod.by Lovesick,
Xclusive, FxLKES & D-Rok)",Recorded in 2.?.24.,02:24,,"Nov 8, 2024",Full,High Quality,
I Just Got A Lot On My Shoulders,"Lil Mabu - Engine [V2.1] (Ft.) 🐟
(Prod.by VERAXON & Cloud)",,02:53,,"Nov 14, 2024",Full,High Quality,
I Just Got A Lot On My Shoulders,"WHOGANGDEE & NBA YoungBoy - Try Me
[V2] 🐟 (Prod.by Medusa Beats, Soulm8 &
Kunomane)",Different mix.,02:57,,"Aug 25, 2024",Full,High Quality,
I Just Got A Lot On My Shoulders,"YKWIHF Vea & NBA YoungBoy - ???
(Vultures), (Prod.by ???)","Video of YB listening to the song in the studio leaked in
late June 2025. Has an unreleased music video.",,,,Snippet,CD Quality,(Link Needed)
I Just Got A Lot On My Shoulders,"???
(Smack Em), (Prod.by ???)",,,,,Snippet,Recording,https://youtube.com/shorts/pl_OcUKzSmE?si=DSZwTgLnYRe3985A
I Just Got A Lot On My Shoulders,"??? 🐟
(Salt Lake City Lights / Lights), (Prod.by ???)","💀 Recorded in 2.?.24. A snippet of YB previewing the song
in a partially released vlog leaked in July 2025.",,,,Snippet,Recording,(Link Needed)
I Just Got A Lot On My Shoulders,"CREEPERS [V1] 🐟
(CREEPERS_YB 2), (Prod.by dXntemadeit & ???)","Second song recorded that day. Snippet of YB previewing the
song leaked in late January 2025. CDQ snippet surfaced on
Unreleasedsounds.gg in February 2025. GB succesfully for $3.3k
with ""Still Be Here"".",02:04,,"Feb 22, 2025",Full,CD Quality,(Link Needed)
I Just Got A Lot On My Shoulders,"BACKLASH [V1]
(Prod.by D-Rok & 17OnDaTrack)","Fourth song recorded that day. Unmixed song.
Version without the outro.",02:36,,"April 20, 2025",Full,High Quality,(Link Needed)
I Just Got A Lot On My Shoulders,"BACKLASH [V2]
(Urus / First 48), (Prod.by 17OnDaTrack & D-Rok)","Fourth song recorded that day. Snippet previewing song leaked in late
November 2024. CDQ snippet surfaced in late January 2025.
Second CDQ snippet surfaced in March 2025.",02:36,,"April 20, 2025",Full,High Quality,(Link Needed)
I Just Got A Lot On My Shoulders,"???
(Spin Yo' Block), (Prod.by ???)",CDQ snippet surfaced on Unreleasedsounds.gg in early June 2025.,,,,Snippet,CD Quality,https://youtube.com/shorts/_nggZkF5sM0
I Just Got A Lot On My Shoulders,"???
(Too Real), (Prod.by ???)",CDQ snippet surfaced on Unreleasedsounds.gg in early April 2025.,04:??,,,Snippet,CD Quality,https://youtube.com/shorts/OGyMvLQtal8?si=H_NaJsiLOf7UxycZ
I Just Got A Lot On My Shoulders,"???
(Prod.by ???)","Previewed in YB's ""SEROTONIN"" vlog.",,,,Beat Only,Recording,https://www.youtube.com/watch?v=aGIfy75AcbQ
I Just Got A Lot On My Shoulders,"???
(Prod.by Huncho)","Recorded 2.?.24. Previewed in YB's SEROTONIN"" vlog.",,,,Snippet,Recording,https://www.tiktok.com/@4ktleaks/video/7335164567867100447
I Just Got A Lot On My Shoulders,"???
(Prod.by ???)","Recorded in 2.?.24. Previewed in YB's SEROTONIN"" vlog.",,,,Beat Only,Recording,https://www.youtube.com/watch?v=aGIfy75AcbQ
I Just Got A Lot On My Shoulders,"???
(Everything Galore), (Prod.by Apgocrazy)","Recorded in 2.?.24. Quickly previewed twice in YB's SEROTONIN"" vlog.",,,,Beat Only,Recording,https://www.tiktok.com/@4ktleaks/video/7335164567867100447
I Just Got A Lot On My Shoulders,"???
(Everything Advanced), (Prod.by ???)","Previewed on Discord by leakers in early April 2026.
Private bought from leakers.",,,,Snippet,Recording,(Link Needed)
I Just Got A Lot On My Shoulders,"???
(Ball / On My Soul), (Prod.by ???)",CDQ snippet surfaced on Unreleasedsounds.gg in early August 2025.,,,,Snippet,CD Quality,https://youtu.be/2CS7cFh5SkU?si=ivFcS7JKa0Fg6iKA
I Just Got A Lot On My Shoulders,"???
(Prod.by ???)",Previewed in an unreleased vlog.,,,,Beat Only,Recording,https://www.reddit.com/r/NBAYoungboy/comments/1hljewg/unreleased_utah_vlog/
I Just Got A Lot On My Shoulders,"???
(Prod.by ???)",Short melodic snippet that was previewed in an unreleased vlog.,,,,Beat Only,Recording,https://www.reddit.com/r/NBAYoungboy/comments/1hljewg/unreleased_utah_vlog/
I Just Got A Lot On My Shoulders,"???
(Prod.by ???)",Short melodic snippet that was previewed in an unreleased vlog.,,,,Snippet,Recording,https://www.reddit.com/r/NBAYoungboy/comments/1hlizux/2024_or_23/
I Just Got A Lot On My Shoulders,"??? 🐟
(Murda Tonight), (Prod.by ???)",Recorded on 2.26.24.,,,,Snippet,CD Quality,https://youtube.com/shorts/FdM50avg3pE?is=J5CbZYoSDZCNjBn0
I Just Got A Lot On My Shoulders,"BIG PRESSUA [V1]
(Yb - 2-10-24 #1 b1 2 / Choppa City 2),
(Prod.by TMU3X, Neeko Made This & Wilno)","Recorded on 2.10.24. CDQ snippet was posted by a producer
in April 2024. Later previewed by leakers in late March 2025.
Leaked for free in 2026.",02:40,,"Apr 29, 2026",Full,High Quality,(Link Needed)
I Just Got A Lot On My Shoulders,"BIG PRESSUA [V2]
(BIG PRESSUA_Yb - 2-10-24 #1 b1_PBXO X C /
Choppa City 2), (Prod.by TMU3X, Neeko Made
This & Wilno)",Recorded on 2.10.24. Version with a different mix.,02:40,,"Apr 29, 2026",Full,High Quality,https://samply.app/p/JxmrkCuNJKxTRPaMJY8P?si=xFyyqODrz5XD9bfV4sYRhsrug0s1
I Just Got A Lot On My Shoulders,"BIG PRESSUA [V3]
(BIG PRESSUA_Yb - 2-10-24 #1 b1_PBXO X C1),
(Prod.by TMU3X, Neeko Made This & Wilno)",Recorded on 2.10.24.,02:40,,"Apr 29, 2026",Full,High Quality,https://samply.app/p/JxmrkCuNJKxTRPaMJY8P?si=xFyyqODrz5XD9bfV4sYRhsrug0s1
I Just Got A Lot On My Shoulders,"??? 🐟
(Prod.by ???)",Recorded on 2.11.24.,,,,Snippet,CD Quality,
I Just Got A Lot On My Shoulders,"MURDA OUTSIDE [V1]
(YB - 2-12-24 #2 B1 / Dirty Cutta / Out That Window),
(Prod.by BJondatrakk & D-Rok)","Recorded on 2.12.24. TBG & Bleedas diss. Second song recorded that day.
CDQ snippet surfaced on Unreleasedsounds.gg in late December 2024.
Second CDQ snippet surfaced in late February 2025.
Third snippet surfaced in late March 2025. Private bought from leakers.",03:27,,"Apr 1, 2025",Full,High Quality,(Link Needed)
I Just Got A Lot On My Shoulders,"MURDA OUTSIDE [V2]
(YB - 2-12-24 #2 B1), (Prod.by BJondatrakk &
D-Rok)","Recorded on 2.12.24. TBG & Bleedas diss.
Shorter version with censored parts and a different mix.",03:24,,"Apr 1, 2025",Full,High Quality,
I Just Got A Lot On My Shoulders,"All The Real Ones [V2] ⭐🏆
(Prod.by D-Rok)","CDQ snippet surfaced on Unreleasedsounds.gg in early December 2025.
Currently the biggest grail in the YB comm. Private bought from leakers.",,,,Snippet,CD Quality,https://www.reddit.com/r/NBAYoungboy/comments/1hw5bfu/2024/
I Just Got A Lot On My Shoulders,"HOW I FEEL [V2]
(HOW I FEEL_yb11 / SEARCH MY NAME /
Never Love), (Prod.by Marqué)",,01:49,,"Jul 5, 2024",Full,High Quality,https://audiomack.com/4Kentrell/song/search-my-name
I Just Got A Lot On My Shoulders,"SEARCH MY NAME [V3]
(Never Love), (Prod.by Marqué)","Version with a longer verse and less adlibs. Uploaded to YouTube as
a Short and later removed from YB's channel in March 2025.",01:44,,"Feb 19, 2024",Full,CD Quality,https://youtu.be/OdQJ8nXipHI?si=o1_YUGHHOMczeA3r
I Just Got A Lot On My Shoulders,"??? 🐟
(Prod.by ???)",,,,,Snippet,Recording,(Link Needed)
I Just Got A Lot On My Shoulders,"MY SMOKE [V1] 🐟
(Prod.by TrillGotJuice, Michael Makho & TnTXD)",Recorded in 2.?.24.,01:52,,"Dec 5, 2024",Full,High Quality,
I Just Got A Lot On My Shoulders,"MY SMOKE [V1.3] 🐟
(Prod.by TrillGotJuice, Michael Makho & TnTXD)",Recorded in 2.?.24.,01:52,,"Dec 5, 2024",Full,High Quality,
I Just Got A Lot On My Shoulders,"Boat [V2]
(BOAT_YB_2_FEB16), (Prod.by Tahj Money,
James Maddocks & Jarvo)",Recorded on 2.16.24.,02:26,,"June 8, 2024",Full,High Quality,
I Just Got A Lot On My Shoulders,"I SEE RED IN EM
(I SEE RED IN EM 3_FEB 17), (Prod.by Berge.af)","Recorded in 2.17.24. First CDQ snippet surfaced in May 2025.
Previewed by leakers in June 2025. The third and fourth snippet
surfaced in August 2025. Privately bought for $1.3k.",01:59,,,Snippet,CD Quality,https://www.reddit.com/r/NBAYoungboy/comments/1mwt7db/2024_extended_snippet/
I Just Got A Lot On My Shoulders,"STEPPA [V1] 🐟
(STEPPA_FEB_17_YB), (Prod.by Berge.af &
Malikotb)",Recorded on 2.17.24.,02:43,,"June 8, 2024",Full,High Quality,
I Just Got A Lot On My Shoulders,"STEPPA [V2] 🐟
(STEPPA_yb_XO_x_berge_x_Malikotb_FEB_19),
(Prod.by Berge.af & Malikotb)",Remastered on 2.19.24.,02:43,,"Jun 8, 2024",Full,High Quality,
I Just Got A Lot On My Shoulders,"PLAY ME
(Hope You Make It [V1] / PLAY ME_YB_FEB 19_2),
(Prod.by PlayboyXO & Manuel #1)",Recorded on 2.19.24. Second song recorded that day.,02:28,,"Dec 1, 2024",Full,CD Quality,
I Just Got A Lot On My Shoulders,"SICKEST
(SICKEST_YB FEB 19_4 / SICKEST_17_YB /
Goblin / Slow Down), (Prod.by 17OnDaTrack)","Recorded on 2.19.24. Fourth song recorded that day.
Previewed by leakers in early July 2025. First CDQ snippet surfaced
in late November 2025. The original file leaked in late March 2026.",02:28,,"Mar 17, 2026",Full,CD Quality,
I Just Got A Lot On My Shoulders,"CATCH HIM [V1]
(CATCH HIM_Feb 19PBMIX), (Prod.by PlayboyXO)",Recorded on 2.19.24.,02:30,,"Jul 15, 2026",Full,High Quality,
I Just Got A Lot On My Shoulders,"Okay [V1]
(okay_YB_FEB 19 / ABED), (Prod.by Manuel #1)",Recorded on 2.19.24. Unfinished version of the song.,03:04,,"Jul 9, 2025",Full,High Quality,
I Just Got A Lot On My Shoulders,"WEIRD [V1]
(WEIRD_SONG 2_YB FEB22),
(Prod.by Lastwordbeats & D-Rok)",Recorded on 2.22.24. Confirmed to exist by leakers.,03:00,,,Confirmed,Not Available,
I Just Got A Lot On My Shoulders,"WEIRD [V2]
(Prod.by Lastwordbeats & D-Rok)","Recorded on 2.22.24. Second song recorded that day.
Previewed by leakers in July 2025, March 2026 and April 2026.
CDQ snippet surfaced in early July 2026.",02:55,,"Sep 29, 2026",Full,High Quality,
I Just Got A Lot On My Shoulders,"YKWIHF Vea - PRESSURE (Ft.)
(PRESSURE_YB_VEA_ FEB 22 / Fake Gangsters /
Vultures), (Prod.by DJ Moon, Leor Shevah &
Duhvinci)","Recorded on 2.22.24. Bleedas diss, previewed by YB on
Instagram live. CDQ snippet surfaced in late July 2024.",02:42,,"Aug 3, 2024",Full,High Quality,https://audiomack.com/lightsofthecity/song/pressureftvea-1
I Just Got A Lot On My Shoulders,"??? 🐟
(They Fine), (Prod.by ???)",Previewed by YB in a 2024 vlog.,,,,Snippet,Recording,https://youtu.be/K7OODPsOKI8?si=_iWGtl6ENdZ0VTYQ
I Just Got A Lot On My Shoulders,"Usher - 2 Seater [V2] (Ft.)
(Don't Believe Her), (Prod.by ???)",Recorded in 2.?.24. CDQ snippet surfaced in late September 2025.,02:46,,"Jan 5, 2026",Full,High Quality,https://samply.app/p/JxmrkCuNJKxTRPaMJY8P?si=xFyyqODrz5XD9bfV4sYRhsrug0s1
I Just Got A Lot On My Shoulders,"OKAY [V2]
(Drive My Lamb), (Prod.by Manuel #1)",Remastered on 2.24.24.,02:15,,"Jul 9, 2025",Full,High Quality,
I Just Got A Lot On My Shoulders,"Never Stopping [V2.4]
(I Just Got A Lot On My Shoulde), 
(Prod.by Ayo Bleu, SAUCEboy, Say Terrelle &
4Reign)","Originally was on the ""Decided 2"" deluxe. This is the version
that was meant to be on ""I Just Got A Lot On My Shoulders"".
Leaked after a sucessful bundled GB at $4.5k along with the V2.2,
music video, ""BURN EM"", No Help [V2.1] & No Help [V2.2].",02:40,,"Jun 8, 2024",Full,High Quality,https://pillowcase.su/f/5943016850ea810fd7f5321a6f15473b
I Just Got A Lot On My Shoulders,"CLUTCHED IN 🐟
(2_CLUTCHED IN_YB 2 022724),
(Prod.by dXntemadeit & D-Rok)","Recorded on 2.27.24. Second song recorded that day.
CDQ snippet surfaced in late March 2025. Leaked for free.",02:54,,"Mar 31, 2025",Full,High Quality,https://audiomack.com/ballout-4/song/clutched-in
I Just Got A Lot On My Shoulders,"CREEPERS [V2] 🐟
(10_CREEPERS_YB 2_TOP),
(Prod.by dXntemadeit & ???)",,02:04,,"Apr 9, 2025",Full,High Quality,https://samply.app/p/JxmrkCuNJKxTRPaMJY8P?si=xFyyqODrz5XD9bfV4sYRhsrug0s1
I Just Got A Lot On My Shoulders,"Slayer
(SLAYER_YB_022724), (Prod.by dXntemadeit &
D-Rok)","Recorded on 2.27.24. Fourth song recorded that day.
Previewed by leakers in late July 2025.",,,,Snippet,Recording,(Link Needed)
I Just Got A Lot On My Shoulders,"??? 🐟
(On Site), (Prod.by ???)",Recorded on 2.?.24. CDQ snippet surfaced in early May 2024.,,,,Snippet,CD Quality,https://youtu.be/NtDwsQZsojk
I Just Got A Lot On My Shoulders,"TROUBLE [V1]
(13_TROUBLE), (Prod.by Lastwordbeats & D-Rok)",,02:45,,"Mar 11, 2025",Full,High Quality,(Link Needed)
I Just Got A Lot On My Shoulders,"Heart In Disguise [V1.3]
(19_Heart In Disguise Aka In Your Eyes v1.2 /
I Just Got A Lot On My Shoulde),
(Prod.by NeilaWorld, Callari, Ssort, Hagan & LC)","Different mix than the 2021 file and was on the
""I Just Got A Lot On My Shoulders"" OG tracklist.",02:25,,"Feb 18, 2025",Full,High Quality,(Link Needed)
I Just Got A Lot On My Shoulders,"OKAY [V3]
(20_OKAY / Drive My Lamb), (Prod.by Manuel #1)","Has an unreleased music video. Previewed multiple times by leakers
on discord in 2024 and 2025. Private bought from leakers.
Removed from ""I Just Got A Lot On My Shoulders"" OG tracklist.",02:15,,"Jul 9, 2025",Full,High Quality,https://audiomack.com/rrtopeditz/song/okay-yb-feb-24?share-user-id=116312800
I Just Got A Lot On My Shoulders,"Love Is True [V3] (Ft. Lil Peep)
(21_Love Is True), (Prod.by Brenton Duvall? &
iLoveMakonnen)","Recorded in July 2023, remasted on early 2024. Lil Peep's hook is from
song ""Prove My Love"". CDQ snippet surfaced in June 2024. Private bought
from leakers. Previewed by leakers on discord months later.",02:23,,"Jan 4, 2025",Full,High Quality,https://audiomack.com/nba-young-b0y/song/love-is-true
I Just Got A Lot On My Shoulders,"FUCK NIGGAZ [V2.1]
(24_FUCK NIGGAZ v2.1_YB_BERGE /
I Just Got A Lot On My Shoulde), (Prod.by Berge.af)","Version of the song that would've been on the original tracklist of
""I Just Got A Lot On My Shoulders"".",02:13,,"Feb 16, 2025",Full,High Quality,
I Just Got A Lot On My Shoulders,"Act A Donkey [V4.1]
(Prod.by Hitmann & D-Rok)","Version may have been on the ""I Just Got A Lot On My Shoulders""
OG tracklist.",03:23,,"Nov 6, 2024",Full,High Quality,
I Just Got A Lot On My Shoulders,"KILL OR TAKE [V4]
(2 KILL OR TAKE_YB_PBMIX / Food [V4),
(Prod.by Medussa Beats)",Version with a different mix.,01:50,,"Apr 30, 2026",Full,High Quality,(Link Needed)
I Just Got A Lot On My Shoulders,"KILL OR TAKE [V5]
(47_KILL OR TAKE_TOP), (Prod.by Medussa Beats)","Recorded in early 2024. Two CDQ snippets surfaced
in late March 2026. Sold for $1,300 & leaked for free.",01:50,,"Apr 30, 2026",Full,High Quality,(Link Needed)
I Just Got A Lot On My Shoulders,"SNIPERS [V1]
(56_SNIPERS_PBMIX_TOP), (Prod.by Apgocrazy,
Dissan, MabzMade & D-Rok)","CDQ snippet surfaced on Unreleasedsounds.gg in early July 2024.
Previewed by leakers in January 2025. Privately bought from leakers.",01:40,,"Jan 1, 2026",Full,High Quality,https://audiomack.com/danie-6716/song/snipers?share-user-id=116312800
I Just Got A Lot On My Shoulders,"TROUBLE [V3.3]
(57_TROUBLE_PBMIX_TOP),
(Prod.by Lastwordbeats & D-Rok)",,02:45,,"Mar 11, 2025",Full,High Quality,https://pillowcase.su/f/72e0a55418a11bca564076a72faa3900
I Just Got A Lot On My Shoulders,"Snipers [V3]
(Snippers), (Prod.by Apgocrazy, Dissan,
MabzMade & D-Rok)",Different mix.,01:40,,"Apr 15, 2026",Full,High Quality,https://pillows.su/f/49351045efef088d854c156b4e3ef8ac
I Just Got A Lot On My Shoulders,"RED EYE [V1.2]
(64_RED EYE / 8_YB / Addict Emotions),
(Prod.by D-Rok)",,02:27,,"Nov 13, 2024",Full,High Quality,
I Just Got A Lot On My Shoulders,"Blood On My Soul [V3.1]
(66_Blood On My Soul v3.1_YB_DRok-02),
(Prod.by Decastro, AyoCBass & D-Rok)",Lil durk diss.,03:01,,"Nov 6, 2024",Full,High Quality,https://pillows.su/f/87bcd57e19c9b91015115d3479c7c181
I Just Got A Lot On My Shoulders,"ADAPTED [V1.2]
(67_ADAPTED), (Prod.by Lastwordbeats, Berge.af,
MalikOTB & Hayze)",,01:53,,"Dec 5, 2024",Full,High Quality,
I Just Got A Lot On My Shoulders,"Kevin Gates & NBA YoungBoy - I Am [V4]
(69_I Am / I Just Got A Lot On My Shoulde),
(Prod.by BJondatrakk, G06 Beatz & D-Rok)","CDQ snippet surfaced in October 2024. Completed in early 2024.
Was on the ""I Just Got A Lot On My Shoulders"" OG tracklist.",03:42,,"Nov 7, 2024",Full,High Quality,(Link Needed)
I Just Got A Lot On My Shoulders,"Close To Death [V2.2]
(70_Close To Death v2.2_YB ft Travis Barker_CW2 /
I Just Got A Lot On My Shoulde),
(Prod.by Travis Barker, Manuel #1 &
Cardo Got Wings)","Recorded 1.?.24. CDQ snippet surfaced in early July 2024.
Was on the ""I Just Got A Lot On My Shoulders"" OG tracklist.",02:32,,"Nov 7, 2024",Full,High Quality,https://audiomack.com/iluvxquit/song/close-to-death
I Just Got A Lot On My Shoulders,"BETWEEN THE LINES [V2]
(74_YB - BETWEEN THE LINES2 / BTL2),
(Prod.by Apgocrazy)","Different mix for the mixtape. File name teased by leakers in summer 2024.
Was on the ""I Just Got A Lot On My Shoulders"" OG tracklist.",02:37,,"Feb 18, 2025",Full,High Quality,(Link Needed)
I Just Got A Lot On My Shoulders,"YESTERDAY [V2] (Ft. Webbie) ⭐️
(78_YB X WEBBIE X YESTERDAY2 / I Just Got A
Lot On My Shoulde), (Prod.by $hop With Ken)","CDQ snippet surfaced on Unreleasedsounds.gg in October 2024.
Leaked for free. Was on the ""I Just Got A Lot On My Shoulders"" OG tracklist.",03:06,,"Nov 7, 2024",Full,High Quality,https://samply.app/p/JxmrkCuNJKxTRPaMJY8P?si=xFyyqODrz5XD9bfV4sYRhsrug0s1
I Just Got A Lot On My Shoulders,"Iyanna [V2.3]
(79_Iyanna / Missing Everything [V2.3]),
(Prod.by BNYX®)",,03:43,,"Nov 7, 2024",Full,High Quality,
I Just Got A Lot On My Shoulders,"Return Of Goldie [V3]
(81_Return Of Goldie / I Just Got A Lot On
My Shoulde), (Prod.by ???Beats)","Different mix for the mixtape, was on the
""I Just Got A Lot On My Shoulders"" OG tracklist.",03:13,,"Apr 9, 2025",Full,High Quality,
I Just Got A Lot On My Shoulders,"Testimony [V2]
(82_testimony v2_YB / I Just Got A Lot On My
Shoulde), (Prod.by Jay Scalez)","Different mix for the tape. Was on the ""I Just Got A Lot On My Shoulders""
OG tracklist.",02:57,,"Feb 20, 2025",Full,High Quality,
I Just Got A Lot On My Shoulders,"WHAT YOU WANT DO [V2] 🐟
(83_WHAT YOU WANT DO / Movin On / Off Beat /
Jason Why We Off Beat), (Prod.by Leor Shevah)","CDQ snippet surfaced in late October 2024.
Was on the ""I Just Got A Lot On My Shoulders"" OG tracklist.
Has a different mix than the version on ""More Leaks"".",02:52,,"Nov 7, 2024",Full,High Quality,
I Just Got A Lot On My Shoulders,"???
(Prod.by ???)","Instrumental previewed quickly in the Hoodrichkevin vlog.
Unknown if YB rapped on it.",,,,Beat Only,Recording,https://www.youtube.com/watch?v=1wq64XCltiI
I Just Got A Lot On My Shoulders,"???
(Prod.by ???)","Instrumental previewed quickly in the Hoodrichkevin vlog before
YB recorded ""She A Demon"". Unknown if YB rapped on it.",,,,Beat Only,Recording,https://www.youtube.com/watch?v=1wq64XCltiI
I Just Got A Lot On My Shoulders,"DUMP TRUCK [V1]
(90_DUMP TRUCK_YB 2), (Prod.by Lastwordbeats
& Berge.af)","Second song recorded that day. Has an unreleased music video.
Leaked for free. Has louder adlibs and a different mix compared to the
released version.",03:12,,"Nov 7, 2024",Full,High Quality,
I Just Got A Lot On My Shoulders,"FACE [V1] 🐟
(91_FACE_YB_022724 / She A Demon [V1]),
(Prod.by 1saused, Simo Fre, Young Kid & D-Rok)",Recorded on 2.27.24.,02:34,,"Mar 1, 2025",Full,High Quality,
I Just Got A Lot On My Shoulders,"J.K. Mac - SWEAR WALAHI [V1] (Ft.)
(Swear [V1]), (Prod.by ???)",,03:13,,"Jul 6, 2026",Full,High Quality,
I Just Got A Lot On My Shoulders,"??? 🏆
(SVJ / Minecraft Snippet), (Prod.by ???)","Previewed by YB on Instagram live. Rumored to be unfinished.
CDQ snippet surfaced in late March 2025. Previewed by leakers
in early April 2025.",03:??,,,Snippet,CD Quality,"https://youtu.be/Licxcpn_dzg
https://youtu.be/DEqjTzOEy4Y?si=KecApGUKl7WBdbG-"
I Just Got A Lot On My Shoulders,"Yes Lord [V1]
(YB yeslord- 3-25_1 taypbxo / Trapped Out [V1]),
(Prod.by TayTayMadeit & PlayBoyXO)","Different mix to the released version. Has an unreleased music video.
Previewed by TayTay and YB on an Instagram post.",02:07,,"Jul 26, 2024",Full,High Quality,
I Just Got A Lot On My Shoulders,"Ken Carson & NBA YoungBoy - Disappear
(ken yb 3.28 6), (Prod.by TayTayMadeIt)","Previewed by Ken Carson in October 2024 and two other
snippets surfaced in June 2025.
The original file leaked in August 2026.",02:20,,"Mar 11, 2026",Full,Low Quality,(Link Needed)
I Just Got A Lot On My Shoulders,"Versace Shades [V1]
(Prod.by TayTayMadeIt)",,02:??,,"Nov 9, 2024",Full,High Quality,
I Just Got A Lot On My Shoulders,"??? 
(My Rolls Royce Is Speeding), (Prod.by ???)",Previewed by YB on producer Jason's Instagram story.,,,,Snippet,Recording,https://www.reddit.com/r/NBAYoungboy/comments/1c33tyo/new_snippet/
I Just Got A Lot On My Shoulders,"Lonely ⭐️
(Prod.by ???)","Recorded in 4.?.24. CDQ snippet surfaced on www.songstash.net
in early December 2025. The song is YB's final response to
Finesse2Tymes after their beef on Instagram.",02:31,,"Sep 29, 2026",Full,High Quality,(Link Needed)
I Just Got A Lot On My Shoulders,"Tears Of War [V1.2]
(Prod.by No I.D.)","Recorded in 4.?.24. Last song he recorded before his
house got raided in April 2024.",05:54,,"Jun 23, 2024",Full,High Quality,
I Just Got A Lot On My Shoulders,"Ye - Ye About Mine (Ft. Takeoff,
Rich The Kid, TY Dolla $ign & NBA
YoungBoy) (Motion / Let Me Chill Out),
(Prod.by The Legendary Traxster & Buddah Bless)","The song was confirmed to be on VULTURES 2 via a Rolling Stone article
but never made the final tracklist. Played at a private ""Vultures 2""
listening party on March 9, 2024. CDQ snippet surfaced in August 2024
and a ""Vultures 2"" throwaway. Kanye's verse is an unfinished demo.",02:31,,"Nov 3, 2024",Full,High Quality,https://soundcloud.com/user-602266449/ye-about-mine
"
34 Leaks
14 Snippets
1 LQs
2 Features
6 Recordings
16 Unavailable","MASA
(Make America Slime Again & DESHAWN (Mid 2025 Sessions))","Recorded: March 2025 - Late July 2025.
(3/24/25) YB was released from prison.
Confirmed by management team to be releasing in 2025.
(7/3/25) ""Make America Slime Again"" sampler releases.
(7/25/25) ""Make America Slime Again"" is released.
(8/12/25) ""DESHAWN"" is released.",,,,,,
MASA,"???
(Way Too Gangsta), (Prod.by JB Sauced Up &
TMU3X)",,,,,Confirmed,Not Available,https://www.reddit.com/r/NBAYoungboy/comments/1jt07rw/youngboy_producer_with_more_confirmation_he/
MASA,"That Mexican OT & NBA YoungBoy - ???
(Prod.by ???)",Collab confirmed to exist by Mexican OT in an interview.,,,,Confirmed,Not Available,https://www.youtube.com/shorts/EC3g9Rn5EAU
MASA,"Alive [V1]
(Prod.by F1LTHY & Lucian)",Solo version.,01:40,,"Jun 19, 2025",Full,CD Quality,https://untitled.stream/library/project/TP8uqNjAIyV9H05HXZ4oA
MASA,"???
(Prod.by ???)","CDQ snippet surfaced in April 2026.
Likely recorded on the same day as ""I WANNA WIN"".",,,,Snippet,CD Quality,https://www.reddit.com/r/NBAYoungboy/comments/1slj7m9/2025/?utm_source=share&utm_medium=web3x&utm_name=web3xcss&utm_term=1&utm_content=share_button
MASA,"Jas Von - Gettin' Older [V2] [Rough Mix] (Ft.)
(Ain't Over), (Prod.by ???)",CDQ snippet surfaced in August 2025.,02:21,,"Aug 26, 2025",Full,High Quality,(Link Needed)
MASA,"Where the Time Went [V1] [Rough Mix]
(When Time Pass [V1]), (Prod.by Simo Fre,
Gucceo, Decastro & Henry8)",,02:49,,"Jul 3, 2025",Full,CD Quality,
MASA,"Top Back
(Prod.by ???)","Originally track 3 on ""MASA"".",,,,Confirmed,Not Available,
MASA,"All Mine
(Prod.by ???)","Originally track 5 on ""MASA"".",,,,Confirmed,Not Available,
MASA,"Right Side
(Prod.by ???)",CDQ snippet surfaced in late June 2025.,,,,Snippet,CD Quality,(Link Needed)
MASA,"Kickboxin' [V1] [Rough Mix]
(Kickboxer [V1]), (Prod.by Mally Mall, ISM,
Tip Beats, KayoTheWizard & Sean Da Firzt)",,03:50,,"Jul 4, 2025",Full,CD Quality,
MASA,"Cash On Me
(Prod.by ???)","Originally track 4 on ""MASA""",,,,Confirmed,Not Available,
MASA,"Pipe Down [Rough Mix] ⭐️
(Prod.by Simo Fre)",Recorded in 5.?.25. CDQ snippet surfaced in late June 2025.,02:58,,"Jun 29, 2025",Full,CD Quality,https://untitled.stream/library/project/TP8uqNjAIyV9H05HXZ4oA
MASA,"Body [V1] [Rough Mix]
(Top Tingz [V1]), (Prod.by K10Beatz)",,03:34,,"Jun 16, 2025",Full,CD Quality,
MASA,"???
(50 Shots / Issa Baby), (Prod.by Twingocrazy19)",Previewed by leakers in late June 2025.,,,,Snippet,Recording,https://youtube.com/shorts/AwZT4Y5xJm8?si=05y7lg0MPGLL3JW3
MASA,"7 Years [Rough Mix]
(Slow Ya Roll), (Prod.by Brig Audio, 3xTharaWest
& Twingocrazy19)","CDQ snippet surfaced in early July 2025. Succesfully GB for $1.8k.
Almost had a music video according to Rich Porter.",03:27,,"Aug 14, 2025",Full,High Quality,https://untitled.stream/library/project/TP8uqNjAIyV9H05HXZ4oA
MASA,"Green Boy [V1]
(Prod.by 4reign, SAUCEboy & Skeeo!)",Unmixed version without the added sound effects and autotune.,02:02,,"Jul 2, 2026",Full,High Quality,https://audiomack.com/murda-fellow/song/green-boy-v1?share-user-id=116312800
MASA,"Green Boy [V2] [Rough Mix]
(Prod.by 4reign, SAUCEboy & Skeeo!)","CDQ snippet surfaced in late February 2026.
The original file leaked in early July 2026.",02:02,,"May 10, 2026",Full,High Quality,"https://pillows.su/f/7c865c800672b0e841b3d27102bc0e65
https://untitled.stream/library/project/TP8uqNjAIyV9H05HXZ4oA"
MASA,"Fire Your Manager [V3.2] (Ft. Playboi Carti)
(5_Fire Your Manager v3.2_YB x PBC_MAIN_24Bit),
(Prod.by ???)",Recorded in 5.?.25. Version with a slight change in vocals.,,,,Full,Lossless,
MASA,"Playboi Carti & NBA YoungBoy - ALIVE [V4]
(Prod.by F1LTHY & Lucia)","Never released because the AI Kanye version released
before this version. Carti and Kanye would later beef online
over YB's verse. The song also has a music video.",03:28,,"May 21, 2025",Full,High Quality,https://audiomack.com/00pium_wrld/song/alive
MASA,"???
(Diamonds Dancing), (Prod.by ???)",CDQ snippet surfaced in April 2026.,,,,Snippet,CD Quality,(Link Needed)
MASA,"All Around
(Prod.by kaido)","Recorded in 5.?.25. First CDQ snippet surfaced in late January 2026
and second CDQ snippet surfaced in September 2026.
Leaked with tags in October 2026.",02:30,,"Oct 2, 2026",Full,High Quality,(Link Needed)
MASA,"Masa [V1] [Rough Mix]
(Prod.by Haisofn & Henry8)",Recorded in 5.?.25.,02:55,,"Jul 4, 2025",Full,CD Quality,
MASA,"???
(2 By 2 / Yellow Diamonds), (Prod.by ???)",Previewed by leakers on Discord in early April 2026.,,,,Snippet,Recording,(Link Needed)
MASA,"Scorpion
(Prod.by ???)","Recorded in 5.?.25. The filename was shown in
ProdbyHenry's Instagram story.",,,,Confirmed,Not Available,(Link Needed)
MASA,"On A Jet [V1] [Rough Mix]
(Big Brother), (Prod.by ???)","Recorded in 5.?.25. Seen in YB's files on an Instagram live.
CDQ snippet surfaced in June 2025. Private bought from leakers.
Second CDQ snippet surfaced in late September 2025.
Previewed on Discord by leakers in early April 2026.
The original file leaked in May 2026.",03:05,,"Apr 27, 2026",Full,High Quality,https://untitled.stream/library/project/TP8uqNjAIyV9H05HXZ4oA
MASA,"Ride [V1] [Rough Mix]
(Prod.by ???)","Recorded in 5.?.25. The filename was seen in Henry's Instagram story.
Leakers shared a screenshot of the file in early 2026. Version without Herm.",,,,Rumored,Not Available,(Link Needed)
MASA,"With It [V1] [Rough Mix]
(Prod.by Prodbyhenry8)","Recorded in 5.?.25. Has an open verse. Previewed by leakers in
early October 2025. CDQ snippet surfaced in late January 2026.
The original file leaked in late March 2026.",04:21,,"Mar 28, 2026",Full,High Quality,https://untitled.stream/library/project/TP8uqNjAIyV9H05HXZ4oA
MASA,"Rollin [Rough Mix]
(Prod.by Prodbyhenry8)","Recorded in 5.?.25. The filename was shown in
Henry's Instagram story.",,,,Confirmed,Not Available,(Link Needed)
MASA,"Hold It [V1] [Rough Mix]
(Prod.by Prodbyhenry8)","Recorded in 5.?.25. Seen in YB files on Instagram live. Leaked for free
on the same day as ""Business [V2]"" & ""NO START NO STOP"".",03:36,,"Jul 23, 2025",Full,High Quality,"https://audiomack.com/ballout-4/song/hold-it
https://untitled.stream/library/project/TP8uqNjAIyV9H05HXZ4oA"
MASA,"Attendin' [Rough Mix]
(Bombs Away), (Prod.by ???)","Recorded in 5.?.25. Previewed by leakers in early April 2026.
Likely recorded on the same day as ""Hold It"". CDQ snippet surfaced
in late June 2026. GB from leakers for $2k.",03:26,,"Jul 2, 2026",Full,High Quality,https://untitled.stream/library/project/TP8uqNjAIyV9H05HXZ4oA
MASA,"Pick Him Up
(Raised Me), (Prod.by ???)","CDQ snippet surfaced in early June 2026.
Private bought from leakers.",,,,Snippet,CD Quality,(Link Needed)
MASA,"Cash Shit [V1] [Rough Mix]
(Prod.by KTOE, CuBeatz, Klimperboy &
SlickMadeThat)",,02:20,,"Jul 24, 2025",Full,High Quality,
MASA,"Cash Girl [Rough Mix]
(Prod.by ProdKayo, Redjon & Prodbyhenry8)","Previewed by leakers in early October 2025. CDQ snippet surfaced in
late January 2026. The original file leaked in late March 2026.",02:21,,"Mar 28, 2026",Full,High Quality,https://untitled.stream/library/project/TP8uqNjAIyV9H05HXZ4oA
MASA,"Cold World [V1] [Rough Mix]
(Prod.by Kaigoinkrazy, Bino Beats, Fasbeats,
Henry8 & TnTXD)","Shorter version without Mellow Rackz and has a
different verse from YB.",02:24,,"Jul 25, 2025",Full,High Quality,(Link Needed)
MASA,"Ling Ling [Rough Mix]
(Real Rap), (Prod.by TnTXD & ???)","First CDQ snippet surfaced in early September 2025. Previewed by
leakers in late December 2025 and previewed a second time by
leakers in April 2026. Second CDQ snippet surfaced in early May 2026.
The original file leaked in early June 2026.",02:17,,"May 13, 2026",Full,High Quality,https://untitled.stream/library/project/TP8uqNjAIyV9H05HXZ4oA
MASA,"Jesus Made A Diamond [V1]
(Prod.by ???)","Recorded in 5.?.25. Lyrics were posted by YB on an Instagram story
and seen in his files on a later Instagram live.",,,,Confirmed,Not Available,
MASA,"Energy [Rough Mix]
(Energy Kick), (Prod.by Prodbyhenry8)","Recorded on 5.21.25. The filename was seen in engineers
Henry's Instagram story. Previewed by leakers in early April 2026
and private bought. CDQ snippet surfaced later that month.",,,,Snippet,CD Quality,https://youtube.com/shorts/3OvylBIYbZI?is=luAcLjt3xjC_w_ny
MASA,"Ye & NBA YoungBoy - Alive [V5]
(Prod.by F1LTHY & Lucia)","Version with an updated mix and different lyric from Kanye.
Posted to Twitter by Kanye.",,,"May 23, 2025",Full,High Quality,(Link Needed)
MASA,"Ye & NBA YoungBoy - Alive [V6]
(ALIVE 3.0), (Prod.by F1LTHY & Lucia)","Version with an updated mix, different outro and adlibs.
Features vocals from Kanye's wife Bianca.",,,"May 27, 2025",Full,High Quality,https://youtu.be/EFfvfQMZPXQ?si=pYS3LsHjNk7s1O_f
MASA,"Move Me [V1.3]
(Prod.by ???)",Seen in YB's files in an Instagram live.,,,,Confirmed,Not Available,
MASA,"Cheater [V1] (Ft. Henry8)
(Prod.by Prodbyhenry8 & DJ Trebble)","Recorded in 5.?.25. Intro was previewed on Instagram live
and seen in YB's files.",,,,Snippet,Recording,https://www.reddit.com/r/NBAYoungboy/comments/1kskw1y/cheater_ft_henry8/
MASA,"Faithfully [V1]
(Prod.by ???)",Seen in YB's files on Instagram live.,,,,Confirmed,Not Available,
MASA,"Tryin
(Prod.by ???)",Seen in YB's files on Instagram live.,,,,Confirmed,Not Available,
MASA,"Out The Window [V2.1]
(Prod.by prodhenry8, 1parkerhill & 5 Ree)",,02:38,,"Jul 19, 2025",Full,High Quality,
MASA,"Out The Window [V3]
(Prod.by prodhenry8, 1parkerhill & 5 Ree)",Version mixed by Jason Goldberg.,02:38,,"Jul 19, 2025",Full,Lossless,https://untitled.stream/library/project/TP8uqNjAIyV9H05HXZ4oA
MASA,"Toosi - Please Don't Go [V2] (Ft.)
(Prod.by Brody Brown & Kenneth Paige)","Previewed by leakers in late June 2025 and previewed by Toosi on a
Twitch livestream. Performed on the ""MASA"" tour by Toosi before it released.",03:52,,"Sep 24, 2025",Full,High Quality,
MASA,"Ganja [V1] [Rough Mix]
(Prod.by Fatboi Beats)","CDQ snippet surfaced in July 2025 then previewed on rapper
Teflon Mula's Instagram story. Could've been on album
""Slime Cry"" if it didn't leak.",03:05,,"Nov 21, 2025",Full,High Quality,"https://audiomack.com/nbayoungboysongs/song/nba-youngboy-ganja
https://untitled.stream/library/project/TP8uqNjAIyV9H05HXZ4oA"
MASA,"Fadeaway [Rough Mix]
(Prod.by ???)","CDQ snippet surfaced in July 2025 and was previewed by
leakers in early February 2026. Sold for $1.4k.
The original file leaked in early July 2026.",03:12,,"Jun 18, 2026",Full,High Quality,https://untitled.stream/library/project/TP8uqNjAIyV9H05HXZ4oA
MASA,"Ballin [Rough Mix]
(Ballin Pt. 2 / 23 / Ballin' On Em),
(Prod.by TMU3X & Malikotb)","CDQ snippet surfaced in May 2026. The original file
leaked in early July 2026.",02:58,,"Jun 3, 2026",Full,High Quality,"https://pillows.su/f/ca345b08d89c12953fa9159871271786
https://untitled.stream/library/project/TP8uqNjAIyV9H05HXZ4oA"
MASA,"Creep [V1] [Rough Mix]
(Prod.by BrandoBeatz)",Version with an open verse.,03:16,,"Nov 13, 2025",Full,High Quality,
MASA,"Creep [V2] [Rough Mix] (Ft. NBA Herm)
(Prod.by BrandoBeatz)",,03:04,,"Mar 9, 2026",Full,High Quality,(Link Needed)
MASA,"Ride [V2] (Ft. NBA Herm)
(Lay Down Shit), (Prod.by ???)","Previewed by Herm on an Instagram story.
Likely a track on a future NBA label mixtape.",,,,Snippet,Recording,https://www.reddit.com/r/NBAYoungboy/comments/1p1qe5p/i_bet_this_is_on_there/
MASA,"Do Yo Know Them
(Hurt), (Prod.by Dissan & David Morse)",Unfinished song.,01:30,,"Jun 12, 2025",Full,CD Quality,https://audiomack.com/ballout-4/song/do-yo-know-them
MASA,"Something Interlude [Rough Mix]
(Prod.by Prodbyhenry8)","Two snippets surfaced in late June 2025. Private bought from leakers.
GB for $2.5k with ""ON HIM"" in late October 2025.",02:48,,"Oct 26, 2025",Full,High Quality,https://untitled.stream/library/project/TP8uqNjAIyV9H05HXZ4oA
MASA,"Shotta [Rough Mix] 🏆
(Prod.by ???)","CDQ snippet surfaced in July 2025. Previewed by leakers in
January 2026 and in early April 2026. Private bought from leakers.",,,,Snippet,CD Quality,"https://www.reddit.com/r/NBAYoungboy/comments/1qms5n3/still_waiting/
https://www.reddit.com/r/NBAYoungboy/comments/1seasvh/2025/?utm_source=share&utm_medium=web3x&utm_name=web3xcss&utm_term=1&utm_content=share_button"
MASA,"On This Side [V1]
(Calling From Rio / You Won't Play), (Prod.by ???)","CDQ snippet surfaced in late December 2025.
Private bought from leakers. Samples ""Many Men"" by 50 Cent.
Scenes from the unreleased music video were shown in the ""Diesel"" video.",03:28,,"Feb 14, 2026",Full,Low Quality,https://untitled.stream/library/project/TP8uqNjAIyV9H05HXZ4oA
MASA,"Out The Window [V4] (Ft. Playboi Carti)
(Prod.by prodhenry8, 1parkerhill & 5 Ree)",Short snippet surfaced in late September 2025.,03:??,,,Snippet,CD Quality,https://www.reddit.com/r/NBAYoungboy/comments/1nsbjlh/carti_was_on_out_the_window_short_snippet/?utm_source=share&utm_medium=web3x&utm_name=web3xcss&utm_term=1&utm_content=share_button
MASA,"Playboi Carti & ApolloRed1 &
NBA YoungBoy - Double Cross ⭐️
(Bribez), (Prod.by Clayco, stero, & opm babi)","Recorded on 7.2.25. Previewed twice by leakers in September 2025.
Was supposed to release on ""Make America Slime Again"" instead
of the other Carti collab ""Fire Your Manager"". Previewed by leakers on a
Roblox voice chat in October 2025.",,,,Snippet,Recording,"https://music.froste.lol/song/9aae15dd7abe5ce47152eda171b1ffcd
http://music.froste.lol/song/f56c30953a6b0580f876ae5f47b425d0/play"
MASA,"???
(Prod.by ???)","Has an unreleased music video that was shot in NYC.
Unknown if a remake of the 2021 unreleased song ""How I Came Out"".",,,,Snippet,Recording,"https://www.reddit.com/r/NBAYoungboy/comments/1lim49k/new_nba_youngboy_snippet_from_a_video_shoot_in_nyc/?share_id=Xu_gQRGIHPiEcJKprfAvj&utm_content=1&utm_medium=ios_app&utm_name=ioscss&utm_source=share&utm_term=1
https://www.reddit.com/r/NBAYoungboy/comments/1liy1i4/reaching_or_nah/"
MASA,"The Mysterious Top
(Snake Shit), (Prod.by ???)","Previewed by YB on Malu's Instagram story.
Originally track eighteen on ""MASA"".",,,,Snippet,Recording,"https://youtube.com/shorts/WfNL2uSehBs?si=k0s0aog2F5zn1JqA
https://youtube.com/shorts/Ce8dewZpMUo?si=_l-UpsnYCLKlMbYU"
MASA,"Playboi Carti & NBA YoungBoy - ???
(pbc 7-21-25 TOP), (Prod.by ???)","In August 2025, a picture from a work in progress music video
surfaced online. The image showed Ken Carson in it, and the file name
of the video was labeled “pbc 7-21-25 TOP”.",,,,Confirmed,Not Available,https://music.froste.lol/image/3cb58f91bd5e4641fbddb6fafeb4b3c6
MASA,"[Unknown amount of 2025 songs with
Kevin Gates]",Confirmed to exist by Kevin Gates on stream with Zias & B Lou.,,,,Confirmed,Not Available,(Link Needed)
"1 Leaks
10 Snippets
0 LQs
0 Features???
8 Recordings
5 Unavailable???","Slime Cry
(Late 2025 Sessions)","Recorded: August 2025 - January 2026.
(7/25/25) Album ""MASA"" is released. (8/12/25) ""DESHAWN"" is released.
(9/2/25) ""MASA Tour"" begins in Dallas, Texas.
(11//25) Collab mixtape ""225 Business"" releases.
(1/19/26) Album ""Slime Cry"" releases.",,,,,,
Slime Cry,"[Unknown amount of 2025 songs with
Boosie Badazz]","Multiple times in 2025 Boosie teased a collab mixtape with YB called
""225 Buziness"" and talked about their recent phone calls.",,,,Confirmed,Not Available,
Slime Cry,"???
(Make Sum Bleed), (Prod.by ???)","Previewed the same day that he shot ""NUSSIE FREESTYLE""
in New Orleans and previewed with fans after his tour.",,,,Snippet,Recording,"https://www.reddit.com/r/NBAYoungboy/comments/1n5e2fp/new_yb_mini_vlog_with_new_snippet/
https://www.reddit.com/r/NBAYoungboy/comments/1n5e2fp/new_yb_mini_vlog_with_new_snippet/"
Slime Cry,"???
(Prod.by ???)","Recorded in 8.?.25. Heard in the background of an
Instagram story from rapper Baby Mel.",,,,Snippet,Recording,https://www.reddit.com/r/NBAYoungboy/comments/1r4asn8/so_many_songs_that_will_we_never_get_to_hear/?utm_source=share&utm_medium=web3x&utm_name=web3xcss&utm_term=1&utm_content=share_button
Slime Cry,"???
(Chains On), (Prod.by ???)","Recorded in 8.?.25. Recorded in the same session
as the song with Baby Mel.",,,,Snippet,Recording,https://www.reddit.com/r/NBAYoungboy/comments/1mwu7ci/top/
Slime Cry,"[Unknown amount of 2025 songs with
Pistol P]","From the start of YB's MASA tour, rapper Pistol P has
stayed with the Never Broke Again crew as extra security,
it is unknown if they have recorded music.",,,,Rumored,Not Available,
Slime Cry,"Chief Keef & NBA YoungBoy - ???
(Goofy), (Prod.by ???)","First CDQ snippet surfaced in late January 2026 and the
the second surfaced in early August 2026.",,,,Snippet,CD Quality,(Link Needed)
Slime Cry,"Chief Keef & NBA YoungBoy - ROOMS [V1]
(Prod.by Mike WiLL Made-It)","Recorded in 9.?.25. Leaked for free in 2026.
Different mix than the released version.",03:55,,"Feb 7, 2026",Full,High Quality,https://audiomack.com/gg_youngboy/song/rooms
Slime Cry,"Chief Keef & NBA YoungBoy - ???
(Klownin), (Prod.by ???)","Talked about by DJ Akademiks on a Kick live. First CDQ snippet
surfaced in late September 2025.",,,,Snippet,CD Quality,(Link Needed)
Slime Cry,"[Unknown amount of 2025 songs with
Birdman]","In late August 2025 YB linked up in New orleans to shoot the music video to
""NUSSIE FREESTYLE"" and record music with Birdman and other artists.
In late September 2025 Birdman announched that he and YB
have already recorded a collab project called ""From The Bayou 2""",,,,Confirmed,Not Available,https://www.reddit.com/r/NBAYoungboy/comments/1namff8/they_all_in_yb_car_wtf/?utm_source=share&utm_medium=web3x&utm_name=web3xcss&utm_term=1&utm_content=share_button
Slime Cry,"???
(Banana Pudding / Bullet Proof), (Prod.by ???)","Recorded in 9.?.25. Previewed by Birdman on an Instagram
story and later previewed at a party.",,,,Snippet,Recording,(Link Needed)
Slime Cry,"Offset & NBA YoungBoy - ???
(Prod.by ???)",CDQ snippet surfaced in late March 2026.,,,,Snippet,CD Quality,(Link Needed)
Slime Cry,"PLUTO & NBA YoungBoy - 2 Crashouts [V2]
(Prod.by Kenoe)","Longer version of the released song, confirmed to exist and be five
minutes long accoring to PLUTO on The Morning Hustle interview.",05:??,,,Confirmed,Not Available,https://www.reddit.com/r/NBAYoungboy/comments/1o6opb9/yb_verse_was_cut_short_on_2_crashouts/
Slime Cry,"k3 & NBA YoungBoy - ???
(Prod.by ???)","First previewed by k3 on YB's MASA tour in late September 2025.
The song was again previewed by k3 on an Instagram story.",,,,Snippet,Recording,"https://www.reddit.com/r/NBAYoungboy/comments/1nt4gn1/k3_previews_song_with_yb_while_performing_in/?utm_source=share&utm_medium=web3x&utm_name=web3xcss&utm_term=1&utm_content=share_button
https://www.reddit.com/r/NBAYoungboy/comments/1nt9vk1/tell_em_send_the_deposit_i_jump_on_a_private/?utm_source=share&utm_medium=web3x&utm_name=web3xcss&utm_term=1&utm_content=share_button"
Slime Cry,"???
(Prod.by ???)",Previewed on YB's tour set.,,,,Snippet,Recording,https://www.reddit.com/r/NBAYoungboy/comments/1ny9atx/new_yb_snippet/?utm_source=share&utm_medium=web3x&utm_name=web3xcss&utm_term=1&utm_content=share_button
Slime Cry,"Quavo & NBA YoungBoy - ???
(Prod.by ???)","Confirmed to be on Quavo's upcoming album ""SATCHAMO"".",,,,Confirmed,Not Available,
Slime Cry,"???
(Prod.by ???)",Previewed quickly by YB on an Instagram story.,,,,Beat Only,Recording,
Slime Cry,"PAPARAZZI [V3] (Ft. Khris James)
(Trick Or Treat), (Prod.by RellMadeDat &
K4producedit)","Previewed on an Instagram story by Khris James.
YB's vocals were recorded during ""The Last Slimeto"" era.",,,,Snippet,CD Quality,https://www.reddit.com/r/NBAYoungboy/comments/1q3bl7v/yb_xo/?utm_source=share&utm_medium=web3x&utm_name=web3xcss&utm_term=1&utm_content=share_button
