Era,Name,Notes,Track Length,File Date,Leak Date,Available Length,Quality,Link(s)
"30 Total
21 Leaks
7 Partial
21 Full
1 Confirmed
1 Snippet",Pre-Fame,"(12/18/1970) (Earl Simmons is born)
(??/??/1992) (DMX signs to Columbia Records) 
(??/??/1994) (DMX is dropped from Columbia Records and is labeless for 3 years
(05/??/1997) (DMX signs to Def Jam Records)",,,,,,
Pre-Fame,1991 Demo Tape,"DMX recorded a 4 track demo tape in 1991 which made its way all the way to The Source Magazine’s unsigned hype column, 2 of the tracks from here leaked/released, the other 2 are unheard.",N/A,,,Partial,Various,https://picassobaby.com/2021/04/13/5-unreleased-dmx-albums-we-want-to-hear/
Pre-Fame,Critical Condition,Throwaway from before DMX got signed to Columbia.,4:24,,,Full,High Quality,https://pillows.su/f/930995cad7e54bdbf43f9fef79006649
Pre-Fame,"Girls 
(Girlz 2)",Throwaway from before DMX got signed to Columbia.,7:26,,,Full,Low Quality,https://pillows.su/f/8c8da158588d7d5f4fbbebe35f396b0d
Pre-Fame,Mary J. Blige Diss,A diss song on Mary J. Blige. Recorded because X didn't think that she was representing Yonkers.,2:02,,,Full,Low Quality,https://pillows.su/f/2e1a83d7d5ccbaa7cc8ba5cfd155a370
Pre-Fame,School Street [V1],Original version of school street from 1991. Cuts off at the end.,2:10,,,Partial,Low Quality,https://pillows.su/f/7ad3025e163d8e3022ab0fa448cf1eae
Pre-Fame,Spellbound [V1?],Throwaway from before DMX got signed to Columbia.,2:53,,,Full,High Quality,https://pillows.su/f/f5163b6c089c599843b751c3ec2ee773
Pre-Fame,Spellbound [V2?],"A partial, very low quality track with a different vocal take.",0:42,,,Partial,Abysmal,https://pillows.su/f/bc48265917af116f1e5f18936a70f59d
Pre-Fame,The Original Author Of Spellbound,Throwaway from before DMX got signed to Columbia. Disses K-Solo. There might be a version of the song with a different instrumental but the source is lost.,3:06,,,Full,High Quality,https://pillows.su/f/56533db052bfd239dfb582ab365adfa8
Pre-Fame,Three Little Pigs,Throwaway from before DMX got signed to Columbia.,4:27,,,Full,High Quality,https://pillows.su/f/493f9d17eb255f15eb2ce1acc543659c
Pre-Fame,Unstoppable Force,Throwaway from before DMX got signed to Columbia.,3:45,,,Full,High Quality,https://pillows.su/f/3fde75c68a9d2899ef776eb53b8ac620
Pre-Fame,"???
(perf. Earl Simmons, Ready Ron)",Earl and Ron collaborated a lot early on and there is a snippet of them in a booth together likely recording.,N/A,,,Confirmed,Not Available,https://pixeldrain.com/u/p25npL1R
Pre-Fame,Unknown [Columbia Album],"DMX was working on an album with Columbia in the 90's, named producers were Dr. Seuss, Irv Gotti, K-Swiss & Vaugn (who tf).",N/A,,,Partial,Lossless,https://youtu.be/7jQaCEP8JJc?si=641u4vzTc_so6u9F
Pre-Fame,"Up To No Good [V1]
(Niggas Is Up To No Good)","A throwaway from 1994, the first verse was reused for Ryde or Die by Ruff Ryders. A music video was shot.",3:15,,,Full,Low Quality,https://pillows.su/f/a1fe2c78094bdba8d85e4a170295dbbb
Pre-Fame,"Up To No Good [V2]
(Niggas Is Up To No Good)",A version that appeared in the music video. Has added production and a slighlty longer outro.,3:18,,,Full,Low Quality,https://pillows.su/f/00f1ae2d5b727adb639c2e1cb043b528
Pre-Fame,"Ca$h Money Click - Represent Nigga
(feat. Black Child, DMX, Hollywood & Mista Rello)","Unreleased Ca$h Money Click song with DMX, he later reused his verse in Money Power Respect.",3:27,,,Full,Low Quality,https://pillows.su/f/954355b844f3f05af78b7368b11c6af5
Pre-Fame,"Against the Grain [V1]
(Catz Don't Know, Make A Move)",A song that uses the beat from Make A Move V1 and verses from Catz Don't Know. X calls this a remix in the intro.,3:30,,,Full,Abysmal,https://pillows.su/f/292476b754a6870a33adf0b6db0975bb
Pre-Fame,"Baby Motha [V1]
(Baby Mother)","Original version of Baby Motha from 1996. Has a different intro, the 1st hook is missing, and lacks the bridge.",4:10,,,Full,Abysmal,https://pillows.su/f/3c890332341f616e9b31cc270510c7e0
Pre-Fame,"Cant Touch Me Kid [V1]
(prod. DMX) 
(Niggaz Can't Touch Me Kid)","A Demo Version of "" Niggaz Cant Touch Me Kid"" from late 1993/early 1994.",5:23,,,Full,Low Quality,https://pillows.su/f/cb03cfa9a353cd268a2118307b387bbd
Pre-Fame,"Don't Pay Dues (And Ya Dead) [V1]
(The Story)",A Song/freestyle that uses lyrics from The Story. From 1993-1994.,3:24,,,Full,Low Quality,https://pillows.su/f/b1991b015487355628e34beb896fb7b0
Pre-Fame,Deeper [V1],"Original freestyle demo of Deeper, uses the instrumental to Things That You Do (Remix) by Gina Thompson, has a different vocal take, and the 3rd verse was reused for Get At Me Dog.",4:05,,,Full,Low Quality,https://pillows.su/f/31d267395adb6fd259b8c5b5e4aaeaf0
Pre-Fame,Deeper [V2],Has a different vocal take and a different beat.,4:29,,,Full,Abysmal,https://pillows.su/f/acd8cda5f82889fa58b01a72b4e7a796
Pre-Fame,Fuck Dat (Ain't Goin' Back) [V1],A 1995 song. Remastered and released in 2026 by DJ Superior.,3:55,,,Full,Abysmal,https://pillows.su/f/14f73e4264342e399426d4b73c3f6ae1
Pre-Fame,Here Comes The Boom,A song from 1994/1995. First verse was reused in Top Shotter. Unfortunately DJ made it transition into Money Cash Hoes and it cuts off so it's partial.,2:56,,,Partial,High Quality,https://pillows.su/f/33ab7f36a48c716407ac9a035e3df4dc
Pre-Fame,Mind Ya Bizness Interlude,An interlude found on a mixtape.,0:55,,,Full,Low Quality,https://pillows.su/f/97bd21b05d3d4c903f3490f923fe31c8
Pre-Fame,On & On [V1],Different beat and a vocal take. Unfortunately DJ made it transition into Get At Me Dog so it's partial.,~3:08,,,Partial,High Quality,https://pillows.su/f/b17e661e157d255f744ebced0b4367af
Pre-Fame,Shorty Was Da Bomb [V1],Original freestyle version of Shorty Was Da Bomb.,3:30,,,Full,Abysmal,https://pillows.su/f/f39fd467bba919145434a9b455b54dc1
Pre-Fame,Slippin' [V1],"Possibly the first version of ""Slippin'"", could just be a freestyle.",2:24,,,Partial,Low Quality,https://pillows.su/f/2621bd9566f900f5aefb4a4ab2105833
Pre-Fame,That Shit,Unknown if this is a freestyle or a snippet from a full song.,0:33,,,Snippet,Abysmal,https://pillows.su/f/f938864ed8e68d9b86dec774ff9fcb95
Pre-Fame,"✨ You Zeeks
(feat. Big Jinx)",Throwaway that was said to be from 1996.,2:14,,,Full,High Quality,https://pillows.su/f/9c8b3e9eb5ccf1c9483a3ce019ff057a
Pre-Fame,"Ca$h Money Click - If It's On It's On
(feat. JAY-Z, DMX, Infared, Black Child) (prod. Irv Gotti)",A Ca$h Money Click song from 1995-1996. X's verse would be reused in  Murdergram.,5:46,,,Full,High Quality,https://pillows.su/f/a0da7f974c431912253a733f191db5ee
"25 Total
16 Leaks
7 Full
9 Tagged
2 Rumored
1 Snippet
4 Confirmed
1 Partial
1 Beat Only","It's Dark And Hell Is Hot
(To Hell And Back)","(05/??/1997) (DMX signs to Def Jam Records)
(5/19/1998) (It's Dark And Hell Is Hot is released)",,,,,,
It's Dark And Hell Is Hot,"ATF [V1]
(prod. Dame Grease)
(Open The Door)","A demo version of ATF, has a longer intro.",1:50,,,Full,Low Quality,https://pillows.su/f/98a4646a3db5f818ef0a3a877a1597b9
It's Dark And Hell Is Hot,"Open The Door [V2]
(add. Dame Grease) (prod. Dame Grease)
(ATF)","Another demo of ATF, has a different vocal take, X voicing the woman (and Dame Grease).",1:37,,,Tagged,Low Quality,https://pillows.su/f/045a23719deb6f4d5343d4d1332fe4c3
It's Dark And Hell Is Hot,"Damien [V1]
(prod. Dame Grease)",A version of Damien with a different version of the instrumental.,3:22,,1998,Full,High Quality,https://pillows.su/f/ba7c0b58cd39c91e497cef8ac3395163
It's Dark And Hell Is Hot,"Edge Of The Night [V1]
(Closer, I Can Feel It)","Demo version of the song that has a different beat with no Phil Collins sample, no hooks and different vocal takes. Also slightly shorter.",3:56,,,Full,Low Quality,https://pillows.su/f/3438097c278261e824ecf59f11c3a904
It's Dark And Hell Is Hot,"Closer [V2]
(Edge of the Night, I Can Feel It)","Further on version of the song that has the sample, has no reverb effect on the vocals, still has no hook, different mixing and is shorter than the release and the earlier demo.",3:42,,,Tagged,Low Quality,https://pillows.su/f/45c968bdd4686cdb3caecc53cbfdebf2
It's Dark And Hell Is Hot,"Get At Me Dog [V1]
(prod. Dame Grease & PK)",There is possibly a version of the song without the hook.,?:??,,,Rumored,Not Available,https://youtu.be/AD5spRMK2WE?si=3OSrEhVtRMw_R28h
It's Dark And Hell Is Hot,"Intro [V1]
(prod. Irv Gotti & Lil Rob)",A version of Intro where the beat is slightly different.,2:51,,1998,Tagged,Abysmal,https://pillows.su/f/7bb3a1116090444cd5d743437a21772e
It's Dark And Hell Is Hot,"It's Murder Murder [V1]
(feat. Murder Inc.) (prod. Ty Fyffe)
(Murdergram)","Song was possibly made for IDAHIH, lacks the skit, has different vocal takes & X's verse is shorter.",3:09,,,Full,Recording,https://pillows.su/f/28910dc3d390b4e7a64f791afa373d3c
It's Dark And Hell Is Hot,No Sunshine [V1],Original version of No Sunshine. Doesn't have the 3rd verse.,2:39,,,Full,Low Quality,https://pillows.su/f/5017dde98f70860c4f3ac8a014a148f5
It's Dark And Hell Is Hot,No Sunshine [V2],A version of No Sunshine with a different vocal take and a different beat. From 1997-1998.,4:30,,,Tagged,Low Quality,https://pillows.su/f/0f0cadd000a3d817e55b7b9ea19a1a5d
It's Dark And Hell Is Hot,"Shut 'Em Down [V1]
(prod. Swizz Beatz)
(Ruff Ryders Anthem)",Has a fadeout at the end.,3:23,,,Tagged,Low Quality,https://pillows.su/f/d8e1bbd23d62af1d1d15517078b54d2e
It's Dark And Hell Is Hot,"Mind Of A Dog [V1]
(prod. PK)
(You Don't Hear Me Though)","An untagged higher quality version of You Don't Hear Me Though that starts with the 2nd verse, unknown what else is different. Snippet was included on Ruff Ryders' Scenario 2000 compilation.",?:??,,,Snippet,Lossless,https://pillows.su/f/3445b05ff398d0e014d3c476749187b7
It's Dark And Hell Is Hot,"⭐ You Don't Hear Me Though [V2]
(prod. PK)
(Mind Of A Dog)","Unreleased song that was previewed in Pac Man skit on Flesh Of My Flesh, Blood Of My Blood, first verse was performed in a 1997 freestyle so the song is likely from 1997. (The voice also sounds more 1997 than 1998.) The gunshot SFX is not a tag and is actually apart of the song.",3:06,,,Tagged,Lossless,https://pillows.su/f/0e3fd06153238a5b7d2bdf2b3649d56d
It's Dark And Hell Is Hot,"8-Ball - Pure Uncut (Remix) [V1]
(feat. DMX, McGruff & Canibus) (prod. Mo-Suave-A)",Has a different McGruff verse.,,,,Tagged,High Quality,https://pillows.su/f/ced6ce1ece10eddf2b467e3906e4df37
It's Dark And Hell Is Hot,"⭐ Cam'ron - Pull It
(feat. DMX) (prod. Dame Grease)","Song for Cam'ron's 1st album, couldn't be released due to sample clearence, was only released as a promo single on vinyl (still an entry here though.)",3:06,,,Full,Lossless,https://pillows.su/f/0ff06555ed59186de38695472117f242
It's Dark And Hell Is Hot,"LL Cool J - 4, 3, 2, 1 [V1]
(feat. Redman & Method Man) (prod. Trackmasters)","A version (or more) of the song was said to be produced by Trackmasters, likely this version. X and Canibus weren't on the song yet.",?:??,,,Confirmed,Not Available,https://www.complex.com/music/a/daniel-isenberg/erick-sermon-tells-all-the-stories-behind-his-classic-records-part-2
It's Dark And Hell Is Hot,"LL Cool J - 4, 3, 2, 1 [V2]
(feat. DMX, Redman & Method Man) (prod. Trackmasters)","DMX hopped on the song, lacks Canibus.",?:??,,,Confirmed,Not Available,https://www.complex.com/music/a/daniel-isenberg/erick-sermon-tells-all-the-stories-behind-his-classic-records-part-2
It's Dark And Hell Is Hot,"LL Cool J - 4, 3, 2, 1 [V3]
(feat. DMX, Canibus, Redman & Method Man) (prod. Trackmasters)","Canibus hopped on the song, he has a different verse from the release and LL was said to have a different verse too, likely reused from the previous versions.",?:??,,,Partial,Abysmal,https://pillows.su/f/71dcab90d10b5557752e6a482b0a3f6a
It's Dark And Hell Is Hot,"LL Cool J - 4, 3, 2, 1 [V4]
(feat. DMX, Canibus, Redman & Method Man) (prod. Erick Sermon)",A version of the song with OG Canibus and LL verses but with Erick Sermon's beat.,?:??,,,Confirmed,Not Available,https://www.complex.com/music/a/daniel-isenberg/erick-sermon-tells-all-the-stories-behind-his-classic-records-part-2
It's Dark And Hell Is Hot,"LL Cool J - 4, 3, 2, 1 [V5]
(feat. DMX, Canibus, Redman & Method Man) (prod. Erick Sermon)",A version with the release Canibus verse and the OG LL verse possibly exists.,?:??,,,Rumored,Not Available,https://www.complex.com/music/a/daniel-isenberg/erick-sermon-tells-all-the-stories-behind-his-classic-records-part-2
It's Dark And Hell Is Hot,"Jayo Felony - Whatcha Gonna Do [V1]
(feat. Method Man & Ol' Dirty Bastard) (prod. DJ Silk)",The track originally featured Ol' Dirty Bastard instead of X.,?:??,,,Confirmed,Not Available,https://youtu.be/JlX3XxL4tbQ?si=qMidNcySjJyYtYxF
It's Dark And Hell Is Hot,"Ma$e - 24 Hours To Live [V1]
(feat. Jadakiss & Black Rob) (prod. Nashiem Myrick, D-Dot & 6 July)","This version has a different Mase verse, no hook, doesn't have X, and no Diddy intro",2:11,,,Tagged,Low Quality,https://pillows.su/f/cc5ae09ce09467fd0602456955aa31f3
It's Dark And Hell Is Hot,"Nas - Grand Finale [V1]
(feat. Method Man, DMX & Ja Rule) (prod. Irv Gotti & Lil Rob)",Has a different Nas verse which was repurposed for You Made Me.,3:42,,,Tagged,High Quality,https://pillows.su/f/b1c1600aa5d887a12885a9c47f90c833
It's Dark And Hell Is Hot,"The L.O.X. - Niggaz Done Started Something [V2]
(feat. DMX & Ma$e) (prod. Dame Grease)","The other version of the instrumental has a new intro, thus a version with vocals likely exists",3:06,,3/14/2026,Beat Only,Lossless,https://pillows.su/f/ca8f41adfa3993b57529f98b8c6cb07f
It's Dark And Hell Is Hot,"Trigga Da Gambler - The Heist
(feat. DMX)",Unreleased Trigga Da Gambler song from 1997 that didn't make his album.,5:13,,,Full,High Quality,https://pillows.su/f/72930fedf7da29d1ec56bafa5b5326dd
"15 Total
7 Leaks
3 Confirmed
1 Tagged
5 Full
3 Partial
1 OG File
1 Conflicting
1 Beat Only","Flesh Of My Flesh, Blood Of My Blood","(5/19/1998) (It's Dark And Hell Is Hot is released)
(12/22/1998) (Flesh Of My Flesh, Blood Of My Blood is released)",,,,,,
"Flesh Of My Flesh, Blood Of My Blood","Coming From [V1]
(ref. ???) (prod. PK)","Originally there was a ref for Mary J. Blige performed by another girl, mentioned on his IG live in August 2026.",5:13,,,Confirmed,Not Available,N/A
"Flesh Of My Flesh, Blood Of My Blood","Good Girls Bad Guys [V1]
(feat. Dyme)",A version of the song with a different beat and vocal take. Was made in 1998.,3:08,,,Tagged,High Quality,https://pillows.su/f/72acc8950b5bbd5bf39c473948c28fa9
"Flesh Of My Flesh, Blood Of My Blood","It's On [V1]
(prod. Duro & DJ Clue)","Explicit version of It's On From DJ Clue's first album, doesn't have his stupid ass tags, doesn't transition into another song, hook is a bit different, was only released on vinyl single.",3:45,,,Full,Lossless,https://pillows.su/f/5bd49bd824ae0d1ee9770c15d7966b62
"Flesh Of My Flesh, Blood Of My Blood","✨ Play The Game [V1]
(prod. PK)",Unreleased song from 1998. This version lacks Ike Hilliard.,2:09,,,Partial,CD Quality,https://pillows.su/f/7ad83241d68741eeea107dac5b9fcf0c
"Flesh Of My Flesh, Blood Of My Blood","Play The Game [V2]
(feat. Ike Hilliard) (prod. PK)",Same as the entry below but normal.,~2:36,,,Partial,Abysmal,https://pillows.su/f/4a6633e055efd4084592c1ad6968f02e
"Flesh Of My Flesh, Blood Of My Blood","Play The Game [V2] [Clean]
(feat. Ike Hilliard) (prod. PK)",A version of the song featuring Ike Hilliard. Only a censored version has leaked.,2:36,,,Full,Abysmal,https://pillows.su/f/4a6633e055efd4084592c1ad6968f02e
"Flesh Of My Flesh, Blood Of My Blood","⭐ Ruff Ryders Anthem (Remix) [V1]
(feat. Drag-On, Jadakiss, Styles P & Eve) (prod. Swizz Beatz)","OG Filename: RUFF RYDERS ANTHEM (REMIX) - DIRTY.1
Originally appeared on DJ Clue's ""The Professional"". This version is untagged and has the beginning of It's On at the very end.",4:00,,3/14/2026,OG File,Lossless,https://pillows.su/f/b66ef77eb3dfbb03acef23ffaf37b6f0
"Flesh Of My Flesh, Blood Of My Blood","Slippin' [V2]
(prod. DJ Shok)",Lacks the backing vocals on the hook.,5:07,,,Full,High Quality,https://pillows.su/f/63d71419256d93add800f006b377cd74
"Flesh Of My Flesh, Blood Of My Blood","Slippin' [V3]
(prod. DJ Shok)",Uncensored.,5:09,,,Full,High Quality,https://pillows.su/f/f31e4a0370d550fe5c94e0c56f648dcd
"Flesh Of My Flesh, Blood Of My Blood","Nowhere To Run (Vapor Trail) [V1]
(feat. Ol’ Dirty Bastard, The Crystal Method & Fuzzbubble) (prod. Matt Stone, Rick Rubin & Trey Parker)",A version of the song without Ozzy Osbourne exists.,?:??,,,Confirmed,Not Available,https://web.archive.org/web/20080119044616/http://www.mtv.com/news/articles/1426020/19980825/black_sabbath.jhtml
"Flesh Of My Flesh, Blood Of My Blood","The Omen [V1]
(feat. Marilyn Manson) (prod. Swizz Beatz)",Only has the hook with open verses.,?:??,,,Confirmed,Not Available,https://rap-archive.ru/free-magazine/the_source_112#169
"Flesh Of My Flesh, Blood Of My Blood","Duo - Three Stories
(feat. DMX)",Same as the entry below but normal.,~4:01,,,Partial,CD Quality,https://pillows.su/f/e584a1e31a48f1f7757fbbf2d3257417
"Flesh Of My Flesh, Blood Of My Blood","Duo - Three Stories [Clean]
(feat. DMX)",Unreleased Duo song with DMX from 1998. Only the censored version has leaked.,4:01,,,Full,CD Quality,https://pillows.su/f/e584a1e31a48f1f7757fbbf2d3257417
"Flesh Of My Flesh, Blood Of My Blood","JAY-Z - Money, Cash, Hoes [V1]
(prod. Swizz Beatz)","According to Swizz Beatz, Jay recorded his vocals in a different session than DMX, and the two were never in the studio together for the track, meaning it was originally solo JAŸ-Z. This doesn't add up with what Irv Gotti said, he said how they did the song all together the same session, and theres a photo.",?:??,,,Conflicting,Not Available,https://www.complex.com/music/a/insanul-ahmed/swizz-beatz-tells-all-the-stories-behind-his-classic-records-part-1
"Flesh Of My Flesh, Blood Of My Blood","The L.O.X. - Blackout [V1]
(prod. Swizz Beatz)",The song originally belonged to The L.O.X. and likely didn't feature DMX or JAY-Z due to the instrumental being shorter. A version with vocals likely exists. The instrumental itself has audio grain.,3:25,,3/14/2026,Beat Only,Lossless,https://pillows.su/f/496602259d3f9962a9cd5a1faebdd5a9
"12 Total
6 Leaks
4 Full
1 Tagged
4 Confirmed
1 Rumored
1 Partial
1 OG File","...And Then There Was X
(X: The Dog, The Man, The God, X: The Man, The Dog, The God, The Dog, The Man, The God)","(12/22/1998) (Flesh Of My Flesh, Blood Of My Blood is released)
(12/21/1999) (...And Then There Was X is released)",,,,,,
...And Then There Was X,"✨ I'm Gonna Crawl [V1]
(prod. PK)","Doesn't have Dyme on the hook, the beat is a little different, and has some different lines. Most certainly is from 1999 since he mentions two platinum album.",3:54,,,Full,High Quality,https://pillows.su/f/282c85c3cddc98b8da67e996d909fdb4
...And Then There Was X,"I'm Gonna Crawl [V2]
(prod. PK)","The version played at the start of ""Romeo Must Die"". Has a longer intro.",4:32,,,Full,High Quality,https://pillows.su/f/9ebd7cdb4ed28510cc9ef9a6ec466e42
...And Then There Was X,"The Grim Reaper
(prod. PK)","From a mixtape, first verse was re-used on Get It On The Floor, the second one was re-used for Get It Right. Recorded in the same session as ""The Professional"".",2:13,,,Tagged,High Quality,https://pillows.su/f/9e23130f0c9fd13fe6e500812bcfe6c7
...And Then There Was X,"What These Bitches Want [V1]
(prod. Nokio)","Sisqo said that before he jumped on What These Bitches Want, it was ""a different record"" likely had X on the hook.",?:??,,,Confirmed,Not Available,https://youtube.com/shorts/r8BnIgPeU9Q?si=qBMRcR8gs9MyZtoR
...And Then There Was X,"What These Bitches Want [V2]
(feat. Sisqo) (prod. Nokio)",Has extra adlibs from DMX and vocals from Sisqo. Featured in the explicit version of the music video.,4:38,,,Full,CD Quality,https://pillows.su/f/776928bcf49cf91f67f1792c6256c00f
...And Then There Was X,"What's My Name [V1]
(prod. Self Service & Irv Gotti)","According to Irv Gotti, he had DMX re-record the song because he didn't like the initial vocal take. From the way Irv worded it, it's unlikely that this version was bounced.",?:??,,,Rumored,Not Available,https://youtu.be/x8thegJxIOY
...And Then There Was X,"What's My Name [V2]
(prod. Self Service & Irv Gotti)",A version of What's My Name with a different intro and with no whispering in the background. The version linked has likely been edited because it's shorter and has an explosion sound effect at the end.,?:??,,3/14/2026,Partial,High Quality,https://pillows.su/f/f1eb4c684a8a381ba18cd093964fd42c
...And Then There Was X,Unknown [Murder Inc. Collaboration(s)],Ja Rule mentioned that there is 1-2 songs from the Murder Inc. era that were unreleased.,N/A,,,Confirmed,Not Available,https://www.vibe.com/features/editorial/theres-unreleased-jay-dmx-ja-rule-song-exists-somewhere-240558/
...And Then There Was X,"DJ Clue - ???
(feat. DMX)",DMX was supposed to be on DJ Clue's Backstage Mixtape. DJ Clue said that his album will feature new versions of Professional tracks and freestyles.,?:??,,,Confirmed,Not Available,https://web.archive.org/web/20080726124711/http://www.mtv.com/news/articles/1427171/19990312/dj_clue.jhtml
...And Then There Was X,"Ruff Ryders - Ryde Or Die
(perf. The L.O.X., Drag-On, Eve & DMX) (prod. DJ Clue and Duro)","OG Filename: SWIZZ - RYDE OR DIE (ORIGINAL)
Leaked during the Box Leak.",4:02,,3/14/2026,OG File,Lossless,https://pillows.su/f/5b737cf43fb0bf6420243c908635a1a7
...And Then There Was X,"Ruff Ryders - Scenario 2000 [V1]
(prod. Swizz Beatz & PK)","Explicit version of Scenario 2000. Is extended, was released as a promo single, from 1999.",5:32,,,Full,High Quality,https://pillows.su/f/6acbd4933c8dd72579c7e527f367ceab
...And Then There Was X,"Tha Realest - Gotta Love Gangstas [V?-V?]
(feat. DMX) (prod. Darryl Harper)","There are several versions of this song, one of them having DMX as a feature.",?:??,,,Confirmed,Not Available,https://youtu.be/8KU3UeJ1TVQ?si=WSWK9jeH7f_HH8pB
"14 Total
3 Leaks
9 Confirmed
1 Snippet
3 Full
1 Rumored","The Great Depression
(The Ear, The Ears)","(12/21/1999) (...And Then There Was X is released)
(10/23/2001) (The Great Depression is released)",,,,,,
The Great Depression,Unknown Planned Release,"DMX was supposed to drop something on Dec 12 2000. Not much is known about this drop, it's unknown if this was a single, full album, or just something else completely.",N/A,,,Confirmed,Not Available,https://groups.google.com/g/alt.rap/c/Y0SkII5W34I/m/mJGgv8mc_BoJ
The Great Depression,"Angel (Remix)
(feat. Mary J. Blige) (prod. Irv Gotti)","Remix of Angel with Mary J. Blige on the hook, can be heard in the Angel movie.",~3:54,,,Snippet,High Quality,https://youtu.be/qIRGRhVgqyw?si=R093uKI7MZBr4rvf
The Great Depression,"I Miss You [V1]
(prod. Kid Kold)",Has open sections for Faith Evans.,?:??,,,Confirmed,Not Available,https://web.archive.org/web/20041031062014/http://www.mtv.com/news/articles/1451102/11192001/evans_faith.jhtml
The Great Depression,"Just Blaze [V1]
(prod. Just Blaze)
(I'ma Bang)",I'ma Bang originally had a different hook and was titled Just Blaze (like the producer).,?:??,,,Confirmed,Not Available,https://www.complex.com/music/a/jaeki-cho/just-blaze-tells-all-the-stories-behind-his-classic-records-part-1
The Great Depression,"Problem Child [V1]
(feat. Billy Ray & Mysonne)","Has a different beat, different hook, slightly different intro and Billy Ray instead of Drag-On.",4:02,,,Full,High Quality,https://pillows.su/f/d64b66965e187f1db2e2b2f0193d7d08
The Great Depression,"Usual Suspects (Part 2) [V1]
(feat. Mic Geronimo)","Has a different beat, different outro and Mic Geronimo instead of Big Stan on verse 2.",3:58,,,Full,High Quality,https://pillows.su/f/fa9af6cfe7faefce4da82a4e6e6a8a38
The Great Depression,Ups And Downs,Mentioned in a magazine along with Stop That (Which was confirmed to be Friend Of Mine by PK) did not make the album.,?:??,,,Confirmed,Not Available,https://pillows.su/f/581186eca37af51f153982ef951040b7
The Great Depression,"Who We Be [V1]
(feat. Eve) (prod. Black KeyMelvin ""Hip"" Armstead)","Originally featured Eve, mentioned in a magazine.",?:??,,,Confirmed,Not Available,https://pillows.su/f/c000e11d4b8715273d2613ce5397653f
The Great Depression,"When I'm Nothing [V1]
(prod. Dame Grease & DMX)",Song originally had a sample of a hook but later Stephanie Mills requested to be on the song herself.,?:??,,,Confirmed,Not Available,https://web.archive.org/web/20030302183453/http://www.mtv.com/news/articles/1446566/20010813/story.jhtml
The Great Depression,"???
(feat. Jaheim)",Jaheim was mentioned as a feature for DMX's album but he ended up not appearing.,?:??,,,Confirmed,Not Available,https://web.archive.org/web/20050122225716/http://www.mtv.com/news/articles/1444219/20010601/story.jhtml
The Great Depression,Unknown (Fast And Furious Collaboration),"The ""Fast And Furious Soundtrack"" originally had a second track with DMX but when it was released DMX was only featured on the ""Rollin' (Remix)"".",N/A,,,Confirmed,Not Available,https://www.billboard.com/music/music-news/def-jam-gets-fast-and-furious-80274/
The Great Depression,"Aaliyah - Come Back In One Piece [V1]
(prod. Irv Gotti & Lil Rob)",Explicit version of Come Back In One Piece.,4:20,,,Full,CD Quality,https://pillows.su/f/21afbcfb4cb3d62fb29bebb3053d77f5
The Great Depression,"Busta Rhymes - Why We Die [V1]
(feat. DMX) (prod. PK)",Version of the song that didn't have JAY-Z yet.,?:??,,,Confirmed,Not Available,https://web.archive.org/web/20251111135218/https://hiphopdx.com/news/busta-rhymes-dmx-reaction-jay-z-why-we-die/
The Great Depression,"LL COOL J - Fuhgidaboutit [V1]
(feat. Method Man & Redman) (prod. Trackmasters)","When discussing people who appear on G.O.A.T., LL Cool J mentioned that Redman and Method Man would appear on it but not DMX, this likely means that this song originally didn't have him.",?:??,,,Rumored,Not Available,https://web.archive.org/web/20100117012303/http://www.mtv.com/news/articles/1431090/20000414/ll_cool_j.jhtml
"12 Total
3 Leaks
3 Partial
1 Tagged
6 Confirmed
2 Full",Cradle 2 The Grave,"(10/23/2001) (The Great Depression is released)
(3/11/2002) (Cradle 2 The Grave begins filming)
(2/18/2003) (Cradle 2 The Grave OST is released)",,,,,,
Cradle 2 The Grave,"??? [V1]
(Bloodline Album, Cradle 2 The Grave)","A Bloodline album was announced in the TGD booklet, later it evolved into the C2TG OST.",?:??,,,Partial,Various,https://youtu.be/H1PD1S4IIgs?si=wbMVmnfKJ8xuf4f3
Cradle 2 The Grave,"⭐ Cradle To The Grave
(perf. DMX, Jinx, ??? & ???)","Likely an unused song made for the OST, his first verse was later rerecorded and re-used in Go To Sleep. This song features 1 or 2 more people aside from Jinx. Maybe not as only Jinx was credited on discogs.",4:52,,2009,Tagged,High Quality,https://pillows.su/f/5ffabe9cc59204b274fc8700453663be
Cradle 2 The Grave,"✨ Go To Sleep [V1]
(perf. Eminem, DMX & Obie Trice) (prod. Eminem & Luis Resto)","A version of Go To Sleep with a different verse order (DMX going second and Obie going last) was played in the opening credits of Cradle 2 The Grave. For some reason, some words are censored, but some are not.",?:??,,,Partial,High Quality,https://pillows.su/f/cb51192a2f59820f5caaabb312508f1a
Cradle 2 The Grave,"Go To Sleep [V1] [Clean]
(perf. Eminem, DMX & Obie Trice) (prod. Eminem & Luis Resto)","Censored version of entry above, half of it was played in the opening scene of the movie, other half that was played was not censored.",?:??,,,Partial,High Quality,https://pillows.su/f/cb51192a2f59820f5caaabb312508f1a
Cradle 2 The Grave,"Here I Come [V1]
(perf. Audioslave) (prod. Rick Rubin)","Audioslave recorded the song for their debut album, but DMX liked it so much he took it for himself. This is before DMX was on the song (Bazaar was likely not on the song either).",?:??,,,Confirmed,Not Available,https://web.archive.org/web/20041128213055/http://www.mtv.com/news/articles/1458334/20021025/story.jhtml
Cradle 2 The Grave,"Here I Come [V2]
(perf. Audioslave, DMX & Bazaar) (prod. Rick Rubin)","Unreleased C2TG OST song, bridge was reused on Lord Give Me A Sign, later meant for Grand Champ but it didn't end up releasing.",3:35,,,Full,High Quality,https://pillows.su/f/9b82fd2c1529c84e9a38c1760863efab
Cradle 2 The Grave,"Thicker Than Water [V1]
(perf. 50 Cent) (prod. Reemo & Lost Spirit)
(Follow Me Gangsta)",Original version of Follow Me Gangsta with 3 verses from 50. Mixed so badly that it sounds like a recording.,3:40,,2007,Full,High Quality,https://pillows.su/f/5e60279ad4fc55c342f4811e7664c8e7
Cradle 2 The Grave,"Wrecking Ball
(perf. Audioslave & DMX)",This song was supposed to be on C2TG OST but Audioslave backet out from releasing it due to their debut album being released about the same time as the soundtrack.,?:??,,,Confirmed,Not Available,https://web.archive.org/web/20041128213055/http://www.mtv.com/news/articles/1458334/20021025/story.jhtml
Cradle 2 The Grave,"???
(perf. Big Tymers)","According to a spokesperson for DMX, Big Tymers were supposed to appear on Cradle 2 The Grave in Dec 2002.",?:??,,,Confirmed,Not Available,https://web.archive.org/web/20050306120322/http://www.mtv.com/news/articles/1459008/20021205/story.jhtml
Cradle 2 The Grave,"???
(perf. Carl Thomas)","According to a spokesperson for DMX, Carl Thomas was supposed to appear on Cradle 2 The Grave in Dec 2002.",?:??,,,Confirmed,Not Available,https://web.archive.org/web/20050306120322/http://www.mtv.com/news/articles/1459008/20021205/story.jhtml
Cradle 2 The Grave,"???
(perf. Mario Winans)","According to a spokesperson for DMX, Mario Winans was supposed to appear on Cradle 2 The Grave in Dec 2002.",?:??,,,Confirmed,Not Available,https://web.archive.org/web/20050306120322/http://www.mtv.com/news/articles/1459008/20021205/story.jhtml
Cradle 2 The Grave,"⚠️ ???
(perf. Diddy)","According to a spokesperson for DMX, Diddy was supposed to appear on Cradle 2 The Grave in Dec 2002.",?:??,,,Confirmed,Not Available,https://web.archive.org/web/20050306120322/http://www.mtv.com/news/articles/1459008/20021205/story.jhtml
"23 Total
11 Leaks
8 Full
9 Confirmed
3 Tagged
2 Rumored
1 Partial","Grand Champ
(It's Not A Game)","(10/23/2001) (The Great Depression is released)
(07/??/2002) (Grand Champ begins recording)
(9/16/2003) (Grand Champ is released)",,,,,,
Grand Champ,"Fuck Y'all Niggaz [V1]
(prod. Ron Browz)
(Fuck Y'all)",Has a slightly longer intro and lacks beat drops.,3:35,,,Full,High Quality,https://pillows.su/f/d1fdf05c04a2e84c6d45833f408e1d4d
Grand Champ,"✨ Let's Get It On [V1]
(feat. Swizz Beatz) (prod. Swizz Beatz)
(Get It On The Floor)","Has an extended intro, different beat and a different vocal take. Made in 2002.",4:24,,2002,Full,High Quality,https://pillows.su/f/15f55bf4aed2dcc590c994ffb2b7a13e
Grand Champ,"I'm In Love
(feat. Drag-On & Aja) (prod. Dame Grease)",Mentioned in a XXL magazine.,?:??,,,Confirmed,Not Available,https://pillows.su/f/50809c9ac775ce288bb1be9a3c049357
Grand Champ,"Ruled Out [V1]
(prod. Needlz)
(Bust Money in the Head, Gangsta Shit)","Ja Rule diss from 2002, the beat was later given to G-Unit for ""Gangsta Shit""",3:02,,,Full,High Quality,https://pillows.su/f/f1b1a0d16f738cc3fd96565f2fdcbe43
Grand Champ,"Shot Down [V1]
(feat. 50 Cent) (prod. Salam Wreck)",Has a less developed beat and doesn't feature Styles P.,2:44,,,Full,High Quality,https://pillows.su/f/64afc9bbe8542b10184eaaa13229f2f9
Grand Champ,"✨ War
(prod. PK)
(They Want War)","Unreleased 2002 Ja Rule Diss, was gonna be put on Grand Champ but it was taken off the album cause they wanted to squash the beef per PK on his IG live in August 2026. Some lyrics were re-used for Where The Hood At?",2:27,,,Full,High Quality,https://pillows.su/f/275274a57923018ec0c97de2a91fee33
Grand Champ,"Untouchable [V1]
(feat. Jinx & King Tut) (prod. Tony Pizzaro & Black Moses)",Untouchable version with Jinx and King Tut. X does the hook in this version.,3:35,,,Tagged,High Quality,https://pillows.su/f/c2bc73cd94088bfd9b6e5fdc9436ca75
Grand Champ,"Untouchable [V2]
(feat. 50 Cent & Syleena Johnson) (prod. Tony Pizzaro & Black Moses)","Untouchable version with 50 Cent. Seen on XXL 2003 with Em, 50 and Dre.",?:??,,,Confirmed,Not Available,https://pillows.su/f/50809c9ac775ce288bb1be9a3c049357
Grand Champ,"We're Back [V1]
(prod. Tuneheadz)",There is a version of the song with no Eve and Jadakiss.,?:??,,,Confirmed,Not Available,https://web.archive.org/web/20081210062757/http://www.mtv.com/news/articles/1474261/20030718/50_cent.jhtml
Grand Champ,"Where The Hood At (Remix)
(feat. Drag-On, The LOX & Eve) (prod. Tuneheadz)","Unreleased remix of Where The Hood At with Drag-On, The Lox & Eve, made before the album came out.",4:26,,,Full,High Quality,https://pillows.su/f/967e3781b9b1afc9a7d7f0c0d0548e93
Grand Champ,"???
(prod. DJ Envy)","In Dec 2002, DJ Envy was confirmed to be on DMX upcoming album.",?:??,,,Confirmed,Not Available,https://web.archive.org/web/20050306120322/http://www.mtv.com/news/articles/1459008/20021205/story.jhtml
Grand Champ,"???
(prod. Irv Gotti & Tru Stylze)
(Put It On Me)","X got his hands on Ja Rule's beat Put It On Me to record a disstrack against him as said in the magazine, unknown if he ever did.",?:??,,,Rumored,Not Available,https://pillows.su/f/3da93dd96868cc064743266c99dc7a49
Grand Champ,"???
(prod. Swizz Beatz)",Seems like there was supposed to be 3 Swizz Beatz produced songs on Grand Champ. Only 2 appeared on the album. Could be the song from Swizz's album.,?:??,,,Confirmed,Not Available,https://web.archive.org/web/20041112094358/http://www.mtv.com/news/articles/1456232/20020724/story.jhtml
Grand Champ,"DJ Clue - ??? 
(feat. DMX)",DMX was set to appear on DJ Clue's album but the album seemingly never released.,?:??,,,Confirmed,Not Available,https://pillows.su/f/37856c09606fc6241c5f8c79b5d0a29f
Grand Champ,"Dyme - Bad Company
(feat. DMX & Black Jesus)","Put on a mixtape in 2002, song could be older.",3:52,,,Tagged,CD Quality,https://pillows.su/f/19f7f620d7ca9b4b6f4044cbb1e074df
Grand Champ,"Loose Cannon - Don't Expect
(feat. DMX)","DMX verse in this song was reused in Where The Hood At, which resulted in their beef.",2:15,,,Tagged,High Quality,https://pillows.su/f/8083a86e9750432eb674048ebd7ab5b2
Grand Champ,"Shaunta - The 3 of Us 2 [V1]
(prod. No I.D.)
(We Go Hard)",Track for Shaunta's Aftermath album about having a threesome. The beat was later given to DMX for We Go Hard.,4:14,,,Full,High Quality,https://pillows.su/f/6e4b6d6439a4cbe09dd0f513895d859a
Grand Champ,"Swizz Beatz - ???
(feat. DMX & Angie Stone)",DMX and Angie Stone were supposed to have a song on Swizz Beatz album in 2002.,?:??,,,Confirmed,Not Available,https://web.archive.org/web/20040203201615/http://www.mtv.com/news/articles/1452795/20020308/story.jhtml
Grand Champ,"The Diplomats - What's Really Good [V1]
(feat. Cam’ron, Juelz Santana, Jim Jones & DMX) (prod. E-Bass & Paperchase Inc)",Has a different beat that was later changed due to sample clearence issues.,~4:45,,,Partial,High Quality,https://pillows.su/f/4013a3e5230bd4b0f020a0abc0cc1f66
Grand Champ,"The Diplomats - What's Really Good [V1 Clean]
(feat. Cam’ron, Juelz Santana, Jim Jones & DMX) (prod. E-Bass & Paperchase Inc)",Same as the entry above but only this version has leaked so far.,4:45,,,Full,High Quality,https://pillows.su/f/4013a3e5230bd4b0f020a0abc0cc1f66
Grand Champ,Unknown [3 Tuneheadz Collaborations],"Mat Lejeune said that X did 6 songs with Tuneheadz, 2 being released, 1 being King Thing which leaves 3 unkown.",?:??,,,Confirmed,Not Available,https://youtu.be/LFb8vhBuuxI?si=YawiqxcU8f0-0SVG
Grand Champ,Unknown [Kanye West Collaborations],DMX claims in a podcast that Kanye has sent him a few beats for this 5th album (Grand Champ) but only one song produced by Kanye appears on the album. It's unknown if DMX recorded on these.,N/A,,,Rumored,Not Available,https://youtu.be/he6DSF_Y_jA
Grand Champ,Unknown [Shatek Collaborations],"DMX said that Shatek would have multiple songs on his album in 2003, but only X Gon' Give It To Ya was on the album.",?:??,,,Confirmed,Not Available,https://youtu.be/vzCQcRFksUU?t=64&si=m1_4-TzhRLRPK6Xv
"7 Total
2 Leaks
1 Partial
2 Confirmed
2 Full
2 Rumored",Never Die Alone Soundtrack,"(9/16/2003) (Grand Champ is released)
(1/19/2004) (Never Die Alone movie premiers)
(3/26/2004) (Never Die Alone movie releases worldwide)
(4/??/2004) (Never Die Alone Soundtrack misses the release date and is scrapped)",,,,,,
Never Die Alone Soundtrack,Never Die Alone Soundtrack,"A cancelled soundtrack for the movie Never Die Alone, The soundtrack was scrapped due to X's issues with Def Jam (before JAY-Z became president of Def Jam). The OST was supposed to release in April 2004.",?:??,,,Partial,Various,N/A
Never Die Alone Soundtrack,"Go For Dat [V1]
(perf. DMX) (prod. Lil Jon)","According to Lil Scrappy, the song originally didn't have a hook.",?:??,,,Confirmed,Not Available,https://youtu.be/QGEWdOlMAGY
Never Die Alone Soundtrack,"Go For Dat [V2]
(perf. DMX & Lil Scrappy) (prod. Lil Jon)",Track #1 on the scrapped Never Die Alone soundtrack.,2:54,,,Full,High Quality,https://pillows.su/f/938bdc8483142f91f0060a469cfd5b9c
Never Die Alone Soundtrack,"Impaired
(perf. Eminem & Kanye West) (prod. Kanye West)","A scrapped track from the cancelled soundtrack for the movie Never Die Alone, starring DMX. The soundtrack was scrapped due to DMX's issues with Def Jam (before JAY-Z became president of Def Jam). Possibly made during the same session as the song 'D12 World', which uses the beat from the unreleased Kanye track 'Motherfucker'. Referenced by an Eminem insider who accurately predicted several things about D12 World on a message board from January 2004.",?:??,,,Rumored,Not Available,https://pillows.su/f/41bc56ecaa9d0d260eb837c6a0e3efec
Never Die Alone Soundtrack,"⭐ King Thing
(perf. DMX) (prod. Tuneheadz)","Song made for Never Die Alone OST, first link has 2 verses but untagged, 2nd link has 3 verses but is tagged.",3:28,,,Full,High Quality,"https://pillows.su/f/a09ec5207c15c8a0d688348ef4e38389
https://pillows.su/f/bba2d28373b2b9b8203aaa2e429b4a44"
Never Die Alone Soundtrack,"Life or Death
(perf. G-Unit)","Song made for Never Die Alone OST, mentioned on the D12 World message board in January 2004.",?:??,,,Rumored,Not Available,https://pillows.su/f/41bc56ecaa9d0d260eb837c6a0e3efec
Never Die Alone Soundtrack,"???
(perf. ???) (prod. Dame Grease)",Dame Grease was going to produce some tracks for the Never Die Alone soundtrack.,N/A,,,Confirmed,Not Available,https://web.archive.org/web/20071011205356/http://mtv.com/news/articles/1473211/20030623/dame_grease.jhtml
"44 Total
18 Leaks
3 Partial
15 Full
17 Confirmed
3 Tagged
6 Rumored","Year of the Dog... Again
(Here We Go Again)","(9/16/2003) (Grand Champ is released)
(8/1/2006) (Year of the Dog... Again is released)",,,,,,
Year of the Dog... Again,"🥇 Here We Go Again [V1]
(Year of the Dog... Again)",Unreleased 2005 DMX album that had a listening session in May 2005. Essentially a V1 of Year Of The Dog...Again.,?:??,,,Partial,Various,https://hiphopdx.com/news/dmx-here-we-go-again/
Year of the Dog... Again,"Baby Motha [V2]
(feat. Janyce) (prod. Swizz Beatz)",Originally had a different hook.,4:24,,,Full,High Quality,https://pillows.su/f/46db5ce83a894e46369040f50dd867ff
Year of the Dog... Again,Baby Motha Skit,Unreleased skit from Here We Go Again.,?:??,,,Confirmed,Not Available,https://hiphopdx.com/news/dmx-here-we-go-again/
Year of the Dog... Again,"Bust Money In The Head [V3]
(prod. Shatek)
(Ruled Out)","2005 rework of Ruled Out, has a different beat and a different intro, would be a V3 since G-Unit's released version is V2 (If we're going by the common retarded logic). I Ain't Been Rhyming Like Common Since",3:30,,,Full,Low Quality,https://pillows.su/f/bb5ec4ebc019fa5983bf307dc2e5f157
Year of the Dog... Again,"Go For Dat (Remix)
(feat. Trick Daddy & Lil Scrappy) (prod. Lil Jon)
(What It Be)","Trick Daddy is on the hook instead of Lil Scrappy, has 2 verses by Trick Daddy instead of X, proper 3rd X verse (could be because Go For Dat was cut off). This is likely an unreleased remix. Theres 30 seconds of silence at the end for some reason, from 2003/2004.",~3:20,,2005,Tagged,High Quality,https://pillows.su/f/aced68c193720472add388385db25693
Year of the Dog... Again,"I Run Shit [V1]
(prod. Swizz Beatz)",Likely doesn't have Big Stan as he wasn't listed on the early tracklist of Here We Go Again.,?:??,,,Rumored,Not Available,https://hiphopdx.com/news/dmx-here-we-go-again/
Year of the Dog... Again,"I Run Shit [V2]
(feat. Big Stan) (prod. Swizz Beatz)",Has a shorter outro.,3:22,,,Full,High Quality,https://pillows.su/f/adcd36c7ad7a47a55ce877dca7e92650
Year of the Dog... Again,"It's Personal [V1]
(feat. Jadakiss & Styles P) (prod. Tuneheadz)",Doesn't have Styles P's outro.,3:41,,,Full,High Quality,https://pillows.su/f/36b2ef8b3c40dca3c56074ccdc891474
Year of the Dog... Again,"Life Be My Song [V1]
(prod. Dame Grease)",Outro is 3 second's longer.,4:05,,,Full,High Quality,https://pillows.su/f/2d4d15fea9a96e4025725c27c4318be0
Year of the Dog... Again,On & On [V2],"This song later released in 2015 on Redemption Of The Beast, but his voice doesn't sound like his 2005 voice so it's likely that it was re-recorded. 
This song was confirmed to not be produced by PK on his IG live in August 2026.",?:??,,,Confirmed,Not Available,https://hiphopdx.com/news/dmx-here-we-go-again/
Year of the Dog... Again,"Pump Ya Fist [V1]
(feat. Swizz Beatz) (prod. Swizz Beatz)","Beat is a bit different, has Swizz shouting ""go go go"" in the hook and cuts off at the end.",4:02,,,Full,High Quality,https://pillows.su/f/18cca08a34d1b3d2ec8e2b003347c4c7
Year of the Dog... Again,"Pump Ya Fist (PROMOTIONAL VERSION)
(feat. Swizz Beatz) (prod. Swizz Beatz)",Promotional disc for DJs's. Has a different intro.,4:40,,,Full,High Quality,https://pillows.su/f/427d1e2bb7f88cd7681f853c25a6905d
Year of the Dog... Again,Street Skit,Unreleased skit from Here We Go Again.,?:??,,,Confirmed,Not Available,https://hiphopdx.com/news/dmx-here-we-go-again/
Year of the Dog... Again,The Industry [V1],Unreleased song from 2005. Was later performed as an acapella on Def Poetry Jam in 2007.,2:52,,,Full,High Quality,https://pillows.su/f/6e32684b3086128a49ce2ca6d26ede98
Year of the Dog... Again,"The Industry (Remix)
(prod. Dame Grease)","Seemingly an unreleased remix of the song, possibly just V2.",2:30,,,Tagged,High Quality,https://pillows.su/f/4a382f16109ea1a3e7c24193edab27f4
Year of the Dog... Again,"We Bout To Blow (Remix)
(feat. Cardan, Big Stan, Meeno, & Bazaar Royale) (prod. Dame Grease)",Unreleased remix of We Bout To Blow from 2004.,3:44,,,Full,High Quality,https://pillows.su/f/32d81ff3e83fda8a23ebf545251c1d52
Year of the Dog... Again,"Who Dat [V1]
(prod. Dame Grease)",Likely lacks the features as they aren't featured on the early tracklist of Here We Go Again.,?:??,,,Rumored,Not Available,https://hiphopdx.com/news/dmx-here-we-go-again/
Year of the Dog... Again,"Walk These Dogs [V1]
(prod. Dame Grease)",Likely lacks the features as they aren't featured on the early tracklist of Here We Go Again.,?:??,,,Rumored,Not Available,https://hiphopdx.com/news/dmx-here-we-go-again/
Year of the Dog... Again,"Walk These Dogs [V2]
(feat. Kashmir) (prod. Dame Grease)",Has some different DMX bars.,2:42,,,Full,High Quality,https://pillows.su/f/22d1f9bf0a46c9855d9d1b8e415a2ad2
Year of the Dog... Again,Unknown [~13 Tracks],"In 2006. X said that he recorded 30 tracks for the album and that he will release 21, deluxe version of the album has only 17 tracks. More from this pile were possibly released.",N/A,,,Confirmed,Not Available,https://youtu.be/cB5CH8E3qxE?si=wcFopgikB9hMxONb
Year of the Dog... Again,"???
(prod. DJ Desue)",Video of DMX and DJ Desue in the studio together from 2005. DMX is rapping a song.,?:??,,,Confirmed,Not Available,"https://pillows.su/f/87b562b652fe68f9706caa64a1ae3b45
https://www.instagram.com/reels/DO7Nn38DY2t/"
Year of the Dog... Again,"???
(prod. PK)",PK was set to produce on Here We Go Again.,N/A,,,Confirmed,Not Available,https://web.archive.org/web/20080516220946/http://www.mtv.com/news/articles/1501684/20050511/dmx.jhtml
Year of the Dog... Again,"???
(prod. DJ Shok)",DJ Shok was set to produce on Here We Go Again.,N/A,,,Confirmed,Not Available,https://web.archive.org/web/20080516220946/http://www.mtv.com/news/articles/1501684/20050511/dmx.jhtml
Year of the Dog... Again,"???
(feat. Flashy)",Flashy was set to appear on Here We Go Again. Not Get Wild.,N/A,,,Confirmed,Not Available,https://web.archive.org/web/20080516220946/http://www.mtv.com/news/articles/1501684/20050511/dmx.jhtml
Year of the Dog... Again,"???
(prod. Scott Storch)","DMX mentioned a 3rd Scott Storch song that he bought the beat for, possibly Get Wild.",?:??,,,Rumored,Not Available,https://web.archive.org/web/20081228022004/http://www.mtv.com/news/articles/1532503/20060525/dmx.jhtml
Year of the Dog... Again,"???
(feat. Kartoon)",Kartoon was set to appear on Here We Go Again. Not Get Wild.,N/A,,,Confirmed,Not Available,https://web.archive.org/web/20080516220946/http://www.mtv.com/news/articles/1501684/20050511/dmx.jhtml
Year of the Dog... Again,"???
(prod. Keflon)",Kellon was set to produce on Here We Go Again.,N/A,,,Confirmed,Not Available,https://web.archive.org/web/20080516220946/http://www.mtv.com/news/articles/1501684/20050511/dmx.jhtml
Year of the Dog... Again,"Big Stan - Scratch All Day
(feat. DMX) (prod. Scott Storch)","Unreleased song from a Ruff Ryders mixtape, from 2005.",1:21,,,Full,High Quality,https://pillows.su/f/7c2434fee4ba022fae077f5721f79267
Year of the Dog... Again,"🏆 Ruff Ryders - Funk Shit [V1]
(perf. DMX & Kartoon) (feat. Busta Rhymes) (prod. Dr. Dre)
(Get Wild)","Ruff Ryders' song ""Get Wild"" was originally produced by Dr. Dre and featured a hook and a verse by Busta Rhymes, but due to label issues the song was remixed with a beat from Scott Storch and Busta was replaced by Jadakiss and Flashy.",?:??,,,Confirmed,Not Available,https://web.archive.org/web/20070808172845/http://www.mtv.com/bands/m/mixtape_monday/040305/
Year of the Dog... Again,"Kray Twinz - What You Want
(feat. Truth Hurts & DMX) (prod. Kray Twinz)",Leaked around 2005. Was meant for the Kray Twinz album but it never released.,2:38,,,Full,High Quality,https://pillows.su/f/4e68fa8a4258a349ab5a3ff43bb5e13b
Year of the Dog... Again,"Ain't Nowhere To Hide [V1]
(prod. Dame Grease)",Untagged.,4:07,,,Full,High Quality,https://pillows.su/f/d086739302004ffbeaeddd3a623a8aa7
Year of the Dog... Again,"Dog Love [V1]
(feat. Janyce) (prod. Dr. Ceuss & Shy Boogs)","In an interview, DMX claims ""Dog Love"" originally only had Janyce on it.",?:??,,,Confirmed,Not Available,https://youtu.be/cB5CH8E3qxE
Year of the Dog... Again,"Dog Love [V2]
(feat. Amerie, Keyshia Cole, Shan & Janyce) (prod. Dr. Ceuss & Shy Boogs)","Amerie, Keyshia Cole and Shan were all supposed to do their own hook for Dog Love, but Sony only put Amerie.",?:??,,,Confirmed,Not Available,https://web.archive.org/web/20090326051713/http://www.mtv.com/news/articles/1578827/20080102/dmx.jhtml
Year of the Dog... Again,"Gonna Get Mine [V1]
(prod. Dame Grease)","""Released"" on Redemption Of The Beast in 2015. Lacks production that the released version has along with a longer outro and is unmixed.",4:12,,1/13/2015,Full,High Quality,https://pillows.su/f/e818417cd64a133e9c5f2b3cd2b098c3
Year of the Dog... Again,"One More Night [V1]
(prod. Dame Grease)",What seems to be a different version of One More Night can be heard at 10:14 from a Year Of The Dog... Again era interview.,?:??,,,Partial,High Quality,https://youtu.be/94BY72aL0ec?si=zPon-_Vl_s_SaF8r
Year of the Dog... Again,The Industry [V2],"DMX said in a interview that The Industry will be on the album but without the ""Dead Or Alive"" sample.",?:??,,,Confirmed,Not Available,https://youtu.be/cB5CH8E3qxE?si=wcFopgikB9hMxONb
Year of the Dog... Again,"Where You Been [V1]
(feat. Freeway) (prod. Dame Grease)",Different vocal take on X's parts.,2:34,,,Tagged,High Quality,https://pillows.su/f/b1929625fd8362530579ab828de4075a
Year of the Dog... Again,"???
(prod. PK)","In 2006, DMX said that PK would be on YOTDA, not On & On as he didn't do that one as he said on IG live in August 2026.",?:??,,,Rumored,Not Available,https://youtu.be/bWTpdVybIh0?si=qRqGWYo-aNnyFFzv
Year of the Dog... Again,Unknown [2 Tracks],2 out of 5 songs that DMX gave to Sony didn't release.,N/A,,,Confirmed,Not Available,https://web.archive.org/web/20101007001323/http://www.mtv.com/news/articles/1580710/20080131/nas.jhtml
Year of the Dog... Again,Unknown [Busta Rhymes Collaborations],"In an article it states that DMX was to appear on Busta Rhymes' album ""The Big Bang"" however he was not on it. The article could be referring to The ""Touch It Remix"" with DMX but that song didn't appear on the album.",N/A,,,Rumored,Not Available,https://www.billboard.com/music/music-news/bustas-bang-to-explode-in-may-58845/
Year of the Dog... Again,Unknown [Kray Twinz Collaborations],"Kray Twinz mentioned they had made a few tracks with DMX, What You Want is once of these.",N/A,,,Confirmed,Not Available,https://www.instagram.com/p/CNc-iiXnuBg/?igsh=aTNldjdxYzhzZTNw
Year of the Dog... Again,"Bloodline Kennel - The Anthem
(feat. DMX, Big Stan & Kashmir) (prod. Dame Grease)","Intended for a mixtape, was posted on Myspace. Cuts off at the end in the middle of the chorus. Kashmir's Verse is censored for some reason.",3:31,,,Partial,CD Quality,https://pillows.su/f/c2ba8f66934b7a264454ce8fcb9437a4
Year of the Dog... Again,??? [Bloodline Records Album],"In 2005-2006 DMX stated that he will release a Bloodline Records compilation album, it most likely never released due to his troubles with his labels",N/A,,,Confirmed,Not Available,N/A
Year of the Dog... Again,"King Phaze - Here Comes Da Pain
(feat. DMX)",King Phaze song that was posted to MySpace.,3:00,,,Full,High Quality,https://pillows.su/f/018af51a8561432ae337a644ae94ec77
"84 Total
54 Leaks
19 Confirmed
6 Partial
51 Full
3 Snippet
2 Tagged
2 Rumored
1 OG File","Walk With Me Now / You'll Fly With Me Later
(Soul Of A Man)","(8/1/2006) (Year of the Dog... Again is released)
(??/??/2006) (Work on Walk With Me Now and You'll Fly With Me Later starts)
(08/13/2010) (Walk With Me Now is scrapped, work on Undisputed starts)",,,,,,
Walk With Me Now / You'll Fly With Me Later,Soul Of A Man,"In 2007, DMX was working on an album called ""Soul Of A Man"" not much about the album is known.",?:??,,,Confirmed,Not Available,https://web.archive.org/web/20090315021215/http://www.mtv.com/news/articles/1562171/20070611/fabolous.jhtml
Walk With Me Now / You'll Fly With Me Later,"🏆 Walk With Me Now
(WWMN)","Unreleased album by DMX, unreleased tracks from this era we have were likely for this album. Unknown if any art or tracklisting was made.",?:??,,,Partial,Various,N/A
Walk With Me Now / You'll Fly With Me Later,"🏆 You'll Fly With Me Later
(Fly With Me Later, FWML)","Unreleased gospel album by DMX which was gonna release after X got his life together, unreleased tracks from this era we have were likely for this album. Also this album was fully completed which means art and tracklisting could possibly exist.",?:??,,,Partial,Various,https://web.archive.org/web/20090218222517/http://www.mtv.com/news/articles/1602687/20090114/dmx.jhtml
Walk With Me Now / You'll Fly With Me Later,"Already [V1]
(prod. Divine Bars & Diamond Krownz)",Already was originally shorter and had different mixing. From early 2008.,3:24,,,Full,CD Quality,https://pillows.su/f/1180c86a9984968ff15a1e69d68416bd
Walk With Me Now / You'll Fly With Me Later,Baby I'm Gonna Win,"Was released on ""Mixtape"" in 2010 but would be later unofficially released on ""Redemption Of The Beast"" In 2015 in it's original quality. It's unknown if it was meant for an album or if it was just a mixtape track/throwaway.",2:43,,1/13/2015,Full,Lossless,https://pillows.su/f/0999a10a74bd2ba511a2169b26458338
Walk With Me Now / You'll Fly With Me Later,Bring Out The Beast [V1],The version in the video has open verses for the rmxcrew.,?:??,,,Snippet,Recording,https://www.youtube.com/watch?v=Pd53g9t8j-Q
Walk With Me Now / You'll Fly With Me Later,"Bring Out The Beast [V2]
(feat. Mega D & Ambush)","Unreleased song with rmxcrew from January 2008, heard in a video.",3:04,,,Full,High Quality,https://pillows.su/f/f18acc95657231444bcee12a09c51fe3
Walk With Me Now / You'll Fly With Me Later,"Boy Back Up
(feat. Mobb Deep)","""Released"" on Mixtape in 2010.",3:19,,,Full,Lossless,https://pillows.su/f/280baf983e4fdc8912213ddf07fc76e3
Walk With Me Now / You'll Fly With Me Later,Bomb Drop,"Unreleased song from around this time, reuses lyrics from Tales From The Darkside.",4:51,,,Full,High Quality,https://pillows.su/f/669a06caf0a33b0948e759dcea67a262
Walk With Me Now / You'll Fly With Me Later,"⭐ Built Like A Bitch [V1]
(prod. Divine Bars)","Released unofficially on the album ""Redemption Of The Beast"" In 2015. Transitions into Spit That Shit.",3:17,,1/13/2015,Full,Lossless,https://pillows.su/f/0f80d787945ad2403fae50c13dc39797
Walk With Me Now / You'll Fly With Me Later,"🗑️ Built Like A Bitch [V2]
(prod. Divine Bars & ???)",Leaked in 2009 on a mixtape. Has added drums which don't fit the the tempo and the chorus is off beat. The drums are likely added by the DJ but it's unknown. Sounds fucking ass.,3:16,,,Tagged,High Quality,https://pillows.su/f/9dde007fab3af1862e5a37f7bd3886bb
Walk With Me Now / You'll Fly With Me Later,"Didn't Go Nowhere
(feat. Janyce) (prod. Divine Bars)",Leaked in 2010. Was likely meant for the gospel side of the album due to there being no profanity on the song.,3:50,,,Full,High Quality,https://pillows.su/f/d8cf3aad1614e5ad7762f74750cc71dd
Walk With Me Now / You'll Fly With Me Later,Fallin',Gospel song announced on August 26th 2010. Could've been made during the Undisputed era.,2:30,,,Full,CD Quality,https://pillows.su/f/5477f526701fbd6b3b9c3f03db85d163
Walk With Me Now / You'll Fly With Me Later,"Silver Shadow [V1]
(prod. Elite)
(Fuck U Bitch)","Has a different instrumental, from 2008.",3:08,,,Full,High Quality,https://pillows.su/f/f1b35ce3b79e6b9fbac79ce680798931
Walk With Me Now / You'll Fly With Me Later,"Fuck U Bitch [V2]
(prod. Elite)
(Silver Shadow)",Leaked in 2010. Likely has different mixing to the released version of the song and is slightly longer.,3:16,,,Full,High Quality,https://pillows.su/f/5389c35bcb1419da8b2976d197514fb3
Walk With Me Now / You'll Fly With Me Later,"⭐ Get Up and Try Again
(prod. PK)","""Released"" on Redemption Of The Beast in 2015. Confirmed to be produced by PK on his IG live in August 2026.",4:22,,1/13/2015,Full,Lossless,https://pillows.su/f/7f0ebbe6882725628e7423f5041009b1
Walk With Me Now / You'll Fly With Me Later,"Have You Eva [V1]
(prod. Dame Grease)","""Released"" on Mixtape in 2010. Lacks the 3rd verse that the version on Undisputed has.",2:53,,,Full,High Quality,https://pillows.su/f/ff7b639d5a00a678f181d0ac849c8ba1
Walk With Me Now / You'll Fly With Me Later,"It's A Problem
(feat. Big Stan & Kashmir)","""Released"" on Redemption Of The Beast in 2015.",3:15,,1/13/2015,Full,Lossless,https://pillows.su/f/2306280d60f7ef05d91c0cb9f45d29f1
Walk With Me Now / You'll Fly With Me Later,"I Wish
(feat. Seal)",Leaked in 2008. Was confirmed to be on the album but it's unknown as of now on who produced this track.,4:04,,,Full,High Quality,https://pillows.su/f/915a4b3f887c7775e6dba1c7cb7c1f85
Walk With Me Now / You'll Fly With Me Later,"I've Seen [V1]
(feat. J.R. Writer? ) (prod. Batkave)","This song was done over email, This is a version without Hell Rell, has an open verse, cuts off so it's a partial.",?:??,,,Partial,Low Quality,https://pillows.su/f/66ef965ff684b5bfa72bbde616fdf2db
Walk With Me Now / You'll Fly With Me Later,"I've Seen [V2]
(feat. J.R. Writer & HellRHell) (prod. Batkave)","""Released"" on Mixtape in 2010.",3:59,,,Full,Lossless,https://pillows.su/f/139801d0366938b8b7336762b2c6e540
Walk With Me Now / You'll Fly With Me Later,It'll Be Alright,May have been produced by Divine Bars but it isn't confirmed. Leaked in 2010.,4:08,,2010,Full,High Quality,https://pillows.su/f/03a6f6a0c6f50264f5579cb50ecc4d9b
Walk With Me Now / You'll Fly With Me Later,"✨ It's Goin Down [V1]
(prod. Divine Bars)
(Who's Touching You, Hold You Down)","Released unofficially on ""Redemption Of The Beast"" in 2015. Likely a sequel to ""How's It Goin' Down"". It is unknown if this version was meant for the album.",3:54,,1/13/2015,Full,Lossless,https://pillows.su/f/1e5648b97d608cf288b0305034002287
Walk With Me Now / You'll Fly With Me Later,"Hold You Down [V2]
(feat. Tyrese Gibson) (Prod. Divine Bars) 
(It's Goin Down, Who's Touching You, Who's Fuckin You)","The 2nd version Of ""It's Goin' Down"". It's likely an unfinished version because a part of DMX's chorus is missing, it's unknown if Tyrese was supposed to sing over this part or if DMX was. The entire song also has new vocal takes from DMX.",3:50,,,Full,High Quality,https://pillows.su/f/ca092fe18d3452d1f46f03370c94c10e
Walk With Me Now / You'll Fly With Me Later,"Who's Fuckin You [V3]
(feat. Tyrese Gibson) (Prod. Divine Bars)
(It's Goin Down, Who's Touching You, Hold You Down)","A complete version of the song likely exists, implied by the linked video. Likely the version on Redemption Of The Beast V3.",?:??,,,Rumored,Not Available,https://youtu.be/NCIvl9VXk6Q
Walk With Me Now / You'll Fly With Me Later,"Lookin' Without Seein' (Intro) [V2]
(prod. Elite)","Elite originally wanted to make an extended version of the Undisputed intro, the way it's worded sounds like it was made. From 2008.",?:??,,,Rumored,Not Available,https://web.archive.org/web/20080813005412/http://www.elitethatsme.com/2008/08/dmx-album-update.html
Walk With Me Now / You'll Fly With Me Later,"🏆 Letter To My Son [V1]
(feat. Brian King Joseph) (prod. Swizz Beatz)","The original version of ""Letter To My Son (Call Your Dad)"" which released on ""Exodus"" In 2021. Would not feature Usher since he was added later. This means the chorus was likely sung by Brian King Joseph since he sings the bridge for some reason. The song had different production or maybe a different instrumental entirely. DMX's vocals on the released version seem to be the same however. Could be from Undisputed era but will be here until theres more proof.",?:??,,,Confirmed,Not Available,https://youtu.be/9mvRKHfouYo?si=8eBZemQMJjUee46G
Walk With Me Now / You'll Fly With Me Later,"⭐ Let Me Be Your Angel
(feat. Janyce) (prod. Divine Bars & Diamond Krownz)","Unreleased song from early 2008, some bars would later be reused in Joyner Lucas' song I Didn't Go.",3:50,,,Full,High Quality,https://pillows.su/f/1db71f41df769f9a547f137bb4bf4d0f
Walk With Me Now / You'll Fly With Me Later,Lord Take Me,Unreleased song from this era. Reuses verses from Gotta Get Mine.,3:26,,,Full,High Quality,https://pillows.su/f/53bd87029ee8c480202e7fe245f12c95
Walk With Me Now / You'll Fly With Me Later,"Lord We Thank You
(prod. Divine Bars) (feat. Janyce)","Unreleased song that's likely from this era, but unconfirmed. Is cut off at the end making it a partial. Leaked online around 2009-2012. Was likely meant for the gospel side of the album.",?:??,,,Partial,High Quality,https://pillows.su/f/fc52b80c6f46aa9a38709d0471611f60
Walk With Me Now / You'll Fly With Me Later,"Love That Bitch [V1]
(feat. Janyce) (prod. Divine Bars)
(F That B#4$, Fuck That Bitch)","Leaked in 2009, was shortly released after on ""Mixtape"" in 2010, then it would be released on ""Undisputed"" in 2012 as a bonus track with different mixing and then would be released unofficially in its original quality with it's original mixing on ""Redemption Of The Beast"" in 2015.",3:12,,1/13/2015,Full,Lossless,https://pillows.su/f/b63453e54ac0dafded49b3db2b20d076
Walk With Me Now / You'll Fly With Me Later,"Lil' Room
(feat. Keith Murray)","""Released"" on Mixtape in 2010.",3:31,,,Full,CD Quality,https://pillows.su/f/c76ac4cf9f377a0a38858f7c2f186597
Walk With Me Now / You'll Fly With Me Later,"No Where To Hide
(feat. AZ)","""Released"" on Mixtape in 2010.",3:17,,,Full,High Quality,https://pillows.su/f/61f87232493cb1a80f23009edf192b91
Walk With Me Now / You'll Fly With Me Later,On and On [V3],"""Released"" on Redemption Of The Beast in 2015.",3:35,,1/13/2015,Full,Lossless,https://pillows.su/f/0bd55325cd8639d7aa31e7902024f049
Walk With Me Now / You'll Fly With Me Later,"One More Night [V2]
(prod. Dame Grease)","""Released"" on Redemption Of The Beast in 2015. Different vocal take. Could Be from 2006-2007.",3:44,,1/13/2015,Full,Lossless,https://pillows.su/f/cc7c911512c70aecff842d24cfe11ed3
Walk With Me Now / You'll Fly With Me Later,"Put 'Em Up
(prod. Divine Bars)","""Released"" on Mixtape in 2010. Was previously leaked in 2009 but was cut off at the end.",2:35,,,Full,High Quality,https://pillows.su/f/84b17473e917e8aec3aaae44ea73fcbf
Walk With Me Now / You'll Fly With Me Later,Prayer,"""Released"" on Mixtape in 2010. Has weird audio splicing throughout.",1:10,,,Full,CD Quality,https://pillows.su/f/905c5729f8956ef5d1e31bb5619edcc3
Walk With Me Now / You'll Fly With Me Later,"✨ Solid
(feat. Rampage)","""Released"" on Mixtape in 2010 and Redemption Of The Beast in 2015.",3:48,,1/13/2015,Full,Lossless,https://pillows.su/f/ce0a68b601e1b7908ec948dfde09ffea
Walk With Me Now / You'll Fly With Me Later,"⭐ Spit That Shit
(prod. Divine Bars)","Leaked in 2009 on a mixtape but would later be unofficially released on the album ""Redemption Of The Beast"" in 2015 in the original quality. Transitions from Built Like A Bitch.",3:58,,1/13/2015,Full,Lossless,https://pillows.su/f/7ae7b692948dd3830b35ba13f462c095
Walk With Me Now / You'll Fly With Me Later,"Sleep Til I'm Dead
(feat. ???)","A Seemingly unfinished song from this era, has 1 verse which was reused from Who Dat.",3:35,,,Full,High Quality,https://pillows.su/f/ecc583a9af8fa95fc6875acf0dad3dc0
Walk With Me Now / You'll Fly With Me Later,"Soldier [V1]
(prod. Divine Bars)","Released on an ""Evil Empire"" mixtape in 2009 in slightly higher quality. Lacks news segments which means it's likely an earlier version.",3:28,,,Tagged,High Quality,https://pillows.su/f/a838f32ba1c8d10421ce34c434f9711a
Walk With Me Now / You'll Fly With Me Later,"⭐ Soldier [V2]
(prod. Divine Bars)","Made after the Arizona arrest, making it from July 2008. Features news segments throughout the song. Could have been for the album but it isn't confirmed.",4:10,,,Full,High Quality,https://pillows.su/f/257ae1e67b7ed02fa1f4b31d0ca7c7d8
Walk With Me Now / You'll Fly With Me Later,"That's My Baby [V1]
(feat. Tyrese)","Has a longer Tyrese outro, from late 2009.",4:46,,,Full,High Quality,https://pillows.su/f/54d44a7907311943a9b35ce6d0952104
Walk With Me Now / You'll Fly With Me Later,"This Is That
(feat. Hell Rell)","""Released"" on Mixtape in 2010.",2:39,,,Full,Lossless,https://pillows.su/f/760941a699586d40f04d0c051cfe2d06
Walk With Me Now / You'll Fly With Me Later,"Time To Get Paid [V1]
(prod. Tronzilla)","Has minor beat differences from V2, only the censored version leaked so this would be a partial.",4:07,,,Partial,High Quality,https://pillows.su/f/73a777ac17df1c416cf015ad42ded10a
Walk With Me Now / You'll Fly With Me Later,"Time To Get Paid [V1] [Clean]
(prod. Tronzilla)",Censored version of V1.,4:07,,,Full,High Quality,https://pillows.su/f/73a777ac17df1c416cf015ad42ded10a
Walk With Me Now / You'll Fly With Me Later,"⭐ Time To Get Paid [V2]
(prod. Swizz Beatz & Tronzilla)","First 6 bars of the first verse would be used for the hook of Money Money Money.
From July 2010, beat can be heard in a jail video. Leaked by Tronzilla on SoundCloud. Was reused for Undisputed, but was likely scrapped to due lack of sample clearance.",4:07,,,Full,High Quality,https://pillows.su/f/e10fd3e1565110b939d464bd1d6b617d
Walk With Me Now / You'll Fly With Me Later,"U Ain't $$$tt
(feat. Loon & G Dep)","""Released"" on Mixtape in 2010.",3:50,,,Full,High Quality,https://pillows.su/f/b90ec82d21feffa20a7ed510dfd3c785
Walk With Me Now / You'll Fly With Me Later,"Where You Been [V2]
(feat. Freeway) (prod. Dame Grease)","Released unofficially on the album ""Redemption Of The Beast"" In 2015. Has a different vocal takes from X.",3:08,,1/13/2015,Full,Lossless,https://pillows.su/f/771864af649f3b4d743209317c83da68
Walk With Me Now / You'll Fly With Me Later,"What You Wanna Do
(feat. Kingston)",Unreleased song with Kingston from this era. Could be the song DMX talked about which was produced by Scott Storch.,4:30,,,Full,High Quality,https://pillows.su/f/a10017c01b973f64a187e9947e1eb04a
Walk With Me Now / You'll Fly With Me Later,"🥇 What They Don't Know [V1]
(prod. Swizz Beatz)
(It Ain't My Fault)","An early version of WTDK can be heard in a video, has a different vocal take.",?:??,,,Partial,Recording,https://pillows.su/f/2bbbdf4e0752568a56564b8854e8bdac
Walk With Me Now / You'll Fly With Me Later,"It Ain't My Fault [V2]
(prod. Swizz Beatz)
(What They Don't Know)","A version of the song with two open verses. Later be released in 2012 on ""Undisputed"". The song was apart of a few sessions with swizz beats from 2009-2010. It has extra adlibs and DJ scratches throughout.",3:15,,,Full,High Quality,https://pillows.su/f/2bee997b4bc638da5f997ac8d24fdfca
Walk With Me Now / You'll Fly With Me Later,"Y'all Don't Really Know [V1]
(prod. Swizz Beatz)
They Don't Really Know",Has scratches on the hook and 2 open verses. From 2008 or 2009.,4:18,,,Full,High Quality,https://pillows.su/f/15dc17884015cc33d5283da86ab972ad
Walk With Me Now / You'll Fly With Me Later,"✨ Y'all Niggaz [V1]
(prod. Jim Jonsin)
(I Don't Dance, In Da Club (Tonight),Ya’ll Niggas Bounce)",Solo version of I Don't Dance from 2008 with a different beat. Tagged version leaked December 27th 2008.,2:43,,,Full,High Quality,https://pillows.su/f/d83a07b04f3df09df5c0f292f9eca009
Walk With Me Now / You'll Fly With Me Later,"Clyde Carson - In Da Club (Tonight) [V2]
(feat. The Game & Sean Kingston) (prod. J.R. Rotem)
(I Don't Dance, Y'all Niggaz, Ya’ll Niggas Bounce)","Clyde Carson's version of I Don't Dance, beat was given to DMX .",4:05,,,Full,High Quality,https://pillows.su/f/3e816a6d858d504d36eb9091b2b8157e
Walk With Me Now / You'll Fly With Me Later,"I Don't Dance [V3]
(feat. Sean Kingston) (prod. J.R. Rotem)
(Y'all Niggaz, I Don't Dance, Ya’ll Niggas Bounce)","Version of I Don't Dance with Sean Kingston but DMX replacing The Game. For some reason still has Sean saying ""Compton"", which could mean this is a fake.",2:37,,,Full,High Quality,https://pillows.su/f/35693c2a6933bcdedfdc2fbfe66dcb3d
Walk With Me Now / You'll Fly With Me Later,"Ya’ll Niggas Bounce [V4]
(prod. J.R. Rotem)
(I Don't Dance, In Da Club (Tonight))","Solo version of I Don't Dance from 2010, has the release beat and an open verse.",3:50,,,Full,High Quality,https://pillows.su/f/6ad2cd9e3439d80c04b6e93ec42906a5
Walk With Me Now / You'll Fly With Me Later,"??? 
(feat. Eve) (prod. Swizz Beatz)","Unreleased Swizz Beatz produced song with Eve, Swizz also said that it was originally planned to be a DMX and Jadakiss song.",?:??,,,Confirmed,Not Available,https://web.archive.org/web/20100109102248/http://www.mtv.com/news/articles/1616853/20090723/swizz_beats.jhtml
Walk With Me Now / You'll Fly With Me Later,"??? 
(feat. Rick Ross)",An XXL article mentions how DMX recorded with Rick Ross for his album.,?:??,,,Confirmed,Not Available,https://www.xxlmag.com/dmx-released-from-jail-early-releases-new-single/
Walk With Me Now / You'll Fly With Me Later,"🥇 ??? 
(feat. T.I.)",An XXL article mentions how DMX recorded with T.I. for his album.,?:??,,,Confirmed,Not Available,https://www.xxlmag.com/dmx-released-from-jail-early-releases-new-single/
Walk With Me Now / You'll Fly With Me Later,"🥇 ???
(????. Kanye West)",Kanye West was set to appear on the album. Unknown if it was a feature or production.,N/A,,,Confirmed,Not Available,https://consequence.net/2009/09/dmx-ready-to-tear-off-new-music-meat/
Walk With Me Now / You'll Fly With Me Later,???,A video of a studio session with Dame Grease from 2010 features a song being recorded.,?:??,,,Snippet,Recording,https://youtu.be/FrbxcrDiCvo?si=A9LyAdPLxGlO_y6k
Walk With Me Now / You'll Fly With Me Later,"Beanie Sigel & Freeway - Silent Prayer
(feat. DMX) (prod. Batkave)","DMX was announced to be on ""The Roc Boys"" in 2010, but the release album does not feature him.",N/A,,,Confirmed,Not Available,https://www.xxlmag.com/beanie-sigel-freeway-team-up-for-roc-boys-street-album/
Walk With Me Now / You'll Fly With Me Later,"Busta Rhymes - Stop The Party (Remix)
(feat. DMX, Swizz Beatz, T.I., Edems, Ghostface & Cam'ron) (prod. Swizz Beatz)",Remix of Busta's song Stop The Party. From 2010.,4:11,,,Full,High Quality,https://pillows.su/f/8d5f4a262209c74c6d1b125d8414c27a
Walk With Me Now / You'll Fly With Me Later,"Dame Grease - ???
(feat. DMX) (prod. Dame Grease?)","DMX was said to appear on Dame Grease's album ""Sour Diesel"".",?:??,,,Confirmed,Not Available,https://web.archive.org/web/20070813065810/http://www.mtv.com/bands/m/mixtape_monday/042307/
Walk With Me Now / You'll Fly With Me Later,"DJ GQ - Bad Boy [V1]
(feat. DMX, Junior Reid & Mr. Slaughter)","Has a different verse, heard in a video.",?:??,,,Snippet,Recording,https://pillows.su/f/ec441ecf24ea76cb28b95be4c8efabd8
Walk With Me Now / You'll Fly With Me Later,"DJ GQ - Bad Boy [V2]
(feat. DMX, Junior Reid & Mr. Slaughter)",Unreleased DJ GQ song with DMX from this era.,3:46,,,Full,High Quality,https://pillows.su/f/ec441ecf24ea76cb28b95be4c8efabd8
Walk With Me Now / You'll Fly With Me Later,"🏆 Eminem - ???
(feat. Obie Trice & DMX)","Obie mentioned in an interview that him and DMX were going to be on a track for Em's album (Relapse), but when Relapse released, they were not on the album.",?:??,,,Confirmed,Not Available,https://web.archive.org/web/20210409191038/http://www.rapbasement.com/eminem/093008-obie-trice-says-he-will-join-dmx-on-a-song-for-eminems-new-album.html
Walk With Me Now / You'll Fly With Me Later,"ELI-N-ESS - Top Of The Game
(feat. DMX) (prod. DJ GQ & Master Lee)","OG Filename: ELI-N-ESS feat. DMX - Top of the Game
Some randos song that has DMX, reuses bars from You Don't Hear Me Though, was released on MySpace but the files on that site are wiped.",4:00,,,OG File,High Quality,https://pillows.su/f/2668d2b0de55fb481166a2b7c40dad32
Walk With Me Now / You'll Fly With Me Later,"G.A.G.E. - Uh Oh
(feat. DMX)","Was gonna be G.A.G.E.'s street single, X verse reuses bars from Who Dat. YT link is censored.",3:50,,,Full,High Quality,https://pillows.su/f/088c2549304a241452abc14e2726e750
Walk With Me Now / You'll Fly With Me Later,"Jadakiss - Who's Real (Remix)
(feat. Swizz Beatz, Eve, Sheek Louch, Styles P, DMX & Drag-On)",Remix of Jadakiss' song from 2009. Never had a proper release outside of the music video and the clean versions on promo CD's.,3:39,,,Full,High Quality,https://pillows.su/f/8062180ed080bf5c90500e9eea1ac80b
Walk With Me Now / You'll Fly With Me Later,"King Phaze - Yonkers Anthem
(feat. Styles P, Sheek Louch & DMX) (prod. Divine Bars)","Unreleased song from 2008, first couple of bars were reused in Y'all Don't Really Know.",3:55,,,Full,High Quality,https://pillows.su/f/f5c21c4c76c06e28e161070c319292d8
Walk With Me Now / You'll Fly With Me Later,"King Phaze - Get Down & Go Hard
(feat. DMX) (prod. Divine Bars)",Unreleased song with King Phaze from 2008.,3:55,,,Full,High Quality,https://pillows.su/f/5088241fc1bfd7c9c04529b46bbc7fb3
Walk With Me Now / You'll Fly With Me Later,"N.O.R.E. - Stay Flawless
(feat. DMX, Ja Rule & Yummy Bingham)","N.O.R.E throwaway song with X, Ja and Yummy Bingham from 2009.",4:53,,,Full,High Quality,https://pillows.su/f/7498842fae0a865035a83c65b272b146
Walk With Me Now / You'll Fly With Me Later,"Swizz Beatz - Back In Time
(feat. DMX & Mashonda) (prod. Neo Da Matrix)","Listed as a possible leftover from ""One Man Band Man"".",N/A,,,Confirmed,Not Available,https://www.dubcnn.com/connect/index.php?topic=143734.0
Walk With Me Now / You'll Fly With Me Later,Unknown [Dame Grease Collaborations],An MTV article mentions that Dame Grease had production on Walk With Me Now.,N/A,,,Confirmed,Not Available,https://web.archive.org/web/20090728063923/http://www.mtv.com/news/articles/1583469/20080314/dmx.jhtml
Walk With Me Now / You'll Fly With Me Later,Unknown [Divine Bars Collaborations],Devine Bars was set to produce on the album. Likely includes entries from the tracker.,N/A,,,Confirmed,Not Available,https://web.archive.org/web/20090728063923/http://www.mtv.com/news/articles/1583469/20080314/dmx.jhtml
Walk With Me Now / You'll Fly With Me Later,Unnkown [Janyce Collaborations],Janyce & Dmx would collaborate a lot during 2008. Janyce claims that she spent hours recording verses and hooks for DMX. This most likely means that there is more materal that hasn't been released or leaked yet. It is unknown how much material they recorded.,N/A,,,Confirmed,Not Available,https://www.rollingstone.com/music/music-features/dmx-gospel-album-1271728/
Walk With Me Now / You'll Fly With Me Later,🥇 Unknown [Nas Collaborations],Nas was said to be on Walk With Me Now in an article.,N/A,,,Confirmed,Not Available,https://web.archive.org/web/20090728063923/http://www.mtv.com/news/articles/1583469/20080314/dmx.jhtml
Walk With Me Now / You'll Fly With Me Later,Unknown [T-Pain Collaborations],T-Pain was said to be on You'll Fly With Me Later in an article.,N/A,,,Confirmed,Not Available,https://web.archive.org/web/20090728063923/http://www.mtv.com/news/articles/1583469/20080314/dmx.jhtml
Walk With Me Now / You'll Fly With Me Later,Unknown [2 PK Collaborations],PK was set to produce on the album. Get Up And Try Again is one of those collaborations. On an IG live in August 2026 he said he did 2 more songs.,N/A,,,Confirmed,Not Available,https://web.archive.org/web/20090728063923/http://www.mtv.com/news/articles/1583469/20080314/dmx.jhtml
Walk With Me Now / You'll Fly With Me Later,Unknown [Ruff Ryders Collaborations],"On January 31st 2008, DMX sent Swizz Beatz 5 verses for a Ruff Ryders album. DMX was ALSO announced to appear on a 2010 Ruff Ryders album.",N/A,,,Confirmed,Not Available,"https://web.archive.org/web/20090420040650/http://www.mtv.com/news/articles/1580683/20080130/swizz_beats.jhtml
https://hiphop-n-more.com/2010/01/ruff-ryders-ceo-confirms-reunion-album-ruff-ryders-evolution-generation-i-for-2010/"
Walk With Me Now / You'll Fly With Me Later,Unknown [Swizz Beatz Collaborations],In an interview Swizz Beatz Claimed he had 7 DMX songs ready to release after they got done making more. We know of 2 leaving 5.,N/A,,,Confirmed,Not Available,https://rapradar.com/2009/09/24/swizz-beatz-speaks-on-dmxs-return/
Walk With Me Now / You'll Fly With Me Later,Unknown [The Neptunes Collaborations],"The Neptunes were set to produce on the album & on January 31st 2008, Swizz said that DMX hooked up with Pharrell Williams.",N/A,,,Confirmed,Not Available,https://web.archive.org/web/20090728063923/http://www.mtv.com/news/articles/1583469/20080314/dmx.jhtml
"41 Total
9 Leaks
21 Confirmed
3 Partial
8 Full
1 OG File
6 Rumored
2 Snippet","Undisputed
(Redemption, Beast, People's Champ, Redemption Of The Beast)","(08/13/2010) (Walk With Me Now is seemingly scrapped, work on Undisputed starts)
(XX/XX/2011) (You'll Fly With Me Later is shelved)
(9/11/2012) (Undisputed is released)",,,,,,
Undisputed,??? [Full Album],"Unreleased gospel album X wanted to release after Undisputed, recorded during the Undisputed era.",N/A,,,Confirmed,Not Available,https://youtu.be/DIs9k8sn4A0?is=zaSQlWqRzS_L288u
Undisputed,Undisputed [V1],"A version of ""Undisputed"" with a different tracklist. Has only 15 songs and oddly no Prayer skit. This could imply that originally the prayer skit was featured on the beginning of a song and we know that there was a prayer skit that existed for the album at this point however it is only speculation. The album has features from The Notorious B.I.G. Some songs have different titles.",N/A,,,Partial,Various,https://www.complex.com/music/a/eric-diep/tracklist-dmx-undisputed
Undisputed,Undisputed [V2],A version of Undisputed with a different tracklist was listed for pre-order on Amazon before the album released.,N/A,,,Partial,Various,https://web.archive.org/web/20120828094858/https://www.amazon.com/Undisputed-DMX/dp/B008I34YB2
Undisputed,"Bam, Bam, Bam
(prod. Caviar)",Unreleased song made for Undisputed produced by Caviar who also announced it in 2011. The song wasn't posted to Youtube in 2012 in full or a snippet as those are fakes.,?:??,,,Confirmed,Not Available,https://www.vibe.com/music/music-news/producer-caviar-talks-producing-new-music-dmx-goodie-mob-and-ti-71668/
Undisputed,"Change Is Gonna Come
(prod. Swizz Beatz)","Throwaway from Undisputed, leaked by Swizz Beatz in 2010.",3:39,,,Full,High Quality,https://pillows.su/f/94a6467da18b6c75f3cc1ab26516c707
Undisputed,Danininin,Seen as track 15 on an early Amazon pre-order tracklist for Undisputed.,?:??,,,Confirmed,Not Available,https://web.archive.org/web/20120828094858/https://www.amazon.com/Undisputed-DMX/dp/B008I34YB2
Undisputed,"Get Your Money Up [V1]
(prod. Swizz Beatz)","OG Filename: DMX - Get Your Money Up Explicit Prod. by Swizz Beatz.mp3
Beat is a bit different, filename comes from MySpace.",2:20,,,OG File,CD Quality,https://pillows.su/f/b8fe63b928ae71e98b137127ba0db266
Undisputed,"I Got Your Back [V1]
(feat. Kashmir?) (prod. Cavier & G'Sparkz)","X originally wanted Mary J. Blige on the song, but they never got her, it's likely a version without the hook exists or that Kashmir's hook was a ref for her but got used anyway.",~3:15,,,Rumored,Not Available,https://www.vibe.com/music/music-news/producer-caviar-talks-producing-new-music-dmx-goodie-mob-and-ti-71668/
Undisputed,"Otis (Remix) [V1]
(prod. Kanye West)","Played by Busta in a video, doesn't have him on the intro so it's likely he didn't record by this point and it had opens for him.",~3:21,,,Snippet,Recording,https://pillows.su/f/600224fe6d6d9126359e114cdc786b99
Undisputed,"✨ Otis (Remix) [V2]
(with Busta Rhymes) (prod. Kanye West)","DMX and Busta remix of Otis, recorded shortly after DMX got out of jail in late July/early August 2011.",3:21,,8/6/2011,Full,High Quality,https://pillows.su/f/b63c22c4e191e20b0b3cea83eb600cb1
Undisputed,"Shit Don't Change [V1]
(feat. Snoop Dogg) (prod. Dr. Dre)
(Boss' Life)","Original version of Shit Don't Change that was leaked before The Weigh In released. Has different mixing, no Snoop intro and different DMX vocal takes on the hook. Both verses were reused for the song under YDRK V2, the second verse was reused for Money Money Money.",4:28,,,Full,High Quality,"https://pillows.su/f/4d177e063f4de9745d53ccbba568f03e
https://pillows.su/f/6eb52317b7b24115ae791c8ff1efbc0a"
Undisputed,"Sucka For Love [V1]
(prod. Deezle)
(Sucka 4 Love)","Original version of Sucka For Love which would be released on ""Undisputed"". This version is likely a demo since there no female Vocals and DMX sings the Reference Parts.",4:14,,,Full,High Quality,https://pillows.su/f/907697204de994caa7100d22f1d0eefa
Undisputed,"✨ Y'all Don't Really Know [V2]
(feat. Busta Rhymes) (prod. Swizz Beatz)",Finished version of the song with Busta Rhymes.,3:49,,,Full,High Quality,https://pillows.su/f/c7193fc0f34450a5c6915a8b5a1b819c
Undisputed,"Y'all Don't Really Know [V3]
(feat. Busta Rhymes) (prod. Swizz Beatz)",The clean version is 17 seconds longer so it's likely that a uncensored version of this length exists.,~4:06,,,Confirmed,Not Available,https://pillows.su/f/c7193fc0f34450a5c6915a8b5a1b819c
Undisputed,"Y'all Don't Really Know [Clean]
(feat. Busta Rhymes) (prod. Swizz Beatz)","Clean version of the song, song is 17 seconds longer.",4:06,,,Full,High Quality,https://pillows.su/f/4303c8b2e52d94822c0393507d702af5
Undisputed,???,A digital photographer mentioned being in the studio with DMX 5 years ago in 2016.,?:??,,,Rumored,Not Available,https://x.com/kolbyster/status/760717387566047232
Undisputed,"???
(prod. Caviar)","A throwaway that reuses both verses from Shit Don't Change but is otherwise a different song, partially heard in a studio recording. Samples ""The Champ"" by Mohawk. Likely produced by Caviar.",?:??,,,Partial,Recording,https://pillows.su/f/894ccdb7abe260ad03b50e5501a542ad
Undisputed,"???
(prod. Dame Grease)",DMX said that he worked with Dame Grease for his album in September 2010. Could be the songs that were made in Walk With Me Now era.,N/A,,,Confirmed,Not Available,https://youtu.be/sk8GOvSZBtg?si=_s_4X5GbWUx7_c_n
Undisputed,"??? 
(feat. Drag-On)",DMX mentioned he had a song with Drag-On.,N/A,,,Confirmed,Not Available,"The Big Q&A: DMX Speaks Out From Jail, Talks Sobriety, Starting Over, His New Album And Reality Show (Pt.1) https://www.vibe.com/news/entertainment/big-qa-dmx-speaks-out-jail-talks-sobriety-starting-over-his-new-album-and-reality-show-pt1-0-40366/"
Undisputed,"??? 
(feat. Jeniffer Hudson)",Jennifer Hudson was gonna be on Undisputed.,N/A,,,Confirmed,Not Available,https://web.archive.org/web/20160306152909/http://hiphopdx.com/news/id.18150/title.dmx-undisputed-tracklist-production-credits
Undisputed,"???
(feat. Nas)",DMX said in 2011 that he was going to get Nas on the album. Unknown if he did.,N/A,,,Rumored,Not Available,https://www.vibe.com/music/music-news/dmx-talks-working-nas-belly-2-and-more-pg-3-44993/
Undisputed,"???
(prod. PK)",DMX said that he worked with PK for his album in 2010.,N/A,,,Confirmed,Not Available,https://youtu.be/sk8GOvSZBtg?si=_s_4X5GbWUx7_c_n
Undisputed,"???
(feat. Sean Kingston) (prod. Scott Storch)",DMX said that he worked with Scott Storch for his album in 2010. He later said that Sean Kingston was on a Scott Storch track.,N/A,,,Confirmed,Not Available,"https://youtu.be/sk8GOvSZBtg?si=_s_4X5GbWUx7_c_n
https://www.billboard.com/music/music-news/dmx-leaving-jail-next-month-working-on-new-album-470197/"
Undisputed,"???
(prod. Swizz Beats)","DMX said that he worked with Swizz Beatz for his album in 2010, could be What They Don't Know or Y'all Don't Really Know.",N/A,,,Confirmed,Not Available,https://youtu.be/sk8GOvSZBtg?si=_s_4X5GbWUx7_c_n
Undisputed,"??? 
(feat. The LOX)",DMX mentioned he had a song with The LOX.,N/A,,,Confirmed,Not Available,"The Big Q&A: DMX Speaks Out From Jail, Talks Sobriety, Starting Over, His New Album And Reality Show (Pt.1) https://www.vibe.com/news/entertainment/big-qa-dmx-speaks-out-jail-talks-sobriety-starting-over-his-new-album-and-reality-show-pt1-0-40366/"
Undisputed,"Divine Bars - Don't Play Games [V1]
(prod. Divine Bars) (feat. DMX)","Was released on the ""Fly Life Episode 1"" Mixtape which was online for a bit but got taken down, now it only exists on hard to find physical copies which are likely in circulation. It would later be released on ""DMX Ryders"" in 2017 in mediocre quality. If you have the original version in a higher quality please reach out.",3:34,,,Full,High Quality,https://pillows.su/f/67960157ea31ed0c2f5c89c161ab0307
Undisputed,"Nas - Street Shit [V1]
(feat. Swizz Beatz) (prod. Swizz Beatz)
(Bath Salts, Just Because, Zombie, Escobar Season Returns)","Original version of ""Street Shit"" previewed at the 'Life Is Good' listening party. Has a hook from Swizz Beatz and Nas' verse opens the song. It's likely Nas had more verses, but the full song wasn't played so we can't know for sure.",?:??,,,Confirmed,Not Available,"https://soulculture.com/nas-previews-life-is-good-album-in-new-york-recap-video
https://web.archive.org/web/20120629050146/http://www.ddotomen.com/2012/06/15/nas-life-is-good-listening-session-review"
Undisputed,"Swizz Beatz - Skyscrapers [V1]
(prod. Swizz Beatz, Musicman Ty, Jerry Duplessis & Arden Altino)","Version played to Kanye, before he recorded. Unknown if Bono was on it at this point.",?:??,,,Confirmed,Not Available,https://web.archive.org/web/20230622150515/https://www.mtv.com/news/v0ca1u/swizz-beatz-kanye-bono-skyscrapers
Undisputed,"Swizz Beatz - Skyscrapers [V2]
(feat. Kanye West) (prod. Swizz Beatz, Musicman Ty, Jerry Duplessis & Arden Altino)","Swizz said Kanye recorded ""three verses, the chorus... and a bridge"". Confirmed to have been fully finished and solo Kanye, just one of his verses being used on the leaked version. It is possible that elements of the bridge and chorus were reused for Bono's version, where he also does a chorus and bridge.",?:??,,,Confirmed,Not Available,https://web.archive.org/web/20230622150515/https://www.mtv.com/news/v0ca1u/swizz-beatz-kanye-bono-skyscrapers
Undisputed,"Swizz Beatz - Skyscrapers [V3]
(feat. Kanye West & Bono) (prod. Swizz Beatz, Musicman Ty, Jerry Duplessis & Arden Altino)","Unreleased track from Swizz Beatz's scrapped album Haute Living. Cuts down the Kanye vocals, with only one verse in the final song. Released as a DMX track in 2021, without Kanye.",3:33,,9/27/2019,Full,CD Quality,https://pillows.su/f/0a0d03bf8fff7c1136e5735bec49122f
Undisputed,"Swizz Beatz - Skyscrapers [V4]
(feat. Kanye West & Bono) (prod. Swizz Beatz, Musicman Ty, Jerry Duplessis & Arden Altino)",Version previewed by Swizz Beatz. Has a different Kanye vocal take.,?:??,,,Snippet,Recording,"https://www.youtube.com/watch?v=pgIJDBKKrz8
https://pillows.su/f/bf6533ce56527d0302a486835e83b258"
Undisputed,"Swizz Beatz - ???
(feat. DMX)",DMX was supposed to be on Swizz Beatz mixtape but it didn't release.,N/A,,,Confirmed,Not Available,https://web.archive.org/web/20251123075546/https://hiphopdx.com/news/swizz-beatz-enlists-nas-dmx-the-lox-rick-ross-aap-rocky-for-new-mixtape/
Undisputed,Unknown [Dr. Dre Detox Collaborations],"Swizz Beatz mentioned in 2012 he was getting DMX into the fold to work for Detox. As of the interview, DMX hadn't actually worked on it yet, so it's unknown if he actually ended up doing so.",N/A,,,Rumored,Not Available,https://www.google.com/url?q=https://www.xxlmag.com/swizz-beatz-talks-working-on-dr-dres-detox-album-collaborating-with-dmx/&sa=D&source=editors&ust=1781929770485501&usg=AOvVaw2b8gCNblCjBjNfZrRA02Ur
Undisputed,Unknown [Dame Grease Collaborations],In an interview Dame Grease Claimed he was making music with DMX again.,N/A,,,Confirmed,Not Available,https://www.vibe.com/news/entertainment/producer-dame-grease-talks-dmx-arrest-says-hes-been-clean-51297/
Undisputed,Unknown [Tyrese Collaborations],"In June of 2011 DMX said his album would feature Tyrese. He was likely referring to ""Who's Fuckin You"" seen on a Redemption Of The Beast Tracklist but it's not confirmed which means they might have made more music.",N/A,,,Confirmed,Not Available,https://www.billboard.com/music/music-news/11-anticipated-album-updates-madonna-dmx-nickelback-and-more-469132/
Undisputed,Unknown [Waka Flocka Flame Collaborations],In an interview Waka said he was trying to get DMX on a track. It's unknown if DMX ever did anything with it so it'll stay rumoured for now.,N/A,,,Rumored,Not Available,https://www.billboard.com/music/music-news/waka-flocka-flame-readies-sophomore-album-talks-dmx-drake-collabos-464986/
Undisputed,Unknown ~26 Tracks,DMX mentioned he did 26 songs from August to November 2010. Some of these could've been released or leaked.,N/A,,,Confirmed,Not Available,https://www.billboard.com/music/music-news/dmx-leaving-jail-next-month-working-on-new-album-470197/
Undisputed,Unknown [Masters],"Seven Arts Entertainment's label CEO claims he has 52 Masters, some have been released but that leaves a few unhead masters.",N/A,,,Confirmed,Not Available,https://allhiphop.com/news/label-ceo-says-dmx-fully-cooperated-on-redemption-of-the-beast-album/
Undisputed,Unknown [10 Gospel Songs],10 Gospel songs recorded during the Undisputed era for the unreleased gospel album.,N/A,,,Confirmed,Not Available,https://youtu.be/DIs9k8sn4A0?is=zaSQlWqRzS_L288u
Undisputed,Unknown [7 Songs],DMX mentioned he had 7 more tracks to lay. Unknown if he ever did.,N/A,,,Rumored,Not Available,"The Big Q&A: DMX Speaks Out From Jail, Talks Sobriety, Starting Over, His New Album And Reality Show (Pt.1) https://www.vibe.com/news/entertainment/big-qa-dmx-speaks-out-jail-talks-sobriety-starting-over-his-new-album-and-reality-show-pt1-0-40366/"
Undisputed,Unknown [4 Albums Of Material],In a 2012 interview X said that he had 4 albums of material.,N/A,,,Confirmed,Not Available,https://allhiphop.com/news/new-dmx-album-undisputed-first-of-two-unreleased-albums-being-released-in-2012/
"57 Total
16 Leaks
18 Confirmed
12 Snippet
10 Rumored
2 Full
13 OG File
1 Tagged
1 Partial",Hiatus,"(9/11/2012) (Undisputed is released)
(??/??/2013) (DMX starts working on an album but scraps it the same year)
(??/??/2015) (DMX starts working on another album)
(??/??/2017) (DMX ends up scrapping it as well)
(??/??/2019) (DMX starts working on another album but scraps it the same year)
(7/22/2020) (DMX appears at Verzuz with Snoop Dogg)",,,,,,
Hiatus,Unknown [Multiple Albums],"DMX worked on multiple albums from 2013 to 2020 but all of them got scrapped and not much about them was known. One of these was being recorded in Nashville in June 2020, but it got seemingly scrapped quickly.",?:??,,,Confirmed,Not Available,"https://hiphop-n-more.com/2013/11/swizz-beatz-executive-producing-dmxs-comeback-album/
https://djbooth.net/features/2019-09-23-dmx-on-making-new-music-in-2019-better-than-everything/
https://youtu.be/WkbUhx0g-Ak?si=pxsCPlPM3MRf5FE5
33:10 X was in Nashville in June working on an album"
Hiatus,"Foolish [V1]
(prod. Divine Bars)
(You May Not Understand)","In a few Instagram posts Divine previews a pretty divine beat. DMX likely recorded for it, it also likely features an artist but that is unconfirmed and purely speculation.",?:??,,,Snippet,Recording,"https://www.instagram.com/p/BLJ2IIQhZGA/?igsh=aGF0cXM4M2h2OWk=
https://www.instagram.com/p/BKMs4ioBrJD/?igsh=MW5oZ3JxdXg5N29sZw=="
Hiatus,"Foolish [V2]
(prod. Divine Bars)
(You May Not Understand)",A finished version with DMX verses likely exists.,?:??,,,Rumored,Not Available,N/A
Hiatus,"🏆 The Gas Man
(feat. Realamane) (prod. Drumma Boy)",A radio station tweeted about Realamane recording a new single with DMX called The Gas Man.,?:??,,,Confirmed,Not Available,https://x.com/WYYT1063FM/status/508994091502170113
Hiatus,"That's My Dog [V1]
(feat. Swizz Beatz) (prod. araabMUZIK & Swizz Beatz)","In an Instagram post from 2015 Swizz teases a snippet of the song. It would later be released in 2021 on the album ""Exodus"". Unknown if it features The L.O.X. at this point.",?:??,,,Snippet,Recording,https://pillows.su/f/0d6f7ee5895b44e7e1f1f99a01505826
Hiatus,Know What I Am [V1],"According to M80, Know What I Am was recorded around 2014 and was not intended for release. This version of the song has different production.",?:??,,,Rumored,Not Available,https://thebreakfastclub.iheart.com/content/2022-06-27-dmxs-new-posthumous-song-is-reportedly-fake/
Hiatus,"Monster [V1]
(prod. Divine Bars)",In an instagram post Divine Bars shows DMX in the studio laying down a verse for Monster which means a demo of the song exists. It's unknown if the song features anyone at this point.,?:??,,,Snippet,Recording,https://www.instagram.com/p/8ODmV4FwX_/?igsh=MXE4NWtpMXBoaWVsNQ==
Hiatus,Ya Dig,Only released as a music video in 2014.,3:17,,,Full,CD Quality,https://www.youtube.com/watch?v=VVx0G-ZKX14
Hiatus,Unknown [Divine Bars Collaborations],"In an instagram post Divine claimed there was new music coming out soon, likely hinting at an album release.",N/A,,,Confirmed,Not Available,https://www.instagram.com/p/8N9fm5lwda/?igsh=Znk4ZDZkMXBvcmU4
Hiatus,Unknown [Ski Mask The Slump God Collaboration],"Ski Mask tweeted about a DMX song with him releasing soon in 2019, it did not release.",?:??,,,Rumored,Not Available,https://x.com/THESLUMPGOD/status/1089841759918665728
Hiatus,Unknown [Swizz Beatz Collaborations],Swizz Beatz was executively producing a DMX album in 2013.,N/A,,,Confirmed,Not Available,https://hiphop-n-more.com/2013/11/swizz-beatz-executive-producing-dmxs-comeback-album/
Hiatus,Unknown [The L.O.X. Collaborations],"According to The L.O.X. DMX was going to be on ""We Are The Streets II"". The project never released however and neither did anything with DMX.",N/A,,,Rumored,Not Available,https://www.billboard.com/music/rb-hip-hop/the-lox-filthy-america-its-beautiful-album-interview-7597110/
Hiatus,🏆 Unknown [Kanye West & Dr. Dre Collaboration],Swizz Beats mentioned in an Instagram post from March 2016 that the DMX album only needed the Dre and Kanye tracks finished before it was complete. It's unknown if he meant production or a feature.,N/A,,,Confirmed,Not Available,https://www.instagram.com/p/BC_0hgCyDMD/?utm_source=ig_embed
Hiatus,"???
(feat. Tory Lanez)","DMX can be seen in the studio recording, the post has Tory Lanez as a hashtag so it's possible they did a song together.",?:??,,,Rumored,Not Available,https://www.instagram.com/p/B-OkegupmVh/
Hiatus,???,"In an Instagram Post from 2015 DMX can be seen spitting a verse which later would be used on the leaked remix of ""Real Friends"" by Kanye west. The verse can't have originally been for the remix because DMX's verse was made a year before ""Real Friends"" even released so it's unknown what it originally was meant for.",?:??,,,Snippet,Recording,https://www.instagram.com/p/8EUhunyhLf/?igsh=MXZhNjYyaXMzdmxkdA%3D%3D
Hiatus,???,In an Instagram from 2016 DMX can be seen in a studio jamming out. It's unknown if this is an actual song or if he was just having fun.,?:??,,,Snippet,Recording,https://www.instagram.com/p/BN_h8O_DXM7/?igsh=MTljZHE5cHJ3aWRzZQ%3D%3D
Hiatus,???,"DMX can be seen in the studio, the post mention's X being back so it's likely he recorded something here.",?:??,,,Rumored,Not Available,https://www.instagram.com/p/B-GMaoPJlHQ/
Hiatus,???,"DMX can be seen in the studio, the post mention's X being back so it's likely he recorded something here.",?:??,,,Rumored,Not Available,https://www.instagram.com/p/B-A6LOJp00a/
Hiatus,???,Unknown song heard in this behind the scenes video.,?:??,,,Snippet,Recording,https://www.youtube.com/watch?v=kBUZnCniclc
Hiatus,"???
(prod. Divine Bars)","in an Instagram post from 2016 Divine can be seen playing a beat he's working on, meant for DMX. Unknown if he recorded for it",?:??,,,Snippet,Recording,https://www.instagram.com/p/BJ9QNCEhUbW/?igsh=Z3VveGhxdzN2Y3dn
Hiatus,"???
(prod. Divine Bars)",In an Instagram post from 2016 DMX can be seen writing lyrics to an unheard beat while on the side of the road.,?:??,,,Snippet,Recording,https://www.instagram.com/p/BLv6cckh2L_/?igsh=eHBtbjMycDh2Nmdr
Hiatus,"???
(prod. Divine Bars)",In an Instagram post from 2018 Divine can be seen playing a snippet of an instrumental. It's unknown if DMX ever recorded for it.,?:??,,,Snippet,Recording,https://www.instagram.com/p/Bh5P8HDHlOy/?igsh=MXJ1Y2JjNzI3NWs5eQ%3D%3D
Hiatus,"???
(prod. Swizz Beatz)
(Whole Load Of Nothing)",In a video we see Swizz playing a song with him on the hook and DMX singing along.,?:??,,,Rumored,Recording,https://pixeldrain.com/u/kdJPYp6Q
Hiatus,"???
(prod. Swizz Beatz)",An audio engineer mentioned that Swizz Beatz and X are in the studio recording.,?:??,,,Confirmed,Not Available,https://x.com/ShawnCaliber/status/519374268044677120
Hiatus,"???
(prod. Swizz Beatz)","Photo of DMX posted in studio by Swizz Beatz, they possibly recorded something in this session.",?:??,,,Confirmed,Not Available,https://www.instagram.com/p/s4U1E4yDPR/
Hiatus,"???
(prod. Dame Grease)","A Dame Grease produced song from 2014. Heard in a video, later heard in another video 7 years later.",?:??,,,Snippet,Recording,"https://pillows.su/f/03897dbd84e7e4fabb7893f714f30d9e
https://pixeldrain.com/u/Ud9XXQY1"
Hiatus,"CBSmooth1 - ???
(feat. DMX)",CBSmooth1 mentioned how hes gonna release a DMX song in Summer 2017 on January 20th 2017.,?:??,,,Confirmed,Not Available,https://www.instagram.com/p/BPeBriTh1hH/
Hiatus,"Casanova - Don't Play Games) [V1]
(feat. DMX) (prod. Divine Bars)","First iteration of this version of the song which was created on the 14 of June, 2020. It's unknown what differences there were.",N/A,,,Confirmed,Not Available,N/A
Hiatus,"Casanova - Don't Play Games [V2]
(feat. DMX) (prod. Divine Bars)","Dates back to the 5th of July, 2020. Unknown what the differences are.",N/A,,,Confirmed,Not Available,N/A
Hiatus,"Casanova - Don't Play Games [V3]
(feat. DMX) (prod. Divine Bars)","OG Filename: Casanova x DMX - Don't Play Games (already mixed & mastered just need files)
Open verse version of the song which was updated one day after the original. Doesn't feature any DMX verses. Obtained from the Roc Nation Box Leak.",3:48,,3/14/2026,OG File,CD Quality,Lost
Hiatus,"Casanova - Don't Play Games [V4]
(feat. DMX) (prod. Divine Bars)",Likely the first completed version with both DMX and Casanova.,N/A,,,Confirmed,Not Available,N/A
Hiatus,"Casanova - Don't Play Games [V6]
(feat. DMX) (prod. Divine Bars)","The song was updated on the 19th of July. It is unknown what differences there were, (V5 is one of the entries below).",N/A,,,Confirmed,Not Available,N/A
Hiatus,"Casanova - Don't Play Games [16 Bit]
(feat. DMX) (prod. Divine Bars)","OG Filename: Dont Play Games dmx x casanova [EXPLICIT] 16 BIT_1.wav
Leaked in a mass Box leak from Roc Nation. OG File of the 16 bit explicit version.",2:40,,3/14/2026,OG File,Lossless,https://pillows.su/f/ec53987ad7454553c0485b4270997692
Hiatus,"Casanova - Don't Play Games [24 Bit]
(feat. DMX) (prod. Divine Bars)","OG Filename: Dont Play Games dmx x casanova [EXPLICIT] 24 BIT_1.wav
Leaked in a mass Box leak from Roc Nation. OG File of the 24 bit explicit version.",2:40,,3/14/2026,OG File,Lossless,https://pillows.su/f/dcd167097a8fdc7dc9a596a0411677b7
Hiatus,"Casanova - Don't Play Games [Clean 16 Bit]
(feat. DMX) (prod. Divine Bars)","OG Filename: Dont Play Games dmx x casanova [clean] 16 BIT_1.wav
Leaked in a mass Box leak from Roc Nation. OG File of the 16 bit clean version.",2:40,,3/14/2026,OG File,Lossless,https://pillows.su/f/c3a5dba221ccca6e58dcde72bb4c2970
Hiatus,"Casanova - Don't Play Games [Clean 24 Bit]
(feat. DMX) (prod. Divine Bars)","OG Filename: Dont Play Games dmx x casanova [clean] 24 BIT_1.wav
Leaked in a mass Box leak from Roc Nation. OG File of the 24 bit clean version.",2:40,,3/14/2026,OG File,Lossless,https://pillows.su/f/3c7a91bb01fb981b3e8f316b82de7b39
Hiatus,"Christian Rap - Can't Lose [V1]
(feat. DMX) (prod. ???)","The uncut version of Can't Lose. The song was originally on a mixtape called ""Ultimate Proof"" however afterwards the song would be cut down so it only featured DMX. The cut version would also leak in 2016.",4:51,,,Full,High Quality,https://pillows.su/f/66df485776864105659ac838289707d9
Hiatus,Dame D.O.L.L.A.  - ??? [V1],"While working on his 2nd album, Dame D.OL.L.A. wanted an X feature so he contacted X's team and sent this song over to him, likely a open verse for X.",?:??,,,Rumored,Not Available,https://www.revolt.tv/article/2021-08-26/99885/dame-d-o-l-l-a-says-he-has-an-unreleased-song-with-dmx
Hiatus,"Dame D.O.L.L.A.  - ??? [V2]
(feat. DMX)","X sent the song back to him and it had a lot of adlibs & growling, but the song ended up not releasing.",?:??,,,Confirmed,Not Available,https://www.revolt.tv/article/2021-08-26/99885/dame-d-o-l-l-a-says-he-has-an-unreleased-song-with-dmx
Hiatus,"Forever M.C. & It's Different - King Kong [V1]
(feat. DMX)","DMX recorded before everyone else, unsure if it was bounced with open verses.",?:??,,,Rumored,Not Available,https://www.youtube.com/watch?v=kBUZnCniclc
Hiatus,"IDK - Dream [V1]
(prod. ???) (feat. DMX)
(START TO FiNiSH, STF)","IDK recorded a song with DMX in 2020 called ""Dream"", this song never ended up being used as it just disappeared from IDK's files. Parts of DMX's verse were re-sent to IDK for ""START TO FiNiSH"" by Pat Gallo.",N/A,,,Confirmed,Not Available,https://www.thelineofbestfit.com/news/idk-reveals-new-single-s-t-f-featuring-late-rapper-dmx
Hiatus,"✨ Kanye West - Real Friends (Remix)
(feat. DMX & Ty Dolla $ign)","Official remix with a verse from DMX. Was announced by Swizz Beatz in 2016 on Instagram, but never released.",4:44,,12/21/2017,Tagged,High Quality,https://pillows.su/f/a5da50f5742d0410e81ee2586f21c3be
Hiatus,"Swizz Beatz - Just Because [V2?]
(feat. JAY-Z) (prod. Swizz Beatz)
(Street Shit, Bath Salts, Zombie, Escobar Season Returns)","According to Swizz Beatz, he sent the beat for ""Bath Salts"" to each of the artists seperately, remarking ""I sent the beat, so you never know when you’re going to get what you’re going to get back,"" meaning he likely got sent back a solo demo by each artist. Unknown which order they were sent in.",?:??,,,Confirmed,Not Available,https://www.complex.com/music/a/j-mckinney/dmx-exodus-making-of-swizz-beatz-interview
Hiatus,"Swizz Beatz - Just Because [V3?]
(feat. Jadakiss) (prod. Swizz Beatz)
(Street Shit, Bath Salts, Zombie, Escobar Season Returns)","According to Swizz Beatz, he sent the beat for ""Bath Salts"" to each of the artists seperately, remarking ""I sent the beat, so you never know when you’re going to get what you’re going to get back,"" meaning he likely got sent back a solo demo by each artist. Unknown which order they were sent in.",?:??,,,Confirmed,Not Available,https://www.complex.com/music/a/j-mckinney/dmx-exodus-making-of-swizz-beatz-interview
Hiatus,"Swizz Beatz - Just Because [V4?]
(feat. J. Cole) (prod. Swizz Beatz)
(Street Shit, Bath Salts, Zombie, Escobar Season Returns)","Swizz Beatz previewed a version of ""Bath Salts"" with a J. Cole verse in his beat battle with Timbaland in 2021, just days after the release of DMX's posthumous album 'Exodus'. It's unclear if this Cole verse was intended to be a remix of Bath Salts, but our best assumption is that Swizz sent the song to Cole when he was making the version previewed at his beat battle with Just Blaze, and he ended up sending back a solo demo but not making the cut (though this is unconfirmed). When playing JAY-Z's verse prior, Swizz says ""that's the cute version"", which at least confirms that Jay isn't on there.",?:??,,,Snippet,Recording,https://www.complex.com/music/a/j-mckinney/dmx-exodus-making-of-swizz-beatz-interview
Hiatus,"Swizz Beatz - Just Because [V5?]
(feat. DMX) (prod. Swizz Beatz)
(Street Shit, Bath Salts, Zombie, Escobar Season Returns)","According to Swizz Beatz, he sent the beat for ""Bath Salts"" to each of the artists seperately, remarking ""I sent the beat, so you never know when you’re going to get what you’re going to get back,"" meaning he likely got sent back a solo demo by each artist. Unknown which order they were sent in.",?:??,,,Confirmed,Not Available,https://www.complex.com/music/a/j-mckinney/dmx-exodus-making-of-swizz-beatz-interview
Hiatus,"🏆 Swizz Beatz - Just Because [V6?]
(feat. Nas, JAY-Z, DMX & Jadakiss) (prod. Swizz Beatz)
(Street Shit, Bath Salts, Zombie, Escobar Season Returns)","A later version of the song that would eventually become ""Bath Salts"" by DMX, played by Swizz Beatz at a beat battle with Just Blaze. Has a Jadakiss feature and additional Nas vocals that are either part of an additional verse or part of the hook. Both of these would be scrapped from the final release. Was going to be on Swizz's album 'POISON' in 2018, but was left off the tracklist due to Swizz feeling like it would overshadow the other songs. It's possible the track was touched up after 'Life Is Good' during Nas and Swizz' 2016 sessions. Confirmed to have been called ""Just Because"" at this point.",?:??,,,Partial,Recording,https://www.youtube.com/watch?v=Ni78SuV39Vc
Hiatus,"The LOX - Scram Jones [V1]
(prod. Scram Jones)
(Bout Shit)","OG Filename: 01 Scram Jones.mp3
Leaked in a mass Box leak from Roc Nation. Lacks DMX and has a less developed beat. From 2018 going off metadata.",3:23,,3/14/2026,OG File,High Quality,https://pillows.su/f/eaaab39286d0dc0f44541141fad7eaf4
Hiatus,"The LOX - Bout Shit [V2]
(prod. Scram Jones)
(Scram Jones)","OG Filename: 12 Bout Shit ft. DMX produced by Scram Jones.mp3
Leaked in a mass Box leak from Roc Nation. Has a less developed beat and a slightly different intro and features X. From 2019 going off metadata..",4:23,,3/14/2026,OG File,High Quality,https://pillows.su/f/7300de8b31a1a0480679f063d89dd2e7
Hiatus,"The LOX - Bout Shit [V3]
(prod. Scram Jones)
(Scram Jones)","Going off the entry belows filename, another version should exist.",~4:20,,,Confirmed,Not Available,N/A
Hiatus,"The LOX - Bout Shit [V4]
(prod. Scram Jones)
(Scram Jones)","OG Filename: Version No 4.mp3
Leaked in a mass Box leak from Roc Nation. Uses the beat from V1 & lacks the intro. From 2020 going of metadata.",4:20,,3/14/2026,OG File,High Quality,https://pillows.su/f/2fcb895aea5602de04f2e57f5cb0f2a5
Hiatus,"The LOX - Bout Shit [V5]
(prod. Scram Jones)
(Scram Jones)","OG Filename: BOUT SHIT - NEW VERSION.mp3
Leaked in a mass Box leak from Roc Nation. Has a different intro.",4:11,,3/14/2026,OG File,High Quality,https://pillows.su/f/43882b4a664d0d6dc505e11987409d26
Hiatus,"The LOX - Bout Shit [16 Bit]
(prod. Scram Jones)
(Scram Jones)","OG Filename: 03 - BOUT SHIT (explicit)_16.wav
Leaked in a mass Box leak from Roc Nation. OG File of the 16 bit explicit version.",4:21,,3/14/2026,OG File,Lossless,https://pillows.su/f/4b23c256d8a99b3bb1147f71e493bd40
Hiatus,"The LOX - Bout Shit [24 Bit]
(prod. Scram Jones)
(Scram Jones)","OG Filename: 03 - BOUT SHIT (explicit)_24.wav
Leaked in a mass Box leak from Roc Nation. OG File of the 24 bit explicit version.",4:21,,3/14/2026,OG File,Lossless,https://pillows.su/f/37c3d41e52a55254ae50462d867117cf
Hiatus,"The LOX - Bout Shit [Radio 16 Bit]
(prod. Scram Jones)
(Scram Jones)","OG Filename: 03 - BOUT SHIT (radio)_16.wav
Leaked in a mass Box leak from Roc Nation. OG File of the 16 bit radio version.",4:21,,3/14/2026,OG File,Lossless,https://pillows.su/f/e9a6ae776c6015fd9ee03fb90cfd6a51
Hiatus,"The LOX - Bout Shit [Radio 24 Bit]
(prod. Scram Jones)
(Scram Jones)","OG Filename: 03 - BOUT SHIT (radio)_24.wav
Leaked in a mass Box leak from Roc Nation. OG File of the 24 bit radio version.",4:21,,3/14/2026,OG File,Lossless,https://pillows.su/f/8f1dc548c3cda1b1abba7243703f3203
Hiatus,"The Game - ???
(feat. DMX)",A Video from 2015 show's X and Game recording a song together.,?:??,,,Snippet,Recording,https://pillows.su/f/ed17060810fe662c8f0077213dad1ade
"24 Total
2 Leaks
10 Confirmed
4 Snippet
8 Rumored
1 Full
1 OG File","Exodus
(Exodus 1:7, It's Dark And Hell Is Hot Again) 
(1st Posthumous Album)","(7/22/2020) (DMX appears at Verzuz with Snoop Dogg)
(4/9/2021) (DMX passes away after a drug overdose which left him hospitalisted for a week)
(5/28/2021) (Exodus releases posthumously)",,,,,,
Exodus,"Bath Salts [V7?]
(feat. Swizz Beatz, Nas, JAY-Z, & Jadakiss) (prod. Swizz Beatz)
(Just Because, Street Shit, Zombie, Escobar Season Returns)","Nas changed his verse after the song was given to X, Nas ended up using his verse on another song, but didn't specify which one.",?:??,,,Confirmed,Not Available,https://www.complex.com/music/a/andre-gee/nas-hit-boy-masterclass-interview
Exodus,"Letter To My Son [V2]
(feat. USHER & Brian King Joseph) (prod. Swizz Beatz & Musicman Ty)",DMX said that he recorded this song with only a piano before more instrumentals got added. Recorded August 3rd 2020.,?:??,,,Confirmed,Not Available,https://youtube.com/shorts/5Ka_fPHBkZg?si=9_M-8YJtOpvT3L9a
Exodus,"🥇 Money Money Money [V1]
(feat. Pop Smoke) (prod. Swizz Beatz & AyooiNk)","Original version of ""Money Money Money"" with Pop Smoke instead of Moneybagg Yo. The verse was pulled by Pop Smoke's label for ""Demeanor"", which is why Swizz decided to replace him with Moneybagg Yo.
From January/February 2021.",?:??,,,Snippet,Low Quality,https://pillows.su/f/4c0944c019a5e1be4dd0152b43ed525b
Exodus,"Money Money Money [V2]
(feat. Pop Smoke) (prod. Swizz Beatz & AyooiNk)","Swizz Beatz said that Pop Smoke did 2 verses, both of the verses ended up re-used on Pop Smokes songs.
From January/February 2021.",?:??,,,Confirmed,Not Available,https://youtu.be/CqE7RI6Robo?is=VYu5e6gZGQqnk9-2
Exodus,"Money Money Money [V3]
(prod. Swizz Beatz & AyooiNk)",There was likely a version with an open verse for Moneybagg Yo.,?:??,,,Rumored,Not Available,N/A
Exodus,"🏆 Pain
(feat. Mo'Neke Coates) (prod. Divine Bars)",Posted onto Facebook by Mo'Neke Coates on April 7th 2021. Throwaway from Exodus sessions.,~3:22,,4/7/2021,Full,Recording,https://pillows.su/f/ba4ef33e35889e6ad8ed316cf62dc543
Exodus,"Ruff Ryders' Anthem (Remix)
(prod. Kanye West & Ojivolta)","OG Filename: Ruff Ryders Anthem - Memorial Edition
Studio version of the remix played at DMX's funeral.",3:46,,10/4/2022,OG File,High Quality,https://pillows.su/f/7d8aafafa89380a2e6a74db2d05d5b14
Exodus,"Skyscrapers [V5?]
(feat. Bono) (prod. Swizz Beatz, Wonda, Musicman Ty & Keyz)","OG Filename: Skyscrapers [ChMix]
Seen on a picture posted by Chachmuzik, might be the release version.",~3:25,,,Confirmed,Not Available,https://www.instagram.com/p/CNuqXw2hMdV/
Exodus,"Walking In The Rain [V1]
(feat. Nas, Exodus Simmons & Mr. Porter) (prod. Mr Porter)","Originally recorded over a different Denaun beat made during the COVID-19 lockdowns, mentioned by Denaun on his YT live in August 2026.",~3:59,,,Confirmed,Not Available,https://www.youtube.com/watch?v=QqQZmqAjpVE&t=1111s
Exodus,Unknown [Busta Rhymes Collaboration],In an Instagram photo from Swizz Beatz we can see DMX chilling with Busta Rhymes in a studio from 2019. It's very likely they made music since that's what music artists in a studio do.,N/A,,,Rumored,Not Available,https://www.instagram.com/p/BzgPCl_AF_N/?igsh=MTE3cHl0aDV2empneA==
Exodus,Unknown [Hitmaka Collaborations],Hitmaka mentioned how he did a couple records with X that have hooks on them (So likely fully finished tracks) right before he passed away.,N/A,,,Confirmed,Not Available,https://www.youtube.com/watch?v=SSSwGdzLbo0
Exodus,Unknown [Multiple Songs],Swizz Beatz took off some songs from Exodus after he thought there was 3-4 too many songs on the album.,N/A,,,Confirmed,Not Available,https://www.complex.com/music/a/j-mckinney/dmx-exodus-making-of-swizz-beatz-interview
Exodus,???,"Post mention's a team marketing person visiting the studio last night, DMX is in the photo.",?:??,,,Rumored,Not Available,https://www.instagram.com/p/CD0zvRVh-wd/
Exodus,"??? [V1]
(The Anthem)","Swizz Beatz posted a video of of Dub Auras song The Anthem with the post being titled ""X"" which could mean this song was originally X's. Adlibs can also be heard.",?:??,,,Snippet,Recording,https://www.instagram.com/p/CNjXBhyn-18/?igshid=vl0k770otv3a
Exodus,??? [V1],"X's team reached out to Denzel Curry to record a song together months before X passed, this version would've had an open verse for Denzel Curry.",?:??,,,Confirmed,Not Available,https://people.com/denzel-curry-claims-dmx-collaboration-is-still-in-limbo-exclusive-8710359
Exodus,"??? [V2]
(feat. Denzel Curry)","Version with Denzel Curry, he also mentioned that the songs beat is wack, so the song might not be too good.",?:??,,,Confirmed,Not Available,https://people.com/denzel-curry-claims-dmx-collaboration-is-still-in-limbo-exclusive-8710359
Exodus,"??? [V1]
(feat. Wiz Khalifa)","DMX can be seen in the studio with Wiz Khalifa, the post mention's them kicking it.",?:??,,,Rumored,Not Available,https://www.instagram.com/p/CDw-zejBhfj/
Exodus,"??? [V2]
(feat. Wiz Khalifa)","DMX can be seen in the studio with Wiz Khalifa, possibly a more finished version of the other entry.",?:??,,,Rumored,Not Available,https://www.instagram.com/p/CD3EuARheeR/?img_index=1
Exodus,"???
(prod. PK)",PK mention on his IG live in August 2026 that he worked with X 3 weeks before he passed.,?:??,,,Confirmed,Not Available,N/A
Exodus,"???
(prod. Swizz Beatz)",A photo of X and Swizz in the studio.,?:??,,,Rumored,Not Available,https://www.instagram.com/p/CEP-M84haJn/
Exodus,"???
(prod. Swizz Beatz)",A photo of X and Swizz in the studio.,?:??,,,Rumored,Not Available,https://www.instagram.com/p/CEHJ4jih7cw/
Exodus,"???
(prod. Swizz Beatz)","DMX can be seen in the studio, the post mention's DMX bringing his past self back, so it might've been a personal song.",?:??,,,Rumored,Not Available,"https://www.instagram.com/p/CDSgm7ch1GM/
https://www.instagram.com/p/CDUh-83BSkP/"
Exodus,"???
(feat. ???)",Heard in a video of a studio session with BlackEyeEnt. More of the song can be heard in another studio session video.,?:??,,,Snippet,Recording,"https://youtube.com/shorts/d-hwrAaxVAw?si=H_FxBaSp1ghOLU0L
https://youtu.be/zpBJBPXsXr8?si=1Cg0QfoNINx9zS8S"
Exodus,"Berner - Foolish [V?]
(prod. Divine Bars) (feat. DMX)
(You May Not Understand)","In 2022 Divine Bars posted a video to Instagram from 2020 of DMX in the studio recording over the ""Foolish"" Beat. The beat was originally DMX's from 2016 so it's unknown if he was re-recording an old verse or if he had re-written it. This also likely means a demo version exits. Similar to ""Don't Play Games"" with Casanova.",?:??,,,Snippet,Recording,https://www.instagram.com/tv/CYaiVA7KJYx/?igsh=MWtxYnR2eTdhbmZlZw==
"6 Total
0 Leaks
3 Confirmed
3 Rumored","DMX Features
(2nd Posthumous Album)","(5/28/2021) (Exodus releases posthomoustly)
(5/30/2025) (DMX Features is announced)
(Ongoing)",,,,,,
DMX Features,DMX Features,Album was supposed to be released in Summer 2025. It has yet to drop.,N/A,,,Confirmed,Not Available,N/A
DMX Features,Unknown,Dee of Ruff Ryders said that he is working on some new DMX music.,N/A,,,Confirmed,Not Available,https://youtu.be/_6JUQ3NNwsk
DMX Features,"???
(feat. Wiz Khalifa)",Wiz Khalifa is listed as a feature for DMX Features.,N/A,,,Rumored,Not Available,https://genius.com/albums/Dmx/Dmx-features
DMX Features,"???
(feat. Kevin Gates)",Kevin Gates is listed as a feature for DMX Features.,N/A,,,Rumored,Not Available,https://genius.com/albums/Dmx/Dmx-features
DMX Features,"IDK - START TO FiNiSH [V2]
(prod. KAYTRANADA) (perf. DMX)
(Dream, STF)","The first thing IDK did with the beat for START TO FiNiSH was put DMX's vocals from Dream on it, thus implying that there's a version of the song with only DMX on it.",N/A,,,Confirmed,Not Available,https://www.thelineofbestfit.com/news/idk-reveals-new-single-s-t-f-featuring-late-rapper-dmx
DMX Features,"Summer Brady - ??? [V2]
(feat. DMX)","Trans boxer/artist Summer Brady was offered a DMX verse for their song in 2022 or 2023, unknown if they ever recorded for this song.",2:58,,,Rumored,Not Available,https://www.youtube.com/watch?v=t1u6uRWw7Oc
"19 Total
5 Leaks
4 Full
1 Tagged
8 Confirmed
5 Rumored
1 Snippet",Unknown Era,"(12/18/1970) (Earl Simmons is born)
(5/30/2025) (DMX Features is announced)",,,,,,
Unknown Era,"56 Bars
(prod. Swizz Beatz)","""Released"" on Redemption Of The Beast in 2015. Could be from 2010 judging by DMX's voice. DMX does not in-fact spit 56 bars.",2:19,,1/13/2015,Full,Lossless,https://pillows.su/f/30514e7c53b42fd87aac0611b4ecb7db
Unknown Era,"Bloodline Thing
(feat. Drag-On)",Unknown which era this song was made in. Possibly made around Great Depression era for the Bloodline Records album.,3:08,,,Tagged,High Quality,https://pillows.su/f/e562e5127859e53005904167955d87e8
Unknown Era,"Right Or Wrong
(feat. Jannyce)","""Released"" on Redemption Of The Beast in 2015. Could be from 2007-2008 judging by DMX's voice.",3:40,,1/13/2015,Full,Lossless,https://pillows.su/f/d2416b5f1fbc0b7ddff8b7dfd9acab34
Unknown Era,Shout It,"""Released"" on Redemption Of The Beast in 2015.",3:21,,1/13/2015,Full,Lossless,https://pillows.su/f/ef075bbdb21cd3c5720ccc08ae302fcf
Unknown Era,Tales From The Darkside [V1],"Tales From The Darkside was an unused song DMX gave for Irv's album, this version would've lacked the intro and wouldn't transition into a skit.",~3:19,,,Confirmed,Not Available,https://www.youtube.com/watch?v=tST1aAJgzDk
Unknown Era,"??? [V1]
(Silent Night)",Original version without AI and likely different production.,?:??,,,Confirmed,Not Available,N/A
Unknown Era,"??? [V1]
(Halloween From Miami To LA)",Original version without AI and likely different production.,?:??,,,Confirmed,Not Available,N/A
Unknown Era,"??? [V1]
(Favor)","Favor on Let Us Pray was likely a solo track, or maybe an earlier version of one of the prayer skits on his albums. (Or an unused skit)",?:??,,,Rumored,Not Available,N/A
Unknown Era,"??? [V1]
(Bear With Me)","Bear With Me on Let Us Pray was likely a solo track, or maybe an earlier version of one of the prayer skits on his albums. (Or an unused skit)",?:??,,,Rumored,Not Available,N/A
Unknown Era,"??? [V1]
(One Life To Do It)","One Life To Do It on Let Us Pray was likely a solo track, or maybe an earlier version of one of the prayer skits on his albums. (Or an unused skit)",?:??,,,Rumored,Not Available,N/A
Unknown Era,"??? [V1]
(Until I'm Gone)","Until I'm Gone on Let Us Pray was likely a solo track, or maybe an earlier version of one of the prayer skits on his albums. (Or an unused skit)",?:??,,,Rumored,Not Available,N/A
Unknown Era,??? [V1],"Trans boxer/artist Summer Brady was offered a DMX verse for their song in 2022 or 2023, the DMX song is unknown.",N/A,,,Confirmed,Not Available,https://www.youtube.com/watch?v=t1u6uRWw7Oc
Unknown Era,???,"Unknown song heard on a S.M.A.C.K. DVD (released March 11 2007), uses the verse from Tales From The Darkside.",?:??,,,Snippet,Low Quality,https://pillows.su/f/3cbaf149143f244a1ecf7faf7ffe5856
Unknown Era,"???
(prod. DJ Envy)","DJ Envy did 4 songs with DMX,1 is from Grand Champ era and 1 is Right or Wrong, which leaves 2 songs.",N/A,,,Confirmed,Not Available,https://www.youtube.com/watch?v=0yX2Jcb8UWU&t=3031s
Unknown Era,"???
(prod. DJ Mono)","In a Instagram comment section, DJ Mono mentioned that he produced 3 songs for DMX but one of these didn't end up releasing, sadly DJ Mono doesn't remember the title of this song.",N/A,,,Confirmed,Not Available,https://pillows.su/f/0a29872c0cd9fcf7f073c8d9fae1a00d
Unknown Era,Unknown [Dame Grease Collaborations],In a 2022 interview Dame Grease said in the last 10 years (2022 to 2012) that there were a bunch of unreleased DMX songs he likely did with DMX.,N/A,,,Confirmed,Not Available,https://www.youtube.com/watch?v=YTfs7MhgeoY
Unknown Era,Unknown [Drag-On Collaborations],"In a 2021 live interview, Drag-On was asked if theres any unreleased songs he did with DMX, he said ""there might be"".",N/A,,,Rumored,Not Available,https://www.youtube.com/watch?v=So47CA9gcnQ
Unknown Era,Unknown [50 Songs],"In an interview from 2025, Dame Grease says he has 50 vaulted songs ready to be given to def jam. Those songs could be any of the song listen on this tracker.",N/A,,,Confirmed,Not Available,https://www.complex.com/music/a/cmplxjoshua-espinoza/dame-grease-says-he-has-50-dmx-songs-offers-to-give-them-to-def-jam
Unknown Era,"Bone Thugs-N-Harmony - Flesh of My Flesh
(add. DMX)",Unreleased Bone Thugs-N-Harmony song where DMX only does adlibs.,4:32,,,Full,Low Quality,https://pillows.su/f/ba8c4d22c2d4115c60bbead30480f1f2
