Era,Name,Notes,Designer,Art Type,Image,Project Type,Use,Link(s)
Before The College Dropout,World Record Holders,"Supposedly the cover art for the compilation tape World Record Holders from Kanye's rap group Go Getters which consists of him, Arrowstar, GLC and Timmy G.",Unknown,Scan,,Front Cover,Used,https://ibb.co/1JXTGX0
Before The College Dropout,Oh-Oh-Oh [Promo],"Promo for the Go Getters single ""Oh-Oh-Oh"" posted by John Monopoly on Instagram. ",Unknown,Photo,,Promo Art,Used,https://ibb.co/zTvWTgN2
Before The College Dropout,Payroll - 125 - The Album,Cover art for Payroll's album 125 - The Album.,Unknown,Photo,,Physical Packaging,Used,https://ibb.co/QM92g11
The College Dropout,The College Dropout,"This cover art features the dropout bear on the cover of Kanye's second studio album, Late Registration, and later became an animated character for Kanye's Graduation album cover. The music video for the opening track ""Good Morning"" features this same bear becoming a cartoon character. Funnily enough, this bear wasn't planned to be on the cover; it just happened to be at the high school where the photoshoot took place.","Lawri Rowe, Stephanie Reynolds, Jim Morris, Mike Godshall & Eric Duvauchelle",Digital,,Front Cover,Used,https://ibb.co/cX145TK7
The College Dropout,The College Dropout [Vinyl Cover],"Cover used for the vinyl. Features the same framed photo, albeit slightly smaller.","Lawri Rowe, Stephanie Reynolds, Jim Morris, Mike Godshall & Eric Duvauchelle",Digital,,Front Cover,Used,https://ibb.co/4MxGYL1
The College Dropout,The College Dropout [Alternate Cover 1],"Appears on some CD versions, including copies from the United Kingdom. Uses a white background instead of brown and silver border instead of gold. Also appears on some streaming services.","Lawri Rowe, Stephanie Reynolds, Jim Morris, Mike Godshall & Eric Duvauchelle",Digital,,Front Cover,Alternate,https://ibb.co/QPWqrJJ
The College Dropout,The College Dropout [Alternate Cover 2],Plain Pat has stated that the album was re-released with a new cover because it was remastered four times. Combines elements of the previous two covers.,"Lawri Rowe, Stephanie Reynolds, Jim Morris, Mike Godshall & Eric Duvauchelle",Digital,,Front Cover,Used,https://imgur.gg/f/u2hbFkE
The College Dropout,The College Dropout [Booklet],Booklet made for vinyl version of The College Dropout.,"Lawri Rowe, Stephanie Reynolds, Jim Morris, Mike Godshall & Eric Duvauchelle",Scan,,Booklet,Used,"https://imgur.com/gallery/VaBjR
https://imgur.gg/f/nJWyWnE"
The College Dropout,The College Dropout [Dropout Bear Concept],Concept art of the Dropout Bear drawn by Kanye. Posted by Kanye's ex-fiancé Alexis Phifer on the 20th anniversary of The College Dropout.,Kanye West,Photo,,Concept Art,Concept Art,https://ibb.co/gWynG5N
The College Dropout,The College Dropout (Album Sampler),Promotional album sampler made for The College Dropout.,Unknown,Scan,,Front Cover,Used,https://ibb.co/7nN8dgc
The College Dropout,The College Dropout (Album Sampler),Promotional album sampler made for The College Dropout.,Unknown,Scan,,Back Cover,Used,https://ibb.co/sJdmN6w
The College Dropout,The College Dropout (DJ Album Sampler),"UK exclusive album sampler vinyl sent out to DJs, also used as the back for the vinyl releases of the album.",Unknown,Photo,,Front Cover,Used,https://ibb.co/z7f1gnQ
The College Dropout,The College Dropout (DJ Album Sampler),UK exclusive album sampler vinyl sent out to DJs.,Unknown,Photo,,Back Cover,Used,https://ibb.co/rc3zK59
The College Dropout,The College Dropout (Album Sampler) [Alternate Version],Alternate version of The College Dropout album sampler with a slightly altered front cover and different tracklist.,Unknown,Scan,,Physical Packaging,Alternate,https://ibb.co/DKsm1c1
The College Dropout,The College Dropout (Review Copy For Entertainment Weekly),CD of the Entertainment Weekly review copy of The College Dropout.,Unknown,Scan,,Physical Packaging,Used,https://ibb.co/QXtHnSq
The College Dropout,Get Well Soon...,"The cover art for Get Well Soon… depicts Kanye next to a wall with graffiti of his and the mixtape's name and what appears to be a city. On the cover, Kanye is wearing blue jeans, a black t-shirt, and gold chains on his neck, wrist, and hand. He also appears to be wearing a gold watch and belt buckle.",Kanye West,Scan,,Front Cover,Used,https://ibb.co/wML0YMp
The College Dropout,Get Well Soon... [Back Cover],"Back cover to Get Well Soon..., featuring the track listing and various crediting. Includes a picture of Kanye in a hospital bed recovering from his infamous car crash. Donda West later talked about in jeen-yuhs how she took the photo of Kanye in the hospital bed.",Donda West,Scan,,Back Cover,Used,https://imgur.gg/f/CIPgCmp
The College Dropout,Akademiks (Jeanius Level Musik),Front cover for the Akademiks (Jeanius Level Musik) mixtape.,Unknown,Scan,,Front Cover,Used,https://ibb.co/8P7FzWy
The College Dropout,Akademiks (Jeanius Level Musik) [Back Cover],Back cover for the Akademiks (Jeanius Level Musik) mixtape.,Unknown,Scan,,Back Cover,Used,https://ibb.co/p0hjVt5
The College Dropout,Ferris Bueller & Plain Pat Present: Behind The Beats with Kanye West,This cover was used for instrumental mixtape Behind The Beats presented by Ferris Bueller & Plain Pat.,Unknown,Scan,,Front Cover,Used,https://ibb.co/7CNdrzx
The College Dropout,Ferris Bueller & Plain Pat Present: Behind The Beats with Kanye West [Back Cover],The back cover of Behind The Beats.,Unknown,Scan,,Back Cover,Used,https://imgur.gg/f/475EagR
The College Dropout,I'm Good...,"The cover art for I'm Good… depicts a younger version of Kanye standing next to a wall with his logo printed on it. On top of Kanye, a text reads ""Future College Dropout,"" pointing at him. The mixtape's name appears at the bottom of the cover and seems worn out.",Kanye West,Scan,,Front Cover,Used,https://ibb.co/8rZZWPm
The College Dropout,I'm Good... [Back Cover],"The back cover of I'm Good... features the track listing and various crediting. A picture of an x-ray of Kanye's busted jaw from his infamous car crash is included. Interestingly, there is no space between 25 and ""Girls"".",Unknown,Scan,,Back Cover,Used,https://ibb.co/wBJ8t7Y
The College Dropout,Akademiks (Jeanius Level Musik Vol 2),Front cover for the Akademiks (Jeanius Level Musik Vol 2) mixtape.,Unknown,Scan,,Front Cover,Used,https://ibb.co/GvQttBS
The College Dropout,Akademiks (Jeanius Level Musik Vol 2) [Back Cover],"Back cover for the Akademiks (Jeanius Level Musik Vol 2) mixtape. Interestingly, Twista and Jamie Foxx are listed as features for ""Slow Jam"" on the tracklist, but don't appear on the song as it's only an interlude. This suggests that ""Slow Jamz"" by Twista was originally supposed be on the mixtape. ""Wouldn't You Like Too..."" is also missing from the tracklist and Beanie Sigel's name is misspelled as ""Beanie Sigal"".",Unknown,Scan,,Back Cover,Used,https://ibb.co/K7Hp97N
The College Dropout,Kon The Louis Vuitton Don,"Two pictures of Kanye with the title of the mixtape and the Louis Vuitton logo. In Kanye's early days, this was actually a fairly common nickname for him.",Unknown,Scan,,Front Cover,Used,https://ibb.co/zR05k6G
The College Dropout,Kon The Louis Vuitton Don [Back Cover],"The back cover of Kon The Louis Vuitton Don features the track listing and Louis Vuitton logo. Interestingly, ""Throw Your Hands"" appears on the tracklist, but is completely missing from the mixtape.",Unknown,Scan,,Back Cover,Used,https://ibb.co/FBBM7KZ
The College Dropout,Kanye West: Live at the Paradiso in Amsterdam (05/18/04),"This cover used for a release of a live perfomance released in 2004, features the original maroon cover used on the original release.","Lawri Rowe, Stephanie Reynolds, Jim Morris, Mike Godshall & Eric Duvauchelle",Digital,,Front Cover,Used,https://imgur.gg/f/pA8eAz7
The College Dropout,Through The Wire / Two Words,"This is a cover art for ""Through The Wire"" which was released on September 30, 2003.",Unknown,Digital,,Front Cover,Used,https://ibb.co/8Nt6d5q
The College Dropout,Through The Wire [Cover 2],"Second cover for the ""Through The Wire"" single that was used.",Unknown,Digital,,Front Cover,Used,https://imgur.gg/f/hPei0W0
The College Dropout,Jesus Walks / Heavy Hitters,"This is a cover art for ""Jesus Walks"" which was a 4th single track of The College Dropout – Kanye's debut studio album.",Unknown,Digital,,Front Cover,Used,https://ibb.co/V2SzCNx
The College Dropout,Jesus Walks / Heavy Hitters [Alternate Cover],"Alt cover art for ""Jesus Walks."" Same as the first one, but with a different background.",Unknown,Digital,,Front Cover,Alternate,Link Needed
The College Dropout,All Falls Down [Cover],"This is a cover art for ""All Falls Down"" which was a 3rd single from his debut studio album.",Unknown,Digital,,Front Cover,Used,https://ibb.co/2KK05Y5
The College Dropout,All Falls Down [Alternate Cover 1],"This is a cover art for ""All Falls Down"" which was a 3rd single from his debut studio album.",Unknown,Digital,,Front Cover,Used,Link Needed
The College Dropout,All Falls Down [Alternate Cover 2],"This cover uses the same image from the first ""All Falls Down"" single cover, but not zoomed in.",Unknown,Scan,,Front Cover,Used,https://imgur.gg/f/GjBgfkA
The College Dropout,All Falls Down (Live From The House of Blues),"This is a cover art for ""All Falls Down"" with a digital bonus, that being the live version with Syleena Johnson.",Unknown,Digital,,Front Cover,Used,https://imgur.gg/f/C7Gxg5x
The College Dropout,The New Workout Plan,"This is a cover art for ""The New Workout Plan"" which Kanye originally wanted to be the first single of The College Dropout. Adverstises an updated mix and master to the album version.",Unknown,Photo,,Front Cover,Used,https://ibb.co/Bs6trx0
The College Dropout,The New Workout Plan [Alternate Cover 1],"Second cover for the ""The New Workout Plan"" single.",Unknown,Digital,,Front Cover,Alternate,https://ibb.co/TYjg4Zv
The College Dropout,The New Workout Plan [Alternate Cover 2],"Third cover for the ""The New Workout Plan"" single.",Unknown,Scan,,Front Cover,Alternate,https://ibb.co/r7qsttc
The College Dropout,The New Workout Plan [Alternate Cover 3],"Cover art used for a vinyl single release of ""The New Workout Plan"" in Europe. Truly a work of art.",Unknown,Photo,,Front Cover,Alternate,https://ibb.co/Fxs7kN4
The College Dropout,The New Workout Plan (Live Version),"Cover art for a single release of a live performance of ""The New Workout Plan"" from an Amsterdam show.",Unknown,Digital,,Front Cover,Used,https://ibb.co/kcYMnr0
The College Dropout,Consequence - The Cons Vol. 1: All Sales Are Final,Cover art for Consequence's mixtape The Cons Vol. 1: All Sales Are Final. Greatest cover art of all time.,Unknown,Scan,,Front Cover,Used,https://ibb.co/YQXT1X0
The College Dropout,Consequence - The Cons Vol. 2: Make The Game Come To You,Cover art for Consequence's mixtape The Cons Vol. 2: Make The Game Come To You.,Unknown,Scan,,Front Cover,Used,https://ibb.co/m9stwYC
The College Dropout,"Hot Karl - Blao! / Armand Assante [EP]
(feat. Fabolous, Redman, DJ Clue, Celph Titled & Kanye West)",Cover art for Hot Karl's EP Blao! / Armand Assante.,Unknown,Digital,,Front Cover,Used,Link Needed
The College Dropout,Kanye West / Young Gunz Album Sampler,"Official promo sampler produced by Roc-A-Fella. Intro is noted (on Discogs) to have been replaced with an alternate version, which is likely this.",Unknown,Scan,,Front Cover,Used,https://ibb.co/P9k7GFJ
The College Dropout,Knockout Kingz - SpitKicker Mixtape Vol. 2: The Wet T-Shirt Edition,"Cover art for Knockout Kingz' 2003 mixtape SpitKicker Mixtape Vol. 2: The Wet T-Shirt Edition. Hosted by Kanye, he promotes ""Through the Wire"" as his first single and shares a snippet of a yet-to-be released ""Jesus Walks"".",Unknown,Scan,,Front Cover,Used,https://ibb.co/M1r88Sc
The College Dropout,The Mike Love Show: The Interview - Hosted by Kanye West,"DJ Mike Love's 2004 mixtape, hosted by Kanye West.",Unknown,Scan,,Front Cover,Used,https://ibb.co/c34rPPB
The College Dropout,The Mike Love Show: The Interview - Hosted by Kanye West,"Insert for DJ Mike Love's 2004 mixtape, hosted by Kanye West. Details the story of how he and Ye met.",Unknown,Scan,,Other,Used,https://ibb.co/Zxy1HV2
The College Dropout,The Mike Love Show: The Interview - Hosted by Kanye West,"DJ Mike Love's 2004 mixtape, hosted by Kanye West.",Unknown,Scan,,Back Cover,Used,https://ibb.co/Pc5yrkr
The College Dropout,"Myleka - Candy
(feat. Kanye West & Sharpp)","Cover for the unreleased Myleka track, ""Candy"".",Unknown,Photo,,Physical Packaging,Used,https://ibb.co/K2kCnxd
The College Dropout,Rhymefest - Blue Collar Collection,Cover art for Rhymefest's mixtape Blue Collar Collection.,Unknown,Scan,,Front Cover,Used,https://ibb.co/PMFq9SK
The College Dropout,Twista - Slow Jamz [Cover 1],"
This is a cover art for a song titled ""Slow Jamz"" which was released on December 2, 2003 as Twista's single track and then released on Kanye's debut studio album – The College Dropout.",Unknown,Digital,,Front Cover,Used,https://ibb.co/sPL7qwz
The College Dropout,Twista - Slow Jamz [Cover 2],"Alternate cover for ""Slow Jamz"". ",Unknown,Digital,,Front Cover,Used,https://imgur.gg/f/QsC84ZD
Late Registration,Late Registration,"The cover for Late Registration was designed by Brooklyn graphic design studio Morning Breath, Inc. It shows Kanye's mascot, the Dropout Bear, standing between entrance doors to a college, continuing the educational themes of Kanye's previous effort The College Dropout. The cover was inspired by the works of satirical American painter John Currin, one of Kanye's favorite artists.","Louis Marino, Kris Yiengst & Morning Breath, Inc.",Digital,,Front Cover,Used,https://ibb.co/HgJK6Dp
Late Registration,Late Registration [Alternate Cover 1],Alternate cover for Late Registration with the text on left instead of the right.,"Louis Marino, Kris Yiengst & Morning Breath, Inc.",Digital,,Front Cover,Alternate,https://ibb.co/XbzxgRP
Late Registration,Late Registration [Alternate Cover 2],Alternate cover for Late Registration which features the Dropout Bear standing in the dining hall of Princeton.,Louis Marino,Digital,,Front Cover,Alternate,https://imgur.gg/f/6AxXo4e
Late Registration,Late Registration (Slidepac - Explicit Version),Cover for the slidepac version of Late Registration. Is less saturated than the official one.,Louis Marino,Digital,,Front Cover,Used,https://ibb.co/V93rqS4
Late Registration,Late Registration [Concept Art 1],"OG Filename: kanye_west_concepts-1
Concept art for the cover and packaging of Late Registration posted by Louis Marino on his website.",Louis Marino,Digital,,Concept Art,Concept Art,https://imgur.gg/f/vaSYbT1
Late Registration,Late Registration [Concept Art 2],"OG Filename: kanye_west_concepts-2
Concept art for the cover and packaging of Late Registration posted by Louis Marino on his website.",Louis Marino,Digital,,Concept Art,Concept Art,https://imgur.gg/f/STRyrwA
Late Registration,Late Registration [Concept Art 3],"OG Filename: kanye_west_concepts-3
Concept art for the cover and packaging of Late Registration posted by Louis Marino on his website.",Louis Marino,Digital,,Concept Art,Concept Art,https://imgur.gg/f/nuUUM8h
Late Registration,Late Registration [Booklet],"From designer Louis Marino, ""We went through many concepts to communicate this from having a young Kanye create the bear out of legos, to developing an entire class of fully articulated 4' robotic puppets. After many rounds of creative (and budget) meetings, it was decided to stick with a 4' robotic bear and to have him move about a university campus always late. The location was to resemble a ""Harry Potter"" quality, so we shot on location at Princeton University. I was able to get Louis Vuitton designed a custom backpack for the bear.""",Louis Marino,Digital,,Booklet,Used,"https://drive.google.com/file/d/1GRnL6Qs2O4b-kCkR8Ix5MtULt1-wTsNX/view?usp=sharing
https://imgur.gg/f/jz6mWAz"
Late Registration,Late Registration [Rough Draft Packaging 1],"OG Filename: kanye package_o
Posted by Louis Marino on his website.",Louis Marino,Digital,,Physical Packaging,Unused,https://imgur.gg/f/nKB0f3J
Late Registration,Late Registration [Rough Draft Packaging 2],"OG Filename: kanye packaging2_o
Posted by Louis Marino on his website. Noticeably features an early tracklist for Late Registration.",Louis Marino,Digital,,Physical Packaging,Unused,https://imgur.gg/f/PDuXXOE
Late Registration,Diamonds From Sierra Leone,"This is the cover art for the lead single of Late Registration, ""Diamonds From Sierra Leone"".",Unknown,Digital,,Front Cover,Used,https://ibb.co/Ry9MV8V
Late Registration,Diamonds From Sierra Leone [Alternate Cover],"Alternate single art for ""Diamonds From Sierra Leone"", includes text advertising a remix of ""The New Workout Plan"" that's included with this release.",Unknown,Digital,,Front Cover,Alternate,https://ibb.co/wJkW0qN
Late Registration,Diamonds From Sierra Leone (Remix),"Cover art for the ""Diamons From Sierra Leone (Remix)"", featuring JAY-Z.",Unknown,Digital,,Front Cover,Used,Link Needed
Late Registration,Diamonds From Sierra Leone (Remix) [Alternate Cover],"Alternate art for ""Diamonds From Sierra Leone (Remix)"" used by a promo CD version sent to radio stations.",Unknown,Digital,,Front Cover,Alternate,https://ibb.co/cK9qqN8
Late Registration,Gold Digger,"Promotional cover for the single and hit song ""Gold Digger"", featuring vocals from actor and comedian Jamie Foxx.",Unknown,Digital,,Front Cover,Used,https://ibb.co/Ttwp8jm
Late Registration,Gold Digger [Alternate Cover 1],"Alternate cover art used on an early promo release of ""Gold Digger"".",Unknown,Scan,,Front Cover,Alternate,https://ibb.co/JHTsYZv
Late Registration,Gold Digger [Alternate Cover 2],"Alternate cover for the ""Gold Digger"" single with different colors.",Unknown,Digital,,Front Cover,Alternate,https://imgur.gg/f/VzcX3gD
Late Registration,Heard 'Em Say,"This is a cover art for ""Heard 'Em Say"" which was released as the 3rd single from his 2nd studio album – Late Registration.",Unknown,Digital,,Front Cover,Used,https://imgur.gg/f/hvLUNAK
Late Registration,Heard 'Em Say [Alternate Cover],"This cover uses the same image from the ""Heard 'Em Say"" single cover, but in yellow.",Unknown,Digital,,Front Cover,Used,https://imgur.gg/f/Com29SD
Late Registration,Addiction: The Official House Remix,"Picture of Kanye in front of a church with info about the remixes. Interestingly, this cover includes a logo for the era that isn't used in any other cover art.",Unknown,Scan,,Front Cover,Used,https://ibb.co/QLWy92b
Late Registration,Addiction: The Official House Remix [Back Cover],"Back cover art for the vinyl single ""Addiction: The Official House Remix"", features Kanye in the classic College Dropout bear costume, one of the only appearances of the suit in Late Registration material.",Unknown,Scan,,Back Cover,Used,https://ibb.co/8KR6zHV
Late Registration,Touch The Sky,"This is a cover art for ""Touch The Sky"" which featured Lupe Fiasco. The song samples ""Move on Up"" by Curtis Mayfield.",Unknown,Digital,,Front Cover,Used,https://imgur.gg/f/S9LAEAl
Late Registration,Touch The Sky,"This is a cover art for ""Touch The Sky"" EP, which includes other songs from his debut album.",Unknown,Digital,,Front Cover,Used,https://imgur.gg/f/7p7tL36
Late Registration,"Brandy - Talk About Our Love
(feat. Kanye West)","Cover art for the Brandy single ""Talk About Our Love"", featuring Kanye West.",Unknown,Digital,,Front Cover,Used,https://imgur.gg/f/5mhhGqr
Late Registration,"Brandy - Talk About Our Love [Alternate Cover 1]
(feat. Kanye West)","Cover art for the maxi-single version of ""Talk About Our Love"" by Brandy.",Unknown,Scan,,Front Cover,Alternate,https://ibb.co/58jM755
Late Registration,"Brandy - Talk About Our Love [Alternate Cover 2]
(feat. Kanye West)","Alternate cover art used on some releases of ""Talk About Our Love"".",Unknown,Scan,,Front Cover,Alternate,https://ibb.co/s2D9nMK
Late Registration,"Brandy - Talk About Our Love (The Remixes) [EP]
(feat. Kanye West)","Cover art for the ""Talk About Our Love"" remix EP, featuring Kanye West.",Unknown,Photo,,Front Cover,Used,https://ibb.co/2dJgzF1
Late Registration,"Dilated Peoples - This Way
(feat. Kanye West)","Official single art for ""This Way"" by Dilated Peoples, featuring Kanye West.",Unknown,Scan,,Front Cover,Used,https://ibb.co/XtmJFLB
Late Registration,DJ Baby Yu - The Everything Kanye Mixtape,Cover art for The Everything Kanye Mixtape.,Unknown,Digital,,Front Cover,Used,https://ibb.co/nMxjPcDd
Late Registration,"Dwele - Hold On (Remix)
(feat. Kanye West & Consequence)","Cover art for the Dwele single ""Hold On (Remix)"" featuring Kanye West and Consequence.",Unknown,Digital,,Front Cover,Used,https://ibb.co/ws2Qs6z
Late Registration,GLC - Hood Celebrity,Cover art for GLC's mixtape Hood Celebrity.,Unknown,Scan,,Front Cover,Used,https://ibb.co/DfJ6vS1
Late Registration,GLC - Hood Celebrity [Back Cover],The back cover of GLC's mixtape Hood Celebrity. ,Unknown,Scan,,Back Cover,Used,https://ibb.co/3RDr3yF
Late Registration,"John Legend - Number One
(feat. Kanye West)","Cover art for the John Legend single ""Number One"" featuring Kanye West.",Unknown,Digital,,Front Cover,Used,https://ibb.co/Bq6srd7
Late Registration,"Keyshia Cole - I Changed My Mind
(feat. Kanye West)","Cover art for the Keyshia Cole single ""I Changed My Mind"" featuring Kanye West.",Unknown,Digital,,Front Cover,Used,https://ibb.co/KVDwkdt
Late Registration,"Keyshia Cole - I Changed My Mind [Alternate Cover]
(feat. Kanye West)","Cover art used on some physical releases and the Myspace release of ""I Changed My Mind"".",Unknown,Digital,,Front Cover,Alternate,https://imgur.gg/f/odMXxRA
Late Registration,"Keyshia Cole - I Should Have Cheated / I Changed My Mind
(feat. Kanye West)","Cover art for the Keyshia Cole double-single ""I Should Have Cheated"" and ""I Changed My Mind"", featuring Kanye West.",Unknown,Digital,,Front Cover,Used,https://ibb.co/PwzCvj9
Late Registration,Tapemasters Inc. - The Last Shall Be First,Cover art for the Tapemasters Inc. Presents: The Last Shall Be First.,Unknown,Scan,,Front Cover,Used,https://ibb.co/92Sqz2s
Late Registration,"Teairra Marí - Make Her Feel Good (Remix)
(feat. Kanye West)","Cover art for the Teairra Marí single ""Make Her Feel Good (Remix)"" featuring Kanye West.",Unknown,Digital,,Front Cover,Used,https://ibb.co/4RwZt7N
Late Registration,"Common - The Corner
(feat. The Last Poets & Kanye West)","Cover art for Common's single ""The Corner"", featuring The Last Poets and Kanye West.",Unknown,Digital,,Front Cover,Used,https://ibb.co/8Xk0QWq
Late Registration,"Slum Village - Selfish
(feat. Kanye West & John Legend)","Cover art for the ""Slum Village"" single Selfish, featuring Kanye West and John Legend.",Unknown,Scan,,Front Cover,Used,https://ibb.co/mcvkDRp
Graduation,Graduation,"Takashi Murakami says about the work: ""The cover is based on Kanye's theme of student life. School. It's a place of dreams, of righteousness, a place to have fun. It's also occasionally a place where you experience the rigid dogma of the human race. Kanye's music scrapes sentimentality and aggressiveness together like sandpaper, and he uses his grooves to unleash this tornado that spins with the zeitgeist of the times. I too wanted to be swept up and spun around in that tornado.""",Takashi Murakami,Digital,,Front Cover,Used,https://ibb.co/cwt5FKk
Graduation,Graduation [Animated Cover],Animated cover made for the streaming version of Graduation.,Takashi Murakami,Digital,,Other,Used,"https://imgur.gg/f/sdVyNyf
https://drive.google.com/file/d/1hwnthihV9zbZNGfluWw0gNfyBuSUVFsY/view?usp=sharing"
Graduation,Graduation (International Version),Cover for the international version of Graduation. Is slightly darker than the official one.,Takashi Murakami,Digital,,Front Cover,Used,https://ibb.co/PDxjm46
Graduation,Graduation [Booklet],Booklet made for the CD Version of Graduation.,Takashi Murakami,Digital,,Booklet,Used,"https://drive.google.com/file/d/1myAw26DQTtYB-k05sN_59TpKD_CntSF6/view?usp=sharing
https://imgur.gg/f/bJXvVCC"
Graduation,Graduation,"Seemingly promo art sent to reporters before the release of the album, however this is unconfirmed.",Takashi Murakami,Digital,,Promo Art,Other,"http://www.officiallyayuppie.com/2007/08/kanye-west-graduation-covertracklisting.html
https://imgur.gg/f/eVCzIMr"
Graduation,G.O.O.D. Music: Class of '06,The cover art for G.O.O.D. Music: Class of '06 features members of G.O.O.D. Music at the time.,Unknown,Scan,,Front Cover,Used,https://imgur.gg/f/p1H1QwD
Graduation,G.O.O.D. Music: Class of '06 [Back Cover],The back cover of G.O.O.D. Music: Class of '06.,Unknown,Scan,,Back Cover,Used,https://imgur.gg/f/08LDtiP
Graduation,Late Orchestration,"The cover art for Late Orchestration appears to reference The Beatles' iconic cover art for their 11th studio album, Abbey Road. This, in turn, references the studio at which this album was recorded.",Unknown,Digital,,Front Cover,Used,https://ibb.co/DrHJwp7
Graduation,Late Orchestration [Alternate Cover],Alternate cover for Late Orchestration with the text on the left instead of the right and is smaller.,Unknown,Scan,,Front Cover,Alternate,https://ibb.co/JHmkxT4
Graduation,Late Orchestration [Back Cover],The back cover of Late Orchestration.,Unknown,Scan,,Back Cover,Used,https://imgur.gg/f/0uUEG58
Graduation,Welcome To Kanye's Soul Mix Show,"Cover for the show where Kanye hosts a selection of tracks that he has sampled in his productions with DJ A-Trak providing the mix and cuts. This is an official mixtape, but the tracks don't appear to be licensed for appearance.",Unknown,Scan,,Front Cover,Used,https://imgur.gg/f/T1pWx5z
Graduation,Welcome To Kanye's Soul Mix Show [Back Cover],The back cover of Welcome To Kanye's Soul Mix Show.,Unknown,Photo,,Back Cover,Used,Link Needed
Graduation,Can't Tell Me Nothing [Mixtape],"The cover art for Can't Tell Me Nothing features an odd face in a neon style in the center, with japanese characters on top and the name of the mixtape on the bottom. The style of the cover is very similiar to the Graduation cover art, which makes sense considering this mixtape was released in anticipation of the project.",Takashi Murakami,Digital,,Front Cover,Used,https://ibb.co/Cv8xRhX
Graduation,Can't Tell Me Nothing [Back Cover],Back cover art for the Can't Tell Me Nothing mixtape.,Unknown,Scan,,Back Cover,Used,https://ibb.co/YRHj8CK
Graduation,6-Track-Sampler [EP],"Cover art for an EP released by Universal Records in promotion of Graduation featuring ""Stronger"" and 5 of Kanye's biggest songs from The College Dropout and Late Registration.",Unknown,Photo,,Front Cover,Used,https://ibb.co/p1npKJB
Graduation,Impossible / Drive Slow,"This song was recorded for the 2006 film Mission Impossible 3. It was played during the ending credits, however, it was not part of the official soundtrack. An explicit version of the track has never been released to the public, and only clean versions are available to stream/purchase. It supposedly took 50 hours to make. While ""Impossible"" was left on the cutting-room floor for Twista's album, West found it to be the perfect offering when Tom Cruise called.",Unknown,Digital,,Front Cover,Used,https://imgur.gg/f/R2pki8r
Graduation,Classic (Better Than I've Ever Been),Just the names of the artists with pictures of the artists superimposed onto their names.,Unknown,Digital,,Front Cover,Used,https://ibb.co/XF0fGTP
Graduation,Can't Tell Me Nothing,"The album cover for the mixtape as well as lead single ""Can't Tell Me Nothing"" released on May 15, 2007.",Takashi Murakami,Digital,,Front Cover,Used,https://ibb.co/Cv8xRhX
Graduation,Stronger,"The is the single art for the July 31st, 2007 release of ""Stronger"". The art was done by Japanese artist Takashi Murakami. Mukakami also designed the cover art for the album and the later KIDS SEE GHOSTS. The two heads on the bottom represent Daft Punk, whose ""Harder Better Faster Stronger"" was sampled as the instrumental.",Takashi Murakami,Digital,,Front Cover,Used,https://imgur.gg/f/eLggILu
Graduation,Stronger (Remixes),"Cover art for ""Stronger"" remixes. Same as the regular single art, but with a banner in the corner saying ""Remixes"".",Takashi Murakami,Digital,,Front Cover,Used,https://imgur.gg/f/AoAzDXY
Graduation,Good Life,"""Good Life"" is the third single released off Graduation, on October 2nd 2007. The single's cover art features a variety of words and bars of lyrics from the song, e.g. ""I go for mine"". The variety of colors and fonts of these words is also reference to the song's music video which features large letters and a variety of colors coming out of Kanye's mouth as he raps the song.",Takashi Murakami,Digital,,Front Cover,Used,Link Needed
Graduation,Good Life [Alternate Cover],"Extremely simple alternate cover art for ""Good Life"" used on a promo CD release of the single sent to radio stations.",Unknown,Scan,,Front Cover,Alternate,https://ibb.co/MfnRdMb
Graduation,Flashing Lights,"""Flashing Lights"" is the fourth single released off Graduation, on Novermber 12th, 2007. The single cover art shows a black backdrop with the 'flashing lights' in the foreground, the woman on the cover could be in reference to the lady in the music video or what the song is about.",Unknown,Digital,,Front Cover,Used,https://imgur.gg/f/IrzYOvf
Graduation,Homecoming,"Second cover for the final Graduation single, ""Homecoming"". The single cover art shows the Dropout Bear in Chicago styled clothing, probably in reference to the song as its about Chicago.",Takashi Murakami,Digital,,Front Cover,Used,https://imgur.gg/f/co7T8Ai
Graduation,Homecoming [Original Cover],"The last single released for Graduation, ""Homecoming"" featuring Chris Martin, released on February 18, 2008.",Unknown,Digital,,Front Cover,Alternate,https://a5.mzstatic.com/us/r1000/0/Music128/v4/81/a8/b0/81a8b06d-5750-27d2-1cbc-55b7d8495203/00602517668348.rgb.jpg
Graduation,"88-Keys - Stay Up! (Viagra)
(feat. Kanye West)","Official cover art for the 88-Keys single ""Stay Up! (Viagra)"" featuring Kanye West.",Unknown,Digital,,Front Cover,Used,https://ibb.co/8zms7yj
Graduation,"88-Keys - Stay Up! (Viagra) [EP]
(feat. Kanye West)","Cover art for the EP release of ""Stay Up! (Viagra)"" by 88-Keys.",Unknown,Digital,,Front Cover,Used,https://ibb.co/Tt0LdNT
Graduation,"Bump J - Move Around
(feat. Kanye West)","Cover art for the streaming release of the Bump J single ""Move Around"" featuring Kanye West.",Unknown,Digital,,Front Cover,Used,https://ibb.co/K9nQxpS
Graduation,Consequence - Don't Quit Your Day Job,Cover art for Consequence's album Don't Quit Your Day Job.,Unknown,Digital,,Front Cover,Used,https://ibb.co/nq2tw98
Graduation,Consequence - The Cons Vol. 3: Da Comeback Man,Cover art for Consequence's mixtape The Cons Vol. 3: Da Comeback Man.,Unknown,Scan,,Front Cover,Used,https://ibb.co/ChQSmSw
Graduation,"Fall Out Boy - This Ain't a Scene, It's an Arms Race (Kanye West Remix)","Official cover art for the Fall Out Boy single ""This Ain't a Scene, It's an Arms Race (Kanye West Remix)"".",Unknown,Digital,,Front Cover,Used,https://a5.mzstatic.com/us/r1000/0/Music128/v4/34/f7/0c/34f70c98-d81d-d794-91ca-269654482373/00602517305359.rgb.jpg
Graduation,"Ghostface Killah - Back Like That (Remix)
(feat. Ne-Yo & Kanye West)","Cover art to the Ghostface Killah single ""Back Like (Remix)"" featuring Ne-Yo and Kanye West.",Unknown,Scan,,Front Cover,Used,https://ibb.co/Zc4y0yR
Graduation,"Ghostface Killah - Back Like That (Remix) [Alternate Cover]
(feat. Ne-Yo & Kanye West)","Alternate cover art to the Ghostface Killah single ""Back Like (Remix)"" featuring Ne-Yo and Kanye West.",Unknown,Scan,,Front Cover,Alternate,https://ibb.co/p1JfBwX
Graduation,"GLC & A-Trak - Drive Slow
(feat. Kanye West & Paul Wall)",Actually released as a GLC single in 2006 even though it was already released on both Kanye West's AND Paul Wall's album previously.,Unknown,Digital,,Front Cover,Used,https://imgur.gg/f/ugA1mqk
Graduation,"Jamie Foxx - Extravaganza
(feat. Kanye West)","Cover art for the Jamie Foxx single ""Extravaganza"", featuring Kanye West.",Unknown,Scan,,Front Cover,Used,https://ibb.co/Gp1yRRH
Graduation,"Jamie Foxx - Extravaganza [Alternate Cover 1]
(feat. Kanye West)","Alternate cover art for the Jamie Foxx single ""Extravaganza"", featuring Kanye West.",Unknown,Scan,,Front Cover,Alternate,https://ibb.co/VYQ7GVv
Graduation,"Jamie Foxx - Extravaganza [Alternate Cover 2]
(feat. Kanye West)","Cover art for ""Extravaganza"" used on streaming release.",Unknown,Digital,,Front Cover,Alternate,https://ibb.co/yFPD28C
Graduation,"Malik Yusef - Wouldn't You Like To Ride (S&S Remixes)
(feat. Kanye West, Common & JV)","Cover art for a remix EP for Malik Yusef's song ""Wouldn't You Like To Ride"" featuring Kanye West, Common and JV.",Unknown,Scan,,Front Cover,Used,https://ibb.co/BV3Bsmt
Graduation,"Malik Yusef - Wouldn't You Like To Ride (S&S Remixes) [Alternate Cover 1]
(feat. Kanye West, Common & JV)","Cover art for a remix EP for Malik Yusef's song ""Wouldn't You Like To Ride"" featuring Kanye West, Common and JV.",Unknown,Digital,,Front Cover,Alternate,https://ibb.co/SvwthND
Graduation,"Malik Yusef - Wouldn't You Like To Ride (S&S Remixes) [Alternate Cover 2]
(feat. Kanye West, Common & JV)","Cover art for a remix EP for Malik Yusef's song ""Wouldn't You Like To Ride"" featuring Kanye West, Common and JV.",Unknown,Digital,,Front Cover,Alternate,https://ibb.co/kHnnpqH
Graduation,"Malik Yusef - Wouldn't You Like To Ride (S&S Remixes) [Alternate Cover 3]
(feat. Kanye West, Common & JV)","Cover art for a remix EP for Malik Yusef's song ""Wouldn't You Like To Ride"" featuring Kanye West, Common and JV.",Unknown,Digital,,Front Cover,Alternate,https://ibb.co/PGdkJgB
Graduation,"Ne-Yo - Because Of You (Remix)
(feat. Kanye West)","Cover art to the Ne-Yo single ""Because Of You (Remix)"", featuring Kanye West.",Unknown,Digital,,Front Cover,Used,https://ibb.co/5TmbKqS
Graduation,"Pharrell Williams - Number One
(feat. Kanye West)","Cover art for the Pharrell Williams single ""Number One"" featuring Kanye West.",Unknown,Digital,,Front Cover,Used,https://ibb.co/TB4Y0hY
Graduation,"Rhymefest - Brand New
(feat. Kanye West)","Cover art for the Rhymefest single ""Brand New"" featuring Kanye West.",Unknown,Digital,,Front Cover,Used,https://ibb.co/j4fhVFx
Graduation,"Rhymefest - Brand New [Alternate Cover]
(feat. Kanye West)","Alternate cover art for the Rhymefest single ""Brand New"" used on streaming services.",Unknown,Digital,,Front Cover,Used,https://ibb.co/jMT0Y8Y
Graduation,"T-Pain - Buy U a Drank (Shawty Snappin') (Remix)
(feat. Kanye West)","Cover art to the T-Pain single ""Buy U a Drank (Shawty Snappin') (Remix)"", featuring Kanye West.",Unknown,Digital,,Front Cover,Used,https://ibb.co/dPdB4XY
Graduation,"The Game - Wouldn't Get Far
(feat. Kanye West)","Cover art to the The Game single ""Wouldn't Get Far"", featuring Kanye West.",Unknown,Digital,,Front Cover,Used,https://ibb.co/27DFgbR
Graduation,"Three 6 Mafia - Side 2 Side
(feat. Kanye West & Project Pat)","Cover art to the Three 6 Mafia single ""Side 2 Side"" featuring Kanye West.",Unknown,Scan,,Front Cover,Used,https://ibb.co/CPjzFtc
808s & Heartbreak,808s & Heartbreak [Cover 1],"Straying from the colorful, striking artworks from Ye's previous albums, the artwork for 808s & Heartbreak, consists of an almost featureless background, saving room for a deflated heart-shaped balloon and a small color palette to the left, in which each color represents a song from the album, with one exception. It's about the last song ""Pinocchio Story"", which signifies this song as the one where he truly poured out his heart (hence, the deflated heart in the center).","Past Tell Museum, JP Robinson, Kristen Yiengst & Virgil Abloh",Digital,,Front Cover,Used,https://ibb.co/M7DgvW2
808s & Heartbreak,808s & Heartbreak [Cover 2],This version of the 808s & Heartbreak album art is from the visual artist/graphic designer Kaws. The distinctive hands with the Xs on them display his personal and unique art in this cover. The hands are splitting the heart into two representing a heartbreak. Kanye's losses the past years reflect this and the whole album itself.,Kaws,Digital,,Front Cover,Used,https://ibb.co/VNXYHmP
808s & Heartbreak,808s & Heartbreak [Rough Draft Cover],"808s & Heartbreak cover leaked by waterfalls as a bonus for the ""Never Forgive Yourself"" groupbuy. Has a watermark. Reflects the style of the singles, but was likely made prior to KAWS coming on to design art for the album. Some of the single art was made without KAWS' involvement, implying art direction was done before he was involved which this may be from.",Unknown,Digital,,Front Cover,Unused,https://ibb.co/hdkM8f7
808s & Heartbreak,808s & Heartbreak [Booklet],"Full 808s & Heartbreak booklet featuring art from KAWs, album credits, and a picture of Kanye and Donda West, whose passing heavily influenced the creation and themes of the album.",Kaws,Digital,,Booklet,Used,"https://drive.google.com/file/d/1E2HosSFjizS5qIOM86j7f4uzc6rhR5HP/view?usp=sharing
https://imgur.gg/f/rYMUSvF"
808s & Heartbreak,Alter Ego [Mixtape],Mixtape released October 23rd 2008 titled Alter Ego.,Unknown,Digital,,Front Cover,Used,https://imgur.gg/f/RNfR3Pk
808s & Heartbreak,Alter Ego [Back Cover],Back cover for mixtape released October 23rd 2008 titled Alter Ego.,Unknown,Photo,,Back Cover,Used,https://i.discogs.com/sFoCJ_qgV5vNMqsSW7VDpPrZnNWrmuD77_47wzq4-x8/rs:fit/g:sm/q:90/h:471/w:600/czM6Ly9kaXNjb2dz/LWRhdGFiYXNlLWlt/YWdlcy9SLTE2OTQ0/Mjk0LTE2MTA3ODgz/NDEtMjc5My5qcGVn.jpeg
808s & Heartbreak,Alter Ego [MIxtape Alternate Cover],Alternate cover for mixtape released October 23rd 2008 titled Alter Ego.,Unknown,Digital,,Front Cover,Alternate,https://imgur.gg/f/HK172NP
808s & Heartbreak,Alter Ego [Alternate Back Cover],Alternate back cover for mixtape released October 23rd 2008 titled Alter Ego.,Unknown,Photo,,Back Cover,Alternate,https://imgur.gg/f/vwKP0iS
808s & Heartbreak,The Graduate,"The cover art for The Graduate mixtape which has the Dropout bear in his signature Graduation outfit, floating in a yellow background, reminicisent of the original album artwork.",Glen Infante,Digital,,Front Cover,Used,Link Needed
808s & Heartbreak,The Graduate [Back Cover],"Back cover to The Graduate, featuring the track listing and various crediting. Interestingly, ""Never Let Me Down"" is incorrectly titled as ""Never Leave Me Down"".",Unknown,Digital,,Back Cover,Used,https://images.genius.com/cc174278401d3995263bc95f62e71912.1000x1000x1.jpg
808s & Heartbreak,Sky High (A We Got The Remix Special Edition),"OG Filename: 000-SKY-HIGH-FRONT-COVER
This cover was used for remix mixtape ""Sky High"", presented by DJ Benzi & Plain Pat.",Unknown,Digital,,Front Cover,Used,https://ibb.co/Rhdc9nF
808s & Heartbreak,Sky High (A We Got The Remix Special Edition) [Back Cover],"Back cover used for remix mixtape ""Sky High"", presented by DJ Benzi & Plain Pat. Interestingly, ""Outroduction"" is incorrectly labeled as track 22 instead of track 21.",Unknown,Scan,,Back Cover,Used,https://www.discogs.com/release/3433058-DJ-Benzi-Kanye-West-Plain-Pat-Sky-High-A-We-Got-The-Remix-Special-Edition/image/SW1hZ2U6MjY2NDgzNTE=
808s & Heartbreak,Love Lockdown (Essential 5 EP) [EP],"Cover art for an EP released a few days before 808s & Heartbreak. Very similar to the art used for the ""Love ""Lockdown single cover.",Unknown,Digital,,Front Cover,Used,https://ibb.co/sySmHf7
808s & Heartbreak,Love Lockdown,"This is the artwork for ""Love Lockdown"", one of the singles from the album. It's the main artwork, but with a complete gray background, and no colour pallette to be found.",Unknown,Digital,,Front Cover,Used,https://ibb.co/khYHcdr
808s & Heartbreak,Love Lockdown [Alternate Cover],"Alternate cover art for ""Love Lockdown"".",Unknown,Digital,,Front Cover,Alternate,https://ibb.co/JFC8RTC1
808s & Heartbreak,Heartless,"This is the artwork for ""Heartless"", one of the singles on the album. Notice how it's the only artwork that doesn't have a heart anywhere. It's literally heartless. Kanye is a genius.",Unknown,Digital,,Front Cover,Used,https://ibb.co/gdBVSpJ
808s & Heartbreak,Heartless [Alternate Cover],"Alternate ""Heartless"" cover used for a promotional CD release sent to radio stations. Similar to the official cover, but has Kanye pasted into the center.",Unknown,Scan,,Front Cover,Alternate,https://ibb.co/2c4vRnv
808s & Heartbreak,Paranoid,"Another cover with a heart in the center from this era, but this time the heart takes the shape of the moon with clouds covering it up partly. This is in line with the music video for this song, which takes place at night and is very dimly lit.",Unknown,Digital,,Front Cover,Used,https://ibb.co/hLmjvy4
808s & Heartbreak,Amazing,"Cover art used for the digital single release of ""Amazing"". Very similar to the ""Heartless"" cover, but in white.",Unknown,Digital,,Front Cover,Used,https://ibb.co/gF5D58G
808s & Heartbreak,Amazing [Alternate Cover],"Unused alternate cover that has a heart image in place of the blank spot in the other cover. Uses the heart motif of the other covers, but this time there is a maze surrounding the broken heart, creating a pun (A-maze-ing).",Unknown,Digital,,Front Cover,Alternate,https://ibb.co/dg3DSKh
808s & Heartbreak,See You In My Nightmares,"Cover art for a scrapped single release of ""See You In My Nightmares"". Although it may be hard to notice, this cover also contains the heart that is so prevalent in this era. The light that is coming from the door is actually forming the shape of a heart on the ground.",Unknown,Digital,,Front Cover,Unused,https://ibb.co/LJFk9jf
808s & Heartbreak,Barack Obama - Yes We Can: Voices Of A Grassroot Movement,Cover art for the compilation album Yes We Can: Voices Of A Grassroot Movement.,Unknown,Digital,,Front Cover,Used,https://ibb.co/gdK91mS
808s & Heartbreak,Barack Obama - Yes We Can: Voices Of A Grassroot Movement [Alternate Cover],Alternate cover art for the compilation album Yes We Can: Voices Of A Grassroot Movement.,Unknown,Digital,,Front Cover,Alternate,https://ibb.co/84vy02x
808s & Heartbreak,Barack Obama - Yes We Can: Voices Of A Grassroot Movement (Limited Edition),Cover art for the compilation album Yes We Can: Voices Of A Grassroot Movement (Limited Edition).,Unknown,Photo,,Front Cover,Used,https://ibb.co/Q8b4Djz
808s & Heartbreak,Barack Obama - Yes We Can: Voices Of A Grassroot Movement (Limited Edition) [Alternate Cover],Alternate cover art for the compilation album Yes We Can: Voices Of A Grassroot Movement (Limited Edition).,Unknown,Digital,,Front Cover,Alternate,https://ibb.co/Q8b4Djz
808s & Heartbreak,Barack Obama - Yes We Can: Voices Of A Grassroot Movement (Special Collector's Edition),Alternate cover art for the compilation album Yes We Can: Voices Of A Grassroot Movement (Special Collector's Edition).,Unknown,Digital,,Front Cover,Used,https://ibb.co/JzCxHMQ
808s & Heartbreak,Clinton Sparks - SmashTime Radio Vol. 1 (Starring Kanye West),"Cover art for DJ Clinton Sparks' 2008 mixtape SmashTime Radio Vol.1. The mixtape is ""Hosted"" by Kanye, with him providing vocals for the intro, as well there being the inclusion of 3 interviews done on SmashTime Radio by Clinton Sparks with Kanye.",Unknown,Digital,,Front Cover,Used,https://ibb.co/8BH1GQ1
808s & Heartbreak,"DJ Felli Fel - Finer Things
(feat. Kanye West, Jermaine Dupri, Fabolous & Ne-Yo) ","Cover art for the DJ Felli Fel single ""Finer Things"", featuring Kanye West, Jermaine Dupri, Fabolous and Ne-Yo.",Unknown,Digital,,Front Cover,Used,https://ibb.co/F0WQBPZ
808s & Heartbreak,"DJ Khaled - Go Hard
(feat. Kanye West & T-Pain)","Cover art for the DJ Khaled single ""Go Hard"", featuring Kanye West and T-Pain. Watermarks are literally still visible on the stock image Khaled has behind him. Kanye's name is also spelled as ""Kayne"".",Unknown,Digital,,Front Cover,Used,https://ibb.co/CKKfbCx
808s & Heartbreak,"Estelle - American Boy [Alternate Cover]
(feat. Kanye West)","Alternate art for the estelle single ""American Boy"" featuring Kanye West used on some physical releases.",Unknown,Scan,,Front Cover,Used,https://ibb.co/hLckXD1
808s & Heartbreak,"Estelle - American Boy
(feat. Kanye West)","Art for the Estelle single ""American Boy"" featuring Kanye West.",Unknown,Digital,,Front Cover,Used,https://a5.mzstatic.com/us/r1000/0/Music124/v4/31/66/91/31669188-5c29-ad3e-09be-49a40343e5c1/75679993533_1.jpg
808s & Heartbreak,"Fonzworth Bentley - Everybody
(feat. Kanye West & André 3000)","Art for the Fonzworth Bentley single ""Everybody"" featuring Kanye West and André 3000.",Unknown,Digital,,Front Cover,Used,https://a5.mzstatic.com/us/r1000/0/Music114/v4/20/01/22/2001229f-a9b2-348f-d594-5be5c4ea67d9/dj.ywulztqg.jpg
808s & Heartbreak,"JAY-Z & T.I. - Swagga Like Us
(feat. Kanye West & Lil Wayne)","Cover art for the JAY-Z & T.I. single ""Swagga Like Us"", featuring Kanye West and Lil Wayne.",Unknown,Digital,,Front Cover,Used,https://ibb.co/rF1v9R8
808s & Heartbreak,"Kid Sister - Pro Nails
(feat. Kanye West)","Cover art for the Kid Sister single ""Pro Nails"", featuring Kanye West.",Unknown,Digital,,Front Cover,Used,https://ibb.co/5j6HXhq
808s & Heartbreak,"Kid Sister - Pro Nails (Remix)
(feat. Kanye West)","Cover art for the Kid Sister single ""Pro Nails (Remix)"" featuring Kanye West.",Unknown,Digital,,Front Cover,Used,https://ibb.co/2783ysy
808s & Heartbreak,"Kid Sister - Pro Nails (Remixes) [EP]
(feat. Kanye West)","Cover art used for the CD release of Kid Sister's ""Pro Nails"" EP.",Unknown,Digital,,Front Cover,Used,https://ibb.co/42fvfXn
808s & Heartbreak,"Kid Sister - Pro Nails (Remixes) [EP] [Alternate Cover]
(feat. Kanye West)","Cover art used for the vinyl release of Kid Sister's ""Pro Nails"" EP.",Unknown,Scan,,Front Cover,Alternate,https://ibb.co/pPW4vxJ
808s & Heartbreak,"Lil Wayne - Lollipop (Remix)
(feat. Kanye West & Static Major)","Cover art for the Lil Wayne single ""Lollipop (Remix)"", featuring Kanye West and Static Major.",Unknown,Digital,,Front Cover,Used,https://ibb.co/b7PbCQ8
808s & Heartbreak,"Sophia Fresh - What It Is
(feat. Kanye West) ","Cover art for the Sophia Fresh single ""What It Is"", featuring Kanye West.",Unknown,Digital,,Front Cover,Used,https://archive.org/details/ahr0cdovl2ltywdllmlozwfydc5jb20vv01hmi9uahvtyl9db250zw50l0z1bgxfuemvv01hl1nlchqv
808s & Heartbreak,"Teryiaki Boyz - I Still Love H.E.R. 
(feat. Kanye West)","Cover art for the Teryiaki Boyz single ""I Still Love H.E.R."" featuring Kanye West.",Unknown,Digital,,Front Cover,Used,https://ibb.co/2ZpD3xM
808s & Heartbreak,"Young Jeezy - Put On
(feat. Kanye West)","Cover art for the Young Jeezy single ""Put On"" featuring Kanye West.",Unknown,Digital,,Front Cover,Used,https://ibb.co/16P0HF0
Good Ass Job,Good Ass Job,"Seen on the sleeve of the single release of ""POWER"" sent to radio stations, this same painting is also rumored to have been the original cover for Good Ass Job. This image is taken from a larger painting Condo did of Kanye representing different personas of his, and was what inspired Kanye to bring him in to work on art for the album officially. Likely this cover was considered prior to Condo creating original art for the project.",George Condo,Photo,,Front Cover,Unused,https://ibb.co/JrJMt7D
Good Ass Job,POWER [Original Cover Sketch],"Original sketch by George Condo that would later turn into the single cover for ""POWER"". Made sometime in 2009.",George Condo,Scan,,Concept Art,Concept Art,https://ibb.co/MgN5mjc
Good Ass Job,POWER,"This cover art ended up being the cover of the single version of ""POWER"" and served as the profile picture for Kanye's Twitter account for a long time. The art is called ""Hell of a Life"" by George Condo.",George Condo,Digital,,Front Cover,Used,https://t2.genius.com/unsafe/600x600/https%3A%2F%2Fimages.rapgenius.com%2Fb301eaa4b30fad2ee032db074cadb03b.300x300x1.png
Good Ass Job,POWER [Alternate Cover],"The original single art for ""POWER"", featured on the sleeve of promo records sent to radio stations.",George Condo,Photo,,Front Cover,Alternate,https://www.rap-up.com/2010/06/02/single-cover-kanye-west-power/
Good Ass Job,POWER [Promo Banner],"OG Filename: 928x70
Banner for ""POWER"" that was founded on Kanye's blog.",George Condo,Digital,,Promo Art,Used,https://ibb.co/dJdnPqd
Good Ass Job,Artists For Haiti - We Are the World 25 for Haiti,"Cover art for the charity single ""We Are the World 25 for Haiti"", featuring Kanye West and more than 100 other popular rappers, singers and musicians.",Unknown,Digital,,Front Cover,Used,https://thaliaesmivida.files.wordpress.com/2013/05/we-are-the-world1.jpg
Good Ass Job,"Clipse - Kinda Like A Big Deal
(feat. Kanye West)","Cover art to the Clipse single ""Kinda Like A Big Deal"", featuring Kanye West. Designed by KAWS.",KAWS,Digital,,Front Cover,Used,https://ibb.co/XVhd2p3
Good Ass Job,"Clipse - Kinda Like A Big Deal [Alternate Cover]
(feat. Kanye West)","Alternate cover art to the Clipse single ""Kinda Like A Big Deal"", featuring Kanye West.",KAWS,Digital,,Front Cover,Alternate,https://ibb.co/FBysXcn
Good Ass Job,"Consequence - Whatever U Want
(feat. Kanye West & John Legend)","Cover art for the Consequence single ""Whatever U Want"", featuring Kanye West and John Legend.",Unknown,Digital,,Front Cover,Used,https://ibb.co/b78vpqR
Good Ass Job,"Consequence - Whatever U Want (G.O.O.D. Remix)
(feat. Kanye West, Common, Kid Cudi, Big Sean & John Legend)","Cover art for the Consequence single ""Whatever U Want (G.O.O.D. Remix)"", featuring Kanye West, Common, Kid Cudi, Big Sean and John Legend.",Unknown,Digital,,Front Cover,Used,https://ibb.co/KzN0qgv
Good Ass Job,"Drake - Forever
(feat. Kanye West, Lil Wayne & Eminem)","Cover art for the Drake single ""Forever"", featuring Kanye West, Lil Wayne and Eminem.","Cover art for the Drake single ""Forever"", featuring Kanye West, Lil Wayne and Eminem.",Digital,,Front Cover,Used,https://ibb.co/Qf0Pn63
Good Ass Job,"GLC - The Big Screen
(feat. Kanye West)","Cover art for the GLC single ""The Big Screen"" featuring Kanye West, seen on promotional releases of the song sent to DJs. Possibly the greatest album cover of all time.",Unknown,Digital,,Front Cover,Used,https://ibb.co/TLWWQms
Good Ass Job,"Jamie Foxx - Digital Girl (Remix)
(feat. Kanye West, Drake & The-Dream)","Cover art for the Jamie Foxx single ""Digital Girl (Remix)"", featuring Kanye West, Drake & The-Dream.",Unknown,Digital,,Front Cover,Used,https://ibb.co/W2rXKM9
Good Ass Job,"JAY-Z - Run This Town
(feat. Rihanna & Kanye West)","Cover art for the JAY-Z single ""Run This Town"", featuring Kanye West and Rihanna.",Unknown,Digital,,Front Cover,Used,https://ibb.co/KVPgRqW
Good Ass Job,"JAY-Z - Run This Town [Alternate Cover 1]
(feat. Rihanna & Kanye West)","Alternate cover art for the JAY-Z single ""Run This Town"", featuring Kanye West and Rihanna. Used on some physical editions.",Unknown,Scan,,Front Cover,Alternate,https://ibb.co/Jm3XdnJ
Good Ass Job,"JAY-Z - Run This Town [Alternate Cover 2]
(feat. Rihanna & Kanye West)","Alternate cover art for the JAY-Z single ""Run This Town"", featuring Kanye West and Rihanna. Used on a UK release.",Unknown,Digital,,Front Cover,Alternate,https://ibb.co/5G5qdGh
Good Ass Job,"Keri Hilson - Knock You Down
(feat. Kanye West & Ne-Yo)","Cover art for the Keri Hilson single ""Knock You Down"", featuring Kanye West & Ne-Yo.",Unknown,Digital,,Front Cover,Used,https://ibb.co/vZF6wj4
Good Ass Job,"Keri Hilson - Knock You Down (Moto Blanco Club Remix)
(feat. Kanye West & Ne-Yo)","Cover art for the Keri Hilson single ""Knock You Down (Moto Blanco Club Remix)"", featuring Kanye West & Ne-Yo.",Unknown,Digital,,Front Cover,Used,https://ibb.co/T4N2jpX
Good Ass Job,"Malik Yusef - G.O.O.D. Morning, G.O.O.D. Night (Dawn)","Cover art for Malik Yusef's mixtape G.O.O.D. Morning, G.O.O.D. Night (Dawn), presented by Kanye West and himself.",Unknown,Scan,,Front Cover,Used,https://ibb.co/34xfpYj
Good Ass Job,"Malik Yusef - G.O.O.D. Morning, G.O.O.D. Night (Dawn) [Alternate Cover]","Alternate cover art for Malik Yusef's mixtape G.O.O.D. Morning, G.O.O.D. Night (Dawn), found on some re-releases of the mixtape.",Unknown,Digital,,Front Cover,Alternate,https://i.scdn.co/image/ab67616d0000b2736080ac1e0728252cd6d93cc1
Good Ass Job,"Malik Yusef - G.O.O.D. Morning, G.O.O.D. Night (Dusk)","Cover art for Malik Yusef's mixtape G.O.O.D. Morning, G.O.O.D. Night (Dusk), presented by Kanye West and himself.",Unknown,Scan,,Front Cover,Used,https://t2.genius.com/unsafe/1116x0/https%3A%2F%2Fimages.genius.com%2F10f73dc7fb28faaade084f72f7f60110.1000x1000x1.jpg
Good Ass Job,"Malik Yusef - G.O.O.D. Morning, G.O.O.D. Night (Dusk) [Alternate Cover]","Alternate cover art for Malik Yusef's mixtape G.O.O.D. Morning, G.O.O.D. Night (Dusk), found on some re-releases of the mixtape.",Unknown,Digital,,Front Cover,Alternate,https://i.scdn.co/image/ab67616d0000b273ff3d8706792173b35be80177
Good Ass Job,"N.A.S.A. - Gifted
(feat. Kanye West, Santigold & Lykke Li)","Cover art for the N.A.S.A. single ""Gifted"", featuring Kanye West, Lykke Li & Santigold.",Unknown,Digital,,Front Cover,Used,https://ibb.co/kK6tMvZ
Good Ass Job,"Mr Hudson - Supernova
(feat. Kanye West)","Official single art to ""Supernova"" by Mr Hudson, featuring Kanye West.",Unknown,Digital,,Front Cover,Used,https://ibb.co/L9HpN6P
Good Ass Job,"Really Doe - Plastic
(feat. Kanye West)","Cover art for the Really Doe single ""Plastic"", featuring Kanye West.",Unknown,Digital,,Front Cover,Used,https://ibb.co/GQQXPsQ
Good Ass Job,"The-Dream - Walkin' On The Moon
(feat. Kanye West)","Cover art for the The-Dream single ""Walkin' On The Moon"", featuring Kanye West.",Unknown,Scan,,Front Cover,Used,https://ibb.co/jHh503X
Good Ass Job,"The-Dream - Walkin' On The Moon (The Remixes) [EP]
(feat. Kanye West)","Cover art for the The-Dream's ""Walkin' On The Moon"" remix EP, featuring Kanye West.",Unknown,Scan,,Front Cover,Used,https://ibb.co/FDJcK0X
Good Ass Job,Various Artists - True to the Game,"2009 album of various artists' unreleased tracks, a percentage of the proceeds were donated to the Negro Leagues Baseball Museum to help fund a $15 million education and research centre. Also the possibly greatest album cover of all time.",Unknown,Scan,,Front Cover,Used,https://ibb.co/Fz7FtFS
My Beautiful Dark Twisted Fantasy,My Beautiful Dark Twisted Fantasy,"West came to Condo's studio, where for several hours they listened to tapes of his music, and over the next few days Condo made eight or nine paintings and a lurid scene of a naked black man on a bed, straddled by a naked white female creature with fearsome features, wings, no arms, and a long, spotted tail. West chose that one. Ye insisted on a cover that would be so outlandish it would be outlawed. He got his wish. The album cover ended up being blurred.","Kanye West, Don C., Plain Pat, Virgil Abloh, George Condo, M/M, JP Robinson, Todd Russell & Kristen Yiengst",Digital,,Front Cover,Used,https://ibb.co/Y7cWtbX
My Beautiful Dark Twisted Fantasy,My Beautiful Dark Twisted Fantasy [Alternate Cover 1],Uncensored version of the streaming cover. Meant to be the main album cover until the art was forced to be censored.,"Kanye West, Don C., Plain Pat, Virgil Abloh, George Condo, M/M, JP Robinson, Todd Russell & Kristen Yiengst",Digital,,Front Cover,Alternate,https://images.genius.com/31f9198f646ae211d8fe2c855e6ea4d0.998x998x1.png
My Beautiful Dark Twisted Fantasy,My Beautiful Dark Twisted Fantasy [Alternate Cover 2],"OG Filename: Prohibited Version (Clean)
Slightly different version to the one above with a deeper red background, leaked July 19th, 2025. Made November 20th, 2011.","Kanye West, Don C., Plain Pat, Virgil Abloh, George Condo, M/M, JP Robinson, Todd Russell & Kristen Yiengst",Digital,,Front Cover,Alternate,https://imgur.gg/f/rHgTZQ4
My Beautiful Dark Twisted Fantasy,My Beautiful Dark Twisted Fantasy [Alternate Cover 3],"OG Filename: Prohibited Version (Parental Advisory)
Similar to above but has a ""Parental Advisory"" sticker and a slightly different background hue. Made November 20th, 2011.","Kanye West, Don C., Plain Pat, Virgil Abloh, George Condo, M/M, JP Robinson, Todd Russell & Kristen Yiengst",Digital,,Front Cover,Alternate,https://imgur.gg/f/KtouEPK
My Beautiful Dark Twisted Fantasy,My Beautiful Dark Twisted Fantasy [Alternate Cover 4],"OG Filename: 2nd Version (Parental Advisory)
This cover was used as the main cover on the CD and vinyl releases of the album. Ballerinas played a large part in this whole era, so it's fitting that one of the covers for the album featured one. OG file leaked July 19th, 2025. Made November 20th, 2011.","Kanye West, Don C., Plain Pat, Virgil Abloh, George Condo, M/M, JP Robinson, Todd Russell & Kristen Yiengst",Digital,,Front Cover,Alternate,https://imgur.gg/f/TB59VmE
My Beautiful Dark Twisted Fantasy,My Beautiful Dark Twisted Fantasy [Alternate Cover 5],"The picture is actually the same one used in the cover for the ""POWER"" single. Kanye also used it as his Twitter profile picture for many years.","Kanye West, Don C., Plain Pat, Virgil Abloh, George Condo, M/M, JP Robinson, Todd Russell & Kristen Yiengst",Digital,,Front Cover,Alternate,https://ibb.co/W6k2n7J
My Beautiful Dark Twisted Fantasy,My Beautiful Dark Twisted Fantasy [Alternate Cover 6],"One of many covers for this album that features Kanye with multiple mouths wide open, as was part of George Condo's signature style.","Kanye West, Don C., Plain Pat, Virgil Abloh, George Condo, M/M, JP Robinson, Todd Russell & Kristen Yiengst",Digital,,Front Cover,Alternate,https://ibb.co/hXCjJRf
My Beautiful Dark Twisted Fantasy,My Beautiful Dark Twisted Fantasy [Alternate Cover 7],"Likely serving as a followup to the ""POWER"" single cover, this version doesn't feature Kanye's face and instead only has the sword and the crown.","Kanye West, Don C., Plain Pat, Virgil Abloh, George Condo, M/M, JP Robinson, Todd Russell & Kristen Yiengst",Digital,,Front Cover,Alternate,https://ibb.co/wWgkW6k
My Beautiful Dark Twisted Fantasy,My Beautiful Dark Twisted Fantasy [Alternate Cover 8],"One of many covers for this album that features one creature with multiple mouths wide open, as was part of George Condo's signature style.","Kanye West, Don C., Plain Pat, Virgil Abloh, George Condo, M/M, JP Robinson, Todd Russell & Kristen Yiengst",Digital,,Front Cover,Alternate,https://ibb.co/YXZ7g7C
My Beautiful Dark Twisted Fantasy,My Beautiful Dark Twisted Fantasy [Animated Cover],Animated version which cycles through the alternate covers. Exclusive to the TIDAL release.,"Kanye West, Don C., Plain Pat, Virgil Abloh, George Condo, M/M, JP Robinson, Todd Russell & Kristen Yiengst",Digital,,Front Cover,Alternate,"https://imgur.gg/f/01BR0St
https://resources.tidal.com/videos/aec428f5/18de/4d71/b22f/3aefec8defd9/1280x1280.mp4"
My Beautiful Dark Twisted Fantasy,My Beautiful Dark Twisted Fantasy [Rough Draft Cover],"An Instagram post made by George Condo of an alternate art piece from the My Beautiful Dark Twisted Fantasy sketches, depiciting a bear and naked woman along with a purple monster with a dagger going through their head.",George Condo,Photo,,Front Cover,Alternate,https://ibb.co/x7fzCqF
My Beautiful Dark Twisted Fantasy,My Beautiful Dark Twisted Fantasy [Booklet],Booklet made for Vinyl Version of MBDTF.,"Kanye West, Don C., Plain Pat, Virgil Abloh, George Condo, M/M, JP Robinson, Todd Russell & Kristen Yiengst",Digital,,Booklet,Used,"https://drive.google.com/file/d/1sJP9B0IQ7aNgzyUg2VqgrS8vzp92sP4t/view?usp=sharing
https://imgur.gg/f/ewU6TdV"
My Beautiful Dark Twisted Fantasy,Perajok & Kanye West Presents: G.O.O.D. Ass Mixtape,Cover art for the Perajok & Kanye West Presents: G.O.O.D. Ass Mixtape.,Myk Dawg,Digital,,Front Cover,Used,https://imgur.gg/f/7um9iDe
My Beautiful Dark Twisted Fantasy,Perajok & Kanye West Presents: G.O.O.D. Ass Mixtape [Back Cover],The back cover of Perajok & Kanye West Presents: G.O.O.D. Ass Mixtape.,Unknown,Digital,,Back Cover,Used,https://imgur.gg/f/rFbRbam
My Beautiful Dark Twisted Fantasy,Runaway,"The ballerina became a recurring image for Kanye. There were ballerinas in the video for ""Runaway"", and a similar ballerina was featured on the cover of the ""Runaway"" single.",Unknown,Digital,,Front Cover,Used,https://ibb.co/Bsfkj0C
My Beautiful Dark Twisted Fantasy,Runaway [Alternate Cover],"A Eurpoean CD single release of ""Runaway"" uses George Condo's ballerina painting rather than the film still that the main cover features.",George Condo,Digital,,Front Cover,Alternate,https://ibb.co/FD0Z79p
My Beautiful Dark Twisted Fantasy,Runaway [Cover Sketch],"George Condo's rough design of the ""Runaway"" single cover art.",George Condo,Photo,,Concept Art,Concept Art,https://ibb.co/V2X0v2p
My Beautiful Dark Twisted Fantasy,All of the Lights,"This cover was used for single release of ""All of the Lights"".",Unknown,Digital,,Front Cover,Used,https://www.albumartexchange.com/coverart/gallery/ka/kanyewest_allofthelightssingle_6svo.jpg
My Beautiful Dark Twisted Fantasy,"See Me Now
(feat. Beyoncé & Charlie Wilson)","Cover art for the original single release of ""See Me Now."" This version didn't include Big Sean, thus why he isn't credited on the cover. Art style is significantly different from the GOOD Fridays and MBDTF single covers that followed.",Unknown,Digital,,Front Cover,Used,https://ibb.co/mhTJx3s
My Beautiful Dark Twisted Fantasy,POWER (Remix),"The first of the GOOD Fridays singles, this starts the theme of having the name of the song first, then all of the artists credited on the song underneath, with all the text in red in front of a black background and of varying sizes.",Virgil Abloh,Digital,,Front Cover,Used,https://t2.genius.com/unsafe/600x600/https%3A%2F%2Fimages.genius.com%2F59160271fbd11e60175dc47765be3593.550x550x1.jpg
My Beautiful Dark Twisted Fantasy,Monster [Cover Sketch],"Picture of George Condo and Kanye together as Condo creates a painting, likely intended for ""Monster"" as the sketch includes (presumably) Kanye in a zombie/monster form.",George Condo,Photo,,Concept Art,Unused,https://ibb.co/YmthZVy
My Beautiful Dark Twisted Fantasy,Monster,"The cover art for ""Monster"" feat. JAY-Z, Rick Ross, Bon Iver, and Nicki Minaj. Similar to the covers for singles, ""Clique"", ""Mercy"" and ""New God Flow"" from Cruel Summer. With the black background and red writing in all caps.",Virgil Abloh,Digital,,Front Cover,Used,https://t2.genius.com/unsafe/600x600/https%3A%2F%2Fimages.genius.com%2Fe727c1e137b36025ef7fae9b083813c0.450x451x1.png
My Beautiful Dark Twisted Fantasy,Runaway Love (Remix),"Continues the trend of song title above the song artists in red lettering in front of a black background, however this would be the last time this template is used before being slightly changed going forward. This is actually one of only three GOOD Friday singles without a parental advisory sticker on it.",Virgil Abloh,Digital,,Front Cover,Used,https://ibb.co/G9JFYQZ
My Beautiful Dark Twisted Fantasy,Devil In A New Dress,"In line with the previous GOOD Friday singles, but now instead of a black background, the red text is in front of a dark image related to sex, which will continue with all forthcoming GOOD Friday releases. The reason this cover doesn't mention Rick Ross is because he actually wasn't on the single version of the song as he hadn't even recorded for it yet.",Virgil Abloh,Digital,,Front Cover,Used,https://ibb.co/djxkhwp
My Beautiful Dark Twisted Fantasy,Good Friday,"Continues the trend set by the ""Devil In A New Dress"" cover of red text in front of a dark, sex-related image. This image is taken from Helmut Newton's ""Sie Kommen""  photograph collection.",Virgil Abloh,Digital,,Front Cover,Used,https://ibb.co/3pTm3LL
My Beautiful Dark Twisted Fantasy,Lord Lord Lord,"Continues the trend set by the ""Devil In A New Dress"" cover of red text in front of a dark, sex-related image. This one is just some legs, which is taken from Guy Bordin's photograph collection ""Charles Jourdan - Autumn (1979)"".",Virgil Abloh,Digital,,Front Cover,Used,https://ibb.co/QDz9yMt
My Beautiful Dark Twisted Fantasy,So Appalled,"Continues the trend set by the ""Devil In A New Dress"" cover of red text in front of a dark, sex-related image. This image features a naked woman laying on the floor.",Virgil Abloh,Digital,,Front Cover,Used,https://ibb.co/H7L1MBJ
My Beautiful Dark Twisted Fantasy,So Appalled [Alternate Cover],"Alternate cover for ""So Appalled"".",Virgil Abloh,Digital,,Front Cover,Alternate,https://ibb.co/BHtVL0vm
My Beautiful Dark Twisted Fantasy,Christian Dior Denim Flow,"Continues the trend set by the ""Devil In A New Dress"" cover of red text in front of a dark, sex-related image. This one has three women in swimsuits with their legs in the air. Source of the photograph is from a campaign Guy Bourdin did with Charles Jourdan.",Virgil Abloh,Digital,,Front Cover,Used,https://ibb.co/Bz3X5TX
My Beautiful Dark Twisted Fantasy,Don't Stop!,"Continues the trend set by the ""Devil In A New Dress"" cover of red text in front of a dark image. This is actually the only GOOD Fridays cover without Kanye's name on it, as this single was released by his group with Lupe Fiasco and Pharrell Williams, Child Rebel Soldier.",Virgil Abloh,Digital,,Front Cover,Used,https://ibb.co/D4mjx1Y
My Beautiful Dark Twisted Fantasy,Take One For The Team,"Continues the trend set by the ""Devil In A New Dress"" cover of red text in front of a dark, sex-related image. This one has a woman in bed holding a gun.",Virgil Abloh,Digital,,Front Cover,Used,https://t2.genius.com/unsafe/600x600/https%3A%2F%2Fimages.genius.com%2Fa5da3353bfa1345653be83e328338f94.604x600x1.png
My Beautiful Dark Twisted Fantasy,Don't Look Down,"Continues the trend set by the ""Devil In A New Dress"" cover of red text in front of a dark, sex-related image. This one has a naked woman laying in a garden.",Virgil Abloh,Digital,,Front Cover,Used,https://t2.genius.com/unsafe/600x600/https%3A%2F%2Fimages.genius.com%2F563716f20ff9212ae1281fc81940314d.946x946x1.png
My Beautiful Dark Twisted Fantasy,The Joy,"Continues the trend set by the ""Devil In A New Dress"" cover of red text in front of a dark, sex-related image. This one has a naked woman in a lawn chair.",Virgil Abloh,Digital,,Front Cover,Used,https://ibb.co/VDqPZHz
My Beautiful Dark Twisted Fantasy,Looking For Trouble,"Continues the trend set by the ""Devil In A New Dress"" cover of red text in front of a dark, sex-related image. This one features a woman reading a book with somebody's hand on her shoulder.",Virgil Abloh,Digital,,Front Cover,Used,https://ibb.co/x17Bw21
My Beautiful Dark Twisted Fantasy,Chain Heavy,"Continues the trend set by the ""Devil In A New Dress"" cover of red text in front of a dark image. This one features three people with chains all on them.",Virgil Abloh,Digital,,Front Cover,Used,https://ibb.co/7R6Zggp
My Beautiful Dark Twisted Fantasy,"Chris Brown - Deuces (Remix)
(feat. Drake, Kanye West & André 3000)","Cover art for the Chirs Brown single ""Deuces (Remix)"", featuring Drake, Kanye West & André 3000. Kanye isn't very fond of women who are victims of abuse on this song.",Unknown,Digital,,Front Cover,Used,https://ibb.co/YB3FLcq
My Beautiful Dark Twisted Fantasy,"Chris Brown - Deuces (Remix)
(feat. Drake, T.I., Kanye West, Fabolous, Rick Ross & André 3000)","Cover art for the Chirs Brown single ""Deuces (Remix)"", featuring Drake, T.I., Kanye West, Fabolous, Rick Ross & André 3000. Kanye isn't very fond of women who are victims of abuse on this song.",Unknown,Digital,,Front Cover,Used,https://ibb.co/nPfrgg0
My Beautiful Dark Twisted Fantasy,"GLC - Flight School
(feat. Kanye West & T-Pain)","Single art for ""Flight School"" by GLC, featuring Kanye West and T-Pain. Features the G.O.O.D. Music logo in the bottom right corner, though GLC had left the label by the time this song was released.",Unknown,Digital,,Front Cover,Used,https://ibb.co/xqwgBhD
My Beautiful Dark Twisted Fantasy,"Kid Cudi - Erase Me
(feat. Kanye West)","Cover art for the Kid Cudi single ""Erase Me"", featuring Kanye West. Kid Cudi is standing in an empty pool dressed in a suit for unclear reasons.",Unknown,Digital,,Front Cover,Used,https://ibb.co/kBRyKDr
My Beautiful Dark Twisted Fantasy,"Kid Cudi - Erase Me [Rough Draft Cover]
(feat. Kanye West)","According to a trusted source, there was a ""rightfully"" scrapped cover for ""Erase Me"". Nothing else is known.",Unknown,,N/A,Front Cover,Alternate,Link Needed
My Beautiful Dark Twisted Fantasy,"La Roux - In For The Kill
(feat. Kanye West)","Cover art for the La Roux single ""In For The Kill"", featuring Kanye West.",Unknown,Digital,,Front Cover,Used,https://ibb.co/Tktdmb5
My Beautiful Dark Twisted Fantasy,"Rick Ross - Live Fast, Die Young
(feat. Kanye West, John Legend, The WRLDFMS Tony Williams & Connie Mitchell)","Cover art for the Rick Ross single ""Live Fast, Die Young"", featuring Kanye West.",Unknown,Digital,,Front Cover,Used,https://ibb.co/sbvnDCZ
My Beautiful Dark Twisted Fantasy,"Stromae - Alors on danse (Remix)
(feat. Kanye West & Gilbere Forte)","Cover art for the Stromae single ""Alors on danse (Remix)"" featuring Kanye West and Gilbere Forte.",Unknown,Digital,,Front Cover,Used,https://ibb.co/7nkC3mf
My Beautiful Dark Twisted Fantasy,"Thirty Seconds to Mars - Hurricane 2.0
(feat. Kanye West)","Cover art for the Thirty Seconds to Mars single ""Hurricane 2.0"", featuring Kanye West. Features one of the worst pieces of cover art of all time.",Unknown,Digital,,Front Cover,Used,https://ibb.co/YPHqXcj
Watch The Throne,Watch The Throne,"Designed by Givenchy creative director Riccardo Tisci, this masterpiece envelops a bold take on symmetrical, geometrical artwork. According to a Givenchy representative, ""…angular lines were incorporated symbolically to convey the masculinity of two of the most iconic rap figures of our time."" The same rep mentioned that the cover was designed to seem embroidered. The realistic light shading creates a 3-D effect that makes the image pop out.","Riccardo Tisci, Virgil Abloh & Joe Zeff",Digital,,Front Cover,Used,https://ibb.co/bgfPG62
Watch The Throne,Watch The Throne [Animated Cover],Animated cover made for the streaming version of Watch The Throne.,Riccardo Tisc,Digital,,Other,Used,"https://imgur.gg/f/BMDXigf
https://drive.google.com/file/d/12oTdbJsYXzJ9Fz1D2Qzl8g6NmRgwycjx/view?usp=sharing"
Watch The Throne,Watch The Throne [Alternate Cover],"Original art designed by Givenchy creative director Riccardo Tisci, before the golden embevelling effect was added. Matches the creative style of the ""H•A•M"" cover art and early ""Why I Love You"" covers much closer. Image attached is taken from the digital booklet because the original art without the creative director text hasn't been released, so this is technically a recreation of the original cover evern though it is the genuine art Riccardo Tisci created.",Riccardo Tisc,Recreation,,Front Cover,Alternate,https://ibb.co/bBhF06c
Watch The Throne,Watch The Throne [Booklet],Booklet made for the vinyl version of Watch The Throne.,"Riccardo Tisci, Virgil Abloh & Joe Zeff",Digital,,Booklet,Used,"https://drive.google.com/file/d/16tDXMDxbfCN3FprzVKuWdgi7ZVmFcUS9/view?usp=sharing
https://imgur.gg/f/F8QLwN6"
Watch The Throne,H•A•M,"Serving as the first single for the album, this cover gave listeners the feeling of high art and luxury, something that this whole era is characterized by.",Unknown,Digital,,Front Cover,Used,https://t2.genius.com/unsafe/600x600/https%3A%2F%2Fimages.genius.com%2F6ac64f6bf77c7c9d39edaf0389d2606d.1000x1000x1.png
Watch The Throne,H•A•M [Alternate Cover],"Alternate cover to ""H•A•M"" featuring different text promoting the single release, Watch The Throne and the creative director for the project. The title art is positioned and sized differently form the final version.",Unknown,Digital,,Front Cover,Alternate,https://ibb.co/8XMP9Sn
Watch The Throne,Otis [Early Idea],"An early idea for the ""Otis"" cover, leaked by Saya in 2023. Currenly lost.",Unknown,Digital,N/A,Concept Art,Alternate,Link Needed
Watch The Throne,Otis,"This image was featured in the album's physical packaging. This watercolor-like U.S. flag is oddly square shaped and serves as the cover art to the song, ""Otis"", the second released single from the album. This flag was also used as a prop in the ""Otis"" video.",Unknown,Digital,,Front Cover,Used,https://t2.genius.com/unsafe/600x600/https%3A%2F%2Fimages.genius.com%2F5fb87a1bf5693ba790d551ce5edfcf38.1000x1000x1.png
Watch The Throne,Niggas In Paris,"Similar to the cover for ""Why I Love You"".",Unknown,Digital,,Front Cover,Used,https://t2.genius.com/unsafe/600x600/https%3A%2F%2Fimages.genius.com%2F3d0e588d7acb15e690ba0f9e51e726ae.1000x1000x1.png
Watch The Throne,Why I Love You,"Despite having many unique covers made for this song, the cover ended up being the same as the cover for ""Niggas In Paris"", but with the song name changed.",Unknown,Digital,,Front Cover,Used,https://t2.genius.com/unsafe/600x600/https%3A%2F%2Fimages.genius.com%2F5ec2ba5fd5d1b7715c25fab644c86c53.1000x1000x1.png
Watch The Throne,Why I Love You [Rough Draft Cover 1],Posted by opt_archive on Instagram. Features a golden heart surrounded by a floral pattern with the song name in the center.,Joe Perez,Digital,,Front Cover,Unused,https://i.postimg.cc/BZBKt203/Why-I-Love-You-Cover-1.jpg
Watch The Throne,Why I Love You [Rough Draft Cover 2],"Posted by opt_archive on Instagram. Same as the previous cover, but with the heart being black and the text being red.",Joe Perez,Digital,,Front Cover,Unused,https://i.postimg.cc/15RNF4mq/Why-I-Love-You-Cover-2.jpg
Watch The Throne,Why I Love You [Rough Draft Cover 3],"Posted by opt_archive on Instagram. Same as the previous cover, but with names added.",Joe Perez,Digital,,Front Cover,Unused,https://i.postimg.cc/4xm78Mh4/Why-I-Love-You-Cover-3.jpg
Watch The Throne,Why I Love You [Rough Draft Cover 4],Posted by opt_archive on Instagram. Features a woodgrain pattern in the shape of a heart. similar visuals were used in the Watch The Throne digital album.,Todd Russell,Digital,,Front Cover,Unused,https://i.postimg.cc/0QdbM1hn/Why-I-Love-You-Cover.jpg
Watch The Throne,No Church In The Wild,"This cover has an image of the American flag burning, which is in reference to the music video for this song in which they burn an American flag.",Unknown,Digital,,Front Cover,Used,https://ibb.co/yNxqMqN
Cruel Summer,Cruel Summer,"Joe Perez designed the cover for Cruel Summer. He posted a timelapse video of the creative process for the album cover above. Joe Perez has done many covers for Kanye West, including the covers for two of his studio albums; Yeezus and The Life Of Pablo. But Kanye isn't the only person he's done covers for; you can check his website to see all the covers he's done.","FABIAN, Joe Perez & Virgil Abloh",Digital,,Front Cover,Used,https://ibb.co/4fJn3wS
Cruel Summer,Cruel Summer [Alternate Cover],Alternate cover for Cruel Summer. Based off the poster for the Cruel Summer short film.,Unknown,Digital,,Front Cover,Alternate,https://imgur.gg/f/7rsnSrd
Cruel Summer,Cruel Summer [Booklet],Original booklet included with Cruel Summer when it released.,"FABIAN, Joe Perez & Virgil Abloh",Digital,,Booklet,Used,https://www.slideshare.net/zorrge/good-music-cruel-summer-digital-booklet
Cruel Summer,Cruel Summer [Rough Draft Cover 1],"Posted by opt_archive on Instagram. Features the GOOD Music logo in the center, surrounded by circles, with squares of biblical images on the outside of the circle.",Joe Perez,Digital,,Front Cover,Unused,https://i.postimg.cc/VsgJz1qL/Cruel-Summer-Cover-1.jpg
Cruel Summer,Cruel Summer [Rough Draft Cover 2],"Posted by opt_archive on Instagram. Same as the previous cover, but with added lines.",Joe Perez,Digital,,Front Cover,Unused,https://i.postimg.cc/66MpDcK8/Cruel-Summer-Cover-2.jpg
Cruel Summer,Cruel Summer [Rough Draft Cover 3],"Posted by opt_archive on Instagram. Same as previous cover, but with a circle around the circle.",Joe Perez,Digital,,Front Cover,Unused,https://i.postimg.cc/KvVvYYRF/Cruel-Summer-Cover-3.jpg
Cruel Summer,Cruel Summer [Rough Draft Covers Video],"A video of all the covers Joe Perez made for Cruel Summer, set to the tune of ""New God Flow"".","FABIAN, Joe Perez & Virgil Abloh",Digital,There are 325 alternate covers featured in this video. We cannot show each and every one. Click on the YouTube link to view all of them.,Front Cover,Unused,"https://www.youtube.com/watch?v=IwJoYPyzlw4
https://imgur.gg/f/F7GGuJD"
Cruel Summer,Yeezy II [Rough Draft Cover 1],Posted by opt_archive on Instagram.,Joe Perez,Digital,,Front Cover,Unused,https://i.postimg.cc/y6D0pD4C/Yeezy-II-Cover-1.jpg
Cruel Summer,Yeezy II [Rough Draft Cover 2],Posted by opt_archive on Instagram.,Joe Perez,Digital,,Front Cover,Unused,https://i.postimg.cc/tR8WK9pZ/Yeezy-II-Cover-2.jpg
Cruel Summer,Yeezy II [Rough Draft Cover 3],Posted by opt_archive on Instagram.,Joe Perez,Digital,,Front Cover,Unused,https://i.postimg.cc/d0Qy21mX/Yeezy-II-Cover-3.jpg
Cruel Summer,Theraflu [Rough Draft Cover 1],"Original cover art for ""Theraflu"" posted by George Condo.",George Condo,Digital,,Front Cover,Unused,https://i.redd.it/d6l37m2xqeg41.jpg
Cruel Summer,Theraflu [Rough Draft Cover 2],"Cover art for when ""Cold"" was titled ""Theraflu"". Same as the one on Spotify besides having a ""Theraflu"" in the cover.",George Condo,Digital,,Front Cover,Unused,https://pyxis.nymag.com/v1/imgs/14d/eb3/87c130c75b38865c1b76be6221283b0b4e-05-theraflu.w710.jpg
Cruel Summer,Cold,"As this song wasn't initally intended to be on Cruel Summer, this cover art is not in line with the rest of the single covers for this era.",George Condo,Digital,,Front Cover,Used,https://ibb.co/dD6QZJf
Cruel Summer,Cold [Alternate Cover 1],"After Kanye was forced to change the name of ""Theraflu"" to ""Way Too Cold"". He released the single with the cover that's on Spotify, but he changed the title one more time to ""Cold"" & posted this official cover on his website.","George Condo, Joe Perez & Virgil Abloh",Digital,,Front Cover,Alternate,https://www.albumartexchange.com/coverart/gallery/ka/kanyewest_cold_4kru.jpg
Cruel Summer,Cold [Alternate Cover 2],"Came as the previous, but without the title text.","George Condo, Joe Perez & Virgil Abloh",Digital,,Front Cover,Alternate,https://ibb.co/wCYXkBq
Cruel Summer,Mercy,"Building off of the 2010 GOOD Friday covers, this cover is as simple as it gets. Song name as big as it can be in bright red. Underneath it, in white, there is a parental advisory logo and the names of all the song artists. All of this is on a pure black background. This is the trend that will continue throughout the rest of the singles for this album.",Joe Perez & Virgil Abloh,Digital,,Front Cover,Used,https://ibb.co/Kxz2H96
Cruel Summer,I Don't Like (Remix),"Continuing the trend set by ""Mercy"" for this album cycle, this cover is as simple as it gets. Song name as big as it can be in bright red. Underneath it, in white, there is a parental advisory logo and the names of all the song artists. All of this is on a pure black background.",Joe Perez & Virgil Abloh,Digital,,Front Cover,Used,https://t2.genius.com/unsafe/600x600/https%3A%2F%2Fimages.genius.com%2F92cd6cb0230d0933a1672e27ad57835c.800x800x1.png
Cruel Summer,New God Flow,"Continuing the trend set by ""Mercy"" for this album cycle, this cover is as simple as it gets. Song name as big as it can be in bright red. Underneath it, in white, there is a parental advisory logo and the names of all the song artists. All of this is on a pure black background.",Joe Perez & Virgil Abloh,Digital,,Front Cover,Used,https://ibb.co/BjVJxnJ
Cruel Summer,Clique,"Continuing the trend set by ""Mercy"" for this album cycle, this cover is as simple as it gets. Song name as big as it can be in bright red. Underneath it, in white, there is a parental advisory logo and the names of all the song artists. All of this is on a pure black background.",Joe Perez & Virgil Abloh,Digital,,Front Cover,Used,https://t2.genius.com/unsafe/600x600/https%3A%2F%2Fimages.genius.com%2Fd85d9b28d5bf3e6abaaf04dbc9802b61.1000x1000x1.png
Yeezus,Yeezus,"This minimalist cover displays a CD with red tape on the side, appearing like many bargain bin disks would. One of Kanye's major influences going into the project was his newfound love of minimalist art. This minimalism is a stark contrast with his last album My Beautiful Dark Twisted Fantasy, which had 5 different covers and the whole album being an artistic statement. This album had a minimalist approach to it and Kanye's influences and the cover represent that.",Joe Perez & Virgil Abloh,Digital,,Front Cover,Used,https://ibb.co/3dG1nWq
Yeezus,Yeezus [Alternate Cover 1],"Revealed as the art to Yeezus and changed shortly before release. Includes similar elements to the final cover like the jewel case, as well as additional graphics and a melted face that's meant to be Kanye's melted cruciffix taking the form of Jesus.",Meredith Truax,Digital,,Front Cover,Alternate,https://ibb.co/p3FyFWC
Yeezus,Yeezus [Alternate Cover 2],"Second cover seen in official advertisements right before release. Almost identical to the final cover, but the red tape is still the duct tape version seen on the previous cover and various concept art.",Joe Perez & Virgil Abloh,Digital,,Front Cover,Alternate,https://imgur.gg/f/RA6Q87J
Yeezus,Thank God For Drugs [Cover Idea],Posted by George Condo on Instagram.,George Condo,Photo,,Front Cover,Unused,"https://ibb.co/rFcNkqG
https://ibb.co/X8c2KzV"
Yeezus,Thank God For Drugs [Animated Cover 1],"Posted by opt_archive on Instagram. Actually a gif. Dated March 2nd, 2013.",Joe Perez,Digital,,Front Cover,Unused,"https://media.giphy.com/media/vIrk2v0M9DGrYQeOhM/giphy-downsized-large.gif
https://imgur.gg/f/mhvMFpn"
Yeezus,Thank God For Drugs [Animated Cover 2],"Posted by opt_archive on Instagram. Actually a gif. Dated March 2nd, 2013.",Joe Perez,Digital,,Back Cover,Unused,"https://media.giphy.com/media/hFtSDsV4coSCJs2f77/giphy-downsized-large.gif
https://imgur.gg/f/Cbe5D25"
Yeezus,Thank God For Drugs [Rough Draft Cover 1],"Posted by opt_archive on Instagram. Dated March 5th, 2013.",Joe Perez,Digital,,Front Cover,Unused,https://imgur.gg/f/XEfdxNc
Yeezus,Thank God For Drugs [Rough Draft Cover 2],"Posted by opt_archive on Instagram. Dated March 5th, 2013.",Joe Perez,Digital,,Front Cover,Unused,https://imgur.gg/f/XfKoJu9
Yeezus,Thank God For Drugs [Rough Draft Cover 3],"Posted by opt_archive on Instagram. Dated March 5th, 2013.",Joe Perez,Digital,,Front Cover,Unused,https://imgur.gg/f/piGfG9J
Yeezus,Thank God For Drugs [Rough Draft Cover 4],"Posted by opt_archive on Instagram. Dated April 27th, 2013.",Joe Perez,Digital,,Front Cover,Unused,https://ibb.co/ZRXt2XZy
Yeezus,Thank God For Drugs [Rough Draft Cover 5],Cover shown in Virgil Abloh's 2019 book Figures of Speech. Image shown here is a recreation.,Joe Perez & Virgil Abloh,Recreation,,Front Cover,Unused,https://ibb.co/RHmZ1Rt
Yeezus,Thank God For Drugs [Rough Draft Cover 6],Cover shown in Virgil Abloh's 2019 book Figures of Speech. Image shown here is a recreation.,Joe Perez & Virgil Abloh,Recreation,,Front Cover,Unused,https://ibb.co/DrNkFBB
Yeezus,Thank God For Drugs [Rough Draft Cover 7],Posted by George Condo on Instagram.,George Condo,Photo,,Front Cover,Unused,https://ibb.co/60Fm4bX
Yeezus,Yeezus [Rough Draft Cover 7],Posted by opt_archive on Instagram.,Joe Perez,,,Front Cover,Unused,https://ibb.co/nqtWLtcv
Yeezus,Yeezus [Rough Draft Cover 8],Posted by opt_archive on Instagram.,Joe Perez,,,Front Cover,Unused,https://ibb.co/p6bG0mLQ
Yeezus,Yeezus [Animated Cover 3],"Posted by opt_archive on Instagram. Actually a gif. Dated May 16th, 2013.",Joe Perez,Digital,,Front Cover,Unused,"https://media.giphy.com/media/u1MofdeMXepDMlH49I/giphy.gif
https://imgur.gg/f/NFSzqlQ"
Yeezus,Yeezus [Rough Draft Cover 9],"The gold is supposed to be Kanye's melted gold crucifix. If you look closely, there seems to be a face being torn from another face (left, right). Made in May 2013.",Joe Perez,,,Front Cover,Unused,https://ibb.co/d0cvD3d6
Yeezus,Yeezus [Animated Cover 4],Another animated cover. Also a gif.,Unknown,Digital,,Front Cover,Unused,"https://media0.giphy.com/media/v1.Y2lkPTc5MGI3NjExbWRrczFuNXg4eTZsOXZyeHMwN2E0c2l4amU4M3d4YzhkZzFqNHkwMyZlcD12MV9pbnRlcm5hbF9naWZfYnlfaWQmY3Q9Zw/xBgqrybVkYdGCV8WCd/giphy.webp
https://imgur.gg/f/tkvz31x"
Yeezus,Yeezus [Rough Draft Cover 10],Posted by opt_archive on Instagram. Made in May 2013.,Joe Perez,Digital,,Front Cover,Unused,https://ibb.co/0jyhXm7g
Yeezus,Yeezus [Rough Draft Cover 11],Posted by opt_archive on Instagram. Made in May 2013.,Joe Perez,Digital,,Front Cover,Unused,https://ibb.co/XZRZJrYc
Yeezus,Yeezus [Rough Draft Cover 12],Posted by opt_archive on Instagram. Made in May 2013.,Joe Perez,Digital,,Front Cover,Unused,https://ibb.co/ZpbPwpBB
Yeezus,Yeezus [Rough Draft Cover 13],"Another alternate cover for Yeezus. Has the My Beautiful Dark Twisted Fantasy art Kanye held on chains. Leaked September 26th, 2023. ",Unknown,Digital,,Front Cover,Unused,https://ibb.co/qgKxnQ3
Yeezus,Yeezus [Rough Draft Cover 14],"Another alternate cover for Yeezus. Leaked September 26th, 2023.",Unknown,Digital,,Front Cover,Unused,https://ibb.co/20r224R
Yeezus,Yeezus [Rough Draft Cover 15],"Another alternate cover for Yeezus. Leaked September 26th, 2023.",Unknown,Digital,,Front Cover,Unused,https://ibb.co/0X8pqLF
Yeezus,Yeezus [Rough Draft Cover 16],"Another early Yeezus cover featuring art by George Condo. Dated May 22nd, 2013.",Joe Perez & George Condo,Digital,,Front Cover,Unused,https://ibb.co/48vg7RP
Yeezus,Yeezus [Rough Draft Cover 17],"An early Yeezus cover featuring art by George Condo. Dated May 23rd, 2013.",Joe Perez & George Condo,Digital,,Front Cover,Unused,https://imgur.gg/f/VZ7OXz8
Yeezus,Yeezus [Rough Draft Cover 18],"Posted by opt_archive on Instagram. Dated May 24th, 2013.",Joe Perez,Digital,,Front Cover,Unused,https://imgur.gg/f/heMf1Ux
Yeezus,Yeezus [Rough Draft Cover 19],"Posted by parisaintboutique on Instagram. Similar to the final cover, but has red tape in the middle with Yeezus written on it twice. ",Kanye West & Virgil Abloh,Digital,,Front Cover,Unused,https://ibb.co/wWk9TCq
Yeezus,Yeezus [Rough Draft Cover 20],"Another alternate cover for Yeezus. Leaked September 26th, 2023.",Unknown,Digital,,Front Cover,Unused,https://ibb.co/0XSCkhh
Yeezus,Yeezus [Rough Draft Cover 21],"Another alternate cover for Yeezus. Similar to the release cover, but the CD is alot less shiny and there is text on it. Leaked September 26th, 2023. ",Unknown,Digital,,Front Cover,Unused,https://ibb.co/42KF08h
Yeezus,Yeezus [Rough Draft Cover 22],"Another alternate cover for Yeezus. Very similar to release, but has a bloomy effect with rays. Leaked September 26th, 2023.",Unknown,Digital,,Front Cover,Unused,https://ibb.co/YfG5fQh
Yeezus,Yeezus [Rough Draft Cover 23],Cover shown in Virgil Abloh's 2019 book Figures of Speech. Image shown here is a recreation.,George Condo & Virgil Abloh,Recreation,,Front Cover,Unused,https://ibb.co/WvzX6NB
Yeezus,Yeezus [Rough Draft Cover 24],Cover shown in Virgil Abloh's 2019 book Figures of Speech. Image shown here is a recreation.,George Condo & Virgil Abloh,Recreation,,Front Cover,Unused,https://ibb.co/d4hN3zJ
Yeezus,Yeezus [Rough Draft Cover 25],Cover shown in Virgil Abloh's 2019 book Figures of Speech. Image shown here is a recreation.,George Condo & Virgil Abloh,Recreation,,Front Cover,Unused,https://ibb.co/Jjrm5vx
Yeezus,Yeezus [Rough Draft Cover 26],Cover shown in Virgil Abloh's 2019 book Figures of Speech. Image shown here is a recreation.,George Condo & Virgil Abloh,Recreation,,Front Cover,Unused,https://ibb.co/HgRpkwQ
Yeezus,Yeezus [Rough Draft Cover 27],Cover shown in Virgil Abloh's 2019 book Figures of Speech. Image shown here is a recreation.,George Condo & Virgil Abloh,Recreation,,Front Cover,Unused,https://ibb.co/GdLMqD7
Yeezus,Yeezus [Rough Draft Cover 28],Cover shown in Virgil Abloh's 2019 book Figures of Speech. Image shown here is a recreation.,Virgil Abloh,Recreation,,Front Cover,Unused,https://ibb.co/smw4mzS
Yeezus,Yeezus [Rough Draft Cover 29],"OG Filename: YEEZUS_COVER_flat
Cover seen on the Joe Perez's official site.",Joe Perez,Digital,,Front Cover,Unused,https://imgur.gg/f/PPdSRxb
Yeezus,Yeezus [Rough Draft Back Cover 29],"OG Filename: YEEZUS_backCOVER_flat
Cover seen on the Joe Perez's official site.",Joe Perez,Digital,,Back Cover,Unused,https://imgur.gg/f/J19iENv
Yeezus,Yeezus [Rough Draft Covers Book],Virgil Abloh showed off many unused covers and concept art for Yeezus in his 2019 book Figures of Speech.,Virgil Abloh,Scan,,Front Cover,Unused,"https://drive.google.com/file/d/1Jhi_3vs_3a_uAchQ7KjCjd0h2NThF6bU/view
https://imgur.gg/f/rAvT6sP"
Yeezus,Yeezus [Vinyl Concept Art],Unused vinyl concept art for Yeezus designed by LUCKYME.,LUCKYME,Digital,,Concept Art,Concept Art,https://ibb.co/qdJ5Fk6
Yeezus,Yeezus [Promotional Tracklist],"Promotion photo for Yeezus. Has ""On Sight"" spelled as ""On Site"" & has ""Hold My Liquor"" named as ""Can't Hold My Liquor"". Leaked September 26th, 2023.",Virgil Abloh,Digital,,Promo Art,Unused,https://ibb.co/0KgvLLq
Yeezus,Yeezus [iTunes Banner],Banner used on the iTunes page for Yeezus.,Jim Joe,Digital,,Other,Used,https://imgur.gg/f/tIhKAJb
Yeezus,Yeezus [iTunes Promo Banner],Banner used on iTunes to promote Yeezus.,Jim Joe,Digital,,Promo Art,Used,https://imgur.gg/f/Czk8gMe
Yeezus,Christmas In Harlem [GOOD Fridays Cover],"OG Filename: ChristmasInHarlem_TOPRINT_remix3
Cover used for the version of ""Christmas In Harlem"" that was released during GOOD Fridays. Features Caravaggio's Nativity with St. Francis and St. Lawrence painting. Also features Cam'ron, Jim Jones, Vado, CyHi, Pusha T, Musiq Soulchild, Big Sean, and Teyana Taylor. Same as the streaming cover, but with more names.",Virgil Abloh,Digital,,Front Cover,Used,https://i.postimg.cc/J7xLszYv/Pasted-image-at-2016-11-21-11-34-AM.png
Yeezus,Christmas In Harlem [Streaming Cover],"Cover used for the version of ""Christmas In Harlem"" that released on streaming services. Features Caravaggio's Nativity with St. Francis and St. Lawrence painting. Also features CyHi and Teyana Taylor.",Virgil Abloh,Digital,,Front Cover,Used,https://ibb.co/pw4FfKQ
Yeezus,White Dress,"Extremely similar to most of the singles released for Cruel Summer, but this time the artist name is above the song name and the song name is in white. ",Joe Perez & Virgil Abloh,Digital,,Front Cover,Used,https://ibb.co/LxdBJRq
Yeezus,"2 Chainz - Birthday Song
(feat. Kanye West)","Single art for ""Birthday Song"" by 2 Chainz, featuring Kanye West.",Joe Perez,Digital,,Front Cover,Used,https://archive.org/details/cover-2_202301
Yeezus,"Beyoncé - Party
(feat. André 3000, Kanye West & Consequence)","Official art for the Beyoncé single ""Party"", which features vocals from Kanye West.",Unknown,Digital,,Front Cover,Used,https://ia904703.us.archive.org/24/items/cover-5/cover%20%285%29.jpg
Yeezus,"Beyoncé - Party (Remix)
(feat. J. Cole, Kanye West, André 3000 & Slick Rick)","Official art for the Beyoncé single ""Party (Remix)"", which features vocals from J. Cole, Kanye West, Andre 3000, and Slick Rick.",Unknown,Digital,,Front Cover,Used,https://ibb.co/5c9Wtw4
Yeezus,"Big Sean - Marvin & Chardonnay
(feat. Kanye West & Roscoe Dash)","Cover art for the Big Sean single Marvin & Charonnay, featuring Kanye West and Roscoe Dash.",Unknown,Digital,,Front Cover,Used,https://archive.org/details/marvin-chardonnay
Yeezus,"DJ Khaled - I Wish You Would
(feat. Kanye West & Rick Ross)","Cover art for the DJ Khaled single ""I Wish You Would"" featuring Kanye West and Rick Ross.",Unknown,Digital,,Front Cover,Used,https://ibb.co/6nbCRcM
Yeezus,"Fat Joe - Pride N Joy
(feat. Kanye West, Miguel, Jadakiss, Mos Def, DJ Khaled, Roscoe Dash & Busta Rhymes)","Cover art for the Fat Joe single ""Pride N Joy"" featuring Kanye West, Miguel, Jadakiss, Mos Def, DJ Khaled, Roscoe Dash and Busta Rhymes.",Unknown,Digital,,Front Cover,Used,https://ibb.co/RQCp1DJ
Yeezus,"Katy Perry - E.T. 
(feat. Kanye West)","Cover art for the Katy Perry single ""E.T."" featuring Kanye West.",Unknown,Digital,,Front Cover,Used,https://ibb.co/30Wh1Zk
Yeezus,"Lloyd Banks - Start It Up
(feat. Kanye West, Swizz Beatz, Fabolous & Ryan Leslie)","Cover art for Lloyd Banks' ""Start It Up"".",Unknown,Digital,,Front Cover,Used,https://ibb.co/P4LwsmS
Yeezus,"Lloyd Banks - Start It Up (Extended Version)
(feat. Kanye West, Swizz Beatz, Fabolous, Ryan Leslie & Pusha T)","Cover art for Lloyd Banks' ""Start It Up"" extended version.",Unknown,Digital,,Front Cover,Used,https://ibb.co/F49vpFq
Yeezus,"Lloyd Banks - Start It Up (Official UK Remix)
(feat. Kanye West, Swizz Beatz, Ryan Leslie, Sway DaSafo & Giggs)","Cover art for Lloyd Banks' ""Start It Up"" official UK remix.",Unknown,Digital,,Front Cover,Used,https://ibb.co/Svts7zF
Yeezus,Lil Wayne - I Am Not A Human Being II,"Lil Wayne announced in November of 2012 that Kanye was designing the cover art and packaging for his album I Am Not A Human Being II. The cover officially debuted on January 30th, 2013. Lil Wayne explained the cover by saying, ""he chose the moth butterfly thing because it has so many different stages of life, and it goes through so many forms and changes, and no one can figure it out, and it's always beautiful"".",Kanye West / Joe Perez,Digital,,Front Cover,Used,https://ibb.co/qD0FGH2
Yeezus,Lil Wayne - I Am Not A Human Being II [Outside Packaging],Lil Wayne announced in November of 2012 that Kanye was designing the cover art and packaging for his album I Am Not A Human Being II. This the outer packaging from the cardboard sleeve version of the CD.,Kanye West / Joe Perez,Digital,,Physical Packaging,Used,https://ibb.co/4j3cG66
Yeezus,Lil Wayne - I Am Not A Human Being II [Inside Packaging],Lil Wayne announced in November of 2012 that Kanye was designing the cover art and packaging for his album I Am Not A Human Being II. This the inner packaging from the cardboard sleeve version of the CD.,Kanye West / Joe Perez,Digital,,Physical Packaging,Used,https://ibb.co/DY65jHt
Yeezus,Lil Wayne - I Am Not A Human Being II [Animated Cover],Lil Wayne announced in November of 2012 that Kanye was designing the cover art and packaging for his album I Am Not A Human Being II. On the day of the albums release an animated cover was released. Actually a gif. Show's the red moth from the album cover flying into frame and then narrowly escaping being eaten by a giant cloud skull thing.,Kanye West / Joe Perez,,,Front Cover,Used,"https://imgur.gg/f/wPa3Vx6
https://ibb.co/jRw0q5x"
Yeezus,"Lil Wayne - Love Me
(feat. Drake & Future)",Single artwork designed by Kanye West.,Kanye West,Digital,,Front Cover,Used,https://ibb.co/pw32v5y
Yeezus,"Pusha T - Amen
(feat. Kanye West & Jeezy)","Cover art for the Pusha T single ""Amen"", featuring Kanye West and Jeezy.",Unknown,Digital,,Front Cover,Used,https://ibb.co/jr1jFns
Yeezus,"Rihanna - Diamonds (Remix)
(feat. Kanye West)","Cover art for the Rihanna single ""Diamonds (Remix)"" featuring Kanye West.",Unknown,Digital,,Front Cover,Used,https://ibb.co/sCHS99G
Yeezus,"The Game - Rollin'
(feat. Kanye West, Trae tha Truth, Z-Ro, Paul Wall & Slim Thug)","Official cover art to the song ""Rollin'"" by The Game, which featured Kanye West.",Unknown,Digital,,Front Cover,Used,https://imgur.gg/f/lIy6aqi
Yeezus,"The WRLDFMS Tony Williams - Another You
(feat. Kanye West)","Single art for ""Another You"" by The WRLDFMS Tony Williams, featuring Kanye West.",Unknown,Digital,,Front Cover,Used,https://ibb.co/mDfP6z4
Yeezus,"The WRLDFMS Tony Williams - Another You [Alternate Cover]
(feat. Kanye West)","Alternate cover art for the The WRLDFMS Tony Williams single ""Another You"", featuring Kanye West.",Unknown,Digital,,Front Cover,Alternate,https://ibb.co/4SrzVgp
Yeezus,"The WRLDFMS Tony Williams - Another You (Remix)
(feat. Kanye West, King Chip & Freddie Gibbs)","Cover art for the The WRLDFMS Tony Williams single ""Another You (Remix)"", featuring Kanye West, King Chip and Freddie Gibbs.",Unknown,Digital,,Front Cover,Used,https://ibb.co/bzBHhrL
Yeezus,Various Artists - I Love R&B,Cover art for the I Love R&B compilation album.,Unknown,Digital,,Front Cover,Used,https://ibb.co/CpCvdsWN
Yeezus 2,Lost Yeezus,Posted by opt_archive on Instagram. From January 2014.,Joe Perez & Wes Lang,Digital,,Front Cover,Unused,https://ibb.co/0RwmvgXx
Yeezus 2,Yeezus 2 [Rough Draft Cover 1],Posted by opt_archive on Instagram. From January 2014.,Joe Perez & Wes Lang,Digital,,Front Cover,Unused,https://ibb.co/9q9kJN6
Yeezus 2,Yeezus 2 [Rough Draft Cover 2],Posted by opt_archive on Instagram. From January 2014.,Joe Perez & Wes Lang,Digital,,Front Cover,Unused,https://ibb.co/fzbczbVQ
Yeezus 2,Yeezus 2 [Rough Draft Cover 3],Posted by opt_archive on Instagram. From January 2014.,Joe Perez & Wes Lang,Digital,,Front Cover,Unused,https://ibb.co/7t3CWsKr
Yeezus 2,Yeezus 2 [Rough Draft Cover 4],Posted by opt_archive on Instagram. From January 2014.,Joe Perez & Wes Lang,Digital,,Front Cover,Unused,https://ibb.co/07FDDXM
Yeezus 2,Yeezus 2 [Rough Draft Cover 5],Posted by opt_archive on Instagram. From January 2014.,Joe Perez & Wes Lang,Digital,,Front Cover,Unused,https://ibb.co/W8F7cxC
Yeezus 2,Yeezus 2 [Rough Draft Cover 6],"Posted by opt_archive on Instagram, meant for Yeezus 2 as confirmed by Joe Perez himself on Instagram. From May 2014.",Joe Perez,Digital,,Front Cover,Unused,https://ibb.co/twSG4QRP
Yeezus 2,"Busta Rhymes - Thank You
(feat. Kanye West, Lil Wayne & Q-Tip)","Cover art for the Busta Rhymes single ""Thank You"", featuring Kanye West, Lil Wayne and Q-Tip.",Unknown,Digital,,Front Cover,Used,https://ibb.co/z4ySQzG
Yeezus 2,"D'Banj - Scape Goat (The Fix)
(feat. Kanye West)","Cover art for the D'Banj single ""Scape Goat (The Fix)"", featuring Kanye West.",Unknown,Digital,,Front Cover,Used,https://ibb.co/CKT6Jt1
Yeezus 2,"Future - I Won 
(feat. Kanye West)","Cover art for the Future single ""I Won"", featuring Kanye West.",Unknown,Digital,,Front Cover,Used,https://ibb.co/wJjfbsy
Yeezus 2,"Future - I Won (Louis Futon Remix)
(feat. Kanye West)","Cover art for the Louis Futon remix of Future's single ""I Won"" featuring Kanye West.",Unknown,Digital,,Front Cover,Used,https://ibb.co/tpdw449
So Help Me God,Only One,"Simple, black-and-white image of Kanye with his first daughter, North, surrounded by blackness. Considering the song is a message to Kanye from the perspective of his deceased mother, Donda West, this cover makes perfect sense. Photo taken by Inez and Vinoodh.",Joe Perez,Digital,,Front Cover,Used,https://ibb.co/4sXSmZr
So Help Me God,FourFiveSeconds,"Features the title of the song in braille, but it doesn't matter because it is, sadly, a flat image.",Unknown,Digital,,Front Cover,Used,https://archive.org/details/00602547235398.rgb
So Help Me God,FourFiveSeconds [Rough Draft Cover 1],Posted by opt_archive on Instagram.,Joe Perez,Digital,,Front Cover,Unused,https://ibb.co/4gt26NZT
So Help Me God,FourFiveSeconds [Rough Draft Cover 2],Posted by opt_archive on Instagram.,Joe Perez,Digital,,Front Cover,Unused,https://ibb.co/C5B0zb0S
So Help Me God,FourFiveSeconds [Rough Draft Cover 3],Posted by opt_archive on Instagram.,Joe Perez,Digital,,Front Cover,Unused,https://ibb.co/fzdD4pd6
So Help Me God,FourFiveSeconds [Rough Draft Cover 4],"Leaked December 25th, 2022.  ",Joe Perez,Digital,,Front Cover,Unused,https://ibb.co/vqcgmqs
So Help Me God,FourFiveSeconds [Rough Draft Cover 5],"Leaked December 25th, 2022.  ",Joe Perez,Digital,,Front Cover,Unused,https://ibb.co/25QvvfX
So Help Me God,FourFiveSeconds [Rough Draft Cover 6]  ,"OG Filename: bb_7.2.jpg
Leaked December 25th, 2022.",Joe Perez,Digital,,Front Cover,Unused,https://ibb.co/HrYZz6J
So Help Me God,FourFiveSeconds [Rough Draft Cover 7]        ,"Leaked December 25th, 2022.  ",Joe Perez,Digital,,Front Cover,Unused,https://ibb.co/bLSw4rK
So Help Me God,So Help Me God [Rough Draft Cover 1],"So Help Me God cover in the style of the early ""All Day"" single covers, with religious art covering the disk. This cover specifically was teased by Joe Perez (opt_archive) on Instagram multiple times, implying it was the main or one of the main SHMG covers.",Joe Perez,Digital,,Front Cover,Unused,https://ibb.co/n82MrQX
So Help Me God,So Help Me God [Rough Draft Cover 2],"Another So Help Me God cover in the style of the early ""All Day"" single covers, with a different piece of religious art covering the disk.",Joe Perez,Digital,,Front Cover,Unused,https://ibb.co/JkM03YN
So Help Me God,So Help Me God [Rough Draft Cover 3],"So Help Me God cover leaked on August 8th, 2021. Same art used in the vacuum sealed CD art. Includes an additional ""584"" graphic not present in the vacuum sealed cover art.",Joe Perez,Digital,,Front Cover,Unused,https://ibb.co/ZM4xP9P
So Help Me God,So Help Me God [Rough Draft Cover 4],Another So Help Me God cover using religious art. Possibly used in an unseen vacuum sealed CD cover like the previous cover was.,Joe Perez,Digital,,Front Cover,Unused,https://ibb.co/n8jy0vr
So Help Me God,So Help Me God [Rough Draft Cover 5],"Same cover art used for the final ""All Day"" cover, confirmed by Joe Perez (opt_archive) to have been considered as the album art for So Help Me God at different points.",Joe Perez,Digital,,Front Cover,Unused,https://ibb.co/CwKMWSh
So Help Me God,So Help Me God [Rough Draft Cover 6],"Another So Help Me God cover. Similar to the ""All Day"" cover art that was also considered for the album cover, possibly an earlier version of that concept.",Joe Perez,Digital,,Front Cover,Unused,https://ibb.co/C5tRLzq
So Help Me God,All Day,"Official cover for the ""All Day"" single. Also confirmed to be one of the covers for the So Help Me God album by Joe Perez.",Joe Perez,Digital,,Front Cover,Used,https://ibb.co/CwKMWSh
So Help Me God,All Day [Rough Draft Cover 1],"OG Filename: allday1.3
Leaked on December 25th, 2022.",Joe Perez,Digital,,Front Cover,Unused,https://ibb.co/b5YLxMy
So Help Me God,All Day [Rough Draft Cover 2],Posted by opt_archive on Instagram. Shows that the title of So Help Me God was actually Ye-Ye at one point.,Joe Perez,,,Front Cover,Unused,Link Needed
So Help Me God,All Day [Rough Draft Cover 3],"Leaked on December 25th, 2022.      ",Joe Perez,Digital,,Front Cover,Unused,https://ibb.co/sWtz2G6
So Help Me God,All Day [Rough Draft Cover 4],"Leaked on December 25th, 2022.      ",Joe Perez,Digital,,Front Cover,Unused,https://ibb.co/9W5pKLf
So Help Me God,All Day [Rough Draft Cover 5],"OG Filename: ALLDAY3.1.jpeg
Leaked on December 25th, 2022.",Joe Perez,Digital,,Front Cover,Unused,https://ibb.co/xsqWrFW
So Help Me God,All Day [Rough Draft Cover 6],"OG Filename: ALLDAY3.2.jpeg
Leaked on December 25th, 2022.",Joe Perez,Digital,,Front Cover,Unused,https://ibb.co/vsDJ8Q8
So Help Me God,All Day [Rough Draft Cover 7],"Leaked on December 25th, 2022.",Joe Perez,Digital,,Front Cover,Unused,https://ibb.co/4S5cWRH
So Help Me God,All Day [Rough Draft Cover 8],"OG Filename: ALLDAY3.7
Leaked December 25th, 2022. Features a vacuum-sealed pair of earbuds. Although no text specifies the cover is for ""All Day"", the filename does.",Joe Perez,Digital,,Front Cover,Unused,https://ibb.co/9GtcmTV
So Help Me God,Wolves / All Day [Rough Draft Cover 1],"Posted by opt_archive on Instagram. Reveals a scrapped double-single release of ""Wolves"" and ""All Day"". Features an image of the smashed Saint Laurent Paris store window.",Joe Perez,Digital,,Front Cover,Unused,https://ibb.co/k8xFPh3
So Help Me God,Wolves / All Day [Rough Draft Cover 2],Posted by opt_archive on Instagram. Only difference from the previous version is the title text has been moved to the CD.,Joe Perez,Digital,,Front Cover,Unused,https://ibb.co/DYvdmxf
So Help Me God,FourFiveSeconds / All Day Covers,"On December 25th, 2022 a ton of alternate / unreleased covers for ""FourFiveSeconds"" and ""All Day"" were leaked. Not all of them were added to the tracker though, meaning most of them are now lost.",Unknown,Digital,N/A,Front Cover,Unused,Link Needed
So Help Me God,Grave,"Shown during an Apple Music ad during the 2015 MTV VMA's, for the song ""Grave (ft. Travis Scott)"". Image shown here is an accurate recreation. The ad was likely recorded before actually going live.",Unknown,Recreation,,Front Cover,Unused,https://ibb.co/tK1J3dQ
So Help Me God,Chiraq [Rough Draft Cover 1],"Posted by opt_archive on Instagram. Has placeholder text for where a tracklist may have gone. Joe Perez himself stated this concept was extremely short lived, not worked on for more than a week.",Joe Perez,Digital,,Front Cover,Unused,Link Needed
So Help Me God,Chiraq [Rough Draft Cover 2],"Leaked on June 19th, 2023.",Joe Perez,Digital,,Front Cover,Unused,https://ibb.co/8Xz4ht4
So Help Me God,Chiraq [Rough Draft Cover 3],Posted by opt_archive on Instagram.,Joe Perez,Digital,,Front Cover,Unused,https://ibb.co/Yct3xx5
So Help Me God,Chiraq [Rough Draft Cover 4],"Leaked on December 25th, 2022.      ",Joe Perez,Digital,,Front Cover,Unused,https://ibb.co/5sFkfRJ
So Help Me God,Chiraq [Rough Draft Cover 4 Backside],"Leaked on December 25th, 2022.      ",Joe Perez,Digital,,Back Cover,Unused,https://ibb.co/PC1wzWx
So Help Me God,Chiraq [Physical Concept],"Leaked on December 25th, 2022. Concept art for a Chiraq physical.   ",Joe Perez,Digital,,Physical Packaging,Unused,https://ibb.co/mBbpF14
So Help Me God,Yeezus [Sticker Artwork #1],"Unused additional stickers for a supposed 2015 reissue of Yeezus, seen on the Paris Saint website.",Unknown,Photo,,Physical Packaging,Unused,https://ibb.co/q327w373
So Help Me God,Yeezus [Sticker Artwork #2],"Unused additional stickers for a supposed 2015 reissue of Yeezus, seen on the Paris Saint website.",Unknown,Photo,,Physical Packaging,Unused,https://ibb.co/dY3Gr3W
So Help Me God,Yeezus [Sticker Artwork #3],"Unused additional sticker for a supposed 2015 reissue of Yeezus, seen on the Paris Saint website.",Unknown,Photo,,Physical Packaging,Unused,https://ibb.co/bgYG5pTt
So Help Me God,"Beyoncé - Drunk in Love Remix
(feat. JAY-Z & Kanye West)","Cover art for the Beyoncé single ""Drunk in Love Remix"", featuring JAY-Z and Kanye West.",Unknown,Digital,,Front Cover,Used,https://ibb.co/Wpx7qBj
So Help Me God,"Big Sean - Blessings (Extended Version)
(feat. Kanye West & Drake)","Cover art for the Big Sean single ""Blessings (Extended Version)"", featuring Kanye West and Drake. Reuses the album art for Dark Sky Paradise.",Virgil Abloh,Digital,,Front Cover,Used,https://ibb.co/gvJjBzj
So Help Me God,"Big Sean - One Man Can Change The World (Rudimental Remix)
(feat. Kanye West & John Legend)","Cover art for the Big Sean single ""One Man Can Change The World (Rudimental Remix)"", featuring Kanye West and John Legend.",Unknown,Digital,,Front Cover,Used,https://ibb.co/bg609Hv
So Help Me God,Chief Keef - Nobody,Cover art for Chief Keef's album Nobody. Includes Kanye and Tadoe's names specifically billed alongside Chief Keef's.,Unknown,Digital,,Front Cover,Used,https://ibb.co/MS5D8b5
So Help Me God,Chief Keef - Nobody [Alternate Cover],"Alternate art originally revealed for Chief Keef's album Nobody. Features a different composition from the final cover, including the bloody title art layed over the painting. Includes Kanye and Tadoe's names specifically billed alongside Chief Keef's.",Unknown,Digital,,Front Cover,Used,https://ibb.co/QFth0zZ
So Help Me God,Chief Keef - Nobody (Deluxe Edition),Cover art for the deluxe edition of Nobody by Chief Keef. Features an altered image of the Graduation version of the Dropout Bear in place of the painting shown on the original cover.,Unknown,Digital,,Front Cover,Used,https://ibb.co/6ydpW7V
So Help Me God,"VIC MENSA - U Mad
(feat. Kanye West)","Cover art for the VIC MENSA single ""U Mad"", featuring Kanye West.",Joe Perez,Digital,,Front Cover,Used,https://archive.org/details/umad_final
So Help Me God,"Wale - The Summer League 
(feat. Kanye West & Ty Dolla $ign)","Cover art for the Wale single ""The Summer League"", featuring Kanye West and Ty Dolla $ign.",Unknown,Digital,,Front Cover,Used,https://ibb.co/t4jdsgW
SWISH,SWISH [Rough Draft Cover 1],Posted by opt_archive on Instagram.,Joe Perez,Digital,,Front Cover,Unused,https://ibb.co/VVCgcBM
SWISH,SWISH [Rough Draft Cover 2],Posted by opt_archive on Instagram.,Joe Perez,Digital,,Front Cover,Unused,https://imgur.gg/f/bDpFUTC
SWISH,SWISH [Rough Draft Cover 3],Posted by opt_archive on Instagram.,Joe Perez,Digital,,Front Cover,Unused,https://imgur.gg/f/Pqs6Evj
SWISH,SWISH [Rough Draft Cover 4],"Another pixel art SWISH cover. Posted by 8bitHipHop, who designed the cover, on Instagram shortly after the release of TLOP, years before Joe Perez posted any of his concepts for the album.",8BitHipHop,Digital,,Front Cover,Unused,"https://imgur.gg/f/DIXwjv4
https://www.instagram.com/p/BBq5qfxArN-/"
SWISH,SWISH [Animated Cover 1],Posted by opt_archive on Instagram. Actually a gif.,Joe Perez,Digital,,Front Cover,Unused,"https://media.giphy.com/media/d81zwQfentEm3dXxU4/giphy.gif
https://imgur.gg/f/0bNzsqX"
SWISH,SWISH [Animated Cover 2],Posted by opt_archive on Instagram. Actually a gif.,Joe Perez,Digital,,Front Cover,Unused,"https://media.giphy.com/media/UXS9awotZaTjsb1WeY/giphy-downsized-large.gif
https://imgur.gg/f/fc2uOK6"
SWISH,Say You Will,"Same cover as ""When I See It"".",Nick Knight,Digital,,Front Cover,Used,https://ibb.co/d09csnm
SWISH,When I See It,"Same cover as ""Say You Will"".",Nick Knight,Digital,,Front Cover,Used,https://ibb.co/d09csnm
SWISH,Facts,"Just a black-and-white image of Kanye jumping, not much to explain here.",Joe Perez,Digital,,Front Cover,Used,https://ibb.co/M7pwnNZ
SWISH,Facts [Alternate Cover],"More of a very-dark square than a purely black square, as the cover later used for Donda was purely black.",Kanye West,Digital,,Front Cover,Alternate,https://ibb.co/4dZXKKC
SWISH,"Real Friends
(feat. Ty Dolla $ign)","Similar to the previous cover for ""Only One"", this cover features an old image of Kanye working on beats before he made it big. The trend of old, square images of Kanye surrounded by blackness is a trend that will continue up to the release of The Life Of Pablo.",Joe Perez,Digital,,Front Cover,Used,https://ibb.co/vzQGDYv
SWISH,No More Parties In L.A.,"Continuing the theme of the covers for the 2016 GOOD Friday singles, this cover has an old image of Kanye's family.",Joe Perez,Digital,,Front Cover,Used,https://imgur.gg/f/LnVs9RE
SWISH,No More Parties In L.A. [Rough Draft Cover],Posted by opt_archive on Instagram.,Joe Perez,Digital,,Front Cover,Unused,https://dn720302.ca.archive.org/0/items/opt_archive_202301/opt_archive/2016-01%20No%20More%20Parties%20in%20LA%20Cover/No%20More%20Parties%20in%20LA%20Cover%201.jpg
The Life Of Pablo,Waves [Rough Draft Cover 1],Posted by opt_archive on Instagram. Oddly predates all SWISH covers.,Joe Perez,Digital,,Front Cover,Unused,Link Needed
The Life Of Pablo,Waves [Rough Draft Cover 2],Waves cover posted to Twitter by designer David Rudnick.,David Rudnick,Digital,,Front Cover,Unused,https://ibb.co/qpr8G14
The Life Of Pablo,Waves [Animated Cover],Posted by opt_archive on Instagram. Created on the same day as the final SWISH cover. Also a gif.,Joe Perez,Digital,,Front Cover,Unused,"https://imgur.gg/f/nOQXQkK
https://media.giphy.com/media/IeJFPhc814Iq8aD8EJ/giphy-downsized-large.gif"
The Life Of Pablo,So Help Me God [Rough Draft Cover 1],"Posted by opt_archive on Instagram. Not from SHMG SHMG, but TLOP SHMG.",Joe Perez,Digital,,Front Cover,Unused,Link Needed
The Life Of Pablo,So Help Me God [Rough Draft Cover 2],"Posted by opt_archive on Instagram. Not from SHMG SHMG, but TLOP SHMG.",Joe Perez,Digital,,Front Cover,Unused,Link Needed
The Life Of Pablo,So Help Me God [Rough Draft Cover 3],"Posted by opt_archive on Instagram. Not from SHMG SHMG, but TLOP SHMG.",Joe Perez,Digital,,Front Cover,Unused,Link Needed
The Life Of Pablo,So Help Me God [Rough Draft Cover 4],"Posted by opt_archive on Instagram. Not from SHMG SHMG, but TLOP SHMG.",David Rudnick & Joe Perez,Digital,,Front Cover,Unused,https://ibb.co/LPDHsnm
The Life Of Pablo,The Life Of Pablo,"Kanye compared himself to artist Pablo Picasso, infamous drug lord Pablo Escobar and poet Pablo Neruda. With this in mind, people began wondering which of the three Pablos was Kanye referring to in the album title. The album artwork might represent the dichotomy between Kanye, the faithful family man (emphasis on faithful, as it covers both the denotation and faith in God), and Kanye being tempted by worldly pleasures such as big booty women.","Joe Perez, Mark Seekings & Peter De Potter",Digital,,Front Cover,Used,https://ibb.co/hfww8xd
The Life Of Pablo,The Life Of Pablo [Alternate Cover],"Original cover art revealed for The Life Of Pablo. The image on the bottom left corner was taken at Kanye's parents' wedding. This photo is significant, as Ye has a deep feeling of affection and love for his family, which is a pivotal theme throughout the album. The chaotic text may have been inspired by The Shining. One scene in the film shows Wendy Torrance discovering the main antagonist's stack of obsessively typed pages, all repeating the same sentence: ""All work and no play makes Jack a dull boy."" Also used for the clean release.","Joe Perez, Mark Seekings & Peter De Potter",Digital,,Front Cover,Alternate,https://ibb.co/qnLghfJ
The Life Of Pablo,The Life Of Pablo [Rough Draft Cover 1],"Leaked alongside 13 other TLOP covers on June 16th, 2022.",Unknown,Digital,,Front Cover,Unused,https://ibb.co/4Kq7Drv
The Life Of Pablo,The Life Of Pablo [Rough Draft Cover 2],"Leaked alongside 13 other TLOP covers on June 16th, 2022.",Unknown,Digital,,Front Cover,Unused,https://ibb.co/SdX1Z2t
The Life Of Pablo,The Life Of Pablo [Rough Draft Cover 3],"Leaked alongside 13 other TLOP covers on June 16th, 2022.",Unknown,Digital,,Front Cover,Unused,https://ibb.co/WvqW6d4
The Life Of Pablo,The Life Of Pablo [Rough Draft Cover 4],"Leaked alongside 13 other TLOP covers on June 16th, 2022.",Unknown,Digital,,Front Cover,Unused,https://ibb.co/SfPScmZ
The Life Of Pablo,The Life Of Pablo [Rough Draft Cover 5],"Leaked alongside 13 other TLOP covers on June 16th, 2022.",Unknown,Digital,,Front Cover,Unused,https://ibb.co/T8475zk
The Life Of Pablo,The Life Of Pablo [Rough Draft Cover 6],"Leaked alongside 13 other TLOP covers on June 16th, 2022.",Unknown,Digital,,Front Cover,Unused,https://ibb.co/7Jcs58S
The Life Of Pablo,The Life Of Pablo [Rough Draft Cover 7],"Leaked alongside 13 other TLOP covers on June 16th, 2022.",Unknown,Digital,,Front Cover,Unused,https://ibb.co/KFFB3HL
The Life Of Pablo,The Life Of Pablo [Rough Draft Cover 8],"Leaked alongside 13 other TLOP covers on June 16th, 2022.",Unknown,Digital,,Front Cover,Unused,https://ibb.co/QFpKRhL
The Life Of Pablo,The Life Of Pablo [Rough Draft Cover 9],"Leaked alongside 13 other TLOP covers on June 16th, 2022.",Unknown,Digital,,Front Cover,Unused,https://ibb.co/kKCc9WM
The Life Of Pablo,The Life Of Pablo [Rough Draft Cover 10],"Leaked alongside 13 other TLOP covers on June 16th, 2022.",Unknown,Digital,,Front Cover,Unused,https://ibb.co/mGYk7Sv
The Life Of Pablo,The Life Of Pablo [Rough Draft Cover 11],"Leaked alongside 13 other TLOP covers on June 16th, 2022.",Unknown,Digital,,Front Cover,Unused,https://ibb.co/fCd1Ztf
The Life Of Pablo,The Life Of Pablo [Rough Draft Cover 12],"Leaked alongside 13 other TLOP covers on June 16th, 2022.",Unknown,Digital,,Front Cover,Unused,https://ibb.co/T8475zk
The Life Of Pablo,The Life Of Pablo [Rough Draft Cover 13],"Leaked alongside 13 other TLOP covers on June 16th, 2022.",Unknown,Digital,,Front Cover,Unused,https://ibb.co/GCDmFV6
The Life Of Pablo,The Life Of Pablo [Cover Asset],"Leaked alongside 13 other TLOP covers on June 16th, 2022. Likely an unused collage asset, simiar to the other pictures seen on various versions of the cover.",Unknown,Digital,,Other,Unused,https://ibb.co/bR4gNXk
The Life Of Pablo,30 Hours,"As the final 2016 GOOD Fridays single, this cover features an image of a young Kanye running around in the grass alongside a friend. The identity of the person Kanye is playing with is unknown. This cover is mostly used by fans for the unreleased Good Ass Job track, ""Never See Me Again"".",Joe Perez,Digital,,Front Cover,Used,https://imgur.gg/f/QKDVhzM
The Life Of Pablo,Saint Pablo,"Single art for ""Saint Pablo"". Entirely blank besides a parental advisory sticker.",Unknown,Digital,,Front Cover,Used,https://ibb.co/RytcC0B
The Life Of Pablo,Saint Pablo [Rough Draft Cover],Cover made for the scrapped Good Friday version of the song. Image is Kanye as a newborn being hold by Donda at a wedding. Ripped from a screenshot of the private SoundCloud upload.,Joe Perez,Digital,,Front Cover,Unused,https://ibb.co/SVPNbvx
The Life Of Pablo,Ultralight Prayer,"An image of a brown, long table in a white room. Probably has some meaning behind it.",Unknown,Digital,,Front Cover,Used,https://ibb.co/2jgYX90
The Life Of Pablo,Famous,"Kanye's name in black. Below it, the song name in white. Both of these are the same font and font size. All of it is on an orange background. It doesn't really get more simple than this.",Unknown,Digital,,Front Cover,Used,https://ibb.co/wCSJGYV
The Life Of Pablo,Fade,"Kanye's name in black. Below it, the song name in white. Both of these are the same font and font size. All of it is on an orange background. It doesn't really get more simple than this.",Unknown,Digital,,Front Cover,Used,https://ibb.co/d0wWxKJ
Cruel Winter [V2],Champions,"Designed by Virgl Abloh, this artwork follows the Pusha T cover arts for the singles ""Numbers on the Boards"" and ""Who I Am."" Instead of being colored with a white background, it is now a distinct cream color.",Virgil Abloh,Digital,,Front Cover,Used,https://imgur.gg/f/JrvbXew
Turbo Grafx 16,Calabasas Is The New Abu Dhabi [Promo],"Buildboard with the phrase ""calabasas is the new abu dhabi"" was spotted in Los Angeles in August of 2016. Many people believe that the buildboard was teasing the now scrapped collab album Wolves between Kanye and Drake due to it featuring the logos of both Kanye's label G.O.O.D. Music and Drake's label OVO Sound. Both Kanye and Drake also own homes in Calabasas. Image shown here is an accurate recreation.",Unknown,Recreation,,Promo Art,Used,https://ibb.co/QpddDmz
Turbo Grafx 16,"Consequence - Don't Forget 'Em (Remix)
(feat. Kanye West & The WRLDFMS Tony Williams)","Cover art for the Consequence single ""Don't Forget 'Em (Remix)"", featuring Kanye West and The WRLDFMS Tony Williams.",Unknown,Digital,,Front Cover,Used,https://ibb.co/qNsJZgt
Turbo Grafx 16,"Desiigner - Tiimmy Turner (Remix)
(feat. Kanye West)","Cover art for the Desiigner single ""Tiimmy Turner (Remix)"", featuring Kanye West.","Jason Perez, Joe Perez",Digital,,Front Cover,Used,https://ibb.co/N9dtPC4
Turbo Grafx 16,"Drake - Pop Style
(feat. The Throne)","Cover art for the Drake single ""Pop Style"", featuring Kanye West and JAY-Z, otherwise known as The Throne.",Unknown,Digital,,Front Cover,Used,https://ibb.co/hg8jFSD
Turbo Grafx 16,"Francis and the Lights - Friends
(feat. Bon Iver & Kanye West)","Cover art for the Francis and the Lights single ""Friends"", featuring Bon Iver and Kanye West.",Unknown,Digital,,Front Cover,Used,https://ibb.co/SmgZCwF
Turbo Grafx 16,"French Montana - Figure It Out
(feat. Kanye West & Nas)","Cover art for the French Montana single ""Figure It Out"", featuring Kanye West and Nas.",Unknown,Digital,,Front Cover,Used,https://ibb.co/Yt0m45d
Turbo Grafx 16,"Juicy J - Ballin
(feat. Kanye West)","Cover art for the Juicy J single ""Ballin"", featuring Kanye West.",Unknown,Digital,,Front Cover,Used,https://ibb.co/87Jvy8c
Turbo Grafx 16,"ScHoolboy Q - THat Part
(feat. Kanye West)","Cover art for the ScHoolboy Q single ""THat Part"", featuring Kanye West.",Unknown,Digital,,Front Cover,Used,https://ibb.co/x8RH07j
Hitler,??? [Cover Idea],"According to information in The WRLDFMS Tony Williams' emails, Kanye wanted a ""offensive symbol"" as the album cover. This is speculated to be a swastika.",Unknown,,N/A,Front Cover,Unused,
Hitler,LOVE EVERYONE [Cover Idea],"Posted to Twitter with the text caption ""This is my album cover"" it was a picture of the surgeon deemed responsible for his mother's death. Thus the name LOVE EVERYONE implying even people like him. Nonetheless, the doctor requested not to have his likeness on the cover, thus forcing a new cover to be made. We don't have the actual official cover, but we have a very good idea of what the cover would look like based on the image Kanye sent.",Kanye West,Photo,,Concept Art,Unused,https://ibb.co/vwrJx6V
Hitler,le.jpg [Asset?],"Not the album cover for LE, simply an image found in a zip file for an early version of the album, unknown what it could have been used for, but might've been meant for some form of promotional artwork. The filename is le.jpg. The name of the album was not LOVE EVERYONE at the time, so ""le"" does not refer to LOVE EVERYONE but something else like ""Long Exposure"".",Unknown,Digital,,Other,Other,https://i.ibb.co/vqbtRgj/unknown-16-1.png
Hitler,BED YEEZY SEASON 5,"White square, probably because this was the simpliest cover he could make as he just wanted to post this song on SoundCloud.",Kanye West,Digital,,Front Cover,Used,https://ibb.co/hcdf112
Hitler,Lift Yourself,"iMessage text conversion. Somebody sends Kanye the master file for a song called ""LIFT YOURSELF"" at 3:22 PM on April 29, 2018.",Kanye West,Digital,,Front Cover,Used,https://ibb.co/Jkh0S2t
Hitler,Ye vs. The People,"Likely in response to the cover art for ""Lift Yourself"", Kanye sends the person who sent ""Lift Yourself"" the master file for a song called ""ye vs the people"".",Kanye West,Digital,,Front Cover,Used,https://ibb.co/Z8Fkssn
Hitler,"CyHi - Dat Side
(feat. Kanye West)","Cover art for the CyHi single ""Dat Side"", featuring Kanye West.",Unknown,Digital,,Front Cover,Used,https://lh5.googleusercontent.com/54BDZ743gU0YfdRkIS1q8_zHiOFA-jbTZOXIyTcH_mTXGwx-z3qWNYVwCGw83GbDiZ7WNCoUDRRHoXW14M1cKhFbK5YCQrfBehccU9K6jWREwZLY-A6mFT5d5OLtRFK2s5wqzyhMX648_Cw7hT8
Hitler,"Mary J. Blige - Love Yourself
(feat. Kanye West)","Cover art for the Mary J. Blige single ""Love Yourself"", featuring Kanye West.",Unknown,Digital,,Front Cover,Used,https://lh3.googleusercontent.com/SoPo7da2BdF0KxVeWrEtxV379orW8NL3Czbi0vXqYMyPqsvjBH0wxCHJEooEnwkANklyLpoxJJlQcAALlIhttjK5QGWUE9odS1hxALW6gqEM3KbMa2TowWPTfLybHoyYFoKL9pmgaOBf6NLNiEs
Hitler,"Travis Scott - Watch
(feat. Lil Uzi Vert & Kanye West)","Official cover art for the Travis Scott single ""Watch"" featuring Lil Uzi Vert and Kanye West.",Unknown,Digital,,Front Cover,Used,https://archive.org/details/886447093795
Hitler,"Tyga - Feel Me
(feat. Kanye West)","Cover art for the Tyga single ""Feel Me"", featuring Kanye West. This cover caused a bit of controversy because the actual art featured on it was taken and used for the cover without the original artist's permission.",Unknown,Digital,,Front Cover,Used,https://lh3.googleusercontent.com/boo-pavse3yRybHFTbPVOgfzOWLwZQypYAwWx6mLJpLNzZuwFHg46ZfkACLHDF8xqBwlsil3Rg18FJKvc4fH5kwiLs5yK-rV-1PE5a4EvTRKgZIfc10eIcycn4l9h7PuupvUCrWAnFKlgAfwNzs
DAYTONA,DAYTONA,"Official cover art for DAYTONA. The cover is an edited version of a photograph of Whitney Houston's bathroom. Pusha T connected the cover art to his album, saying that the photo represents ""organized chaos"" and ""sonically that's what my album feels like."" ",Unknown,Digital,,Front Cover,Used,https://a5.mzstatic.com/us/r1000/0/Music122/v4/5b/14/b2/5b14b2b9-a35b-ffa6-de4c-ad685eb0aa88/18UMGIM27192.rgb.jpg
ye,ye,"The cover art features the mountains of Jackson Hole, Wyoming on the night of Ye's album listening party. The green lettering captures the last-minute character of the cover art, looking as if it has been scribbled on the photo at short notice. The caption appears to be a paradox, but it is basically a bipolar statement about being bipolar, emphasizing Ye's mental state: He hates being bipolar when in his depression phases, but then he loves it when in his euphoria phases.",Kanye West,Digital,,Front Cover,Used,https://ibb.co/YWWv5mZ
ye,ye [No Text],"Original photo taken on an iPhone 8+ with no text found on a website used to promote the release of ye. Most likely what happened is that Timothy Bauman (designer of the website) asked Kanye for the raw photo with no text, and Kanye gave him the OG file.",Kanye West,Digital,,Front Cover,Alternate,https://ibb.co/X9h0mfR
ye,ye [Rough Draft Cover 1],"Original cover of ye posted by engineer yesjulz the day of the listening party. On the last day of the album, according to Francis and the Lights in a Reddit AMA, ""Mr. West talked about how he is like a tree... in that, like some of the legendary trees, the world simply won't allow it to be chopped down. also in that, by living, he is providing humanity with some essential ingredient. All the while, he absorbs the negative output of humanity. Also fun and you can climb all over it if you're a little kid.""",Jim Joe,Photo,,Front Cover,Unused,Link Needed
ye,ye [Rough Draft Cover 2],"Features an image of Brittany Murphy, an American actress who passed away in 2009 under mysterious circumstances after taking perscription drugs to ease her pneumonia and anemia. Not an actual square.",Unknown,Digital,,Front Cover,Unused,https://ibb.co/8rNf9Fn
ye,ye [Rough Draft Cover 3],"Similar to the previous ye cover, but with a different background and the text being in a different space. Still not an actual square. Uses a Bob Ross painting titled ""misty waterfall"".",Unknown,Digital,,Front Cover,Unused,https://ibb.co/r2j8YnX
ye,ye [Rough Draft Cover 4],"The same as the previous cover, but with an all-white background. Also more vertical than the previous cover, despite still not being an actual square.",Unknown,Digital,,Front Cover,Unused,https://imgur.gg/f/k4zViSt
ye,ye [Rough Draft Cover 5],"Removing the image of Brittany Murphy, making the text bigger and green, and adding a new background, this one is an actual square. Uses a Bob Ross painting titled ""misty waterfall"".",Bob Ross,Digital,,Front Cover,Unused,https://ibb.co/0snLJJt
ye,ye [Rough Draft Cover 6],"Same as the previous cover, but the text is red and it's more rectangular. Not a square sadly. Uses a Bob Ross painting titled ""misty waterfall"".",Bob Ross,Digital,,Front Cover,Unused,https://ibb.co/zh58GsK
ye,ye [Rough Draft Cover 7],"Extremely similar to the final cover for the album, but it seems to have been cropped. Not a square though.",Unknown,Digital,,Front Cover,Unused,https://ibb.co/GkT50YW
KIDS SEE GHOSTS,KIDS SEE GHOSTS,"The image is based on Katsushika Hokusai's swastika Fuji. Visual elements observed in both artworks include the backdrop of Mount Fuji, Murakami's Oval Characters that are painted atop the other as well as a pair of bending trees. The positioning of these elements in each piece remains the same except for the Oval characters in Kids being minimized and placed more to the left. The most fascinating component is the inverted Kanji characters in Kids that translates to ""Chaos.""",Takashi Murakami,Digital,,Front Cover,Used,https://ibb.co/PYfj1SL
KIDS SEE GHOSTS,KIDS SEE GHOSTS [Rough Draft Cover],"Art done by Takashi Murakami for KIDS SEE GHOSTS on a whiteboard. Posted by Ye on April 21, 2018 showing rough draft of the artwork.",Takashi Murakami,Photo,,Front Cover,Concept Art,https://imgur.gg/f/ndv9fuh
NASIR,NASIR,"Official cover art for NASIR. The cover is a photo taken by Mary Ellen Mark for a news feature in the November 1988 issue of the Texas Monthly magazine. The feature was titled ""The War Zone"" and was a field report of a Dallas neighborhood that was dealing with the crack epidemic.",Mary Ellen Mark,Digital,,Front Cover,Used,https://a5.mzstatic.com/us/r1000/0/Music125/v4/f9/41/a9/f941a9d4-099d-4b65-484a-e585136ca838/18UMGIM37154.rgb.jpg
K.T.S.E.,K.T.S.E.,Official cover art for K.T.S.E.,Unknown,Digital,,Front Cover,Used,https://a5.mzstatic.com/us/r1000/0/Music125/v4/af/35/fb/af35fb83-87dd-a809-5625-4b410d03fefa/18UMGIM39452.rgb.jpg
Good Ass Job (2018),Good Ass Job [Promo],"Promo art posted by Chance the Rapper on his Instagram on September 15th, 2018, presumably teasing the collab album between him and Kanye.",Unknown,Digital,,Promo Art,Used,https://ibb.co/4YNjCKc
Yandhi [V1],Yandhi,"Unedited image posted by Kanye at 7:32 AM on September 9th, 2018, the same day he originally announced Yandhi. This cover is a photoshopped version of a picture from the Japanese Wikipedia article for Minidiscs, replacing the grey band on the side with purple and brightening it up. Special shoutout to Kuha455405 for being the one to put the original image on Wikipedia in 2009.",Ryder Ripps,Digital,,Front Cover,Unused,"https://imgur.gg/f/3cXgBy9
https://ja.wikipedia.org/wiki/%E3%83%95%E3%82%A1%E3%82%A4%E3%83%AB:Minidisc.jpeg
"
Yandhi [V1],Yandhi [Alternate Covers],Alek has said that other Yandhi covers exist.,Unknown,Digital,N/A,Front Cover,Unused,
Yandhi [V1],Yandhi [Release Ready Cover],"Def Jam had a copy of Yandhi ready for release on September 29th, 2018. For this version, they used a cropped version of the album cover for the SoundCloud ""30 Hours"" single.",Unknown,Digital,,Front Cover,Unused,https://ibb.co/3Fq5ssh
Yandhi [V1],XTCY,"Hand painted cover for the single ""XTCY"" based off the real photo of all the Kardashian-Jenner sisters Kanye said he would ""smash.""",Shadi Al-Atallah,Digital,,Front Cover,Used,https://imgur.gg/f/JUgCGZO
Yandhi [V1],XTCY [Alternate Cover],"Original picture that was painted for the final ""XTCY"" cover was used as the cover art when the song was initially released through WeTransfer by DJ Clark Kent.",Unknown,Digital,,Front Cover,Alternate,https://ibb.co/R31DMPv
Yandhi [V1],"I Love It
(with Lil Pump)","Similar to the ""XTCY"" cover, this is also a painting.",Shadi Al-Atallah,Digital,,Front Cover,Used,https://imgur.gg/f/S5f8Ooe
Yandhi [V1],"6ix9ine - MAMA
(feat. Nicki Minaj & Kanye West)","Single art for ""MAMA"", never used as the song wasn't released as a single. Features Kanye and Nicki Minaj in 6ix9ine's art style.",Unknown,Digital,,Front Cover,Unused,https://ibb.co/wMmLtgb
Yandhi [V1],"Rick and Morty - Kanye's B-Day Song
(with ChaosChaos)","Cover art for Rick and Morty's Kanye birthday song, commissioned by Kim Kardashian.",Unknown,Digital,,Front Cover,Used,https://ibb.co/wMmLtgb
Yandhi [V2],Brothers,"Hand painted single art for Yandhi track ""Brothers"".",Genesis the Greykid,Photo,,Front Cover,Unused,https://imgur.gg/f/ihN1okX
Yandhi [V2],Brothers [Rough Draft Cover],"Rough draft cover for ""Brothers"". Has handwriting that was almost completely covered up in the final version of the cover.",Genesis the Greykid,Photo,,Front Cover,Unused,https://ibb.co/ZVttNS4
Yandhi [V2],Brothers [Rough Draft Cover],"Found in Consequences phone gallery that leaked January 5th, 2024. Consequence says in the texts that ""someone"" did this mockup, but it is currently unknown who.",Unknown,Digital,,Front Cover,Unused,https://ibb.co/4wNZtJ71
Yandhi [V2],Brothers [Rough Draft Cover],"Antother alternate version found in Consequences phone gallery that leaked January 5th, 2024.",Unknown,Digital,,Front Cover,Unused,https://imgur.gg/f/nwXmET2
Yandhi [V2],Brothers [Rough Draft Cover],"Antother alternate version found in Consequences phone gallery that leaked January 5th, 2024.",Unknown,Digital,,Front Cover,Unused,https://imgur.gg/f/XrigInO
Yandhi [V2],Brothers [Rough Draft Cover],"Antother alternate version found in Consequences phone gallery that leaked January 5th, 2024.",Unknown,Digital,,Front Cover,Unused,https://imgur.gg/f/yakDb94
JESUS IS KING,JESUS IS KING,"The official artwork for JESUS IS KING is an image of the album's vinyl disc, a parallel to Yandhi's planned album cover. It features the bright blue hue that has been connected to the album throughout its promotion. This cover has an indirect correlation to some of Ye's previous work, particularly Yeezus. ""AR 1331 A"" is apparently the ""Archer Records (AR) pressing plant code"" assigned to a 1970 Detroit gospel single. However, unlike the original record, the vinyl changed ""45 RPM EP"" to ""33 RPM LP.""",Tessa Mathias,Digital,,Front Cover,Used,https://a5.mzstatic.com/us/r1000/0/Music113/v4/21/fd/d3/21fdd3d4-0c00-53ef-3903-d0569c49a812/19UMGIM89397.rgb.jpg
JESUS IS KING,JESUS IS KING [Alternate Cover],"This tentative artwork for JESUS IS KING, created by Tessa Matthias, was unveiled at the New York City listening event on September 29, 2019. The artwork incorporates Andrei Rublev's 1408 painting, ""Ascension of Jesus.""",Tessa Mathias & Andrei Rublev,Photo,,Front Cover,Alternate,https://imgur.gg/f/xAWvHG9
JESUS IS KING,"Estelle - American Boy (Brooks Remix) 
(feat. Kanye West)","Cover art for ""American Boy (Brooks Remix)"" by Estelle.",Unknown,Digital,,Front Cover,Used,https://imgur.gg/f/JGdd9N6
God's Country,God's Country [Rough Draft Cover 1],"One of the covers for God's Country. Leaked April 22nd, 2024.",Pierre-Louis Auvray,Digital,,Front Cover,Unused,https://imgur.gg/f/zChy9sg
God's Country,God's Country [Rough Draft Cover 2],God's Country cover posted by Pierre-Louis Auvray on Instagram.,Pierre-Louis Auvray,Digital,,Front Cover,Unused,https://ibb.co/2jL2dXj
God's Country,God's Country [Rough Draft Cover 3],God's Country cover posted by Pierre-Louis Auvray on Instagram. HQ version was later leaked by Pierre Louis-Auvray himself.,Pierre-Louis Auvray,Digital,,Front Cover,Unused,https://ibb.co/mqcS3Hq
God's Country,God's Country [Rough Draft Cover 4],God's Country cover originally posted by Pierre-Louis Auvray on Instagram. The HQ version was later leaked by quincythe.,Pierre-Louis Auvray,Digital,,Front Cover,Unused,https://ibb.co/g7PjS8C
God's Country,God's Country [Rough Draft Cover 5],"God's Country cover posted by Pierre-Louis Auvray on Instagram. The Korean word for ""YE"" can be seen on the cover.",Pierre-Louis Auvray,Digital,,Front Cover,Unused,https://ibb.co/z5Dr0wg
God's Country,God's Country [Rough Draft Cover 6],God's Country cover originally posted by Pierre-Louis Auvray on Instagram. The HQ version was later leaked by quincythe.,Pierre-Louis Auvray,Digital,,Front Cover,Unused,https://ibb.co/371BbMg
God's Country,God's Country [Rough Draft Cover 7],God's Country cover originally posted by Pierre-Louis Auvray on Instagram. The HQ version was later leaked by quincythe.,Pierre-Louis Auvray,Digital,,Front Cover,Unused,https://ibb.co/FVtvFFg
God's Country,God's Country [Rough Draft Cover 8],God's Country cover originally posted by Pierre-Louis Auvray on Instagram. The HQ version was later leaked by quincythe.,Pierre-Louis Auvray,Digital,,Front Cover,Unused,https://ibb.co/2782Hcp
God's Country,God's Country [Rough Draft Cover 9],God's Country cover posted by Pierre-Louis Auvray on Instagram. Reused for Donda in June 2021.,Pierre-Louis Auvray,Digital,,Front Cover,Unused,https://ibb.co/W2rmgFZ
God's Country,God's Country [Rough Draft Cover 10],God's Country cover originally posted by Pierre-Louis Auvray on Instagram. The HQ version was later leaked by quincythe.,Pierre-Louis Auvray,Digital,,Front Cover,Unused,https://ibb.co/18Bhx1c
God's Country,God's Country [Rough Draft Cover 11],God's Country cover posted by Pierre-Louis Auvray on Instagram. The HQ version was later leaked by quincythe.,Pierre-Louis Auvray,Digital,,Front Cover,Unused,https://ibb.co/gRJY7f8
God's Country,God's Country [Rough Draft Cover 12],God's Country cover originally posted by Pierre-Louis Auvray on Instagram. The HQ version was later leaked by quincythe.,Pierre-Louis Auvray,Digital,,Front Cover,Unused,https://ibb.co/5RjLf83
God's Country,God's Country [Rough Draft Cover 13],God's Country cover posted by Pierre-Louis Auvray on Instagram.,Pierre-Louis Auvray,Digital,,Front Cover,Unused,https://ibb.co/hXMZvKP
God's Country,God's Country [Rough Draft Cover 14],God's Country cover posted by Pierre-Louis Auvray on Instagram. The HQ version was later leaked by quincythe.,Pierre-Louis Auvray,Digital,,Front Cover,Unused,https://ibb.co/TLh8xMH
God's Country,God's Country [Rough Draft Cover 15],God's Country cover posted by Pierre-Louis Auvray on Instagram.,Pierre-Louis Auvray,Digital,,Front Cover,Unused,https://ibb.co/nm8hCC0
God's Country,God's Country [Rough Draft Cover 16],God's Country cover posted by Pierre-Louis Auvray on Instagram. The HQ version was later leaked by quincythe.,Pierre-Louis Auvray,Digital,,Front Cover,Unused,https://ibb.co/j5nZFsb
God's Country,God's Country [Rough Draft Cover 17],God's Country cover posted by Pierre-Louis Auvray on Instagram.,Pierre-Louis Auvray,Digital,,Front Cover,Unused,https://ibb.co/z5C63xB
God's Country,God's Country [Rough Draft Cover 18],God's Country cover posted by Pierre-Louis Auvray on Instagram. The HQ version was later leaked by quincythe.,Pierre-Louis Auvray,Digital,,Front Cover,Unused,https://ibb.co/kSpYMVp
God's Country,God's Country [Rough Draft Cover 19],God's Country cover leaked by quincythe. Reused for Donda in June 2021.,Pierre-Louis Auvray,Digital,,Front Cover,Unused,https://ibb.co/WxL2Hns
God's Country,God's Country [Rough Draft Cover 20],God's Country cover leaked by quincythe. Reused for Donda in June 2021.,Pierre-Louis Auvray,Digital,,Front Cover,Unused,https://ibb.co/1TDztx5
God's Country,God's Country [Rough Draft Cover 21],God's Country cover leaked by quincythe.,Pierre-Louis Auvray,Digital,,Front Cover,Unused,https://ibb.co/TqbfgbV
God's Country,God's Country [Rough Draft Cover 22],God's Country cover leaked by quincythe.,Pierre-Louis Auvray,Digital,,Front Cover,Unused,https://ibb.co/VQnKGMP
God's Country,God's Country [Rough Draft Cover 23],God's Country cover leaked by quincythe & Omoi.boy.,Pierre-Louis Auvray,Digital,,Front Cover,Unused,Link Needed
God's Country,God's Country [Rough Draft Cover 24],God's Country cover leaked by Pierre-Louis Auvray.,Pierre-Louis Auvray,Digital,,Front Cover,Unused,Link Needed
God's Country,God's Country [Rough Draft Cover 25],God's Country cover leaked by Pierre-Louis Auvray.,Pierre-Louis Auvray,Digital,,Front Cover,Unused,Link Needed
God's Country,God's Country [Rough Draft Cover 26],God's Country cover leaked by Pierre-Louis Auvray.,Pierre-Louis Auvray,Digital,,Front Cover,Unused,Link Needed
God's Country,God's Country [Rough Draft Cover 27],God's Country cover leaked by Pierre-Louis Auvray.,Pierre-Louis Auvray,Digital,,Front Cover,Unused,Link Needed
God's Country,God's Country [Rough Draft Cover 28],God's Country cover leaked by Pierre-Louis Auvray.,Pierre-Louis Auvray,Digital,,Front Cover,Unused,Link Needed
God's Country,God's Country [Rough Draft Cover 29],God's Country cover leaked by Pierre-Louis Auvray.,Pierre-Louis Auvray,Digital,,Front Cover,Unused,Link Needed
God's Country,God's Country [Rough Draft Cover 30],God's Country cover leaked by Pierre-Louis Auvray.,Pierre-Louis Auvray,Digital,,Front Cover,Unused,Link Needed
God's Country,God's Country [Rough Draft Cover 31],God's Country cover leaked by Pierre-Louis Auvray.,Pierre-Louis Auvray,Digital,,Front Cover,Unused,Link Needed
God's Country,God's Country [Rough Draft Cover 32],God's Country cover leaked by Pierre-Louis Auvray.,Pierre-Louis Auvray,Digital,,Front Cover,Unused,Link Needed
God's Country,God's Country [Rough Draft Cover 33],God's Country cover leaked by Pierre-Louis Auvray.,Pierre-Louis Auvray,Digital,,Front Cover,Unused,Link Needed
God's Country,God's Country [Rough Draft Cover 34],God's Country cover leaked by Pierre-Louis Auvray.,Pierre-Louis Auvray,Digital,,Front Cover,Unused,Link Needed
God's Country,God's Country [Rough Draft Cover 35],God's Country cover leaked by Pierre-Louis Auvray.,Pierre-Louis Auvray,Digital,,Front Cover,Unused,Link Needed
God's Country,God's Country [Rough Draft Cover 36],God's Country cover leaked by Pierre-Louis Auvray.,Pierre-Louis Auvray,Digital,,Front Cover,Unused,https://ibb.co/3m3mX9N7
God's Country,God's Country [Rough Draft Cover 37],God's Country cover leaked by Pierre-Louis Auvray.,Pierre-Louis Auvray,Digital,,Front Cover,Unused,Link Needed
God's Country,God's Country [Rough Draft Cover 38],God's Country cover leaked by Pierre-Louis Auvray.,Pierre-Louis Auvray,Digital,,Front Cover,Unused,Link Needed
God's Country,God's Country [Rough Draft Cover 39],God's Country cover leaked by Pierre-Louis Auvray.,Pierre-Louis Auvray,Digital,,Front Cover,Unused,Link Needed
God's Country,God's Country [Rough Draft Cover 40],God's Country cover leaked by Pierre-Louis Auvray.,Pierre-Louis Auvray,Digital,,Front Cover,Unused,Link Needed
God's Country,God's Country [Rough Draft Cover 41],God's Country cover leaked by Pierre-Louis Auvray.,Pierre-Louis Auvray,Digital,,Front Cover,Unused,Link Needed
God's Country,God's Country [Rough Draft Cover 42],God's Country cover leaked by Pierre-Louis Auvray.,Pierre-Louis Auvray,Digital,,Front Cover,Unused,Link Needed
God's Country,God's Country [Rough Draft Cover 43],God's Country cover leaked by Pierre-Louis Auvray.,Pierre-Louis Auvray,Digital,,Front Cover,Unused,Link Needed
God's Country,God's Country [Rough Draft Cover 44],God's Country cover leaked by Pierre-Louis Auvray.,Pierre-Louis Auvray,Digital,,Front Cover,Unused,Link Needed
God's Country,"Our Beautiful Amazing Reality, Our Beautiful Light Clear Reality [Back Cover]","Back cover for Our Beautiful Amazing Reality, Our Beautiful Light Clear Reality posted by Pierre-Louis Auvray.",Pierre-Louis Auvray,Digital,,Back Cover,Unused,https://ibb.co/YBwQxx5
God's Country,Sunday Service Choir - Jesus Is Born,"The cover art to JESUS IS BORN uses similar artistic motifs to JESUS IS KING. The font and gold-colored writing used on both arts is the same, as well as identical blue hues seen in both covers. Blue is a common color seen in Christianity that is used to symbolize sky, representing Heaven, eternity, and truth in religion. The water seen on the art's cover is a common symbol in the religion, as Holy Water is a symbol of purity and cleansing of sin within the faith.",Tessa Mathias,Digital,,Front Cover,Used,https://imgur.gg/f/5YTfKyb
God's Country,"Wash Us In The Blood
(feat. Travis Scott)","A dark, brown, dirty vinyl cover with the name of the song in silver. Possibly in reference to this era supposedly being a darker version of the previous album, JESUS IS KING.",Arthur Jafa,Digital,,Front Cover,Used,https://imgur.gg/f/58k0BXW
JESUS IS KING: The Dr. Dre Version,JESUS IS KING: The Dr. Dre Version,"The main cover art for JESUS IS KING: The Dr. Dre Version, which leaked on September 25th, 2023, a day before the album leaked. It features an glowing orb (which Kanye set as his profile picture on Twitter in 2020) in front of a plain blue background.",Unknown,Digital,,Front Cover,Unused,https://imgur.gg/f/1MF0kLj
JESUS IS KING: The Dr. Dre Version,JESUS IS KING: The Dr. Dre Version [Alternate Cover],"Alternate cover for JESUS IS KING: The Dr. Dre Version. Sent to Consequence by Kanye. Features different spacing, a brighter background and no glow behind the orb.",Unknown,Digital,,Front Cover,Unused,https://ibb.co/Qj7Zq2VP
JESUS IS KING: The Dr. Dre Version,JESUS IS LORD,"Alternate cover art posted on Kanye's Instagram story on 9/23/2022. JESUS IS LORD is an alternate name for JESUS IS KING II. It features the same orb as the main cover art, but it's bigger. The background is also darker, there's a vinyl overlay over the cover and there's different text.",Unknown,Digital,,Front Cover,Unused,https://ibb.co/CmxXyYr
DONDA [V1],DONDA,"The original cover was revealed by Kanye on July 25, 2020, one day after the album was originally supposed to release. Ye captioned the tweet with his signature vowel-less language: ""DONDA ALBM CVR."" The artist is Pierre-Louis Auvray. The artwork bears a striking resemblance to spray-paint street art. A more saturated version of this image was included in the unreleased Donda Magazine, which leaked on May 31, 2022. The magazine cover isn't higher quality, it's just a resized version. A full cover leaked by quincythe on March 29th, 2024.",Pierre-Louis Auvray,Digital,,Front Cover,Unused,https://ibb.co/n7ScTT2
DONDA [V1],DONDA,Retouched version of the original DONDA cover leaked by quincythe.,Pierre-Louis Auvray,Digital,,Front Cover,Unused,https://ibb.co/DDJ16tW
DONDA [V1],DONDA,Retouched version of the original DONDA cover leaked by quincythe.,Pierre-Louis Auvray,Digital,,Front Cover,Unused,https://ibb.co/b6FFrNH
DONDA [V1],DONDA,Retouched version of the original DONDA cover leaked by quincythe.,Pierre-Louis Auvray,Digital,,Front Cover,Unused,https://ibb.co/xX26mp8
DONDA [V1],DONDA [Animated Cover],Animated cover art made for DONDA in 2020. Leaked by Pierre-Louis Auvray alongside multiple other art pieces for DONDA.,Unknown,Digital,,Other,Unused,Link Needed
DONDA [V1],DONDA [Alternate Cover 1],Alternate version of the original DONDA cover leaked by quincythe.,Pierre-Louis Auvray,Digital,,Front Cover,Unused,https://ibb.co/7nPxDFj
DONDA [V1],DONDA [Alternate Cover 2],"Another cover for DONDA is said to be the same cover as the Emmanuel album by Sunday Service Choir, except slightly cropped and colored differently. Cover leaked on September 24th, 2020. Was originally the cover for DONDA in November 2020.",Nick Knight,Digital,,Front Cover,Unused,https://ibb.co/XSF7gDT
DONDA [V1],DONDA [Alternate Cover 3],"Same cover as the one above, but red. This cover hasn't leaked yet.",Nick Knight,Recreation,,Front Cover,Unused,https://ibb.co/1zBvC53
DONDA [V1],DONDA [Alternate Cover 4],"Found on files from late 2020, this cover is a blank white square, similar to how the final cover for Donda would be a blank black square. It's uncertain why this was the image chosen, but it was something done purposefully.",Unknown,Digital,,Front Cover,Unused,https://ibb.co/1q9MNzL
DONDA [V1],Emmanuel,"Originally used for DONDA, the EP cover of Emmanuel depicts a spherical object with a white dove in front of it. In Christianity, doves are symbols of the Holy Spirit.",Nick Knight,Digital,,Front Cover,Used,https://ibb.co/mNPFJd3
DONDA [V1],Nah Nah Nah,"Cover featuring more spherical imagery, as well as a green skeleton.",Wes Lang,Digital,,Front Cover,Used,https://sun9-24.userapi.com/impg/6KmO93lyXgm9Szfo2HfQ5X8S7cfxSvh4MlgSQg/l9ME3yeQd-g.jpg?size=1080x1080&quality=96&sign=c8aaec68361ca7d90f6c86516b2cf329&c_uniq_tag=9NHapCuYfwBQVC9PElV_G5LdOQ5cVvToJWsC7Tkru8c&type=album
DONDA [V1],"Nah Nah Nah (Remix)
(feat. DaBaby & 2 Chainz)","Similar to the cover of the original song, with more spherical imagery and a skull.",Wes Lang,Digital,,Front Cover,Used,https://ibb.co/Ny7nT3b
DONDA [V1],Francis and the Lights - You Still Take Me To The Light,"Cover art for the Francis and the Lights single ""You Still Take Me To The Light"", featuring Kanye West, Chance the Rapper, and Bon Iver.",Unknown,Digital,,Front Cover,Used,https://lh4.googleusercontent.com/HR_qJ-pUs64yqgGlD9mX5N3qIMMd_txOEBf_IpLsmLN_wxT1MDRaqh075w5qq2fXwilHUzyRAWSKkGLYuQp8yl_zRoPs0LvKauRKRKKDwi1Ngp04To4iw81LXF3Jc3MM-dciVJcZT24H3bJeqL8
DONDA [V1],Francis and the Lights - You Still Take Me To The Light [Alternate Cover 1],"Original art to ""You Still Take Me To The Light"" by Francis and the Lights.",Unknown,Digital,,Front Cover,Alternate,https://lh6.googleusercontent.com/VyRoXSelVQn73Ud5IyJ752FHHpdlehh_fmAfAWlURaObp-FU9VVJe8lnVmP8MsfjaXgbGxvwJHcsrnkNVeIO-M5eUEBVhZLDuC1OwGPHN0NwNpLEjmuCn3Ewes-XQT_zMTyUTYClzAqPLP6IUYA
DONDA [V1],Francis and the Lights - You Still Take Me To The Light [Alternate Cover 2],"Second cover for ""You Still Take Me To The Light"" by Francis and the Lights. This picture was edited to make the final cover used.",Unknown,Digital,,Front Cover,Alternate,Link Needed
DONDA [V1],"Osbe Chill - Floatin
(feat. Kanye West)","Cover art for the Osbe Chill single ""Floatin"" featuring Kanye West.",Unknown,Digital,,Front Cover,Used,https://ibb.co/SvZpDHw
DONDA [V1],"Osbe Chill - Floatin [Alternate Cover]
(feat. Kanye West)","Alternate cover art for the Osbe Chill single ""Floatin"" featuring Kanye West. Used on the YouTube upload of the song. The Parental Advisory warning is noticeably more higher quality than the streaming version.",Unknown,Digital,,Front Cover,Alternate,https://ibb.co/Sfm4QFv
DONDA [V1],"Ty Dolla $ign - Ego Death
(feat. Kanye West, FKA twigs, serpentwithfeet & Skrillex)","Official cover art for ""Ego Death"" by Ty Dolla $ign, featuring Kanye West, FKA twigs, serpentwithfeet and Skrillex.",harrybuggz,Digital,,Front Cover,Used,https://archive.org/details/7122306
DONDA [V1],"Ty Dolla $ign - Ego Death [Rough Draft Cover 1]
(feat. Kanye West, FKA twigs, serpentwithfeet & Skrillex)","Early sketch for Harry Buggz' ""Ego Death"" single art. Very rough, just basic character outlines.",harrybuggz,Digital,,Front Cover,Concept Art,https://ibb.co/KmYHZxt
DONDA [V1],"Ty Dolla $ign - Ego Death [Rough Draft Cover 2]
(feat. Kanye West, FKA twigs, serpentwithfeet & Skrillex)","Early sketch for Harry Bugz' ""Ego Death"" single art. The characters have been fleshed out, but are still uncoloured.",harrybuggz,Digital,,Front Cover,Concept Art,https://ibb.co/X2cgjLH
DONDA [V1],"Ty Dolla $ign - Ego Death [Rough Draft Cover 3]
(feat. Kanye West, FKA twigs, serpentwithfeet & Skrillex)","Early sketch for Harry Bugz' ""Ego Death"" single art. This version only features Kanye, Ty Dolla $ign and Skrillex while the final version would add FKA twigs and serpentwithfeet. The coloring and shading is still very simple, as is the title type, so this was likely still just a rough reference.",harrybuggz,Digital,,Front Cover,Concept Art,https://ibb.co/TgLwp6w
DONDA [V1],Ty Dolla $ign - Ego Death [Ty Dolla $ign Character Concept],"Concept art for Ty Dolla $ign's design in the Harry Buggz' ""Ego Death"" single art and the song's music video.",harrybuggz,Digital,,Concept Art,Concept Art,https://ibb.co/gmZN034
DONDA [V1],Ty Dolla $ign - Ego Death [Kanye Character Concept],"Concept art for Kanye's design in the Harry Buggz' ""Ego Death"" single art and the song's music video.",harrybuggz,Digital,,Concept Art,Concept Art,https://ibb.co/bm67VHq
DONDA [V1],Ty Dolla $ign - Ego Death [FKA twigs Character Concept],"Concept art for FKA twigs's design in the Harry Buggz' ""Ego Death"" single art and the song's music video.",harrybuggz,Digital,,Concept Art,Concept Art,https://ibb.co/tH0SzPD
DONDA [V1],Ty Dolla $ign - Ego Death [Dancer Character Concept],"Concept art by Harry Buggz for a dancer design in the ""Ego Death"" music video.",harrybuggz,Digital,,Concept Art,Concept Art,https://ibb.co/pv7kf8M
Donda [V2],Donda [Rough Draft Cover 1],"Cover for Donda by Pierre-Louis Auvray dated May 5th, 2021. This cover was part of a folder full of designs leaked by quincythe.",Pierre-Louis Auvray,Digital,,Front Cover,Unused,Link Needed
Donda [V2],Donda [Rough Draft Cover 2],"Cover for Donda by Pierre-Louis Auvray dated May 5th, 2021. This cover was part of a folder full of designs leaked by quincythe.",Pierre-Louis Auvray,Digital,,Front Cover,Unused,Link Needed
Donda [V2],Donda [Rough Draft Cover 3],"Cover for Donda by Pierre-Louis Auvray dated May 17th, 2021. This cover was part of a folder full of designs leaked by quincythe.",Pierre-Louis Auvray,Digital,,Front Cover,Unused,Link Needed
Donda [V2],Donda [Rough Draft Cover 4],"Cover for Donda by Pierre-Louis Auvray dated May 28th, 2021. This cover was part of a folder full of designs leaked by quincythe.",Pierre-Louis Auvray,Digital,,Front Cover,Unused,Link Needed
Donda [V2],Donda [Rough Draft Cover 5],"Cover for Donda by Pierre-Louis Auvray dated June 29th, 2021. This cover was part of a folder full of designs leaked by quincythe. Originally made during the God's Country era.",Pierre-Louis Auvray,Digital,,Front Cover,Unused,Link Needed
Donda [V2],Donda [Rough Draft Cover 6],"Cover for Donda by Pierre-Louis Auvray dated July 1st, 2021. This cover was part of a folder full of designs leaked by quincythe.",Pierre-Louis Auvray,Digital,,Front Cover,Unused,Link Needed
Donda [V2],Donda [Rough Draft Cover 7],"Cover for Donda by Pierre-Louis Auvray dated July 1st, 2021. This cover was part of a folder full of designs leaked by quincythe.",Pierre-Louis Auvray,Digital,,Front Cover,Unused,Link Needed
Donda [V2],Donda [Rough Draft Cover 8],"Cover for Donda by Pierre-Louis Auvray dated July 2nd, 2021. This cover was part of a folder full of designs leaked by quincythe. Originally made during the God's Country era.",Pierre-Louis Auvray,Digital,,Front Cover,Unused,Link Needed
Donda [V2],Donda [Rough Draft Cover 9],"Cover for Donda by Pierre-Louis Auvray dated July 2nd, 2021. This cover was part of a folder full of designs leaked by quincythe.",Pierre-Louis Auvray,Digital,,Front Cover,Unused,https://ibb.co/vx5yF83k
Donda [V2],Donda [Rough Draft Cover 10],"Cover for Donda by Pierre-Louis Auvray dated July 3rd, 2021. This cover was part of a folder full of designs leaked by quincythe.",Pierre-Louis Auvray,Digital,,Front Cover,Unused,Link Needed
Donda [V2],Donda [Rough Draft Cover 11],"Cover for Donda by Pierre-Louis Auvray dated July 3rd, 2021. This cover was part of a folder full of designs leaked by quincythe. Originally made during the God's Country era.",Pierre-Louis Auvray,Digital,,Front Cover,Unused,Link Needed
Donda [V2],Donda [Rough Draft Cover 12],"Cover for Donda by Pierre-Louis Auvray dated July 3rd, 2021. This cover was part of a folder full of designs leaked by quincythe.",Pierre-Louis Auvray,Digital,,Front Cover,Unused,Link Needed
Donda [V2],Dear Donda [EP],Just Kanye's Spotify profile picture from a couple years before this EP released.,Def Jam Intern,Digital,,Front Cover,Used,https://ibb.co/MNXJMQX
Donda [V3],Donda,"The cover art for Donda is a blank, almost black space. Amidst the rollout of the album, the color black had made frequent appearances. During the second listening party for the album, which happened on August 5, 2021, at Mercedes-Benz Stadium in Atlanta, hundreds of performers had all dressed in nothing, but black, including Kanye himself. Reportedly, the staff of the stadium, chefs, as well as all engineers were required to wear black as well for a period of time. Donning dark colors for mourning has been strongly associated with death and loss for centuries in the west and is a practice believed to date back to the Roman times. Not actually black, but #020305.",Kanye West,Digital,,Front Cover,Used,https://ibb.co/zFcz7sG
Donda [V3],Donda [Alternate Cover 1],"This album cover is inspired by an art piece by French-American artist Louise Bourgeois. The original artwork was part of a collection titled Les têtes bleues et les femmes rouges, which translates as The blue heads and the red women. Bourgeois would often make art to work through the trauma of losing her mother at a young age. This theme resonates with Kanye's dedication of DONDA to his late mother, who passed away in 2007.",Louise Bourgeois,Digital,,Front Cover,Alternate,https://imgur.gg/f/L7kdOZ1
Donda [V3],Donda [Alternate Cover 2],"Cover art posted by Apple Music on Instagram to promote the first listening party for Donda. Was also used on LP1 merch. Features a picture of Donda as a baby with a very monotone color scheme. It's unknown if this was ever considered for the album, or just Apple Music promo art.",Unknown,Digital,,Front Cover,Alternate,https://ibb.co/zfmZRHz
Donda [V3],Donda [LP1 Promo Art 1],"Promotional art used to promote the first public listening party on July 22nd, 2021 at the Mercedes-Benz Stadium in Atlanta.",Unknown,Digital,,Promo Art,Used,https://ibb.co/CPkgmh7
Donda [V3],Donda [LP1 Promo Art 2],"Promotional art used to promote the first public listening party on July 22nd, 2021 at the Mercedes-Benz Stadium in Atlanta. Posted by Apple Music with the album's cover (at the time).",Unknown,Digital,,Promo Art,Used,https://ibb.co/h95GQzW
Donda [V3],Donda [LP2 Promo Art],"Promotional art used to promote the second public listening party on August 6th, 2021 at the Mercedes-Benz Stadium in Atlanta.",Unknown,Digital,,Promo Art,Used,https://ibb.co/Fw17ZqP
Donda [V3],Donda [LP3 Promo Art],"Promotional art used to promote the third public listening party on August 26th, 2021 at the Soldier Field Stadium in Chicago.",Unknown,Digital,,Promo Art,Used,https://ibb.co/qry9VWg
Donda [V3],Hurricane,"Black square, same as the cover for the album.",Kanye West,Digital,,Front Cover,Used,https://ibb.co/zFcz7sG
Donda [V3],Life of the Party,"Black square, same as the cover for the album.",Kanye West,Digital,,Front Cover,Used,https://ibb.co/zFcz7sG
DONDA 2 [V1],DONDA 2,"This promotional cover for DONDA 2 was used for the announcement of the record's listening party at the LoanDepot Park stadium in Miami on February 22, 2022. The artwork was posted on Kanye West's Instagram on February 12, 2022. Much like the first promotional cover, the image shows Kanye's Chicago South Shore childhood home burning down in a billboard, but in a dark background.",Unknown,Digital,,Front Cover,Unused,https://imgur.gg/f/BC3aCa2
DONDA 2 [V1],DONDA 2 [Alternate Cover],"This promotional cover for DONDA 2 was used to promote the sale of the tickets for the record's listening party at the LoanDepot Park stadium in Miami on February 22, 2022. The artwork was posted on Kanye West's Instagram on February 14, 2022. The image shows Kanye's Chicago South Shore childhood home burning down in a dark background, similar to the second promotional cover except the house isn't supported by a billboard.",Unknown,Digital,,Front Cover,Alternate,https://imgur.gg/f/q0KD3la
DONDA 2 [V1],DONDA 2,"Cover for DONDA 2 featured on the Stem Player website. Is just the color black, similar to the first Donda album.",Unknown,Digital,,Front Cover,Used,https://ibb.co/Qv77yPBT
DONDA 2 [V1],DONDA 2 [Promo],"This promotional art for DONDA 2 was used for the announcement of the record and its release date of February 22, 2022. The artwork was posted on Kanye West's Instagram on January 27, 2022. The image shows Kanye's Chicago South Shore childhood home burning down in a billboard. In the third and final listening party for his previous album, Donda, at the Soldier Field stadium, Ye recreated the aforementioned house as the stage of the event. Near the end of the show, he set himself on fire inside it.",Unknown,Digital,,Promo Art,Alternate,https://imgur.gg/f/doEGeqp
DONDA 2 [V1],DONDA 2 [Promo Billboard 1],Unused billboard design for DONDA 2 with Julia Fox's face in it. Part of a designs folder leaked by quincythe.,Pierre-Louis Auvray,Digital,,Promo Art,Unused,https://ibb.co/MpY6CHz
DONDA 2 [V1],DONDA 2 [Promo Billboard 2],Unused billboard design for DONDA 2 with Julia Fox's face in it. Part of the folder leaked by quincythe.,Pierre-Louis Auvray,Digital,,Promo Art,Unused,https://ibb.co/ssZnhV8
DONDA 2 [V1],DONDA 2 [Promo Billboard 3],Unused billboard design for DONDA 2 with Julia Fox's face in it. Part of the folder leaked by quincythe.,Pierre-Louis Auvray,Digital,,Promo Art,Unused,https://ibb.co/JxpK26S
DONDA 2 [V1],DONDA 2 [Promo Billboard 4],Unused billboard design for DONDA 2 with Julia Fox's face in it. Part of the folder leaked by quincythe.,Pierre-Louis Auvray,Digital,,Promo Art,Unused,https://ibb.co/zHnNN7K
DONDA 2 [V1],DONDA 2 [Promo Billboard 5],Unused billboard design for DONDA 2 with Julia Fox's face in it. Part of the folder leaked by quincythe.,Pierre-Louis Auvray,Digital,,Promo Art,Unused,https://ibb.co/pzPK3nW
DONDA 2 [V1],DONDA 2 [Promo Billboard 6],Unused billboard design for DONDA 2 with Amber Rose's face in it. Part of the folder leaked by quincythe.,Pierre-Louis Auvray,Digital,,Promo Art,Unused,https://ibb.co/rbn9ZZz
DONDA 2 [V1],DONDA 2 [Promo Billboard 7],Unused billboard design for DONDA 2 with Amber Rose's face in it. Part of the folder leaked by quincythe.,Pierre-Louis Auvray,Digital,,Promo Art,Unused,https://ibb.co/Sw3jqr6
DONDA 2 [V1],DONDA 2 [Promo Billboard 8],Unused billboard design for DONDA 2 with Future's face in it. Part of the folder leaked by quincythe.,Pierre-Louis Auvray,Digital,,Promo Art,Unused,https://ibb.co/G7Cs1JF
DONDA 2 [V1],DONDA 2 [Promo Billboard 9],Unused billboard design for DONDA 2 with Future's face in it. Part of the folder leaked by quincythe.,Pierre-Louis Auvray,Digital,,Promo Art,Unused,https://ibb.co/FJjDk0v
DONDA 2 [V1],DONDA 2 [Promo Billboard 10],Unused billboard design for DONDA 2 with Future's face in it. Part of the folder leaked by quincythe.,Pierre-Louis Auvray,Digital,,Promo Art,Unused,https://ibb.co/Dbvjt0T
DONDA 2 [V1],True Love,"This is the cover for DONDA 2's lead single, ""True Love,"" Kanye West's collaboration with XXXTENTACION. As revealed by Variety, the artwork, designed by Ye, portrays X's handwritten notes from a journal found by his mother, Cleopatra Bernard. The passionate phrases fit the theme of ""True Love,"" as both artists share the complications behind loving their close ones.",Kanye West,Digital,,Front Cover,Used,https://ibb.co/ZhbRRfS
DONDA 2 [V1],True Love [Rough Draft Covers],"Cover ideas made by Henock Sileshi. The name's of Ye's children and XXXTENTACION's child can be seen, showing the tracks theme of family. More designs can be seen in thumbnails on the side, but none have been revealed in better quality.",Henock Sileshi,Digital,,Concept Art,Concept Art,https://ibb.co/8g6cmc9
DONDA 2 [V1],"Cardi B - Hot Shit
(feat. Kanye West & Lil Durk)","Official cover art for Cardi B's single ""Hot Shit"", featuring Lil Durk and Kanye. Cover text credits Kanye as ""Ye"".",Unknown,Digital,,Front Cover,Used,https://imgur.gg/f/FbcnJLq
DONDA 2 [V1],"Cardi B - Hot Shit [Alternate Cover]
(feat. Kanye West & Lil Durk)","Original art to ""Hot Shit"" featuring the credit ""Kanye West."" The final cover changed this to ""Ye"" to reflect Kanye's name change. Features slightly different color correction as well.",Unknown,Digital,,Front Cover,Alternate,https://ibb.co/23M33Y0
DONDA 2 [V1],"Fivio Foreign - City of Gods
(feat. Kanye West, Alicia Keys & Playboi Carti)","Single art for Fivio Foreign's single ""City of Gods."" The cover art depicts a black statue of the late Tdott Woo doing the New York popular dance, the Woo Walk, Fivio Foreign dedicated the song to him. Tahjay ""T Dott"" Dobson was lethally shot on February 2, 2022, 9 days before the release of the single. The rapper was only 22 at the time of death.",Sean 'Kid Flvsh' Williams,Digital,,Front Cover,Used,https://imgur.gg/f/fZzphOQ
DONDA 2 [V1],"The Game - EAZY
(feat. Kanye West)",Monkey.,Nick Knight,Digital,,Front Cover,Used,https://ibb.co/k6kDKJ1
DONDA 2 [V1],"Vory - Daylight
(feat. Kanye West)","Official single art for ""Daylight"". Almost identical to the album art for ""Lost Souls"", removes the text for the album title.",Unknown,Digital,,Front Cover,Used,https://images.genius.com/22a3c50f1395da17e27289b50a8a2126.1000x1000x1.jpg
WAR,WAR,"Thumbnail for the ""LAST WEEK"" YouTube video Kanye uploaded. It would make sense for this to be the cover of WAR as the video was uploaded in October of 2022 and the album began sometime in April of 2022.",Unknown,Digital,,Front Cover,Unused,https://ibb.co/S7Ddpwfd
YEBU,Someday We'll All Be Free,"Image posted on Ye's Instagram page along with ""Someday We'll All Be Free"". Supposedly the cover for the song.",Unknown,Digital,,Front Cover,Used,https://imgur.gg/f/B1EgWvP
YEBU,"Ghostface Killah - No Face
(feat. Kanye West)","Cover for the single of ""No Face"" by Ghostface Killah.",Unknown,Digital,,Front Cover,Used,https://a5.mzstatic.com/us/r1000/0/Music221/v4/81/93/d1/8193d150-63b6-e1b9-b651-e34265c6784e/198588249079.jpg
YEBU,"Ghostface Killah - No Face
(feat. Kanye West)","Cover for the vinyl version of ""No Face"" by Ghostface Killah.",Unknown,Digital,,Physical Packaging,Used,https://api.plwcse.top/api/get/2d01b7428ab5e56664d64d0e543c523d
YEBU,"Sean Leon - BURN EVERYTHING
(feat. Kanye West)","Single art for ""BURN EVERYTHING"" by Sean Leon featuring Kanye West and SYRA. Features a model wearing different Yeezy GAP merch, though the branding has been removed. Cover seems to just be a still taken directly from the music video, there's a lot of compression and image artifacting present on even ""high-res"" images of the cover.",Unknown,Digital,,Front Cover,Used,https://ibb.co/hWsyLHj
¥$,¥$,"Unused album artwork for the ¥$ collab album which was shown at the end of an Instagram story posted by Ty Dolla $ign posted on October 5th, 2023.",Ellen Nielsen,Digital,,Front Cover,Unused,https://imgur.gg/f/s5HgUPp
¥$,¥$,Alternate cover.,Ellen Nielsen,Digital,,Front Cover,Alternate,https://ibb.co/6Rw2w8p4
¥$,¥$,Alternate cover.,Ellen Nielsen,Digital,,Front Cover,Alternate,https://ibb.co/svbLSnyt
¥$,¥$,Alternate cover.,Ellen Nielsen,Digital,,Front Cover,Alternate,https://ibb.co/gZW2tqpG
¥$,¥$,Alternate cover.,Ellen Nielsen,Digital,,Front Cover,Alternate,https://ibb.co/rKKfK9S4
¥$,¥$,Alternate cover.,Ellen Nielsen,Digital,,Front Cover,Alternate,https://ibb.co/YBX2vjv3
¥$,¥$,Alternate cover.,Ellen Nielsen,Digital,,Front Cover,Alternate,https://ibb.co/7d5WTY1w
¥$,¥$,Alternate cover.,Ellen Nielsen,Digital,,Front Cover,Alternate,https://ibb.co/fdrvHy4h
¥$,¥$,Alternate cover.,Ellen Nielsen,Digital,,Front Cover,Alternate,https://ibb.co/WWyzSMPn
¥$,¥$,Alternate cover.,Ellen Nielsen,Digital,,Front Cover,Alternate,https://ibb.co/MkgY0fjC
¥$,¥$,Alternate cover.,Ellen Nielsen,Digital,,Front Cover,Alternate,https://ibb.co/9HVYgVdC
¥$,¥$,Unused cover for the ¥$ collab album during late 2023. First found on the Spotify for Artists page of ¥$ and was Ty Dolla $ign's Twitter profile picture for a while. This is the artwork uploaded with the 2023 Spotify preload for the album.,Unknown,Digital,,Front Cover,Unused,https://ibb.co/CtJyF3G
¥$,¥$,One of two alternate early ¥$ album artwork cover outtakes posted by Alex Foster on October 2nd 2024. Made in 2023.,Alex Foster,Photo,,Front Cover,Alternate,https://imgur.gg/f/L8ZippR
¥$,¥$,One of two alternate early ¥$ album artwork cover outtakes posted by Alex Foster on October 2nd 2024. Made in 2023.,Alex Foster,Photo,,Front Cover,Alternate,https://imgur.gg/f/LJoqsHy
¥$,¥$,"One of nine alternate early ¥$ album artwork cover outtakes posted by Alex Foster on September 2nd, 2025. Made in 2023.",Alex Foster,Photo,,Front Cover,Alternate,https://imgur.gg/f/S5zpJdY
¥$,¥$,"One of nine alternate early ¥$ album artwork cover outtakes posted by Alex Foster on September 2nd, 2025. Made in 2023.",Alex Foster,Photo,,Front Cover,Alternate,https://imgur.gg/f/ahzqbc0
¥$,¥$,"One of nine alternate early ¥$ album artwork cover outtakes posted by Alex Foster on September 2nd, 2025. Made in 2023. Infamously worn as a profile picture by none other than community member YZYCrave.",Alex Foster,Photo,,Front Cover,Alternate,https://imgur.gg/f/k1LVb3b
¥$,¥$,"One of nine alternate early ¥$ album artwork cover outtakes posted by Alex Foster on September 2nd, 2025. Made in 2023.",Alex Foster,Photo,,Front Cover,Alternate,https://imgur.gg/f/V2rfcs1
¥$,¥$,"One of nine alternate early ¥$ album artwork cover outtakes posted by Alex Foster on September 2nd, 2025. Made in 2023.",Alex Foster,Photo,,Front Cover,Alternate,https://imgur.gg/f/tELbFeO
¥$,¥$,"One of nine alternate early ¥$ album artwork cover outtakes posted by Alex Foster on September 2nd, 2025. Made in 2023.",Alex Foster,Photo,,Front Cover,Alternate,https://imgur.gg/f/CY2bf5E
¥$,¥$,"One of nine alternate early ¥$ album artwork cover outtakes posted by Alex Foster on September 2nd, 2025. Made in 2023.",Alex Foster,Photo,,Front Cover,Alternate,https://imgur.gg/f/V4IClMb
¥$,¥$,"One of nine alternate early ¥$ album artwork cover outtakes posted by Alex Foster on September 2nd, 2025. Made in 2023.",Alex Foster,Photo,,Front Cover,Alternate,https://imgur.gg/f/qoLL43K
¥$,¥$,"One of nine alternate early ¥$ album artwork cover outtakes posted by Alex Foster on September 2nd, 2025. Made in 2023.",Alex Foster,Photo,,Front Cover,Alternate,https://imgur.gg/f/A631IXs
¥$,Bad Bitch Playbook,"According to JoyBoy, the album cover was originally a pair of tits. Seen partially when an ""unseen ¥$ graphic"", which displays what appears to be a naked woman's breasts was posted to the GoodAssSub Reddit by u/paavlyoon on November 25th, 2025.",Unknown,Digital,,Front Cover,Unused,https://ibb.co/PvLzSzbS
VULTURES 1,VULTURES 1,"The original cover for Vultures 1 when it first released on streaming platforms, which features Ye wearing a white hockey mask similar to Jason Voorhees' one from Friday the 13th instead of a black one. However, following the release of the album, the cover was revised, henceforth featuring Ye adorned with the black hockey mask.",Aus Taylor,Digital,,Front Cover,Alternate,https://imgur.gg/f/4MFEDdj
VULTURES 1,VULTURES 1,"The album cover for VULTURES 1 features Kanye West on the left and his wife Bianca Censori on the right. The couple presents itself, poised within a space adorned in subtle hues of gray. Kanye is entirely clad in black attire, including a black hockey mask, as he faces the viewer. Bianca Censori, partially nude, turns away from the observer, attired in long black stockings, black shoes and a very thin, transparent cloth around her waist. Kanye West & Ty Dolla $ign's collaborative album was released on February 10, 2024; the 20th anniversary of the release of his debut album The College Dropout. This is the only cover in Ye's discography featuring Ye's actual body besides The College Dropout. The cover art was photographed by visual director Aus Taylor, who was at first surprised by its usage over the Burzum-like one: ""ye dawg thank you so much for trusting me blindly""",Aus Taylor,Digital,,Front Cover,Used,https://imgur.gg/f/jfIUXdJ
VULTURES 1,"Vultures
(feat. Bump J & Lil Durk)","Official single art for ""Vultures"" by Kanye West & Ty Dolla $ign, featuring Bump J & Lil Durk.",Unknown,Digital,,Front Cover,Used,https://ibb.co/QC5gYtJ
VULTURES 1,Vultures,Cover art that Playboi Carti posted on instagram. Dated December 12th 2023.,Unknown,Digital,,Front Cover,Unused,https://imgur.gg/f/S6PoeBm
VULTURES 1,Vultures Vol. 1,A cover for Vultures Volume 1. Posted by Ty Dolla $ign on December 12th 2023.,Gosha Rubchinskiy & Valentin Fufaev,Digital,,Front Cover,Unused,https://imgur.gg/f/yWbm4Yr
VULTURES 1,"TALKING
(feat. North West)","Cover for the single version for ""TALKING"" / ""Talking / Once Again"" for streaming.",Unknown,Digital,,Front Cover,Used,https://a5.mzstatic.com/us/r1000/0/Music126/v4/af/ee/43/afee4319-2824-7e80-a179-8a78354bbfe8/cover.jpg
VULTURES 1,"TALKING
(feat. North West)","OG Filename: TALKING_19-01
Alternate cover on yeezy.com with a screengrab of North's version of the ""TALKING"" Music Video.",North West,Digital,,Front Cover,Alternate,https://imgur.gg/f/R7cA7T0
VULTURES 1,VULTURES PACK,"Cover for the ""Vultures Pack"". The same as the original cover for Vultures 1, but without the Volume 1 text in the bottom right corner.",Gosha Rubchinskiy & Valentin Fufaev,Digital,,Front Cover,Used,https://a5.mzstatic.com/us/r1000/0/Music126/v4/b9/f6/5a/b9f65a95-d13c-f177-28d7-80804c1d9075/cover.jpg
VULTURES 1,CARNIVAL,"New cover for all the single ""CARNIVAL"" covers. Updated on 2/16/24.",Jon Rafman,Digital,,Front Cover,Used,https://a5.mzstatic.com/us/r1000/0/Music122/v4/0f/22/cc/0f22cc99-5c36-102e-8f33-e28dc4be7c99/cover.jpg
VULTURES 1,CARNIVAL - HOOLIGANS VERSION,"Cover for the ""Hooligans version"" of ""CARNIVAL"". The exact same as the cover above.",Jon Rafman,Digital,,Front Cover,Used,https://a5.mzstatic.com/us/r1000/0/Music112/v4/c4/fb/0c/c4fb0cf0-a471-3bf0-f965-a23eaf572a55/cover.jpg
VULTURES 1,CARNIVAL PACK,"Cover for the ""CARNIVAL PACK"" EP. The exact same as the cover above.",Jon Rafman,Digital,,Front Cover,Used,https://a5.mzstatic.com/us/r1000/0/Music122/v4/7a/ef/7a/7aef7a65-0782-5c20-c2e2-681710731d1c/cover.jpg
VULTURES 1,CARNIVAL [Alternate Cover],"Cover that was first used for the single version of ""CARNIVAL"".",Unknown,Digital,,Front Cover,Alternate,https://a5.mzstatic.com/us/r1000/0/Music122/v4/ec/dd/6b/ecdd6bef-4000-6c04-7de7-734e76d0fcc5/cover.jpg
VULTURES 1,CARNIVAL - HOOLIGANS VERSION [Alternate Cover],"Cover that was first used for the ""Hooligans version"" of ""CARNIVAL"". The exact same as the cover above.",Unknown,Digital,,Front Cover,Alternate,https://a5.mzstatic.com/us/r1000/0/Music122/v4/46/7d/63/467d63a3-3757-3e71-d4c5-72de17b06fa5/cover.jpg
VULTURES 1,CARNIVAL PACK [Alternate Cover],"Cover that was first used for the ""CARNIVAL PACK"" EP. The exact same as the cover above.",Unknown,Digital,,Front Cover,Alternate,https://a5.mzstatic.com/us/r1000/0/Music112/v4/88/83/51/888351a4-b4cd-c6a0-0014-1864c55d65a2/cover.jpg
VULTURES 1,DO IT,"Cover that would have been used for the scrapped single version of ""DO IT"" that was planned to drop on May 30, 2024. Photo taken from the set of the ""SLIDE"" music video (which was originally the ""DO IT"" music video).",Unknown,Digital,,Front Cover,Unused,https://ibb.co/RNq1f92
VULTURES 2,VULTURES 2,"This is the official cover art for VULTURES 2. It features the same styling as the cover for VULTURES 1, but replaces Kanye West and his wife Bianca Censori in favor of Ty Dolla $ign. Ty holds to his chest a photo of his older brother Big TC, who got incarcerated in 2004 to spend the rest of his life in prison for murder. TC alleges to be innocent of the killing. The image in the frame was uploaded to Big TC's Instagram in 2019. Ty has shown a lot of support for his brother's freedom campaign in the past, titling his debut studio album after it and even called for TC's freedom on the titular track of VULTURES 1.",Unknown,Digital,,Front Cover,Used,https://a5.mzstatic.com/us/r1000/0/Music211/v4/3c/85/03/3c850391-35f0-dd24-2aa6-38eed46752e0/354753.jpg
VULTURES 2,VULTURES 2 [Concept Art],"According to the Big Boy interview, Ye was in Paris with Pharrell, Aus and others, during that time there was a sketch of Ty holding a photo of TC, which everybody liked. He said at one point that they should release the sketch, but they have not as of yet.",Aus Taylor,Photo,N/A,Concept Art,Concept Art,
VULTURES 2,VULTURES 2 [Alternate Cover 1],"Alternate version of the cover used as Ty Dolla $ign's profile picture on Instagram, with different lighting, different background, before it eventually got changed to the new cover once it released.",Aus Taylor,Digital,,Front Cover,Alternate,https://ibb.co/brn2d84
VULTURES 2,VULTURES 2 [Alternate Cover 2],"Alternate version of the cover posted by Kanye on Twitter/X and Instagram with the caption ""VULTURES 2"" on March 9th 2024, with different lighting, different background etc. ",Aus Taylor,Digital,,Front Cover,Alternate,https://imgur.gg/f/FPEzGpJ
VULTURES 2,VULTURES 2 [Alternate Cover 3],Alternate cover posted by Ty Dolla $ign on March 9th 2024 with a different color hue and the photo being cropped more.,Aus Taylor,Digital,,Front Cover,Alternate,https://imgur.gg/f/222go2K
VULTURES 2,VULTURES 2 [Alternate Cover 4],"Alternate Cover posted by Victor Shevchenko on March 9th, 2026. Has Ty in a different outfit.",Aus Taylor,Photo,,Front Cover,Alternate,https://ibb.co/p6L22yDP
VULTURES 2,VULTURES 2 [Alternate Cover 5],A cover for Vultures Volume 2. Posted by Kanye on January 23rd 2024.,Gosha Rubchinskiy & Valentin Fufaev,Digital,,Front Cover,Unused,https://imgur.gg/f/PNWO86a
VULTURES 2,"LIKE THAT
(feat. The Hooligans) (prod. Metro Boomin, Kanye West & Traxster)
(LIKE THAT (Remix))","The cover used for the YouTube upload of ""LIKE THAT"". Features heavy similarities to the ""Lift Yourself"" cover art, likely due to this song being a Drake diss.",Unknown,Digital,,Front Cover,Used,https://imgur.gg/f/z74PwUH
VULTURES 2,"Future & Metro Boomin - LIKE THAT (Remix)
(feat. ¥$ & The Hooligans)","The cover used for the YouTube upload of the ""LIKE THAT (REMIX)"". Features heavy similarities to the ""Lift Yourself"" cover art, likely due to this song being a Drake diss.",Unknown,Digital,,Front Cover,Used,https://ibb.co/0Qm97sF
VULTURES 2,"Future & Metro Boomin - LIKE THAT (Remix)
(feat. ¥$ & The Hooligans)","OG Filename: yeimage-forvideo
The cover used for the yeezy.com upload of the ""LIKE THAT (REMIX)"". Just a low quality screenshot of ""The Download"" intervew.",Unknown,Digital,,Front Cover,Alternate,https://imgur.gg/f/Nd1wbR9
VULTURES 2,"Future & Metro Boomin - LIKE THAT (Remix)
(feat. ¥$ & The Hooligans)","OG Filename: baby_goat
The newer cover used for the yeezy.com upload of the ""LIKE THAT (REMIX)"".",Unknown,Digital,,Front Cover,Used,https://imgur.gg/f/6XmplCJ
BULLY [V1],BULLY,"Official cover art for BULLY posted by Ye on Instagram on October 23rd, 2024. It features Saint West smiling widely with grills. The picture was originally taken by Japanese photographer Daidō Moriyama.",Daidō Moriyama,Digital,,Front Cover,Used,https://ibb.co/4RBcZfD
BULLY [V1],BULLY V1,"Alternate cover art for BULLY V1 posted to Ye's YouTube on March 28th, 2025. Originally the thumbnail to the YouTube upload before it was changed.",Hype Williams,Digital,,Front Cover,Used,Link Needed
BULLY [V1],BULLY,"Posted by Ye to Twitter, saying that it is a ""new album cover"". Was technically intended for BULLY before CUCK split off into its own seperate project. Is an image of a swastika.",Unknown,Digital,,Front Cover,Unused,https://ibb.co/BKcCKbSM
BULLY [V1],"Consequence - No Apologies
(feat. Kanye West)","Cover art for ""No Apologies"" by Consequence.",Unknown,Digital,,Front Cover,Used,https://ibb.co/4W5tRjc
BULLY [V1],"French Montana - Stand United
(feat. Kanye West, SAINt JHN & Buju Banton)","Cover for ""Stand United"" by French Montana, Kanye West, SAINt JHN & Buju Banton. It's the same cover as French Montana's ""Mac & Cheese 5"".",BRGFX,Digital,,Front Cover,Used,https://a5.mzstatic.com/us/r1000/0/Music116/v4/68/6b/bd/686bbd00-9b50-916b-d95a-1cfe23315274/797885018489_cover.jpg
BULLY [V1],"French Montana - Where They At
(feat. Kanye West & Westside Gunn)","Cover for ""Where They At"" by French Montana, Kanye West & Westside Gunn. It's the same cover as French Montana's ""Mac & Cheese 5"".",BRGFX,Digital,,Front Cover,Used,https://a5.mzstatic.com/us/r1000/0/Music116/v4/68/6b/bd/686bbd00-9b50-916b-d95a-1cfe23315274/797885018489_cover.jpg
VULTURES 3,Vultures Vol. 3,"Cover for Vultures Volume 3 announced alongside the cover for Vultures Volume 2, before Vultures Volume 3 would eventually be scrapped in favor of BULLY. Posted by Kanye on January 23rd 2024.",Gosha Rubchinskiy & Valentin Fufaev,Digital,,Front Cover,Used,https://imgur.gg/f/csjgu1C
VULTURES 3,"Ty Dolla $ign - Wheels Fall Off
(feat. Ye)","Cover for ""Wheels Fall Off"" by Ty Dolla $ign, featuring and produced by Ye.",Unknown,Digital,,Front Cover,Used,https://ibb.co/jPdPsLVt
CARTI YE,CARTI YE,"Cover for the scrapped collabotive album between Ye and Playboi Carti, CARTI YE. The photo originates from a photoshoot done during the shoot for the ""2024"" music video. Posted by Ye to Twitter, while also confirming it as being the album's cover.",Unknown,Photo,,Front Cover,Unused,https://ibb.co/23GZ4rHy
CUCK,WW3,"Cover for the ""WW3"" single by Ye. Features a black KKK hood on a black background. The original, unedited version of the cover was posted by Ye to X on March 18, 2023.",Unknown,Digital,,Front Cover,Used,https://ibb.co/Q7f1554d
CUCK,CUCK,"Posted by The Game on April 3rd, 2025. Photo of a KKK wedding from 2013. Edited to remove a dog that was present in the original photo, and also change the race of the white robe KKK member from white to black. Originally announced as WW3 before later being renamed to CUCK.",Peter van Agtmael,Digital,,Front Cover,Unused,https://imgur.gg/f/Eh4UBWj
CUCK,COUSINS,"Cover for the ""COUSINS"" single. Is the painting ""Leda mit dem Schwan"" by Paul Mathias Padua, which depicts the Greek myth ""Leda and the Swan"", in which the Greek god Zeus morphs into a Swan and seduces the Spartan queen Leda. Has historically been claimed to have been one of Hitlers favorite paintings.",Paul M. Padua,Digital,,Front Cover,Used,https://ibb.co/xt9bvqCS
CUCK,COUSINS [Alternate Cover 1],"Alternate cover for ""COUSINS"" posted by Ye on Twitter. Is ""Red Army Fighter, Save Us!"" by Viktor Koretsky, an anti-Nazi propaganda piece created during WWII as USSR propaganda.",Viktor Koretsky,Digital,,Front Cover,Alternate,https://ibb.co/xqmXcM4d
CUCK,COUSINS [Alternate Cover 2],"Alternate cover for ""COUSINS"" posted by Ye on Twitter. Comes from the ""Kloran"", the KKK handbook - used to detail ceremonies and procedures of the KKK.",Unknown,Digital,,Front Cover,Alternate,https://ibb.co/chdKXNNJ
CUCK,COUSINS [Alternate Cover 3],"Alternate cover for ""COUSINS"" posted by Ye on Twitter. Depicts William Jospeh Simmons, the leader/founder of the second interation of the KKK.",Unknown,Digital,,Front Cover,Alternate,https://ibb.co/Xx654z1t
CUCK,HEIL HITLER,Official artwork for the released single. Is some sort of swastika-monster thing.,Dave Baby,Digital,,Front Cover,Used,https://ibb.co/SD8RF5cG
CUCK,THE HEIL SYMPHONY,"Identical cover to ""HEIL HITLER"".",Dave Baby,Digital,,Front Cover,Used,https://ibb.co/SD8RF5cG
DONDA 2 [V2],DONDA 2,Official cover for the 2025 version of DONDA 2 released officially onto DSPs,Unknown,Digital,,Front Cover,Used,https://ibb.co/GQLCgNRq
DONDA 2 [V2],DONDA 2 [Animated Cover 1],"Animated cover posted by Digital Nas to Twitter after saying ""NEW ALBUM COVER OTW"". Is animated using AI, and is a gif.",Unknown,Digital,,Front Cover,Unused,https://ibb.co/3yP3rB8s
DONDA 2 [V2],DONDA 2 [Animated Cover 2],"Animated cover posted by Digital Nas to Twitter. Is animated using AI, and is a gif.",Unknown,Digital,,Front Cover,Unused,https://ibb.co/tPYbWmxg
DONDA 2 [V2],DONDA 2 [Animated Cover 3],"Animated cover posted by Digital Nas to Twitter. Is animated using AI, and is a gif.",Unknown,Digital,,Front Cover,Unused,https://ibb.co/Y4xsLxQV
DONDA 2 [V2],DONDA 2 [Animated Cover 4],"Animated cover posted by Digital Nas to Twitter. Is animated using AI, and is a gif.",Unknown,Digital,,Front Cover,Unused,https://ibb.co/FfNDcGM
DONDA 2 [V2],DONDA 2 [Animated Cover 5],"Animated cover posted by Digital Nas to Twitter. Is animated using AI, and is a gif.",Unknown,Digital,,Front Cover,Unused,https://ibb.co/sJ2g3YKF
DONDA 2 [V2],DONDA 2 [Animated Cover 6],"Animated cover posted by Digital Nas to Twitter. Is animated using AI, and is a gif.",Unknown,Digital,,Front Cover,Unused,https://ibb.co/d4nvBJvw
DONDA 2 [V2],DONDA 2 [Animated Cover 7],"Animated cover posted by Digital Nas to Twitter. Is animated using AI, and is a gif.",Unknown,Digital,,Front Cover,Unused,https://ibb.co/m5jNP5wN
DONDA 2 [V2],DONDA 2 [Animated Cover 8],"Animated cover posted by Digital Nas to Twitter. Is animated using AI, and is a gif.",Unknown,Digital,,Front Cover,Unused,https://ibb.co/nNSNNTjM
DONDA 2 [V2],DONDA 2 [Animated Cover 9],"Animated cover posted by Digital Nas to Twitter. Is animated using AI, and is a gif.",Unknown,Digital,,Front Cover,Unused,https://ibb.co/spcvv4vW
NEVER STOP,NEVER STOP,Official cover art for NEVER STOP.,Unknown,Digital,,Front Cover,Used,https://i.scdn.co/image/ab67616d0000b273473c9119375a19fe98c155a6
IN A PERFECT WORLD,IN A PERFECT WORLD,Official cover art for IN A PERFECT WORLD. Also Ye's profile picture on streaming services. Just a plain white square.,Unknown,Digital,,Front Cover,Unused,https://ibb.co/Mk904yyC
IN A PERFECT WORLD,HALLELUJAH,"Cover for the Spotify upload of ""HALLELUJAH"". Is a blank black square.",Unknown,Digital,,Front Cover,Used,https://ibb.co/39PHKv7t
IN A PERFECT WORLD,ALIVE,"Cover for the Spotify upload of ""ALIVE"". Is a blank black square.",Unknown,Digital,,Front Cover,Used,https://ibb.co/39PHKv7t
IN A PERFECT WORLD,HIT SYMPHONY,"Cover for the Spotify reupload of ""HIT SYMPHONY"". Is a blank black square.",Unknown,Digital,,Front Cover,Used,https://ibb.co/39PHKv7t
IN A PERFECT WORLD,WW3,"Cover for the Spotify reuploads of ""WW3"". Is a blank black square.",Unknown,Digital,,Front Cover,Used,https://ibb.co/39PHKv7t
BULLY [V2],BULLY,"Slightly lighter version of the cover used for release. It features Ye's son, Saint West smiling widely with grills with a black and white filter placed over it. This likely represents Saint's aggressiveness which inspired the album name, with him kicking a kid for being ""weak"" according to Ye in a THE DOWNLOAD interview. The picture was originally taken by Japanese photographer Daidō Moriyama.",Daidō Moriyama,Digital,,Front Cover,Used,https://ibb.co/prQHWSgd
BULLY [V2],BULLY - DELUXE,"Artwork for BULLY - DELUXE. Posted to Ye's Twitter on June 19th, 2026 with the caption ""New cover"". Similar to the original cover, but with a different shot of Saint West's face. The picture was originally taken by Japanese photographer Daidō Moriyama.",Daidō Moriyama,Digital,,Front Cover,Used,https://ibb.co/d02F6dtX
Ongoing,"French Montana & Max B - Unlocked
(feat. Ye)","Cover art for French Montana & Max B's single ""Unlocked"" featuring Ye. Features an AI-generated depiction of the three artists on a basketball court wearing matching blue and orange jackets, with off-center text and a parental advisory logo layered on top.",Unknown,Digital,,Front Cover,Used,https://ibb.co/dssw3b1n
Ongoing,GEMINI SEASON,"Cover art used for the single ""GEMINI SEASON"". Features a cow from the music video standing alone, with mountains in the background.",Bianca Censori,Digital,,Front Cover,Used,https://ibb.co/b57VHnYG
Multi-Era,Unknown [Artworks],"Pierre-Louis Auvray Artwork that leaked March 22nd, 2024 by quincythe (and then another posted by Pierre on Feb 29th, 2024) included artwork from 2020 and all the way up to 2022. Some of these have not been added yet. Josh Bergs leaked camera roll on January 1st, 2024 might also have some unseen artwork.",Unknown,Digital,N/A,Other,Other,
