Era,Name,Notes,File Date,Leak Date,Full Length,BPM,Available Length,Quality,Link(s)
Before The College Dropout,"Beat 1
(prod. Kanye West)","Track 1 from the September 1997 demo beat tape. Samples the song ""The World Is a Ghetto"" by George Benson and the Common vs. Kanye freestyle battle.",,"May 22, 2016",1:44,84,Full,High Quality,https://imgur.gg/f/kpD5dc3
Before The College Dropout,"Beat 1
(prod. Kanye West)
(Respect Carter)","Track 1 from the 2001 26-track beat CD. An updated version would later be given to Geda K for the song ""Respect Carter"".",,"Mar 29, 2011",1:35,100,Full,High Quality,https://imgur.gg/f/n0qDvSU
Before The College Dropout,"Beat 1
(prod. Kanye West)",Track 1 from the 2001 19-track beat CD.,,"Apr 4, 2011",1:49,95,Full,High Quality,https://imgur.gg/f/n0qDvSU
Before The College Dropout,"Beat 2
(prod. Kanye West)
(City To City)","Track 2 from the September 1997 demo beat tape. Would later be given to Grav for the song ""City To City"", with the first few seconds of the instrumental missing from the final version.",,"May 22, 2016",1:22,89,Full,High Quality,https://imgur.gg/f/BpO4dfy
Before The College Dropout,"Beat 2
(prod. Kanye West)","Track 2 from the 2001 26-track beat CD. Samples the song ""Best Thing That Ever Happened To Me"" by Gladys Knight & the Pips.",,"Mar 29, 2011",1:56,87,Full,High Quality,https://imgur.gg/f/s1eqAa9
Before The College Dropout,"Beat 2
(prod. Kanye West)",Track 2 from the 2001 19-track beat CD.,,"Apr 4, 2011",1:29,101,Full,High Quality,https://imgur.gg/f/RozTDOt
Before The College Dropout,"Beat 3
(prod. Kanye West)","Track 3 from the September 1997 demo beat tape. Samples the songs ""The Infamous Prelude"" by Mobb Deep and ""Melodies of Love"" by Joe Sample.",,"May 22, 2016",1:40,90,Full,High Quality,https://imgur.gg/f/vBBPP60
Before The College Dropout,"Beat 3
(prod. Kanye West)
(Got Nowhere)","Track 3 from the 2001 26-track beat CD. Would later be given to Beanie Sigel & Freeway for the song ""Got Nowhere"".",,"Mar 29, 2011",3:14,87,Full,High Quality,https://imgur.gg/f/3K7gd6V
Before The College Dropout,"Beat 3
(prod. Kanye West)
(I Swear)","Track 3 from the 2001 19-track beat CD. An updated version would later be given to Petey Pablo for the song ""I Swear"".",,"Apr 4, 2011",1:53,96,Full,High Quality,https://imgur.gg/f/FwqSUM2
Before The College Dropout,"Beat 4
(prod. Kanye West)
(Just You And I)","Track 4 from the September 1997 demo beat tape. An updated version would later be given to Mad Men for the song ""Just You And I"".",,"May 22, 2016",1:22,84,Full,High Quality,https://imgur.gg/f/tdR9cMy
Before The College Dropout,"Beat 4
(prod. Kanye West)","Track 4 from the 2001 26-track beat CD. Samples the song ""Just Because I Really Love You"" by Jerry Butler.",,"Mar 29, 2011",2:06,93,Full,High Quality,https://imgur.gg/f/UJXSrNA
Before The College Dropout,"Beat 4
(prod. Kanye West)
(600)","Track 4 from the 2001 19-track beat CD. An updated version would later be given to Boo & Gotti for the song ""600"".",,"Apr 4, 2011",3:30,99,Full,High Quality,https://imgur.gg/f/CxM9mfm
Before The College Dropout,"Beat 5
(prod. Kanye West)","Track 5 from the September 1997 demo beat tape. Samples the songs ""Fly Fo Life"" by Suga Free and ""Guess You Didn't Know"" by One Way.",,"May 22, 2016",1:53,83,Full,High Quality,https://imgur.gg/f/ftzCvWZ
Before The College Dropout,"Beat 5
(prod. Kanye West)",Track 5 from the 2001 26-track beat CD.,,"Mar 29, 2011",2:57,88,Full,High Quality,https://pillows.su/f/a8dff9f276c235d890811cff1f23d35a
Before The College Dropout,"Beat 5
(prod. Kanye West)",Track 5 from the 2001 19-track beat CD.,,"Apr 4, 2011",3:31,96,Full,High Quality,https://imgur.gg/f/YFHJhLm
Before The College Dropout,"Beat 5
(prod. Kanye West)
(We F'ed Up, We Ridin')","Beat made for ""Takeover"", in 2001. Was recorded over by J Dilla without Kanye knowing in 2003 and in 2004 by Grafh. Unknown if JAŸ-Z recorded for this.",,,1:09,93,Full,High Quality,https://imgur.gg/f/nrMmRh2
Before The College Dropout,"Beat 6
(prod. Kanye West)
(What You Do To Me)","Track 6 from the September 1997 demo beat tape. An updated version would later be given to Infamous Syndicate for the song ""What You Do To Me"".",,"May 22, 2016",1:37,93,Full,High Quality,https://imgur.gg/f/goj4zXc
Before The College Dropout,"Beat 6
(prod. Kanye West)",Track 6 from the 2001 26-track beat CD.,,"Mar 29, 2011",3:58,82,Full,High Quality,https://imgur.gg/f/GV4D12X
Before The College Dropout,"Beat 6
(prod. Kanye West)
(Birds & The Bees, The Birds & The Bees, Nobody Loves Me)","Track 6 from the 2001 19-track beat CD. Would later be given to Lupe Fiasco for the unreleased song ""Birds & The Bees"". However, the song never ended up releasing and Kanye ended up giving the beat to Joe Budden for the song ""Nobody Loves Me"".",,,4:03,88,Full,CD Quality,https://imgur.gg/f/Cz2NINr
Before The College Dropout,"Beat 7
(prod. Kanye West)","Track 7 from the September 1997 demo beat tape. Samples the song ""Here We Go"" by Minnie Riperton.",,"May 22, 2016",1:53,87,Full,High Quality,https://imgur.gg/f/iiUwywc
Before The College Dropout,"Beat 7
(prod. Kanye West)",Track 7 from the 2001 26-track beat CD.,,"Mar 29, 2011",2:19,101,Full,High Quality,https://imgur.gg/f/UScDIQx
Before The College Dropout,"Beat 7
(prod. Kanye West)",Track 7 from the 2001 19-track beat CD.,,"Apr 4, 2011",0:12,119,Full,High Quality,https://imgur.gg/f/8cTXgKZ
Before The College Dropout,"Beat 8
(prod. Kanye West)","Track 8 from the September 1997 demo beat tape. Samples the song ""Just Memories"" by Eddie Kendricks.",,"May 22, 2016",3:07,91,Full,High Quality,https://imgur.gg/f/vabVK1v
Before The College Dropout,"Beat 8
(prod. Kanye West)",Track 8 from the 2001 26-track beat CD.,,"Mar 29, 2011",2:13,94,Full,High Quality,https://imgur.gg/f/gK2TrrX
Before The College Dropout,"Beat 8
(prod. Kanye West)",Track 8 from the 2001 19-track beat CD.,,"Apr 4, 2011",1:46,90,Full,High Quality,https://imgur.gg/f/kc0ycN4
Before The College Dropout,"Beat 9
(prod. Kanye West)
(What Can I Do)","Track 9 from the 2001 26-track beat CD. An updated versionl would later be given to Shawnna for the song ""What Can I Do"".",,"Mar 29, 2011",1:39,114,Full,High Quality,https://imgur.gg/f/7gxSZmN
Before The College Dropout,"Beat 9
(prod. Kanye West)",Track 9 from the 2001 19-track beat CD.,,"Apr 4, 2011",0:11,123,Full,High Quality,https://imgur.gg/f/QiXpsPc
Before The College Dropout,"Beat 10
(prod. Kanye West)
(Let's Get Lifted)","Track 10 from the 26 track 2001 beat CD. An updated version would later be given to John Legend for the song ""Let's Get Lifted"".",,"Mar 29, 2011",1:51,87,Full,High Quality,https://imgur.gg/f/D6m4ZhK
Before The College Dropout,"Beat 10
(prod. Kanye West)","Track 10 from the 2001 19-track beat CD. Samples the song ""(When I'm With You) Everything's Cool"" by Jerry Butler.",,"Apr 4, 2011",1:58,88,Full,High Quality,https://imgur.gg/f/3ZkNxfu
Before The College Dropout,"Beat 11
(prod. Kanye West)","Track 11 from the 2001 26-track beat CD. Samples the song ""Just Memories"" by Eddie Kendricks.",,"Mar 29, 2011",1:27,94,Full,High Quality,https://imgur.gg/f/ODAR0Eg
Before The College Dropout,"Beat 11
(prod. Kanye West)",Track 11 from the 2001 19-track beat CD.,,"Apr 4, 2011",3:43,95,Full,High Quality,https://imgur.gg/f/aHLRccN
Before The College Dropout,"Beat 12
(prod. Kanye West)",Track 12 from the 2001 26-track beat CD.,,"Mar 29, 2011",1:39,99,Full,High Quality,https://imgur.gg/f/g00ddyM
Before The College Dropout,"Beat 12
(prod. Kanye West)",Track 12 from the 2001 19-track beat CD.,,"Apr 4, 2011",3:34,90,Full,High Quality,https://imgur.gg/f/e3Od8Jp
Before The College Dropout,"Beat 13
(prod. Kanye West)
(Fuck Ya'll Niggas, Guerrilla Monsoon Rap)","Track 13 from the 2001 26-track beat CD. Would later be given to Diddy for the song ""Fuck Ya'll Niggas"" and Talib Kweli for the song ""Guerrilla Monsoon Rap"".",,"Mar 29, 2011",3:11,91,Full,High Quality,https://imgur.gg/f/MUmZt4V
Before The College Dropout,"Beat 13
(prod. Kanye West)",Track 13 from the 2001 19-track beat CD.,,"Apr 4, 2011",2:56,105,Full,High Quality,https://imgur.gg/f/DY9hHtt
Before The College Dropout,"Beat 14
(prod. Kanye West)
(Payback)","Track 14 from the 2001 26-track beat CD. It is an earlier version of the ""Payback"" instrumental",,"Mar 29, 2011",3:58,84,Full,High Quality,https://imgur.gg/f/MfNSPRu
Before The College Dropout,"Beat 14
(prod. Kanye West)",Track 14 from the 2001 19-track beat CD.,,"Apr 4, 2011",2:48,91,Full,High Quality,https://imgur.gg/f/5omZqsL
Before The College Dropout,"Beat 15
(prod. Kanye West)",Track 15 from the 2001 26-track beat CD.,,"Mar 29, 2011",3:41,96,Full,High Quality,https://imgur.gg/f/kJimwcE
Before The College Dropout,"Beat 15
(prod. Kanye West)",Track 15 from the 2001 19-track beat CD.,,"Apr 4, 2011",2:06,90,Full,High Quality,https://imgur.gg/f/PYeqQOH
Before The College Dropout,"Beat 16
(prod. Kanye West)",Track 16 from the 2001 26-track beat CD.,,"Mar 29, 2011",2:34,87,Full,High Quality,https://pillows.su/f/456cb7be7b235eadf907ad432bd51ba3
Before The College Dropout,"Beat 16
(prod. Kanye West)",Track 16 from the 2001 19-track beat CD.,,"Apr 4, 2011",3:51,96,Full,High Quality,https://imgur.gg/f/mJxU3Xp
Before The College Dropout,"Beat 17
(prod. Kanye West)","Track 17 from the 2001 26-track beat CD. Samples the song ""The Rovin' Kind"" by The Originals.",,"Mar 29, 2011",2:31,97,Full,High Quality,https://imgur.gg/f/5hXSA9d
Before The College Dropout,"Beat 17
(prod. Kanye West)",Track 17 from the 2001 19-track beat CD.,,"Apr 4, 2011",2:13,94,Full,High Quality,https://imgur.gg/f/Ci4tKUz
Before The College Dropout,"Beat 18
(prod. Kanye West)
(Sunshine)","Track 18 from the 2001 26-track beat CD. Would later be given to Mos Def for the song ""Sunshine"".",,"Mar 29, 2011",3:19,87,Full,High Quality,https://imgur.gg/f/dcKnUYu
Before The College Dropout,"Beat 18
(prod. Kanye West)",Track 18 from the 2001 19-track beat CD.,,"Apr 4, 2011",3:02,90,Full,High Quality,https://imgur.gg/f/U1HXQVa
Before The College Dropout,"Beat 19
(prod. Kanye West)",Track 19 from the 2001 26-track beat CD.,,"Mar 29, 2011",3:06,79,Full,High Quality,https://pillows.su/f/3dc5dc6c78f7674f88703ee7ad8216ae
Before The College Dropout,"Beat 20
(prod. Kanye West)",Track 20 from the 2001 26-track beat CD.,,"Mar 29, 2011",4:04,90,Full,High Quality,https://imgur.gg/f/m7If3wq
Before The College Dropout,"Beat 21
(prod. Kanye West)",Track 21 from the 2001 26-track beat CD.,,"Mar 29, 2011",3:10,90,Full,High Quality,https://pillows.su/f/525106446dd403356ef01922945c465b
Before The College Dropout,"Beat 22
(prod. Kanye West)",Track 22 from the 2001 26-track beat CD.,,"Mar 29, 2011",4:09,85,Full,High Quality,https://imgur.gg/f/xOoAbtJ
Before The College Dropout,"Beat 23
(prod. Kanye West)",Track 23 from the 2001 26-track beat CD.,,"Mar 29, 2011",3:11,96,Full,High Quality,https://imgur.gg/f/vaE7nad
Before The College Dropout,"Beat 24
(prod. Kanye West)",Track 24 from the 2001 26-track beat CD.,,"Mar 29, 2011",1:33,89,Full,High Quality,https://imgur.gg/f/LfHtm3b
Before The College Dropout,"Beat 25
(prod. Kanye West)","Track 25 from the 2001 26-track beat CD. Samples the song ""Main Squeeze"" by Quincy Jones.",,"Mar 29, 2011",1:33,91,Full,High Quality,https://imgur.gg/f/nowmNXV
Before The College Dropout,"Beat 26
(prod. Kanye West)
(Stalker)","Track 26 from the 2001 26-track beat CD. Would later be given to Rhymefest for the song ""Stalker"".",,"Mar 29, 2011",1:16,94,Full,High Quality,https://imgur.gg/f/LIdW1wM
Before The College Dropout,"Heartbeat
(prod. Kanye West)","Used unofficially by Royce Da 5'9"" on his track ""Heartbeat"". Track 15 on the 2001 demo tape, as a bonus track.",,,3:17,86,Full,Low Quality,https://imgur.gg/f/YPSPkk3
Before The College Dropout,"Beanie Sigel - Gangsta, Gangsta
(prod. Kanye West)",Instrumental from the Behind The Beats CD.,,,2:36,89,Full,High Quality,https://imgur.gg/f/pdn95ZZ
Before The College Dropout,"Beanie Sigel - Nothing Like It
(prod. Kanye West)",Instrumental from the Behind The Beats CD.,,,1:40,85,Full,High Quality,https://imgur.gg/f/ZaWG7Ns
Before The College Dropout,"Beanie Sigel - The Truth
(prod. Kanye West)",Instrumental from the Behind The Beats CD.,,,2:34,82,Full,High Quality,https://imgur.gg/f/d5cdlEZ
Before The College Dropout,"Beanie Sigel & Freeway - Got Nowhere
(feat. Kanye West) (prod. Kanye West)",Instrumental from the Behind The Beats CD.,,,1:45,87,Full,High Quality,https://imgur.gg/f/knSruXM
Before The College Dropout,"Cam'ron - Dead Or Alive
(prod. Kanye West)",Instrumental from the Behind The Beats CD.,,,2:30,80,Full,High Quality,https://imgur.gg/f/ym7x141
Before The College Dropout,"Consequence - The Good, The Bad, The Ugly
(prod. Freeway)",Early beat for an early Consequence song that Kanye would later record on.,,,4:02,85,Full,Low Quality,https://www.youtube.com/watch?v=sA3TpJzsFHc
Before The College Dropout,"Foxy Brown - My Life
(prod. Deric ""D-Dot"" Angelettie & Kanye West)",Instrumental from the Behind The Beats CD.,,,1:24,95,Full,High Quality,https://imgur.gg/f/c0wxgRN
Before The College Dropout,"Geda K - Respect Carter
(prod. Kanye West)",Instrumental from the Behind The Beats CD.,,,1:18,100,Full,High Quality,https://imgur.gg/f/CJB3rNE
Before The College Dropout,"Harlem World - You Made Me
(prod. Kanye West)",Instrumental from the Behind The Beats CD.,,,1:14,95,Full,High Quality,https://imgur.gg/f/WJwGeA5
Before The College Dropout,"Infamous Syndicate - What You Do To Me
(feat. Frank Williams, Jr. & Kanye West)","Partial instrumental, however a lot of the vocals are unmuted. Censored.",,,5:03,94,Partial,CD Quality,https://imgur.gg/f/QhzlNvo
Before The College Dropout,"JAŸ-Z - Heart Of The City (Ain't No Love)
(prod. Kanye West)",Instrumental from the Behind The Beats CD.,,,2:24,85,Full,High Quality,https://imgur.gg/f/IDLC0iA
Before The College Dropout,"JAŸ-Z - Izzo (H.O.V.A.)
(prod. Kanye West)",Instrumental from the Behind The Beats CD.,,,1:31,87,Full,High Quality,https://imgur.gg/f/NGnN1bi
Before The College Dropout,"JAŸ-Z - Never Change
(feat. Kanye West) (prod. Kanye West)",Instrumental from the Behind The Beats CD.,,,2:34,85,Full,High Quality,https://imgur.gg/f/MLdBemO
Before The College Dropout,"JAŸ-Z - Takeover
(prod. Kanye West)",Instrumental from the Behind The Beats CD.,,,4:03,86,Full,High Quality,https://imgur.gg/f/rRTvMuo
Before The College Dropout,"JAŸ-Z - This Can't Be Life
(prod. Kanye West)",Instrumental from the Behind The Beats CD.,,,2:28,84,Full,High Quality,https://imgur.gg/f/yFOxmqa
Before The College Dropout,"Mystic - Breathe (Better Days)
(feat. Donnell Jones) (prod. Kanye West)",Instrumental.,,,4:32,96,Full,High Quality,https://imgur.gg/f/92LIwq1
Before The College Dropout,"Scarface - Guess Who's Back
(prod. Kanye West)",Offical instrumental.,,,3:56,86,Full,High Quality,https://imgur.gg/f/TClmhsN
Before The College Dropout,"Scarface - In Cold Blood
(prod. Kanye West)",Instrumental from the Behind The Beats CD.,,,1:47,83,Full,High Quality,https://imgur.gg/f/XYLmmpC
The College Dropout,"Jesus Walks
(feat. John Legend) (prod. Kanye West)","OG Filename: Jesus Walks @ 87.4 BPM
Multitrack stems for an alternate version of the instrumental. Original snippet posted March 5th, 2024. Dated in 2013 as they were reused for the Yeezus tour.","Oct 11, 2013","Sep 24, 2026",3:42,87.4,OG File,Lossless,https://pillows.su/f/bc7690c7126eed4b2bc67ec6123bfd14
The College Dropout,"All Falls Down
(feat. Syleena Johnson)",Official acapella.,,,3:32,90.3,Full,CD Quality,https://imgur.gg/f/ojvBzvC
The College Dropout,"Get Em High
(feat. Talib Kweli & Common)",Official acapella.,,,4:50,85,Full,CD Quality,https://imgur.gg/f/dO9KP3a
The College Dropout,"Heavy Hitters
(feat. GLC & Rude Jude)",Official acapella.,,,4:06,87,Full,High Quality,https://imgur.gg/f/zIc9IMz
The College Dropout,"Jesus Walks
(feat. John Legend)","OG Filename: Jesus Walks - Kanye Lead Vox
Leaked acapella. Missing the spoken intro and cuts off abruptly.",,"Sep 24, 2026",1:39,87.4,OG File,Lossless,https://imgur.gg/f/0v2L388
The College Dropout,"Jesus Walks
(feat. John Legend)",Official acapella. Missing the spoken intro.,,"Aug 24, 2022",3:15,87.4,OG File,Lossless,https://imgur.gg/f/EyQcmB0
The College Dropout,"Jesus Walks
(feat. John Legend)","Official acapella. Vinyl rip, but contains the spoken intro.",,,4:55,87.4,Full,High Quality,https://imgur.gg/f/bD6c8hC
The College Dropout,"Jesus Walks (Remix)
(feat. Mase & Common)",Leaked acapella for the official remix.,,,3:51,87.4,Full,High Quality,https://imgur.gg/f/xG8DcaC
The College Dropout,The New Workout Plan,Official acapella.,,,5:27,118,Full,Lossless,https://imgur.gg/f/WGwuFyb
The College Dropout,Through The Wire,Official acapella. All spoken word bits are cut out.,,,2:02,83,Full,High Quality,https://imgur.gg/f/ohRhh4T
The College Dropout,"Two Words
(feat. Mos Def, Freeway & The Boys Choir of Harlem)",Official acapella. All spoken word bits are cut.,,,3:38,85.1,Full,High Quality,https://imgur.gg/f/4uSAiCj
The College Dropout,"Brandy - Talk About Our Love
(feat. Kanye West)",Official acapella.,,,3:35,101,Full,High Quality,https://imgur.gg/f/ODEGFrm
The College Dropout,"Dilated Peoples - This Way
(feat. Kanye West)",Official acapella.,,,3:57,86,Full,CD Quality,https://imgur.gg/f/2v0Drhu
The College Dropout,JAŸ-Z - Lucifer,Official acapella. produced by Kanye West.,,,3:13,171,Full,Lossless,https://imgur.gg/f/8cThXCC
The College Dropout,"JAŸ-Z - The Bounce
(feat. Kanye West)",Official acapella.,,,3:34,95,Full,High Quality,https://imgur.gg/f/tHM1Nld
The College Dropout,"JAŸ-Z - Encore
(feat. Kanye West, Don Crawley, John Legend & GLC) (prod. Kanye West)",Official acapella.,,,3:31,99,Full,Lossless,https://imgur.gg/f/8tP9Hxd
The College Dropout,"Malik Yusef - Wouldn't You Like To...
(feat. Kanye West & Common)
(Wouldn't You Like To Ride)",Official acapella.,,,3:45,126,Full,CD Quality,https://imgur.gg/f/dMb6Ekx
The College Dropout,"Marc Spitz - No More For Me
(feat. Kanye West)","A recording of Kanye performing his verse. acapella. Featured in a collection called ""The Best Of Kanye West Vol. 3"" and is Track 21.",,,1:00,87,Full,High Quality,https://imgur.gg/f/p7OrXyv
The College Dropout,"Slum Village - Selfish
(feat. Kanye West & John Legend)",Official acapella.,,,3:45,96,Full,CD Quality,https://imgur.gg/f/ymh5hJT
The College Dropout,"Twista - Overnight Celebrity
(feat. Kanye West)",Official acapella.,,,3:39,134,Full,CD Quality,https://imgur.gg/f/PuZCsyY
The College Dropout,"USHER - Confessions Pt. II (Remix)
(feat. Kanye West, Shyne & Twista)",Official acapella.,,,4:24,138,Full,High Quality,https://imgur.gg/f/Xk5fhdG
The College Dropout,"White Boy - U Know
(feat. Kanye West & John Legend)",Official acapella. Clean.,,,4:03,69,Full,CD Quality,https://imgur.gg/f/mCDW09c
The College Dropout,"All Falls Down
(prod. Kanye West)",Official instrumental. Vinyl rip.,,,3:41,90.3,Full,Lossless,https://imgur.gg/f/RBFwO0K
The College Dropout,"Breathe In, Breathe Out
(prod. Kanye West)",Official instrumental. Vinyl rip.,,,4:09,90,Full,Lossless,https://imgur.gg/f/c8dnacH
The College Dropout,"Family Business
(prod. Kanye West)",Official instrumental. Vinyl rip.,,,4:41,93.7,Full,Lossless,https://imgur.gg/f/3cvdiz7
The College Dropout,"Get Em High
(prod. Kanye West)",Official instrumental. Vinyl rip.,,,4:51,85,Full,Lossless,https://imgur.gg/f/YrSFJbs
The College Dropout,"Improvise
(prod. Kanye West)","2002 instrumental loop used in sessions for The College Dropout. Later sampled in songs by artists such as J. Cole, A$AP Rocky, and Tyler, The Creator. Also used in Monica's 2003 song ""Knock Knock"", with co-production from Missy Elliot.",,,2:31,91,Tagged,High Quality,https://imgur.gg/f/VVGgk9B
The College Dropout,"Jesus Walks
(feat. John Legend) (prod. Kanye West)",Leaked early instrumental. Has different backing vocals.,,"Sep 24, 2026",3:24,87.4,Stem Bounce,Lossless,https://imgur.gg/f/kFNWLRL
The College Dropout,"Jesus Walks
(prod. Kanye West)",Leaked official instrumental.,,"Aug 24, 2022",3:15,87.4,OG File,Lossless,https://imgur.gg/f/bNS5ARk
The College Dropout,"Jesus Walks
(prod. Kanye West)",Official instrumental. Vinyl rip.,,,3:18,87.4,Full,Lossless,https://imgur.gg/f/zkaYWaX
The College Dropout,"Last Call
(prod. Kanye West)",Official instrumental. Fades out after 4 minutes. Vinyl rip.,,,4:28,87.9,Partial,Lossless,https://imgur.gg/f/RziA7O9
The College Dropout,"Never Let Me Down
(prod. Kanye West)",Official instrumental. Vinyl rip.,,,5:28,80,Full,Lossless,https://imgur.gg/f/tpBKaqG
The College Dropout,"School Spirit
(prod. Kanye West)",Official instrumental. Vinyl rip.,,,3:08,87.8,Full,Lossless,https://imgur.gg/f/fofpCCU
The College Dropout,"Slow Jamz
(prod. Kanye West & AllDay)",Official instrumental. Vinyl rip.,,,4:55,145.3,Full,Lossless,https://imgur.gg/f/uWnNdUz
The College Dropout,"Spaceship
(prod. Kanye West)",Official instrumental. Vinyl rip.,,,5:26,89.1,Full,Lossless,https://imgur.gg/f/h6jNEak
The College Dropout,"The New Workout Plan
(prod. Kanye West)",Official instrumental. Vinyl rip.,,,5:22,118,Full,Lossless,https://imgur.gg/f/UYTqrJR
The College Dropout,"Through The Wire
(prod. Kanye West)",Official instrumental. Vinyl rip.,,,3:44,83,Full,Lossless,https://imgur.gg/f/Per081C
The College Dropout,"Two Words
(prod. Kanye West)
(2 Words)",Official instrumental. Vinyl rip.,,,4:27,85.1,Full,Lossless,Link Needed
The College Dropout,"Two Words
(prod. Kanye West)
(2 Words)","Instrumental from the Behind The Beats CD. Similar to release, but stripped down, and is missing all the orchestral elements.",,,3:21,85.1,Full,High Quality,https://imgur.gg/f/ZFBmzaW
The College Dropout,"We Don't Care
(prod. Kanye West)
(Drug Dealin')",Official instrumental. Vinyl rip.,,,4:03,83.2,Full,Lossless,https://imgur.gg/f/BnHBGOl
The College Dropout,"Whole Life
(Peace)",Official instrumental.,,,2:08,84,Full,High Quality,https://imgur.gg/f/wQ83wbR
The College Dropout,"???
(Can't Nobody, Knick Inna Optik, The Beginning)","Used on an early The College Dropout copy as the intro. Samples the song ""Can't Nobody Love Me Like You Do"" by The Masquerders. Beat was later given to rappers Sentino and Gravy before finally ending up with Apathy.",,,3:54,88,Full,CD Quality,https://imgur.gg/f/Z5ZeQu6
The College Dropout,"Alicia Keys - You Don't Know My Name
(prod. Kanye West)",Official instrumental.,,,6:09,167,Full,High Quality,https://imgur.gg/f/dMF5RCZ
The College Dropout,"Brandy - Talk About Our Love
(prod. Kanye West)",Official instrumental.,,,3:33,101,Full,CD Quality,https://imgur.gg/f/QUzC8b4
The College Dropout,"Dame Dash, Kanye West, Beanie Sigel, Cam'ron, Young Chris & Twista - Champions
(prod. Dame Dash & Kanye West)",Instrumental from the Behind The Beats CD.,,,3:57,76,Full,High Quality,https://imgur.gg/f/eePCOMr
The College Dropout,"Hot Karl - Armand Assante
(prod. Kanye West)",Official instrumental.,,,3:13,100,Full,CD Quality,https://open.spotify.com/track/7D6PaRc37JQALrMamQMJvP?si=28090d71bc864d34
The College Dropout,Hot Karl - Blao! (Celph Titled Mix),Official instrumental.,,,4:15,95,Full,CD Quality,https://open.spotify.com/track/1q40rNUN9JJcFJyMt51shu?si=7cd7b882e5dc495d
The College Dropout,Hot Karl - Blao! (Og Mix),Official instrumental.,,,4:13,190,Full,CD Quality,https://open.spotify.com/track/6rexCEGpT51vPXB4xhlP3p?si=67e0faa6ba4e4f03
The College Dropout,"JAŸ-Z - 03' Bonnie & Clyde
(prod. Kanye West)",Instrumental from the Behind The Beats CD.,,,1:57,89,Full,High Quality,https://imgur.gg/f/k1oFBQa
The College Dropout,"JAŸ-Z - A Dream
(prod. Kanye West & Just Blaze)",Instrumental from the Behind The Beats CD.,,,3:12,86,Full,High Quality,https://imgur.gg/f/CsCNRst
The College Dropout,"JAŸ-Z - Poppin' Tags
(prod. Kanye West)",Instrumental from the Behind The Beats CD.,,,2:22,73,Full,High Quality,https://imgur.gg/f/pi618fv
The College Dropout,"JAŸ-Z - Some People Hate
(prod. Kanye West)",Instrumental from the Behind The Beats CD.,,,2:21,61,Full,High Quality,https://imgur.gg/f/lsd7Huv
The College Dropout,"Lil' Kim - Came Back For You
(prod. Kanye West)",Instrumental from the Behind The Beats CD.,,,2:29,87,Full,High Quality,https://imgur.gg/f/GmzMoUc
The College Dropout,"Monica - Knock Knock
(prod. Kanye West & Missy Elliott)",Official instrumental.,,,4:18,89,Full,Lossless,https://imgur.gg/f/GkCyEKS
The College Dropout,"Mos Def - Brown Sugar (Fine)
(prod. Kanye West)",Instrumental from the Behind The Beats CD.,,,1:06,97,Full,High Quality,https://imgur.gg/f/VNG2IGH
The College Dropout,"Talib Kweli - Get By
(prod. Kanye West)",Official instrumental.,,,3:47,91,Full,Lossless,https://imgur.gg/f/GXCAcnJ
The College Dropout,"Talib Kweli - Good To You
(prod. Kanye West)",Instrumental from the Behind The Beats CD.,,,2:22,87,Full,High Quality,https://imgur.gg/f/uWLfy1W
The College Dropout,"Talib Kweli - Guerrilla Monsoon Rap
(feat. Black Thought, Pharoahe Monch & Kanye West) (prod. Kanye West)",Instrumental from the Behind The Beats CD.,,,2:06,60,Full,High Quality,https://imgur.gg/f/j2MOzQV
The College Dropout,"Trina - B R Right                  
(prod. Kanye West)",Official instrumental.,,,4:02,136,Full,Lossless,https://imgur.gg/f/dxcdilO
The College Dropout,"Twista - Overnight Celebrity
(feat. Kanye West)",Official instrumental.,,,3:55,134,Full,CD Quality,https://imgur.gg/f/lIA93ed
The College Dropout,White Boy - U Know,Official instrumental.,,,4:05,69,Full,Lossless,https://imgur.gg/f/CQGtYHx
Late Registration,"Diamonds From Sierra Leone
(prod. Devo Springsteen, Jon Brion & Kanye West)","OG Filename: KW - Diamonds Stems
Official explicit & clean stems. ProTools session files however it has no raw recordings, just stems and a few bounces. From March 21st, 2008, for some unknown reason. Original snippet leaked December 23rd, 2024.","Mar 21, 2008","Feb 25, 2025",4:04,97.1,OG File,Lossless,"https://pillows.su/f/1d61840eeee66cf0d2445a0d0a71b816
https://pixeldrain.com/u/qU7ubFPh"
Late Registration,Diamonds From Sierra Leone,"Official acapella, included on various promotional releases of the single.",,"Jun 21, 2005",3:18,97.1,Full,CD Quality,https://imgur.gg/f/na5KH4I
Late Registration,"Gold Digger
(feat. Jamie Foxx)","OG Filename: Gold Digger Aca L
Official acapella for the explicit version. Only the left part.","Oct 20, 2005",,3:31,92.5,OG File,Lossless,https://imgur.gg/f/25YQDHL
Late Registration,"Heard 'Em Say
(feat. Adam Levine & The WRLDFMS Tony Williams)","Acapella. Unknown as to why it's almost a minute and a half shorter than the released version, though it may be for a TV Track.",,,2:01,95.1,OG File,Lossless,https://imgur.gg/f/FlyW4Eg
Late Registration,"Touch The Sky
(feat. Lupe Fiasco)",Official acapella.,,,3:56,106.8,Full,CD Quality,https://imgur.gg/f/O6ejpR9
Late Registration,"We Major
(feat. Nas & Really Doe)","Leaked acapella. Features all verses, but stops after 5 minutes.",,,4:48,85.49,Partial,CD Quality,https://imgur.gg/f/MLrQVKL
Late Registration,"Common - The Corner
(feat. Kanye West) (prod. Kanye West)",Official acapella.,,,3:34,156,Full,CD Quality,"https://open.spotify.com/track/4MuK3GlXoKkVioicS1qbgf
Lossless Needed"
Late Registration,"Do Or Die - Higher
(feat. Kanye West)",Official acapella.,,,3:14,75,Full,High Quality,https://imgur.gg/f/YGhFmuM
Late Registration,"John Legend - Number One
(feat. Kanye West)",Official acapella.,,,2:41,88,Full,CD Quality,https://imgur.gg/f/KMcrfYl
Late Registration,Crack Music,"Leaked acapella of a performance of the song. The exact source of this performance is unknown, but as no backing track can be heard in the bleed in, it's safe to assume that the acapella was the only thing being performed, and there were no backing instruments. Clean.",,,1:42,84,Full,CD Quality,https://imgur.gg/f/rhjizXf
Late Registration,"Diamonds From Sierra Leone
(prod. Kanye West, Jon Brion & Devo Springsteen)",Official instrumental.,,,4:01,97.1,Full,Lossless,https://imgur.gg/f/034Bp5G
Late Registration,"Diamonds From Sierra Leone (Remix)
(prod. Kanye West, Jon Brion & Devo Springsteen)","Official instrumental for the remix, ripped from a promotional CD.",,,3:32,97.1,Full,CD Quality,https://imgur.gg/f/qDtzipC
Late Registration,Gold Digger,Official instrumental.,,,3:13,92.5,Full,Lossless,https://imgur.gg/f/ykEjwf6
Late Registration,Heard 'Em Say,Official instrumental.,,,3:25,95.1,Full,Lossless,https://imgur.gg/f/3PNSXVl
Late Registration,Heard 'Em Say,"Instrumental. Unknown as to why it's almost a minute and a half shorter than the released version, though it's maybe for a TV Track.",,,2:01,95.1,Full,Lossless,https://imgur.gg/f/AocOjTY
Late Registration,Roses,Official instrumental.,,,4:13,140,Full,CD Quality,https://imgur.gg/f/8OU2l3e
Late Registration,Touch The Sky,Official instrumental.,,,3:57,106.8,Full,Lossless,https://imgur.gg/f/cbT1mqd
Late Registration,"Cam'ron - Down and Out
(prod. AllDay)","Official instrumental, which features Kanye.",,,4:20,83,Full,CD Quality,https://imgur.gg/f/w4mmCFx
Late Registration,"Common - Be [Album]
(exec. prod. Kanye West)",Zip of vinyl rips for all instrumentals from Be.,,,,Varied,Full,CD Quality,Link needed
Late Registration,"Common - Be
(prod. Kanye West)",Official instrumental. Vinyl rip and inverted for whatever reason.,,,2:30,94,Full,Lossless,https://imgur.gg/f/1dKKYxj
Late Registration,"Common - Chi-City
(feat. Kanye West) (prod. Kanye West, DJ A-Trak & DJ Dummy)",Official instrumental.,,,3:29,89,Full,CD Quality,https://open.spotify.com/track/08y0b0ZgbFxWyYyvfO2DuB?si=7972bdd441cf4676
Late Registration,"Common - GO!
(feat. Kanye West & John Mayer) (prod. Kanye West & A-Trak)",Official instrumental.,,,3:46,105,Full,CD Quality,https://open.spotify.com/track/0TspiJ5JgALNPoScLthjta?si=b54608bc8ec84a6f
Late Registration,"Common - Faithful
(feat. John Legend & Bilal) (prod. Kanye West)",Official instrumental.,,,3:35,91,Full,CD Quality,https://open.spotify.com/track/1IOe7mYGwvDsPeXJwWdNEn?si=ccd4e7f6255b4442
Late Registration,"Common - It's Your World - Part 1 & 2
(feat. Bilal, The Kids & Lonnie ""Pops"" Lynn) (prod. James Poyser, Karriem Riggins & J. Dilla)",Official instrumental.,,,8:34,90,Full,CD Quality,https://open.spotify.com/track/3VDyy2aEMBzKK4Zrq2Vl0T?si=e7016a12522f497c
Late Registration,"Common - Let It Be Known
(prod. Kanye West)",Leaked instrumental of a cut song from Be by Common.,,,1:15,91,Full,High Quality,https://imgur.gg/f/ra0FMLO
Late Registration,"Common - Real People
(prod. Kanye West)",Official instrumental.,,,2:50,92,Full,CD Quality,https://open.spotify.com/track/6q2qO4YI0RPCsVYASQPsKy?si=d9c156da11884fad
Late Registration,"Common - Testify
(prod. Kanye West)",Official instrumental.,,,2:39,87,Full,CD Quality,https://open.spotify.com/track/0Z15Za4Y7jfNLmoSi3NSGq?si=b87fa50e108446e8
Late Registration,"Common - They Say
(feat. John Legend & Kanye West) (prod. Kanye West)",Official instrumental.,,,4:04,95,Full,CD Quality,https://open.spotify.com/track/696XjwR9hfuEAIk8huTr9j?si=c401eb3a1de84f56
Late Registration,"Common - The Corner
(prod. Kanye West)",Official instrumental.,,,3:44,156,Full,CD Quality,https://imgur.gg/f/7ULqSWg
Late Registration,"Common - The Food
(feat. Kanye West) (prod. Kanye West)",Official instrumental.,,,3:39,88,Full,CD Quality,https://open.spotify.com/track/3Og2avHxFGLcXlfz6Pl5dF?si=ead0ce15f9a8426e
Late Registration,"Do Or Die - Higher
(prod. Kanye West)",Official instrumental.,,,3:19,75,Full,CD Quality,https://imgur.gg/f/YkO4A49
Late Registration,"Do Or Die - Paid the Price
(Beat 3)",Official instrumental.,,,3:45,150,Snippet,High Quality,https://imgur.gg/f/yOfkg2P
Late Registration,"Keyshia Cole - I Changed My Mind                                    
(prod. Kanye West, Ron Fair & Tal Herzberg)",Official instrumental.,,,3:23,94,Full,CD Quality,https://imgur.gg/f/dpffpV8
Late Registration,The Game - Whole City Behind Us,Vinyl rip of the instrumental.,,,3:14,86,Full,High Quality,https://imgur.gg/f/LidlJM5
Late Registration,"Young Gunz - Grown Man Pt. 2
(feat. Kanye West & John Legend) (prod. Kanye West)",What appears to be a vinyl rip of the instrumental.,,,3:44,,Full,High Quality,https://imgur.gg/f/gNeRfEd
Graduation,"Champion
(ref. Mos Def, Consequence, Big Sean & ???) (feat. Connie Mitchell & The WRLDFMS Tony Williams) (prod. Kanye West & AllDay)","Sessions for the song. Was supposed to leak after a groupbuy. Said to feature unheard finished Kanye vocals, along with multiple freestyles and additional vocals from Connie Mitchell, Consequence, Mos Def, and Big Sean.",,,,102,Snippet,CD Quality,"https://imgur.gg/f/GbUb3CL
https://imgur.gg/f/kbRJAVb
https://imgur.gg/f/vO70SWg
https://imgur.gg/f/tAt6exf
https://imgur.gg/f/F1Lnu9k"
Graduation,"Classic (Better Than I've Ever Been)
(feat. Nas, Rakim & KRS-One)","Session. Snippet leaked August 5th, 2022.",,"Aug 5, 2022",3:51,97,Snippet,CD Quality,https://imgur.gg/f/HiVfYoV
Graduation,"The Good Life 
(feat. T-Pain, John Legend & Ne-Yo) (prod. Kanye West, MIKE DEAN & Toomp)","Mix session found in engineer Leslie Braithwaite's storage unit. Has ""unreleased verses by Kanye, an unreleased hook by Ne-Yo & T-Pain, outtakes, and more.""","Jul 7, 2007","Aug 22, 2025",,84,Snippet,Recording,"https://imgur.gg/f/lb8veVP
https://imgur.gg/f/8odjxXd
https://ibb.co/vx1tHg6Y"
Graduation,"Stronger
(prod. Kanye West, MIKE DEAN & Timbaland)",Stems that leaked in 2018.,,,5:12,103.976,OG File,Lossless,"https://imgur.gg/f/v0nmf6Q
https://drive.google.com/file/d/1BrryJwRum28k48sHMuBC_V0R9F7TzTw7/view?usp=sharing"
Graduation,"Barry Bonds
(feat. Lil Wayne)",Official acapella. Vinyl rip.,,,3:06,83,Full,High Quality,https://imgur.gg/f/My9T9x6
Graduation,Big Brother,"OG Filename: Big Brother KW APPROVE ACAPELLA_04
Acapella. Leaked after a successful groupbuy.","Aug 13, 2007","Mar 21, 2022",4:50,84,OG File,Lossless,https://imgur.gg/f/YxfAAvC
Graduation,Can't Tell Me Nothing,Official acapella. Top link is the left and right files combined and bottom link is for the seperate acapella + instrumental tracks.,,,4:15,80,Full,Lossless,"https://imgur.gg/f/8sqolOS
https://imgur.gg/f/0WKA5HP"
Graduation,"Classic (Better Than I've Ever Been)
(feat. Nas, Rakim & KRS-One)",Official acapella.,,,3:51,97,Full,High Quality,https://imgur.gg/f/p4mmPm1
Graduation,"Good Life
(feat. T-Pain)",Official acapella.,,,3:28,84.99,Full,High Quality,https://imgur.gg/f/WGxhpaa
Graduation,"Homecoming
(feat. Chris Martin)","OG Filename: HOMECOMING KW APPROVE ACAPELLA_06
Official acapella. Lossless leaked after a successful groupbuy.","Aug 13, 2007","Mar 21, 2022",3:30,87,OG File,Lossless,https://imgur.gg/f/ehWKXfV
Graduation,I Wonder,"OG Filename: I Wonder ACCAPELLA
Acapella. Leaked after a successful groupbuy.","Aug 13, 2007","Mar 21, 2022",4:08,191,OG File,Lossless,https://imgur.gg/f/JmPjLXB
Graduation,Piano,"OG Filename: Vox1_02
Raw vocal take for Kanye's vocals.","Nov 24, 2005","Jul 20, 2025",0:44,88,Full,Lossless,https://imgur.gg/f/tejWzM1
Graduation,"Jamie Foxx - Extravaganza
(feat. Kanye West)",Official acapella.,,,3:52,100,Full,High Quality,https://imgur.gg/f/3gpBd9r
Graduation,"John Legend - Heaven (Remix)
(feat. Pusha T) (prod. Kanye West)",Official acapella. Produced by Kanye.,,,3:44,84,Full,Lossless,https://imgur.gg/f/kGz2lE3
Graduation,"Pharrell Williams - Number One
(feat. Kanye West)",Official acapella.,,,3:54,107,Full,CD Quality,https://imgur.gg/f/4ZVFMTK
Graduation,"Rell - Real Love 
(feat. Kanye West)",Official acapella. Vinyl rip.,,,3:28,96,Full,High Quality,https://imgur.gg/f/GhvLQQj
Graduation,"Rhymefest - Brand New
(feat. Kanye West)",Official acapella.,,,3:40,93,Full,CD Quality,https://imgur.gg/f/880cb9R
Graduation,"Teriyaki Boyz - I Still Love H.E.R. [Kanye Vocal Stem]
(feat. Kanye West)","OG Filename: KW 02
Raw acapella for Kanye's part.","Nov 30, 2006","Mar 12, 2024",0:53,69,OG File,Lossless,https://imgur.gg/f/Otj8CNY
Graduation,"The Game - Wouldn't Get Far
(feat. Kanye West)",Official acapella. Vinyl rip. Clean.,,,3:13,93,Full,CD Quality,https://imgur.gg/f/Hd7hUzv
Graduation,"Barry Bonds
(prod. Nottz)","OG Filenames: bbonds alt &
NOTTZ BEAT INST
Alternate instrumental. Leaked after a successful groupbuy.",,"Mar 21, 2022",4:38,83,OG File,Lossless,https://imgur.gg/f/c3uxW2o
Graduation,"Barry Bonds
(prod. Kanye West & Nottz)",Official instrumental. Vinyl rip.,,,3:23,83,Full,CD Quality,https://imgur.gg/f/dbntDaG
Graduation,"Big Brother
(prod. DJ Toomp)","OG Filename: Big Brother KW APPROVE INSTRUMENTAL_03
Instrumental. Leaked after a successful groupbuy.","Aug 13, 2007","Mar 21, 2022",4:50,84,OG File,Lossless,https://imgur.gg/f/tbJICn9
Graduation,"Bittersweet Poetry
(prod. Kanye West)",Official instrumental.,,,4:00,81,Full,High Quality,https://imgur.gg/f/ZmOcQmI
Graduation,"Can't Tell Me Nothing
(prod. Kanye West & DJ Toomp)",Official instrumental. Top link is the left and right files combined and bottom link is for the seperate acapella + instrumental tracks.,,,4:27,80,Full,Lossless,"https://imgur.gg/f/6bkEsHI
https://imgur.gg/f/0WKA5HP"
Graduation,"Champion
(prod. Brian ""AllDay"" Miller & Kanye West)","OG Filename: CHAMPIONADMIX_INSTRUMENTAL (APRO...
Instrumental. Leaked after a successful groupbuy.","Aug 13, 2007","Mar 21, 2022",2:50,102,OG File,Lossless,https://imgur.gg/f/khY7X5z
Graduation,"Classic (Better Than I've Ever Been)
(prod. DJ Premier)",Official instrumental for the DJ Premier version.,,,4:57,97,Full,Lossless,https://imgur.gg/f/C3AuAPw
Graduation,"Classic (Better Than I've Ever Been)
(prod. Rick Rubin)",Official instrumental for the Rick Rubin version.,,,4:11,97,Full,Lossless,https://imgur.gg/f/fGGrpto
Graduation,"Everything I Am
(scratches by DJ Premier)",Unconfirmed if this is real. Has a small part at 3:02 where you can hear some vocals.,,,3:49,80,Full,High Quality,https://imgur.gg/f/iFN85tl
Graduation,Flashing Lights,"OG Filename: Track 1
Alternate instrumental. Leaked after a successful groupbuy.",,"Mar 21, 2022",3:52,90.5,OG File,Lossless,https://imgur.gg/f/fDXx7At
Graduation,"Flashing Lights
(prod. Kanye West & Eric Hudson)",Official instrumental.,,,3:58,90.5,Full,Lossless,https://imgur.gg/f/Yu7roQn
Graduation,"Good Life
(prod. Kanye West, DJ Toomp & MIKE DEAN)",Official instrumental.,,,3:26,84.99,Full,CD Quality,https://imgur.gg/f/k1yKN2d
Graduation,"Homecoming 
(prod. Kanye West & Harry ""Baby Dubb"" Campbell)","OG Filename: HOMECOMING KW APPROVE INSTRUMENTAL_05
Official instrumental. Lossless leaked after a successful groupbuy.","Aug 13, 2007","Mar 21, 2022",3:30,87,OG File,Lossless,https://imgur.gg/f/5ECCh87
Graduation,"I Wonder
(prod. Kanye West)",Instrumental. Leaked after a successful groupbuy.,,"Mar 21, 2022",4:08,191,Full,Lossless,https://imgur.gg/f/aEVudLi
Graduation,"Impossible 
(prod. Michael Giacchiano)",Official instrumental.,,,5:11,130,Full,CD Quality,https://imgur.gg/f/EYknnyb
Graduation,Piano,"OG Filename: PianoNoVox24-11Ruff
Leaked instrumental.","Nov 24, 2005","Jan 15, 2024",3:48,88,OG File,Lossless,https://imgur.gg/f/Bp3B2Qu
Graduation,"Stronger
(prod. Kanye West, MIKE DEAN & Timbaland)",Official instrumental.,,,5:12,103.976,Full,Lossless,https://imgur.gg/f/YuRZHME
Graduation,"To Me
(prod. Kanye West)","OG Filename: To Me RUFF work Inst
Early 2006 Kanye-produced instrumental. Said to have been recorded on.","Feb 3, 2006","Jul 15, 2025",2:55,,OG File,Lossless,https://imgur.gg/f/uJOSTnB
Graduation,"Clipse - Kinda Like a Big Deal
(prod. DJ Khalil & Chin Injeti)",Official instrumental.,,,3:26,84,Full,CD Quality,https://imgur.gg/f/kXQjTkX
Graduation,"Common - Break My Heart
(prod. Kanye West)",Official instrumental.,,,3:42,86,Full,CD Quality,https://imgur.gg/f/cCmXnio
Graduation,"Common - Drivin' Me Wild
(prod. Kanye West)",Official instrumental.,,,3:42,95,Full,CD Quality,https://imgur.gg/f/U4hZ68C
Graduation,"Common - Forever Begins
(prod. Kanye West)",Official instrumental.,,,7:36,98,Full,CD Quality,"https://open.spotify.com/track/1oBDcgqkdRib82KtHrjkD4
https://imgur.gg/f/0Q4Kpab"
Graduation,"Common - Southside
(prod. Kanye West)",Official instrumental.,,,4:05,87.7,Full,CD Quality,https://imgur.gg/f/CXxrVm2
Graduation,"Common - Start The Show
(prod. Kanye West)",Official instrumental.,,,3:21,87,Full,CD Quality,https://imgur.gg/f/pASLVgu
Graduation,"Common - The Game
(prod. Kanye West)",Official instrumental.,,,3:33,93,Full,CD Quality,https://imgur.gg/f/vWDOeZ1
Graduation,"Common - The People
(prod. Kanye West)",Official instrumental.,,,3:23,93,Full,CD Quality,https://imgur.gg/f/kBsFdGI
Graduation,"Common - U, Black Maybe
(prod. Kanye West)",Official instrumental.,,,5:07,91,Full,CD Quality,"https://open.spotify.com/track/5zGpO2xwu7MbmlqAFiR15y
https://imgur.gg/f/TTbgac0"
Graduation,"Diddy - Everything I Love
(prod. Kanye West)",Official instrumental.,,,4:24,176,Full,CD Quality,https://imgur.gg/f/jLxkp3L
Graduation,"Jay Dinero - Get Like Me                   
(prod. Kanye West)
(Beat 7)",Official instrumental. Is longer than the released version.,,,4:26,96,Full,CD Quality,https://imgur.gg/f/uoPFthU
Graduation,"John Legend - Heaven                   
(prod. John Legend & Kanye West)","Official instrumental. Was reused for Tyler, The Creator's song ""HEAVEN TO ME"", but pitched down.",,,3:34,84,Full,Lossless,https://imgur.gg/f/dQBjWrp
Graduation,"Pharrell Williams - Number One
(prod. Pharrell Williams)",Official instrumental.,,,3:55,107,Full,Lossless,https://imgur.gg/f/bsn1nEy
Graduation,"The Game - Wouldn't Get Far
(feat. Kanye West) (prod. Kanye West)","Official instrumental, shorter than release.",,,2:43,90,Full,High Quality,https://imgur.gg/f/zlfwatp
Graduation,"Homecoming
(feat. Chris Martin)
(prod. Kanye West & Warryn Campbell)","OG Filename: HOMECOMING KW APPROVE TV_04
TV track. Leaked after a successful groupbuy.","Aug 13, 2007","Mar 21, 2022",3:30,87,OG File,Lossless,https://imgur.gg/f/GezzSV4
808s & Heartbreak,"Amazing
(feat. Young Jeezy, Mr. Hudson & The WRLDFMS Tony Williams) (prod. Kanye West & Jeff Bhasker)","According to the same person who has the ""Runaway"" session, they also have this full session.",,,,146,Rumored,Not Available,N/A
808s & Heartbreak,"Smoked Up
(prod. Justice & Plain Pat)","OG Filename: Justice Beat
ProTools session. Leaked after a Soakbuy.","Sep 25, 2008","Feb 24, 2025",3:57,93,OG File,Lossless,https://imgur.gg/f/pdXUGwz
808s & Heartbreak,"Heartless
(feat. The WRLDFMS Tony Williams) (prod. Kanye West & No ID)","OG Filename: heartless stems FIXED
Studio stems. Original snippet leaked in March 2023.",,"Jul 26, 2025",3:31,88,OG File,Lossless,https://imgur.gg/f/GD9Ydkr
808s & Heartbreak,"Love Lockdown
(prod. Kanye West & Jeff Bhasker)",Officially released stems.,,,4:33,119.6,Full,CD Quality,https://imgur.gg/f/Izvk153
808s & Heartbreak,"RoboCop
(feat. The WRLDFMS Tony Williams & Jeff Bhasker) (prod. Kanye West, A-Trak & Larry Gold)",Officially released stems.,,"Dec 16, 2024",4:52,133.8,Full,Lossless,https://imgur.gg/f/16ZW9Co
808s & Heartbreak,"Madonna - Beat Goes On
(feat. Kanye West & Pharrell Williams) (prod. The Neptunes)","Stems that have been in circulation for a while, 14 tracks.","Dec 20, 2007",,4:36,118,Full,Lossless,https://imgur.gg/f/UIpvMhv
808s & Heartbreak,"Heartless [DJ Hero 2]
(feat. The WRLDFMS Tony Williams)",Official acapella for the first version from DJ Hero 2. Stem edit. Exactly the same as the second.,,,3:02,104,Full,CD Quality,https://imgur.gg/f/YX8KWFU
808s & Heartbreak,"Heartless [DJ Hero 2]
(feat. The WRLDFMS Tony Williams)",Official acapella for the second version from DJ Hero 2. Stem edit. Exactly the same as the first.,,,3:02,104,Full,CD Quality,https://imgur.gg/f/lyzq2s5
808s & Heartbreak,"88-Keys - Stay Up! (Viagra)
(feat. Kanye West)",Official acapella.,,,2:36,91 / 90,Full,CD Quality,https://imgur.gg/f/B3EARjX
808s & Heartbreak,"Cassidy - My Drink N 2 Step Remix
(feat. Kanye West, Swizz Beatz & Ne-Yo)",Unknown when leaked.,,,4:10,88,Full,High Quality,https://imgur.gg/f/gHUSF5q
808s & Heartbreak,"Estelle - American Boy [DJ Hero 2]
(feat. Kanye West)",Official acapella from DJ Hero 2. Stem edit.,,,4:53,118,Full,CD Quality,https://imgur.gg/f/pink57g
808s & Heartbreak,"JAŸ-Z - Roc Boys (And The Winner Is)...
(feat. Beyoncé, Cassie & Kanye West)",Official acapella.,,,4:10,95,Full,Lossless,https://imgur.gg/f/KFSH9AA
808s & Heartbreak,"Young Jeezy - Put On [DJ Hero 2]
(feat. Kanye West)",Official acapella from DJ Hero 2. Stem edit.,,,,138,Full,CD Quality,Link Needed
808s & Heartbreak,"Heartless
(feat. The WRLDFMS Tony Williams) (prod. Kanye West & No ID)",Official instrumental.,,,3:31,88,Full,CD Quality,https://imgur.gg/f/cBrT63w
808s & Heartbreak,Hey Mama (Glow In The Dark Tour Version),Official instrumental for the Glow In The Dark Tour version.,,,4:34,96,Full,High Quality,https://imgur.gg/f/YrpyZi5
808s & Heartbreak,"Say You Will
(prod. Kanye West, Larry Gold & Anthony Kilhoffer)","OG Filename: AK Say You Will
Early instrumental.",,"Jul 19, 2025",4:15,86,OG File,CD Quality,https://imgur.gg/f/VCjbIwu
808s & Heartbreak,I Wonder / Heard 'Em Say (Intro),Official instrumental for the Glow In The Dark Tour version.,,,4:50,96,Full,High Quality,https://imgur.gg/f/YEHpnC5
808s & Heartbreak,Jesus Walks (Glow In The Dark Tour Version),Official instrumental for the Glow In The Dark Tour version.,,,0:53,80,Full,High Quality,https://imgur.gg/f/SZ2Rb9o
808s & Heartbreak,"RoboCop
(prod. Kanye West)","OG Filename: RobocopRefInstrumental
Early instrumental.",,"Nov 26, 2020",3:53,133.8,OG File,High Quality,https://imgur.gg/f/f7bvePg
808s & Heartbreak,"See You in My Nightmares (Film Version)
(prod. Squeak E. Clean)",Appeared in Kanye's short film We Were Once a Fairytale. This version is the full instrumental and no sound effects.,,,2:41,90,Full,Lossless,https://imgur.gg/f/lsqcUYJ
808s & Heartbreak,"Street Lights
(prod. Mr. Hudson & Kanye West)",Snippet of the instrumental from the Glow In The Dark Tour book promotional CD.,,,3:10,125.6,Partial,High Quality,https://imgur.gg/f/CN52O6n
808s & Heartbreak,Touch The Sky (Glow In The Dark Tour Version),Official instrumental for the Glow In The Dark Tour version.,,,2:09,106,Full,High Quality,https://imgur.gg/f/kzbGoUS
808s & Heartbreak,"Estelle - American Boy
(prod. will.i.am)",Official instrumental.,,,5:09,118,Full,CD Quality,https://imgur.gg/f/PqdW3AY
808s & Heartbreak,Love Lockdown (Live at SNL),Leaked acapella for the SNL performance. Features new parts.,"Sep 19, 2008",,4:30,119.6,Full,CD Quality,https://imgur.gg/f/BKS8bwt
Good Ass Job,"Ain't No Tellin
(ref. ??? & ???) (feat. The WRLDFMS Tony Williams, GLC & ???) (prod. Kanye West, Jeff Bhasker, Andrew Kilhoffer, Plain Pat & 40)
(Tell 'Em What To Do, Horn Shout, Ohh Yeah, Ohh Yeah Tellem)","According to the person who shared the snippet for the song, there is a whole session for ""Ain't No Tellin"". Leaked as part of the GAJ groupbuy. No ID is mentioned to have added production in this session, but no files are attached of his production.",,"Jul 1, 2024",Varied,73.3,OG File,Lossless,https://imgur.gg/f/BpEQsSo
Good Ass Job,"Hard Horn Nightmare
(feat. Rick Ross, Big Sean, John Legend, Connie Mitchell & The WRLDFMS Tony Williams) (prod. Kanye West)
(Live Fast, Die Young)","Has over 20 versions of ""Live Fast, Die Young"" and 5 versions of ""Hard Horn Nightmare"".",,"Jun 5, 2025",Varied,85,OG File,Lossless,"https://pillows.su/f/9dd54d51dd48911409a29b011e6e226a
https://pixeldrain.com/u/THsQx6V7"
Good Ass Job,"Throw Money Everywhere
(ref. Young Jeezy)
(Throw Money Every)","Partial session. Snippets shared 9/5/24. Has multiple vocal takes for a short Jeezy reference track and 11 different ProTools session files. Session is missing ~51 audio files out of ~148 total. Some elements that are missing are: the vocal take containing the chorus, a handful of other vocal takes, a few of the synths used in the song's instrumental, and other miscellaneous synth and sampler files.","Apr 9, 2009","Sep 16, 2024",Varied,110,Partial,Lossless,https://imgur.gg/f/HGjm3Jk
Good Ass Job,"JAŸ-Z - Hate
(feat. Kanye West) (prod. Kanye West)
(Hate It)","OG Filename: Hate
Leaked right after the ""FEAR"" groupbuy ended. ProTools session files, however it has no raw recordings, just stems, due to the fact that the person who private bought the session removed all the other files to not piss off the seller they bought it from.","Jan 14, 2010","Jan 22, 2024",3:04,120,Partial,Lossless,https://imgur.gg/f/tLyBpyI
Good Ass Job,"Eyes Closed [Sample]
(prod. Kanye West)
(Eyez Closed)","OG Filename: Eyes Closed NEW Music only @ 89.32
Sample for the song.","May 4, 2010","Apr 26, 2025",0:21,89.32,OG File,Lossless,https://imgur.gg/f/PMCUzg0
Good Ass Job,"Flashing Lights (Remix) [Instrumental]
(prod. No ID)","OG Filenames: Eighties Jump Brass &
find your love drums loop 95.8672
2 files for the beat, that being the drums and the melody.","Aug 18, 2010","Apr 26, 2025",0:10,95.8672,OG File,Lossless,"https://imgur.gg/f/H7MrlOe
https://imgur.gg/f/pLJXZ43"
Good Ass Job,POWER [Strings],"OG Filename: Choppy New Prog Strings BNCE
Strings stem meant to be added onto a version of ""Power"".",,"Apr 26, 2025",4:40,153,OG File,High Quality,https://imgur.gg/f/UUqsK9L
Good Ass Job,"SingSing
(Runaway)","According to Garfield (the person who shared the snippets for the song), they also have the stems for it.",,,,85,Rumored,Not Available,N/A
Good Ass Job,"Mr Hudson - Supernova
(feat. Kanye West) (prod. Kanye West & Dave McCracken)","Offically released stems of this song. Were lost to time until shared by Batby. Snare stem also refound Janurary 14th, 2024.",,"Jan 14, 2024",3:13,116,Full,Lossless,https://imgur.gg/f/CFgQTrG
Good Ass Job,"Higher
(Dark Fantasy)","OG Filename: KW VOX IDEA.01 up 1half 01
Acapella for the presumed earliest version of ""Dark Fantasy"", has no autotune. Bounced later than it was recorded.","Feb 18, 2010",,1:47,78,OG File,CD Quality,https://imgur.gg/f/qcLprcg
Good Ass Job,HypeMeUp,"OG Filename: Vox1_02
Raw acapella for Kanye's vocals.","Jan 10, 2010",,4:17,73,OG File,Lossless,https://imgur.gg/f/yrCIrW5
Good Ass Job,"Mama's Boy
(Mama's Boyfriend, My Momma's Boyfriend)","OG Filename: Mamas by vox at 86
Kanye acapella with finished vocals.","May 6, 2010","Apr 26, 2025",3:01,86,OG File,Lossless,https://imgur.gg/f/6TEVaRf
Good Ass Job,"Under My Skin
(Down Town)","Acapella for solo Ye version of ""Under My Skin"". Seemingly has some alternate production from the bleed on the vocals.",,,,101,Snippet,Lossless,https://imgur.gg/f/RZaODkB
Good Ass Job,"Consequence - Whatever U Want
(feat. Kanye West & John Legend)",Official acapella.,,,2:31,107,Full,High Quality,https://imgur.gg/f/jYCWmpF
Good Ass Job,"DJ Class - I'm The Shit (Remix)
(feat. Kanye West)","Official acapella for the remix of ""I'm The Shit"" by DJ Class.",,,2:07,128,Full,CD Quality,https://imgur.gg/f/68zysgU
Good Ass Job,"Drake - Forever [Clean]
(feat. Kanye West, Lil Wayne & Eminem)",Official acapella. Does not include the hook and is censored.,,,5:58,158,Full,Lossless,https://imgur.gg/f/ARLIHSB
Good Ass Job,"Drake - Forever [Explicit]
(feat. Kanye West, Lil Wayne & Eminem)",Official acapella. Includes the hook and is explicit.,,,6:43,158,Full,High Quality,https://imgur.gg/f/SsxBiFg
Good Ass Job,"GLC - The Big Screen
(feat. Kanye West)","OG Filename: Big Screen ACCAPELLA - wave
Official acapella, released on the promotional CD.",,"Mar 12, 2025",4:10,96.5,Full,Lossless,https://imgur.gg/f/TC286WP
Good Ass Job,"Jamie Foxx - Digital Girl (Remix)
(feat. Kanye West & Drake)",Official acapella for the remix.,,,4:38,107,Full,CD Quality,https://imgur.gg/f/eOt97de
Good Ass Job,"Lil Wayne - Lollipop (Remix)
(feat. Kanye West & Static Major)",Official acapella for the remix.,,,4:21,148,Full,CD Quality,https://imgur.gg/f/dW91loB
Good Ass Job,"Rick Ross - Maybach Music Part II
(feat. Kanye West)","Vocal stem for the Kanye vocals on ""Maybach Music Part II"" by Rick Ross.",,,0:46,82,Full,High Quality,https://imgur.gg/f/2dqPUw6
Good Ass Job,Armed and Dangerous,"OG Filename: Armed and Dangerous TRACK INST
Instrumental found in a beat copy of the album. It's unknown if Ye recorded on it, but the seller believes that Ye likely recorded on everything on the instrumental copy.","Apr 5, 2009","Jul 1, 2024",2:27,80,OG File,Lossless,https://imgur.gg/f/VpJHA3N
Good Ass Job,Choir Sample,"OG Filename: Choir Sample Try2 92.5BPM RUFF INST
Instrumental found in a beat copy of the album. It's unknown if Ye recorded on it, but the seller believes that Ye likely recorded on everything on the instrumental copy.","Apr 9, 2009","Jul 1, 2024",3:09,92.5,OG File,Lossless,https://imgur.gg/f/PikF80d
Good Ass Job,Dance At Night,"OG Filename: Dance at Night Horn track RUFF INST
Instrumental found in a beat copy of the album. It's unknown if Ye recorded on it, but the seller believes that Ye likely recorded on everything on the instrumental copy. Samples ""Jogan Ban Gayi"" by Asha Bhosle.","Apr 5, 2009","Jul 1, 2024",3:04,96.3,OG File,Lossless,https://imgur.gg/f/qepl9bi
Good Ass Job,Give It All Away,"OG Filename: Give it all away RUFF INST
Instrumental found in a beat copy of the album. It's unknown if Ye recorded on it, but the seller believes that Ye likely recorded on everything on the instrumental copy.","Apr 19, 2010","Jul 1, 2024",3:16,88,OG File,Lossless,https://imgur.gg/f/MVss1NO
Good Ass Job,"Higher
(feat. ???) (prod. No ID)
(Dark Fantasy)","OG Filename: Higher Ruff INST
Instrumental found in the GAJ instrumental zip.","Jan 15, 2010","Jul 1, 2024",4:05,88,OG File,Lossless,https://imgur.gg/f/wTnLgZX
Good Ass Job,Hornz Shuffle Groove,"OG Filename: Hornz Shuffle Groove Track INST RUFF
Instrumental found in a beat copy of the album.","Apr 15, 2009","Jul 1, 2024",3:21,107,OG File,Lossless,https://imgur.gg/f/J0t4uO7
Good Ass Job,HypeMeUp,"OG Filename: HypeMeUp RUFF INST
The instrumental version on the zip. Slightly shorter than later versions.","Jan 15, 2010","Jul 1, 2024",2:11,73,OG File,Lossless,https://imgur.gg/f/DSQPEWY
Good Ass Job,HypeMeUp,"OG Filename: HypeMEup w VOX REF1.15
Version that says it has vocals, yet it is just the instrumental. Not the instrumental version on the zip. Was exported 5 minutes after the version below.","Jan 15, 2010","Jul 1, 2024",4:23,73,OG File,Lossless,https://imgur.gg/f/iHi2N8g
Good Ass Job,Lonely,"OG Filename: Lonely INST RUFF
Instrumental found in the album instrumental zip.","May 11, 2009","Jul 1, 2024",3:18,88,OG File,Lossless,https://imgur.gg/f/uQ3Vt8Z
Good Ass Job,Make That Money,"OG Filename: Make that money sample pitchfix RUFF
Instrumental found in a beat copy of the album. It's unknown if Ye recorded on it, but the seller believes that Ye likely recorded on everything on the instrumental copy.","May 16, 2009","Jul 1, 2024",3:14,85,OG File,Lossless,https://imgur.gg/f/n6rCiQG
Good Ass Job,Mama's Boy,"OG Filename: beatles chord thing
Instrumental for a version of ""Mama's Boy"". Possibly unused. Bounced sometime after January 12th, 2010.",,"Apr 26, 2025",4:28,87,OG File,High Quality,https://imgur.gg/f/MsknGWQ
Good Ass Job,"Mama's Boy
(Mama's Boyfriend, My Momma's Boyfriend)","OG Filename: Mamas Boy beat @86
Early instrumental.","May 6, 2010","Apr 26, 2025",3:33,86,OG File,Lossless,https://imgur.gg/f/aG6jatG
Good Ass Job,"Mama's Boy
(prod. MIKE DEAN)
(Mama's Boyfriend, My Momma's Boyfriend)","OG Filename: mama's boy mike dean 3 inst
Mike Dean version 3 instrumental.","May 15, 2010","Apr 26, 2025",3:01,86,OG File,Lossless,https://imgur.gg/f/XV9uPrq
Good Ass Job,"Loop 8
(Honor Hov, Name Ring)","OG Filename: RUFF 8 Loop 83BPM
Loop for the beat ""Name Ring""","Jul 14, 2008","Jul 1, 2024",0:23,83,OG File,Lossless,https://imgur.gg/f/OxU8cq9
Good Ass Job,"Name Ring
(Honor Hov, Loop 8)","OG Filename: Hi Beat5 Name Ring RUFF
Instrumental found in a beat copy of the album. ""Loop 8"" is the same version as this, just in a loop form, and it was made in July 14th, 2008. Meaning, this is most likely a 2008 GAJ beat. According to Garfield, this beat was recorded over and is titled ""Honor Hov"".",,"Jul 1, 2024",3:25,83,OG File,Lossless,https://imgur.gg/f/ljBiNf8
Good Ass Job,Ohh,"OG Filename: Ohh Kanye Beat RUFF INST
Instrumental found in a beat copy of the album. It's unknown if Ye recorded on it, but the seller believes that Ye likely recorded on everything on the instrumental copy.","Apr 15, 2009","Jul 1, 2024",3:22,109,OG File,Lossless,https://imgur.gg/f/jS85aYV
Good Ass Job,"Ohh Yeah Tellem
(Tell 'Em What To Do, Horn Shout, Ohh Yeah, Ain't No Tellin)","OG Filenames: Ohh Yeah Tellem RUFF &
Ohh Yeah Tellem RUFF 73.3
Instrumental found in a beat copy of the album.","Jan 7, 2010","Jul 1, 2024",3:36,73.3,OG File,Lossless,https://imgur.gg/f/R3gxI9Z
Good Ass Job,"Ohh Yeah Tellem
(Tell 'Em What To Do, Horn Shout, Ohh Yeah, Ain't No Tellin)","OG Filename: ohh Yeah Tellem RUFF for Drake 73.3BPM
Instrumental bounce that was for Drake, Not in the instrumental zip.","Jan 15, 2010","Jul 1, 2024",6:59,73.3,OG File,Lossless,https://imgur.gg/f/SJIepm7
Good Ass Job,"POWER
(prod. S1 & Kanye West)","OG Filename: power new prog.3 RUFF work INST 77BPM
Early instrumental.","Mar 24, 2010","Apr 26, 2025",5:49,77,OG File,Lossless,https://imgur.gg/f/Fcf0F5n
Good Ass Job,"POWER
(prod. S1 & Kanye West)","OG Filename: power New PROG.3 REDO
Slightly different mixing.","Mar 24, 2010","Apr 26, 2025",5:49,77,OG File,Lossless,https://imgur.gg/f/IgEJAXe
Good Ass Job,String Pad,"OG Filename: String Pad Uptempo RUFF INST
Instrumental found in a beat copy of the album. It's unknown if Ye recorded on it, but the seller believes that Ye likely recorded on everything on the instrumental copy.","Apr 9, 2009","Jul 1, 2024",2:39,86,OG File,Lossless,https://imgur.gg/f/VKsQfqR
Good Ass Job,"Tellin U Before
(All Of The Lights)","OG Filename: Tellin u Before.6 DRUMS RUFF
Instrumental found in a beat copy of the album. Just the drums.","Jan 5, 2010","Jul 1, 2024",2:49,142,OG File,Lossless,https://imgur.gg/f/nGyOHjD
Good Ass Job,"TellinUBefore
(All Of The Lights, Tellin U Before)","OG Filename: TellinUBefore.12 INST RUFF
Instrumental found in a beat copy of the album.","Jan 10, 2010","Jul 1, 2024",2:49,142,OG File,Lossless,https://imgur.gg/f/j6rSCW7
Good Ass Job,"Throw My Money Every
(Throw Money Everywhere)","OG Filename: Throw My Money Every RUFF INST
Instrumental. Found in the album instrumental zip.","Apr 9, 2009","Jul 1, 2024",3:12,110,OG File,Lossless,https://imgur.gg/f/wgxhSGu
Good Ass Job,"???
(prod. Madlib)
(Track 8)","OG Filename: Track 08-NORM_01
Beat that leaked July 19th 2025. Left and right parts both provided.","Oct 10, 2009","Jul 19, 2025",3:34,99,OG File,Lossless,"https://imgur.gg/f/llK7tPc
https://imgur.gg/f/T8P7dAX"
Good Ass Job,Consequence - Whatever U Want,Official instrumental.,,,2:35,107,Full,CD Quality,https://imgur.gg/f/MXswpkZ
Good Ass Job,DJ Class - I'm The Shit (Remix),"Official instrumental for the remix of ""I'm The Shit"" by DJ Class.",,,5:21,128,Full,CD Quality,https://imgur.gg/f/xzQkWY4
Good Ass Job,"Drake - Find Your Love
(prod. Kanye West, No ID & Jeff Bhasker)",Official instrumental.,,,3:27,96,Full,CD Quality,https://imgur.gg/f/FZnRmjh
Good Ass Job,"Drake - Forever
(prod. Boi-1da)",Official instrumental.,,,5:55,158,OG File,Lossless,https://imgur.gg/f/2Hxb520
Good Ass Job,"GLC - The Big Screen
(feat. Kanye West) (prod. Jeff Bhasker, Kanye West & Keezo Kane)","OG Filename: Big Screen INSTRUMENTAL - wave
Official instrumental by ""The Big Screen"" by GLC, released on the promotional CD.",,"Mar 12, 2025",4:10,96.5,Full,Lossless,https://imgur.gg/f/oDT54RA
Good Ass Job,"Kid Cudi - Make Her Say
(prod. Kanye West)
(I Poke Her Face)",Instrumental.,,,3:57,99,Full,High Quality,https://imgur.gg/f/wMU4icn
Good Ass Job,"See Me Again
(feat. Bon Iver, The WRLDFMS Tony Williams & Elly Jackson)
(Never See Me Again)","OG Filename: seeMeAgain TVRUFF 2.16 89BPM
TV track. Similar to the 2.22 version.","Feb 16, 2010",,5:24,89,OG File,CD Quality,https://imgur.gg/f/kYtU5AW
Good Ass Job,"Drake - Forever
(prod. Boi-1da)",TV track.,,,5:58,158,OG File,Lossless,https://imgur.gg/f/z0agJPt
My Beautiful Dark Twisted Fantasy,"Runaway
(ref. ???) (feat. Kid Cudi, John Legend, Pusha T, The WRLDFMS Tony Williams & The-Dream) (prod. Kanye West, Jeff Bhasker, MIKE DEAN & Emile)","Sessions that have ""thousands of files and ""over 50 OG versions"". There are many alternate versions with various dfferent people doing features/references. Snippet leaked May 13th, 2024.",,"May 31, 2024",Varied,85,Snippet,Lossless,"https://imgur.gg/f/4gLoqoG
https://imgur.gg/f/1OdHaOw
https://imgur.gg/f/sm3fT6F"
My Beautiful Dark Twisted Fantasy,"All Of The Lights
(feat. Rihanna, Kid Cudi, John Legend, The WRLDFMS Tony Williams, Alvin Fields, Ken Lewis, Elton John, Alicia Keys, Charlie Wilson, Drake, La Roux, Fergie, Ryan Leslie & The-Dream) (prod. Kanye West, Jeff Bhasker, MIKE DEAN, Ken Lewis, Rosie Danvers & Tommy D.)
(Ghetto University)","Seemingly release multitrack stems. Differences are unknown with the short snippet that leaked April 30th, 2024.",,"Apr 30, 2024",,142,Snippet,CD Quality,https://imgur.gg/f/dlGabr7
My Beautiful Dark Twisted Fantasy,"Lost In The World
(feat. Alicia Keys, Bon Iver, Charlie Wilson, Elly Jackson, Kaye Fox & The WRLDFMS Tony Williams) (prod. Anthony Kilhoffer, Alvin Fields, Kanye West, Ken Lewis & Mano)","OG Filename: LITW
Studio stems for an earlier version, featuring a different mix and arrangement.","Nov 12, 2010","Feb 28, 2023",5:48,117,OG File,Lossless,https://imgur.gg/f/4zO6x9g
My Beautiful Dark Twisted Fantasy,Runaway [BBC Symphony Stem],"OG Filename: RUNAWAY BBC Symphony Orchestra
Symphony stem for the orchestral version.",,,9:08,85,OG File,CD Quality,https://imgur.gg/f/TaJutSk
My Beautiful Dark Twisted Fantasy,"JAŸ-Z - Run This Town
(feat. Rihanna & Kanye West)",Official acapella.,,,4:28,87,Full,CD Quality,Link Needed
My Beautiful Dark Twisted Fantasy,"Katy Perry - E.T.
(feat. Kanye West)",OG Kanye acapella. has a couple extra unused lines and is uncensored.,,"Aug 9, 2024",1:05,152,Full,CD Quality,https://imgur.gg/f/48ia8LL
My Beautiful Dark Twisted Fantasy,POWER (Live at SNL),Leaked acapella for the SNL performance. Features a completely unique second verse than the release.,,,3:59,154,Full,CD Quality,https://imgur.gg/f/a83Ehxx
My Beautiful Dark Twisted Fantasy,"Runaway (Live at SNL)
(feat. Pusha T)",Leaked acapella for the SNL performance. Features new parts.,,,4:01,85,Full,CD Quality,https://imgur.gg/f/vGNHVdr
My Beautiful Dark Twisted Fantasy,"All Of The Lights
(prod. Kanye West & Jeff Bhasker)",Official instrumental.,,,5:00,142,Full,High Quality,https://imgur.gg/f/gf2cXcs
My Beautiful Dark Twisted Fantasy,"Blame Game
(prod. Kanye West, DJ Frank E & MIKE DEAN)",Official instrumental.,,,7:57,80,Full,CD Quality,https://imgur.gg/f/cgAmoq1
My Beautiful Dark Twisted Fantasy,"Chain Heavy
(prod. Q-Tip)","Instrumental included within ""record4hype"".",,,3:30,91,Tagged,High Quality,https://imgur.gg/f/oAlSI4j
My Beautiful Dark Twisted Fantasy,"Christmas In Harlem
(prod. Hit-Boy)",Instrumental.,,,3:01,86,Full,High Quality,https://imgur.gg/f/zXBRfdj
My Beautiful Dark Twisted Fantasy,"Devil In A New Dress
(feat. Rick Ross) (prod. MIKE DEAN & Bink!)",Instrumental. Cuts off early. Has a Rick Ross adlib at 4:02.,,,4:32,83,Full,Lossless,https://imgur.gg/f/yQyH4aw
My Beautiful Dark Twisted Fantasy,"Lost In The World
(feat. Justin Vernon) (prod. Kanye West & Jeff Bhasker)","OG Filename: LITW Instermental
Instrumental. Has more vocoder and different drums in places. Was bounced on 26th October, 2010.","Oct 26, 2010","Feb 28, 2023",5:59,117,OG File,Lossless,https://imgur.gg/f/P8zUDC9
My Beautiful Dark Twisted Fantasy,"Monster
(feat. Bon Iver & Charlie Wilson) (prod. Kanye West, MIKE DEAN & Plain Pat)","Official instrumental with less compression, more effects and bass. Also includes vocals from Justin Vernon and Charlie Wilson.",,,6:26,125,Full,CD Quality,https://imgur.gg/f/3gJHcel
My Beautiful Dark Twisted Fantasy,"POWER
(prod. Kanye West, Emile Haynie, Jeff Bhasker & MIKE DEAN)",Official instrumental.,,,4:53,154,Full,Lossless,https://imgur.gg/f/TuFt07N
My Beautiful Dark Twisted Fantasy,"Runaway
(prod. S1, Kanye West, Jeff Bhasker & MIKE DEAN)",Official instrumental. Features very minor beat differences.,,,9:11,85,Full,CD Quality,https://imgur.gg/f/GuyOPYR
My Beautiful Dark Twisted Fantasy,"Runaway
(prod. S1, Kanye West, Jeff Bhasker & MIKE DEAN)","OG Filename: RUNAWAY (Master)
Alternate mix version. Is meant to be combined with the BBC symphony stem.",,,9:08,85,OG File,Lossless,https://imgur.gg/f/rhVZjtk
My Beautiful Dark Twisted Fantasy,"JAŸ-Z - Run This Town
(prod. Kanye West & No ID)",Official instrumental.,,,4:34,87,Full,CD Quality,https://imgur.gg/f/dkySfJG
My Beautiful Dark Twisted Fantasy,"Twista - Hustlaz
(prod. Kanye West)",Instrumental for Twista's track produced by Kanye.,,,4:04,129,Full,CD Quality,https://imgur.gg/f/gaPNNja
Watch The Throne,"Not Enough Time
(prod. Hit-Boy)
(Whole Lifetime)","OG Filename: Not EnoughTime-Hitboy1729
Full session. Comes with bounced instrumental and Kanye's vocal takes.","Jan 29, 2011","Oct 14, 2022",2:42,142,OG File,Lossless,https://imgur.gg/f/g598ACT
Watch The Throne,"H·A·M
(prod. Kanye West & Lex Luger)","Session for the song intended to leak as part of the ""Living So Italian"" groupbuy.",,,,,Rumored,Not Available,N/A
Watch The Throne,"Ball So Hard
(prod. Hit-Boy, Kanye West, MIKE DEAN & Anthony Killhoffer)
(Niggas in Paris)","Studio stems for the song with 22 tracks. Almost every stem is labeled with the initials for ""Ball So Hard"", with this likely being the title at the time.",,"Feb 20, 2023",3:42,140,OG File,Lossless,https://imgur.gg/f/ThloeuT
Watch The Throne,"Not The Same
(feat. Shire) (prod. Honorable C.N.O.T.E.)
(Black Bruce Wayne, We Are Not The Same)",Does not have the Kanye acapella. Contains 2 versions.,,,4:20,81,OG File,Lossless,https://imgur.gg/f/JuYHxLw
Watch The Throne,"Otis
(prod. Kanye West)",Leaked late April 2020. Lossless version is was lost for a long time until it was re-found by deka.,,,3:03,95,Full,Lossless,https://imgur.gg/f/5DVNXJq
Watch The Throne,"Dark Fantasy (Coachella Intro)
(feat. Bon Iver, Amber Rose & Teyana Taylor) (prod. RZA, Kanye West, No ID, Jeff Bhasker & MIKE DEAN)","Instrumental with a 2:35 Coachella ""H·A·M"" remix intro attached on at the start.","Apr 16, 2011","Feb 28, 2023",6:06,88,Full,Lossless,https://imgur.gg/f/Uvtnd87
Watch The Throne,"Ever, Ever
(prod. Kanye West)","OG Filename: Ever, Ever_Instrumental
Instrumental for a WTT-era demo that went undetected when it originally leaked, before it's John Legend reference track would later leak in July 2025.","Feb 3, 2011","Sep 17, 2023",3:54,76,OG File,Lossless,https://imgur.gg/f/BfgCwvH
Watch The Throne,"H.A.M
(prod. Kanye West & Lex Luger)
(H·A·M)","OG Filename: H.A.M
Earlier instrumental found inside of the mass Yeezus leak folder. Longer than release and has no choir, piano or chello.","Dec 22, 2010","Apr 26, 2025",5:15,140,OG File,Lossless,https://imgur.gg/f/RbkL0pb
Watch The Throne,"Living So Italian
(prod. Karlyle)","Instrumental posted in August 2018 by producer Karlyle. No vocal snippets. Was also given to Lil B for his song ""New York Subway"".",,,2:49,129,Full,CD Quality,https://imgur.gg/f/PeHigmv
Watch The Throne,"88-Keys - Ok Scope It Out
(prod. 88-Keys)
(No Church in the Wild)","OG Filenames: ok scope it out &
Track 05
OG beat taken from a private upload on his Soundcloud, just the loop. This is the file that was shown to Kanye on June 10th, 2011.",,"Dec 15, 2024",3:31,93,OG File,CD Quality,https://imgur.gg/f/TnC6395
Watch The Throne,"No Church in the Wild
(prod. 88-Keys, Kanye West, MIKE DEAN & Om'Mas Keith)",Official instrumental.,,,4:32,93,Full,High Quality,https://imgur.gg/f/mBgkC94
Watch The Throne,Runnin Through My Dreams,"OG Filename: RunninThrough My Dreams  Instrumental
Official instrumental.","Jan 29, 2011",,5:22,79,OG File,Lossless,https://imgur.gg/f/4lvhfHB
Watch The Throne,Watch The Throne Tour Mixes,"Full instrumentals used during the Watch The Throne Tour.

""H•A•M""
""Who Gon Stop Me""
""Otis""
""Welcome To The Jungle""
""Gotta Have It""
""Where I'm From""
""Nigga What, Nigga Who (Originator 99)""
""Can't Tell Me Nothing""
""Jesus Walks""
""All Falls Down""
""Diamonds From Sierra Leone""
""Public Service Announcement""
""U Don't Know""
""Run This Town""
""Monster""
""Power""
""Murder To Excellence""
""New Day""
""Hard Knock Life (Ghetto Anthem)""
""Izzo (H.O.V.A.)""
""Good Life""
""Empire State of Mind""
""Runaway""
""Heartless""
""Stronger""
""On To The Next One""
""Dirt Off Your Shoulder""
""Touch The Sky""
""All of the Lights""
""Big Pimpin'""
""Gold Digger""
""99 Problems""
""No Church In The Wild""
""Lift Off""
""Niggas In Paris"" (several times)",,"Dec 17, 2022",1:26:47,Varied,OG File,CD Quality,https://imgur.gg/f/hTkWZyk
Cruel Summer,"Don't Like.1
(with Kanye West, Chief Keef & Pusha T) (prod. Young Chop, Kanye West, The Twilite Tone & Noah Goldstein)","Snippet of full studio stems to a version without Jadakiss or Big Sean, Snippet leaked on December 22nd, 2022. Owned by Saya.",,"Dec 22, 2022",,132,Snippet,Lossless,https://imgur.gg/f/459m0Nu
Cruel Summer,"Don't Like.1
(with Kanye West, Chief Keef, Pusha T & Big Sean) (prod. Young Chop, Kanye West, The Twilite Tone & Noah Goldstein)","Snippet of full studio stems to a version with Big Sean, but no Jadakiss. Snippet leaked on October 14th, 2024.",,"Oct 14, 2024",,132,Snippet,CD Quality,https://imgur.gg/f/dlX74Nl
Cruel Summer,"Cold
(feat. DJ Khaled & DJ Pharris)","OG Filename: Cold 10 Accapella Dirty
Acapella.",,Dec 2022,3:45,80,OG File,Lossless,https://imgur.gg/f/nNgmBEY
Cruel Summer,"Clique 
(prod. Hit-Boy)","OG Filename: UPGRADE 2 LOOPS 6 Vox Clique 87Bpm
Sample for the song. Rebounced in 2013 from FL Studio.","Jun 18, 2013","Mar 28, 2023",0:22,87,OG File,Lossless,https://imgur.gg/f/xfluwJg
Cruel Summer,"Cold
(prod. Hit-Boy)
(Theraflu)",Instrumental. Currently Lost.,,,,80,Confirmed,Not Available,
Yeezus,"Awesome
(feat. Charlie Wilson & Stevie Wonder) (prod. Sak Pase)","OG Filename: Awsome Mix 2013 M3 Sham Kick
Sessions.","Apr 7, 2013","Dec 30, 2022",4:34,90,OG File,Lossless,https://imgur.gg/f/mnRGBne
Yeezus,"Black Skinhead
(prod. Daft Punk & Gesaffelstein)",Sessions are rumoured to be in circulation.,,,,130,Rumored,Not Available,N/A
Yeezus,"Blood On The Leaves
(prod. Kanye West, Noah Goldstein, MIKE DEAN, Hudson Mohawke, Arca, 88-Keys, Carlos Broady & Lunice)","OG Filename: Blood On The Leaves copy
Was put up for sale in December 2022. Also includes 20 track multitrack for stems.","Jun 1, 2013","Sep 26, 2023",6:09,86,OG File,Lossless,https://imgur.gg/f/yjqAHjh
Yeezus,"Can't Get Over Me
(feat. Bon Iver) (prod. Daft Punk)
(Fall Out Of Heaven)","OG Filename: KW - Daft - Can't Get Over Me
Sessions. Last worked on April 25th, 2013.","Apr 25, 2013","Oct 2, 2022",5:04,86.5,OG File,Lossless,https://imgur.gg/f/mgT8vZm
Yeezus,"Can't Hold My Liquor
(feat. Chief Keef & Bon Iver) (prod. Noah Goldstein & MIKE DEAN)
(Hold My Liquor)","OG Filename: KW - Can't Hold My Liquor.34 (FOR MIXERS)
Has a WAV bounce with minor mixing and instrumental differences. Contains multiple PTXs and vocal stems. Chief Keef stems include unused vocals, that were part of an unused verse, and Justin Vernon stems include unused vocals part of an extended intro. Kanye stems include long mumble takes with different lines. Owned by waterfalls. Forceleaked out of nowhere.","Jun 6, 2013","Mar 23, 2025",5:30,107,OG File,Lossless,"https://pillows.su/f/6a259fa0246df59441d6df43acf879fc
https://pixeldrain.com/u/JNq2F2mJ"
Yeezus,"Can't Hold My Liquor
(feat. Chief Keef & Bon Iver) (prod. Noah Goldstein & MIKE DEAN)
(Hold My Liquor)","OG Filename: Can't Hold My Liquor
Session + stems for a slightly earlier version.","Jun 7, 2013",,5:40,107,OG File,Lossless,https://imgur.gg/f/A4vMeWc
Yeezus,Get Too High,"OG Filename: KW - Get Too High
Session.","Dec 20, 2012","Apr 26, 2025",,68,OG File,Lossless,"https://imgur.gg/f/n2JKrZ3
https://pixeldrain.com/u/NLr8yQWJ"
Yeezus,"Guilt Trip
(feat. Kid Cudi) (prod. Kanye West, Noah Goldstein, MIKE DEAN, Travis Scott, Ackee Juice Rockers & S1)","OG Filename: Guilt Trip copy
Session + stems for a slightly earlier version.","Jun 1, 2013",,4:53,138,OG File,Lossless,https://imgur.gg/f/1CXDVbF
Yeezus,"Guilt Trip
(feat. Kid Cudi) (prod. S1, MIKE DEAN, Kanye West & Travis Scott)","OG Filename: Guilt Trip copy
Includes a seperate ZIP for stems.","Jun 6, 2013","May 26, 2023",4:53,139,OG File,Lossless,https://imgur.gg/f/UaUDgmt
Yeezus,"I Am A God
(feat. Bon Iver) (prod. Daft Punk, MIKE DEAN & Kanye West)","OG Filename: I am a God Mix 3.0
Sessions.","Apr 8, 2013",,4:02,112,OG File,Lossless,https://imgur.gg/f/d8cTgD3
Yeezus,"I Am A God
(feat. Elon Rutberg & The Weeknd) (prod. Daft Punk & Hudson Mohawke)","Late 2012 to early 2013 session that also has the session for ""Espresso"" and many early versions of ""I Am A God"". Leaked out of nowhere.","Jan 19, 2013","Apr 26, 2025",Varied,112,OG File,Lossless,"https://fileditchfiles.me/alpha8/3243109b5bb80088edb7/iaag.zip
https://pixeldrain.com/u/RZ7rbK4p"
Yeezus,"I Am A God
(feat. Bon Iver) (prod. Kanye West, Noah Goldstein, Daft Punk, MIKE DEAN, Hudson Mohawke, Travis Scott & Che Pope)","Contains multiple PTXs, instrumentals and vocal stems. Also contains six WAV bounces, with minor mixing and instrumental differences. Two mumble demos are also present, which are described as being ""entirely different songs"". Owned by waterfalls.",,,,112,Confirmed,Not Available,Source Needed
Yeezus,"I Am A God
(feat. Bon Iver) (prod. Kanye West, Noah Goldstein, Daft Punk, MIKE DEAN, Hudson Mohawke, Travis Scott & Che Pope)",Session that has an alternate line in it.,,,,112,Confirmed,Not Available,Source Needed
Yeezus,"Nobody To Love
(feat. Charlie Wilson, John Legend & Elon Rutberg) (prod. Tyler, The Creator, No ID & MIKE DEAN)",Sessions.,"Mar 30, 2013","May 26, 2023",,78,OG File,Lossless,"https://imgur.gg/f/ibrKTri
https://mega.nz/file/4rwlzABb#IM3Q4Zxq0vmGNbLTpUlK6Hbo_x-1RswckOxAaqBfOBk"
Yeezus,"Nobody To Love
(feat. Charlie Wilson, John Legend & Elon Rutberg) (prod. Tyler, The Creator, No ID & MIKE DEAN)","OG Filename: (SHAM)Nobody to Love 04.07.13
Sessions for the Sham version.","Apr 7, 2013",,4:17,78,OG File,Lossless,https://imgur.gg/f/NmdKjPK
Yeezus,"On Sight
(prod. Daft Punk & Travis Scott)","OG Filename: On Site - 2.22.13
Session.","Feb 22, 2013",,2:50,109,OG File,Lossless,https://imgur.gg/f/WhcXXLA
Yeezus,"On Sight
(prod. Kanye West, Daft Punk, MIKE DEAN)","OG Filename: On Sight copy
Sessions. Leaked on 10/09/23.","Jun 3, 2013",,2:50,109,OG File,Lossless,https://imgur.gg/f/tw8eDff
Yeezus,"Padded Walls
(prod. Hit-Boy)
(Joyride)","OG Filename: Padded Walls
Session.","Jan 22, 2013","Apr 26, 2025",,99,OG File,Lossless,"https://pillows.su/f/796ad03b55d2654c4635fdd03d38d198
https://pixeldrain.com/u/jykyq8oi"
Yeezus,"Padded Walls
(prod. Hit-Boy)
(Joyride)","OG Filenames: PADDED WALLS FOR HM 99 BPM &
KW - Padded Walls
Sessions.",,"Apr 26, 2025",,99,OG File,Lossless,"https://imgur.gg/f/13fIxHU
https://pixeldrain.com/u/3V22ieFC"
Yeezus,"Why Does Summer Have To End
(prod. S1)","OG Filename: Why Does Summer Never End (Aloe tracking)
Session. Has leftover files from the session for the 2009 song of the same name also produced by S1.",,"Apr 26, 2025",,100,OG File,Lossless,"https://imgur.gg/f/R8uL0WA
https://pixeldrain.com/u/5DmX7EKp"
Yeezus,"Why Feel Bad
(feat. The Weeknd) (prod. Che Pope)","OG Filename: KW  - Why Feel Bad (FOR MD)
Session sent to MIKE DEAN.",,"Apr 26, 2025",,82,OG File,Lossless,"https://imgur.gg/f/8EXzhXj
https://pixeldrain.com/u/veAXo7Ts"
Yeezus,"Why Feel Bad
(feat. The Weeknd) (prod. Che Pope & Sak Pase)","OG Filename: Why Feel Bad.1 (Abel Tracking)
Sessions. Has 9 different versions, last one being bounced January 25th.","Jan 25, 2013","Dec 7, 2023",3:37,82,OG File,Lossless,"https://imgur.gg/f/NLJY70R
https://drive.google.com/drive/folders/1PWtBN2HOAk6-8J0diGpkTvrlHEad2JZd"
Yeezus,"John Legend - Flashlights
(feat. Kanye West, The WRLDFMS Tony Williams & Seal) (prod. Kanye West)",Session.,"Feb 3, 2011",,,130,OG File,Lossless,https://imgur.gg/f/LaVkJAs
Yeezus,"John Legend - Hear Me Now
(prod. Kanye West)
(Oh My God, End Of It All)","OG Filename: Hear Me Now
Pre-2012 sessions.","Nov 29, 2011","Aug 18, 2024",Varied,93,OG File,Lossless,https://imgur.gg/f/qWcFANu
Yeezus,"John Legend - Oh My God
(prod. Kanye West)
(Hear Me Now, End Of It All)","OG Filename: Oh My God (PT)
Post-2012 session files. The ""JL - Hear Me Now KW ADD ON.wav"" in the session is an edit and not an official bounce.","Dec 12, 2013","Aug 18, 2024",Varied,93,OG File,Lossless,https://imgur.gg/f/E8XOLzs
Yeezus,John Legend - On Fire,"OG Filename: On Fire
Session, contains multiple different versions. Unorganized.","Dec 7, 2011","May 16, 2023",Varied,88,OG File,Lossless,https://imgur.gg/f/ydOVOcs
Yeezus,"Katy Perry - E.T.
(feat. Kanye West) (prod. Dr. Luke, Max Martin, Ammo & L. Leon Pendarvis)","OG Filename: K.Perry -ET Alien- Feat. Kanye
Snippet of a file from the session posted by Rodri on July 29th, 2025.","Feb 1, 2011","Jan 16, 2026",Varied,152,OG File,Lossless,https://imgur.gg/f/y5g9Msz
Yeezus,"Awesome
(feat. Charlie Wilson & Stevie Wonder) (prod. Kanye West, Ken Lewis & SAK PASE)","OG Filename: (SHAM) Awesome
Stems for a version.","Apr 9, 2013",,4:34,90,OG File,Lossless,https://imgur.gg/f/kbaH4W9
Yeezus,"Black Skinhead
(prod. Daft Punk & Gesaffelstein)","OG Filename: KG BS
Stems for Gesaffelstein's version.","Mar 13, 2013",,3:50,130,OG File,Lossless,https://imgur.gg/f/mvudT8d
Yeezus,"Black Skinhead
(prod. Daft Punk & Gesaffelstein)","OG Filename: BlackSkin Head @  130
Stems.","Apr 5, 2013",,3:24,130,OG File,Lossless,https://imgur.gg/f/F3V1Ugl
Yeezus,"Blood on the Leaves
(prod. Kanye West, Noah Goldstein, MIKE DEAN, Hudson Mohawke, Arca, 88-Keys, Carlos Broady & Lunice)","OG Filename: Blood on the Leaves 86 bpm
Stems. Has no vocals.","Apr 5, 2013",,6:09,86,Partial,Lossless,https://imgur.gg/f/SMrPAEA
Yeezus,"Bound 2
(feat. Charlie Wilson) (prod. Kanye West, Noah Goldstein, MIKE DEAN, No ID, Che Pope & Eric Danchick)
(Bound, Nobody To Love)",Official 8 track stems.,"Jul 10, 2013","May 26, 2023",3:57,150,OG File,Lossless,https://imgur.gg/f/vLqRtah
Yeezus,"Guilt Trip
(feat. Kid Cudi) (prod. S1, MIKE DEAN, Kanye West, Daft Punk & Travis Scott)","OG Filename: GUILT TRIP 68.5
Stems.","Apr 1, 2013",,4:30,68.5,OG File,Lossless,https://imgur.gg/f/5krTFX6
Yeezus,"Guilt Trip
(feat. Kid Cudi) (prod. S1, MIKE DEAN, Kanye West & Travis Scott)",Official stems.,"Jul 10, 2013","Oct 22, 2023",2:59,138,OG File,Lossless,https://imgur.gg/f/UCnJhHh
Yeezus,"He's A Rebel [Sample Chops]
(prod. Kanye West)","OG Filenames: KW - He's A Rebel Sample Chop 1-Gain &
KW - He's A Rebel Sample Chop 2-Gain
2 Sample chops for the song.","Dec 15, 2012","Apr 26, 2025",Varied,94,OG File,Lossless,"https://imgur.gg/f/AkINSHc
https://imgur.gg/f/PISqvhq"
Yeezus,"Hold My Liquor
(feat. Chief Keef & Bon Iver) (prod. Noah Goldstein & MIKE DEAN)","OG Filename: HOLD MY LIQUOR @107
Stems.","Apr 2, 2013",,5:35,107,Partial,Lossless,https://imgur.gg/f/VfbYisZ
Yeezus,"Hold My Liquor
(feat. Chief Keef & Bon Iver) (prod. Noah Goldstein & MIKE DEAN)",35 multitrack stems for a version.,"Jun 6, 2013","May 26, 2023",5:40,107,OG File,Lossless,Link Needed
Yeezus,"I Am A God
(feat. Bon Iver) (prod. Daft Punk, MIKE DEAN & Kanye West)","OG Filename: I AM A GOD STEMS @ 112 APRIL 1
Stems.","Apr 1, 2013",,4:02,112,OG File,Lossless,https://imgur.gg/f/P7iq5j5
Yeezus,"I Am a God
(feat. God & Bon Iver) (prod. Kanye West, Noah Goldstein, Daft Punk, MIKE DEAN, Hudson Mohawke, Travis Scott & Che Pope)
(GOD)",Official stems.,"Jul 10, 2013","Feb 21, 2023",4:02,112,OG File,Lossless,https://imgur.gg/f/2lfyU0j
Yeezus,"I Am Not Home
(prod. Travis Scott)
(I Am Not Here)","OG Filename: I AM NOT HOME
Contain stems + final mix of the song and a tour version mix.","Oct 18, 2013","Dec 14, 2022",4:13,80.8,OG File,Lossless,https://imgur.gg/f/jvcmXIv
Yeezus,"Jesus Walks
(feat. John Legend) (prod. Kanye West)","OG Filename: Jesus Walks @ 88 BPM
Release multitrack stems. Snippet leaked on December 22nd, 2022. Owned by Saya. Re-bounced presumably for the Yeezus tour. Contains multitracks for an unused instrumental.","Oct 13, 2013","Sep 24, 2026",3:24,88,OG File,Lossless,https://pillows.su/f/c48470eaea3e6b5177856699d3ad29b2
Yeezus,"New Slaves
(feat. Frank Ocean) (prod. Gesaffelstein)","Leaked stems for an early version of ""New Slaves"". Different instrumental, but elements of the final version are present. Also includes some mumble lines.","Mar 13, 2013",,6:12,150,OG File,Lossless,https://imgur.gg/f/yDbjU8B
Yeezus,"Nobody To Love
(feat. Charlie Wilson, John Legend & Elon Rutberg) (prod. Tyler, The Creator, No ID & MIKE DEAN)","OG Filename: Nobody To Love stems  77ish bpm
Incomplete stems for a version of the song.","Apr 5, 2013",,4:36,78,Partial,Lossless,https://imgur.gg/f/ehdiOBk
Yeezus,"Nobody To Love
(feat. Charlie Wilson, John Legend & Elon Rutberg) (prod. Tyler, The Creator, No ID & MIKE DEAN)","OG Filename: Nobody_to_Love.7_Charlie_Tracking
Bounced Protools stems version. Includes Charlie Wilson hook takes from January 23rd - April 21st.","Apr 21, 2013",,4:36,78,Full,Lossless,https://imgur.gg/f/uZI07J6
Yeezus,"On Sight
(prod. Kanye West, Daft Punk, MIKE DEAN & Benji B)","OG Filename: On site 109 April 2
Stems.","Apr 2, 2013",,2:50,109,OG File,Lossless,https://imgur.gg/f/UHDyCvL
Yeezus,"Send It Up
(feat. King Louie)","OG Filename: Send It Up 98 April
Stems for the OG beat with King Louie's hook","Apr 5, 2013",,2:57,93,OG File,Lossless,https://imgur.gg/f/Ha36ZJd
Yeezus,"Send It Up
(feat. King Louie)","OG Filename: Send It Up.01
Stems. Has different effects on vocals and mixing differences.","Apr 22, 2013","May 26, 2023",3:05,93,OG File,Lossless,https://imgur.gg/f/gLBeXaQ
Yeezus,"Talk To Me
(feat. Assassin & Bon Iver) (prod. MIKE DEAN, Travis Scott, Sak Pase, Evian Christ & Anthony Kilhoffer)
(I'm In It)","OG Filename: KW - Evian Christ - Talk To Me
Stems for a version when Evian Christ started work on it. Files are currently not avaliable, but the filenames are.",,,,85,Confirmed,Not Available,https://pastebin.com/CgqAdaG5
Yeezus,"Talk To Me
(feat. Assassin & Bon Iver) (prod. MIKE DEAN, Travis Scott, Sak Pase, Evian Christ & Anthony Kilhoffer)
(I'm In It)","OG Filename: talk2me85
Various stems, pitched Kanye vocal take, and original L + R files for the April 5th version. Does not contain full stems.","Apr 5, 2013","May 26, 2023",,85,Partial,Lossless,https://imgur.gg/f/vx2UgK9
Yeezus,"I'm In It
(feat. Bon Iver & Assassin) (prod. Kanye West, Noah Goldstein, MIKE DEAN, Arca, dom$olo & Evian Christ)
(Talk To Me)",Official stems.,"Jul 10, 2013",,3:57,85/120,OG File,Lossless,https://imgur.gg/f/gV73SuZ
Yeezus,"Awesome [Charlie Wilson Vocal Stem]
(feat. Charlie Wilson & Stevie Wonder)","OG Filename: Awesome Charlie Acapella
Charlie Wilson vocal stem.","May 4, 2013",,4:16,90,OG File,Lossless,https://imgur.gg/f/RlPLcwc
Yeezus,"Gay Girl In A Gay Bar
(feat. The Weeknd)
(Why Feel Bad)","OG Filename: KW Vox 2_02
Initial The Weeknd freestyle.","Jan 9, 2013","Apr 26, 2025",2:08,82,OG File,Lossless,https://imgur.gg/f/t7Ojpmi
Yeezus,"Good Life
(feat. T-Pain, John Legend & Ne-Yo)","OG Filename: Good Life KW Lead - Yeezus Tour
From the Yeezus tour. Has all the lead vocals. Clean.",,"Jul 19, 2025",4:21,84.99,OG File,Lossless,https://imgur.gg/f/3f9W9Nd
Yeezus,"Guilt Trip
(feat. Kid Cudi)",Official acapella.,,,2:59,138,OG File,Lossless,https://imgur.gg/f/JhJT6tC
Yeezus,"Jesus Walks
(feat. John Legend)","OG Filename: Jesus Walks KW Lead - Yeezus Tour
Yeezus Tour acapella.",,"Jul 20, 2025",3:15,87.4,OG File,Lossless,https://imgur.gg/f/baoIcAk
Yeezus,On Sight [Choir Stem],"OG Filename: Choir 10.21.13
Looped choir stem acapella.","Oct 21, 2013",,5:32,72,OG File,Lossless,https://imgur.gg/f/ltk25MI
Yeezus,Leafy,"OG Filename: Scratch Kanye LEAFY 94BPM-PnT2_01
Initial freestyle acapella. Made in the same session as ""I Am A God"".","Oct 5, 2012","Apr 26, 2025",2:26,94,OG File,Lossless,https://imgur.gg/f/ZThmaco
Yeezus,New Slaves [Kanye Vocal Stem],"OG Filename: Kanye End Vox NS
Acapella for the outro section. Starts at 2:53.","Jul 14, 2013",,3:25,141,OG File,Lossless,https://imgur.gg/f/qgVoSX4
Yeezus,New Slaves,"For release, Kanye recorded the outro for a song with an iPhone. the recording leaked in LQ sometime in early 2023.",,,0:25,141,Full,Low Quality,"https://imgur.gg/f/PmAcnTR
https://imgur.gg/f/M4aEbcj"
Yeezus,"Padded Walls
(Joyride)","OG Filename: KW Vox 1.01_03
Raw Kanye acapella.","Aug 26, 2012","Apr 26, 2025",7:10,99,OG File,Lossless,https://imgur.gg/f/3VEGrJG
Yeezus,"2 Chainz - Birthday Song
(feat. Kanye West)",Acapella. Slightly different compared to release. Has some random parts where the acapella messes up.,"Aug 14, 2012",,5:08,140,Full,Lossless,https://imgur.gg/f/YWrRGzr
Yeezus,"Fat Joe - Pride N Joy 
(ref. Rico Love) (feat. Kanye West)","OG Filename: kw vox 2 flat_01
Heard in the vocal bleed of a stem found in a bounces folder which leaked April 26th, 2025. Is taken from the Fat Joe song ""Pride N Joy"", but has a different artist doing Fat Joe's part. Might not be Fat Joe's song at this point.","May 16, 2012","Apr 26, 2025",3:17,95,OG File,Lossless,https://imgur.gg/f/eg7OiWg
Yeezus,"Beyoncé - Party
(feat. André 3000, Kanye West & Consequence)",Official acapella.,,,4:04,161,Full,CD Quality,https://imgur.gg/f/EIHrY0o
Yeezus,"John Legend - Get Comfortable
(ref. Kanye West)","OG Filename: KW Vox 1 01
Acapella.",,Apr 2022,1:35,71,OG File,Lossless,https://imgur.gg/f/sHc33Cd
Yeezus,"Lloyd Banks - Start It Up
(feat. Ryan Leslie, Kanye West, Swizz Beatz & Fabolous)",Acapella.,,,5:42,81,Full,High Quality,https://imgur.gg/f/0HubQaq
Yeezus,Ain't Nobody Bulletproof,"OG Filename: AIN'T NOBODY BULLETPROOF
Unknown when exactly made, but the metadata says it was made sometime in 2013.",,"Apr 26, 2025",3:42,80,OG File,CD Quality,https://imgur.gg/f/x2m24Me
Yeezus,Amazing,Instrumental for a Yeezus Tour version.,,,3:57,146,OG File,Lossless,https://imgur.gg/f/ueWvb9n
Yeezus,"Awesome
(feat. Charlie Wilson & Stevie Wonder)","OG Filename: KW - Awesome(Intrumental)@90BPM
Instrumental.","May 4, 2013",,4:15,90,OG File,Lossless,https://imgur.gg/f/l1KEhyQ
Yeezus,"Black Skinhead
(prod. Kanye West, Daft Punk, Gessafelstein, Brodinski, MIKE DEAN, Lupe Fiasco, Jack Donoghue & Noah Goldstein)",Official instrumental. Features minor beat differences.,,,3:10,130,Full,High Quality,https://imgur.gg/f/qDaPo9s
Yeezus,"Strange Fruit
(prod. Kanye West, Hudson Mohawke & Lunice)
(Blood On The Leaves)","OG Filename: KW - Strange Fruit Ref (1.26.13)
Earliest known version.","Jan 26, 2013","Apr 26, 2025",2:59,86,OG File,CD Quality,https://imgur.gg/f/LMu90yh
Yeezus,"Bound
(prod. Kanye West)
(Nobody To Love, Bound 2)","OG Filename: KW - Bound Ref (1.7.12)
Beat made all the way back in January of 2012. Has no vocals. Would later be combined with ""Nobody To Love"" to create ""Bound 2"".","Jan 7, 2012","Apr 26, 2025",2:33,150,OG File,High Quality,https://imgur.gg/f/rjDggDo
Yeezus,"Can't Get Over Me
(prod. Daft Punk)
(Fall Out Of Heaven)","OG Filename: Kw - Can't Get Over Me Instr Ref (2.24.13)
Instrumental. Exported 3.30.13.","Mar 24, 2013",,3:03,86.5,OG File,High Quality,https://imgur.gg/f/wzfjqTa
Yeezus,"Chamber
(prod. Daft Punk)
(Send It Up)","OG Filename: Daft - Chamber Beat (12.20.12)
Original version of the ""Send It Up"" beat with just drums.","Dec 20, 2012","Apr 26, 2025",1:57,97,OG File,CD Quality,https://imgur.gg/f/ht6Hmcz
Yeezus,"Gay Girl In A Gay Bar
(prod. Che Pope)
(Why Feel Bad)","OG Filename: KW - GGIAGB Instr (1.9.13).L
Earlier instrumental.","Jan 9, 2013","Apr 26, 2025",4:00,82,OG File,CD Quality,https://imgur.gg/f/igydvsK
Yeezus,"Gay Girl In A Gay Bar
(prod. Che Pope)
(Why Feel Bad)","OG Filename: KW - Gay Girl In A Gay Bar.7 (FOR MD)
Instrumental for a version. Intended to be sent to MIKE DEAN.","Jan 23, 2013",,3:48,82,OG File,Lossless,https://imgur.gg/f/40WU46V
Yeezus,"Good Things Don't Last
(prod. 88-Keys)
(Life Is This Way)","OG Filename: life is this way
Instrumental. Exported with Logic Pro 9.1.8, so it was likely made before the 24th October, 2012.",,,1:04,69,OG File,CD Quality,https://imgur.gg/f/B0PZCp2
Yeezus,"He's A Rebel
(prod. Kanye West)","OG Filename: KW - He's A Rebel Ref (1.24.13)
Instrumental found within the ""I Am A God"" session.","Jan 24, 2013","Apr 26, 2025",4:21,94,OG File,High Quality,https://imgur.gg/f/Y9jaBXg
Yeezus,"Lord
(prod. Daft Punk & Travis Scott)
(I Am A God)","OG Filenames: KW - Lord Ref (1.24.13) &
KW - Lord Instr (1.24.13) 112 BPM
Cut-down file leaked July 23rd 2024. Non-OG file leaked April 26th 2025.","Jan 24, 2013","Apr 26, 2025",4:06,112,OG File,CD Quality,https://imgur.gg/f/SLlL2ew
Yeezus,"Lost Bicycle
(prod. 88-Keys)","OG Filename: lost bicycle
Beat made for Yeezus that was recorded on. Instrumental leaked as a bonus for the second ""THIRSTY"" groupbuy.",,"Dec 15, 2024",2:59,75,OG File,CD Quality,https://imgur.gg/f/2lGcQs9
Yeezus,"I Am A God
(feat. Bon Iver) (prod. Daft Punk, MIKE DEAN & Kanye West)","OG Filename: KW - I Am A God (Instrumental) @ 112 BPM
Instrumental found within leaked stems. Quite similar to released beat, but features noticeable differences.","May 4, 2013",,4:02,112,OG File,Lossless,https://imgur.gg/f/LQdGIaz
Yeezus,"Jesus Walks
(feat. John Legend) (prod. Kanye West)",Leaked instrumental. Basically the same as release.,"Oct 13, 2013","Sep 24, 2026",3:42,87.4,Stem Bounce,Lossless,https://imgur.gg/f/fzFKkgL
Yeezus,"Jesus Walks
(feat. John Legend) (prod. Kanye West)","OG Filename: Jesus Walks Chile FULL SONG
Found inside the leaked beat stems. Is mono.","Dec 28, 2012","Sep 24, 2026",3:19,88,OG File,Low Quality,https://imgur.gg/f/FYqfMh1
Yeezus,"Maria
(prod. Kanye West)","OG Filename: Maria 2.0
2012 version of the instrumental.",,"Apr 26, 2025",3:30,75,OG File,High Quality,https://imgur.gg/f/dmNA9Ma
Yeezus,"Maria
(prod. Kanye West)","OG Filename: KW - Maria Ref (1.21.13)
Instrumental found within the ""I Am A God"" session. Parts were later reused in 2017 for a Love Everyone track of the same name.","Jan 21, 2013","Apr 26, 2025",5:52,75,OG File,CD Quality,https://imgur.gg/f/uNUUgGq
Yeezus,"New Slaves
(prod. Benjamin Bronfman)","OG Filenames: New Slaves &
808teeee
Seemingly an earlier Benjamin Bronfman version. Exported in iTunes 10.5.1.",,"Apr 26, 2025",2:00,76,OG File,CD Quality,https://imgur.gg/f/jIAZFTJ
Yeezus,"©O1DW1N†3®∞ (Cold Winter)
(feat. ???) (prod. Benjamin Bronfman)
(New Slaves)",Demo instrumental. Posted to Soundcloud by Benjamin Bronfman.,,,5:51,150,Full,CD Quality,https://imgur.gg/f/hGK1pnS
Yeezus,"On Sight
(prod. Kanye West, Daft Punk, MIKE DEAN & Benji B)",Official instrumental. Has extra reverb and fades out early.,,,,108.9,Partial,High Quality,https://imgur.gg/f/EsCH2qf
Yeezus,"On Sight
(prod. Kanye West, Daft Punk, MIKE DEAN & Benji B)",Official instrumental for the choir section.,,,0:55,72,OG File,Lossless,https://imgur.gg/f/dhgvIrH
Yeezus,"Padded Walls
(prod. Hit-Boy)
(Joyride)","OG Filename: Padded Walls Instrumental @ 99 BPM (12.15.12)
Instrumental.","Dec 15, 2012","Apr 26, 2025",2:44,99,OG File,CD Quality,https://imgur.gg/f/8BeRfjI
Yeezus,"POWER
(prod. Kanye West, Jeff Bhasker, MIKE DEAN, S1, Andrew Dawson & Travis Scott)",Yeezus Tour version.,,"Dec 15, 2022",5:02,154,OG File,Lossless,https://imgur.gg/f/ISNj6WN
Yeezus,"Turn Me Down
(prod. Kanye West)
(30 Hours)","OG Filename: KW - K Riggins - Turn Me Down (12.20.12)
Would be used years later to create ""30 Hours"".","Dec 20, 2012","Apr 26, 2025",2:16,91,OG File,High Quality,https://imgur.gg/f/ZqhnlGa
Yeezus,"White Dress
(prod. RZA & Kanye West)",Official instrumental. Features minor beat differences.,,,3:36,93,Full,Lossless,https://imgur.gg/f/sDJPjVu
Yeezus,"Why Does Summer Have To End
(prod. Kanye West & S1)","OG Filename: KW - Why Does Summer Have To End Ref (1.7.12)
Instrumental. Samples ""Summer Song / Summertime"" by Jackie & Roy.","Jan 7, 2012","Apr 26, 2025",3:04,100,OG File,CD Quality,https://imgur.gg/f/ZpOrdzT
Yeezus,"Work It
(prod. Kanye West)","OG Filename: KW - Work It Ref (1.18.13)
Kanye beat labeled as track 15 for an unknown reason.","Jan 18, 2013","Apr 26, 2025",2:53,116,OG File,CD Quality,https://imgur.gg/f/gPa3tgn
Yeezus,"???
(prod. MIKE DEAN)","OG Filename: 10 14 2012 2 Mike Dean
Unnamed Mike Dean beat.","Oct 14, 2012","Apr 26, 2025",3:54,132,OG File,Lossless,https://imgur.gg/f/ombq3yp
Yeezus,Yeezus Tour Mixes,"Full instrumentals used during the Yeezus Tour.

""On Sight""
""New Slaves""
""Send It Up""
""Mercy""
""Power""
""Cold""
""I Don't Like""
""Clique""
""Black Skinhead""
""I Am A God""
""Can't Tell Me Nothing (Remix)""
""Coldest Winter""
""Hold My Liquor""
""I'm In It""
""Guilt Trip""
""Heartless""
""Blood on the Leaves""
""Lost in the World""
""Runaway""
""Street Lights""
""Stronger""
""Through The Wire""
""Jesus Walks""
""Diamonds From Sierra Leone""
""Flashing Lights""
""All Of The Lights""
""Good Life""
""Bound 2""",,"Dec 17, 2022",1:50:03,Varied,OG File,CD Quality,https://imgur.gg/f/7gdPbZo
Yeezus,"Big Sean - Marvin & Chadonnay
(feat. Kanye West & Roscoe Dash) (prod. MIKE DEAN & Pop Wansel)",Instrumental. Leaked sometime in 2011.,,,3:43,66,Full,High Quality,https://www.youtube.com/watch?v=8KPw3mF6ym8
Yeezus,"John Legend - End Of It All
(prod. Kanye West & Camper)
(Oh My God, Hear Me Now)","OG Filename: Camper_End of it all
Instrumental found in sessions that have been bounced to include the left + right channels into one file.","Mar 24, 2011",,3:50,93,Stem Bounce,Lossless,https://imgur.gg/f/N5Hj9oY
Yeezus,"John Legend - End Of It All
(prod. Kanye West & Camper)
(Oh My God, Hear Me Now)","OG Filename: Camper_End of it all_Here ME NOW
Instrumental found in sessions that have been bounced to include the left + right channels into one file.","May 12, 2011",,3:34,93,Stem Bounce,Lossless,https://imgur.gg/f/LcJvCNj
Yeezus,"John Legend - Hear Me Now
(prod. Kanye West)
(Oh My God, End Of It All)","OG Filename: Hear me now_Selected
Instrumental found in sessions that have been bounced to include the left + right channels into one file.","Dec 12, 2012",,3:34,93,Stem Bounce,Lossless,https://imgur.gg/f/CXFYCz6
Yeezus,"John Legend - Hear Me Now
(prod. Kanye West)
(Oh My God, End Of It All)","OG Filename: Hear me now_Master
Instrumental found in sessions that have been bounced to include the left + right channels into one file. Has more hissing as the un-normalised version is extremely quiet.","Dec 12, 2012",,3:34,93,Stem Bounce,Lossless,https://imgur.gg/f/phUqvke
Yeezus,"John Legend - Flashlights
(prod. Kanye West)","Instrumental found in the session bounces. Samples the same song as The Life Of Pablo's ""Fade"".","Feb 3, 2011",,3:19,130,OG File,Lossless,https://imgur.gg/f/nrzY46j
Yeezus,"Nick Cannon - Big Spender
(feat. Kanye West)","Instrumental for the song, confirmed by a Discogs listing for the single. A side version.",,,,,Confirmed,Not Available,https://www.discogs.com/release/8932685-Nick-Cannon-Featuring-Kanye-West-Big-Spender?srsltid=AfmBOorIZGhNH-OKAmF_GQcE1vpWAiG5Qid-vl1lEqk7JH-X-5SC_Vr1
Yeezus,"Nick Cannon - Big Spender
(feat. Kanye West)","Instrumental for the song, confirmed by a Discogs listing for the single. B side version.",,,,,Confirmed,Not Available,https://www.discogs.com/release/8932685-Nick-Cannon-Featuring-Kanye-West-Big-Spender?srsltid=AfmBOorIZGhNH-OKAmF_GQcE1vpWAiG5Qid-vl1lEqk7JH-X-5SC_Vr1
Yeezus,"RZA - Whoa Oh Oh
(prod. RZA & Kanye West)
(White Dress)","OG Filename: Marvin Beat 78 BPM
Instrumental of the John Legend reference version.",,,3:54,78,OG File,CD Quality,https://imgur.gg/f/jh5RFGb
Yeezus,"The Game - Heartbreaker
(prod. RZA)",Instrumental. Longer than leaked version as it is the version of the beat given to The Game for his mixtape Purp and Patron.,,,4:31,74,Full,High Quality,https://imgur.gg/f/IYnGEi7
Yeezus,"I Am A God
(feat. Bon Iver) (prod. Daft Punk, MIKE DEAN & Kanye West)","OG Filename: KW - I Am A God TV - Met Ball (5.6.13)
TV Track found within leaked ""I Am A God"" stems.","May 4, 2013",,4:02,112,OG File,Lossless,https://imgur.gg/f/8ATSDEI
Cruel Winter [V1],"Chimes
(with Pusha T, Future, French Montana & Travis Scott)
(Heart Is So Cold, CHIMES RMX)","OG Filename: chimes VOCAL VERSION ACAPELLA MM EXCHANGE 44 16 MSTRD
Acapella.",,,3:12,142,OG File,Lossless,https://imgur.gg/f/XxB7NyY
Cruel Winter [V1],"Come Back To Me
(prod. DJ Camper)","OG Filename: Come Back To Me instrumental
Made sometime in 2013.",,"Jun 10, 2024",3:21,84,OG File,High Quality,https://imgur.gg/f/ht7BnbU
Cruel Winter [V1],"Chimes
(prod. Hudson Mohawke)
(Heart Is So Cold, CHIMES RMX)","OG Filename: chimes VOCAL VERSION INSTRUMENTAL MIX MM EXCHANGE 44 16 MSTRD
Intrumental.",,,3:12,142,OG File,Lossless,https://imgur.gg/f/wd0oE9A
Yeezus 2,"All Day (Remix)
(feat. Malik Yusef & Hass)","OG Filename: ALL DAY REMIX Project
Session for the ""All Day"" remix by Malik Yusef.",,,,123,OG File,Lossless,https://imgur.gg/f/IqcebQY
Yeezus 2,"Souls
(prod. Kanye West)
(Depiction of the Devil, Four Letter Word)","OG Filename: KW - Paul - Souls
Has multiple sessions.",,"Dec 27, 2023",,85,OG File,Lossless,"https://imgur.gg/f/4dtuhk3
https://drive.google.com/drive/folders/1adfcOyFvoojR0MmjES7XHgaY_nLLXlFd?usp=sharing"
Yeezus 2,"However You Want It
(feat. Paul McCartney)
(All Day)",Protools session. Refound by creeptheme.,,,4:54,123,OG File,Lossless,https://imgur.gg/f/1DC0nsC
Yeezus 2,"I Feel Like That
(prod. Hudson Mohawke, MIKE DEAN & John Mayer)","OG Filename: KW - I Feel Like.9 (FOR JM)
Session for the John Mayer version.","Jun 28, 2014",,3:46,110,OG File,Lossless,https://imgur.gg/f/nN7fUjr
Yeezus 2,"Roses And Revolvers
(prod. Travis Scott & MIKE DEAN)","OG Filename: KW - Travis Scott - Roses and Revolvers
Session to the freestyle.","Jan 9, 2014",,3:41,83,OG File,Lossless,https://imgur.gg/f/XAU1rfQ
Yeezus 2,"Sexual Healing
(prod. Mustard)
(The Fix)","OG Filename: KW - Mustard - Sexual Healing
Session for the freestyle seen in a file list, unleaked.",,,,,Rumored,Not Available,https://ibb.co/fY0yjxf0
Yeezus 2,Piss On Your Grave,Leaked stems for the solo Kanye version.,"Oct 2, 2014",,1:48,118.5,OG File,Lossless,https://imgur.gg/f/wAkFMZr
Yeezus 2,"Pusha T - Coming Home
(prod. dom$olo & Keyon Christ)
(Afta U, After You, Reaper)","OG Filename: Coming Home MTS
Leaked beat stems for Keyon Christ's version.","May 1, 2014","Mar 11, 2024",3:05,83,OG File,Lossless,https://imgur.gg/f/yTS8YrU
Yeezus 2,"Cathy's Arrogance
(Never Lose)","OG Filename: Cathy's Arrogance KW Ref
Acapella for the original freestyle.","Jan 5, 2014","Nov 9, 2025",1:30,65,OG File,Lossless,https://imgur.gg/f/LvkLbxb
Yeezus 2,"Only One
(ref. John Legend)",Leaked acapella of the John Legend reference track.,,,4:21,102,OG File,CD Quality,https://imgur.gg/f/nFOyxo9
Yeezus 2,"Future - I Won
(feat. Kanye West)",Leaked studio quality acapella.,,,3:58,84,Full,CD Quality,https://imgur.gg/f/ZHIyeyn
Yeezus 2,"3
(prod. Kirby Lauryen)
(FourFiveSeconds)","OG Filename: 45 seconds kirby acougtr 
Instrumental for an early version of the song.",,,3:09,103,OG File,CD Quality,https://imgur.gg/f/1GCPbVc
Yeezus 2,A Pas de Velour,"OG Filename: KW - A Pas de Velour Instr @ 91 BPM (1.7.14)
Instrumental to an unknown song seen on a filelist for a January 8th, 2014 copy of Yeezus 2.","Jan 7, 2014",,,91,Confirmed,Not Available,https://ibb.co/CKbCsDBb
Yeezus 2,"Afta U
(prod. dom$olo)
(After You, Coming Home, Reaper)","OG Filename: KW - afta u loop @ 79.7 BPM
Original sample loop.",,"Sep 30, 2023",0:50,79.7,OG File,Lossless,https://imgur.gg/f/PerjHhH
Yeezus 2,All Day (Remix),"OG Filename: all day PROTOTYPE
Prototype remix insturmental. Unknown exactly when made.",,,2:45,125,OG File,CD Quality,https://imgur.gg/f/cS6wEi4
Yeezus 2,"Cathy's Arrogance
(Never Lose)","OG Filename: Cathy's Arrogance @ 65 BPM
Instrumental for the original freestyle.","Jan 5, 2014","Nov 9, 2025",1:28,65,OG File,Lossless,https://imgur.gg/f/2fVgzRa
Yeezus 2,"Faded
(Wolves)","OG Filename: KW - Faded Loop @ 75 BPM (1.8.14)
Early instrumental, bounced one day after the initial Kanye freestyle.","Jan 8, 2014",,2:59,75,OG File,High Quality,https://imgur.gg/f/1LPeQhb
Yeezus 2,"Fall Into You
(prod. 88-Keys)
(Indian Giver)","OG Filename: indian giver 88.7 BPM
Instrumental.",,"Dec 15, 2024",1:27,88.7,OG File,CD Quality,https://imgur.gg/f/5Yk8WQZ
Yeezus 2,God Level,"OG Filename: KW - God Level Instr 1.7.14
Instrumental for an early January version. Just a loop.","Jan 7, 2014",,1:54,84.2,OG File,CD Quality,https://imgur.gg/f/Y52J1PE
Yeezus 2,God Level,"OG Filename: KW - God Level Ref Instrumental (3.31.14)
Instrumental for a March version with some additional production.","Mar 31, 2014",,1:51,84.2,OG File,CD Quality,https://imgur.gg/f/a8A30aU
Yeezus 2,"God Level
(prod. 88-Keys, Hudson Mohawke, MIKE DEAN & Noah Goldstein)","OG Filename: KW - God Level Instrumental Ref (5.10.14)
Instrumental.","May 10, 2014","Oct 2, 2022",2:28,84.2,OG File,CD Quality,https://imgur.gg/f/Zn2s0we
Yeezus 2,"Gut Feeling
(prod. 88-Keys)","OG Filename: jehovah witness
Instrumental.",,"Dec 15, 2024",1:19,88,OG File,CD Quality,https://imgur.gg/f/9sk9aun
Yeezus 2,"Hold Me Close
(prod. S1)","OG Filename: KW - Hold Me Close Ref (1.28.14)
Instrumental only version. Unknown how different it is from previous versions.","Jan 28, 2014",,4:07,120,OG File,CD Quality,https://imgur.gg/f/lD3VHcD
Yeezus 2,"Keahole
(prod. Hudson Mohawke)","OG Filename: Keahole ft Kanye West
Snipppet for this song leaked July 20th 2024. Fully leaked after a a successful Soakbuy.",,"Mar 30, 2025",3:48,129,OG File,CD Quality,https://imgur.gg/f/sHdWaBt
Yeezus 2,"Never Lose
(prod. Young Chop)","OG Filename: KW - Never Lose Instr (2.11.14)
Instrumental for an early version.","Feb 11, 2014","Oct 2, 2022",2:59,128,OG File,CD Quality,https://imgur.gg/f/hHnvWMF
Yeezus 2,"Nina Chop
(prod. Hudson Mohawke)
(Famous)","OG Filename: NINA CHOP HM RUFF 80 BPM
Version produced by Hudson Mohawke. Made sometime in April 2014. Original snippet leaked May 13th, 2024.",,"May 17, 2024",3:42,80,OG File,CD Quality,https://imgur.gg/f/HFiYupg
Yeezus 2,"Only One
(prod. Noah Goldstein, Kanye West, MIKE DEAN & Paul McCartney)",Leaked instrumental of the John Legend reference track.,,,4:21,102,OG File,CD Quality,https://imgur.gg/f/P8pY0YI
Yeezus 2,Thank You,"OG Filename: KW - Thank You
Instrumental from Yeezus 2 era.","Feb 11, 2014","Sep 25, 2023",2:22,96,OG File,Lossless,https://imgur.gg/f/hGVEc7y
Yeezus 2,"The World
(prod. Keyon Christ)","OG Filename: TheWorld (Master)
Instrumental in in a April 2014 folder called ""Mitus - April (kanye&jcole)"". Leaked by Alek. It has been confirmed by Keyon in a May interview that Ye recorded over this, but we won't be getting the vox. Posted again on his Spore website (still without vocals) in 2024.","Apr 21, 2014",,3:55,110,OG File,Lossless,https://imgur.gg/f/RUAXTNP
Yeezus 2,"Tom Cruise
(All Your Fault)","OG Filename: KW - Tom Cruise Ref (4.18.14)
Later version, nearly double the length of the previously leaked demo, and longer than the released version. Features are unconfirmed, but may include Travis Scott and Big Sean.","Apr 18, 2014","Sep 21, 2023",4:26,100,OG File,CD Quality,https://imgur.gg/f/jD1htd3
Yeezus 2,"Rule The World
(feat. Miley Cyrus & Travis Scott) (prod. Mike WiLL Made-It & Lido)
(Everybody Wants To Rule The World, Black Skinhead Remix)","OG Filename: KW - Rule The World Ref (1.10.14)
January 2014 version. Features a much more further along beat, separating itself from the original ""Black Skinhead Remix"" instrumentals. It's currently unknown if Ye recorded any vocals.","Jan 10, 2014","Oct 14, 2023",4:00,128,OG File,Lossless,https://imgur.gg/f/g312Ch1
Yeezus 2,"Use Your Love
(prod. DJ Mano)","OG Filename: Copy of KW - Mano - Use Your Love.2
Instrumental for the unleaked Yeezus 2 freestyle ""Use Your Love"". Unknown when exactly this leaked, or who leaked it.",,,2:00,129,OG File,CD Quality,https://imgur.gg/f/9dgOZaF
Yeezus 2,"When I See It
(Soul Dog, Tell Your Friends)","OG Filename: WISI
Version found on CyHi's ypm playlist. Just instrumental. Leaked as part of a groupbuy.",,"Jul 22, 2024",1:56,74.5,OG File,High Quality,https://imgur.gg/f/dAbOJkW
Yeezus 2,"When I See It 
(Soul Dog, Tell Your Friends)","OG Filename: KW When I See It Instrumental 74.5 BPM
Leaked as a part of the ""Karate Kid"" GB.",,"Dec 22, 2022",2:08,74.5,OG File,High Quality,https://imgur.gg/f/pl5hVwI
Yeezus 2,"When I See It
(prod. MIKE DEAN)
(Soul Dog, Tell Your Friends)",Alternate instrumental with an extended outro released by MIKE DEAN on Soundcloud.,,,4:09,74.5,OG File,High Quality,https://imgur.gg/f/Fq8MF52
Yeezus 2,"The Weeknd - Tell Your Friends
(feat. Kanye West) (prod. MIKE DEAN)
(Soul Dog, When I See It)","Leaked instrumental for the release version, still contains the muffled Kanye bridge.",,,5:28,74.5,OG File,Lossless,https://imgur.gg/f/51gJR0c
Yeezus 2,"Why Can't We Live Together
(Live Together)","OG Filename: KW - Why Can't We Live Together Ref (1.7.14)
An updated version, where it just replays one part over and over again.","Jan 28, 2014",,1:12,106,OG File,CD Quality,https://imgur.gg/f/zjNLh57
Yeezus 2,Wolves,"OG Filename: W
Early version with no vocals. Leaked as part of a groupbuy.",,"Jul 22, 2024",2:59,75,OG File,High Quality,https://imgur.gg/f/iG3fgSL
Yeezus 2,Wondering,"OG Filename: KW - Wondering Ref (1.9.14)
Similar to later versions, but with a slightly different outro.","Jan 9, 2014",,3:28,127,OG File,Lossless,https://imgur.gg/f/bsXWdZR
Yeezus 2,Wondering,"OG Filename: 09 KW - Wondering Ref (1.28.14)
Further developed version.","Jan 28, 2014","Sep 24, 2023",3:24,127,OG File,CD Quality,https://imgur.gg/f/BWeEEmf
Yeezus 2,"DJ Mano - Been Trill
(feat. Treated Crew) (prod. DJ Mano)
(3500, I Been Trill)",Instrumental for an early version.,,,3:05,124,OG File,CD Quality,https://imgur.gg/f/cHF0qem
Yeezus 2,"Black Skinhead (Remix)
(feat. Miley Cyrus & Travis Scott) (prod. Mike WiLL Made-It)
(Rule The World, Everybody Wants To Rule The World)","OG Filename: BSH RMX TV FOR REHEARSAL
TV track.",,,4:17,130,OG File,CD Quality,https://imgur.gg/f/MclBtcc
So Help Me God,"Mind Power
(ref. Pusha T, Styles P, Aasim, Gizzle & Tricky Stewart) (feat. The-Dream & Diddy) (prod. 88-Keys, MIKE DEAN & DJ Mano)
(Start Time, Star Time, The Mind Is Powerful)","OG Filename: KW MiNDPOWER
Protools sessions from So Help Me God era. Contains multiple reference tracks including ones from Pusha T, Styles P and way more. Also has multiple alt prod versions, including from Mike Dean & Mano, more unused Kanye vocals, including Ye doing the hook, a ton of writer refs, stems for multiple versions and Diddy adlibs. Leaked after a soakbuy.","Mar 19, 2015","Apr 17, 2025",Varied,99.2,OG File,Lossless,https://imgur.gg/f/ZRjTPE4
So Help Me God,"Enya 
(feat. Theophilus London) (prod. Kanye West, Charlie Heat & Theophilus London)
(Waves)",Stems for a early version with extra Theophilus London vocals. Leaked after a Soakbuy.,"Mar 15, 2015","Mar 30, 2025",2:19,96.1,OG File,Lossless,https://imgur.gg/f/jVmEkBz
So Help Me God,"Fade
(feat. Ty Dolla $ign & James Blake) (prod. Benji B)","OG Filename: FADE STEMS @ 120BPM (3.3.15)
OG Password: AllDayIDream
Stems for the 2015 James Blake version.","Mar 3, 2015",,4:22,120,OG File,Lossless,https://imgur.gg/f/wci87ow
So Help Me God,"FourFiveSeconds
(feat. Rihanna & Paul McCartney) (prod. Kanye West, Paul McCartney, MIKE DEAN, Dave Longstreth, Noah Goldstein & Kuk Harrell)
(3)",16 track stems for the release version.,"Jan 26, 2015",,3:11,103,OG File,Lossless,https://imgur.gg/f/vwcY0Bq
So Help Me God,"Rihanna - Bitch Better Have My Money
(prod. Kanye West, Travis Scott, WondaGurl & Deputy)",Final multitrack stems.,"Mar 25, 2015","Jan 5, 2022",3:11,103,OG File,Lossless,https://pillows.su/f/ebb30ee8cdae41be1cb48f29dd94599e
So Help Me God,"All Day
(feat. Allan Kingdom, Theophilus London & Paul McCartney)
(However You Want It)","OG Filename: KW - All Day Acapella Explicit 3-3-15 -VM-
Acapella for the performance version (which is basically the same as release).","Mar 3, 2015",,5:10,123,OG File,Lossless,https://imgur.gg/f/8rQduxb
So Help Me God,"All Day
(feat. Allan Kingdom, Theophilus London & Paul McCartney)
(However You Want It)","OG Filename: KW - All Day Performance ACC 5.12.15 4
Acapella for the performance version (which is basically the same as release). Solo Kanye.","May 12, 2015",,4:02,123,OG File,Lossless,https://imgur.gg/f/qV7iIQA
So Help Me God,All Day [Live Vocals],"OG Filename: KW - All Day Live Vox
Live vocals that was never used on release.",,,4:09,123,OG File,Lossless,https://imgur.gg/f/uuWrYsw
So Help Me God,All Day [Live Vocals Delay],"OG Filename: All Day Live Vox Delay
Live vocal delay that was never used on release.",,,4:09,123,OG File,Lossless,https://imgur.gg/f/skgodOS
So Help Me God,"New God [Kanye Vocal Stem]
(New God Flow)","OG Filename: New God ROC Classic KW ACC 2.11.15
Kanye acapella was re-bounced during SHMG era for unknown reasons. Leaked during the Pressure groupbuy.","Feb 11, 2015",,4:00,174,OG File,Lossless,https://imgur.gg/f/ZycairA
So Help Me God,"Wolves
(feat. VIC MENSA)","OG Filename: KW - Wolves XOYO ACC 3.3.15
Acapella.","Mar 3, 2015",,2:55,156,OG File,Lossless,https://imgur.gg/f/UFbw24H
So Help Me God,"???
(Murder The Hero)",Unknown song acapella. Made in 2015 and sounds like it was recorded on an iPhone.,,"Aug 19, 2025",,87,Snippet,High Quality,https://imgur.gg/f/16Hf9za
So Help Me God,"Big Sean - All Your Fault
(feat. Kanye West & Travis Scott)","OG Filename: All Your Fault - Acapella rkMIX 9 REV MASTERED DK
Acapella.","Jan 30, 2015",,3:47,100,OG File,Lossless,https://imgur.gg/f/YvHgcbt
So Help Me God,"Big Sean - Blessings [Extended Version]
(feat. Drake, Kanye West, Gregg Rominiecki, Allison Porter, Jahaan Sweet, Jake Nelson, Michael St. Peter & Sophia Kaminski)","OG Filename: Blessings ROC Classic ACC No Drake_2.11.15
Acapella with both of Big Sean's verses and Ye's verse, no Drake.","Feb 11, 2015",,3:54,119,OG File,Lossless,https://imgur.gg/f/SwDxxdH
So Help Me God,"Big Sean - Blessings [Extended Version]
(feat. Drake, Kanye West, Gregg Rominiecki, Allison Porter, Jahaan Sweet, Jake Nelson, Michael St. Peter & Sophia Kaminski)","OG Filename: Blessings XOYO ACC No Drake_2.11.15
Acapella with both of Big Sean's verses and Ye's verse, no Drake. Identical to above, but with a different filename.","Feb 11, 2015",,3:54,119,OG File,Lossless,https://imgur.gg/f/DaTwvUp
So Help Me God,"Big Sean - Blessings [Extended Version]
(feat. Drake, Kanye West, Gregg Rominiecki, Allison Porter, Jahaan Sweet, Jake Nelson, Michael St. Peter & Sophia Kaminski)","OG Filename: Blessing ACC Sean x Kanye 1 Vs Each KOKO 3.3.15
Acapella with just one of Big Sean's verses and Ye's verse, no Drake.","Mar 3, 2015",,2:49,119,OG File,Lossless,https://imgur.gg/f/TnQefTc
So Help Me God,"Big Sean - Blessings [Extended Version]
(feat. Drake, Kanye West, Gregg Rominiecki, Allison Porter, Jahaan Sweet, Jake Nelson, Michael St. Peter & Sophia Kaminski)","OG Filename: Blessing Powerhouse 2015 Edit ACC KW Only
Acapella with just Ye's verse, no Big Sean or Drake.","May 1, 2015",,1:36,119,OG File,Lossless,https://imgur.gg/f/97EL1yD
So Help Me God,"Big Sean - Blessings
(feat. Drake)","OG Filename: Blessings - Acapella MIX 1G -3db MASTERED DK
Acapella that has no Ye.",,,4:08,119,OG File,Lossless,https://imgur.gg/f/aa0HQ4l
So Help Me God,"Big Sean - I Don't Fuck With You
(feat. E-40)
(Turn Up)","OG Filename: IDFWY - Acapella KW EDIT rkMIX 8 MASTERED DK
Acapella. Produced by Kanye.","Jan 30, 2015",,4:23,98,OG File,Lossless,https://imgur.gg/f/hD9v2NL
So Help Me God,Rihanna - Bitch Better Have My Money,"OG Filename: R-BITCH BETTER HAVE MY MONEY-travis and dep ver.1.ACA
Acapella.","Apr 3, 2015","Jan 5, 2022",3:39,103,OG File,Lossless,https://imgur.gg/f/Pvb1f0p
So Help Me God,"All Day
(prod. Charlie Heat, Diddy, French Montana, Kanye West, MIKE DEAN, Noah Goldstein, Velous, Allen Ritter, Mario Winans, Plain Pat & Travis Scott)
(However You Want It)","OG Filename: KW - All Day Instrumental 3-3-15 -VM-
Instrumental for the performance version (which is basically the same as release)","Mar 3, 2015",,5:10,123,OG File,Lossless,https://imgur.gg/f/VzSuavo
So Help Me God,"I Feel Like That
(feat. Ty Dolla $ign & The WRLDFMS Tony Williams) (prod. Kanye West & Hudson Mohawke)","OG Filename: KW - I Feel Like That Instrumental  @ 110 BPM
Instrumental featuring Ty Dolla $ign and The WRLDFMS Tony Williams. Is the version used on the August 20th 2014 version of the song.","Aug 20, 2014",,5:58,110,OG File,Lossless,https://imgur.gg/f/bj7B4dT
So Help Me God,"Say You Will
(feat. Caroline Shaw)",Released instrumental of the SoundCloud version. Features vocals from Caroline Shaw.,,,4:45,86,Full,High Quality,https://imgur.gg/f/2oVtHEb
So Help Me God,"Ultimate Lie
(prod. Kanye West)","OG Filename: KW - Ultimate Lie Instrumental 2 (8.22.14)
Instrumental for the third version. Longer than the second version, but shorter than the first version.","Aug 22, 2014",,2:23,80.2,OG File,High Quality,https://imgur.gg/f/AvV4qkr
So Help Me God,"Big Sean - All Your Fault
(prod. Kanye West, OGWebbie, Nashiem Myrick & Mano)","OG Filename: All Your Fault - Instrumental rkMIX 9 REV MASTERED DK
Instrumental.",,,3:44,100,OG File,Lossless,https://imgur.gg/f/0Grgw7q
So Help Me God,"JAŸ-Z - Whole Lifetime
(prod. Hit-Boy)
(Not Enough Time, Never In My Whole Lifetime)","Instrumental for a 2015 version of the song. Is pitched down compared to earlier versions, with an extended sample chop and a beatswitch not heard in any other version of the song. Is likely JAŸ-Z's song at this point, due to the fact that Hit-Boy and Ye were on bad terms in 2015.",,"Jul 23, 2024",3:53,142,OG File,CD Quality,https://imgur.gg/f/pnaPE8X
So Help Me God,"Rihanna - Bitch Better Have My Money
(prod. Kanye West, Travis Scott, WondaGurl & Deputy)","OG Filename: R-BITCH BETTER HAVE MY MONEY-travis and dep ver.1.INSTR
Instrumental.","Apr 3, 2015","Jan 5, 2022",3:39,103,OG File,Lossless,https://imgur.gg/f/E2DsQFj
So Help Me God,"Tyler, The Creator - SMUCKERS
(prod. Tyler, The Creator)",Instrumental.,,"Oct 12, 2018",5:35,79 / 73-75,Full,Lossless,https://imgur.gg/f/JrOo5hv
So Help Me God,"All Day
(feat. Allan Kingdom, Theophilus London & Paul McCartney) (prod. Charlie Heat, Diddy, French Montana, Kanye West, MIKE DEAN, Noah Goldstein, Velous, Allen Ritter, Mario Winans, Plain Pat & Travis Scott)
(However You Want It)","OG Filename: KW - All Day Performance 5.12.15
TV Track for a performance version.","May 12, 2015",,4:02,123,OG File,Lossless,https://imgur.gg/f/tn7Z3mv
So Help Me God,"Wolves
(feat. VIC MENSA) (prod. Cashmere Cat & Sinjin Hawke)","OG Filename: KW - Wolves XOYO Performance 3.3.15
TV Track.","Mar 3, 2015",,2:55,156,OG File,Lossless,https://imgur.gg/f/QRYH6bx
So Help Me God,"Big Sean - Blessings [Extended Version]
(feat. Drake, Kanye West, Gregg Rominiecki, Allison Porter, Jahaan Sweet, Jake Nelson, Michael St. Peter & Sophia Kaminski) (prod. Vinylz & Allen Ritter)","OG Filename: BLESSINGS - TV V3 - SEAN V1 V2 KANYE - mj 02.07.15
TV Track.","Feb 7, 2015",,3:54,119,OG File,Lossless,https://imgur.gg/f/HGAONnT
So Help Me God,"Big Sean - Blessings [Extended Version]
(feat. Drake, Kanye West, Gregg Rominiecki, Allison Porter, Jahaan Sweet, Jake Nelson, Michael St. Peter & Sophia Kaminski) (prod. Vinylz & Allen Ritter)","OG Filename: Blessings ROC Classic TV No Drake 2.11.15
TV Track with space for both of Big Sean's verses and Ye's verse, no Drake.","Feb 11, 2015",,3:54,119,OG File,Lossless,https://imgur.gg/f/ZI33UJY
So Help Me God,"Big Sean - Blessings [Extended Version]
(feat. Drake, Kanye West, Gregg Rominiecki, Allison Porter, Jahaan Sweet, Jake Nelson, Michael St. Peter & Sophia Kaminski) (prod. Vinylz & Allen Ritter)","OG Filename: Blessings XOYO TV No Drake_2.11.15
TV Track with space for both of Big Sean's verses and Ye's verse, no Drake. Identical to above, but with a different filename.","Feb 11, 2015",,3:54,119,OG File,Lossless,https://imgur.gg/f/3EyBQJd
So Help Me God,"Big Sean - Blessings [Extended Version]
(feat. Drake, Kanye West, Gregg Rominiecki, Allison Porter, Jahaan Sweet, Jake Nelson, Michael St. Peter & Sophia Kaminski) (prod. Vinylz & Allen Ritter)","OG Filename: Blessings Sean x Kanye 1 Vs Each KOKO 3.3.15
TV Track with space for just one of Big Sean's verses and Ye's verse, no Drake.","Mar 3, 2015",,2:49,119,OG File,Lossless,https://imgur.gg/f/gUahdC7
So Help Me God,"Big Sean - Blessings [Extended Version]
(feat. Drake, Kanye West, Gregg Rominiecki, Allison Porter, Jahaan Sweet, Jake Nelson, Michael St. Peter & Sophia Kaminski) (prod. Vinylz & Allen Ritter)","OG Filename: Blessing Powerhouse 2015 Edit KW Only
TV track with just the section for Ye's verse, no Big Sean or Drake.","May 1, 2015",,1:36,119,OG File,Lossless,https://imgur.gg/f/l1V5peK
So Help Me God,"Big Sean - Blessings [Extended Version]
(feat. Drake, Kanye West, Gregg Rominiecki, Allison Porter, Jahaan Sweet, Jake Nelson, Michael St. Peter & Sophia Kaminski) (prod. Vinylz & Allen Ritter)","OG Filename: BLESSINGS TV
TV track including an extra open for Sean's second verse on the non-extended version of the track.","Nov 0?, 2015",,5:06,119,OG File,Lossless,https://imgur.gg/f/SgOQF6e
So Help Me God,"Big Sean - I Don't Fuck With You
(prod. Kanye West, Mustard, Mikely ""Mike Free"" Adam, DJ Dahi & KeY Wane)
(Turn Up)",TV Track.,,,4:00,98,OG File,CD Quality,https://imgur.gg/f/cFnMAwE
SWISH,"Accelerate
(ref. Bibi Bourelly) (feat. Ty Dolla $ign & Big Sean) (prod. Kanye West, MIKE DEAN, Che Pope & Honorable C.N.O.T.E.)
(Pick Up Your Speed, Auxillary)","OG Filenames: Accelerate_Do Not Use &
accerlate_Che - C Note
Copy of Pick Up Your Speed.2_Accelerate
Multiple sessions. Leaked as part of a groupbuy.",Varied,"Dec 30, 2023",Varied,128,OG File,Lossless,https://imgur.gg/f/1C11MwP
SWISH,"Bad Night
(ref. Tyga) (feat. Young Thug)
(Rap Tarantino, Man Up, Too Reckless)","Session for the Tyga ref. Originally dated November 7th, 2015, but was seemingly worked with again on October 21st, 2016, as some files are dated as such","Nov 7, 2015",,Varied,110,OG File,Lossless,https://imgur.gg/f/TR4JgUq
SWISH,"Fade
(feat. Ty Dolla $ign & Lil Uzi Vert) (prod. Benji B)","OG Filename: trav uzi fade
Sessions for the Lil Uzi Vert version. Leaked as part of a groupbuy.","Oct 14, 2015",,Varied,106,OG File,Lossless,https://imgur.gg/f/CwAQU4X
SWISH,"Fade
(feat. Ty Dolla $ign & Post Malone) (prod. Kanye West, Kevin Smith, Robert Bisel, Ricardo Kim, MIKE DEAN, DJDS, Anthony Kilhoffer, Noah Goldstein, Benji B & Charlie Handsome)","OG Filename: Copy of Fade.48 (FOR MM MIX 1)
OG Password: AllDayIDream
Session for an early version. Was thought to be lost for a long time, but was refound by Atticus.","Jan 25, 2016",,3:20,106,OG File,Lossless,https://imgur.gg/f/YTvoj7J
SWISH,"Nina Chop
(feat. Rihanna & Chance the Rapper)
(Famous)",Session. Vocals from Chance the Rapper are confirmed to be in the session.,"Jan 21, 2016",,4:02,123,Snippet,Lossless,https://imgur.gg/f/6XtfsqC
SWISH,"Pressure
(feat. Travis Scott) (prod. Havoc)
(Can U Be)","OG Filename: trav uzi pressure
Sessions for the Travis Scott bridge. Leaked as part of the ""Pressure"" groupbuy.","Oct 14, 2015","May 26, 2024",Varied,111,OG File,Lossless,https://imgur.gg/f/pzRHTMl
SWISH,"Drake - Revenge
(feat. Kanye West) (prod. 40)
(Summer Sixteen)","Raw acapella + instrumental files are included in the full ""30 Hours"" session that leaked November 21st 2023 for both ""Pop Style"" and ""Revenge"", however the PTX files have not leaked for these yet.",,,,149,Confirmed,Not Available,"https://imgur.gg/f/CXZvkPb
https://drive.google.com/drive/folders/1G_VERj9RADRRO-c1SwwHJfEATBqkS5AP?usp=sharing"
SWISH,"Drake - Yoga Flame
(feat. Kanye West) (prod. 40, Boi-1da, Ging & Sevn Thomas)
(Pop Style)","Raw acapella + instrumental files are included in the full ""30 Hours"" session that leaked November 21st 2023 for both ""Pop Style"" and ""Revenge"", however the PTX files have not leaked for these yet.",,,,133,Confirmed,Not Available,"https://imgur.gg/f/CXZvkPb
https://drive.google.com/drive/folders/1G_VERj9RADRRO-c1SwwHJfEATBqkS5AP?usp=sharing"
SWISH,808s & Heartbreak: Live at Hollywood Bowl Stems,"Full semi-compiled stems for every track on the 808's Hollywood Bowl. Both copies (reddit ""producer's"" + Hogan's) are unofficial and are made using these stems.","Sep 2, 2015","Mar 10, 2025",Varied,Varied,OG File,Lossless,"https://pillows.su/f/535d66dced9c36510ea30b9dc74f4f55
https://pixeldrain.com/u/1B85Fg7i"
SWISH,"Bad Night
(Rap Tarantino, Man Up, Too Reckless)","OG Filename: Bad Night @ 110 BPM
Stems for an October 2015 version. Found in the session file. Most likely not all the files.","Oct 21, 2015",,4:31,110,Partial,Lossless,https://imgur.gg/f/fzbQv2m
SWISH,"Fade
(feat. Ty Dolla $ign) (prod. Benji B)","OG Filename: Fade Stems @ 106 BPM
Version from 2015. Has no Post Malone and beatbox Kanye drums.","Aug 26, 2015",,2:57,106,OG File,Lossless,https://imgur.gg/f/zneYQZ3
SWISH,"Fade
(prod. ???)",Additional production stems found in the January 25th and March 11th sessions. Was made sometime before January 31st 2016.,,,3:01,106,OG File,Lossless,https://imgur.gg/f/lX0g2i1
SWISH,"Father Stretch [V4]
(feat. Caroline Shaw) (prod. Kanye West, Hudson Mohawke & Havoc)
(Father Stretch My Hands, Pt. 1)","Stems for an early version of ""Father Stretch My Hands Pt. 1"" with Havoc drums layered over the freestyle with Hudson Mohawke production. Also features Caroline Shaw's vocals that were later used in ""Pt. 2"".",,,4:31,113,OG File,Lossless,https://imgur.gg/f/UcZBP4W
SWISH,"FML
(feat. Travis Scott)","First version with Kanye vocals, containing a mumble verse and hook, and different production from other versions of the song. Leaked after a successful groupbuy.","Dec 9, 2015",,1:21,120,OG File,Lossless,https://imgur.gg/f/G68qtJa
SWISH,"FML
(feat. Travis Scott)",Later version with more finished Kanye vocals and further along instrumental. Same Travis Scott vocals as the previous version. Leaked after a blind groupbuy.,,"May 6, 2022",2:53,123,OG File,Lossless,https://imgur.gg/f/yY7eiyG
SWISH,"FML [Harpsichord Stems]
(feat. Travis Scott) (prod. Darren King)",Harpsichord stems from the Darren King version.,,,1:04,123,OG File,Lossless,https://imgur.gg/f/ZDlLq4L
SWISH,"Forever
(prod. Darren King & Keyon Christ)",Stems for the Darren King version.,"Aug 17, 2015",,2:21,136,OG File,Lossless,https://imgur.gg/f/cBdRO7O
SWISH,"Highlights
(feat. The WRLDFMS Tony Williams & Young Thug)
(Go Pro)","OG Filename: Highlights STM @ 100 BPM
Similar to the version Mez and Bobby James recorded over, with the early Kanye mumble verse (though it doesn't have the ""D's to an A-Cup"" line at 1:55), but lacks Madonna and instead now has vocals from Young Thug.",Nov 2015,"Oct 3, 2025",3:21,100,OG File,Lossless,https://imgur.gg/f/xxtHrb5
SWISH,"Highlights
(feat. The WRLDFMS Tony Williams & Young Thug)
(Go Pro)","OG Filename: Highlights
Has an early version of the first verse and a mostly completely alternate half finished, half mumble second verse. Instrumental has a different bassline and is more simplistic.",,"Jan 10, 2022",3:53,100,OG File,Lossless,https://imgur.gg/f/Dl2vhcV
SWISH,"Pressure
(prod. Havoc)
(Can U Be)","OG Filename: Pressure Stems @ 111 BPM
Stems for the solo Kanye version. Dated between August 10th and August 19th.",,"May 26, 2024",4:00,111,OG File,Lossless,https://imgur.gg/f/V0o43ae
SWISH,"Wolves
(feat. Caroline Shaw & Frank Ocean) (prod. Havoc, Cashmere Cat & Sinjin Hawke)","OG Filename: Wolves
Stems for Caroline Shaw / Havoc version with some unbounced added production.",,,4:05,156,OG File,Lossless,https://imgur.gg/f/bh7VkqJ
SWISH,"WE FUCK 
(prod. Darren King & MIKE DEAN)
(Freestyle 4, Fuck RT Now)","OG Filename: WE FUCK
Darren King-produced SWISH version. Contains alternate verses and MIKE DEAN production.",,,3:21,126,OG File,CD Quality,https://imgur.gg/f/fNYLpD8
SWISH,"Come and Go
(ref. Lil Uzi Vert)
(That's On You)","OG Filename: Uzi x Kw Thats On You (no EFX aca)
Leaked acapella for the Lil Uzi Vert reference. Dated 2015.",,"Mar 13, 2025",3:03,136,OG File,CD Quality,https://imgur.gg/f/wOVITBE
SWISH,"Fade
(feat. Post Malone)","OG Filename: reCUT 01
Raw acapella stem for Post Malone's cutdown freestyle.","Aug 22, 2015","Oct 10, 2023",4:52,106,OG File,Lossless,https://imgur.gg/f/59fA1b8
SWISH,Forever,"OG Filename: KW - Forever ACC Ref
Acapella for the Keyon Christ version.","Aug 1, 2015","Jan 23, 2023",2:21,136,OG File,Lossless,https://imgur.gg/f/jQytuid
SWISH,No Church in the Wild [Voice Memo],"OG Filename: Ye No Church Ref Vox
Short iPhone memo recording of adlibs, used during Ye's festival performances in 2015.","Jun 26, 2015",,0:38,102,OG File,Low Quality,https://imgur.gg/f/75YfgoX
SWISH,Wolves,"OG Filename: KW - Wolves Glasto ACC (6.24.15)
Acapella for the Glastonbury version. Has only the Kanye lead vocals as it's meant to be used in conjuction with the TV tracks.","Jun 24, 2015",,5:23,156,OG File,Lossless,https://imgur.gg/f/FpMikqa
SWISH,"FML
(prod. Darren King & Hudson Mohawke)","OG Filename: FML DK (INSTR)
Instrumental for the Darren King version. Exported with iTunes 11.4, dating it sometime after September 9th, 2014.",,,4:52,123,OG File,CD Quality,https://imgur.gg/f/47jg9oY
SWISH,"Forever
(prod. Keyon Christ)",Instrumental for the Keyon Christ version.,,"Jan 23, 2023",5:53,136,OG File,Lossless,https://imgur.gg/f/TvQhW1b
SWISH,Forever [Loop Idea],"OG Filename: KW - Forever Ref Instr 136 BPM 7.21.15
Original loop idea sent to producers to work with.","Jul 21, 2015","Jan 23, 2023",0:14,136,OG File,Lossless,https://imgur.gg/f/QToPzt1
SWISH,"Freestyle 9
(Anxiety)","OG Filename: KW - Freestyle 9 Instr @ 111.1 (11.24.15)
Instrumental, which is shorter than what was used on the leaked version and consists solely of the sample chop.","Nov 24, 2015",,2:05,111.1,OG File,Lossless,https://imgur.gg/f/5899X9R
SWISH,Plenty Of It,"OG Filename: KW - Plenty Of It Instr Ref (8.16.15)
Filename seen from a folder of August 2015 tracks. Not ""Hold Tight"" as far as we know, the snippet claiming it as so is an AI fake.","Aug 16, 2015",,,,Confirmed,Not Available,
SWISH,"Real Friends
(prod. Darren King)","OG Filename: REAL FRIENDS DARREN KING REPLAY IDEAS
Instrumental for the Darren King version.",,,2:19,86,OG File,Lossless,https://imgur.gg/f/IB9xpQT
SWISH,"Switch Hands
(prod. TM88)
(Devil Inside)","OG Filename: devil inside 35bpm
Sample for ""Switch Hands"".",,,1:24,35,OG File,Lossless,https://imgur.gg/f/suWWdX6
SWISH,"Wolves
(feat. VIC MENSA, Sia, Caroline Shaw & Frank Ocean) (prod. Cashmere Cat & Sinjin Hawke)","OG Filename: KW - Wolves Glasto TV with bass (6.24.15)
TV Track for the Glastonbury version. Has Kanye adlibs but no lead vocals.","Jun 24, 2015",,5:23,156,OG File,Lossless,https://imgur.gg/f/KekssiU
SWISH,"Wolves [No Bass]
(feat. VIC MENSA, Sia, Caroline Shaw & Frank Ocean) (prod. Cashmere Cat & Sinjin Hawke)","OG Filename: KW - Wolves Glasto TV No Bass (6.24.15)
TV Track for the Glastonbury version. Excludes bass and has Kanye adlibs but no lead vocals.","Jun 24, 2015",,5:23,156,OG File,Lossless,https://imgur.gg/f/u2JSyPI
SWISH,"Big Sean - Blessings [Extended Version]
(feat. Drake) (prod. Vinylz & Allen Ritter)","OG Filename: Blessed - 2 Verse - Dirty - Tv Track
TV Track.",,,3:05,119,OG File,Lossless,https://imgur.gg/f/DuQcakJ
SWISH,"Big Sean - Blessings [Extended Version]
(feat. Drake) (prod. Vinylz & Allen Ritter)","OG Filename: Blessings - 1 Verse - Dirty - Summerjam NY - TV Track
TV Track, likely for Sean's performance at 2015's Hot 97 Summer Jam.",,,2:01,119,OG File,Lossless,https://imgur.gg/f/g5RDQOh
SWISH,"I Wonder (Glastonbury)
(prod. Kanye West & Larry Gold)","OG Filename: I Wonder Glasto Instr Ref (6.26.15)
OG Filename: I Wonder Glasto Instr ACC (6.26.15)
Glastonbury version, includes instrumental + acapella.","Jun 26, 2015",,8:42,191,OG File,Lossless,"https://imgur.gg/f/95scKnv
https://imgur.gg/f/dUzYcub"
The Life Of Pablo,"30 Hours
(prod. Noah Goldstein, MIKE DEAN, Kanye West & Karriem Riggins)","OG Filename: 30 Hours Part 2 FINAL VERSION FOR PRINT 95 bpm
Fully leaked session. Includes the Kanye vocals + instrumentals for an early version of ""Pop Style"" and ""Revenge"".",,"Nov 21, 2023",,95,OG File,Lossless,"https://imgur.gg/f/CXZvkPb
https://drive.google.com/drive/folders/1G_VERj9RADRRO-c1SwwHJfEATBqkS5AP?usp=sharing"
The Life Of Pablo,"30 Hours
(prod. Noah Goldstein, MIKE DEAN, Kanye West & Karriem Riggins)","OG Filename: 30 Hours.18 mike patreplace drums sp 1200 for MM 
A ProTools zip containing MIKE DEAN kicks, bass & drums.",,"Nov 21, 2023",,95,OG File,Lossless,https://imgur.gg/f/AgUFslW
The Life Of Pablo,"Fade
(feat. Ty Dolla $ign & Post Malone) (prod. Kanye West, Kevin Smith, Robert Bisel, Ricardo Kim, MIKE DEAN, DJDS, Anthony Kilhoffer, Noah Goldstein, Benji B & Charlie Handsome)","OG Filename: Copy Of Fade.50 Final (FOR MM MIX 3.11.16)
OG Password: AllDayIDream
Session for basically the release version. Was thought to be lost for a long time, but was refound by Atticus.","Mar 11, 2016",,3:21,106,OG File,Lossless,https://imgur.gg/f/ttzD6LN
The Life Of Pablo,"Only
(ref. Tyga & A.E.) (feat. Tyga & Liza Owen)
(Rich Nigga Drunk, Under The Influence, Love Me, Make You Love Me)","Has files that date from October 9th, 2015 to January 1st, 2016. Snippet leaked May 13th, 2024.","Jan 1, 2016","May 7, 2026",Varied,135,Full,Lossless,"https://pillows.su/f/7452596211c7ca9597b8340bd3c8de5c
https://fileditchfiles.me/file.php?f=/alpha3/03dff416d8434402100b/Only_%28Session%29.zip"
The Life Of Pablo,"Alicia Keys - In Common (Remix)
(feat. Kanye West) (prod. Illangelo)","OG Filename: Copy of SWIZZ X SCOOP 072616 - 2
Session. Has multiple PTX files. Leaked after a successful SoakBuy.","Jul 26, 2016","Jan 27, 2025",,120,OG File,Lossless,"https://pillows.su/f/dd95616ae18be5927a56ecc372151524
https://pixeldrain.com/u/j1rHL8X5"
The Life Of Pablo,"30 Hours
(prod. Noah Goldstein, MIKE DEAN, Kanye West & Karriem Riggins)",Stems owned and privately sold by Squirtle.,"Jan 2, 2016",,,95,Snippet,CD Quality,Link Needed
The Life Of Pablo,"30 Hours
(prod. Noah Goldstein, MIKE DEAN, Kanye West & Karriem Riggins)",Stems. Missing some things from the release version.,,"May 29, 2022",,95,OG File,Lossless,https://imgur.gg/f/qUw72X8
The Life Of Pablo,"Fade
(prod. DJDS, Benji B, Charlie Handsome, Anthony Kilhoffer & MIKE DEAN)",Found in the January 25th and March 11th sessions. Has no vocals.,"Jan 22, 2016",,3:03,106,OG File,Lossless,https://imgur.gg/f/RIMvH0w
The Life Of Pablo,"Feedback [Choir Stems]
(prod. DJDS)","OG Filename: feedback_djds_choir
Two choir stems for DJDS' version with two different BPM's and lengths.","Feb 10, 2016",,"0:20
0:16","100.4
85",OG File,Lossless,https://imgur.gg/f/V7ncbi9
The Life Of Pablo,"FML
(feat. Travis Scott) (prod. Charlie Heat, Hudson Mohawke, Andrew Dawson, MIKE DEAN, Metro Boomin, Noah Goldstein, Keyon Christ & Kanye West)",Later version. Leaked after a successful groupbuy.,"Jan 17, 2016","Mar 12, 2022",3:09,123,OG File,Lossless,https://imgur.gg/f/ok7CV21
The Life Of Pablo,"Waves [Synth Stems]
(prod. Anthony Killhoffer, Hudson Mohawke, Metro Boomin, MIKE DEAN, Kanye West & Charlie Heat)","Unmastered stems for the synth version. Leaked as a bonus during the ""Crash Landing"" groupbuy.","Feb 27, 2016","Aug 24, 2022",3:04,96.1,OG File,Lossless,https://imgur.gg/f/7hjGOQ4
The Life Of Pablo,"30 Hours
(feat. André 3000)","OG Filename: KW-30 HOURS-Update.9-95bpm.vocal fix.ACA
Leaked alongside many other TV tracks and acapellas.","Apr 2, 2016","Jul 19, 2025",5:28,95,OG File,Lossless,https://imgur.gg/f/VI9692K
The Life Of Pablo,Facts (Charlie Heat Version),"OG Filename: KW-FACTS-Update.3.ACA
Leaked alongside many other TV tracks and acapellas.","Apr 2, 2016","Jul 19, 2025",3:21,142,OG File,Lossless,https://imgur.gg/f/BKoSmjM
The Life Of Pablo,"Famous
(Nina Chop)","OG Filename: Famous ACC SP Tour V5 (8.31.16)
Saint Pablo Tour acapella. Only has Kanye vocals.","Aug 31, 2016","Jul 19, 2025",3:26,87,OG File,Lossless,https://imgur.gg/f/Q1t98rc
The Life Of Pablo,"Famous [Swizz Beatz Vocal Stem]
(feat. Swizz Beatz)
(Nina Chop)","OG Filename: Famous Swizz Only SP Tour V5 (8.31.16)
Acapella for Swizz Beatz' vocals, meant for the Saint Pablo Tour.","Aug 31, 2016","Jul 19, 2025",3:26,87,OG File,Lossless,https://imgur.gg/f/k4OeoRF
The Life Of Pablo,"Father Stretch My Hands Pt. 1 [Kanye Vocal Stem]
(Father, Father Stretch, Liberated)","OG Filename: Father Stretch My Hands Pt. 1 ACC @ 113 BPM
Kanye acapella. Leaked alongside the TV track.","Jun 0?, 2016","Feb 24, 2024",2:19,113,OG File,Lossless,https://imgur.gg/f/Z69eWCu
The Life Of Pablo,"Feedback
(A Long Time, Good News)","OG Filename: KW-FEEDBACK-Update.6.ACA
Leaked alongside many other TV tracks and acapellas.","Apr 2, 2016","Jul 19, 2025",2:27,100.4,OG File,Lossless,https://imgur.gg/f/oSFzohl
The Life Of Pablo,"FML
(feat. The Weeknd & The-Dream)","OG Filename: vocals
Acapella for an early version. File that holds the instrumental + acapella is named ""fml djds 2 track (1.27.16)"".","Jan 27, 2016","Dec 25, 2023",3:08,125,OG File,Lossless,https://imgur.gg/f/U6GdDhc
The Life Of Pablo,"FML
(feat. The Weeknd & The-Dream)",Acapella for an early version. Cuts out and has the bass included in the acapella.,,"Dec 25, 2023",2:22,125,Full,Lossless,https://imgur.gg/f/b8LnZmp
The Life Of Pablo,"FML
(feat. The Weeknd & Caroline Shaw)","OG Filename: KW-FML-update.8.ACA
Leaked alongside many other TV tracks and acapellas.","Apr 2, 2016","Jul 19, 2025",4:00,125,OG File,Lossless,https://imgur.gg/f/1hiJd1R
The Life Of Pablo,"Freestyle 4
(feat. Desiigner)
(Fuck RT Now, We Fuck)","OG Filename: KW-FREESTYLE-update.6.lowered -3dB.ACA
Leaked alongside many other TV tracks and acapellas.","Apr 2, 2016","Jul 19, 2025",2:04,126,OG File,Lossless,https://imgur.gg/f/5ObaufL
The Life Of Pablo,"Highlights
(feat. The-Dream, Young Thug, El DeBarge & Kelly Price)
(Go Pro)","OG Filename: KW-HIGHLIGHTS-update.13.ACA
Leaked alongside many other TV tracks and acapellas.","Apr 2, 2016","Jul 19, 2025",3:25,102,OG File,Lossless,https://imgur.gg/f/3d0MTMK
The Life Of Pablo,"No More Parties In L.A.
(feat. Kendrick Lamar)","OG Filename: KW-NO MORE PARTIES IN LA-update.4.ACA
Leaked alongside many other TV tracks and acapellas.","Apr 2, 2016","Jul 19, 2025",6:16,94.175,OG File,Lossless,https://imgur.gg/f/NW3wa4y
The Life Of Pablo,No More Parties In L.A.,"OG Filename: KW - No More Parties In LA ACC 1.10.16
Vocal stem for the first 50 seconds of the song with just Kanye on it. Was lost for a long time but re-found by goodgirlgonebadreloaded on June 4th 2025.","Jan 10, 2016","Jun 4, 2025",0:43,94.175,OG File,Lossless,https://imgur.gg/f/cXLsDS7
The Life Of Pablo,"Pt. 2
(feat. Caroline Shaw)","OG Filename: KW-FATHER STRETCH MY HANDS-Update.2.pt.2.ACA
Leaked alongside many other TV tracks and acapellas.","Apr 2, 2016","Jul 19, 2025",2:09,145.106,OG File,Lossless,https://imgur.gg/f/p7U9TcB
The Life Of Pablo,Real Friends,"OG Filename: Real Friends ACC SP Tour V1 (8.24.16)
Saint Pablo Tour acapella. Has no Ty vocals.","Aug 24, 2016","Jul 19, 2025",4:12,86,OG File,Lossless,https://imgur.gg/f/Eb9qEMO
The Life Of Pablo,"Saint Pablo
(feat. Sampha & Theophilus London)","OG Filename: KW-SAINT PABLO-update.9.ACA
Leaked alongside many other TV tracks and acapellas.","Apr 2, 2016","Jul 19, 2025",6:15,84,OG File,Lossless,https://imgur.gg/f/4WpOGmy
The Life Of Pablo,"Ultralight Beam
(feat. Chance the Rapper, Kirk Franklin, The-Dream, Kelly Price, Natalie Green & Samoria Green)
(Ultralight Beams)","OG Filename: KW-ULTRALIGHT BEAM-Update.7.lowered -2dB.ACA
Leaked alongside many other TV tracks and acapellas.","Apr 2, 2016","Jul 19, 2025",5:22,105,OG File,Lossless,https://imgur.gg/f/PY5z8Q3
The Life Of Pablo,"Waves
(feat. Kid Cudi, Chris Brown, Akon & Theophilus London)
(Enya)","OG Filename: KW-WAVES-update.10.ACA
Leaked alongside many other TV tracks and acapellas.","Apr 4, 2016","Jul 19, 2025",3:02,96.1,OG File,Lossless,https://imgur.gg/f/fnDFJjr
The Life Of Pablo,"Wolves
(feat. VIC MENSA, Sia & Caroline Shaw)","OG Filename: KW-WOLVES-Update.8.ACA
Leaked alongside many other TV tracks and acapellas.","Apr 2, 2016","Jul 19, 2025",5:04,156,OG File,Lossless,https://imgur.gg/f/nJu6Iir
The Life Of Pablo,"FML
(prod. Kanye West, Andrew Dawson, MIKE DEAN, Metro Boomin, Noah Goldstein, Hudson Mohawke & Keyon Christ)",Official instrumental to the TLOP V1 release version.,,,4:05,125,Full,CD Quality,https://imgur.gg/f/yldypAk
The Life Of Pablo,"FML
(prod. Keyon Christ & DJDS)","OG Filename: instrumental
Instrumental for an early version. File that holds the instrumental + acapella is named ""fml djds 2 track (1.27.16)"".","Jan 27, 2016","Dec 25, 2023",3:08,125,OG File,Lossless,https://imgur.gg/f/f9IGCmY
The Life Of Pablo,"FML
(prod. Keyon Christ & DJDS)",Instrumental for an early version. Cuts out early.,,"Dec 25, 2023",2:22,125,Full,Lossless,https://imgur.gg/f/bEz2u5L
The Life Of Pablo,"Highlights
(feat. The-Dream & Kelly Price)
(Go Pro)","Official instrumental, found in the SNL stems. Is mono and contains some vocals from The-Dream and Kelly Price.",,,3:18,102,Full,High Quality,https://imgur.gg/f/aMQsbma
The Life Of Pablo,"Keahole
(prod. Hudson Mohawke & Blood Orange)","OG Filename: Keahole ft Blood Orange
Way later on version with Blood Orange production added.",,"Mar 30, 2025",4:07,129,OG File,CD Quality,https://imgur.gg/f/dGcQIMa
The Life Of Pablo,"No More Parties In L.A.
(prod. Madlib & Kanye West)","OG Filename: KW - No More Parties In LA Ref 1 1.10.16
Instrumental, fades out.","Jan 10, 2016",,3:38,94.175,Partial,Lossless,https://imgur.gg/f/b6oAA5J
The Life Of Pablo,"Pt. 2
(feat. Desiigner) (prod. Kanye West, Kevin Smith, Robert Bisel, Ricardo Kim, MIKE DEAN, Rick Rubin, Plain Pat, Caroline Shaw & Menace)","OG Filename: KW-FATHER STRETCH MY HANDS-Update.2.pt.2.INSTR
Leaked alongside many other TV tracks and acapellas.","Apr 2, 2016","Jul 19, 2025",2:09,145.106,OG File,Lossless,https://imgur.gg/f/jQbCnkD
The Life Of Pablo,Ultralight Beam,"Official instrumental, found in the SNL stems. Is mono and contains some choir vocals.",,,6:19,105,Full,High Quality,https://imgur.gg/f/SwrbcdT
The Life Of Pablo,Saint Pablo Tour Mixes,"Full instrumentals used during the Saint Pablo Tour.

''Father Stretch My Hands Pt. 1""
""Pt. 2""
""Famous""
""Pop Style""
""That Part""
""Facts""
""Mercy""
""Don't Like.1""
""All Day""
""Black Skinhead""
""Niggas In Paris""
""Can't Tell Me Nothing""
""Power""
""Blood On The Leaves""
""Freestyle 4""
""Jesus Walks""
""Flashing Lights""
""Highlights""
""Feedback""
""Wolves""
""Heartless""
""Runaway""
""Only One""
""I Love Kanye""
""Waves""
""All Of The Lights""
""Good Life""
""Stronger""
""Touch The Sky""
""Fade""
""Ultralight Beam""",,"Dec 17, 2022",1:25:55,Varied,OG File,CD Quality,https://imgur.gg/f/sYB1qaa
The Life Of Pablo,Post Malone - Fuck The Internet,"Full instrumental, specifically for the version with Kanye.",,,4:13,74,Full,CD Quality,https://imgur.gg/f/Si3XcUI
The Life Of Pablo,"Keyon Christ - Forever
(prod. Keyon Christ)","OG Filename: Forever by MTS
Instrumental for the original Keyon Christ version, from 2016.",,,1:24,136,OG File,CD Quality,https://imgur.gg/f/PJmWCiC
The Life Of Pablo,"30 Hours
(feat. André 3000) (prod. Kanye West, Kevin Smith, Robert Bisel, Ricardo Kim, MIKE DEAN, Karriem Riggins & Noah Goldstein)","OG Filename: KW-30 HOURS-Update.9-95bpm.vocal fix.TV TRACK
Leaked alongside many other TV tracks and acapellas.","Apr 4, 2016","Jul 19, 2025",5:28,95,OG File,Lossless,https://imgur.gg/f/0StUWlc
The Life Of Pablo,"Facts (Charlie Heat Version)
(prod. Kanye West, Kevin Smith, Robert Bisel, Ricardo Kim, Southside, Metro Boomin & Charlie Heat)","OG Filename: KW-FACTS-Update.3.TV TRACK
Leaked alongside many other TV tracks and acapellas.","Apr 4, 2016","Jul 19, 2025",3:21,142,OG File,Lossless,https://imgur.gg/f/bZeB9tL
The Life Of Pablo,"Famous
(feat. Rihanna) (prod. Kanye West, Kevin Smith, Robert Bisel, Ricardo Kim, Noah Goldstein, Charlie Heat, Kuk Harrell & Havoc)
(Nina Chop, Hood Famous)","OG Filename: Famous TV (No Swizz) SP Tour V1 (8.25.16)
Saint Pablo Tour TV track. Lacks Swizz Beatz.","Aug 25, 2016","Jul 19, 2025",3:21,87,OG File,Lossless,https://imgur.gg/f/OzvMOSx
The Life Of Pablo,"Father Stretch My Hands, Pt. 1
(feat. Kid Cudi) (prod. Kanye West, Kevin Smith, Robert Bisel, Ricardo Kim, MIKE DEAN, DJDS, Noah Goldstein, Rick Rubin, Allen Ritter, Metro Boomin & Plain Pat)
(Father, Father Stretch, Liberated)","OG Filename: Father Stretch My Hands Pt. 1 TV @ 113 BPM
TV track. Leaked alongside the Kanye acapella for the track.","Jun 0?, 2016","Feb 24, 2024",2:19,113,OG File,Lossless,https://imgur.gg/f/zPnxfYg
The Life Of Pablo,"Feedback
(prod. Kanye West, Kevin Smith, Robert Bisel, Ricardo Kim, MIKE DEAN, Plain Pat, Noah Goldstein & Charlie Heat)
(A Long Time, Good News)","OG Filename: KW-FEEDBACK-Update.6.TV TRACK
Leaked alongside many other TV tracks and acapellas. Has the Oprah parody at the end.","Apr 4, 2016","Jul 19, 2025",2:27,100.4,OG File,Lossless,https://imgur.gg/f/M9cfVoY
The Life Of Pablo,"Feedback
(prod. Kanye West, Kevin Smith, Robert Bisel, Ricardo Kim, MIKE DEAN, Plain Pat, Noah Goldstein & Charlie Heat)
(A Long Time, Good News)","OG Filename: KW-FEEDBACK-Update.6.TV TRACK.no kanye outro vocal
Leaked alongside many other TV tracks and acapellas. Doesn't have the Oprah parody at the end.","Apr 4, 2016","Jul 19, 2025",2:27,100.4,OG File,Lossless,https://imgur.gg/f/7g1rnK2
The Life Of Pablo,"FML
(feat. The Weeknd & Caroline Shaw) (prod. Kanye West, Kevin Smith, Robert Bisel, Ricardo Kim, Andrew Dawson, MIKE DEAN, Metro Boomin, Noah Goldstein, Hudson Mohawke & Keyon Christ)","OG Filename: KW-FML-update.8.TV TRACK
Leaked alongside many other TV tracks and acapellas.","Apr 4, 2016","Jul 19, 2025",4:00,125,OG File,Lossless,https://imgur.gg/f/obeM3NK
The Life Of Pablo,"Freestyle 4
(feat. Desiigner) (prod. Kanye West, Kevin Smith, Robert Bisel, Ricardo Kim, MIKE DEAN, DJDS, Noah Goldstein, Hudson Mohawke, Caroline Shaw & Trevor Guerikis)
(Fuck RT Now, We Fuck)","OG Filename: KW-FREESTYLE-update.6.lowered -3dB.TV TRACK
Leaked alongside many other TV tracks and acapellas. Still has Desiigner's vocals.","Apr 4, 2016","Jul 19, 2025",2:04,126,OG File,Lossless,https://imgur.gg/f/IIp36Kg
The Life Of Pablo,"Highlights
(feat. The-Dream, Young Thug, El DeBarge & Kelly Price) (prod. Kanye West, Kevin Smith, Robert Bisel, Ricardo Kim, MIKE DEAN, Plain Pat, Noah Goldstein, Southside & Velous)
(Go Pro)","OG Filename: KW-HIGHLIGHTS-update.12.TV TRACK
Leaked alongside many other TV tracks and acapellas.","Apr 4, 2016","Jul 19, 2025",3:25,102,OG File,Lossless,https://imgur.gg/f/MG72uCR
The Life Of Pablo,"No More Parties In L.A.
(feat. Kendrick Lamar) (prod. Kanye West, Kevin Smith, Robert Bisel, Ricardo Kim & Madlib)","OG Filename: KW-NO MORE PARTIES IN LA-update.4.TV TRACK
Leaked alongside many other TV tracks and acapellas.","Apr 4, 2016","Jul 19, 2025",6:16,94.175,OG File,CD Quality,https://imgur.gg/f/fat8gRh
The Life Of Pablo,"Only One
(feat. Caroline Shaw, Ty Dolla $ign & Paul McCartney)","OG Filename: Only One 09.05.16 TV Track
Instrumental for the Caroline Shaw version.","Sep 5, 2016",,4:21,102,OG File,Lossless,https://imgur.gg/f/bkDVqgh
The Life Of Pablo,"Real Friends
(feat. Ty Dolla $ign) (prod. Kanye West, Kevin Smith, Robert Bisel, Ricardo Kim, Darren King, Boi-1da, Frank Dukes, Havoc & Noah Goldstein)","OG Filename: KW-REAL FRIENDS-update.19.lower level.TV TRACK
Leaked alongside many other TV tracks and acapellas.","Apr 4, 2016","Jul 19, 2025",4:12,86,OG File,Lossless,https://imgur.gg/f/e08Yy7S
The Life Of Pablo,"Real Friends
(feat. Ty Dolla $ign) (prod. Kanye West, Kevin Smith, Robert Bisel, Ricardo Kim, Darren King, Boi-1da, Frank Dukes, Havoc & Noah Goldstein)","OG Filename: Real Friends TV SP Tour V1 (8.24.16)
Saint Pablo Tour TV track.","Aug 24, 2016","Jul 19, 2025",4:12,86,OG File,Lossless,https://imgur.gg/f/Gm7HhDY
The Life Of Pablo,"Saint Pablo
(feat. Sampha) (prod. Kanye West, Kevin Smith, Robert Bisel, Ricardo Kim, MIKE DEAN, Allen Ritter & Noah Goldstein)","OG Filename: KW-SAINT PABLO-update.9.TV TRACK
Saint Pablo Tour TV track.","Apr 4, 2016","Jul 19, 2025",6:15,84,OG File,Lossless,https://imgur.gg/f/sR34hWx
The Life Of Pablo,"Ultralight Beam
(feat. Chance the Rapper, Kirk Franklin, The-Dream, Kelly Price, Natalie Green & Samoria Green) (prod. Kanye West, Kevin Smith, Robert Bisel, Ricardo Kim, Chance the Rapper, Swizz Beatz, MIKE DEAN, Plain Pat, Rick Rubin, Fonzworth Bentley, DJDS & Noah Goldstein)
(Ultralight Beams)","OG Filename: KW-ULTRALIGHT BEAM-Update.7.lowered -2dB.TV TRACK
Leaked alongside many other TV tracks and acapellas.","Apr 4, 2016","Jul 19, 2025",5:22,105,OG File,Lossless,https://imgur.gg/f/jzLYDAG
The Life Of Pablo,"Waves
(feat. Kid Cudi, Chris Brown, Akon & Theophilus London) (prod. Kanye West, Kevin Smith, Robert Bisel, Ricardo Kim, Anthony Kilhoffer, MIKE DEAN, Metro Boomin, Charlie Heat & Hudson Mohawke)
(Enya)","OG Filename: KW-WAVES-update.10.TV TRACK
Leaked alongside many other TV tracks and acapellas.","Apr 4, 2016","Jul 19, 2025",3:02,96.1,OG File,Lossless,https://imgur.gg/f/eueNpfV
The Life Of Pablo,"Wolves
(feat. VIC MENSA, Sia & Caroline Shaw) (prod. Kanye West, Kevin Smith, Robert Bisel, Ricardo Kim, MIKE DEAN, Cashmere Cat, Sinjin Hawke, Noah Goldstein & Caroline Shaw)","OG Filename: KW-WOLVES-Update.8.TV TRACK
Leaked alongside many other TV tracks and acapellas.","Apr 4, 2016","Jul 19, 2025",5:04,156,OG File,Lossless,https://imgur.gg/f/FPfWwvq
The Life Of Pablo,"Highlights
(feat. The-Dream & Kelly Price)
(Go Pro)",Leaked stems for the SNL performance of the song. Features an autotuned final verse.,,,4:40,102,OG File,Lossless,"https://imgur.gg/f/vgf9bt3
https://drive.google.com/file/d/1BPs3WTIfRyi5oU153KBx5dtpRtT9bAcS/view"
The Life Of Pablo,"Ultralight Beam
(feat. Chance the Rapper, Kirk Franklin, The-Dream, Kelly Price, Natalie Green & Samoria Green)
(Ultralight Beams)",Leaked stems for the SNL performance of the song.,,,6:19,105,OG File,Lossless,"https://pillows.su/f/63e7e848c21abbcab0fe94ed3577cdd3
https://drive.google.com/file/d/1l8lNAv2pbmEMnQjv4BCA688wsufEyjkt/view"
Cruel Winter [V2],"Champions
(with Kanye West, Gucci Mane, Big Sean, 2 Chainz, Travis Scott, Yo Gotti, Quavo & Desiigner)","OG Filename: Champions.19 C 44.1 mix 25 explicit long (quavo middle deleted) printing mixes stemming stems 
Posted for sale by Squirtle on LT for 1.5k, later leaked as a bonus for the ""This Is The Glory"" GB.","Sep 2, 2016","Sep 20, 2022",5:33,135,OG File,Lossless,https://imgur.gg/f/z2Y2uMK
Cruel Winter [V2],"Face Down
(prod. Metro Boomin & Keyon Christ)","OG Filename: indigoSOUND STEMS 62.523
Stems for a verison of the instrumental.","Mar 29, 2016",,,62.523,OG File,Lossless,https://imgur.gg/f/e0LPaX3
Cruel Winter [V2],"Champions
(with Kanye West, Gucci Mane, Big Sean, 2 Chainz, Travis Scott, Yo Gotti, Quavo & Desiigner)","OG Filename: Champions AK M1 ACC (6.3.16)
Acapella for an earlier version.","Jun 3, 2016",,5:49,135,OG File,CD Quality,https://imgur.gg/f/nzsaOIC
Cruel Winter [V2],"Champions
(with Kanye West, Gucci Mane, Big Sean, 2 Chainz, Travis Scott, Yo Gotti, Quavo & Desiigner)","OG Filename: champions mike mix 25 inst w hooks 135 bpm 31-01
Instrumental for an early mix.","Jan 1, 2016",,5:33,135,OG File,Lossless,https://imgur.gg/f/Vqdpgdw
Cruel Winter [V2],"Face Down
(prod. Metro Boomin & Keyon Christ)","OG Filename: KW - Face Down Instr (4.2.16)
Instrumental for the Metro Boomin produced version of the song.","Apr 2, 2016","Jun 3, 2022",3:38,62.523,OG File,CD Quality,https://imgur.gg/f/MjZOXbU
Cruel Winter [V2],"Face Down
(prod. Keyon Christ)","Instrumental released by Keyon himself in 2023 through his ""Spore"" website.",,,1:47,62.523,Full,High Quality,https://imgur.gg/f/Gxy80kI
Cruel Winter [V2],"Champions
(with Kanye West, Gucci Mane, Big Sean, 2 Chainz, Travis Scott, Yo Gotti, Quavo & Desiigner)","OG Filename: Champions AK M1 TV (6.3.16)
TV Track for an earlier version.","Jun 3, 2016",,5:49,135,OG File,CD Quality,https://imgur.gg/f/xZKd2bt
Turbo Grafx 16,"Damn Come On
(ref. Kid Cudi) (prod. Plain Pat & MIKE DEAN)
(Maple)","OG Filename: 2 29 16 1 Damn Come On
Session for the Kid Cudi reference track. Leaked as a bonus for the DAYTONA groupbuy. Has Kanye vocals in session.","Feb 29, 2016","May 16, 2024",4:53,118,OG File,Lossless,https://imgur.gg/f/ocwJ835
Turbo Grafx 16,"Only
(feat. Tyga & Quavo)
(Rich Nigga Drunk, Under The Influence, Love Me, Make You Love Me)","Version with vocals from Kanye, Tyga and Quavo. Said to be made sometime in 2016, likely during Turbo Grafx 16 sessions where Quavo was present. Possibly recorded around the same time as ""Hold Tight"". Snippet leaked Christmas Day 2025.",,"Dec 25, 2025",,135,Snippet,CD Quality,https://imgur.gg/f/XvXNcZI
Turbo Grafx 16,"Desiigner - Tiimmy Turner (Remix)
(feat. Kanye West) (prod. Noah Goldstein, Nana Kwabena, Kanye West, Desiigner & MIKE DEAN)",Snippet of the stems leaked early 2023.,,,,123,Snippet,CD Quality,https://imgur.gg/f/IBNL6ex
Turbo Grafx 16,"ScHoolboy Q - THat Part
(feat. Kanye West) (prod. Cardo, CuBeatz, Yung Exclusive & Sounwave)","OG Filename: SBQ_That Part_113.00BPM_BBE
Leaked studio stems.",,"Nov 4, 2024",3:30,113,OG File,Lossless,https://imgur.gg/f/GKVi3BD
Turbo Grafx 16,"Sell Your Soul
(feat. KIRBY)","OG Filename: Sell Your Soul melody ref
Acapella for Kanye's melody ref. Likely recorded on an iPhone. Leaked December 27th. Was bounced July 25 2016.","Jul 25, 2016","Dec 27, 2023",1:02,106,OG File,High Quality,https://imgur.gg/f/t3glJGz
Turbo Grafx 16,"Survive
(ref. TheNightAftr)","OG Filename: SURVIVE YE IDEA ACAPELLA
Acapella.",,"Aug 12, 2024",3:17,129,Full,CD Quality,https://imgur.gg/f/XaxAOhi
Turbo Grafx 16,"Drake - Pop Style
(feat. The Throne)","OG Filename: Pop Style ACC @ 133 BPM GOVS BALL 2016 Ref 1
Leaked acapella for Kanye's verse. Metadata is missing the second digit of the day in the filedate","Apr 0?, 2016",,1:23,133,OG File,Lossless,https://imgur.gg/f/TnCrsKn
Turbo Grafx 16,"French Montana - Figure it Out
(feat. Kanye West & Nas) (prod. DJ Khalil & Rick Steel)","OG Filename: Figure It Out ACA
Leaked acapella.","May 6, 2016","Feb 28, 2024",4:00,84,OG File,Lossless,https://imgur.gg/f/eAwEDot
Turbo Grafx 16,"Damn Come On
(prod. Plain Pat & MIKE DEAN)
(Maple)","OG Filename: 2 29 16 1 inst reff
Instrumental for the Kid Cudi reference track version.","Feb 29, 2016","Jan 8, 2023",4:53,118,OG File,Lossless,https://imgur.gg/f/h78nziJ
Turbo Grafx 16,"No Man's Sky
(prod. Keyon Christ)","OG Filename: No Mans Sky MTS
Beat was officially released by Keyon on December 2nd, 2023 through his ""Spore"" website.",,,3:30,77,Full,CD Quality,https://imgur.gg/f/XIADFms
Turbo Grafx 16,"ohmygod
(prod. Keyon Christ)","Said to be Keyon's favourite song that he produced. Instrumental was officially released by Keyon on November 29th, 2023 through his ""Spore"" website.",,,1:36,90,Full,High Quality,https://imgur.gg/f/Q4aKgpP
Turbo Grafx 16,"ohmygod
(prod. Keyon Christ)","A way shorter version with different production. Beat was officially released by Keyon on November 29th, 2023 through his ""Spore"" website.",,,0:41,90,Full,CD Quality,https://imgur.gg/f/jS4luTD
Turbo Grafx 16,"Rap Tarantino
(prod. Carnage & Hudson Mohawke)
(Bad Night, Man Up)","OG Filename: Carnage - Tarantino
Instrumental for the Carnage produced version.",,,2:26,108,OG File,High Quality,https://imgur.gg/f/XY1lFaV
Turbo Grafx 16,"Rap Tarantino
(prod. Carnage & Hudson Mohawke)
(Bad Night, Man Up)","OG Filename: Carnage - Tarantino V2
Instrumental for the Carnage produced version. Is slightly longer the the earlier version.",,,2:31,108,OG File,High Quality,https://imgur.gg/f/CunLAbo
Turbo Grafx 16,"Survive
(prod. Keyon Christ)",Instrumental.,,"Aug 12, 2024",3:00,129,Full,CD Quality,https://imgur.gg/f/MUjOeSv
Turbo Grafx 16,"Zulu
(prod. Keyon Christ)","OG Filename: Zulu For Kanye West 2
Posted by Keyon himself on Twitter. Beat was officially released by Keyon on December 9th, 2023 through his ""Spore"" website.",,,4:34,140,Full,CD Quality,https://imgur.gg/f/Cno65Ui
Turbo Grafx 16,"Drake - Pop Style
(prod. Noah ""40"" Shebib, Boi-1da, Sevn Thomas & Frank Dukes)","OG Filename: Pop Style Philippines 1 Instrumental @ 133 BPM
Leaked instrumental. Metadata is missing the second digit of the day in the filedate","Jun 0?, 2016",,1:46,133,OG File,Lossless,https://imgur.gg/f/5kee0aE
Turbo Grafx 16,"French Montana - Figure it Out
(feat. Kanye West & Nas) (prod. DJ Khalil & Rick Steel)","OG Filename: Figure It Out INST
Leaked instrumental.","May 6, 2016","Feb 28, 2024",4:00,84,OG File,Lossless,https://imgur.gg/f/PGUqELQ
Turbo Grafx 16,"Gucci Mane - Pussy Print
(feat. Kanye West) (prod. Mike Will Made-It, Marz & Swae Lee)",Official instrumental uploaed to Mike Will Made-It's SoundCloud.,,,3:35,126,Full,CD Quality,https://soundcloud.com/mikewillmadeit/pussy-print-instrumental?utm_source=clipboard&utm_medium=text&utm_campaign=social_sharing
Turbo Grafx 16,"ScHoolboy Q - THat Part
(prod. Cardo, CuBeatz, Yung Exclusive & Sounwave)",Leaked instrumental.,,"Nov 2, 2024",3:30,113,Full,CD Quality,https://imgur.gg/f/hi1tabD
Turbo Grafx 16,"Drake - Pop Style
(feat. The Throne) (prod. Noah ""40"" Shebib, Boi-1da, Sevn Thomas & Frank Dukes)","OG Filename: Pop Style TV @ 133 BPM GOVS BALL 2016 Ref 1
Leaked TV Track. Metadata is missing the second digit of the day in the filedate","Jun 0?, 2016",,1:23,133,OG File,Lossless,https://imgur.gg/f/YKsbtM9
Hitler,Lift Yourself [Mix Session],"OG Filename: lift 4 tracks, Lift Yourself Up Mike Mix 3
Session for alt mixes included in the 2017-2018 Bundle groupbuy.",,"Nov 14, 2023",Varied,98,OG File,Lossless,"https://imgur.gg/f/SAKTNVC
https://drive.google.com/drive/folders/1rXa9_IvYSjzbZDIXBlaV6KhvrzpTQKYB?usp=drive_link"
Hitler,"Chance the Rapper - Pets
(feat. Daniel Caesar)
(The Garden)","ProTools sessions for the jam, this song was later used to make ""The Garden"" from Yandhi.","Sep 7, 2017",,,77,OG File,Lossless,https://imgur.gg/f/GcACn3d
Hitler,"Tyga - Feel Me
(feat. Kanye West) (prod. Crakwav & Sound M.O.B.)","Kanye and Tyga session. Has 2 Kanye freestyles, Tyga solo version, unused Kanye and Tyga takes, and different mixes including the original file for the released song.",,"Dec 2, 2025",,142,Snippet,CD Quality,"https://imgur.gg/f/luLnoZf
https://imgur.gg/f/tACBLIp"
Hitler,"Christina Aguilera - Accelerate
(feat. Ty Dolla $ign, 2 Chainz & Kirby Lauryen) (prod. Kanye West, Oscar Ramirez, Che Pope, Noah Goldstein, MIKE DEAN, Charlie Heat, Honorable C.N.O.T.E. & Eric Danchick)
(Pick Up Your Speed, Auxillary)","OG Filename: CA-ACCELERATE-mix.1.vocal up-STEMS @ 128bpm
Release Stems + John Carr Remix bounces.","May 3, 2018",,4:09,128,OG File,Lossless,https://imgur.gg/f/7dgD7HW
Hitler,"Kid Cudi - Reborn
(prod. Kid Cudi & Dot Da Genius)",Initial solo Cudi version played to Ye by Cudi in China during KIDS SEE GHOSTS sessions.,,"Sep 19, 2026",4:57,100,OG File,CD Quality,https://imgur.gg/f/FDu1JBq
Hitler,"Christina Aguilera - Accelerate
(feat. Ty Dolla $ign)
(Pick Up Your Speed, Auxillary)","OG Filename: Accelerate_Final Rough_Accapella_09
Acapella for an early version. Found in session.","Apr 20, 2017","Dec 29, 2023",3:34,128,OG File,Lossless,https://imgur.gg/f/EFDY589
Hitler,"Christina Aguilera - Accelerate 
(feat. 2 Chainz)
(Pick Up Your Speed, Auxillary)","OG Filename: 2 CHAINZ ACA - ACCELERATE
Acapella for 2 Chainz's verse. Found in session.","Apr 21, 2017","Dec 29, 2023",3:18,128,OG File,Lossless,https://imgur.gg/f/yHLqMaD
Hitler,"Tyga - Feel Me
(feat. Kanye West)","OG Filename: Feel Me (M5) - a cappella (mastered ts)
Leaked acapella. Includes the Kylie Jenner line that was removed from the final version of the song.","Dec 29, 2016",,3:10,142,OG File,Lossless,https://imgur.gg/f/bjoTw5x
Hitler,Arrival Horns,"OG Filename: kw arrival horns
2017 ASR file Chop that re-uses the ""Dance At Night"" sample from Good Ass Job. Rebounced in FL Studio.",,,1:12,87,OG File,Lossless,https://imgur.gg/f/bjRqRD0
Hitler,Brothers,"OG Filename: Brothers INST (5.12.18) (110bpm)
Instrumental.","May 12, 2018","May 18, 2024",1:09,110,OG File,Lossless,https://imgur.gg/f/ETgfNeg
Hitler,"Chop 3
(prod. Kanye West)
(Reggae, Burn)","OG Filename: KW Chop 3 Reggae @ 80.34 BPM 1
Chop made during Wyoming. Made sometime in 2017.","Oct 11, 2017",,3:14,80.34,OG File,Lossless,https://imgur.gg/f/xgCQV3w
Hitler,"Chop 13
(prod. Kanye West)
(Expository Mode)","OG Filename: KW Chop 13 9.30.17 Expository Mode
Later used on Abstract Mindstate's ""Expository Mode"".","Sep 30, 2017",,1:10,78,OG File,Lossless,https://imgur.gg/f/CMxR6EI
Hitler,"Chop 15
(prod. Kanye West)
(Queen Bitch)","OG Filename: KW Chop 15 (10.1.17)
Another one of Ye's sample chops and was meant to be a beatswitch for ""Queen Bitch"".","Oct 2, 2017",,1:02,83,OG File,Lossless,https://imgur.gg/f/XGntWwk
Hitler,"Chop 17
(prod. Kanye West)
(No Manners, Where Are You Hiding, Love)","OG Filename: KW Chop 17 @ 92.5 BPM 1
Chop made during Wyoming. Was later used on ""No Manners"" by Teyana Taylor.","Oct 16, 2017",,1:17,92.5,OG File,Lossless,https://imgur.gg/f/1UdQl0I
Hitler,"Chop 19
(prod. Kanye West)
(Queen Bitch)","OG Filename: KW Chop 19 (9.30.17)
Wyoming instrumental. One of Ye's sample chops, and was meant to be a beatswitch for ""Queen Bitch"". Samples ""I'm a Man"" by The Delfonics.","Sep 30, 2017",,2:32,83,OG File,Lossless,https://imgur.gg/f/fw8MYFI
Hitler,"Chop 21
(prod. Kanye West)","OG Filename: KW Chop 21 Drum Ref (9.30.17)
Wyoming beat chop seen in a list of files sent by Waterfalls.","Sep 30, 2017",,,,Rumored,Not Available,N/A
Hitler,"Chop 23
(prod. Kanye West)
(Hurry)","OG Filename: KW Chop 23 @ 81.33 BPM
Instrumental.","Oct 11, 2017",,3:08,81.33,OG File,Lossless,https://imgur.gg/f/akGI69g
Hitler,"Chop 26 
(prod. Kanye West)
(3Way)","OG Filename: KW Chop 26 @ 68 BPM 1
The original sample chop of ""3Way"" by Teyana Taylor done by Kanye.","Oct 11, 2017","Jan 10, 2024",3:46,68,OG File,Lossless,https://imgur.gg/f/xsZAHw9
Hitler,"Chop 7
(prod. Kanye West)","OG Filename: KW Chop 7 Drum Ref 9.30.17.
Later used on scrapped 4 song Kanye-produced Talib Kweli EP. Leaked June 2022.","Sep 30, 2017",,1:37,157,OG File,High Quality,https://imgur.gg/f/PwaMtAz
Hitler,"Don't Play With That Boy [Sample Stem]
(prod. Kanye West)
(Ye vs. the People)",Sample chop / stem / instrumental. Leaked sometime in 2023 by Saya. Re-bounced in FL Studio in 2022.,,,0:37,80,Full,CD Quality,https://imgur.gg/f/9fYTwx9
Hitler,"Leroi
(prod. Kanye West & Justin Vernon)","OG Filename: KW Jams Switch JV Leroi
Instrumental created during the Hitler era. Unknown if this was ever recorded for.",,,0:50,83,OG File,CD Quality,https://imgur.gg/f/0iemcbQ
Hitler,Let It Go,"OG Filename: Let It Go (7.31.17).1
Instrumental, leaked as separate left and right channels however both files are identical as the sample chop is mono.","Jul 31, 2017",,3:15,83,OG File,Lossless,https://imgur.gg/f/0NK4Kek
Hitler,"Lift Yourself
(prod. Kanye West, MIKE DEAN, Benji B & Noah Goldstein)","OG Filename: Lift Yourself Ref 4.24.18-00.00.09.851-00.02.46.613
An alternate version with different mixing.","Apr 24, 2018",,2:36,97,OG File,CD Quality,https://imgur.gg/f/K9wo07W
Hitler,"Not Us
(prod. Justin Vernon & Noah Goldstein)","OG Filename: Not Us Noah Sample JV Work
Unconfirmed whether it was intended for Kanye, but it likely was. Samples ""Black Power"" by Dick Gregory.","Mar 10, 2018","Nov 14, 2023",2:11,77,OG File,Lossless,https://imgur.gg/f/gFcUhaO
Hitler,"???
(prod. Kanye West)
(Yeah)","Chop made during LOVE EVERYONE era. Samples ""Inside My Love"" by Minnie Riperton.",,"Nov 18, 2023",0:33,91,OG File,CD Quality,https://imgur.gg/f/cMhgD1i
Hitler,"Christina Aguilera - Accelerate
(Pick Up Your Speed, Auxillary)","OG Filename: Accelerate _4 instr
Instrumental for an early version. Found in session.","Jan 24, 2017",,4:44,128,OG File,CD Quality,https://imgur.gg/f/zbJOK7y
Hitler,"Digital Nas - Eternal
(prod. Digital Nas)
(The Energy)",Instrumental for the OG version made in 2017.,,,4:17,97,OG File,CD Quality,https://imgur.gg/f/P9etwrG
Hitler,"Nas - Piano Chop
(feat. THE-DREAM) (prod. Caroline Shaw & BoogzDaBeast)
(I Love It (Remix), Good Morning, The Chakra, Chakras)","OG Filename: BOOGZ [HOOK+INST]-NAS - CARO-PIANO CHOP-130 bpm
Instrumental for ""Piano Chop"", an early version of The Chakra when it was still intended for NASIR. Includes THE-DREAM's hook vocals, but not his verses. File was included in the password protected September 2018 The Chakra session zip, when the song was brought back during GAJ 2018 sessions (so filename may have been altered).","Jun 13, 2018","Jun 4, 2024",2:09,130,OG File,Lossless,https://imgur.gg/f/ICg43Kg
Hitler,"Pi'erre Bourne - Pi'erre Beat
(prod. Pi'erre Bourne)
(Watch, Look At My Rollie, Rollie)","OG Filename: peirre beat 157 bpm 2
Original beat, made before Uzi, Kanye and Travis got on it. Leaked on January 29th, 2023. Lossless version currently lost.",,,4:53,157,OG File,Lossless,"https://pillows.su/f/2f530831b0e2432bd55adb9ae6e02f44
Lossless Needed"
Hitler,"Travis Scott - Rollie
(prod Pi'erre Bourne)
(Look At My Rollie, Watch)","OG Filename: Rollie Mike Mix 12 Instrumental_01
An earlier mix. The Mike in the filename is most likely referring to MIKE DEAN.","Apr 26, 2018",,3:37,157,OG File,Lossless,https://imgur.gg/f/cvqc3wH
Hitler,"Travis Scott - Rollie
(prod Pi'erre Bourne)
(Look At My Rollie, Watch)","OG Filename: Rollie Mike Mix 15 explicit_01
A slightly earlier mix. The Mike in the filename is most likely referring to MIKE DEAN.","May 5, 2018",,3:37,157,OG File,Lossless,https://imgur.gg/f/adumCFc
DAYTONA,"Come Back Baby
(prod. Kanye West & Andrew Dawson)","OG Filename: Come Back Baby. 4 ADwork.1 Dawson Only Parts
Session with only the production parts from Andrew Dawson. Leaked as part of a groupbuy.","Mar 13, 2018","May 16, 2024",2:31,92,OG File,Lossless,https://imgur.gg/f/Qz70ghm
DAYTONA,"Games We Play
(prod. Andrew Dawson, Kanye West & Noah Goldstein)
(The Games We Play, Chop 1)","OG Filename: Games We Play
Session. Leaked as part of a groupbuy. Features files spanning from October 2017 to May 2018, as well as production from Andrew Dawson and Noah Goldstein, the latter of which was unused on the released version.","May 9, 2018","May 16, 2024",2:46,78,OG File,Lossless,https://imgur.gg/f/7cdTl70
DAYTONA,"How Do You Respond?
(feat. Kanye West) (prod. Kanye West)
(Queen Bitch, What Would Meek Do?)","OG Filename: Copy of How Do You Respond_mix prep
ProTools sessions. included in the 2017-2018 Bundle groupbuy.","May 8, 2018","Nov 14, 2023",Varied,83,OG File,Lossless,https://drive.google.com/file/d/1cUPPLVYZhj3SKlaIUkjTnFORiIuCPjgV/view
DAYTONA,"Santeria
(feat. Kanye West & Kid Cudi) (prod. Kanye West)","OG Filename: Copy of Santeria - KW Back in (5.10.18)
Session with Kid Cudi and Kanye vocals. Leaked as part of a groupbuy.","May 10, 2018","May 16, 2024",3:02,83,OG File,Lossless,https://imgur.gg/f/hdxt7wf
DAYTONA,"Treat You Good
(feat. Kanye West)","OG Filename: Treat You Good.2 A Cap
Early acapella meant for the Kanye version. Features no Pusha T vocals and long pauses between lines.",,"Dec 26, 2023",3:02,83,OG File,CD Quality,https://imgur.gg/f/n0gbzrV
DAYTONA,"Games We Play
(prod. Kanye West)
(Chop 1, The Games We Play)","OG Filename: Games We Play inst
Instrumental for the November 1st, 2017 version of ""The Games We Play"", rebounced sometime in 2018.","Nov 1, 2017","Dec 26, 2023",2:46,78,OG File,CD Quality,https://imgur.gg/f/ikXqjWG
DAYTONA,"Lord Forgive 'Em
(prod. Kanye West)","OG Filename: lord forgive beat
Instrumental.",,"Dec 26, 2023",2:40,96,OG File,CD Quality,https://imgur.gg/f/d74bbsc
DAYTONA,"Sociopath
(prod. Kanye West & Plain Pat)","OG Filename: 850is beat
Instrumental to ""Sociopath"". Unknown what ""850is"" in the filename means.",,"Dec 26, 2023",2:36,82,OG File,CD Quality,https://imgur.gg/f/JCn5qTA
DAYTONA,"Treat You Good
(prod. Kanye West)","OG Filename: Treat You Good.2 Instrumental
Early instrumental meant for the Kanye version.",,"Dec 26, 2023",3:02,83,OG File,CD Quality,https://imgur.gg/f/hRh9f07
ye,"All Mine
(ref. Ty Dolla $ign)","OG Filename: TY ALL MINE
Ty Dolla $ign vocal session for ""All Mine"", with completely different vocals from him compared to release. Leaked as a bonus for the ""Donda Bundle"" groupbuy. The stem filename ""Ty$ Writing"" and the fact that Ty mentions ""Pablo"" in his alt lyrics means this was lilely initially a reference.","May 22, 2018","Aug 18, 2022",,122,OG File,Lossless,https://imgur.gg/f/mhWbhWB
ye,"I Feel Freeeee
(ref. Jeremih) (prod. Andrew Dawson, Jeff Bhasker & Kanye West)","OG Filename: I Feel Free.1 (jerimih tracking) JB!_ForWY 2
ProTools sessions included in the 2017-2018 Bundle groupbuy","May 17, 2018","Nov 14, 2023",,148,OG File,Lossless,"https://imgur.gg/f/vIlI9Nf
https://drive.google.com/drive/folders/1rXtYINVPQY8IJEF-7V1YNixTAJBaSDzm?usp=drive_link"
ye,"I Feel Free [Bass Stem]
(prod. MIKE DEAN)
(Freeee (Ghost Town Pt. 2), Free, Freeee)","OG Filename: I Feel Free mike bass replace1
Early MIKE DEAN Protools bass stem.","May 27, 2018",,2:06,151,OG File,Lossless,https://imgur.gg/f/zS1DDux
ye,"Moonlight [Instrumental Session]
(prod. Kanye West & Jeff Bhasker)","OG Filename: Moonlight_ForWY
Session files for the instrumental. Leaked during the ""Skeletons"" buy.","May 15, 2018","Jun 27, 2022",,87 / 70,OG File,Lossless,https://imgur.gg/f/m13AgKO
ye,"No Mistakes
(feat. Kid Cudi, Caroline Shaw & Charlie Wilson) (prod. Kanye West, MIKE DEAN, Che Pope, Eric Danchick & Caroline Shaw)",It's been said by Saya that they have the full ProTools session.,,,,160,Rumored,Not Available,N/A
ye,"XTCY
(ref. Ty Dolla $ign)","OG Filename: XTCY TY$
Vocal takes done by Ty Dolla $ign. Leaked as part of a bonus for the ""Donda Bundle"" groupbuy.","May 22, 2018","Aug 22, 2022",,94,OG File,Lossless,https://imgur.gg/f/aAMh4qb
ye,"XTCY [Instrumental Session]
(prod. Andrew Dawson, Jeff Bhasker & Kanye West)","OG Filename: ECSTASY JB kw odubs 1_ForWY
Session for an earlier instrumental, with extra synths. Leaked in August 2022.","May 20, 2018",Aug 2022,,93,OG File,Lossless,https://imgur.gg/f/YxvbRBY
ye,"Yikes [Snare Stem]
(prod. MIKE DEAN)","OG Filename: YIKES mike snare hit 2
Early MIKE DEAN Protools snare hits stem.","May 28, 2018",,0:11,87,OG File,Lossless,https://imgur.gg/f/DJcCddo
ye,"All Mine
(feat. Ty Dolla $ign & Ant Clemons) (prod. Kanye West, MIKE DEAN, Francis & the Lights & Scott Carter)
(Medulla Oblongata, Pussy Mine, Pootie Tang)","Multitrack stems for the release version. Includes official bounces of the instrumental, TV track and clean/explicit versions of the acapella.","Jun 26, 2018","Oct 1, 2023",2:30,122,OG File,Lossless,https://imgur.gg/f/KIPLuGv
ye,"Ghost Town
(feat. PARTYNEXTDOOR, Kid Cudi & 070 Shake) (prod. Kanye West, MIKE DEAN, Francis & the Lights & benny blanco)
(Someday)","Multitrack stems for the release version. Includes official bounces of the instrumental, TV track and acapella. Also includes extra Kanye vocals.","Jun 27, 2018","Oct 1, 2023",4:35,83.4,OG File,Lossless,https://imgur.gg/f/dckvveq
ye,"I Thought About Killing You
(feat. Francis and the Lights) (prod. Kanye West, benny blanco, MIKE DEAN, Francis & the Lights, ANDY C & Aaron Lammer)
(I Know I Know)","Multitrack stems for the release version. Includes official bounces of the instrumental, TV track and clean/explicit versions of the acapella, including the cut slave line.","Jun 28, 2018","Oct 1, 2023",4:39,116,OG File,Lossless,https://imgur.gg/f/Xc4f1JX
ye,"No Mistakes
(feat. Kid Cudi, Caroline Shaw & Charlie Wilson) (prod. Kanye West, MIKE DEAN, Che Pope, Eric Danchick & Caroline Shaw)","OG Filename: 5. No Mistakes Stems 160 bpm
Multitrack stems for the release version. Includes official bounces of the instrumental, TV track and clean/explicit versions of the acapella.","Jun 26, 2018","Oct 1, 2023",2:10,160,OG File,Lossless,https://imgur.gg/f/esZYMgT
ye,"Mrs. Robinson
(prod. Kanye West & MIKE DEAN)","OG Filename: mike robinson stems
A folder for MIKE DEAN's additions to ""Mrs. Robinson"" were spotted by an insider inside a file sharing site. Could be the replay heard on Consequence's reference.","May 17, 2018",,,,Rumored,Not Available,
ye,"Violent Crimes
(feat. Ty Dolla $ign, 070 Shake & Nicki Minaj) (prod. Kanye West, Andrew Dawson, 7 Aurelius & Irv Gotti)
(Violent Nights)","OG Filename: 7. Violent Crimes Stems 110 bpm
Multitrack stems for the release version. Includes official bounces of the instrumental, TV track and clean/explicit versions of the acapella.","Jun 27, 2018","Oct 1, 2023",3:36,110,OG File,Lossless,https://imgur.gg/f/C2UlmIB
ye,"Wouldn't Leave
(feat. Ty Dolla $ign, PARTYNEXTDOOR & Jeremih) (prod. Kanye West, MIKE DEAN, Noah Goldstein & Ty Dolla $ign)","OG Filename: 4. Would Leave Stems 82 bpm
Multitrack stems for the release version. Includes official bounces of the instrumental, TV track and clean/explicit versions of the acapella.","Jun 26, 2018","Oct 1, 2023",3:33,82,OG File,Lossless,https://imgur.gg/f/zWOQgzg
ye,"XTCY
(prod. Andrew Dawson & Kanye West)","Stems for the released version, was up for sale once before.",,,2:56,93,Snippet,CD Quality,https://imgur.gg/f/nukuYjz
ye,"Yikes
(prod. Pi'erre Bourne, MIKE DEAN, Apex Martin & Kanye West)","Multitrack stems for the release version. Includes official bounces of the instrumental, TV track and clean/explicit versions of the acapella.","Jun 25, 2018","Oct 1, 2023",3:16,87,OG File,Lossless,https://imgur.gg/f/CyE240W
ye,Yikes [Sample Stem],"OG Filenames: Unfisnished 160 Black Savage - Kothbiro 1976 3 2 &
Unfisnished 160 Master
Earlier unfinished sample for the song. According to Alek, this was made May 25th 2018, and later cleaned up for release.","May 25, 2018",,0:12,87,OG File,Lossless,https://imgur.gg/f/jnJhz0R
ye,"I Thought About Killing You
(prod. Kanye West, benny blanco, MIKE DEAN, Francis & the Lights, ANDY C & Aaron Lammer)
(I Know I Know)","OG Filename: I THOUGHT ABOUT KILLING YOU MIKE JESS MIX 9 REV 3 ACAPELLA.01_01
Acapella stem found in the release multitrack stems.","Jun 28, 2018","Oct 1, 2023",,116,OG File,Lossless,https://imgur.gg/f/nFJL2Cc
ye,"I Thought About Killing You [Clean]
(prod. Kanye West, benny blanco, MIKE DEAN, Francis & the Lights, ANDY C & Aaron Lammer)
(I Know I Know)","OG Filename: I THOUGHT ABOUT KILLING YOU MIKE JESS MIX 9 REV 3 ACAPELLA CLEAN.01_01
Clean version of the acapella.","Jun 28, 2018","Oct 1, 2023",,116,OG File,Lossless,https://imgur.gg/f/reMW4gm
ye,"Exctacty
(prod. Kanye West & Andrew Dawson)
(XTCY, Extacy)","OG Filename: Exctacty Dawson Version 5.16.18
Earlier instrumental.","May 16, 2018","May 18, 2024",3:58,93,OG File,Lossless,https://imgur.gg/f/yEK1LJ9
ye,"Exctacty
(prod. Kanye West & Andrew Dawson)
(XTCY, Extacy)","OG Filename: Exctacty Dawson Version REF (5.20.18)
Andrew Dawson produced version. The file says it's a ref, however there are no vocals. Significantly shorter compared to the May 16th version.","May 20, 2018","May 18, 2024",1:50,93,OG File,Lossless,https://imgur.gg/f/jDADadj
ye,"Exctacty
(prod. Kanye West & Andrew Dawson)
(XTCY, Extacy)","OG Filename: Exctacty INST 05.24.18
Instrumental for a slightly earlier version.","May 24, 2018","May 18, 2024",2:05,93,OG File,CD Quality,https://imgur.gg/f/vuvtc5Y
ye,"Exctacty
(prod. Kanye West, Andrew Dawson & ???)
(XTCY, Extacy)","OG Filename: Exctacty 05.30.18 INSTRUMENTAL 93bpm
Instrumental for a slightly later version with added synths.","May 30, 2018","May 18, 2024",2:07,93,OG File,CD Quality,https://imgur.gg/f/O37gfMT
ye,"I Feel Free
(Free, Freeee (Ghost Town Pt. 2))",Instrumental to an early version.,"May 22, 2018",,3:21,148,OG File,Lossless,https://imgur.gg/f/WfIr7tj
ye,"I Know I Know
(feat. Francis and the Lights)
(I Thought About Killing You)","Instrumental that was later reworked into the intro beat on ""I Thought About Killing You."" The instrumental uses a vocal sample from Francis and the Lights throughout. Leaked as part of the 2020 WSE Holiday Scavenger Hunt organized by u/frezling.",,,1:49,117,OG File,CD Quality,https://imgur.gg/f/xAcvBWs
ye,"I Thought About Killing You
(prod. Kanye West, benny blanco, MIKE DEAN, Francis & the Lights, ANDY C & Aaron Lammer)
(I Know I Know)","OG Filename: I THOUGHT ABOUT KILLING YOU MIKE JESS MIX 9 REV 3 INSTRUMENTAL.01_21
Instrumental found in the official multitrack stems.","Jun 25, 2018","Oct 1, 2023",4:39,116,OG File,Lossless,https://imgur.gg/f/YMdZAzX
ye,"Chop 7
(prod. Kanye West)
(Moonlight)","OG Filename: KW Chop 7 moonlight @ 87 and 70 bpm (5.15.18)
Original sample chop Kanye did.","May 15, 2018",,1:03,87 / 70,OG File,Lossless,https://imgur.gg/f/qb39RhY
ye,"Chop 8
(prod. Kanye West)
(Mrs. Robinson)","OG Filename: KW Chop 8_mrs robinson @ 98bpm (5.15.18)
Initial sample chop. Samples ""Mrs. Robinson"" by Billy Paul.","May 15, 2018","May 1, 2026",1:18,98,OG File,CD Quality,https://imgur.gg/f/bGyCuIF
ye,"Chop 7
(prod. Kanye West)
(Moonlight)","OG Filename: KW Chop 7 moonlight @ 87 and 70 bpm (5.15.18)
Initial sample chop done alongside ""Mrs. Robinson"". Samples ""Rope Ladder to the Moon"" by Jack Bruce and ""Moon Light"" by Apple & 3 Oranges.","May 15, 2018","Feb 22, 2021",1:25,87 / 70,OG File,Lossless,https://imgur.gg/f/qb39RhY
KIDS SEE GHOSTS,"Bad People
(feat. Bon Iver) (prod. Kanye West)
(White Label)","OG Filename: Bad People Stems 08.24.17
Folder called ""Bad People Stems 08.24.17"" shown by American.","Aug 24, 2017",,,,Confirmed,Not Available,https://imgur.gg/f/aCWHr0v
KIDS SEE GHOSTS,Feel The Love,"OG Filename: Feel The Love Stems 08.24.17
Folder called ""Feel The Love Stems 08.24.17"" shown by American.","Aug 24, 2017",,,,Confirmed,Not Available,https://imgur.gg/f/aCWHr0v
KIDS SEE GHOSTS,"Freeeee
(feat. Ty Dolla $ign) (prod. Kanye West, Jeff Bhasker & Kid Cudi)
(Free, I Feel Free, Freeee, Freeee (Ghost Town Pt. 2))","OG Filename: Kids See Ghosts_Freeee-SVelez_Stems_75bpm_DL
Full studio stems. This is a rebounce from 2020 for use in orchestral project, meaning that these are not OG files, but they have the OG filenames. The stems were probably bounced earlier than 2020, then re-imported into ProTools which split them into L and R files which gave them new metadata.","Jan 16, 2020",,3:30,151,Full,Lossless,https://imgur.gg/f/I1pW8h2
KIDS SEE GHOSTS,God's Love,"OG Filename: God's Love Stems 08.24.17
Folder called ""God's Love Stems 08.24.17"" shown by American. This song is fully unheard.","Aug 24, 2017",,,,Confirmed,Not Available,https://imgur.gg/f/aCWHr0v
KIDS SEE GHOSTS,Kids See Ghosts,"OG Filename: KSG ORIGINAL STEMS
Full folder for every track of Kids See Ghosts. Has instrumentals, Clean + Non-Clean Acapellas and TV Tracks. No full multitrack stems are avaliable.","Jun 28, 2018",,Varied,Varied,OG File,Lossless,https://imgur.gg/f/HRcokbV
KIDS SEE GHOSTS,Kids See Ghosts (Chris),"OG Filename: KSG (CHRIS)
Folder from ""Chris"" with volume changes and other small changes to the stems of the songs. (Keep in mind no multitracks were sent meaning Chris had to chop the acapellas + instrumentals to make changes).",,,Varied,Varied,OG File,Lossless,https://imgur.gg/f/zoMSak0
KIDS SEE GHOSTS,Kids See Ghosts (Update From Chris),"OG Filename: KSG (UPDATE FROM CHRIS)
Another folder from ""Chris"" with volume changes and other small changes to the stems of the songs. (Keep in mind no multitracks were sent meaning Chris had to chop the acapellas + instrumentals to make changes). One thing of note is that these changes were made after SNL.",,,Varied,Varied,OG File,Lossless,https://imgur.gg/f/ULIhzBb
KIDS SEE GHOSTS,No Lights On Sunset,"Seen in a folder called ""God's Love Stems 08.24.17"" shown by American.","Aug 24, 2017",,,,Confirmed,Not Available,https://imgur.gg/f/aCWHr0v
KIDS SEE GHOSTS,Prayers [Vocal Stem],"OG Filename: Prayers Vox Stem 91BPM
Seen in a folder called ""God's Love Stems 08.24.17"" shown by American.","Aug 24, 2017",,,,Confirmed,Not Available,https://imgur.gg/f/aCWHr0v
KIDS SEE GHOSTS,Reborn,"Seen in a folder called ""God's Love Stems 08.24.17"" shown by American.","Aug 24, 2017",,,,Confirmed,Not Available,https://imgur.gg/f/aCWHr0v
KIDS SEE GHOSTS,"Someday 
(Ghost Town)","Seen in a folder called ""God's Love Stems 08.24.17"" shown by American.","Aug 24, 2017",,,,Confirmed,Not Available,https://imgur.gg/f/aCWHr0v
KIDS SEE GHOSTS,"The Devils Watching
(Devil's Watchin)","Seen in a folder called ""God's Love Stems 08.24.17"" shown by American.","Aug 24, 2017",,,,Confirmed,Not Available,https://imgur.gg/f/aCWHr0v
KIDS SEE GHOSTS,"Feel The Love
(feat. Pusha T)","OG Filename: FEEL THE LOVE DREW MIKE JESS MIX 3 ACAPELLA.01
Acapella for an earlier mix. Kanye is not on the acapella and on the instrumental instead.","Jun 16, 2018",,2:46,110.6,OG File,Lossless,https://imgur.gg/f/MHcd8oE
KIDS SEE GHOSTS,"Feel The Love [Clean]
(feat. Pusha T)","OG Filename: FEEL THE LOVE DREW MIKE JESS MIX 3 ACAPELLA CLEAN.01
Clean acapella for an earlier mix. Kanye is not on the acapella and on the instrumental instead.","Jun 16, 2018",,2:46,110.6,OG File,Lossless,https://imgur.gg/f/uxqUygk
KIDS SEE GHOSTS,Fire,"OG Filename: FIRE CHOP PARTY MIX.01 ACAPELLA
Acapella for an earlier mix.","Jun 16, 2018",,2:22,105,OG File,Lossless,https://imgur.gg/f/AyXjofM
KIDS SEE GHOSTS,Fire [Clean],"OG Filename: FIRE CHOP PARTY MIX.01 ACAPELLA CLEAN
Clean acapella for an earlier mix.","Jun 16, 2018",,2:22,105,OG File,Lossless,https://imgur.gg/f/MvbGTGF
KIDS SEE GHOSTS,"4th Dimension
(feat. Louis Prima)","OG Filename: 4TH DIMENSION JESS MIKE MIX 6 ACAPELLA_02
Acapella for an earlier mix.","Jun 28, 2018",,2:38,86,OG File,Lossless,https://imgur.gg/f/Wlb7iEP
KIDS SEE GHOSTS,"4th Dimension [Clean]
(feat. Louis Prima)","OG Filename: 4TH DIMENSION JESS MIKE MIX 6 ACAPELLA CLEAN_02
Clean acapella for an earlier mix.","Jun 28, 2018",,2:38,86,OG File,Lossless,https://imgur.gg/f/XtwO5Xt
KIDS SEE GHOSTS,"Freeeee
(feat. Ty Dolla $ign)
(Free, I Feel Free, Freeee, Freeee (Ghost Town Pt. 2))","OG Filename: FREEEEE PATY MIX 4 ACAPELLA
Acapella for an earlier mix.","Jun 14, 2018",,3:30,151,OG File,Lossless,https://imgur.gg/f/xs0zsxS
KIDS SEE GHOSTS,"Freeeee [Clean]
(feat. Ty Dolla $ign)
(Free, I Feel Free, Freeee, Freeee (Ghost Town Pt. 2))","OG Filename: FREEEEE PATY MIX 4 ACAPELLA CLEAN
Clean acapella for an earlier mix.","Jun 14, 2018",,3:30,151,OG File,Lossless,https://imgur.gg/f/vTRTeo1
KIDS SEE GHOSTS,Reborn,"OG Filename: REBORN MIX 5 ACAPELLA
Acapella for an earlier mix.","Jun 14, 2018","Jun 3, 2022",5:32,100,OG File,Lossless,https://imgur.gg/f/ygICL8c
KIDS SEE GHOSTS,"Kids See Ghosts
(feat. Yasiin Bey & Bon Iver)","OG Filename: KIDS SEE GHOSTS MIX 4 ACAPELLA
Acapella for an earlier mix.","Jun 14, 2018",,4:12,95,OG File,Lossless,https://imgur.gg/f/lfCdSSh
KIDS SEE GHOSTS,"Kids See Ghosts [Clean]
(feat. Yasiin Bey & Bon Iver)","OG Filename: KIDS SEE GHOSTS MIX 4 ACAPELLA CLEAN
Clean acapella for an earlier mix.","Jun 14, 2018",,4:12,95,OG File,Lossless,https://imgur.gg/f/x7sOptQ
KIDS SEE GHOSTS,"Cudi Montage
(feat. Mr Hudson)","OG Filename: CUDI MONTAGE MIX 9 ACAPELLA
Acapella for an earlier mix.","Jun 14, 2018",,3:22,110,OG File,Lossless,https://imgur.gg/f/eN7TX63
KIDS SEE GHOSTS,"Feel the Love
(prod. MIKE DEAN, Kanye West, Dot da Genius & Evan Mast)","OG Filename: FEEL THE LOVE DREW MIKE JESS MIX 3 INSTRUMENTAL.01
Instrumental for an earlier mix.","Jun 16, 2018",,2:46,110.6,OG File,Lossless,https://imgur.gg/f/Ni1Xba5
KIDS SEE GHOSTS,"Fire
(prod. Kanye West, Kid Cudi, André 3000, Boogz & Evan Mast)","OG Filename: FIRE CHOP PARTY MIX.01 INSTRUMENTAL
Instrumental for an earlier mix.","Jun 14, 2018",,2:22,105,OG File,Lossless,https://imgur.gg/f/Oje5Q1q
KIDS SEE GHOSTS,"4th Dimension
(prod. Plain Pat, MIKE DEAN & Kanye West)","OG Filename: 4TH DIMENSION JESS MIKE MIX 6 INSTRUMENTAL
Instrumental for a slightly different mix.","Jun 14, 2018","Jun 29, 2022",2:38,86,OG File,Lossless,https://imgur.gg/f/Z72LeMm
KIDS SEE GHOSTS,"Freeeee
(feat. Ty Dolla $ign) (prod. Kanye West, Jeff Bhasker & Kid Cudi)
(Free, I Feel Free, Freeee, Freeee (Ghost Town Pt. 2))","OG Filename: FREEEEE PATY MIX 4 INSTRUMENTAL_10
Instrumental for a slightly earlier mix. Has some faint Ty vocals.","Jun 14, 2018","Jun 3, 2022",3:30,151,OG File,Lossless,https://imgur.gg/f/cYceynr
KIDS SEE GHOSTS,"Reborn
(prod. Dot da Genius, Kid Cudi, Plain Pat & Evan Mast)","OG Filename: REBORN MIX 5 INSTRUMENTAL
Instrumental for an earlier mix.","Jun 14, 2018",,5:32,100,OG File,Lossless,https://imgur.gg/f/sVE4r6I
KIDS SEE GHOSTS,"Kids See Ghosts
(prod. Kanye West, Kid Cudi, Plain Pat & Andrew Dawson)","OG Filename: KIDS SEE GHOSTS MIX 4 INSTRUMENTAL
Instrumental for an earlier mix.","Jun 14, 2018",,4:12,95,OG File,Lossless,https://imgur.gg/f/gWn58JU
KIDS SEE GHOSTS,"Cudi Montage
(prod. William J. Sullivan, MIKE DEAN, Dot da Genius & Kid Cudi)","OG Filename: CUDI MONTAGE MIX 9 INSTRUMENTAL
Instrumental for an earlier mix.","Jun 14, 2018",,3:22,110,OG File,Lossless,https://imgur.gg/f/icDNWwR
KIDS SEE GHOSTS,"Freeee
(prod. Kanye West, Kid Cudi, MIKE DEAN, Jeff Bhasker, BoogzDaBeast, Andrew Dawson, ANDY C & Russell ""Love"" Crews)
(Freeee (Ghost Town Pt. 2), Free, I Feel Free)",An earlier version of the instrumental. Unknown when exactly made.,,,3:26,151/156,Full,High Quality,https://imgur.gg/f/gdT6az1
KIDS SEE GHOSTS,"Feel The Love
(feat. Pusha T) (prod. MIKE DEAN, Kanye West, Dot da Genius & Evan Mast)","OG Filename: FEEL THE LOVE DREW MIKE JESS MIX 3 TV.01_69
TV Track for an earlier mix.","Jun 26, 2018",,2:46,110.6,OG File,Lossless,https://imgur.gg/f/OkMFp12
KIDS SEE GHOSTS,"Fire
(prod. Kanye West, Kid Cudi, André 3000, Boogz & Evan Mast)","OG Filename: FIRE CHOP PARTY MIX.01 TV
TV Track for an earlier mix.","Jun 16, 2018",,2:22,105,OG File,Lossless,https://imgur.gg/f/XS92SKs
KIDS SEE GHOSTS,"4th Dimension
(feat. Louis Prima) (prod. Plain Pat, MIKE DEAN & Kanye West)","OG Filename: 4TH DIMENSION JESS MIKE MIX 6 TV
TV Track for an earlier mix.","Jun 14, 2018",,2:38,86,OG File,Lossless,https://imgur.gg/f/Hm5DR1R
KIDS SEE GHOSTS,"Freeeee
(feat. Ty Dolla $ign) (prod. Kanye West, Jeff Bhasker & Kid Cudi)
(Free, I Feel Free, Freeee, Freeee (Ghost Town Pt. 2))","OG Filename: FREEEEE PATY MIX 4 TV_12
TV Track for an earlier mix.","Jun 17, 2018",,3:30,151,OG File,Lossless,https://imgur.gg/f/0F5dnou
KIDS SEE GHOSTS,"Reborn
(prod. Dot da Genius, Kid Cudi, Plain Pat & Evan Mast)","OG Filename: REBORN MIX 5 TV_01
TV Track for an earlier mix.","Jun 23, 2018",,5:32,100,OG File,Lossless,https://imgur.gg/f/h4cxLTL
KIDS SEE GHOSTS,"Kids See Ghosts
(feat. Yasiin Bey & Bon Iver) (prod. Kanye West, Kid Cudi, Plain Pat & Andrew Dawson)","OG Filename: KIDS SEE GHOSTS MIX 4 TV
TV Track for an earlier mix.","Jun 23, 2018",,4:12,95,OG File,Lossless,https://imgur.gg/f/0vOPF4C
KIDS SEE GHOSTS,"Cudi Montage
(feat. Mr Hudson) (prod. William J. Sullivan, MIKE DEAN, Dot da Genius & Kid Cudi)","OG Filename: CUDI MONTAGE MIX 9 TV
TV Track for an earlier mix.","Jun 14, 2018",,3:22,110,OG File,Lossless,https://imgur.gg/f/GBSG1go
K.T.S.E.,"Hurry
(feat. Ant Clemons, Kanye West & Mykki Blanco) (prod. BoogzDaBeast, MIKE DEAN & Kanye West)","OG Filename: Teyana Taylor - Hurry [06.20.18]
Session for a demo version.","Jun 20, 2018",,2:54,81.33,OG File,Lossless,https://imgur.gg/f/CKfmFh6
Good Ass Job (2018),"I Love It (Remix)
(ref. Dreezy) (feat. THE-DREAM)
(The Chakra, Chakras, HYPE AF, Selah, Good Morning)","OG Filename: I Love It (Remix) [Boogz Piano Chop]
OG Password: ZDKW2018!
Session for Dreezy's ref. Password leaked June 4th, 2024. Has many vocals for GAJ 18 era songs alongside Dreezys ref.

Unofficial notes for each interesting microphone take in the session:
C800.01_xx to C800.31_xx - Chance recording for ""MJ""
C800.35_xx - Chance recorded extra lines for ""MJ""
C800.33_48 to C800.33_55 - Ant, Chance, and Ye listening to Job Well Done-era songs, freestyling and adding backing vocals
C800.33_56 to C800.49_75 - Ant, Dreezy, and Ye listening to ""I Love It (Remix)"", freestyling and recording vocals
C800.34_59 - Ye raps a verse from R. Kelly's song ""Ignition (Remix)""","Sep 19, 2018","Jun 4, 2024",2:05,"130 /
130.5",OG File,Lossless,https://imgur.gg/f/3RLdY5E
Good Ass Job (2018),"MJ
(prod. Kanye West & BoogzDaBeast)","OG Filename: KW-Chance MJ (boogz edit)
More finished version with drums. Was played on an Consequence Instagram Live in October 2019.",,,1:43,84,OG File,CD Quality,https://imgur.gg/f/oZiSdFN
Yandhi [V1],"Bye Bye Baby
(feat. Mykki Blanco) (prod. E.VAX, FNZ & RONNY J)","OG Filename: BYE BYE BABY 10.04.18 [ADD EVAN AND MYKKI]
Sessions to the E.VAX 10.4.18 version. Mixed differently to the leaked versions. Includes some Kanye vocals","Oct 1, 2018","Nov 11, 2021",Varied,84,OG File,Lossless,https://imgur.gg/f/K39vZh0
Yandhi [V1],"Hurricane
(ref. 070 Shake) (feat. Ant Clemons & Ty Dolla $ign) (prod. BoogzDaBeast, Nascent & RONNY J)
(Don't Let Me Down, Hurricanes, 80 Degrees)","Session for the 070 Shake reference. Some, but not all raw vocals leaked February 27th, 2025.","Sep 28, 2018","Feb 27, 2025",Varied,157.6,Partial,Lossless,"https://imgur.gg/f/CYQ1iqz
https://imgur.gg/f/IeY8bde
https://imgur.gg/f/7x1Nsio
https://imgur.gg/f/du1Ucs8"
Yandhi [V1],"Hurricane
(prod. Cashmere Cat, BoogzDaBeast & RONNY J)
(80 Degrees, Hurricanes, Don't Let Me Down)","OG Filename: hurriCAT - STEMS 157.6bpm [10.07.18]
Sessions for the 10.07.18 Cashmere Cat version.","Oct 7, 2018","Nov 11, 2021",Varied,157.6,OG File,Lossless,https://imgur.gg/f/BJGJBLb
Yandhi [V1],"New Body
(feat. Nicki Minaj & Ty Dolla $ign) (prod. RONNY J)","Sessions. Missing files as the leaker removed many of them. Some snippets leaked July 27, 2024.","Oct 4, 2018","Jul 27, 2024",Varied,95,Partial,Lossless,"https://imgur.gg/f/cwouX3J
https://imgur.gg/f/33MLY1o
https://imgur.gg/f/Dg2rUqA
https://imgur.gg/f/xGtKTh7
https://imgur.gg/f/yEspEfI
https://imgur.gg/f/7YTePnq
https://imgur.gg/f/p9giFdf"
Yandhi [V1],"City In The Sky
(feat. Ty Dolla $ign, Ant Clemons, Desiigner, 070 Shake & Kid Cudi) (prod. MIKE DEAN)
(City in the Sky, Ooh Child)","OG Filename: City In The Sky 10.01.18 [Move Shake]
Session for the October 1st, 2018 version of ""City In The Sky"". Missing files as leaker removed many of them.","Oct 1, 2018","Nov 11, 2021",4:18,79,Partial,Lossless,https://imgur.gg/f/IAr2b38
Yandhi [V1],"Space X / Alien 
(Alien, Godzilla)","OG Filename: SPACE X (1)
Over 20 sessions ranging from September 30th to November 21st with multiple people as features/refs.",Varied,,Varied,130,OG File,Lossless,https://imgur.gg/f/Yxafjqk
Yandhi [V1],"Space X / Alien [Acapella Session]
(feat. Ant Clemons)
(Alien, Godzilla)","OG Filename: SPACE X - ALIEN (ANT REF) TRACKS FOR ZACK
Acapella tracks for a version including Ant reference verse vocals and the full Kanye freestyle vocals.","Sep 28, 2018",,Varied,130,Partial,Lossless,https://imgur.gg/f/eQLF4B5
Yandhi [V1],"I Love It
(feat. Lil Pump & Adele Givens) (prod. Kanye West, DJ Clark Kent, CBMix & RONNY J)
(Sluts Are Awesome)",Confirmed that Alek owns the session(s) by a stem edit they made with demo vocals.,,,,104,Confirmed,Not Available,
Yandhi [V1],"XXX
(feat. Kid Cudi, XXXTENTACION, Ty Dolla $ign, Ant Clemons & Francis and the Lights) (prod. RONNY J, BoogzDaBeast, FNZ & MIKE DEAN)
(Everything We Need, Jeet, Leave It In, The Storm, We Begin, We Begin After the Storm Inside)","OG Filename: XXX 10.04.18 [Add MD Stems]
Extremely bare bones session, due to various files removed by Shogani.","Oct 4, 2018",,Varied,117,Partial,Lossless,https://imgur.gg/f/bh2ZYQ0
Yandhi [V1],"Vory - I'm Mad Ok
(prod. Louis Bell)
(I'm Not Ok, Ok Ok)","OG Filename: Im mad ok
Session.",Varied,"May 29, 2024",Varied,83,OG File,Lossless,https://imgur.gg/f/teBMCH7
Yandhi [V1],"XXXTENTACION - One Minute
(ref. CyHi) (feat. Kanye West, North West & Travis Barker) (prod. John Cunningham & Robert Soukiasyan)","OG Filename: 11 7 18 2
Full ProTools session, including a CyHi ""One Minute"" reference verse in full lossless and Kanye's takes for his final verse. North West can be heard in the background of some of the Kanye vocal takes.","Nov 7, 2018","Jan 19, 2021",Varied,170,OG File,Lossless,https://imgur.gg/f/uSOydOq
Yandhi [V1],"Alien
(feat. Ant Clemons)
(Space X, Godzilla)","OG Filename: Space X Alien - Stems 139 - 130bpm [09.28.18]
Stems for the 9.28.18 version, including the ""Godzilla"" intro and full Kanye freestyle vocals.","Sep 28, 2018",,3:32,139/130,OG File,Lossless,https://mega.nz/file/pO5ThKSY#yzOciasHTFQUtnefICH7D3ajSXe4bcimu4jwOuPEOa8
Yandhi [V1],"Alien
(feat. Ant Clemons)
(Space X, Godzilla)","OG Filename: ALIEN - STEMS 139-130BPM [10.04.18]
Stems for the 10.04.18 version, has both the ""Godzilla"" and ""Alien"" parts, but only has vocals during the ""Godzilla"" part.","Oct 4, 2018",,3:30,139/130,OG File,Lossless,https://imgur.gg/f/fxYMdVp
Yandhi [V1],"All Blue Don C's
(ref. Bump J) (feat. Young Thug) (prod. Jeff & BoogzDaBeast)
(Strapped Steph Curry)",Stems for the 09.23.18 version.,"Sep 23, 2018",,2:38,135,OG File,Lossless,https://imgur.gg/f/Vmq9wWN
Yandhi [V1],"Brothers
(ref. Ant Clemons)","OG Filename: Brothers Ant Clemons Stems
Stems which include instrumental, Kanye 7:20 freestyle vox, Ant vox & Kanye hook vox. Also includes stems for the 20 minute freestyle version.","Jul 20, 2018","Jan 30, 2024",6:45,110,OG File,Lossless,https://imgur.gg/f/OChxhhe
Yandhi [V1],"Bye Bye Baby
(feat. Mykki Blanco) (prod. E.VAX, FNZ & RONNY J)","OG Filename: BYE BYE BABY - STEMS 84BPM [10.04.18]
Stems for the 10.04.18 version.","Oct 4, 2018",,3:20,84,OG File,Lossless,https://imgur.gg/f/mfxqesJ
Yandhi [V1],"I Love It (Remix)
(feat. Caroline Shaw & The-Dream)
(Chakras, HYPE AF, Selah, Good Morning, The Chakra)","Stems for an earlier version found in the Dreezy session zip. Metadata shows these stems were bounced September 16th, 2018 (One day before Dreezys ref).","Sep 16, 2018",,2:09,130,OG File,Lossless,https://imgur.gg/f/6XkJTnm
Yandhi [V1],"I Love It (Remix)
(feat. Caroline Shaw, Ant Clemons & The-Dream)
(Chakras, HYPE AF, Selah, Good Morning, The Chakra)",Stems for the 9.20.18 long freestyle version.,"Sep 20, 2018",,5:45,130,OG File,Lossless,https://imgur.gg/f/oAaTt0q
Yandhi [V1],"The Chakra
(feat. Caroline Shaw, The-Dream, BONGO ByTheWay & Ant Clemons)
(I Love It (Remix), Chakras, HYPE AF, Selah, Good Morning)",Stems for a later version.,"Oct 4, 2018",,3:12,130,OG File,Lossless,https://imgur.gg/f/Yv0RniM
Yandhi [V1],"Godzilla
(prod. BONGO ByTheWay & BoogzDaBeast)","Stems for the instrumental, before the song was combined with ""Alien"". Metadata dates this version as September ‎19, ‎2018.","Sep 19, 2018",,2:31,139,OG File,Lossless,https://imgur.gg/f/EST70RB
Yandhi [V1],"Godzilla [Sample Stem]
(prod. BONGO ByTheWay & BoogzDaBeast)","OG Filename: HTF Brass 130 Dangerous Stab 01 E
Sample for the song.","Sep 19, 2018",,2:31,139,OG File,Lossless,https://imgur.gg/f/naohgAZ
Yandhi [V1],"Hurricane
(feat. Ant Clemons, Young Thug & Ty Dolla $ign) (prod. BoogzDaBeast & RONNY J)
(80 Degrees, Hurricane, Don't Let Me Down)","Stems for the 09.23.18 version, this is the version with Ty$ and Young Thug, also features the first version of Ant's hook.","Sep 23, 2018",,4:21,157.6,OG File,Lossless,https://imgur.gg/f/OQd4xqo
Yandhi [V1],"Hurricane
(ref. 070 Shake) (feat. Ant Clemons & Ty Dolla $ign) (prod. BoogzDaBeast, Nascent & RONNY J)
(Don't Let Me Down, Hurricanes, 80 Degrees)",Stems for the 070 Shake reference. Said to exist.,"Sep 28, 2018",,4:21,157.6,Confirmed,Not Available,
Yandhi [V1],"Hurricane
(feat. Ant Clemons & Big Sean) (prod. BoogzDaBeast & RONNY J)
(80 Degrees, Hurricanes, Don't Let Me Down)","Stems for the 10.04.18 version featuring Ant Clemons on the hook and a verse from Big Sean, as well as Ye's freestyle and ""waverunner"" verses.","Oct 4, 2018",,4:28,157.6,OG File,Lossless,https://imgur.gg/f/LGa0lEA
Yandhi [V1],"Hurricane
(prod. Cashmere Cat, Francis and the Lights, BoogzDaBeast & RONNY J)
(80 Degrees, Hurricanes, Don't Let Me Down)","OG Filename: 18.10.07 - Hurricane - 157.6 & HURRICANE - STEMS 157.6bpm [10.07.18] NEW PRODUCTION
Stems for the Cashmere Cat version, has a different beat and a prismized ""Kanye"" hook.","Oct 7, 2018",,2:03,157.6,OG File,Lossless,https://imgur.gg/f/mzyqvpL
Yandhi [V1],"I Love It
(feat. Adele Givens & Lil Pump) (prod. RONNY J, Clark Kent & CBMIX)
(Sluts Are Awesome)",Stems to the released version.,"Sep 12, 2018",,2:27,104,OG File,Lossless,https://imgur.gg/f/4PcluYQ
Yandhi [V1],"Last Name
(feat. Ant Clemons) (prod. BoogzDaBeast, MIKE DEAN & Francis and the Lights)
(Slave Name)",Stems for a solo version.,"Sep 23, 2018",,3:52,82.6,OG File,Lossless,https://imgur.gg/f/nTEzPA4
Yandhi [V1],"Last Name
(feat. Ant Clemons & E.VAX) (prod. BoogzDaBeast, E.VAX, MIKE DEAN & Francis and the Lights)
(Slave Name)",Stems for the minute long version.,"Sep 30, 2018",,1:09,82.6,OG File,Lossless,https://imgur.gg/f/IoW7fOX
Yandhi [V1],"New Body
(feat. 6ix9ine) (prod. RONNY J)","Stems for the 9.22.18 version, features very rough Kanye and 6ix9ine vocals.","Sep 22, 2018",,3:06,95,OG File,Lossless,https://imgur.gg/f/UvDO2aa
Yandhi [V1],"New Body
(feat. Nicki Minaj & Ty Dolla $ign) (prod. RONNY J)",Stems for the 10.04.18 versions.,"Oct 4, 2018",,2:51,95,OG File,Lossless,https://imgur.gg/f/YHBrfr7
Yandhi [V1],New Body [Sample Stem],"OG Filename: the little white bird 95bpm
Sample for the song.",,,0:20,95,Full,Lossless,https://imgur.gg/f/YoNYYUh
Yandhi [V1],"Sky City
(feat. Ty Dolla $ign, Ant Clemons, Desiigner, 070 Shake & Kid Cudi) (prod. MIKE DEAN)
(City in the Sky, Ooh Child)",Stems for the first 10.04.18 version.,"Oct 4, 2018",,4:18,79,OG File,Lossless,"https://imgur.gg/f/VB1GJJt
https://mega.nz/file/ISIVXawY#JnVqjJouA8IxHDo28TMP1rubODyqtQYDy_15Fs7pD18"
Yandhi [V1],"Sky City
(feat. Ty Dolla $ign, Ant Clemons, Desiigner, 070 Shake & Kid Cudi) (prod. MIKE DEAN)
(City in the Sky, Ooh Child)","Stems for an alternate 10.04.18 version, with an extended 070 Shake freestyle.","Oct 4, 2018",,4:12,79,OG File,Lossless,https://imgur.gg/f/pCPcP6j
Yandhi [V1],"The Garden
(feat. Carole Bayer Sager, Ty Dolla $ign & Ant Clemons)
(We'll Find A Way, Garden, Pets)",Stems for a very early version.,"Sep 23, 2018",,3:00,77,OG File,Lossless,https://imgur.gg/f/yUx2hgT
Yandhi [V1],"The Garden
(feat. Carole Bayer Sager, Ty Dolla $ign, Ant Clemons & The-Dream)
(We'll Find A Way, Garden, Pets)",Stems for a further along version.,"Oct 4, 2018",,3:48,77,OG File,Lossless,https://imgur.gg/f/uRKCfs4
Yandhi [V1],"We Got Love
(feat. Teyana Taylor & Ms. Lauryn Hill) (prod. Kanye West, BoogzDaBeast, E.VAX & MIKE DEAN)",Stems for the 09.18.18 version.,"Sep 18, 2018",,3:41,121.5,OG File,Lossless,https://imgur.gg/f/jczDt9U
Yandhi [V1],"We Got Love
(feat. Teyana Taylor & Ms. Lauryn Hill) (prod. Kanye West, BoogzDaBeast, E.VAX & MIKE DEAN)","Leaked stems, identical to the 09.18.18 version with the exception of including a recording from a speech by Chicago mayoral candidate Amara Enyia at the end.","Sep 18, 2018",,3:41,121.5,OG File,Lossless,https://imgur.gg/f/cruBj1g
Yandhi [V1],"XXX
(feat. Kid Cudi, XXXTENTACION, Ty Dolla $ign, Ant Clemons & Francis and the Lights) (prod. FNZ, MIKE DEAN, RONNY J & tizhimself)
(Everything We Need, The Storm, We Begin)","OG Filename: XXX - STEMS 117BPM [10.04.18]
Stems for the October 4th, 2018 version. Stems are labeled with ""WB"", meaning ""we begin"".","Oct 4, 2018","Nov 11, 2021",3:41,117,OG File,Lossless,https://imgur.gg/f/9tPeXsd
Yandhi [V1],"6ix9ine - Tekken
(feat. Kanye West) (prod. Murda Beatz)
(KANGA, Tekon)","Stems for the September 8th, 2018 version, albeit unmixed.","Sep 23, 2018",,2:46,118,OG File,Lossless,https://imgur.gg/f/sjyuaNl
Yandhi [V1],Hurricane,"OG Filename: Hurricane 9.23.18 [New KW Vrs Acapella]
Acapella for the ""Wave Runner"" verse.","Sep 23, 2018","Jul 31, 2025",4:18,157.6,OG File,CD Quality,https://imgur.gg/f/RgjnAHd
Yandhi [V1],"I Love It
(feat. Lil Pump)","OG Filename: I LOVE IT MIKE JESS MIX 10 CLEAN ACCAPELLA
Acapella for the clean release.","Sep 12, 2019",,2:07,104,OG File,Lossless,https://imgur.gg/f/dXpcWfk
Yandhi [V1],"I Love It
(feat. Lil Pump)","OG Filename: LOVE IT MIKE JESS MIX 10 ACCAPELLA
Acapella for the released version.","Sep 12, 2019",,2:08,104,OG File,Lossless,https://imgur.gg/f/X0fIAv7
Yandhi [V1],"I Love It (Freaky Girl Edit)
(feat. Lil Pump)","OG Filename: I LOVE IT MIKE JESS MIX 10 SUPERCLEAN REV 7 accapella 01-02
Acapella for the released superclean version.","Sep 27, 2019",,2:10,104,OG File,Lossless,https://imgur.gg/f/wUbTEQv
Yandhi [V1],"I Love It (Freaky Girl Edit)
(feat. Lil Pump)","OG Filename: I LOVE IT MIKE JESS MIX 10 SUPERCLEAN REV 3 MASTERED ACCAPELLA 01-02
Acapella with alternate censoring.","Sep 14, 2019",,2:07,104,OG File,Lossless,https://imgur.gg/f/0rZjUls
Yandhi [V1],"Last Name
(Slave Name)","OG Filename: SM58-2 01
Acapella for a new freestyle. Metadata shows file was exported 2018-09-29 9:38:53AM.","Sep 29, 2018","Mar 17, 2024",3:54,82.6,OG File,Lossless,https://imgur.gg/f/k2TYP38
Yandhi [V1],"New Body [6ix9ine Vocal Stem]
(feat. 6ix9ine) (prod. RONNY J)",An acapella version of 6ix9ine's chorus. Has a lot of empty room for the verses and beat and a Ronny J tag.,,,3:01,95,Full,CD Quality,https://imgur.gg/f/Jc9crKA
Yandhi [V1],"The Garden 
(feat. Ty Dolla $ign)","OG Filename: The Garden 09.22.18 [TY$ VOCAL]
Acapella for Ty Dolla $ign's vocals on ""The Garden"". Filename says September 22nd, but the file was bounced a day later.","Sep 23, 2018","Nov 11, 2021",3:00,77,OG File,Lossless,https://imgur.gg/f/EINyaMg
Yandhi [V1],"124th
(prod. Brodinski)","OG Filename: 124th 120
Instrumental for one of the Yandhi freestyles, produced by Brodinski.",,,1:28,120,OG File,CD Quality,https://imgur.gg/f/hzu4dw4
Yandhi [V1],"124th
(prod. Brodinski)","OG Filename: Brodi - 124th [More Cowbell]
Same as the above, but with more cowbells.",,,1:28,120,OG File,CD Quality,https://imgur.gg/f/O3R5yZU
Yandhi [V1],"AC4
(prod. ANDY C)","OG Filename: AC 4
Instrumental.",,,1:00,130,OG File,Lossless,https://imgur.gg/f/suZxN8a
Yandhi [V1],"I Wonder
(prod. FNZ)
(Alien, Space X / Alien)","OG Filename: I Wonder 130 BPM
Sample for ""Alien"".","Aug 21, 2018",,0:36,130,OG File,Lossless,https://imgur.gg/f/nUADVXu
Yandhi [V1],"Alien 
(feat. Ant Clemons)
(Space X / Alien, Godzilla)","OG Filename: ALLIEN AD.2 chop mod ant intro
Instrumental to Migos' version, exact file found on Enya's 10.01.18 Yandhi tracklist.","Sep 29, 2018",,3:30,139/130,OG File,CD Quality,https://imgur.gg/f/pQiLoSY
Yandhi [V1],"Space X / Alien
(Alien, Godzilla, Allien, ALN, Aliens)","OG Filename: Space X - Alien Instrumental [09.28.18]
Instrumental for the 09.28.18 version.","Sep 28, 2018",,3:30,139/130,OG File,CD Quality,https://imgur.gg/f/bwWgj8I
Yandhi [V1],"Space X / Alien
(feat. Ant Clemons)
(Alien, Godzilla, Allien, ALN, Aliens)","OG Filename: Space X - Alien open verse [10.04.18]
Open verse version.","Oct 4, 2018",,3:30,139/130,OG File,CD Quality,https://imgur.gg/f/T87Ql2d
Yandhi [V1],"All Blue Don C's
(prod. Beat By Jeff)
(Strapped Steph Curry, All New Don C's)","OG Filename: All Blue Don Cs - INST 09.22.18
Instrumental for the 9.22.18 version.","Sep 22, 2018",,2:38,135,OG File,CD Quality,https://imgur.gg/f/l0Wkbev
Yandhi [V1],"Bad People
(prod. Kanye West, BoogzDaBeast & Noah Goldstein)
(White Label)","OG Filename: Bad People INST 6.14.18 
Instrumental for an early version.","Jun 14, 2018","May 29, 2024",3:40,76,OG File,CD Quality,https://imgur.gg/f/e6jMNJe
Yandhi [V1],"Bellair
(prod. FNZ)
(Bye Bye Baby)","OG Filename: Bellair_znf
FNZ sample that would be added onto by RONNY J.","Sep 24, 2018","Nov 11, 2021",2:11,84,OG File,CD Quality,https://imgur.gg/f/Eltllu2
Yandhi [V1],"Bye Bye Baby
(prod. FNZ & RONNY J)","OG Filename: BYE BYE BABY Instrumental 84bpm [09.27.18]
Instrumental for the 09.27.18 version.","Sep 27, 2018",,2:14,84,OG File,CD Quality,https://imgur.gg/f/dBt2go3
Yandhi [V1],"Bye Bye Baby
(prod. RONNY J & E.VAX)","OG Filename: BYE BYE BABY [Evan Version Instrumental] 10.01.18
Instrumental for the 10.01.18 version, produced by E.VAX.","Oct 1, 2018",,2:22,84,OG File,CD Quality,https://imgur.gg/f/ImW4T9W
Yandhi [V1],"Bye Bye Baby
(prod. RONNY J & E.VAX)
(Bellair, Big Booty Bitch)","OG Filename: BYE BYE BABY [Evan Version INSTRUMENTAL] 10.04.18
Same as the above, but dated 10.04.18.","Oct 4, 2018","Nov 11, 2021",2:22,84,OG File,CD Quality,https://imgur.gg/f/0hxfGoD
Yandhi [V1],"Exctacty
(prod. Kanye West & Andrew Dawson)
(XTCY, Extacy)","OG Filename: Exctacty 08.10.18 INSTRUMENTAL
Instrumental bounced in August 10th, 2018.","Aug 10, 2018","May 18, 2024",3:00,94,OG File,CD Quality,https://imgur.gg/f/sKIm8pk
Yandhi [V1],"Don't Let Me Down
(prod. BoogzDaBeast, MIKE DEAN & RONNY J)
(Hurricane)","OG Filenames: Don't Let Me Down - MD version INST &
Hurricane - MD Version [og kanye ref vocal]
MIKE DEAN mix of the instrumental, which would later be reworked for other versions. Filename mentions ""ref vocal"", as they most likely used this bounce to try and see how the original pre-""Wave Runner"" verses would sound on it. Perfectly inverts with ""KW - Don't Let Me Down - MD version [ADD ANT VOCAL].",,"Dec 1, 2024",4:21,157.6,OG File,CD Quality,https://imgur.gg/f/wSGKEas
Yandhi [V1],"Hurricane
(prod. BoogzDaBeast & RONNY J)","OG Filename: Hurricane 09.23.18 [INST 157.6bpm]
Instrumental for the September 23rd, 2018 version.","Sep 23, 2018",,4:21,157.6,OG File,CD Quality,https://imgur.gg/f/VCOHkbc
Yandhi [V1],"Hurricane
(prod. BoogzDaBeast & RONNY J)","OG Filename: Hurricane 09.30.18 [INST]
Instrumental for the 09.30.18 version.","Sep 30, 2018",,4:27,157.6,OG File,CD Quality,https://imgur.gg/f/Tkm9BGU
Yandhi [V1],"Hurricane
(prod. BoogzDaBeast, Cashmere Cat, Francis and the Lights & RONNY J)","OG Filename: Hurricane [Francis and Cashmere KW vrs] instrumental 10.07.18
Instrumental, similar to the one present on the October 6th, 2018 file, but without the chorus section repeating at the end and an unaltered arrangement of the sample.","Oct 7, 2018","Jul 31, 2025",2:04,157.6,OG File,CD Quality,https://imgur.gg/f/CSStjXL
Yandhi [V1],I Love It (Freaky Girl Edit),"OG Filename: I LOVE IT MIKE JESS MIX 10 SUPERCLEAN REV 7 instrumental 03-03
Instrumental.","Sep 27, 2019",,2:05,104,OG File,Lossless,https://imgur.gg/f/Nnrjm7r
Yandhi [V1],I Love It,"OG Filename: I LOVE IT MIKE JESS MIX 10 INSTRUMENTAL
Instrumental.","Sep 12, 2019",,2:07,104,OG File,Lossless,https://imgur.gg/f/3hqfqEC
Yandhi [V1],"Wally Wilder
(prod. BoogzDaBeast & MIKE DEAN)
(Last Name, Slave Name)","OG Filename: BOOGZ and MIKE DEAN Beat md _wally wilder refernce mix
First version of the instrumental for the song.","Sep 22, 2018",,3:38,82.6,OG File,CD Quality,https://imgur.gg/f/eUzZfl8
Yandhi [V1],"Last Name
(prod. BoogzDaBeast, MIKE DEAN & Francis and the Lights)
(Slave Name)",Instrumental for an unknown version. Has different drums.,,"Jul 27, 2024",,82.6,Snippet,CD Quality,https://imgur.gg/f/deNMQJC
Yandhi [V1],"New Body
(prod. RONNY J)",Instrumental for the 09.24.18 version.,"Sep 24, 2018",,3:01,95,OG File,CD Quality,https://imgur.gg/f/36xmWIM
Yandhi [V1],"Sky City
(prod. James Royo & MIKE DEAN)
(City in the Sky, Ooh Child)",Open verse for the 09.29.18 version.,"Sep 29, 2018",,3:47,79,OG File,CD Quality,https://imgur.gg/f/1SpuvCJ
Yandhi [V1],"The Chakra
(I Love It (Remix), Chakras, HYPE AF, Selah, Good Morning)",Instrumental for the 9.22.18 version. Identical rebounce of the instrumental for the NASIR version.,"Sep 22, 2018",,2:09,130,Full,Lossless,https://imgur.gg/f/byiLvxS
Yandhi [V1],"The Garden
(prod. Johan Lenox)
(We'll Find A Way, Garden, Pets)","OG Filename: THE GARDEN Pets jam2A jl 9-7
Cut down version of the jam that was used as a base for the song. The date in the filename is referring to the original jam, not the cutdown.","Sep 7, 2018",,3:00,77,OG File,CD Quality,https://imgur.gg/f/JK6DiTY
Yandhi [V1],"The Garden
(feat. Ant Clemons)
(We'll Find A Way, Garden, Pets)","OG Filename: The Garden [10.04.18] INST
Instrumental dated 10.04.18. Has Ant Clemons vocals halfway through that probably didn't get muted when bouncing the file.","Oct 4, 2018",,3:50,76,OG File,CD Quality,https://imgur.gg/f/JgNu71W
Yandhi [V1],"The Storm
(prod. RONNY J)
(Everything We Need, Jeet, Leave It In, XXX, We Begin, We Begin After the Storm Inside)","OG Filename: We Begin [09.22.18] INST 117bpm
Instrumental for the 9.22.18 version.","Sep 22, 2018",,2:31,117,OG File,CD Quality,https://imgur.gg/f/h1MyKUe
Yandhi [V1],"XXX
(prod. RONNY J & MIKE DEAN)
(Everything We Need, Jeet, Leave It In, The Storm, We Begin, We Begin After the Storm Inside)","OG Filename: XXX [10.04.18] INST
Instrumental for the 10.04.18 version.","Oct 4, 2018","Nov 11, 2021",3:02,117,OG File,CD Quality,https://imgur.gg/f/h2zp3Rx
Yandhi [V1],"We Got Love
(prod. Kanye West, BoogzDaBeast, E.VAX & MIKE DEAN)","OG Filename: WE GOT LOVE INST 121.5bpm [09.23.18]
Instrumental.","Sep 23, 2018",,3:41,121.5,OG File,CD Quality,https://imgur.gg/f/Fjnaruo
Yandhi [V1],"6ix9ine - MAMA
(prod. Murda Beatz & Sool Got Hits)","OG Filename: pop it 160
Instrumental from a demo version.",,,1:42,160,OG File,CD Quality,https://imgur.gg/f/TEWF2c3
Yandhi [V1],"6ix9ine - Tekken 
(prod. Murda Beatz)
(KANGA, Tekon)",Leaked instrumental for the 09.08.18 version.,"Sep 8, 2018",,2:48,118,OG File,CD Quality,Link Needed
Yandhi [V1],"6ix9ine - Tekken 
(prod. Murda Beatz)
(KANGA, Tekon)","OG Filename: Teken Beat - INST 118bpm [09.09.18]
Instrumental for the 09.09.18 version.","Sep 9, 2018",,2:04,118,OG File,High Quality,https://imgur.gg/f/Q46oaJc
Yandhi [V1],"Ghost Town (Live at SNL)
(feat. Kid Cudi & 070 Shake)",Leaked stems for the SNL performance.,,,3:14,83.4,OG File,Lossless,https://imgur.gg/f/cMzBTfW
Yandhi [V1],"I Love It (Live at SNL)
(feat. Lil Pump)",Leaked stems for the SNL performance. Includes alternate censored lyrics.,,,2:26,104,OG File,Lossless,https://imgur.gg/f/le6IZMR
Yandhi [V1],"We Got Love (Live at SNL)
(feat. Teyana Taylor)",Leaked stems for the SNL performance.,,,4:15,121.525,OG File,Lossless,https://imgur.gg/f/pxQkZBD
Yandhi [V1],"I Love It
(feat. Lil Pump)","OG Filename: LOVE IT MIKE JESS MIX 10 EXPLICIT TV TRACK
TV track.","Sep 12, 2018",,2:08,104,OG File,Lossless,https://imgur.gg/f/GlFx2tp
Yandhi [V1],"I Love It
(feat. Lil Pump)","OG Filename: I LOVE IT MIKE JESS MIX 10 SUPERCLEAN REV 7 MASTERED TV TRACK
TV track.","Sep 27, 2018",,2:06,104,OG File,Lossless,https://imgur.gg/f/uHqpaI7
Yandhi [V1],"I Love It
(feat. Lil Pump)","OG Filename: I LOVE IT MIKE JESS MIX 10 SUPERCLEAN REV 7 MASTERED TV NO PUMP NO YE LEADS OR COMEDY 05-02
TV track.","Sep 28, 2018",,2:06,104,OG File,Lossless,https://imgur.gg/f/jfrpgoT
Yandhi [V1],"I Love It
(feat. Lil Pump)","OG Filename: I LOVE IT MIKE JESS MIX 10 SUPERCLEAN REV 7 MASTERED TV NO PUMP NO YE LEADS
TV track.","Sep 28, 2018",,2:05,104,OG File,Lossless,https://imgur.gg/f/OZEudOn
Yandhi [V1],"We Got Love
(feat. Teyana Taylor & Ms. Lauryn Hill) (prod. Kanye West, BoogzDaBeast, E.VAX & MIKE DEAN)","OG Filename: WE GOT LOVE MIKE DEAN JESS MIX 1 rough tv track (mix not finished last note optional)
TV track.","Sep 27, 2018",,3:59,121.525,OG File,Lossless,https://imgur.gg/f/4hrBo9X
Yandhi [V1],"We Got Love
(feat. Teyana Taylor & Ms. Lauryn Hill) (prod. Kanye West, BoogzDaBeast, E.VAX & MIKE DEAN)","OG Filename: WE GOT LOVE TV TRACK NO LEADS
TV track.","Sep 28, 2018",,3:59,121.525,OG File,Lossless,https://imgur.gg/f/hyDfuw8
Yandhi [V1],"We Got Love
(feat. Teyana Taylor & Ms. Lauryn Hill) (prod. Kanye West, BoogzDaBeast, E.VAX & MIKE DEAN)","OG Filename: WE GOT LOVE TV TRACK WITH TEYANA LEADS ONLY
TV track. Has only Teyana Taylor's leads.","Sep 28, 2018",,3:59,121.525,OG File,Lossless,https://imgur.gg/f/1RlTMOd
Yandhi [V2],"The Garden
(feat. Slim, Sunday Service Choir & Ty Dolla $ign)",Version intended for release on the Stem Player.,,"Dec 12, 2024",1:26,112,Full,High Quality,https://imgur.gg/f/pRhVqlx
Yandhi [V2],"All Dreams Real
(prod. Angel López, Calabasas, Federico Vindver & Team Timbo)
(Dreams, Are Dreams Real)","OG Filename: All Dreams March Stems
Session containing full beat stems from March 6th, 2019.","Mar 6, 2019","Oct 29, 2023",3:34,80.5,OG File,Lossless,https://imgur.gg/f/lsWPpgm
Yandhi [V2],"Cash To Burn
(prod. AllDay, Timbaland, Team TImbo, ANDY C & BoogzDaBeast)","OG Filename: Jam 4 (Cash To Burn) BEAT-1 Project
Session/Stems (not known yet) seen on a leaked Consequence photo.",,,,85.1,Confirmed,Not Available,https://ibb.co/ZpCXGHxr
Yandhi [V2],"Cash To Burn
(prod. AllDay, Timbaland, Team TImbo, ANDY C & BoogzDaBeast)","OG Filename: Cash to Burn VOX Project
Session/Stems (not known yet) seen on a leaked Consequence photo.",,,,85.1,Confirmed,Not Available,https://ibb.co/ZpCXGHxr
Yandhi [V2],"YNW Melly - Mixed Personalities
(prod. BoogzDaBeast, C-ClipBeatz & Timbaland)","The full stem session for a version. Previously thought to be lost, the stems were re-leaked in June 2022. Also includes a version from November 27th 2019.","Dec 13, 2018",,,150,OG File,Lossless,"https://imgur.gg/f/qeK5xbv
https://drive.google.com/drive/folders/1yh_upGWt4mTeXqwXuT_WWS4-51evUIZW?usp=sharing"
Yandhi [V2],"Aliens
(feat. Ant Clemons) (prod. Bongo ByTheWay, FNZ & Timbaland)
(Space X / Alien, Godzilla)",Stems that leaked alongside the song.,"Dec 21, 2018","Jul 16, 2019",2:23,139 & 130,OG File,Lossless,https://imgur.gg/f/gFKf1RF
Yandhi [V2],"Aliens
(prod. Angel López, Federico Vindver & Timbaland)
(Space X / Alien, Godzilla, Alien)","OG Filename: Aliens (New Drums 02.26.2019)
Beat stems for a version from February 2019, with different drums.","Feb 26, 2019","Jun 27, 2022",2:27,130,OG File,Lossless,https://imgur.gg/f/NJsfHy7
Yandhi [V2],"All Dreams Real
(prod. Calabasas & Team Timbo)
(Dreams, Are Dreams Real)","Stems. Comprised of the acapella, instrumental, adlibs, and some effects.","Dec 21, 2018",,3:18,80.5,OG File,Lossless,https://imgur.gg/f/P9zc4KW
Yandhi [V2],"Bipolar
(prod. Wheezy)
(Go2DaMoon)","OG Filename: ye ' BIPOLAR stems
Original version, originating within the Wyoming sessions.","Dec 18, 2018",,2:10,147,OG File,Lossless,https://imgur.gg/f/jh4UpPc
Yandhi [V2],"Cash To Burn
(ref. Ant Clemons) (prod. AllDay, Timbaland, Team TImbo, ANDY C & BoogzDaBeast)",Stems that leaked alongside the song.,"Dec 20, 2018",,2:21,85.1,OG File,Lossless,https://imgur.gg/f/UNl4n9n
Yandhi [V2],"Freak
(ref. Ant Clemons) (prod. Timbaland, Team Timbo, Federico Vindver, ANDY C & BoogzDaBeast)","OG Filename: FREAKS Timbaland TeamTimbo Boogz 12.20.18 105bpm
Stems leaked as a bonus for the JESUS IS KING Bundle groupbuy. Sample is included in the acapella stem, but can be inverted for clean Ant Clemons acapella.","Dec 20, 2018","Jul 8, 2023",2:05,105,OG File,Lossless,https://imgur.gg/f/Q1CgzbW
Yandhi [V2],"Home
(ref. Ant Clemons) (prod. BoogzDaBeast, FNZ, Mickey Alexander, Team Timbo & Timbaland)
(Follow The Light)","OG Filename: Home (Timbaland:TeamTimbo:Boogz) 138bpm 12.21.18
Stems leaked as a bonus for the JESUS IS KING Bundle groupbuy.","Dec 21, 2018","Jul 8, 2023",2:29,138,OG File,Lossless,https://imgur.gg/f/US3cSjW
Yandhi [V2],"Law Of Attraction
(feat. Ant Clemons) (prod. DRTWRK, Team Timbo, BoogzDaBeast & Ant Clemons)
(You Don't Know, Bad Taste, Use This Gospel, Breastplate Of Righteousness, Breastplate Of Right, Grab Your Armour For Protection)",Stems that leaked alongside the song.,"Dec 21, 2018","Jul 17, 2019",3:21,148,OG File,Lossless,https://imgur.gg/f/yxMXTZS
Yandhi [V2],"Selah
(feat. Sunday Service Choir)","OG Filename: Seleh 130bpm - Stems 02.25.19
Stems leaked as part of the JESUS IS KING Bundle groupbuy.","Feb 25, 2019","Jul 8, 2023",3:13,130,OG File,Lossless,https://imgur.gg/f/v3pDmSs
Yandhi [V2],"Spread Your Wings (Get Back)
(prod. AllDay, Angel López, Federico Vindver & Timbaland)",Stems that leaked alongside the song.,"Dec 21, 2018","Jul 17, 2019",2:32,74.1,OG File,Lossless,https://imgur.gg/f/amRQZyK
Yandhi [V2],"Spread Your Wings 
(feat. Ant Clemons) (prod. AllDay, Angel López & Federico Vindver)","OG Filename: Spread Your Wings (SAMPLE STEMS) 148.1162
Stems for a completely redone sample, featuring Ant Clemons vocals. Unknown if this version was recorded on top of or bounced with vocals, but it perfectly matches the finished verses acapella.","Feb 28, 2019",,2:32,148.1162,OG File,Lossless,
Yandhi [V2],"The Storm
(feat. XXXTENTACION, Ty Dolla $ign, Ant Clemons & Francis and the Lights) (prod. FnZ, E.VAX, RONNY J, MIKE DEAN, Team Timbo & Timbaland)
(Everything We Need, Jeet, Leave It In, XXX, We Begin, We Begin After the Storm Inside)",Stems that leaked alongside the song.,"Dec 21, 2018","Jul 12, 2019",2:48,117,OG File,Lossless,https://imgur.gg/f/R24yAaX
Yandhi [V2],Echelon,"OG Filename: (8751) DRT ECHELON 130bpm (Kosine) ACC.
Acapella.","Dec 19, 2018",,5:02,130,OG File,Lossless,https://imgur.gg/f/gXJZKHh
Yandhi [V2],"lifeoftheloop
(Life Of The Party)","OG Filename: IMG_4249
Acapella from a very early version. Individual left + right files have been combined.","Apr 5, 2019",,2:42,79,Stem Bounce,Lossless,https://imgur.gg/f/hAO6I3b
Yandhi [V2],Photo,"OG Filename: Kanye 1-Photo 84BPM (Kanye 1-Photo 84BPM vox)
Full acapella. Leaked after a successful JoeBuy for the Fya Man reference for ""Flowers"".",,"Feb 1, 2023",2:28,84,OG File,Lossless,https://imgur.gg/f/LiBw9Zf
Yandhi [V2],"Soul Children
(Thank You)","OG Filename: Boogz x Ye - Soul Children acca - stem
Acapella leaked as a part of the JESUS IS KING Bundle groupbuy.","Apr 6, 2019",,3:23,124,OG File,Lossless,https://imgur.gg/f/8Vudwd8
Yandhi [V2],"The Garden [Alternate Slim Vocal Stem]
(feat. Slim)","OG Filename: The Garden 106 - Slim BG Stem w oooh
Full acapella for Slim's background vocals with the ""Oohs"" grouped in. Leaked as a part of the JESUS IS KING Bundle groupbuy.","Mar 29, 2019","Jul 8, 2023",1:30,106,OG File,Lossless,https://imgur.gg/f/yg5LlCR
Yandhi [V2],"The Garden [Slim Vocal Stem]
(feat. Slim)","OG Filename: The Garden 106 - Slim BG Stem
Acapella for Slim's background vocals. Leaked as a part of the JESUS IS KING Bundle groupbuy.","Mar 29, 2019","Jul 8, 2023",1:30,106,OG File,Lossless,https://imgur.gg/f/7Xf0al1
Yandhi [V2],"The Garden [Ty Dolla $ign Vocal Stem]
(feat. Ty Dolla $ign)","OG Filename: Ty Chop w FX
Acapella for the two seconds of Ty Dolla $ign vocals on the March 2019 version of ""The Garden"".","Apr 3, 2019",,1:30,106,OG File,Lossless,https://imgur.gg/f/ozGkV1L
Yandhi [V2],"YNW Melly - Mixed Personalities
(feat. Kanye West)",Full acapella.,,,3:48,150,Full,High Quality,https://imgur.gg/f/uBEu1Z8
Yandhi [V2],"All Dreams Real
(prod. Andrew Dawson, Calabasas & Team Timbo)","OG Filename: All Dreams Real (AD Chords:TeamTimbo)
Instrumental. Features chords done by Andrew Dawson.","Mar 1, 2019","Feb 10, 2026",3:32,161,OG File,CD Quality,https://imgur.gg/f/0UQk6pq
Yandhi [V2],"Bag
(prod. Timbaland)","OG Filenames: (8497) INST. Tim x Angel bagg new 134bpm &
tim x angel bagg new 134.23bpm
Instrumental from late Yandhi sessions for a song featuring YNW Melly.","Dec 16, 2018",,2:37,134.23,OG File,Lossless,https://imgur.gg/f/eIM2Az5
Yandhi [V2],Biscanye,"OG Filename: (8485) INST. Biscanye 6 132bpm
Instrumental.","Dec 16, 2018",,1:56,132,OG File,Lossless,https://imgur.gg/f/Hwuet6f
Yandhi [V2],"Color 1 
(prod. Timbaland)","OG Filename: color 1 124.53bpm
Instrumental for ""Color 1"", which was looped as Kanye and YNW Melly freestyled.",,"Jun 10, 2026",0:46,124.53,OG File,CD Quality,https://imgur.gg/f/RAM2hiM
Yandhi [V2],Christ,Instrumental. Seemingly different/more developed version that one that leaked.,,,0:36,160,OG File,Lossless,"https://imgur.gg/f/IF6FQh2
Lossless Needed"
Yandhi [V2],"Echelon
(prod. Timbaland, Kosine & Drtwrk)","OG Filename: (8751) INST. DRT ECHELON 130bpm
Instrumental. Possibly instrumental for V1 as opposed to version that leaked",,,1:58,130,OG File,Lossless,https://imgur.gg/f/stqWjjr
Yandhi [V2],"Echelon
(prod. Timbaland, Kosine & Drtwrk)","OG Filename: (8751) DRT ECHELON 130bpm (Kosine) INST.
Another instrumental.",,,5:02,130,OG File,Lossless,https://imgur.gg/f/I5PCLGr
Yandhi [V2],"Elevation
(prod. E.VAX)","OG Filename: elevation (evan version)
Instrumental, later given to Abstract Mindstate.",,,4:35,83,OG File,CD Quality,https://imgur.gg/f/zezkDyI
Yandhi [V2],End Of It,Sounds a little more finished than leaked version.,,,1:39,126,OG File,Lossless,https://imgur.gg/f/b6xKdt2
Yandhi [V2],Heights,"OG Filename: (8755) HEIGHTS MIA INST. 142bpm
Instrumental.",,,2:15,142,OG File,Lossless,https://imgur.gg/f/f69UAXr
Yandhi [V2],Hold Me Down,"OG Filename: Hold Me Down INST. (Tom Raider 6 87.59bpm)
Instrumental.",,,1:30,87.59,OG File,Lossless,https://imgur.gg/f/9yg623O
Yandhi [V2],Homestead,"OG Filename: (8759) HOMESTEAD MIA INST. 146bpm
Instrumental.",,,1:45,146,OG File,Lossless,https://imgur.gg/f/6Zc0Ga8
Yandhi [V2],IG,"OG Filename: (8496) IG INST. - 10 RUN 1 132bpm
Instrumental.",,,2:32,132,OG File,Lossless,https://imgur.gg/f/C5NlcXN
Yandhi [V2],Joyride,"OG Filename: (9107) Joyride 11 INST. 116bpm
Instrumental.",,,2:12,116,OG File,Lossless,https://imgur.gg/f/zgOc90G
Yandhi [V2],"Lil Floyd 1
(prod. Timbaland)","OG Filename: lil floyd 1 redo 127.60
Instrumental for ""Lil Floyd 1"".",,"Jun 10, 2026",1:30,127.60,OG File,CD Quality,https://imgur.gg/f/0RXayMb
Yandhi [V2],"Ozark
(prod. Timbaland)
(Ozarka)",Instrumental. Seemingly more developed than other versions.,,,1:03,137,OG File,Lossless,https://imgur.gg/f/Kx18oTE
Yandhi [V2],"Photo
(prod. Timbaland)","OG Filename: Kanye 1-Photo 84BPM (Kanye 1-Photo 84BPM BEAT)
Full instrumental. Leaked after a successful JoeBuy.",,,2:28,84,OG File,Lossless,https://imgur.gg/f/KFYCEUg
Yandhi [V2],Real Soul,"OG Filename: real soul 13 115.50bpm sample only
Sample loop for ""Real Soul"". Was leaked in 2022, but practically lost until it was reposted in 2026.",,"Jul 2, 2026",1:56,115,OG File,Lossless,https://imgur.gg/f/H0ZLlNH
Yandhi [V2],"Soul Children
(prod. BoogzDaBeast)
(Thank You)","OG Filename: Boogz x Ye - Soul Children inst - stem
Instrumental. Leaked as a part of the JESUS IS KING Bundle groupbuy.","Apr 6, 2019",,3:23,124,OG File,Lossless,https://imgur.gg/f/CmHtWMV
Yandhi [V2],Tom Raider 2,"OG Filenames: (8503) INST. Tom Raider 2 97.5bpm &
tom raider 2 97.5bpm
Instrumental.","Dec 16, 2018",,2:27,97.5,OG File,Lossless,https://imgur.gg/f/qt9OcUK
Yandhi [V2],Tom Raider 4,"OG Filenames: (video 8502) INSTR. tom raider 4 86.86bpm &
tom raider 4 86.86bpm
Instrumental.","Dec 16, 2018",,1:03,86.86,OG File,Lossless,https://imgur.gg/f/N2YQhGN
Yandhi [V2],"???
(prod. AllDay)
(Joicing)","OG Filename: Allday_1311
Initial loop for ""Joicing"".",,"Jun 17, 2026",0:40,132,OG File,High Quality,https://imgur.gg/f/hAiHD7k
Yandhi [V2],"YNW Melly - Mixed Personalities
(prod. C-ClipBeatz)",Uploaded to Hipstrumentals.,,,3:48,150,Full,CD Quality,https://imgur.gg/f/6M8ojUR
JESUS IS KING,JESUS IS KING,Official 4 track JESUS IS KING stems from the Stem Player.,,,27:04,Varied,Full,Lossless,https://imgur.gg/f/qxUtA1e
JESUS IS KING,Wake The Dead,"Version intended for released on the Stem Player. Ye's vocals are AI extracted most likely because the bleed sample was not cleared and to avoid getting sued, AI extraction was used.",,"Dec 12, 2024",2:26,82,Full,High Quality,https://imgur.gg/f/oQIq6v1
JESUS IS KING,"Baptized
(Every Knee Shall Bow, Jesus Is Lord, Unhomme)","OG Filename: Baptized Project
Session for an early version, however it is basically empty.","Jul 24, 2019",,,78.8,OG File,Lossless,https://imgur.gg/f/SFqxzfc
JESUS IS KING,"Freestyle 11
(ref. Sean Leon) (prod. Timbaland, Federico Vindver & Angel Lopez)
(Ozark 10)","OG Filename: Freestyle 11
Sessions for the Sean Leon reference track alongside the original Kanye version. Has multiple PTX files.","Aug 12, 2019","Oct 29, 2023",Varied,130,OG File,Lossless,https://imgur.gg/f/to3laas
JESUS IS KING,"Selah 
(prod. Kanye West, E.VAX, BoogzDaBeast, Federico Vindver, benny blanco & Francis and the Lights)
(I Love It (Remix), Chakras, HYPE AF, Good Morning, The Chakra)","OG Filename: SELAH Evan Version PT
Massive E.VAX sessions. Has many versions. File was last worked on September 1st 2019, but has files from September 2018.","Sep 1, 2019",,,130,OG File,Lossless,https://imgur.gg/f/AfWT4Ap
JESUS IS KING,"Selah 
(ref. Olskool Ice-Gre) (prod. Kanye West, E.VAX, BoogzDaBeast, Federico Vindver, benny blanco & Francis and the Lights)
(I Love It (Remix), Chakras, HYPE AF, Good Morning, The Chakra)","OG Filename: Copy of Selah - 10.22.19 Greg ref
Session for a reference version by Olskool Ice-Gre.","Oct 22, 2019",,3:03,130,OG File,Lossless,https://imgur.gg/f/sfxTKBz
JESUS IS KING,"Sunday
(Closed on Sunday)","OG Filename: Sunday Project
Session for an early version.","Jul 21, 2019",,,98,OG File,Lossless,https://imgur.gg/f/pHuqObh
JESUS IS KING,"Sweet Jesus
(feat. Sunday Service Choir & Federico Vindver)
(Belt Of Truth, Jesus Sweet Jesus)","OG Filenames: SWEET JESUS CHOIR + BASS
Sessions included in the JESUS IS KING bundle groupbuy. Also includes stems.","Jul 23, 2019","Jul 8, 2023",,83,OG File,Lossless,https://imgur.gg/f/iCLvR2i
JESUS IS KING,"Sweet Jesus
(feat. Sunday Service Choir & Federico Vindver)
(Belt Of Truth, Jesus Sweet Jesus)","OG Filenames: Sweet Jesus Project 
Sessions included in the JESUS IS KING bundle groupbuy.","Aug 20, 2019","Jul 8, 2023",,83,OG File,Lossless,https://imgur.gg/f/tFM3omm
JESUS IS KING,Wake The Dead,"Partial session files, compiled when Federico Vindver started his producer references.","Jul 22, 2019",,2:20,82,OG File,Lossless,https://imgur.gg/f/DJ5yAJ2
JESUS IS KING,"Ty Dolla $ign - Ego Death
(feat. Kanye West, FKA twigs & serpentwithfeet) (prod. Skrillex & BoogzDaBeast)","OG Filename: EGO DEATH NEW SKRIL 1.2 Project
Stems for a 4.20.19 version. This however turned out to be a May 13th copy of the stems for an unknown reason. Leaked as a bonus for the ""Don't Jump"" Soakbuy finishing early.","May 13, 2019","Feb 22, 2025",3:49,111,OG File,Lossless,https://imgur.gg/f/vuHbtf4
JESUS IS KING,JESUS IS KING,"A lot of folders containing stems for a version of nearly every JESUS IS KING song and a couple throwaways, leaked in September 2021. Full folder here for ease of download. Several song folders for unleaked songs were removed by the leaker. This likely includes ""Glory"", ""Wake The Dead"", ""In The Morning"" and possibly ""Through The Valley"" or ""New Body"".",Varied,"Sep 25, 2021",,Varied,Partial,Lossless,https://imgur.gg/f/GBGvr9e
JESUS IS KING,"Breastplate [Vocals Only]
(feat. Sunday Service Choir, Victory & Federico Vindver)
(Bad Taste, Breastplate Of Right, Use This Gospel, Law of Attraction, Grab Your Armour For Protection, Breastplate Of Righteousness)","OG Filename: Breastplate FILES
Stems that only consist of the vocals.","Aug 16, 2019",,3:11,148,OG File,Lossless,https://imgur.gg/f/Pc9kTrd
JESUS IS KING,"Beauty From Ashes
(The Glade, Beauty To Ashes, Up From The Ashes, Ashes)","OG FIlename: 09 Beauty From Ashes
Leaked studio quality stems, leaked in June 2021.","Oct 5, 2019","Jun 30, 2021",2:50,148,OG File,Lossless,https://imgur.gg/f/yEeQMfW
JESUS IS KING,"Closed On Sunday
(prod. Kanye West, Angel Lopez, Brian ""AllDay"" Miller, Federico Vindver & Timbaland)
(Sunday)","OG Filename: 02 Closed On Sunday
Leaked studio quality stems, leaked in June 2021.","Oct 16, 2019","Jun 30, 2021",2:33,98,OG File,Lossless,https://imgur.gg/f/IeDQcQr
JESUS IS KING,"Every Hour
(feat. Sunday Service Choir) (prod. Kanye West, Budgie & Federico Vindver)","OG Filename: Stems
Leaked CD quality stems for an early version, leaked in September 2021.","Oct 23, 2019","Sep 24, 2021",1:52,77,OG File,CD Quality,https://imgur.gg/f/kko7vAM
JESUS IS KING,"Everything We Need
(feat. Ty Dolla $ign & Ant Clemons) (prod. Kanye West, FnZ, RONNY J, BoogzDaBeast, Federico Vindver & MIKE DEAN)
(Jeet, Leave It In, The Storm, XXX, We Begin, We Begin After the Storm Inside)","Leaked CD quality stems for an early version, leaked in September 2021.","Oct 22, 2019","Sep 24, 2021",1:56,117,OG File,CD Quality,https://imgur.gg/f/GTkYD6d
JESUS IS KING,"Follow God
(prod. Kanye West, BoogzDaBeast & Xcelence)","Leaked studio quality stems for an early version, leaked in September 2021.","Oct 5, 2019","Sep 24, 2021",1:44,90,OG File,Lossless,https://imgur.gg/f/k3kvVao
JESUS IS KING,"Glory [Brass Stem]
(Sierra Canyon)","OG Filename: Glory - 10.22.19 For Horn Tracking brass stem
Brass stem for an early mumble version. The version without the brass stem can be found in the unreleased section with the name ""Glory - 10.22.19 For Horn Tracking"".","Oct 22, 2019",,2:19,127,OG File,CD Quality,https://imgur.gg/f/7UhyfWY
JESUS IS KING,"God Is
(prod. Kanye West, Warryn Campbell, Labrinth, Angel Lopez & Federico Vindver)","OG Filename: Stems
Leaked CD quality stems for a version, leaked in September 2021.","Oct 25, 2019","Sep 24, 2021",3:23,105,OG File,CD Quality,https://imgur.gg/f/cE7JFuv
JESUS IS KING,"God Is
(prod. Kanye West, Warryn Campbell, Labrinth, Angel Lopez & Federico Vindver)","OG Filename: God Is
Leaked CD quality stems for the post-release mix, leaked in September 2021.","Oct 26, 2019","Sep 24, 2021",3:23,105,OG File,CD Quality,https://imgur.gg/f/CncGO8Z
JESUS IS KING,"Hands On
(feat. The WRLDFMS Tony Williams)","OG Filename: 190904 HANDS ON - Recut Stems
Partial stems for The WRLDFMS Tony Williams harmonization vocals.","Sep 4, 2019",,0:34,78,Partial,Lossless,https://imgur.gg/f/wvfjpUg
JESUS IS KING,"Hands On
(feat. Fred Hammond) (prod. Kanye West, Angel Lopez, Federico Vindver & Timbaland)","OG Filename: 05 Hands On
Leaked studio quality stems, leaked in September 2021.","Oct 16, 2019","Sep 24, 2021",3:24,78,OG File,Lossless,https://imgur.gg/f/W5RPUgh
JESUS IS KING,"I Know God Breathed On This
(God Breathed, Breathe, God Breathed On This, God Breathes, I Know God, God Breath On This)","OG Filename: Stems
Studio quality stems for the JIK version. Leaked in August 2021.","Oct 22, 2019",Aug 2021,1:43,130,OG File,CD Quality,https://imgur.gg/f/Uq3f3hC
JESUS IS KING,"In God's Country [Sample]
(prod. FNZ)
(Work It Out, God's Country)","OG Filename: Work It Out 166 BPM
Stem for the sample.","Jul 21, 2019","Sep 17, 2023",0:46,166,OG File,Lossless,https://imgur.gg/f/zQhw6HW
JESUS IS KING,"Jesus Is Lord
(feat. Federico Vindver) (prod. Kanye West, Angel Lopez, AllDay, Federico Vindver & Timbaland)","OG Filename: Jesus Is Lord 
Leaked studio quality stems for an early version, leaked in September 2021.","Oct 22, 2019","Sep 24, 2021",2:32,78.8,OG File,Lossless,https://imgur.gg/f/rATjAyk
JESUS IS KING,"Jesus Is Lord 
(feat. Federico Vindver) (prod. Kanye West, Angel Lopez, AllDay, Federico Vindver & Timbaland) 
(Baptized, Every Knee Shall Bow)","OG Filename: Jesus Is Lord Correction
Leaked studio quality stems for an early version, leaked in September 2021.","Oct 24, 2019","Sep 24, 2021",0:51,78.8,OG File,CD Quality,https://imgur.gg/f/kUltKWr
JESUS IS KING,"LA Monster
(prod. Angel Lopez)
(LA Prophet)","OG Filename: 14 LA Monster
Studio quality stems for the unreleased JESUS IS KING throwaway, leaked in June 2021.","Oct 5, 2019","Jun 30, 2021",2:10,100,OG File,Lossless,https://imgur.gg/f/h63PLQg
JESUS IS KING,"Lord I Need You [Sample]
(prod. FNZ)
(Lord I Need You To Wrap Your Arms Around Me)","OG Filename: Lord I Need You 165 BPM
Stem for the sample.","Aug 9, 2019","Sep 17, 2023",0:58,165,OG File,High Quality,https://imgur.gg/f/kaSGQNd
JESUS IS KING,"On God
(prod. Kanye West, BoogzDaBeast, Michael Cerda, Pi'erre Bourne & Federico Vindver)","OG Filename: 03 On God
Leaked studio quality stems for an early version, leaked in June 2021.","Oct 5, 2019","Jun 30, 2021",2:29,73,OG File,Lossless,https://imgur.gg/f/56U846u
JESUS IS KING,"Selah
(prod. Pi'erre Bourne)",Stems for Pi'erre Bourne's version leaked as part of the JESUS IS KING Bundle groupbuy.,"Jun 28, 2019",,3:12,130,OG File,Lossless,Link Needed
JESUS IS KING,"Selah 
(feat. Sunday Service Choir) (prod. Kanye West, E.VAX, BoogzDaBeast, Federico Vindver, benny blanco & Francis and the Lights)
(I Love It (Remix), Chakras, HYPE AF, Good Morning, The Chakra)","OG Filename: 01 Selah
Leaked studio quality stems for an early version, leaked in September 2021.","Oct 16, 2019","Sep 24, 2021",3:04,130/118/133/130,OG File,Lossless,https://imgur.gg/f/twtpu5g
JESUS IS KING,"Sweet Jesus
(feat. Sunday Service Choir & Federico Vindver)
(Belt Of Truth, Jesus Sweet Jesus)",3 track stems for the song.,"Aug 13, 2019",,1:47,83,OG File,Lossless,https://imgur.gg/f/x1UePMw
JESUS IS KING,"Use This Gospel
(feat. Clipse, Kenny G & Sunday Service Choir) (prod. Kanye West, Angel Lopez, DrtWrk, Federico Vindver, Timbaland, BoogzDaBeast & Pi'erre Bourne)
(Bad Taste, Breastplate of Right, Law of Attraction, Breastplate Of Righteousness, Grab Your Armour For Protection)","OG Filename: 07 Use This Gospel
Leaked studio quality stems, leaked in September 2021.","Oct 5, 2019","Sep 24, 2021",3:38,148,OG File,Lossless,https://imgur.gg/f/qTZ8w8E
JESUS IS KING,"Wake The Dead
(prod. BoogzDaBeast & E.VAX)",Full stems included in the session files.,"Jun 10, 2019",,2:14,82,OG File,Lossless,https://imgur.gg/f/nzFgXOo
JESUS IS KING,"Wake The Dead
(prod. BoogzDaBeast & E.VAX)",Full stems included in the session files.,"Jun 28, 2019",,2:26,82,OG File,Lossless,https://imgur.gg/f/lgsejKL
JESUS IS KING,"Water
(feat. Sunday Service Choir & Federico Vindver) (prod. Kanye West, BoogzDaBeast, Angel Lopez, Federico Vindver & Timbaland)
(Clean Us Like The Rain In Spring)","OG Filename: 04 Water
Leaked studio quality stems for an early version, leaked in September 2021.","Oct 6, 2019","Sep 24, 2021",2:47,81.5232,OG File,Lossless,https://imgur.gg/f/G5w01LA
JESUS IS KING,"Baptized
(feat. Isaiah)
(Jesus Is Lord, Every Knee Shall Bow)","OG Filename: Baptized - KW and Isaiah Freestyle Acca
Freestyle acapella for an early version.","Aug 22, 2019",,9:50,78.8,OG File,Lossless,https://imgur.gg/f/sFTeFas
JESUS IS KING,"Bound [Choir Stem]
(feat. Sunday Service Choir)
(Bound 3)","OG Filename: Bound 102bpm - ALL CHOIR
Sunday Service Choir acapella.","Oct 21, 2019",,1:00,102,OG File,Lossless,https://imgur.gg/f/9flkLl1
JESUS IS KING,"Breastplate Of Righteousness
(feat. Clipse)
(Bad Taste, Breastplate Of Right, Use This Gospel, Law of Attraction, Grab Your Armour For Protection)","OG Filename: Breastplate of Righteousness - 09.21.19 Device Stems Vocals
Acapella of an alternate version. Contains the ""grab your armor"" line.","Sep 21, 2019",,4:12,148,OG File,Lossless,https://imgur.gg/f/UQ0BiDv
JESUS IS KING,"Follow God
(ref. Rhymefest)","OG Filename: Follow God Loop - 09.13.19 Rhymefest Ref acca
Acapella for a Rhymefest reference, which was later used on the song ""Oh Lord"".","Sep 13, 2019","Oct 10, 2023",1:18,90,OG File,Lossless,https://imgur.gg/f/1UqrPaK
JESUS IS KING,"Freestyle 1
(Hands On)","OG Filename: F+A Freestyle 1 ACC 86bpm
Acapella for one of Kanye's freestyles.","Aug 8, 2019",,2:05,86,OG File,Lossless,https://imgur.gg/f/mcE5u3M
JESUS IS KING,Freestyle 2,"OG Filename: F+A Freestyle 2 ACC 88bpm
Acapella for one of Kanye's freestyles.","Aug 8, 2019",,0:46,88,OG File,Lossless,https://imgur.gg/f/jsYq32N
JESUS IS KING,"Freestyle 3
(Follow God)","OG Filename: F+A Freestyle 3 ACC 182bpm
Acapella for one of Kanye's freestyles.","Aug 8, 2019",,1:19,182,OG File,Lossless,https://imgur.gg/f/Pzuel1t
JESUS IS KING,Freestyle 4,"OG Filename: F+A Freestyle 4 ACC 85bpm
Acapella for one of Kanye's freestyles.","Aug 8, 2019",,2:01,85,OG File,Lossless,https://imgur.gg/f/KjdSKHA
JESUS IS KING,Freestyle 5,"OG Filename: F+A Freestyle 5 ACC 150bpm
Acapella for one of Kanye's freestyles.","Aug 8, 2019",,2:56,150,OG File,Lossless,https://imgur.gg/f/Lvx361H
JESUS IS KING,Freestyle 6,"OG Filename: F+A Freestyle 6 ACC 85bpm
Acapella for one of Kanye's freestyles.","Aug 8, 2019",,1:30,85,OG File,Lossless,https://imgur.gg/f/FT7cDFz
JESUS IS KING,Freestyle 7,"OG Filename: F+A Freestyle 7 ACC 102bpm
Acapella for one of Kanye's freestyles.","Aug 8, 2019",,1:55,102,OG File,Lossless,https://imgur.gg/f/pf9CZ7v
JESUS IS KING,Freestyle 8,"OG Filename: F+A Freestyle 8 ACC 110bpm
Acapella for one of Kanye's freestyles.","Aug 8, 2019",,1:18,110,OG File,Lossless,https://imgur.gg/f/71KGwBb
JESUS IS KING,Freestyle 9,"OG Filename: F+A Freestyle 9 ACC 151bpm
Acapella for one of Kanye's freestyles.","Aug 8, 2019",,1:22,151,OG File,Lossless,https://imgur.gg/f/7mgZ188
JESUS IS KING,Freestyle 12,"OG Filename: F+A Freestyle 12 ACC 153bpm
Acapella for one of Kanye's freestyles.","Aug 8, 2019",,1:20,153,OG File,Lossless,https://imgur.gg/f/47Zl11g
JESUS IS KING,"Selah
(ref. Olskool Ice-Gre)","OG Filename: Selah - 10.22.19 Greg acc
Olskool Ice-Gre acapella for his reference track.","Oct 22, 2019",,3:03,130,OG File,CD Quality,https://imgur.gg/f/n3BbYMR
JESUS IS KING,"Sweet Jesus
(Belt Of Truth, Jesus Sweet Jesus)","OG Filename: SJYE Ref AC
Kanye acapella.","Sep 3, 2019",,1:55,83,OG File,Lossless,https://imgur.gg/f/AFdnNb8
JESUS IS KING,"The Glade
(Up From The Ashes)","OG Filename: The Glade - Ye Vocal Ref
Raw acapella stem leaked as part of the JESUS IS KING Bundle groupbuy.","Aug 20, 2019",,3:14,72,OG File,Lossless,https://imgur.gg/f/CGXsgrB
JESUS IS KING,"Through The Valley
(ref. Momo Boyd)
(I Was On Top of a Mountain, Valley)","OG Filename: Through the Valley - Daton Tracking Vocal Comp
Acapella leaked as part of the JESUS IS KING Bundle groupbuy.","Aug 30, 2019",,2:52,87,OG File,Lossless,https://imgur.gg/f/Hrq9nnC
JESUS IS KING,"Wake The Dead
(ref. Rhymefest)",Rhymefest reference track acapellas.,"Sep 13, 2019",,"0:31
0:38",82,OG File,Lossless,"https://imgur.gg/f/gY2OLZg
https://imgur.gg/f/hAITwKJ"
JESUS IS KING,"Baptized
(Jesus Is Lord, Every Knee Shall Bow)","OG Filename: F+A Baptized V4 INS 78.7
Instrumental. Different to release.","Aug 24, 2019",,2:30,78.7,OG File,Lossless,https://imgur.gg/f/s4oEW9T
JESUS IS KING,"Baptized
(Jesus Is Lord, Every Knee Shall Bow)","OG Filename: F+A Baptized V4 INS (With Horn Lines)
Instrumental. Different to release.","Aug 24, 2019",,2:30,78.7,OG File,Lossless,https://imgur.gg/f/2RgD9gk
JESUS IS KING,"Bound 3
(prod. Budgie Beats)","OG Filename: zion perfect peace bound3 free 102bpm
Instrumental produced by Swizz Beatz. Seen on the John Monopoly playlist. Leaked after the successful ""Bound 3"" GB.",,"Nov 18, 2022",2:05,102,OG File,High Quality,https://imgur.gg/f/HixRziw
JESUS IS KING,"Bound
(prod. Federico Vindver)
(Bound 3)","OG Filename: bound fede replay budgie chop
Sample replay for ""Bound 3"" done by Federico Vindver.","Sep 30, 2019",,1:19,102,OG File,High Quality,https://imgur.gg/f/y5KRAPh
JESUS IS KING,"Don't Give Up
(prod. AllDay & Budgie Beats)","OG Filename: mattie.moss_allday.budgie.instr
Instrumental. Leaked as part of a groupbuy.",,,2:31,86,OG File,High Quality,https://imgur.gg/f/GCfQuRy
JESUS IS KING,"Free
(feat. ???) (prod. Angel Lopez, BoogzDaBeast, Federico Vindver & Timbaland)
(Freak)","OG Filename: Free - 08.24.19 Ye Sample Inst
Seen on a September JESUS IS KING tracklist. Was originally thought to be ""Bound 3"" but was later confirmed to be a newer version of ""Freak"". Features an unknown artist doing vocals in place of the sample, alongside Ye vocals replacing the ""freak"" chop. Snippet leaked Jan 13, 2026.","Aug 24, 2019","Feb 6, 2026",1:58,105,OG File,CD Quality,https://imgur.gg/f/5OFlmfe
JESUS IS KING,"Freestyle 11
(prod. Angel Lopez & Federico Vindver)
(Ozark 10)","OG Filename: #11 Freestyle F+A (Fede Choir)
One of four instrumental versions. Has no Kanye vocals.","Aug 17, 2019","Jul 8, 2023",1:46,130,OG File,Lossless,https://imgur.gg/f/iqaP7DV
JESUS IS KING,"Freestyle 11
(prod. Angel Lopez & Federico Vindver)
(Ozark 10)","OG Filename: #11 Freestyle F+A (Fede Choir) V1.1
One of four instrumental versions. Has no Kanye vocals.","Aug 17, 2019","Jul 8, 2023",1:46,130,OG File,Lossless,https://imgur.gg/f/C0r2lbb
JESUS IS KING,"Freestyle 11
(prod. Angel Lopez & Federico Vindver)
(Ozark 10)","OG Filename: #11 Freestyle F+A (Fede Choir) V1.1 (w:Drums)
One of four instrumental versions. Has no Kanye vocals.","Aug 17, 2019","Jul 8, 2023",1:46,130,OG File,Lossless,https://imgur.gg/f/cguAkXw
JESUS IS KING,"Freestyle 11
(prod. Angel Lopez & Federico Vindver)
(Ozark 10)","OG Filename: #11 Freestyle F+A (Fede Choir) V1.1 -24b
One of four instrumental versions and so far the latest ""Freestyle 11"" file we have. Has no Kanye vocals.","Sep 1, 2019","Jul 8, 2023",1:46,130,OG File,Lossless,https://imgur.gg/f/aFzodh4
JESUS IS KING,"Le Bombastique
(prod. CuBeatz)
(DO IT)","OG Filename: le_bombastique_53,5bpm
OG sample for ""DO IT"" that was first previewed in Las Vegas before being reworked. Origin unknown, but was most likely found in a loop pack.","Jun 7, 2019",,0:35,107,Full,Lossless,https://imgur.gg/f/1HBY6dV
JESUS IS KING,"Let It Go
(prod. Labrinth)","OG Filename: Let It Go - Lab 003 V3
Another Instrumental, produced by Labrinth.",,,0:54,83,Full,CD Quality,https://imgur.gg/f/LZKR5Am
JESUS IS KING,"Let It Go
(prod. Federico Vindver)","OG Filename: Let it go FedeInsReplay 81.8bpm
Fede instrumental.",,,3:31,81.8,Full,CD Quality,https://imgur.gg/f/obhu2w8
JESUS IS KING,"Selah
(feat. Sunday Service Choir)
(Chakras, The Chakra, Chakra, I Love It (Remix), Good Morning)","OG Filename: KW-SELAH-Update.4.lowerlevel.INSTR.2
Filename shown by Shogani. Nothing else is known.",,,,130,Rumored,Not Available,N/A
JESUS IS KING,"Sunday
(prod. Timbaland, AllDay, Federico Vindver & Angel Lopez)
(Closed On Sunday)","OG Filename: Sunday F+A (OldChords) 98 bpm NOSAMPLE
Filename shown by Alek. Has a instrumental from all other known versions.","Jul 22, 2019","Oct 29, 2023",2:07,98,OG File,Lossless,https://imgur.gg/f/k5e6X0t
JESUS IS KING,"Sunday
(prod. Timbaland, AllDay, Federico Vindver & Angel Lopez)
(Closed On Sunday)","OG Filename: Sunday F+A (NewChordsNylon) 98 bpm NOSAMPLE
Filename shown by Alek. Has a slightly different instrumental from other versions.","Jul 23, 2019","Oct 29, 2023",2:07,98,OG File,CD Quality,https://imgur.gg/f/2QT4qA0
JESUS IS KING,"Sunday
(prod. Timbaland, AllDay, Federico Vindver & Angel Lopez)
(Closed On Sunday)","OG Filename: Sunday v3 w choir ins
Has completeley different production compared to release.",,,5:28,98,OG File,Lossless,https://imgur.gg/f/63X8RkT
JESUS IS KING,"Sunday
(prod. Timbaland, AllDay, Federico Vindver & Angel Lopez)
(Closed On Sunday)","OG Filename: Sunday v3 w choir ins (no lead) 98
Has completeley different production compared to release.",,,2:51,98,OG File,Lossless,https://imgur.gg/f/g8gmCQj
JESUS IS KING,"Sunday
(prod. Timbaland, AllDay, Federico Vindver & Angel Lopez)
(Closed On Sunday)","OG Filename: Sunday v3 w choir ins (Just lead)
Has completeley different production compared to release.",,,2:51,98,OG File,Lossless,https://imgur.gg/f/EwahKdp
JESUS IS KING,"Through The Valley
(prod. Momo Boyd)
(I Was On Top of a Mountain)","OG Filename: Through the Valley - Daton Tracking Gtr Ref
Instrumental leaked as part of the JESUS IS KING bundle groupbuy.","Aug 30, 2019","Jul 8, 2023",2:52,87,OG File,Lossless,https://imgur.gg/f/WPOrcvy
JESUS IS KING,"Wake The Dead
(prod. BoogzDaBeast, E.VAX & Pi'erre Bourne)","OG Filename: Wake The Dead - Pierre Ref
Pi'erre Bourne version of the instrumental. Samples zombie noises. Likely made on or around June 28th, 2019.","Jun 28, 2019",,2:21,82,OG File,CD Quality,https://imgur.gg/f/lUx3eX2
JESUS IS KING,"Wake The Dead
(prod. BoogzDaBeast, E.VAX & Pi'erre Bourne)","OG Filename: Wake The Dead - Pierre Inst
Filename shown by a trusted source.",,,,,Confirmed,Not Available,
JESUS IS KING,"Tyler, The Creator - PUPPET
(prod. Tyler, The Creator)",Instrumental.,,"Feb 22, 2024",2:57,78,Full,CD Quality,https://imgur.gg/f/ARloxgO
God's Country,"Wash Us In The Blood
(feat. Travis Scott) (prod. Kanye West, Dem Jointz, RONNY J, BoogzDaBeast & FnZ)
(Wash Us In The Blood Of Jesus)",Stems ripped from the stem player. The choir vocals heard in the released version of the song are missing from the stems.,,,3:26,137,Full,Lossless,https://imgur.gg/f/KfCxEGD
God's Country,"All Of Me
(prod. BoogzDaBeast)","OG Filename: All Of Me 83.5 - For Fede
Audio Files + Multiple PTX files.","Jan 17, 2020",,1:54,83.5,OG File,Lossless,https://imgur.gg/f/dLim5RL
God's Country,"Awakening
(prod. Federico Vindver & BoogzDaBeast)","OG Filename: - Palm Sunday
Another session. Has ""Future Bounce"" included presumably because both freestyles were worked on the same day.","Nov 6, 2019",,2:13,82,OG File,Lossless,https://imgur.gg/f/wT9mTC3
God's Country,"Awakening
(prod. Federico Vindver & BoogzDaBeast)","OG Filename: Awakening - For Fede
Audio Files + Multiple PTX files.","Jan 17, 2020",,2:12,82,OG File,Lossless,https://imgur.gg/f/FrF2PVe
God's Country,"Everybody Goes
(prod. BoogzDaBeast)","OG Filename: Everybody Goes 73 - For Fede
Audio Files + Multiple PTX files.","Jan 17, 2020",,2:18,73,OG File,Lossless,https://imgur.gg/f/7zAeQpS
God's Country,"Fighting Fires
(prod. BoogzDaBeast, Finatik & Rory Noble)
(MY SOUL)","OG Filename: Fighting Fires - For Fede
Audio Files + Multiple PTX files.","Jan 17, 2020",,2:56,86,OG File,Lossless,https://imgur.gg/f/Veofr9N
God's Country,"Fighting Fires
(ref. Arrowstar, Calabasas, Israel Boyd & Victory) (prod. BoogzDaBeast, Finatik & Rory Noble)
(MY SOUL)","OG Filename: Fighting Fires - 07.03.20 Jared x Francis
Later session. Features takes for a variety of references, and was used to create Calabasas' reference for the song.","Jul 3, 2020","Apr 28, 2026",Varied,86,OG File,Lossless,"https://pillows.su/f/e5d6f6d3b487f97812bc9d687a449e89
https://fileditchfiles.me/file.php?f=/alpha3/269e68dd341aa8cd04bc/Fighting_Fires_-_07.03.20_Jared_x_Francis.zip
https://mega.nz/file/BaoGWawS#TF5fVsz15svaTu37wk3drbSubs69oT3eGNQZe9XWpSg"
God's Country,"FreeDem
(prod. Jack Rochan & Di Genius)
(Heaven Calls, When Heaven Calls, Faith, Freedom)","OG Filename: FreeDem - For Fede
Audio Files + Multiple PTX files.","Jan 17, 2020",,2:49,126,OG File,Lossless,https://imgur.gg/f/ZRMIbkR
God's Country,"Future Bounce
(prod. BoogzDaBeast & Federico Vindver)
(Future Sounds, TELEKINESIS)","OG Filename: - Palm Sunday
Multiple sessions. Has ""Awakening"" included presumably because both freestyles were worked on the same day.","Nov 6, 2019",,2:30,83,OG File,Lossless,https://imgur.gg/f/wT9mTC3
God's Country,"Future Bounce
(prod. BoogzDaBeast & Federico Vindver)
(Future Sounds, TELEKINESIS)","OG Filename: Future Bounce - For Fede
Audio Files + Multiple PTX files.","Jan 17, 2020",,2:32,83,OG File,Lossless,https://imgur.gg/f/HWYc3ZE
God's Country,"He Gave It All
(prod. BoogzDaBeast)","OG Filename: He Gave It All - For Fede
Audio Files + Multiple PTX files.","Jan 17, 2020",,2:15,76,OG File,Lossless,https://imgur.gg/f/TgS40Xz
God's Country,"Jesus
(prod. BoogzDaBeast)","OG Filename: Jesus - For Fede
Audio Files + Multiple PTX files.","Jan 17, 2020",,1:39,87,OG File,Lossless,https://imgur.gg/f/DIpZDfY
God's Country,"Lord I Need You
(Lord I Need You To Wrap Your Arms Around Me)","OG Filename: Lord I Need You - For Fede
Audio Files + Multiple PTX files.","Jan 17, 2020",,4:25,82,OG File,Lossless,https://imgur.gg/f/PRDguvM
God's Country,"Lord I Need You
(ref. Conway The Machine) (prod. BoogzDaBeast, Finatik, Francis and the Lights & Israel Boyd)
(Lord I Need You To Wrap Your Arms Around Me)",Session that includes various versions and references for the song.,,"May 17, 2026",Varied,82.5,Full,Lossless,"https://pillows.su/f/71ae393070a2d1d8e2211996f426381b
https://imgur.gg/f/1nOOjes
https://fileditchfiles.me/file.php?f=/alpha4/a506382d46d10ef04ff2/Liny_%28session_2%29.zip"
God's Country,"Lord I Need You
(ref. Conway The Machine) (prod. BoogzDaBeast, Finatik, Francis and the Lights & Israel Boyd)
(Lord I Need You To Wrap Your Arms Around Me)","OG Filename: Lord I Need You - 07.01.20 Conway
Session for Conway The Machines reference.",,"May 17, 2026",1:56,82.5,Full,Lossless,"https://pillows.su/f/856c5f7b0e164ef9d3fa271790e4bf32
https://imgur.gg/f/i64o2uk
https://fileditchfiles.me/file.php?f=/alpha4/b13f9538853e40a758a8/Lord_I_Need_You_-_07.01.20_Conway.zip"
God's Country,Oh Lord,"OG Filename: Oh Lord - For Fede
Audio Files + Multiple PTX files.","Jan 17, 2020",,2:25,88,OG File,Lossless,https://imgur.gg/f/HfvdyFZ
God's Country,Palm Springs,"OG Filename: Palm Springs - For Fede
Audio Files + Multiple PTX files.","Jan 17, 2020",,2:18,139,OG File,Lossless,https://imgur.gg/f/XMaRBX2
God's Country,"Sinner
(prod. BoogzDaBeast)
(Sinners)","OG Filename: Sinner - For Fede
Audio Files + Multiple PTX files.","Jan 17, 2020",,1:02,100,OG File,Lossless,https://imgur.gg/f/Egx50Gu
God's Country,"Tulsa
(ref. KayCyy) (prod. E.VAX, BoogzDaBeast & FnZ)","OG Filename: Tulsa - For Fede
Audio Files + Multiple PTX files.","Jan 17, 2020",,2:19,146,OG File,Lossless,https://imgur.gg/f/gbPgEcE
God's Country,"Chance the Rapper & Lizzo - Better Move
(ref. Jozzy) (prod. Kanye West)","OG Filename: CHANCE X LIZZO
Leaked as a bonus for the ""This Is The Glory"" groupbuy.",,"Sep 20, 2022",2:56,120,OG File,Lossless,"https://imgur.gg/f/RI8V3mP
https://mega.nz/file/w4sCAaha#OpbI88dlVFsihTrRWDO6so9QV9ryoC4QTvRINwtMwJE"
God's Country,"12,000 Acres
(prod. E.VAX)
(12 Thousand Acres)",Beat stems for the E.VAX version.,"Jul 5, 2020",,3:02,146,OG File,Lossless,https://imgur.gg/f/caLmDTD
God's Country,"24
(prod. 808Melo)
(You're Gonna Be Ok, 24 Hours)",Instrumental stems for the 808 Melo version. Does not include KayCyy's vocals.,,"Jun 3, 2022",2:54,102,OG File,Lossless,https://imgur.gg/f/ZJgjHC4
God's Country,"Awakening
(prod. E.VAX)",Stems for the E.VAX version.,"Jul 5, 2020",,2:26,81,OG File,Lossless,"https://imgur.gg/f/5wBkRHo
https://drive.google.com/drive/folders/1afO-Nq3fwqPGXlftMrB5J_oB9g60x2Fs?usp=drive_link"
God's Country,"Codeine
(prod. Kanye West)","OG Filename: Codein 82.5bpm - 02.08.20 Ye Free
Stems for the original freestyle. Stem filenames indicate that Pusha T picked the song to be worked on further. Reexported on October 27th, 2020 for FNZ to work on the track further.","Feb 8, 2020","Sep 17, 2023",3:06,82.5,OG File,CD Quality,https://mega.nz/file/8HgU1BZC#E2kAKb_zgtryAt_O5-kEe41GH4IL1_zjvEfWTHjhyCk
God's Country,"Everything
(prod. E.VAX)",Stems for the E.VAX version.,"Jul 5, 2020",,3:47,102,OG File,Lossless,"https://imgur.gg/f/Kk9e7ua
https://drive.google.com/drive/folders/1afW89JzKN8Al1SyI5GKYoy45rTPWpOTS?usp=drive_link"
God's Country,Everything [Sample Stem],"OG Filename: Everything - 152 BPM
Sample for the song.","Nov 15, 2019",,1:41,152,OG File,Lossless,https://imgur.gg/f/jbRLod8
God's Country,"Eternal Life [Sample Stem]
(prod. Wallis Lane)
(Ambitious, Devil Weak, The Devil Is Weak, We Got Eternal Life)","OG Filename: killBILL bpm - bpm145 prod by WALLIS LANE
Sample for the song.",,,0:39,145,OG File,Lossless,https://imgur.gg/f/8mc4dCA
God's Country,"Fighting Fires
(prod. BoogzDaBeast, Finatik, Rory Noble & SK808)
(MY SOUL)","OG Filename: YExSK8 FIGHTING FIRES
Stems for SK808's production reference. Contains bounces for it as well for his references for ""Future Bounce"" and ""Lord I Need You"".","Nov 17, 2019","Apr 28, 2026",1:08,86,OG File,CD Quality,"https://imgur.gg/f/Abebp45
https://www.mediafire.com/file/8z7v7gthkd4a9qi/YExSK8_FIGHTING_FIRES.zip/file
https://fileditchfiles.me/file.php?f=/alpha3/d959fd1c8692972385cf/YExSK8_FIGHTING_FIRES.zip"
God's Country,"Fighting Fires
(ref. Calabasas) (prod. BoogzDaBeast, Calabasas, Finatik & SK808)
(MY SOUL)","OG Filename: Fighting FIres - STEMS
Stems for the instrumental and vocals to Calabasas' reference.","Jul 3, 2020","Apr 28, 2026",2:44,86,OG File,Lossless,"https://pillows.su/f/36134998d3ed2b0ea4e439b95255ae75
https://www.mediafire.com/file/z563rsbnxic42oz/Fighting_FIres_-_STEMS.zip/file
https://fileditchfiles.me/file.php?f=/alpha3/95f2ac5a803fb11ebb2b/Fighting_FIres_-_STEMS.zip"
God's Country,"Future Sounds
(prod. E.VAX)
(Future Bounce, TELEKINESIS)",Stems for the E.VAX version.,"Jul 5, 2020",,2:33,83,OG File,Lossless,"https://imgur.gg/f/w3suAFd
https://drive.google.com/drive/folders/1bsQxdl3dtst2o1Dv71NxeVJboq0jf23O?usp=drive_link"
God's Country,"God's Country
(prod. E.VAX)",Stems for another E.VAX version.,"Jul 3, 2020",,3:40,150,OG File,Lossless,"https://imgur.gg/f/WMferz4
https://drive.google.com/drive/folders/1c2vh37rYk8VGPhkfYqwXJULEApBHdkOK?usp=drive_link"
God's Country,"God's Country
(prod. E.VAX)",Stems for the E.VAX version.,"Jul 5, 2020",,3:40,150,OG File,Lossless,"https://imgur.gg/f/xvjgJHj
https://drive.google.com/drive/folders/1bzqolc7Gn9FbUPZkrKMzKEmHRerhGYlF?usp=drive_link"
God's Country,"G.O.O.D. Music Symphony Zip
(prod. Johan)","In very late 2019 - early 2020, many G.O.O.D. Music remixes got made in a symphony / orchestra style. All of these versions have stems tied to them. Has songs from Kanye, KIDS SEE GHOSTS, Nas, Pusha T and Teyana Taylor. There are also symphony versions of ""We Got Love"", ""Everything"", ""Simple Things"", ""Fire"", and ""Ghost Town"". Some snippets leaked June 17th 2024. ""Call My Bluff"" might also not be included.",,,Varied,Varied,Rumored,Not Available,https://imgur.gg/f/7TKFKXo
God's Country,"How Ya Feel
(prod. Rico Nichols & Darius Woodley)","OG Filename: 200309 How Ya Feel Jam
Stems leaked as a bonus for the ""Glory"" / ""Throw Money Everywhere"" groupbuy.","Mar 9, 2020","Sep 24, 2023",3:50,125,OG File,Lossless,"https://imgur.gg/f/AmfN44U
https://drive.google.com/file/d/1B6w8oyMFF6Mdzi5uXYOtHbD13MOk--By/view?usp=sharing"
God's Country,"I Feel Terrific
(prod. E.VAX)",Stems for the E.VAX version.,"Jul 5, 2020",,1:42,108,OG File,Lossless,"https://imgur.gg/f/BIpd89H
https://drive.google.com/drive/folders/1d8WqpjsQX4UIHEqemLtRrNUhxS0vzKvw?usp=drive_link"
God's Country,"I Feel Terrific
(prod. E.VAX)",Stems for another E.VAX version.,"Jul 5, 2020",,1:51,108,OG File,Lossless,"https://imgur.gg/f/gEScjHV
https://drive.google.com/drive/folders/1d9ixcN9OArVjZGdSCLlrgIh3aPaf4igw?usp=drive_link"
God's Country,"Idea 2
(prod. Darius Woodley, Kanye West & Rico Nichols)
(Jam 2)","OG Filename: Idea 2
Stems for the instrumental of ""Idea 2"".","Mar 9, 2020",,5:01,150,OG File,Lossless,https://imgur.gg/f/SIUEacT
God's Country,"Keep My Spirit Alive
(prod. E.VAX)",Stems for the E.VAX version.,"Jul 5, 2020",,3:03,81,OG File,Lossless,"https://imgur.gg/f/BbHz4te
https://drive.google.com/drive/folders/1f0s6BSzcd25AoUXn79xhxt4cBkxnB-Tt?usp=drive_link"
God's Country,"Keep My Spirit Alive [Sample Stem]
(Keep Our Spirit Alive)","OG Filename: Keep My Spirit Alive 81bpm - Inst bip 1
Sample found in JESUS IS LORD and DONDA [V1] versions. Has lots of clipping.",,,1:59,81,OG File,High Quality,https://imgur.gg/f/sja0bva
God's Country,"Keep My Spirit Alive [Sample Stem]
(Keep Our Spirit Alive)","OG Filename: Fear Of Falling162 BPM
Another sample that does not have clipping.","Nov 26, 2019",,0:35,162,OG File,Lossless,https://imgur.gg/f/cEP2lXt
God's Country,"Lord I Need You
(prod. E.VAX)
(Lord, Lord I Need You, Lord I Need You Right Now, Wrap Your Arms Around Me)",Stems for the E.VAX version.,"Jul 5, 2020",,1:44,82,OG File,Lossless,"https://imgur.gg/f/g8tHAx0
https://drive.google.com/drive/folders/1fExiTzaPlujV1wZqRljaKh-8WHLw1Yni?usp=drive_link"
God's Country,"Off The Grid
(prod. E.VAX)",Stems for the E.VAX version.,"Jul 5, 2020",,1:50,133,OG File,Lossless,"https://imgur.gg/f/GPJAf3m
https://drive.google.com/drive/folders/1fJ7QhkOYaSHFdQNATH3tmrHfEHXFUg5N?usp=drive_link"
God's Country,"PCO [Beat Stems]
(prod. FNZ & Styalz Fuego)
(Let The Spirit Go Wild)","OG Filename: P.C.O STEMS 89 BPM
Stems for the beat to the freestyle. Included in the ""50gb of Donda 2020"" buy. Bounced November 1st 2020, but was most likely made before then.","Nov 1, 2020","Sep 17, 2023",1:04,89,OG File,Lossless,https://imgur.gg/f/ikUZhQA
God's Country,"Praise God
(feat. Travis Scott & KayCyy) (prod. 30 Roc, E.VAX & Zentachi)
(Praise)",Stems for the E.VAX version.,"Jul 5, 2020",,2:37,122,OG File,Lossless,"https://imgur.gg/f/a0gaXm3
https://drive.google.com/drive/folders/1gdIsX_APESQXJqFOznIAOEbF6rcIsDK_?usp=drive_link"
God's Country,"Praise God
(feat. Travis Scott & KayCyy) (prod. 30 Roc, E.VAX & Zentachi)
(Praise)",Stems for another E.VAX version.,"Jul 5, 2020",,2:14,122,OG File,Lossless,"https://imgur.gg/f/Rb5umbJ
https://drive.google.com/drive/folders/1gdpx5cdSreLwP3x-xHbbXnWV3Mw1jRxk"
God's Country,"Skuuurrruurrr
(prod. BoogzDaBeast)
(Pull Up Like Skuuurrr, Skurr, Skurrrr, Skuuur, Skuuurrr)",Stems for the E.VAX version.,"Jul 5, 2020",,2:21,82,OG File,Lossless,"https://imgur.gg/f/t1ckhrj
https://drive.google.com/drive/folders/1ge5MOSY7LHVj5hCQB9jdL9mwHfh3Vdhm"
God's Country,"Tell The Vision
(prod. E.VAX & BoogzDaBeast)
(We Made It, RIP Pop Smoke)",Stems for the E.VAX version.,"Jul 5, 2020",,2:28,144,OG File,Lossless,https://imgur.gg/f/3Fdeccw
God's Country,"They Were Overcome [Sample Stem]
(Blood Of The Lamb, Donda)","OG Filename: They Were Overcome (By The Word) (Boogz x FnZ Flip 321 BPM) V2 Intro
Sample for the song.","Dec 14, 2019",,1:24,321,OG File,Lossless,https://imgur.gg/f/UgWrKh0
God's Country,"Tulsa
(prod. E.VAX)",Stems for the E.VAX version.,"Jul 5, 2020",,2:21,146,OG File,Lossless,https://imgur.gg/f/iF0j6Ab
God's Country,"Vibrations
(prod. Rico Nichols & Darius Woodley)",It's been said by P4 that the March 2020 version comes with stems.,,,,94,Confirmed,Not Available,https://imgur.gg/f/m55MSBv
God's Country,"Wash Us In The Blood [Drum Stem]
(prod. A.G. & Israel Boyd)","OG Filename: Wash Us In The Blood Israel Drums Clip
Drum stem for the Israel Boyd version.",,"Jun 2, 2026",0:10,69,OG File,High Quality,https://imgur.gg/f/qiUA4sO
God's Country,"Wash Us In The Blood [Sample Stem]
(prod. A.G.)","OG Filename: New Era - A.G. SAMPLE BPM 181
Sample for the song, before it was worked on further by Finatik.",,,1:03,181,OG File,Lossless,https://imgur.gg/f/tJ1CmMX
God's Country,"Welcome To My Life
(feat. Ty Dolla $ign) (prod. RxD)",Stems for a late June version. Has the full uncensored Kanye verse.,"Jun 27, 2020",,4:12,156,OG File,High Quality,https://imgur.gg/f/XVhR4H2
God's Country,"Welcome To My Life
(prod. E.VAX)",Stems for the E.VAX version. Missing every stem apart from the acapella and marimba.,"Jul 5, 2020",,4:16,156,Partial,Lossless,"https://imgur.gg/f/D0wNVYh
https://drive.google.com/drive/folders/1iIiXtAzWixqUv0ODEvIJ1vVkchOM3QC9?usp=drive_link
https://imgur.gg/f/xVWPfTO"
God's Country,"Abstract Mindstate - Treat You Good
(prod. Kanye West)
(Good)","OG Filename: Abstract Mindstate - Treat You Good
Stems for the Abstract Mindstate version.",,"Apr 28, 2023",2:10,83,OG File,Lossless,https://imgur.gg/f/TrtVWmG
God's Country,"12,000 Acres
(feat. Sunday Service Choir)
(12 Thousand Acres)","OG Filename: 12,000 Acres (Full Choir)
SSC version that was meant to be overlayed onto the beat. Leaked as as a bonus for a groupbuy.","Nov 21, 2019",,1:14,146,OG File,High Quality,https://imgur.gg/f/3gLN0xC
God's Country,"FreeDem
(ref. Boyz II Men)
(Heaven Calls, When Heaven Calls, Faith, Freedom)","OG Filenames: nate &
shawn
2 Acapella files for the Boyz II Men reference track found in the ""Bounced Files"" for the session.",,,1:03,63,OG File,CD Quality,"https://imgur.gg/f/gtw4ea0
https://imgur.gg/f/CbIkIeZ"
God's Country,"Future Bounce
(Future Sounds, TELEKINESIS)","OG Filename: Future Bounce - 11.14.19 Ye comp vocals
Kanye acapella for his re-recorded vocals that went unused for later versions.","Nov 14, 2019",,0:26,83,OG File,Lossless,https://imgur.gg/f/5VwJ4lC
God's Country,"Let It Go
(ref. Rhymefest)","OG Filename: Let It Go - Rhymefest Acca v2 70bpm
Rhymefest acapella for his reference track.","Dec 4, 2019",,1:46,70,OG File,Lossless,https://imgur.gg/f/Mv3aXgW
God's Country,"Lord I Need You
(Lord I Need You To Wrap Your Arms Around Me)","OG Filename: Lord I Need You - 02.27.20 FS Drums acca
Acapella. Meant to be combined with the instrumental.","Feb 27, 2020","May 17, 2026",1:44,82,OG File,Lossless,https://imgur.gg/f/kx0PDgc
God's Country,"24
(You're Gonna Be Ok, 24 Hours)","OG Filename: 24 Hours 51 - 02.18.20 Inst
Later instrumental of KayCyy's solo, non-808 Melo produced reference from February 18th, 2020.","Feb 21, 2020","Jun 3, 2022",2:54,51/102,OG File,Lossless,https://imgur.gg/f/u5cHeN3
God's Country,"Awakening
(prod. BoogzDaBeast)","OG Filename: Awakening - Inst 
Instrumental for the freestyle.","Nov 15, 2019",,2:23,80.5,OG File,CD Quality,https://imgur.gg/f/L7ZHRnm
God's Country,"Awakening
(prod. Federico Vindver & BoogzDaBeast)","OG Filename: Awakening (Boogz:FedeHorns) v1.2 ins 80.5
Instrumental with Federico Vindver horns.","Nov 19, 2019","May 8, 2026",2:30,80.5,OG File,Lossless,https://imgur.gg/f/FbsO5D9
God's Country,"Eternal Life
(prod. BoogzDaBeast, 808 Melo & Axl Beats)
(Ambitious, Devil Weak, The Devil Is Weak, We Got Eternal Life)","OG Filename: end of eternal Master
Axl Beats drill version. Originally believed to be called ""Ambitious"", due to confusion over perceived lyrics mentioned in the GQ interview. Instrumental leaked as a bonus to the ""DONDA 2 bundle"" Joebuy.",,"Sep 23, 2023",2:38,145,OG File,CD Quality,https://imgur.gg/f/NZdYYMx
God's Country,"Eternal Life
(prod. BoogzDaBeast)
(Ambitious, Devil Weak, The Devil Is Weak, We Got Eternal Life)","OG Filename: EL KC INST
KayCyy reference track instrumental. Has slightly different drums compared to the Swae Lee produced version.","Nov 18, 2019","Sep 21, 2023",2:37,145,OG File,CD Quality,https://imgur.gg/f/9ZY1ioi
God's Country,"Fighting Fires
(prod. BoogzDaBeast, Finatik & Rory Noble)
(MY SOUL)","OG Filename: Fighting Fires - Short Inst REF
Found in the ""For Fede"" folder in the bounces. Original file leaked on April 27th, 2026 as part of the ""Fighting Fires"" bundle fundraiser.","Nov 20, 2019","Apr 27, 2026",1:05,86,OG File,CD Quality,https://imgur.gg/f/7KajUGL
God's Country,"Fighting Fires
(prod. 30 Roc, BoogzDaBeast, Dat Boi Squeeze, Finatik & Rory Noble)
(MY SOUL)","OG Filename: 30 Roc_FIGHTING FIRES KANYE 86 SQUEEZE
One of five 30 Roc producer references for ""Fighting Fires"", with additional production from his close collaborator Dat Boi Squeeze. Exact date is unknown.",,"Apr 27, 2026",1:07,86,OG File,CD Quality,https://imgur.gg/f/ZWYW7nc
God's Country,"Fighting Fires
(prod. 30 Roc, BoogzDaBeast, Finatik & Rory Noble)
(MY SOUL)","OG Filename: 30 Roc_Fighting Fires - 86
One of five 30 Roc producer references for ""Fighting Fires"". Used for Kanye's first ""Fighting Fires"" freestyle from April 20th, 2020. Also seen in Conway The Machine's ""Writer Refs"" folder, so this is most likely what he recorded on aswell. Exact date is unknown.",,"Apr 27, 2026",2:55,86,OG File,CD Quality,https://imgur.gg/f/L0QhfYv
God's Country,"Fighting Fires
(prod. 30 Roc, BoogzDaBeast, Finatik & Rory Noble)
(MY SOUL)","OG Filename: 30 Roc_Fighting Fires - 86bpm
One of five 30 Roc producer references for ""Fighting Fires"". Used on the 2nd ""Fighting Fires"" freestyle from April 20th, 2020. Exact date is unknown.",,"Apr 27, 2026",3:43,86,OG File,CD Quality,https://imgur.gg/f/j12HM0q
God's Country,"Fighting Fires
(prod. 30 Roc, BoogzDaBeast, Finatik & Rory Noble)
(MY SOUL)","OG Filename: 30 Roc_Fighting Fires REF 1 86
One of five 30 Roc producer references for ""Fighting Fires"". Used on the third ""Fighting Fires"" freestyle from April 20th, 2020. Exported as an .m4a on the same date.","Apr 20, 2020","Apr 27, 2026",3:33,86,OG File,High Quality,https://imgur.gg/f/yUO8PEp
God's Country,"Fighting Fires
(prod. 30 Roc, BoogzDaBeast, Finatik & Rory Noble)
(MY SOUL)","OG Filename: 30Roc_30 Fighting Fires
One of five 30 Roc producer references for ""Fighting Fires"". Features an intro not heard on any other versions of his production, seemingly sampling a powwow. Exact date is unknown.",,"Apr 27, 2026",2:04,86,OG File,CD Quality,https://imgur.gg/f/ZRSNWyQ
God's Country,"Fighting Fires
(prod. BoogzDaBeast, Finatik & Rory Noble)
(MY SOUL)","OG Filename: Fighting Fires - 06.10.20 Isra...
Instrumental of the song used for the June 10th, 2020 version with Arrowstar and Israel Boyd's reference vocals.","Jun 10, 2020","Apr 27, 2026",3:09,86,OG File,CD Quality,https://imgur.gg/f/97AHkqr
God's Country,"Fighting Fires
(prod. BoogzDaBeast, EY, Finatik, Rory Noble & SHŌLZ)
(MY SOUL)","OG Filename: Fighting Fires (prod sholz/EY)
Later version of SHŌLZ' producer reference instrumental, with additional production from EY. Exact date is unknown.",,"Apr 27, 2026",4:05,86,OG File,CD Quality,https://imgur.gg/f/L072ebn
God's Country,"Future Bounce
(prod. BoogzDaBeast & Federico Vindver)
(Future Sounds, TELEKINESIS)","OG Filename: Future Bounce (Boogz:FedeHorns) v1.2 83bpm INS
Later version with added horns.","Nov 19, 2019",,3:04,83,OG File,Lossless,https://imgur.gg/f/ca471QB
God's Country,"Head Down
(prod. BoogzDaBeast)
(Hold The Line)","OG Filename: 85.5 - Head Down boogz chop PUSHA T 
Initial freestyle instrumental. Filename mentions Pusha T because he had selected this instrumental/song to be worked on further.",,,2:14,85.5,OG File,CD Quality,https://imgur.gg/f/vltegA1
God's Country,"In God's Country
(prod. BoogzDaBeast & Israel Boyd) 
(Work It Out, God's Country)","OG Filename: In Gods Country - 06.04.20 Israel Drums Ref NoYe
Version with drums from Israel Boyd.","Jun 4, 2020",,2:18,83,OG File,CD Quality,https://imgur.gg/f/EVroXmg
God's Country,"Jam 2
(prod. Kanye West, Rico Nichols & Darius Woodley)
(Idea 2)","OG Filename: 200309 Jam 2 - ASR Break Drums Melo
Instrumental.","Mar 9, 2020","Mar 17, 2023",4:56,150,OG File,Lossless,https://imgur.gg/f/TkZawyv
God's Country,"Lord I Need You
(ref. Kanye West)
(Lord I Need You To Wrap Your Arms Around Me)","OG Filename: Lord I Need You To Wrap Your Arms Around Me - Temp INST
Inital instrumental.","Nov 12, 2019","May 17, 2026",4:50,82,OG File,Lossless,https://imgur.gg/f/br3zsnj
God's Country,"Lord I Need You [V2]
(prod. BoogzDaBeast, Finatik & Francis and the Lights)","OG Filenames: Lord I Need You - 02.27.20 FS Drums Inst &
Lord I Need You - FS Inst
Instrumental. Meant to be combined with the acapella","Feb 27, 2020","May 17, 2026",1:44,82,OG File,Lossless,https://imgur.gg/f/0TdflBT
God's Country,"Lord I Need You [V3]
(feat. The WRLDFMS Tony Williams) (prod. BoogzDaBeast, Finatik, Francis and the Lights & E.VAX)","OG Filename: Lord I Need You - 07.10.20 Ye Cut and Edit_Inst
Instrumental. Still has Tony Williams vocals.","Jul 10, 2020","May 17, 2026",3:52,82,OG File,Lossless,https://imgur.gg/f/1YMaRZn
God's Country,"Lord I Need You
(ref. Kanye West)
(Lord I Need You To Wrap Your Arms Around Me)","OG Filename: Lord I Need You - 07.10.20 Ye Cut and Edit_Ye Hat Ref
Found in the session. File that has the raw recording of Kanye doing the hi-hat refs for the song.","Jul 10, 2020","May 17, 2026",1:09,82,OG File,Lossless,https://imgur.gg/f/tJp2fdr
God's Country,"Our King
(prod. BoogzDaBeast)
(Daniel Is Troubled)","OG Filename: Our King - Inst 76.5bpm 
Instrumental for the freestyle.",,,3:46,76.5,OG File,High Quality,https://imgur.gg/f/gWpaS7k
God's Country,"Pull Up Like Skuuurrr
(prod. BoogzDaBeast & Mook Ali)
(Skuuurrruurrr, Skuuurrr)","OG Filename: Pull Up Like Skuuurrr - 06.16.20 Ali
Featured on DONDA 2020 tracklists. Has no vocals.","Jun 16, 2020",,2:30,82,OG File,CD Quality,https://imgur.gg/f/Q2NH6mv
God's Country,"Spotlight
(prod. BoogzDaBeast)","OG Filename: 138.0 - Spotlight FINATIK
Instrumental.","Sep 20, 2019",,1:27,138,OG File,Lossless,https://imgur.gg/f/cRDZVvk
God's Country,"Waiting My Whole Life 
(prod. RONNY J)
(Waiding My Whole Life)","OG Filename: Waiting My Whole Life RJ 92
Instrumental.",,"Sep 18, 2026",4:12,92,OG File,CD Quality,https://imgur.gg/f/nF0u2FI
God's Country,"Chance the Rapper & Lizzo - Better Move
(prod. Kanye West)","OG Filename: Better move kanye 2
Instrumental for an early version.",,,1:52,120,OG File,Lossless,https://imgur.gg/f/cMkfbBN
God's Country,"Playboi Carti - Headshots
(prod. Richie Souf)
(Headshot, Heads Off)","OG Filename: rs_headshots
Instrumental leaked by Richie Souf himself as part of a beat pack made up of famous Carti leaks he produced",,"Aug 31, 2023",3:09,152,OG File,CD Quality,https://imgur.gg/f/g1Xm5Rg
JESUS IS KING: The Dr. Dre Version,"Use This Gospel (Remix)
(prod. Dr. Dre, Dem Jointz, Focus..., Blu2th & Travis Lawrence Jr.)
(Gospel, USE THIS GOSPEL (REMIX))","Unknown how large the session is, but according to the person who shared the snippet, there are various ""Use This Gospel"" / ""This Is The Glory"" freestyles. Snippet leaked June 7th, 2024.",,,,74,Snippet,High Quality,https://imgur.gg/f/gdgEjy9
JESUS IS KING: The Dr. Dre Version,"Use This Gospel (Remix)
(ref. CyHi) (prod. Dr. Dre, Dem Jointz, Focus..., Blu2th & Travis Lawrence Jr.)
(Gospel, USE THIS GOSPEL (REMIX))","OG Filename: Use This Gospel (Remix) 2.1_Cyhi - 200304
CyHi ""Use This Gospel"" reference track. Protools session with the name ""10. Use This Gospel (Remix) 2.1_Cyhi - 200304"" was shown by a trusted source.","Mar 4, 2020",,,74,Rumored,Not Available,https://imgur.gg/f/q8zOLaY
DONDA [V1],"Sunday Service Choir - Gloria
(prod. Todd Bergman)",Version of the Sunday Service Choir song that was intended for release on the Stem Player.,,"Dec 12, 2024",3:29,106,Full,High Quality,https://imgur.gg/f/TWoPYbN
DONDA [V1],"Believe What I Say
(ref. Dem Jointz) (feat. Dem Jointz, STALONE & Buju Banton) (prod. Dem Jointz & Antman Wonder)
(More Than Often)","OG Filename: Believe What I Say (Current Session)
Session for a September 2020 version.","Sep 28, 2020","May 16, 2026",Varied,100,OG File,Lossless,"https://pillows.su/f/70ba2bdec20596d472e8c811ac2b0920
https://imgur.gg/f/tugHS29
https://fileditchfiles.me/file.php?f=/alpha4/17033797ea25db65ac86/tugHS29-Believe_What_I_Say_%28Current_Session%29.zip"
DONDA [V1],"In God's Country
(feat. KayCyy & Common) (prod. 88-Keys & BoogzDaBeast)
(Work It Out, God's Country)","OG Filename: God's Country_88BPM_export
Session for a July 2020 version.","Jul 25, 2020",,1:55,88,OG File,Lossless,https://imgur.gg/f/v5iK5nh
DONDA [V1],"Life Of The Party
(prod. Andrew Dawson)","OG Filename: Life Of The Party - 7.30.20 Tone ADwork.1
Session for an early version.","Jul 30, 2020",,4:12,79 / 80,OG File,Lossless,https://imgur.gg/f/gtO5JRi
DONDA [V1],"Lord I Need You
(feat. Tony Williams) (prod. BoogzDaBeast, Finatik, E.VAX, Francis and the Lights & Dem Jointz)","Session for an early, finished version of the song that was sent to and worked on by Dem Jointz","Jul 21, 2020","May 17, 2026",2:55,82.5,Full,Lossless,"https://pillows.su/f/6e3df96257c3e12b0ff3f69a91623e59
https://imgur.gg/f/5WDylvR
https://fileditchfiles.me/file.php?f=/alpha4/7e6926f40a98c7d11542/Liny_%28session_1%29.zip"
DONDA [V1],"Playboi Carti - Go2DaMoon
(feat. Kanye West) (prod. Wheezy)","Snippets from the ProTools session were shared showcasing Playboi Carti doing extra unheard vocals and some of Kanye's verse. The session is said to have over 200 Carti vocal takes, and was being sold for $3000. Snippets leaked Jan 20, 2021.",,"Jan 20, 2021",,147,Snippet,High Quality,"https://imgur.gg/f/5FKhvQH
https://imgur.gg/f/JxEjCq1
https://imgur.gg/f/1I1PQoK"
DONDA [V1],"24
(ref. Dem Jointz) (feat. KayCyy, Sunday Service Choir, Buju Banton & SAINt JHN) (prod. BoogzDaBeast, FnZ, Dem Jointz, Rico Nichols & Darius Woodley)
(24 Hours)","OG Filename: 24
Stems for the version sent to FNZ. Included in the ""50gb of Donda 2020"" buy.","Oct 5, 2020","Sep 17, 2023",3:43,102,OG File,Lossless,https://imgur.gg/f/FW0xDSm
DONDA [V1],"24
(ref. Dem Jointz) (feat. KayCyy, Sunday Service Choir, Buju Banton & SAINt JHN) (prod. BoogzDaBeast, FnZ, Dem Jointz, Rico Nichols & Darius Woodley)
(24 Hours)","OG Filename: 24 V4
Stems for another version from October 14th. Included in the ""50gb of Donda 2020"" buy.","Oct 14, 2020","Sep 17, 2023",3:36,102,OG File,Lossless,https://imgur.gg/f/JPmOmRn
DONDA [V1],"24
(ref. Dem Jointz) (feat. KayCyy, Sunday Service Choir, SAINt JHN, Buju Banton & Summer Walker) (prod. BoogzDaBeast, FnZ, Dem Jointz, Rico Nichols & Darius Woodley)
(24 Hours)","OG Filename: 24 V6 102BPM
Stems for another version from October 26th. Included in the ""50gb of Donda 2020"" buy.","Oct 26, 2020","Sep 17, 2023",5:15,102,OG File,Lossless,https://imgur.gg/f/Rvbnzp3
DONDA [V1],"24
(ref. Dem Jointz) (feat. KayCyy, Sunday Service Choir, SAINt JHN, Buju Banton) (prod. BoogzDaBeast, FnZ, Dem Jointz, Rico Nichols & Darius Woodley)
(24 Hours)","OG Filename: 24 V10 102 BPM
Stems for a version from October 31st. Included in the ""50gb of Donda 2020"" buy.","Oct 31, 2020","Sep 17, 2023",3:43,102,OG File,Lossless,https://imgur.gg/f/4Dkur8F
DONDA [V1],"24
(feat. KayCyy, Todd Rundgren & Sunday Service Choir) (prod. Ojivolta, Dem Jointz, Rico Nichols & Darius Woodley)
(24 Hours)","OG Filename: 24 TR
Stems for a late 2020 version with Todd Rundgren vocals.","Dec 4, 2020",,2:43,102,OG File,Lossless,https://imgur.gg/f/TWUZMkm
DONDA [V1],"A The Way [V13]
(prod. BoogzDaBeast & FNZ)
(Palm Springs)","OG Filename: A The Way 139 BPM
Stems for the version of Palm Springs used on the Halloween tracklist.","Oct 31, 2020","Sep 17, 2023",0:55,139,OG File,Lossless,Link Needed
DONDA [V1],"Believe What I Say
(ref. Dem Jointz) (feat. STALONE & Buju Banton) (prod. Dem Jointz, BoogzDaBeast, FnZ & Antman Wonder)","OG Filename: Believe What I Say
Stems for a version from October 2nd. Included in the ""50gb of Donda 2020"" buy.","Oct 2, 2020","Sep 17, 2023",4:04,100,OG File,Lossless,https://imgur.gg/f/pZ8DteQ
DONDA [V1],"Believe What I Say
(ref. Dem Jointz) (feat. STALONE & Buju Banton) (prod. Dem Jointz, BoogzDaBeast, FnZ & Antman Wonder)","OG Filename: Believe What I Say V2
Included in the ""50gb of Donda 2020"" buy.","Oct 10, 2020","Sep 17, 2023",3:48,100,OG File,Lossless,https://imgur.gg/f/8AHRRFg
DONDA [V1],"City of Lost Angels
(ref. Dem Jointz) (prod. Dem Jointz & Ojivolta)","OG Filename: City of Lost Angels - 21.02.02 V1 Match STEMS 139
Stems for the February 2021 version. Included in the ""Run It Up"" + ""City of Lost Angels"" buy.","Feb 2, 2021",,2:57,139,OG File,Lossless,https://imgur.gg/f/APPMcl6
DONDA [V1],"City Of Lost Angels [Sample Stem]
(prod. Ojivolta)","OG Filename: Ojivolta - Loretta V.1 Cmin 139 Bpm
Sample for the song.",,"Jan 2, 2026",2:04,139,Full,High Quality,https://imgur.gg/f/fN3Thoh
DONDA [V1],"Codeine
(prod. Kanye West)","OG Filename: Codein - Ye Chop 112.8925bpm
Stems for the second Ye freestyle.","Oct 27, 2020","Sep 17, 2023",3:33,112.8925,OG File,Lossless,https://pillows.su/f/80ca7d147aff85a8a2ad3e5dbc4b5a1c
DONDA [V1],"Codeine
(prod. Kanye West, BoogzDaBeast & FnZ)","OG Filename: CODEINE V1 115 BPM
Stems for a more developed version. Included in the ""50gb of Donda 2020"" buy.","Nov 12, 2020","Sep 17, 2023",2:05,115,OG File,Lossless,https://imgur.gg/f/dQhGpLf
DONDA [V1],"Feel A Way
(ref. Dem Jointz) (prod. BoogzDaBeast & FnZ)
(Wavy)","OG Filename: Feel A Way - STEMS (V4 & V5)
Included in the ""50gb of Donda 2020"" buy.","Sep 12, 2020","Sep 17, 2023",3:37,75,OG File,Lossless,https://imgur.gg/f/JgrxJIo
DONDA [V1],"Fighting Fires
(ref. Arrowstar) (feat. Israel Boyd & Todd Rundgren) (prod. 88-Keys, BoogzDaBeast & FnZ)
(MY SOUL, Faithful, Fightin Fire)","OG Filename: Fighting Fires TR Stems
Stems for an early 2021 version.","Jan 2, 2021","Jan 1, 2024",3:26,86,OG File,Lossless,https://imgur.gg/f/Vbin5zf
DONDA [V1],"Fighting Fires [Sample Stem]
(MY SOUL, Faithful, Fightin Fire)","OG Filename: Fighting Fires 86 BPM
Sample for the song.","Mar 1, 2020",,1:32,86,OG File,Lossless,https://imgur.gg/f/sLZVCJD
DONDA [V1],"Future Sounds
(feat. Travis Scott & Victory) (prod. RONNY J BoogzDaBeast)
(Future Bounce, TELEKINESIS)","Stems. Seemingly combines stems from multiple versions of the song. Supposedly called ""Ultrasounds"", but all OG files in the folder refer to the song as ""Future Sounds.""","Jul 31, 2020","Dec 16, 2021",5:06,83,OG File,Lossless,"https://imgur.gg/f/hkaBlSO
https://drive.google.com/file/d/17_TJlrZWRaQh3WkHutDgrVHVtqytoUhx/view?usp=sharing"
DONDA [V1],"Future Sounds
(ref. CyHi & C-Murder) (feat. Travis Scott, C-Murder & Harmony) (prod. BoogzDaBeast & FnZ)
(Future Bounce, TELEKINESIS)","OG Filename: Future Sounds
Stems sent to FNZ. Included in the ""50gb of Donda 2020"" buy.","Sep 15, 2020","Sep 17, 2023",3:46,83,OG File,CD Quality,https://imgur.gg/f/TTksP7W
DONDA [V1],"Future Sounds
(ref. CyHi & C-Murder) (feat. Travis Scott, C-Murder & Harmony) (prod. BoogzDaBeast & FnZ)
(Future Bounce, TELEKINESIS)","OG Filename: Future Sounds V2 (Long) 83 BPM
Stems for a further developed version. Included in the ""50gb of Donda 2020"" buy.","Oct 31, 2020","Sep 17, 2023",3:52,83,OG File,Lossless,https://imgur.gg/f/Agbo6zb
DONDA [V1],"Future Sounds
(ref. CyHi) (feat. Travis Scott & Harmony) (prod. BoogzDaBeast & FnZ)
(Future Bounce, TELEKINESIS)","OG Filename: Future Sounds V3 (Short) 83 BPM
Stems for the same version, but without the C-Murder verse. Included in the ""50gb of Donda 2020"" buy.","Oct 31, 2020","Sep 17, 2023",2:52,83,OG File,Lossless,https://imgur.gg/f/hrOfcXE
DONDA [V1],"Future Sounds
(feat. Travis Scott) (prod. RONNY J & BoogzDaBeast)
(Future Bounce, TELEKINESIS)","OG Filename: Future Sounds V5 83 BPM
Stems for the final December version. Included in the ""50gb of Donda 2020"" buy.","Dec 2, 2020","Sep 17, 2023",2:13,83,OG File,Lossless,https://imgur.gg/f/rOgutDU
DONDA [V1],"Glory
(prod. BoogzDaBeast & FnZ)
(Donda, Donda's Glory, South Carolina)","OG Filename: Glory Replay
Included in the ""50gb of Donda 2020"" buy. Meant to be looped.","Nov 7, 2020","Sep 17, 2023",0:24,157,OG File,Lossless,https://imgur.gg/f/4o6KMSi
DONDA [V1],"Glory
(prod. BoogzDaBeast & FnZ)
(Donda, Donda's Glory, South Carolina)","OG Filename: GLORY V2 157 BPM DRUMS
Stems for the second Boogz x FNZ drum idea. Stems were bounced 3 days after the actual file for some reason.","Dec 12, 2020","Sep 17, 2023",0:40,157,OG File,Lossless,Link Needed
DONDA [V1],"Glory
(prod. BoogzDaBeast & FnZ)
(Donda, Donda's Glory, South Carolina)","OG Filename: GLORY V3 157 BPM DRUMS
Stems for the third Boogz x FNZ drum idea. Stems were bounced 3 days after the actual file for whatever reason.","Dec 12, 2020","Sep 17, 2023",0:40,157,OG File,Lossless,https://imgur.gg/f/gzMd5eO
DONDA [V1],"Glory
(prod. BoogzDaBeast & FnZ)
(Donda, Donda's Glory, South Carolina)","OG Filename: GLORY V6 157 BPM DRUMS
Stems for the sixth Boogz x FNZ drum idea. Stems were bounced 3 days after the actual file for whatever reason.","Dec 12, 2020","Sep 17, 2023",0:40,157,OG File,Lossless,https://imgur.gg/f/fTLtreV
DONDA [V1],"God's Country
(feat. Travis Scott) (prod. Dez Wright, 30 Roc, Zentachi, RxD & E.VAX)","OG Filename: Gods Country - 10.26.20 Drum Clean Up Stems
Stems sent to FNZ, has worse mixed elements than later versions. Also has original drum patterns included.","Oct 26, 2020",,2:56,150,OG File,Lossless,https://imgur.gg/f/K1LP9ap
DONDA [V1],"God's Country
(feat. Travis Scott) (prod. Dez Wright, 30 Roc, Zentachi, RxD & E.VAX)","OG Filename: Gods Country V1 150 BPM
Stems for an October 31st version. Included in the ""50gb of Donda 2020"" buy.","Oct 31, 2020","Sep 17, 2023",3:00,150,OG File,Lossless,https://imgur.gg/f/wXxeu3Q
DONDA [V1],"Heaven On Earth
(feat. Buju Banton) (prod. Dem Jointz)
(Heaven And Earth)","OG Filename: Heaven On Earth bpm 178
Stems. Included in the ""50gb of Donda 2020"" buy.","Dec 5, 2020","Sep 17, 2023",3:14,178,OG File,Lossless,https://imgur.gg/f/2HLsNaz
DONDA [V1],"I Feel Terrific
(prod. E.VAX, Aaron Reid, BoogzDaBeast & FnZ)","OG Filename: I Feel Terrfic 108 BPM
Included in the ""50gb of Donda 2020"" buy.","Sep 13, 2020","Sep 17, 2023",1:36,108,OG File,CD Quality,https://imgur.gg/f/EajKsUl
DONDA [V1],"I Feel Terrific
(prod. E.VAX, Aaron Reid, BoogzDaBeast & FnZ)","OG Filename: I Feel Terrific V1 108 BPM
Stems for an September 14th version. Included in the ""50gb of Donda 2020"" buy.","Sep 14, 2020","Sep 17, 2023",1:39,108,OG File,Lossless,https://imgur.gg/f/s4HaJqI
DONDA [V1],"I Know God Breathed On This
(God Breathed, Breathe, God Breathed On This, God Breathes, I Know God, God Breath On This)","OG Filename: I Know God Breathed On This
Included in the ""50gb of Donda 2020"" buy.","Sep 11, 2020","Sep 17, 2023",2:46,65,OG File,CD Quality,https://imgur.gg/f/msdT98G
DONDA [V1],"I Know God Breathed On This
(feat. Victory) (prod. AllDay, Angel Lopez, Arrowstar, BoogzDaBeast & Federico Vindver)
(God Breathed)","OG Filename: IKBOT (Boogz F+A Stems) 130bpm
Stems for the November 2nd, 2020 version of ""I Know God Breathed On This"".","Nov 2, 2020","Sep 24, 2023",3:19,65,OG File,Lossless,https://mega.nz/file/QbZhhQQI#4DVemYviXsl8ek8AqAKva4yJQAyEF8fgFVeUHG8V1u8
DONDA [V1],"I Know God Breathed On This
(God Breathed, Breathe, God Breathed On This, God Breathes, I Know God, God Breath On This)","OG Filename: I Know God Breathed On This - Chords - 12.12.20 Drums_No Vocals_65Bpm
Stems for a late 2020 version.","Dec 12, 2020",,4:00,65,OG File,Lossless,https://imgur.gg/f/fDb1ZM0
DONDA [V1],"I Know God Breathed On This
(prod. Todd Rundgren)
(God Breathed, Breathe, God Breathed On This, God Breathes, I Know God, God Breath On This)","OG Filename: IKGBOT
Studio quality stems for the Todd Rundgren version. Leaked September 2021.","Jan 27, 2021","Sep 22, 2021",3:02,130,OG File,Lossless,https://imgur.gg/f/jQ6hGIe
DONDA [V1],"In God's Country
(feat. Justin Bieber, KayCyy & Common) (prod. 88-Keys & BoogzDaBeast)
(Work It Out, God's Country)","OG Filename: In Gods Country_7.27.20
Stems for July 2020 version.","Jul 27, 2020","Dec 3, 2022",2:42,83,OG File,Lossless,https://imgur.gg/f/FQT3lHf
DONDA [V1],"In God's Country
(feat. Justin Bieber, KayCyy, Common & Todd Rundgren) (prod. 88-Keys, BoogzDaBeast & Todd Rundgren)
(Work It Out, God's Country)",Stems for December 2020 version. Exact file date is not yet known.,,,3:05,83,OG File,Lossless,https://imgur.gg/f/1qOyNic
DONDA [V1],"Keep My Spirit Alive
(ref. ???, ???, Arrowstar, Consequence & Dem Jointz) (feat. KayCyy, Westside Gunn & Conway the Machine) (prod. E.VAX, Dem Jointz & RxD)
(Keep Our Spirit Alive)","OG Filename: Keep My Spirit Alive 83 BM
Stems for a September 2020 version. Included in the ""50gb of Donda 2020"" buy.","Sep 16, 2020","Sep 17, 2023",6:21,83,OG File,Lossless,https://imgur.gg/f/9kddd36
DONDA [V1],"Life Of The Party
(prod. BoogzDaBeast, Federico Vindver, AllDay & Dem Jointz)","OG Filename: LOTP (synth ending version) F+A stems
Stems for an early version with a synth ending.","Nov 5, 2020",,3:18,79 / 80,OG File,Lossless,https://imgur.gg/f/Czbz4yO
DONDA [V1],"Lord I Need You
(feat. The WRLDFMS Tony Williams) (prod. BoogzDaBeast, Finatik, Francis and the Lights & E.VAX)
(Lord, Lord I Need You To Wrap Your Arms Around Me))","OG Filename: Lord I Need You Stems 200718 82.5Bpm
Version found in a leaked session. Sent to Dem Jointz to work on. Identical to the previous version but removes some of Tony Williams' lines for whatever reason.","Jul 18, 2020","May 17, 2026",2:55,82.5,OG File,Lossless,https://pillows.su/f/fedd4042a80d486c281bd50ff12e9738
DONDA [V1],"Lord I Need You
(ref. Pusha T) (feat. SAINt JHN)
(Lord, Lord I Need You, Lord I Need You Right Now, Lord I Need You To Wrap Your Arms Around Me)","OG Filename: Lord I Need You
Stems sent to FNZ to work on.","Sep 17, 2020","Sep 17, 2023",4:52,166,OG File,CD Quality,https://imgur.gg/f/WsfNerq
DONDA [V1],"Lord I Need You
(ref. Pusha T) (feat. SAINt JHN & The WRLDFMS Tony Williams) (prod. E.VAX & Boogz Da Beast)
(Lord, Lord I Need You, Lord I Need You Right Now, Lord I Need You To Wrap Your Arms Around Me)","OG Filename: Lord I Need You 166 BPM
Stems for September 2020 version. Included in the ""50gb of Donda 2020"" buy.","Oct 31, 2020","Sep 17, 2023",4:02,166,OG File,Lossless,https://imgur.gg/f/CvMWDXg
DONDA [V1],"Lord I Need You
(prod. FNZ)
(Lord, Lord I Need You, Lord I Need You Right Now, Lord I Need You To Wrap Your Arms Around Me)","OG Filename: Lord I Need You 166 BPM (Extra Parts)
Stems for extra FNZ production that went unused in other versions of the song.","Oct 31, 2020","Sep 17, 2023",Varied,166,OG File,Lossless,https://imgur.gg/f/iYzo7xm
DONDA [V1],"Made It
(prod. Ojivolta)","OG Filename: Made It Stems 88bpm
Kanye acapella & Instrumental version.","Dec 9, 2020",,4:21,88,OG File,Lossless,https://imgur.gg/f/TmDkHrN
DONDA [V1],"Made It
(prod. Ojivolta)","OG Filename: 01 Made It
Midi stems.","Dec 15, 2020",,4:30,88,OG File,Lossless,https://imgur.gg/f/F3d5VMN
DONDA [V1],"Made It
(feat. Playboi Carti & Justin Austin) (prod. Ojivolta)","OG Filename: Made It 88
A version with a Carti & Kanye acapella and a new instrumentals.","Dec 23, 2020",,4:27,88,OG File,Lossless,https://imgur.gg/f/P52cQrn
DONDA [V1],"Nah Nah Nah
(ref. Dem Jointz) (prod. Dem Jointz)","OG Filename: NA NA NA STEMS
Full Stems.","Oct 23, 2020","Sep 17, 2023",2:58,150,OG File,Lossless,https://imgur.gg/f/y5JeM9P
DONDA [V1],"Nah Nah Nah (Remix)
(ref. Dem Jointz) (feat. DaBaby & 2 Chainz) (prod. Dem Jointz)","OG Filename: NA NA NA V5 150 BPM
Full Stems.","Oct 23, 2020","Sep 17, 2023",2:58,150,OG File,Lossless,https://imgur.gg/f/1sdUd8t
DONDA [V1],"Nah Nah Nah (Remix)
(ref. Dem Jointz) (feat. DaBaby & 2 Chainz) (prod. Dem Jointz)","OG Filename: NA NA NA V9 150 BPM
Full Stems.","Oct 26, 2020","Sep 17, 2023",2:58,150,OG File,Lossless,https://imgur.gg/f/A5q5LFC
DONDA [V1],"Off The Grid
(prod. Ojivolta & 30 Roc)","OG Filename: Off The Grid 133 BPM
Included in the ""50gb of Donda 2020"" buy.","Sep 13, 2020","Sep 17, 2023",2:31,133,OG File,CD Quality,https://imgur.gg/f/SMAfw85
DONDA [V1],"Off The Grid
(ref. Pusha T) (feat. 2 Chainz) (prod. 30 Roc)","OG Filename: Off The Grid V2 (Clap Added) 133 BPM
Included in the ""50gb of Donda 2020"" buy.","Sep 14, 2020","Sep 17, 2023",2:31,133,OG File,Lossless,https://imgur.gg/f/5BgD5pU
DONDA [V1],"Off The Grid
(ref. Pusha T) (feat. 2 Chainz) (prod. Ojivolta & 30 Roc)","OG Filename: Off The Grid V4 133 BPM
Leaked stems for a version featuring 2 Chainz. Included in the ""50gb of Donda 2020"" buy.","Dec 22, 2020","Sep 17, 2023",1:42,133,OG File,Lossless,https://imgur.gg/f/FmxIfWp
DONDA [V1],"Off The Grid
(feat. Playboi Carti) (prod. Ojivolta & 30 Roc)","OG Filename: Off The Grid
Leaked stems for a very early version with Carti and Ye.","Dec 22, 2020","Sep 20, 2021",1:42,133,OG File,Lossless,https://imgur.gg/f/M194iOQ
DONDA [V1],"Ojivolta Freestyles (Part 1)
(prod. Ojivolta)","OG Filename: - Ye OGiVolta Freestlyes 11.16.20 pt.1
Included in the ""50gb of Donda 2020"" buy. Has Ye 03 - Ye 05","Nov 16, 2020","Sep 17, 2023",Varied,Varied,OG File,Lossless,https://imgur.gg/f/E7F2sEx
DONDA [V1],"Ojivolta Freestyles (Part 2)
(prod. Ojivolta)","OG Filename: - Ye OGiVolta Freestlyes 11.16.20 pt.2
Included in the ""50gb of Donda 2020"" buy. Has Ye 06 - Ye 14","Nov 16, 2020","Sep 17, 2023",Varied,Varied,OG File,Lossless,https://imgur.gg/f/7ZPiBDo
DONDA [V1],"Praise God
(feat. Travis Scott)","OG Filename: Praise God 118 BPM
Included in the ""50gb of Donda 2020"" buy.","Sep 13, 2020","Sep 17, 2023",1:46,118,OG File,CD Quality,https://imgur.gg/f/RZUwMFI
DONDA [V1],"Praise God
(ref. Bruza The General) (feat. Travis Scott) (prod. 30 Roc, E.VAX & Zentachi)
(Praise)","OG Filename: Praise God V1 118 BPM
Included in the ""50gb of Donda 2020"" buy.","Sep 14, 2020","Sep 17, 2023",2:10,118,OG File,Lossless,https://imgur.gg/f/nV7py0N
DONDA [V1],"Praise God
(ref. Bruza The General) (feat. Travis Scott) (prod. 30 Roc, E.VAX & Zentachi)
(Praise)","OG Filename: Praise God V3 118 BPM
Included in the ""50gb of Donda 2020"" buy.","Oct 7, 2020","Sep 17, 2023",2:16,118,OG File,Lossless,https://imgur.gg/f/1laYaM8
DONDA [V1],"Praise God
(ref. Bruza The General) (feat. Travis Scott) (prod. 30 Roc, E.VAX & Zentachi)
(Praise)","OG Filename: Praise God V6 121 BPM
Included in the ""50gb of Donda 2020"" buy.","Dec 5, 2020","Sep 17, 2023",1:57,121,OG File,Lossless,https://imgur.gg/f/gXfNrzO
DONDA [V1],"Praise God
(ref. Pusha T) (feat. Travis Scott) (prod. Ojivolta)","OG Filename: Praise God
Leaked studio quality stems for the December 2020 version.","Dec 22, 2020","Sep 18, 2021",2:30,118,OG File,Lossless,https://pillows.su/f/5d76e45c643f705d1fe121dbca5806e1
DONDA [V1],"Precious
(ref. Dem Jointz) (prod. Dem Jointz, E.VAX, Rico Nichols & Darius Woodley)
(Hands Down, Stay On Em, With Child)","OG Filename: Precious - stems
Leaked studio quality stems that leaked after a successful groupbuy.","Jul 20, 2020","Mar 27, 2026",2:34,74.5,OG File,Lossless,https://pillows.su/f/977106b7264f7c6c65c11f1950edea11
DONDA [V1],"Sweet Jesus
(feat. Sunday Service Choir & Federico Vindver)
(Belt Of Truth, Jesus Sweet Jesus)","OG Filename: F+A Sweet Jesus Stems
Late 2020 stems, once again focusing on vocal stacking.","Nov 23, 2020",,1:53,83,OG File,Lossless,https://imgur.gg/f/WbfhuKm
DONDA [V1],"Tell The Vision
(prod. E.VAX & BoogzDaBeast)
(We Made It, RIP Pop Smoke)","OG Filename: Tell The Vision
Stems for the version sent to FNZ. Included in the ""50gb of Donda 2020"" buy.","Sep 13, 2020","Sep 17, 2023",2:34,144,OG File,CD Quality,https://imgur.gg/f/AxXHhma
DONDA [V1],"Tell The Vision
(ref. Conway the Machine) (feat. 2 Chainz) (prod. BoogzDaBeast & FnZ)
(RIP Pop Smoke, Television, We Made It)","OG Filename: Tell The Vision V1 144 BPM
Included in the ""50gb of Donda 2020"" buy.","Sep 14, 2020","Sep 17, 2023",2:53,144,OG File,Lossless,https://imgur.gg/f/Ts5q604
DONDA [V1],"Tell The Vision
(ref. Conway the Machine) (feat. 2 Chainz & Pop Smoke) (prod. BoogzDaBeast, FnZ, Rico Nichols & Darius Woodley)
(RIP Pop Smoke, Television, We Made It)","OG Filename: Tell The Vision V5_V6
Included in the ""50gb of Donda 2020"" buy.","Oct 13, 2020","Sep 17, 2023",4:33,144,OG File,Lossless,https://imgur.gg/f/6N5XJvr
DONDA [V1],"Tell The Vision
(ref. Conway the Machine) (feat. 2 Chainz & Pop Smoke) (prod. BoogzDaBeast, FnZ, Rico Nichols & Darius Woodley)
(RIP Pop Smoke, Television, We Made It)","OG Filename: Tell The Vision V7 144 BPM
Included in the ""50gb of Donda 2020"" buy.","Oct 14, 2020","Sep 17, 2023",4:36,144,OG File,Lossless,https://imgur.gg/f/HHsq14a
DONDA [V1],"This Is God's Test
(ref. Dem Jointz) (feat. 2 Chainz & KayCyy) (prod. BoogzDaBeast, Cook That Shit Up Quay, Dem Jointz & FNZ)
(God's Test, This Is Progress)","OG Filename: This Is Gods Test
Stems for the version sent to FNZ. Included in the ""50gb of Donda 2020"" buy.","Oct 16, 2020","Sep 17, 2023",4:40,109,OG File,Lossless,https://imgur.gg/f/y8dMe3q
DONDA [V1],"This Is God's Test [Sample Stem]
(God's Test, This Is Progress)","OG Filename: He Will Make A Way 164 BPM (Flip)
Sample for the song.","Nov 18, 2019",,0:58,164,OG File,Lossless,https://imgur.gg/f/yGX427z
DONDA [V1],"Welcome To My Life
(feat. Ty Dolla $ign) (prod. RxD)","OG Filename: Welcome To My Life
Included in the ""50gb of Donda 2020"" buy.","Sep 15, 2020","Sep 17, 2023",4:12,156,OG File,CD Quality,https://imgur.gg/f/I8oVL2H
DONDA [V1],"Welcome To My Life
(feat. Ty Dolla $ign) (prod. RxD)","OG Filename: Welcome To My Life (156.35 BPM)
Included in the ""50gb of Donda 2020"" buy.","Sep 16, 2020","Sep 17, 2023",3:59,156.35,OG File,Lossless,https://imgur.gg/f/Jpa6adc
DONDA [V1],"Welcome To My Life
(feat. Ty Dolla $ign) (prod. RxD)","OG Filename: Welcome To My Life V2
Stems for the finished version. Included in the ""50gb of Donda 2020"" buy.","Dec 22, 2020","Sep 17, 2023",3:45,156,OG File,Lossless,https://imgur.gg/f/KnWT2x2
DONDA [V1],"What Has America Done 4 Me
(ref. Dem Jointz) (prod. Dem Jointz, RONNY J, BoogzDaBeast & FnZ)
(America, What Has America Done For Me, What Has America Done, City Of Lost Angels, What Have America Done For You)","OG Filename: What have america done for me RJ YE 119  FINAL STEMS
Full beat stems for the Ronny J version.","Nov 24, 2020",,2:21,119,OG File,Lossless,https://imgur.gg/f/FWAOrzj
DONDA [V1],"??? [Sample Stem]
(prod. Ojivolta)","OG Filename: Ojivolta_-_Wild_V1_Cmin_125bpm_KLICKAUD
""Ye 06"" sample for the song.",,"Jan 2, 2026",1:14,125,Full,High Quality,https://imgur.gg/f/ewSB0Se
DONDA [V1],"Smack DVD
(ref. Dem Jointz) (feat. SAINt JHN) (prod. RONNY J, ​shadyboy & Dem Jointz)","OG Filename: Smack DVD 157 BPM
Included in the ""50gb of Donda 2020"" buy.","Jun 29, 2020","Sep 17, 2023",3:24,157,OG File,Lossless,https://imgur.gg/f/MNHKhk3
DONDA [V1],"Smack DVD
(ref. Dem Jointz) (feat. SAINt JHN) (prod. RONNY J, ​shadyboy & FNZ)","OG Filename: Smack DVD V1 157 BPM
Included in the ""50gb of Donda 2020"" buy.","Sep 8, 2020","Sep 17, 2023",3:23,157,OG File,Lossless,https://imgur.gg/f/bdYVOdw
DONDA [V1],"Smack DVD
(ref. Dem Jointz) (feat. SAINt JHN) (prod. RONNY J, ​shadyboy & FNZ)","OG Filename: Smack DVD V2 157 BPM
Included in the ""50gb of Donda 2020"" buy.","Sep 9, 2020","Sep 17, 2023",3:23,157,OG File,Lossless,https://imgur.gg/f/hJc9rHe
DONDA [V1],"Playboi Carti - Go2DaMoon
(feat. Kanye West) (prod. BoogzDaBeast & FnZ)","OG Filename: Go 2 Moon 147 BPM STEMS
Full stems. Vocals are AI extracted and the stems are not similar to release.","Dec 21, 2020",,2:13,147,OG File,Lossless,https://imgur.gg/f/ej7anth
DONDA [V1],"Playboi Carti - Go2DaMoon [Sample]
(feat. Kanye West)","OG Filename: Go 2 Moon Sample Replay 147 BPM
Sample replay.","Dec 21, 2020",,2:12,147,OG File,Lossless,https://imgur.gg/f/TlP3oVd
DONDA [V1],"Playboi Carti - Go2DaMoon [Sample]
(feat. Kanye West)","OG Filename: - Go2DaMoon Replay
Sample replay, different from the one above. Made 2021-01-05.","Jan 5, 2021",,1:59,147,OG File,Lossless,https://imgur.gg/f/wGWCRFb
DONDA [V1],"24
(feat. Summer Walker)","OG Filename: 24 - 10.21.20 SW Ref Print_acca
Acapella for the Summer Walker's vocals on the October 21st version of the song.","Oct 21, 2020","Sep 17, 2023",2:14,108,OG File,Lossless,https://imgur.gg/f/aGpsZvt
DONDA [V1],"Believe What I Say [Sunday Service Vocal Stem]
(feat. Sunday Service)","OG Filename: Believe What I Say - FV choir edit 100bpm
Acapella for the Sunday Service's vocals. Slightly earlier version with less vocals.","Nov 7, 2020","Sep 17, 2023",3:50,100,OG File,Lossless,https://imgur.gg/f/rlwct7K
DONDA [V1],"Believe What I Say [Sunday Service Vocal Stem]
(feat. Sunday Service)","OG Filename: Believe What I Say - SS choir FV choir edit V2 100bpm
Acapella for the Sunday Service's vocals. Later version with more vocals.","Nov 9, 2020","Sep 17, 2023",3:22,100,OG File,Lossless,https://imgur.gg/f/27vUZib
DONDA [V1],"Feel A Way
(ref. Dem Jointz)
(Wavy)","OG Filename: Feel A Way - 08.25.20 Ye Freestyle (RX Acapella)
Acapella for an early version. AI extracted for some reason.","Aug 25, 2020","Sep 17, 2023",3:37,150,OG File,Lossless,https://imgur.gg/f/yNQQLfJ
DONDA [V1],"2 Chainz - Feel A Way
(ref. Dem Jointz) (feat. Kanye West & Brent Faiyaz)
(Wavy)","OG Filename: Feel A Way x YE x BRENT (MIKE_01 DIY Acca)
Another AI extracted acapella, this time taken from the MIKE DEAN version of the song. Unknown why this was done when he clearly had the stems.","Oct 23, 2020","Sep 17, 2023",4:48,150,OG File,Low Quality,https://imgur.gg/f/fH2wnST
DONDA [V1],I Feel Terrific,"OG Filename: EVAN acapella chop.01-St
Acapella. Contains a long period of silence at the end.","Jul 31, 2020","Sep 17, 2023",3:35,108,OG File,Lossless,https://imgur.gg/f/thTY3Mf
DONDA [V1],"In God's Country [Common Vocal Stem] [Dry Acapella]
(feat. Common)",Acapella for the full Common verse without effects.,,,1:35,83,Full,Lossless,https://imgur.gg/f/BbrtBZL
DONDA [V1],"In God's Country [Common Vocal Stem] [Wet Acapella]
(feat. Common)",Acapella for the full Common verse with effects.,,,1:35,83,Full,Lossless,https://imgur.gg/f/5bBAq8Z
DONDA [V1],"Keep My Spirit Alive [Kanye Vocal Stem]
(ref. Dem Jointz)
(Keep Our Spirit Alive)",Unmixed acapella for Kanye's full verse.,"Jul 31, 2020",,7:24,83,Full,Lossless,https://imgur.gg/f/qV3Ge9S
DONDA [V1],"Keep My Spirit Alive [Kanye Vocal Stem FX]
(ref. Dem Jointz)
(Keep Our Spirit Alive)","Stem for the effects on the ""paid"" and ""shoulders"" lines.","Jul 31, 2020",,7:24,83,Full,Lossless,https://imgur.gg/f/VlWHQPG
DONDA [V1],"This Is The Glory [Sunday Service Vocal Stem]
(feat. Sunday Service)","OG Filename: This Is The Glory - SS choir FV Choir Lead 78.5bpm
Acapella for the Sunday Service's lead vocals.","Nov 9, 2020",,0:31,78.5,OG File,Lossless,https://imgur.gg/f/YlDangD
DONDA [V1],Abstract Mindstate - A Wise Tale,"OG Filename: A Wise Tale ACCAPELLA HQless comp for Mastering
Acapella.","Oct 26, 2020",,2:24,106,OG File,Lossless,https://imgur.gg/f/Um1Dbrx
DONDA [V1],"Believe What I Say
(prod. Dem Jointz, BoogzDaBeast, FnZ & Antman Wonder)","OG Filename: Believe What I Say V2 (INSTRUMENTAL)
Instrumental for an early version.","Oct 10, 2020",,3:48,100,OG File,Lossless,https://imgur.gg/f/gwZiVHM
DONDA [V1],"Boomie 
(prod. Ojivolta)
(Karate Kid)","OG Filename: Ojivolta - Boomie V.1 EbMaj 145bpm
Sample for the song.",,"Jan 2, 2026",1:06,145,Full,High Quality,https://imgur.gg/f/mNhKxoX
DONDA [V1],"Feel A Way
(prod. BoogzDaBeast & FnZ)
(Wavy)","OG Filename: Feel A Way V4 (Inst) 150 BPM
Included in the 50gb Donda groupbuy under the filename ""Instrumentals"" which was dated September 26th 2020.","Sep 26, 2020","Sep 17, 2023",3:37,150,OG File,Lossless,https://imgur.gg/f/FCEKd9j
DONDA [V1],"Feel A Way
(prod. BoogzDaBeast & FnZ)
(Wavy)","OG Filename: Feel A Way V4 added melody (Inst) 150 BPM
Included in the 50gb Donda groupbuy under the filename ""Instrumentals"" which was dated September 26th 2020.","Sep 26, 2020","Sep 17, 2023",3:37,150,OG File,Lossless,https://imgur.gg/f/fIo7AcF
DONDA [V1],"Future Sounds
(prod. BoogzDaBeast)
(Future Bounce, TELEKINESIS)","OG Filename: Future Sounds 83bpm - 07.18.20 For Evan
Instrumental of a version with quieter drums than the previous version. Meant for E*Vax. Partial bounces with no vocals.","Jul 31, 2020","Mar 8, 2024",2:30,83,Full,Lossless,https://imgur.gg/f/WyJgo2h
DONDA [V1],"Future Sounds
(prod. BoogzDaBeast & RONNY J)
(Future Bounce, TELEKINESIS)","OG Filename: Future Sounds RJ 83
Insturmental of a version produced by Ronny J. Unknown if there is a version with vocals. Partial bounces with no vocals.","Aug 3, 2020","Mar 8, 2024",2:30,83,Full,Lossless,https://imgur.gg/f/oRbpK0M
DONDA [V1],"Future Sounds
(prod. BoogzDaBeast)
(Future Bounce, TELEKINESIS)","OG Filename: Future Sounds Instrumental_98
Instrumental.",,"Dec 4, 2020",2:30,83,Full,High Quality,https://imgur.gg/f/TCCLUoO
DONDA [V1],"Future Sounds
(prod. BoogzDaBeast)
(Future Bounce, TELEKINESIS)","OG Filename: Future Sounds V1 (Inst) BPM 83 BPM
Included in the 50gb Donda groupbuy under the filename ""Instrumentals"" which was dated September 26th 2020.","Sep 26, 2020","Sep 17, 2023",3:39,83,OG File,Lossless,https://imgur.gg/f/VvOdXkJ
DONDA [V1],"I Feel Terrific
(prod. E.VAX, Aaron Reid, BoogzDaBeast & FnZ)","OG Filename: I Feel Terrific V1 (Inst) 108 BPM
Included in the 50gb Donda groupbuy under the filename ""Instrumentals"" which was dated September 26th 2020.","Sep 26, 2020","Sep 17, 2023",1:39,108,OG File,Lossless,https://imgur.gg/f/jIuaDM8
DONDA [V1],"Keep My Spirit Alive
(prod. E.VAX, Dem Jointz, Rico Nichols & Darius Woodley)
(Keep Our Spirit Alive)","OG Filename: Keep My Spirit Alive V1 (Inst) 83 BPM
Included in the 50gb Donda groupbuy under the filename ""Instrumentals"" which was dated September 26th 2020.","Sep 26, 2020","Sep 17, 2023",6:21,83,OG File,Lossless,https://imgur.gg/f/zXB7T59
DONDA [V1],"Life Of The Party
(prod. AllDay)","OG Filename: Life Of The Party 79.7 - Inst_original
Version from August 2020. Previewed in Dame Dash's YZYTV WY Documentary.",,,3:06,79.7,OG File,CD Quality,https://imgur.gg/f/ixesN0p
DONDA [V1],"Lord I Need You
(prod. E.VAX, FnZ & BoogzDaBeast)
(Lord I Need You To Wrap Your Arms Around Me)","OG Filename: Lord I Need You V2 (Inst) BPM 166
Included in the 50gb Donda groupbuy under the filename ""Instrumentals"" which was dated September 26th 2020.","Sep 26, 2020","Sep 17, 2023",3:57,166,OG File,Lossless,https://imgur.gg/f/xvO6z6z
DONDA [V1],"Made It
(feat. Justin Austin)","OG Filename: Made It - 12.17.20 Justin Austin rough01 88Bpm
Instrumental, notably the version that was utilized in ""OPIPSY"" by Lancey Foux.","Dec 17, 2020",,4:27,88,OG File,Lossless,https://imgur.gg/f/Jue4nfH
DONDA [V1],"Nah Nah Nah
(prod. Kanye West & Dem Jointz)",Instrumental found on a DJ website. Contains extra melody and sample not used on the released version.,,,2:58,150,Full,CD Quality,https://imgur.gg/f/V0xm9cw
DONDA [V1],"Off The Grid
(prod. 30 Roc, BoogzDaBeast & FnZ)","OG Filename: Off The Grid V2 (Inst) 133 BPM
Included in the ""50gb Donda"" groupbuy under the filename ""Instrumentals"".","Sep 26, 2020","Sep 17, 2023",2:31,133,OG File,Lossless,https://imgur.gg/f/aBiOaeE
DONDA [V1],"Off The Grid
(prod. 30 Roc, BoogzDaBeast & FnZ)","OG Filename: Off The Grid V4 (Inst) 133 BPM
Included in the ""50gb Donda"" groupbuy under the filename ""Instrumentals"".","Sep 26, 2020","Sep 17, 2023",2:28,133,OG File,Lossless,https://imgur.gg/f/82cHCJY
DONDA [V1],"Praise God
(prod. 30 Roc, E.VAX & Zentachi)
(Praise)","OG Filename: Praise God V1 (Inst) 118 BPM
Included in the 50gb Donda groupbuy under the filename ""Instrumentals"".","Sep 26, 2020","Sep 17, 2023",2:10,118,OG File,Lossless,https://imgur.gg/f/zbkaNHo
DONDA [V1],"Praise God
(prod. 30 Roc, E.VAX & Zentachi)
(Praise)","OG Filename: Praise God V6 (Instrumental) 121 BPM
Has vastly different production from every other version of the song only on this version, and is sped up by 1 BPM, also has no Donda West intro.","Dec 2, 2020","Sep 17, 2023",1:04,121,OG File,CD Quality,https://imgur.gg/f/oCb6s3R
DONDA [V1],"Praise God
(prod. 30 Roc, E.VAX & Zentachi)
(Praise)",Instrumental.,,,3:05,118,OG File,CD Quality,https://imgur.gg/f/BL4eUYq
DONDA [V1],"Sweet Jesus
(feat. Sunday Service Choir & Federico Vindver)
(Belt Of Truth, Jesus Sweet Jesus)",Instrumental for the November 2020 version. Almost identical to JESUS IS KING versions of the song.,"Nov 23, 2020",,1:53,83,OG File,Lossless,https://imgur.gg/f/xpXnmdR
DONDA [V1],"Sweet Jesus
(feat. Sunday Service Choir & Federico Vindver) (prod. Federico Vindver & Angel Lopez)
(Belt Of Truth, Jesus Sweet Jesus)","OG Filename: Sweet Jesus V1 F+A
November 2020 version with new production. Snippet leaked earlier in the day of it fully leaking.",,"May 16, 2024",2:20,83,OG File,CD Quality,https://imgur.gg/f/vhhg3p3
DONDA [V1],"Tell The Vision
(We Made It, RIP Pop Smoke)","OG Filename: Tell The Vision_bpm 72
Version likely from August 2020. The instrumental for this version has leaked, however the full version with vocals has not. Was previewed in Dame Dash's YZYTV WY Documentary.",Aug 2020,,3:37,72,OG File,CD Quality,https://imgur.gg/f/8fmrVDS
DONDA [V1],"Tell The Vision
(prod. BoogzDaBeast & FnZ)
(RIP Pop Smoke, Television, We Made It)","OG Filename: Tell The Vision V1 (Inst) 144 BPM
Included in the ""50gb Donda"" groupbuy under the filename ""Instrumentals"".","Sep 26, 2020","Sep 17, 2023",2:53,144,OG File,Lossless,https://imgur.gg/f/LAlfkBE
DONDA [V1],"Welcome To My Life 
(prod. Rico Nichols, Darius Woodley, BoogzDaBeast & FnZ)","OG Filename: Welcome To My Life V1 (Inst) Around 156.35 BPM
Included in the ""50gb Donda"" groupbuy under the filename ""Instrumentals"".","Sep 26, 2020","Sep 17, 2023",3:59,156.35,OG File,Lossless,https://imgur.gg/f/pqzcaiz
DONDA [V1],"What Have America Done For You
(America, What Has America Done For Me, What Has America Done, City Of Lost Angels, What Has America Done 4 Me)","OG Filename: What Have America Done For You V1
Version with a beat very similar to the Ronny J version of the song, but with alternate drums.","Nov 24, 2020",,1:22,119,OG File,CD Quality,https://imgur.gg/f/3wJNF2E
DONDA [V1],"Digital Nas - Die
(prod. Digital Nas)","OG Filename: die prod. digital nas
Instrumental. Has a slightly different arrangement to the version of the song we have with vocals due to it being made in 2020.",,,2:13,130,OG File,High Quality,https://imgur.gg/f/qzqmlod
DONDA [V1],"JID - Stand United
(feat. Buddy) (prod. Dem Jointz)","Instrumental bounce that was played, and looped, for Buddy and JID's freestyle.",,,1:41,84,Full,CD Quality,https://imgur.gg/f/NmxsofR
DONDA [V1],"Playboi Carti - Go2DaMoon
(prod. BoogzDaBeast & FnZ)","OG Filename: Go 2 Moon (INSTRUMENTAL) 147 BPM
Found in the stems folder. Has the FnZ production.",,,2:13,147,OG File,Lossless,https://imgur.gg/f/ode9Obo
DONDA [V1],"SAINt JHN - Smack DVD
(prod. RONNY J & ​shadyboy)",Instrumental of SAINt JHN's song taken from a DJ site.,,,2:55,152,Full,CD Quality,https://imgur.gg/f/CJ3wVzc
Donda [V2],"Broke My Own Curse
(prod. Jeff Bhasker)","OG Filename: 210616 Gallery - Piano Freestyles - Broke My Own Curse
Session to one of ten piano freestyles. Has stems included.","Jun 16, 2021","Sep 22, 2023",3:12,91,OG File,Lossless,https://pillows.su/f/f0229630519cbccfa0811e8cef7f5729
Donda [V2],"Come To Life
(prod. Jeff Bhasker)","OG Filename: 210616 Gallery - Piano Freestyles - Come To Life
Session to one of ten piano freestyles. Has stems included.","Jun 16, 2021","Sep 22, 2023",11:55,120,OG File,Lossless,"https://imgur.gg/f/w7p4qCT
https://drive.google.com/file/d/107DN6BBd-j3Jf7nMIQSRcWJMpXgjriv-/view?usp=sharing"
Donda [V2],"Cut Loose
(prod. Jeff Bhasker)","OG Filename: 210616 Gallery - Piano Freestyles - Cut Loose
Session to one of ten piano freestyles. Has stems included.","Jun 16, 2021","Sep 22, 2023",7:03,91,OG File,Lossless,https://imgur.gg/f/TfUahII
Donda [V2],"Find A Way
(prod. Jeff Bhasker)","OG Filename: 210616 Gallery - Piano Freestyles - Find A Way
Session to one of ten piano freestyles. Has stems included.","Jun 16, 2021","Sep 22, 2023",10:15,91,OG File,Lossless,https://imgur.gg/f/AlhHFMX
Donda [V2],"Goin To Jail Tonight
(prod. 88-Keys & Ojivolta)
(Jail, Goin 2 Jail, 88 Idea 3)","OG Filename: 210513 Gallery - Goin To Jail Tonight
Session for the May 2021 version of ""Going To Jail"".","May 13, 2021","May 22, 2022",6:14,100,OG File,Lossless,https://imgur.gg/f/lScdF0Y
Donda [V2],"Hold Me
(prod. Jeff Bhasker)","OG Filename: 210616 Gallery - Piano Freestyles - Hold Me
Session to one of ten piano freestyles. Has stems included.","Jun 16, 2021","Sep 22, 2023",6:31,130,OG File,Lossless,https://imgur.gg/f/ambK4lZ
Donda [V2],"I Wish You The Best
(prod. Jeff Bhasker)","OG Filename: 210616 Gallery - Piano Freestyles - I Wish You The Best
Session to one of ten piano freestyles. Has stems included.","Jun 16, 2021","Sep 22, 2023",2:37,142,OG File,Lossless,https://imgur.gg/f/98Nivei
Donda [V2],"Idea 2 Freestyle
(prod. Jeff Bhasker)","OG Filename: 210616 Gallery - Piano Freestyles - Idea 2 Freestyle
Session to one of ten piano freestyles. Has stems included.","Jun 16, 2021","Sep 22, 2023",2:49,91,OG File,Lossless,https://imgur.gg/f/34yqkci
Donda [V2],"Jam Freestyle
(prod. Jeff Bhasker)","OG Filename: 210616 Gallery - Piano Freestyles - Jam Freestyle
Session to one of ten piano freestyles. Has stems included.","Jun 16, 2021","Sep 22, 2023",7:56,83,OG File,Lossless,https://imgur.gg/f/yLEHJSN
Donda [V2],"Life Of The Party
(prod. 88-Keys & Ojivolta)
(NASDAQ)","OG Filename: 210524 Gallery - LOTP 88 Flip Session
Session for the freestyle.","May 24, 2021","Sep 18, 2023",16:41,80,OG File,Lossless,"https://imgur.gg/f/MuDT9Vl
https://drive.google.com/file/d/10HkBW9537DAwL8Ft6t2thQB6Iyn3vcap/view?usp=sharing"
Donda [V2],"On His Head
(ref. Cailin Russo) (prod. Digital Nas)
(Let Go, I Let Go)","OG Filename: 210526 Gallery - On His Head
Session. Split into two parts, with the second part having Cailin Russo's reference.","May 26, 2021","Oct 24, 2021","4:34
5:13",72,OG File,Lossless,https://imgur.gg/f/gNq3wor
Donda [V2],"Ops Block
(ref. Cailin Russo) (prod. Digital Nas)
(Remote Control, Hovercraft)","OG Filename: 210526 Gallery - Ops Block
Session. Bounce gets off beat about halfway through.","May 26, 2021","Oct 24, 2021",12:12,107,OG File,Lossless,https://imgur.gg/f/T1T3Upx
Donda [V2],"Petals
(prod. BoogzDaBeast & Ojivolta)","OG Filename: 210513 Gallery - PETALS 89 [KW x BoogzDaBeast]
Session. Samples ""Petals"" by Bibio.","May 13, 2021","Dec 29, 2022",4:11,89,OG File,Lossless,https://imgur.gg/f/eaff2Kj
Donda [V2],"Piano Freestyle
(prod. Jeff Bhasker)","OG Filename: 210616 Gallery - Piano Freestyles - Piano Freestyle
Session to one of ten piano freestyles. Has stems included.","Jun 16, 2021","Sep 22, 2023",8:22,81,OG File,Lossless,https://imgur.gg/f/9iqnw5B
Donda [V2],"South Carolina
(ref. Pusha T) (feat. STALONE & Sunday Service Choir) (prod. Digital Nas)
(Donda, Donda's Glory, Glory)","OG Filename: South Carolina
FLP for a 2021 version. Leaked after Digital Nas got his Mac hacked.","May 27, 2021","Mar 6, 2024",4:35,106,OG File,Lossless,https://imgur.gg/f/jUGsHMb
Donda [V2],"We Want The Lord
(feat. Jeff Bhasker) (prod. Jeff Bhasker)","OG Filename: 210616 Gallery - Piano Freestyles - We Want The Lord
Session to one of ten piano freestyles. Has stems included.","Jun 16, 2021","Sep 22, 2023",6:43,90,OG File,Lossless,https://imgur.gg/f/Jsu2odU
Donda [V2],"Young Stoner Life, Young Thug, Gunna - Ski (Remix)
(feat. Kanye West) (prod. BabyWave, Outtatown & Wheezy)","OG Filename: KW - Ski Freestyle
Recorded in July 2021, and features a lot of mumble. It's unknown if a more finished version exists. Original snippet leaked October 19, 2022. No official bounce.","Jun 7, 2021","Apr 19, 2024",1:33,123,OG File,Lossless,https://pillows.su/f/522ea5207de23f92e5ddad095868c5ea
Donda [V2],"Aye Ye Ye Ye [Drum Stem]
(prod. 88-Keys)
(MerryGoRound)","OG Filename: Ayyy Ye Ye Ye - 88 Drums 76BPM
88-Keys drum stem.","Jun 24, 2021",,0:12,76,OG File,Lossless,https://imgur.gg/f/dl9xTDX
Donda [V2],"City Of Lost Angels
(ref. Dem Jointz) (prod. Digital Nas)
(City Of Los Angels, Judgemental)","OG Filename: COLE
Stems for the Digital Nas version, included in the ""Run It Up"" + ""City Of Lost Angels"" buy. One of the stems was originally corrupted when exported, but a rerendered fixed version is also included.",,"Oct 23, 2022",3:13,139,OG File,Lossless,https://imgur.gg/f/wE2pPt5
Donda [V2],"City Of Lost Angels
(ref. Dem Jointz) (prod. Digital Nas)
(City Of Los Angels, Judgemental)","OG Filename: city of lost angels
Stems for another Digital Nas version. Leaked after Digital Nas got his Mac hacked.",,"Mar 6, 2024",3:08,139,OG File,Lossless,https://imgur.gg/f/OtYyQnT
Donda [V2],"Come To Life
(prod. Ojivolta)","OG Filename: Copy of Come To Life - 210622 OxV Stems Import
OG Password: goodday
Stems for the mumble demo zip.","Jun 6, 2021","Sep 18, 2023",5:06,120,OG File,Lossless,https://imgur.gg/f/1M4aen2
Donda [V2],"Come To Life
(prod. Ojivolta)","OG Filename: Come To Life Gtr Stems v.2 127bpm OxV
Zip for a guitar version. These stems would later be used on release.",,"Sep 18, 2023",4:39,127,OG File,Lossless,https://imgur.gg/f/LUEobfs
Donda [V2],"Don't Go Away
(ref. Dem Jointz) (prod. Dem Jointz)","Stems. Leaked as a bonus for the ""Can U Be/Pressure"" GB.","May 29, 2021","May 26, 2024",1:22,95,OG File,Lossless,https://imgur.gg/f/eBRaCsE
Donda [V2],"Eternal Life
(feat. Really Doe & Pusha T)",Stems for a June 2021 Eternal life version with Pusha T and Really Doe.,"Jul 5, 2021",,2:39,73,OG File,Lossless,https://imgur.gg/f/kryXAJv
Donda [V2],"Find Out
(ref. Dem Jointz) (prod. BoogzDaBeast, Dem Jointz & Ojivolta)",Stems.,"May 29, 2021","Jan 29, 2023",4:54,75,OG File,Lossless,https://imgur.gg/f/39oqBeX
Donda [V2],"Friends
(prod. Digital Nas & Ojivolta)
(All These Friends of Mine, Hawk)","OG Filename: friends
Stems for a 2021 version. Leaked after Digital Nas got his Mac hacked.",,"Mar 6, 2024",,140,OG File,Lossless,https://imgur.gg/f/V9tFJbH
Donda [V2],"Go Left
(ref. Dem Jointz) (prod. Dem Jointz & BoogzDaBeast)
(Clout)",Stems for the May 2021 version.,"May 29, 2021","Mar 10, 2022",2:02,98,OG File,Lossless,https://imgur.gg/f/xXg4uqx
Donda [V2],"God Got Me
(prod. 88-Keys & Ojivolta)
(God's Got Me)","Stems for the May 13th, 2021 tracking version.","May 13, 2021","Sep 13, 2023",20:22,85.225,OG File,Lossless,https://imgur.gg/f/Vov9pZZ
Donda [V2],"Goin 2 Jail
(ref. Dem Jointz) (prod. Dem Jointz)
(Goin To Jail Tonight, Jail, 88 Idea 3)","OG Filename: GOIN 2 JAIL STEMZ
Stems for the May 2021 version. Included in the ""God Got Me"" buy, but only leaked in the ""Hybrid"" buy.","May 15, 2021","Sep 25, 2023",3:17,107,OG File,Lossless,"https://imgur.gg/f/RnIO2tY
https://drive.google.com/file/d/1mFYXVtf3qTLpRhA7fSfuj99ieUkUpxPf/view?usp=drive_link"
Donda [V2],"HIII WYD
(ref. Dem Jointz) (feat. STALONE) (prod. BoogzDaBeast & Dem Jointz)","OG Filename: HIIII WYD STEMS
Stems for the May 2021 version. Included in the ""God Got Me"" buy, but only leaked as a part of the ""Hybrid"" buy.","May 29, 2021","Sep 25, 2023",2:17,91,OG File,Lossless,"https://imgur.gg/f/GHOT2pi
https://drive.google.com/file/d/1VVzsmR0_r5wy9HUQkM558idSN3uAgJqO/view?usp=sharing"
Donda [V2],"Hovercrafts
(feat. Cailin Russo) (prod. Digital Nas & Ojivolta)
(Remote, Remote Control, Ops Block)","Stems for the May 2021 version of ""Remote Control"". Includes bounced files for two versions.",,"Oct 26, 2021",1:38,110,OG File,Lossless,https://imgur.gg/f/moaCmeV
Donda [V2],"Hovercraft
(feat. Cailin Russo) (prod. Digital Nas & Ojivolta)
(Remote, Remote Control, Ops Block)","OG Filename: Hovercrafts Stems OxV 107bpm
Stems for a 2021 version. Leaked after Digital Nas got his Mac hacked.",,"Mar 6, 2024",,107,OG File,Lossless,https://imgur.gg/f/Frdmmdx
Donda [V2],"Hovercraft
(feat. Cailin Russo) (prod. Digital Nas & Ojivolta)
(Remote, Remote Control, Ops Block)","OG Filename: Hovercraft Stems
Stems for a 2021 version. Leaked after Digital Nas got his Mac hacked.",,"Mar 6, 2024",,110,OG File,Lossless,https://imgur.gg/f/wTcvJsk
Donda [V2],"Hybrid
(ref. Dem Jointz) (prod. Dem Jointz)","Stems included in the ""Hybrid"" buy.","May 29, 2021","Sep 25, 2023",2:39,122,OG File,Lossless,"https://imgur.gg/f/O3STqDg
https://drive.google.com/file/d/18smU9UZaSO3LUXgU0wIYPxfpuxJ-lz-4/view?usp=sharing"
Donda [V2],"Hype
(ref. Dem Jointz) (prod. Dem Jointz & Plain Pat)","A bonus for the ""Go Left"" & ""Hype Buy"".","May 29, 2021","Mar 10, 2022",2:53,122,OG File,Lossless,https://imgur.gg/f/0dQN2Wt
Donda [V2],"Junya
(prod. Digital Nas & Ojivolta)
(Godspeed, Junya Watanabe)","OG Filename: junay snare
Snare Stems for a 2021 version. Leaked after Digital Nas got his Mac hacked.",,"Mar 6, 2024",,136,OG File,Lossless,https://imgur.gg/f/Oy9DhW9
Donda [V2],"Junya
(prod. Digital Nas & Ojivolta)
(Godspeed, Junya Watanabe)","OG Filename: junya drums
Drum Stems for a 2021 version. Leaked after Digital Nas got his Mac hacked.",,"Mar 6, 2024",,136,OG File,Lossless,https://imgur.gg/f/3T89Eqq
Donda [V2],"Junya
(prod. Digital Nas & Ojivolta)
(Godspeed, Junya Watanabe)","OG Filename: junya 4
Stems for a 2021 version. Leaked after Digital Nas got his Mac hacked.",,"Mar 6, 2024",,136,OG File,Lossless,https://imgur.gg/f/Hhq8cDc
Donda [V2],"Junya
(prod. Digital Nas & Ojivolta)
(Godspeed, Junya Watanabe)","OG Filename: JunyaGroupStemsBPM136
Stems for a 2021 version. Leaked after Digital Nas got his Mac hacked.","Jun 1, 2021","Mar 6, 2024",,136,OG File,Lossless,https://imgur.gg/f/ZqWJGEU
Donda [V2],"Junya Watanabe
(prod. Digital Nas & Ojivolta)
(Godspeed, Junya)",Stems for the May 2021 version. Includes bounced files for two versions. Leaked October 2021.,"Jun 6, 2021",,,136,OG File,Lossless,https://imgur.gg/f/7vJKWd8
Donda [V2],"Keep Em In Check
(prod. Ojivolta & 88-Keys)","OG Filename: 210510 Gallery Freestyles - Keep Em In Check
Technically an incomplete session, these are from the ""Audio Files"" folder.","May 10, 2021",,2:26,92,Partial,Lossless,https://imgur.gg/f/jchXT1u
Donda [V2],"Livin It Up
(ref. Don Toliver) (prod. Jason White, Rico Nichols & Darius Woodley)
(Rock N Roll)","OG Filename: Livin It Up - 21.05.19 Stretch Stems
Stems. Don Toliver stem name reveals the original name, ""Rock N Roll"", and ""Livin It Up's"" possible connection to Pusha T's song by the same name.","May 19, 2021",,2:27,73,OG File,Lossless,https://imgur.gg/f/Yve6cWi
Donda [V2],"MerryGoRound
(prod. Digital Nas)
(Aye Ye Ye Ye, Ayyy Ye Ye Ye)","OG Filename: merrygoround files
Beat Stems for a 2021 version. Leaked after Digital Nas got his Mac hacked.",,"Mar 6, 2024",2:06,76,OG File,Lossless,https://imgur.gg/f/YrgWmmQ
Donda [V2],"MerryGoRound
(prod. Digital Nas)
(Aye Ye Ye Ye, Ayyy Ye Ye Ye)","OG Filename: merry go round drums
Beat Stems for a 2021 version. Leaked after Digital Nas got his Mac hacked.",,"Mar 6, 2024",2:06,76,OG File,Lossless,https://imgur.gg/f/QBQ3Toj
Donda [V2],"MerryGoRound
(prod. Digital Nas)
(Aye Ye Ye Ye, Ayyy Ye Ye Ye)","OG Filename: MERRYGOROUND 3 DRUMS
Beat Stems for a 2021 version. Leaked after Digital Nas got his Mac hacked.",,"Mar 6, 2024",2:06,76,OG File,Lossless,https://imgur.gg/f/hm0Al5g
Donda [V2],"NASDAQ
(ref. Dem Jointz) (feat. STALONE) (prod. Dem Jointz)
(Life Of The Party)","Stems. Included in the ""NASDAQ"" buy.","May 5, 2021","Jun 6, 2023",2:57,130,OG File,Lossless,https://imgur.gg/f/4TaXf4C
Donda [V2],"New Hunnids
(prod. Digital Nas)",Beat stems.,"Jun 1, 2021","Jan 3, 2024",4:26,123,OG File,Lossless,https://imgur.gg/f/t9RXTuO
Donda [V2],"Petals
(prod. BoogzDaBeast & Ojivolta)","OG Filename: 210513 Gallery - PETALS 89 [KW x BoogzDaBeast]
Stems that were bounced during the session.","May 13, 2021",,4:11,89,OG File,Lossless,https://imgur.gg/f/wolzboY
Donda [V2],"Remote [Drum Stem]
(prod. 88-Keys)
(Hovercraft, Remote Control, Ops Block)","OG Filename: remote - 88 drums - chop - stem
88-Keys drum stem.","Jun 1, 2021",,0:08,110,OG File,Lossless,https://imgur.gg/f/nC4tz2c
Donda [V2],"Remote Control
(prod. Digital Nas & 88-Keys)
(Remote)","OG Filename: Remote Control 210531 Stems 107
Stems for the May 2021 version with 88-Keys drums. Leaked after Digital Nas got his Mac hacked.","May 31, 2021","Mar 6, 2024",1:48,107,OG File,Lossless,https://imgur.gg/f/cX3exj5
Donda [V2],"Remote Control
(prod. Ojivolta & Steve Lacy)
(Hovercraft, Remote, Ops Block)","OG Filename: Remote Control - OxV - 21.06.22 Producer Approved_space - For Mix_Stems 110 BPM
Stems. Rebounced July 21st for mix.","Jun 22, 2021",,1:44,110,OG File,Lossless,https://imgur.gg/f/kYboYd6
Donda [V2],"Remote Control [Todd Vocal Stems]
(feat. Todd Rundgren) (prod. Ojivolta & Steve Lacy)
(Hovercraft, Remote, Ops Block)",Stems with the Todd Rundgren background vocals.,"Jul 11, 2021",,1:46,107,OG File,Lossless,https://imgur.gg/f/bLr8Vha
Donda [V2],"Run It Up
(ref. Dem Jointz) (prod. BoogzDaBeast, Dem Jointz & Ojivolta)
(Futures, No Child Left Behind)","Stems for the May 2021 version, included in the ""Run It Up"" + ""City Of Lost Angels"" buy.","May 18, 2021",,2:55,147,OG File,Lossless,https://imgur.gg/f/SpecgQI
Donda [V2],"Soul De La
(ref. Dem Jointz) (prod. Dem Jointz & BoogzDaBeast)
(Sheep, Pure Souls)","Stems. Originally included in the failed ""Soul De La x Thunder"" buy. Leaked after the successful groupbuy for ""Soul De La"" on its own.","May 29, 2021","Aug 5, 2023",3:11,97,OG File,Lossless,https://imgur.gg/f/Y8MmPh9
Donda [V2],"Thunder
(ref. Dem Jointz) (prod. Dem Jointz & 88-Keys)
(Different Codes, Don't Miss Me)","Stems. Included in the failed ""Soul De La x Thunder"" buy, and then later included in the ""Thunder"" buy.","May 12, 2021","Aug 20, 2023",2:08,90,OG File,Lossless,https://imgur.gg/f/Rvfmmog
Donda [V2],"To The Roof
(prod. Kanye West, Ojivolta & 88-Keys)
(Thru The Roof)","Stems, was originally supposed to be included in the buy for the song, however the seller backed out after people were dissapointed with the track. Stems leaked after being a bonus for the ""South Carolina"" 2x buy.","Apr 19, 2021","Feb 28, 2022",3:34,130,OG File,Lossless,https://imgur.gg/f/fVm7Uv4
Donda [V2],"Top
(ref. Dem Jointz) (prod. Dem Jointz)
(Different Codes, Don't Miss Me)",Stems.,"May 12, 2021","Nov 24, 2021",1:54,160,OG File,Lossless,https://imgur.gg/f/gsFshka
Donda [V2],"Wait [Beat Stems]
(prod. Digital Nas)","OG Filename: channel beat stems
Stems for the instrumental.","May 21, 2021","May 25, 2022",2:07,83,OG File,Lossless,https://imgur.gg/f/Q49w9ps
Donda [V2],"Consequence - Bloodstains [Beat Stems]
(prod. Kanye West & Ojivolta)
(Bloodstain, Blood Stain, Superstar In The Hood)","OG Filename: Bloodstains - 21.04.28 Ye Arrangement Stems
Sample and Bass stems for the instrumental for the 04.28.21 version Leaked in June 2022.","Apr 28, 2021",,1:59,91,OG File,Lossless,https://imgur.gg/f/O3bolsO
Donda [V2],"Digital Nas - Hawk
(prod. Digital Nas)
(All These Friends of Mine, Friends)","Stems for the Digital Nas beat, later used for ""All These Friends of Mine"". Unknown when it was made, as the beat allegedly spans back to 2017.",,,2:18,140,OG File,Lossless,https://imgur.gg/f/nGlcpLQ
Donda [V2],"Tower
(prod. Digital Nas)
(Made It This Far, Made It)","OG Filename: tower
Stems for a beat that would later become ""Made It This Far"". This version was most likely the one sent to Carti, therefore it was probably Digital Nas' song until then. Going by the modified date, stems were exported June 24th, 2021.","Jun 24, 2021","Dec 20, 2024",4:01,144,OG File,Lossless,https://imgur.gg/f/2N0Dr1F
Donda [V2],"Travis Scott - Delresto
(feat. Kanye West, James Blake & Bon Iver) (prod. Hit-Boy)
(DELRESTO (ECHOES))","OG Filename: Delresto_cabo - Kanye tracking 210603 -...
OG Password: ???
June version of the song, found in an uncracked password protected zip. According to stem filenames, this version has vocals from Travis, Kanye, James Blake & Bon Iver. The zip name mentions Cabo, Mexico, which is where Travis recorded his vocals. Kanye recorded his vocals June 3rd. James Blake said he did the ""echoes/let go"" hook. Filedate is June 12th. The BPM is 130, though this is likely innacurate as it is significantly faster than other versions. The song later released on UTOPIA without Kanye and with Beyoncé doing James Blake's vocals.","Jun 12, 2021",,,130,Confirmed,Not Available,https://imgur.gg/f/jBdAFXh
Donda [V2],"I Let Go
(ref. Ty Dolla $ign)","Inverted acapella for the Ty vocals. Leaked as a bonus for the ""Jesse"" groupbuy.",,"Apr 12, 2023",2:56,142,Full,CD Quality,https://imgur.gg/f/y9f3MWM
Donda [V2],"Young Stoner Life, Young Thug, Gunna - Ski (Remix)
(feat. Kanye West)","OG Filename: Ye 58 04
Raw Kanye vocal take.",,"Jan 27, 2024",1:06,123,OG File,Lossless,https://imgur.gg/f/WMNzJzT
Donda [V2],"9.10
(prod. Digital Nas)","OG Filename: 9.10.wav
Instrumental produced by Digital Nas.","May 19, 2016",,3:28,132,OG File,High Quality,https://imgur.gg/f/5PFmEYU
Donda [V2],"Come to Life
(feat. Justin Austin)","OG Filename: Come To Life LW Choir no lead mix 1 0630
Version featuring the chopped up freestyle over a vocal instrumental done by Justin Austin. Leaked same day as the file with the lead vocals.","Jun 30, 2021",,5:05,127,OG File,High Quality,https://imgur.gg/f/OayCHDG
Donda [V2],Different Codes,Unleaked instrumental is owned by members of the community.,,,9:33,120,Snippet,High Quality,https://imgur.gg/f/xwxA4Zs
Donda [V2],"GI Joe
(prod. Digital Nas)","OG Filename: GI JOE 165 DN
Instrumental produced by Digital Nas.",,,1:44,165,OG File,CD Quality,https://imgur.gg/f/Or7GdfU
Donda [V2],"Grammy
(prod. Digital Nas)",Instrumental produced by Digital Nas.,,,4:33,114,OG File,CD Quality,https://imgur.gg/f/5msGqo4
Donda [V2],"Grinder
(prod. Digital Nas)","OG Filename: GRINDER PROD. DIGITAL NAS
Instrumental produced by Digital Nas.",,,2:06,138,OG File,High Quality,https://imgur.gg/f/DDKCKB1
Donda [V2],"Insane
(prod. Digital Nas)","OG Filename: insane prod. digital nas
Instrumental.",,,1:58,81,OG File,CD Quality,https://imgur.gg/f/NBqrUkg
Donda [V2],"MerryGoRound
(prod. Digital Nas)
(Aye Ye Ye Ye)","OG Filename: merrygoround prod. digital nas
Instrumental.",,,1:53,76,OG File,CD Quality,https://imgur.gg/f/6eYwefI
Donda [V2],"New Hunnids
(prod. Digital Nas)","OG Filename: New Hunnids digital nas
Instrumental.",,,4:57,123,OG File,CD Quality,https://imgur.gg/f/jgqox2L
Donda [V2],"Nigga
(prod. Digital Nas)","OG Filename: nigga prod. digital nas
Instrumental. Leaked after a groupbuy priced at 50 cat gifs.",,"Jun 11, 2022",2:59,152,Full,High Quality,https://imgur.gg/f/MO9rtUg
Donda [V2],"Ops Block
(prod. Digital Nas)
(Hovercraft, Remote, Remote Control)","OG Filename: ops block 107 dn
Instrumental.",,,3:13,107,OG File,CD Quality,https://imgur.gg/f/li80EGK
Donda [V2],"Serengeti
(prod. Digital Nas)
(MerryGoRound, Aye Ye Ye Ye)","OG Filename: serengeti_60bpm
Sample for the Digital Nas instrumental ""MerryGoRound"", which would become ""Aye Ye Ye Ye"".",,,0:24,60,OG File,Lossless,https://imgur.gg/f/zBhERlZ
Donda [V2],"Swole
(prod. Digital Nas)","OG Filename: swole prod. digital nas
Instrumental.",,,3:23,130,OG File,CD Quality,https://imgur.gg/f/xwKMHZn
Donda [V2],"What A Dream
(prod. Digital Nas)","OG Filename: dreaming prod. digital nas
A further along instrumental for the song.",,,2:28,71,OG File,High Quality,https://imgur.gg/f/OxiRmt3
Donda [V2],"Abstract Mindstate - The Brenda Song
(prod. Kanye West)","OG Filename: The Brenda Song INSTRUMENTAL HQless compression for mastering
Instrumental.",,,2:38,82,OG File,Lossless,https://imgur.gg/f/kQDEfFK
Donda [V2],"Consequence - Bloodstains
(prod. Kanye West & Ojivolta)
(Bloodstain, Blood Stain, Superstar In The Hood)","OG Filename: Bloodstains - 21.04.28 Ye Arrangement
Slower BPM than later versions. Leaked in June 2022.","Apr 28, 2021",,1:59,86,OG File,CD Quality,https://imgur.gg/f/0KU3yYv
Donda [V2],"Consequence - Bloodstains [Pharrell Ref]
(prod. Kanye West, Pharrell Williams & Ojivolta)
(Bloodstain, Blood Stain, Superstar In The Hood)","OG Filename: Bloodstains - 21.04.28 Pharrell Ref
Slower BPM than later versions. Leaked in June 2022.","Apr 28, 2021",,1:59,86,OG File,Lossless,https://imgur.gg/f/zmwzUFI
Donda [V2],"Digital Nas - Hawk
(prod. Digital Nas)
(All These Friends of Mine, Friends)","OG Filename: hawk digital nas
Instrumental for the Digital Nas song, which the beat for ""All These Friends of Mine"" comes from. Unknown when it was made, as the beat allegedly spans back to 2017.",,,2:18,140,OG File,High Quality,https://imgur.gg/f/P3sYfLT
Donda [V2],"Lil Nas X - Industry Baby
(prod. Take A Daytrip & Kanye West)","OG Filename: industry baby [demo 8 inst]
Instrumental to a demo, we don't have the vocals for this version.",,,2:14,150,OG File,CD Quality,https://imgur.gg/f/LLinQIK
Donda [V2],"Lil Nas X - Industry Baby
(prod. Take A Daytrip & Kanye West)",Official instrumental.,,,3:31,150,Full,CD Quality,https://imgur.gg/f/EXSlm7L
Donda [V2],"Young Stoner Life, Young Thug, Gunna - Ski (Remix)
(prod. BabyWave, Outtatown & Wheezy)","OG Filename: Computer 01.L
Instrumental for Kanye's part of the song (which is why adlibs are present). Is mono due to the fact that this is only the left channel of the audio.",,"Jan 27, 2024",1:25,123,OG File,High Quality,https://imgur.gg/f/PTXhLu2
Donda [V3],Donda [Release V1],"Stems for the original version of Donda on streaming leaked from the stem player. Differences include solo Ye ""Life Of The Party"", Chris Brown included on ""New Again"", as well as minor mix differences on ""Jesus Lord"", ""Jesus Lord pt 2"", and ""Ok Ok pt 2"".",,,,Varied,Full,Lossless,https://imgur.gg/f/ufEbKxg
Donda [V3],Donda [Release V2],"Stems for the current version of Donda with the exception of ""Life Of The Party"", which contains a horn sample not on release Donda, and ""Keep My Spirit Alive Pt. 2"", which is absent. Leaked from the stem player.",,,2:10:52,Varied,Full,Lossless,"https://imgur.gg/f/gwQDBwK
https://drive.google.com/drive/folders/1ck_XQsva_4wmIzms13jFe0Kyiagz12uw
https://imgur.gg/f/I3JVnRl"
Donda [V3],"Life Of The Party
(The Seraphim)","Stems excluding the horn sample from the other version on the stem player. Likely updated by the company Kano to avoid a lawsuit. Only available in low-quality 128 kbps MP3, as the stem player site no longer supports lossless. Stems are also AI split, not studio quality.",,,6:31,79.695,Full,High Quality,https://imgur.gg/f/jMoE83S
Donda [V3],"Heaven and Hell
(prod. MIKE DEAN, 88-Keys & BoogzDaBeast)
(Lay Me Down)","OG Filename: HEAVEN N HELL MIX PREP FOR MIKE
Protools session. Some unorganized stems from a May 2021 version of ""Future Sounds"" are in this session.","Aug 13, 2021","Oct 15, 2021",,166,OG File,Lossless,https://imgur.gg/f/k5k6ZaG
Donda [V3],"Pure Souls
(feat. Roddy Ricch) (prod. BoogzDaBeast)
(Sheep, Soul De La)","Audio files folder from a late July session, includes the re-recorded Ye vocal take for the song and Roddy Ricch feature chopped up into one file for each tiny snippet of sound for whatever reason, as well as the original ""Sheep"" instrumental. Missing the ptx file.","Jul 27, 2021","Jun 8, 2023",,97,Partial,Lossless,https://imgur.gg/f/UcmOLgZ
Donda [V3],"Tell The Vision
(feat. Justin Austin) (prod. BoogzDaBeast & Lorenzo Wolff)
(We Made It, RIP Pop Smoke)","OG Filename: Tell The Vision
ProTools for the Justin Austin choral version.","Jul 26, 2021","May 26, 2023",1:33,144,OG File,Lossless,https://imgur.gg/f/a61ECl6
Donda [V3],"Sean Leon - Dawn
(feat. Aaron Paris) (prod. Aaron Paris, CVRE & LUCA)
(Oxygen, OXYGEN OR WIFI, SCI FI, SCI FI WI FI, SCI-FI)","OG Filename: 0 - [OG PARIS SESSION] SL x YE - OXYGEN_TSP
Also includes vocals for ""Burn Everything"".","Oct 19, 2021","Feb 19, 2026",3:19,78,OG File,Lossless,"https://pillows.su/f/1c0dcadee61fa42d5c0167fd3172dc31
https://fileditchfiles.me/file.php?f=/b75/mlDrRgzjAaXDCXSKgKX.zip"
Donda [V3],"Donda
(feat. Pusha T, The WRLDFMS Tony Williams, STALONE & MUSYCA Children's Choir) (prod. BoogzDaBeast, FNZ & Ojivolta)
(Donda's Glory, Glory, South Carolina)","OG Filename: DONDA STEMS 83BPM
Stems. Is decently mixed but has some silence at the start and 1:32 of silence at the end.","Jul 26, 2021","Apr 25, 2024",5:21,83,OG File,Lossless,https://imgur.gg/f/CQfcRGR
Donda [V3],"Daylight
(feat. Vory) (prod. 88-Keys, Ojivolta & E.VAX)
(Sunrays, Day Light)","OG Filename: Daylight - Stems 07.15.21 - 79.5 BPM
OG Password: ??? 
Stems from a cracked password-protected zip.","Jul 15, 2021","Oct 18, 2021",3:28,79.5,OG File,Lossless,https://imgur.gg/f/uglxjdW
Donda [V3],"Hurricane
(ref. Dem Jointz) (feat. Lil Baby, KayCyy & STALONE)
(80 Degrees, Hurricanes, Don't Let Me Down)","OG Filename: Hurricane - 21.07.16 157.6 bpm
Stems for the ""Lil Baby jumpscare"" version. Leaked after a successful groupbuy.","Jul 16, 2021","Oct 2, 2022",3:53,157.6,OG File,Lossless,https://pillows.su/f/a0fd70c8afb8127aa7ba81b878bfe4a9
Donda [V3],"Hurricane
(feat. Lil Baby, STALONE & KayCyy) (prod. BoogzDaBeast, Nascent & RONNY J)
(80 Degrees, Hurricanes, Don't Let Me Down)","OG Filename: HURRICANE STEMS 157.6BPM
Stems for a version that uses the OG beat and Kanye mumble chorus and is actually mixed.","Jul 26, 2021","Apr 25, 2024",4:26,157.6,OG File,Lossless,https://imgur.gg/f/2ugrZw0
Donda [V3],"Hurricane
(feat. Lil Baby & KayCyy) (prod. Digital Nas)
(80 Degrees, Hurricanes, Don't Let Me Down)","Stems from a Digital Nas produced version. Features Digital Nas' extra prod and the acapella, but nothing else.","Aug 1, 2021","Jul 18, 2022",,157.6,OG File,Lossless,https://imgur.gg/f/UFoOExc
Donda [V3],"Hurricane
(feat. Lil Baby & KayCyy) (prod. Digital Nas)
(80 Degrees, Hurricanes, Don't Let Me Down)","Stems from a Digital Nas produced version. Features Digital Nas' extra prod and the acapella, but nothing else.","Aug 1, 2021","Jul 18, 2022",,157.6,OG File,Lossless,https://imgur.gg/f/xTv2C7q
Donda [V3],"I Know God Breathed On This
(feat. Vory, Justin Austin & Fya Man HOF) (prod. E.VAX, Ojivolta & Fya Man HOF)
(God Breathed, I Know God Breathed On This, God Breathes, Breathe, I Know God, God Breath On This)","OG Filename: I Know God Breathed On This Fya Edit 210721_Mix Prep_130 BPM
Fully mixed.","Jul 21, 2021",,3:19,130,OG File,Lossless,https://imgur.gg/f/h09KxrO
Donda [V3],"I Know God Breathed On This
(feat. Vory & Justin Austin) (prod. E.VAX & Ojivolta)
(God Breathed On This, Freestyle 8, God Breathed, I Know God, I Know God Breathed On This, I Know He Got His Hands On This)","OG Filename: GOD BREATHED ON THIS STEMS 130BPM
Stems for a version mixed by MIKE DEAN. May be slightly corrupted. Fully mixed.","Jul 22, 2021",,3:35,130,OG File,Lossless,https://imgur.gg/f/eEJs3Bd
Donda [V3],"Jail
(ref. Dem Jointz) (feat. JAŸ-Z) (prod. E.VAX & Ojivolta)
(Goin To Jail Tonight, Goin 2 Jail, 88 Idea 3)","OG Filename: JAIL STEMS 110BPM
Has very unmixed production.","Jul 26, 2021",,4:30,110,OG File,Lossless,https://imgur.gg/f/qGVc58I
Donda [V3],"Jonah
(feat. Vory & Lil Durk) (prod. TT Audi & DRTWRK)","OG Filename: JONAH STEMS 88BPM
Has unmixed and untuned Lil Durk and Kanye vocals.","Jul 26, 2021",,2:55,88,OG File,Lossless,https://imgur.gg/f/JSlzmHR
Donda [V3],"Junya
(feat. Playboi Carti) (prod. Digital Nas)","OG Filename: JUNYA STEMS 148BPM
Has completely unmixed finished vocals.","Jul 26, 2021",,2:06,148,OG File,Lossless,https://imgur.gg/f/SSBYd8U
Donda [V3],"Moon
(feat. Don Toliver) (prod. E.VAX)","OG Filename: Moon Stems 157.6 bpm
Has very dry Don Toliver vocals compared to release. Only has Don vocals.","Jul 16, 2021",,2:03,157.6,OG File,Lossless,https://imgur.gg/f/MFIXltL
Donda [V3],"Moon
(prod. E.VAX)","OG Filename: MOON STEMS 157.6BPM
Only has Kanye vocals.","Jul 26, 2021",,2:30,157.6,OG File,Lossless,https://imgur.gg/f/NSHcc5c
Donda [V3],"Never Abandon Your Family 
(prod. Ojivolta)
(First Rule, How Could You, I'm Losing My Family, Orphan)","OG Filename: 21.07.15 - Donda - 83 bpm
Stems for a version. The vocals are bad because Kanye used an online acapella extractor for it.","Jul 15, 2021","Sep 25, 2021",2:55,83,OG File,Lossless,https://imgur.gg/f/APdO8ag
Donda [V3],"New Again
(ref. Dem Jointz) (prod. Ojivolta)
(HIIII WYD)","OG Filename: New Again Stems 91 bpm
Stems.","Jul 16, 2021",,2:21,91,OG File,Lossless,https://imgur.gg/f/znMiJNZ
Donda [V3],"No Child Left Behind
(feat. Vory) (prod. Gesaffelstein)
(Futures, Run It Up)","OG Filename: NO CHILD LEFT BEHIND STEMS 147BPM
Stems.","Jul 26, 2021",,2:56,147,OG File,Lossless,https://imgur.gg/f/DsQ8Hs4
Donda [V3],"Miracles
(prod. Gesaffelstein)
(Futures, Run It Up)","OG Filename: Miracles - No Child Left Behind Stems 147 bpm
Stems for a Kanye solo version.","Jul 16, 2021","Apr 21, 2022",3:01,147,OG File,Lossless,https://imgur.gg/f/y4WUf3m
Donda [V3],Praise God,"OG Filename: PRAISE GOD STEMS 118BPM
Stems for an early 2021 version. Has HORRENDOUS mixing, genuinely unmixed to all hell when it comes to some stem parts.","Jul 26, 2021",,4:03,118,OG File,Lossless,https://imgur.gg/f/wCNOsXR
Donda [V3],"Remote
(feat. Young Thug) (prod. MIKE DEAN, Ojivolta, Twisco, 88-Keys & Teddy Walton)
(Hovercraft, Remote Control, Ops Block)","OG Filename: REMOTE STEMS 110BPM
Stems. Has unmixed but tuned Young Thug vocals.","Jul 26, 2021",,3:16,110,OG File,Lossless,https://imgur.gg/f/0Cw7FQT
Donda [V3],"Remote Control
(feat. Young Thug) (prod. Digital Nas)
(Hovercraft, Remote, Ops Block)","OG Filename: REMOTE DN 2
A version leaked after the ""Pray And Leave It There"" groupbuy as a bonus. Features production from Digital Nas with uncensored vocals. Dated 24th of July, 2021.","Aug 1, 2021","Mar 12, 2022",3:03,110,OG File,Lossless,https://imgur.gg/f/esiLQTN
Donda [V3],"South Carolina [Vocal Takes]
(Donda, Donda's Glory, Glory)","OG Filename: choir and comps South carolina
Leaked vocal takes.","Jul 9, 2021",,2:35,106,OG File,CD Quality,https://imgur.gg/f/TK5iG7H
Donda [V3],"Welcome To UCLA
(prod. Digital Nas)","OG Filename: DN UCLA
Stems for a Digital Nas version.",,"Feb 3, 2023",0:16,125,OG File,Lossless,https://imgur.gg/f/GzBcEal
Donda [V3],Believe What I Say,"OG Filename: Believe What I Say_HOOK ACAPELLA
Filename shown by Monki September 19th, 2024.","Aug 4, 2021",,,100,Rumored,Not Available,N/A
Donda [V3],"Heaven and Hell
(ref. Fivio Foreign)
(Lay Me Down)","OG Filename: Heaven And Hell Fivio Acapella
Filename shown by Monki September 19th, 2024.","Aug 5, 2021",,,166,Rumored,Not Available,N/A
Donda [V3],"Hurricane [Kanye Vocal Stem]
(ref. Dem Jointz) (feat. Lil Baby & KayCyy)
(80 Degrees, Hurricanes, Don't Let Me Down)","Kanye's vocal stem for the LP1 version. The verse was reused from ""City of Lost Angels"".",,,1:48,157.6,Full,CD Quality,https://imgur.gg/f/CEKTHll
Donda [V3],"No Child Left Behind
(Futures, Run It Up)","OG Filename: No Child Left Behind Ye ACAP Tuned Ye 58 OD.dup1.06.cm-St 1-01
Acapella that is solo Kanye. Has abysmal mixing.","Jul 19, 2021",,2:19,147,OG File,Lossless,https://imgur.gg/f/px1AJke
Donda [V3],"Remote Control [Soulja Boy Vocal Stem]
(feat. Young Thug & Soulja Boy)","OG Filename: REMOTE 7.25.21 THUG x Soulja Boy ac capella pre mix 1
Acapella for Soulja Boy's part.","Jul 25, 2021",,4:44,110,OG File,Lossless,https://imgur.gg/f/Cbg1th5
Donda [V3],Believe What I Say,"OG Filename: Believe What I Say_Instrumental 100BPM
Filename shown by Monki September 19th, 2024.","Aug 5, 2021",,,100,Rumored,Not Available,N/A
Donda [V3],"Heaven and Hell
(prod. MIKE DEAN, 88-Keys & BoogzDaBeast)
(Lay Me Down)","OG Filename: Heaven And Hell MIKE MIX 4 INSTRUMENTAL
Filename shown by Monki September 19th, 2024.","Aug 3, 2021",,,166,Rumored,Not Available,N/A
Donda [V3],"Keep My Spirit Alive
(prod. BoogzDaBeast, FnZ, Ojivolta, Rico Nichols & Darius Woodley)","OG Filename: KEEP MY SPIRIT ALIVE- INSTRUMENTAL
Filename shown by Monki September 19th, 2024.","Jul 29, 2021",,,83,Rumored,Not Available,N/A
Donda [V3],"Moon
(prod. E.VAX)","OG Filename: Moon - 210712 - Evan stems (update)_Mix Prep_Instr 157 BPM_01
Found in a stems folder for the song.","Jul 12, 2021",,2:30,157,OG File,Lossless,https://imgur.gg/f/7S8qFYL
Donda [V3],"Ok Ok
(prod. Boi-1da & Fya Man)
(I'm Not Ok)","OG Filename: OK OK Instrumental
Filename shown by Monki September 19th, 2024.","Aug 3, 2021",,,108,Rumored,Not Available,N/A
Donda [V3],"Remote
(prod. Ojivolta, Twisco, 88-Keys & Teddy Walton)
(Hovercraft, Remote Control, Ops Block)","OG Filename: REMOTE FRESH NEW 7_01
Found in a stems folder for the song, mixed by MIKE DEAN.","Jul 26, 2021",,3:16,110,OG File,Lossless,https://imgur.gg/f/kfZ6gnv
Donda [V3],"Abstract Mindstate - Expository Mode
(prod. Kanye West)
(Beat 1, Chop 13)",Instrumental.,,,2:54,82,Full,High Quality,https://imgur.gg/f/z9DHjk9
Donda [V3],"Abstract Mindstate - Salutations (Intro)
(prod. Kanye West)
(Beat 4)",Instrumental.,,,3:09,95,Full,High Quality,https://imgur.gg/f/ChyvPCF
Donda [V3],"KayCyy - Malibu
(prod. Dom Sarfo)",Instrumental. Most likely the bounce made before KayCyy got onto it.,,,3:15,89,Full,CD Quality,https://imgur.gg/f/aVgfvM8
Donda [V3],"Young Thug - Rich Nigga Shit
(prod. Kanye West & Pi'erre Bourne)
(Amistad)",Instrumental.,,,3:00,149,Full,High Quality,https://imgur.gg/f/cT5hfsz
Donda [V3],Donda [LP2 Choir Stems],"Stems for the live choir at the second Donda listening party at Mercedes Benz Stadium on August 5, 2021. Also includes the songs.","Aug 5, 2021",,,Varied,OG File,Lossless,"https://imgur.gg/f/Uct3WT7
https://www.mediafire.com/file/8sdlpa6qa1fcxy2/Ye_-_Donda_(LP2)_%5BLive_Stems%5D.zip"
DONDA 2 [V1],DONDA 2,"Stems for 2.22.22 DONDA 2 ripped from the stem player on February 24, 2022.","Feb 24, 2022","Feb 24, 2022",39:18,Varied,Full,Lossless,https://imgur.gg/f/pqesi6e
DONDA 2 [V1],DONDA 2,"OG Filename: 13 STEMS MIKE DEAN TO ALEX STEM GUY
OG Password: KWMD2022!!
Stems sent to the Stem Player team. Has OG bounces alongside 4 track stems. Does not include ""WE DID IT"", ""CITY OF GODS"", or ""BROKEN ROAD"".","Feb 24, 2022","Feb 18, 2026",,Varied,OG File,Lossless,https://pillows.su/f/86c62e60e08903dd02364efd357ec97f
DONDA 2 [V1],DONDA 2,"OG Filename: __MIKE DEAN STEM PLAYER WAVS + STEREO MIX WAVS
Another batch of stems sent to the Stem Player team. Has OG bounces alongside 4 track stems. Also has a folder of older versions of bounces including mumble ""530"".","Feb 23, 2022","Feb 18, 2026",,Varied,OG File,Lossless,https://pillows.su/f/72fcd4a8c6537d1f8da7a022399805e4
DONDA 2 [V1],"EAZY
(with The Game) (prod. The Game, DJ Premier, Wack 100, DONTMINDIFIDUKE, Kanye West, MIKE DEAN & Hit-Boy)","Stems ripped from the Stem Player, features censored vocals.",,,3:34,83,Full,Lossless,https://imgur.gg/f/mJpYYdL
DONDA 2 [V1],"KEEP IT BURNING
(feat. Future) (prod. ATL Jacob)",Stems for the DONDA 2 version ripped from the Stem Player before the song was deleted.,,,3:37,174,Full,Lossless,https://imgur.gg/f/147ai7j
DONDA 2 [V1],"SECURITY
(prod. Lenny Wee, Digital Nas & MIKE DEAN)","Updated version that contains an alternate mix and delay on all vocals. This may be an alternate version of the ""NO DELAY"" file or a later version all together, due to the alternate mix and delay on all vocals. Unknown when it was updated.",,,2:16,83,Full,Lossless,Link Needed
DONDA 2 [V1],"TOO EASY
(prod. Dem Jointz & Beach House)",Updated version that slightly changes the vocal effects. Unknown when it was updated.,,,2:58,153,Full,Lossless,Link Needed
DONDA 2 [V1],"TRUE LOVE
(feat. XXXTENTACION) (prod. John Cunningham, Ojivolta, MIKE DEAN & Twisco)","OG Filenames: True Love 13 v.2 STEMPLAYER
OG Stem Player stems.","Feb 23, 2022","Feb 18, 2026",3:17,84,OG File,Lossless,https://pillows.su/f/a020febd118f5c2b2e1920a278d34fe6
DONDA 2 [V1],"Fivio Foreign - City Of Gods
(with Kanye West & Alicia Keys) (feat. Playboi Carti) (prod. Kanye West, Tweek Tune, Hemz, Mav Beats, AyoAA, Ojivolta, Dem Jointz, MIKE DEAN & The Chainsmokers)
(NYC, Empire State Of Mind Pt. 2, Go Easy)",Stems ripped from the Stem Player.,,,4:16,150,Full,Lossless,https://imgur.gg/f/B4ZmIWs
DONDA 2 [V1],"CLOSED FOR BUSINESS
(ref. Fat Money) (feat. Don Toliver) (prod. AllDay)
(CITY OF CHI)","OG Filename: CLOSED FOR BUSINESS
Fat Money reference track made during DONDA 2 sessions. Leaked as part of the ""Can U Be"" groupbuy.","Feb 6, 2022","May 26, 2024",2:24,112,OG File,Lossless,https://imgur.gg/f/blOWRd0
DONDA 2 [V1],"DEAR SUMMER
(ref. Fat Money) (prod. BoogzDaBeast & FNZ)
(THE CAR'S MISSING, 530 AM, 5:30)","OG Filename: DEAR SUMMER
Fat Money reference track made during DONDA 2 sessions. Leaked as part of the ""Can U Be"" groupbuy.","Jan 30, 2022","May 26, 2024",4:57,160,OG File,Lossless,https://imgur.gg/f/ZQFg5rz
DONDA 2 [V1],"DEPRESSION
(ref. Fat Money) (prod. BoogzDaBeast)",Vocal only session for Fat Money's reference track. Currently lost.,,,,146,Confirmed,Lossless,Link Needed
DONDA 2 [V1],"FIRST TIME IN A LONG TIME
(feat. Soulja Boy) (prod. Ojivolta & Twisco)","OG Filename: Copy of First Time In Long Time
Session for Soulja Boy recording for the song.","Feb 20, 2022","Sep 22, 2023",3:05,130,OG File,Lossless,https://imgur.gg/f/29aQBXl
DONDA 2 [V1],"FIRST TIME IN A LONG TIME
(ref. Gunna)","OG Filename: Gunna_First Time In a Long Time_nobu
Session for Gunna's reference track.","Feb 8, 2022","Sep 19, 2023",2:32,130,OG File,Lossless,https://imgur.gg/f/UEWRU7J
DONDA 2 [V1],"FOR THE CHILDREN
(ref. Fat Money) (prod. Ojivolta)","OG Filename: FOR THE CHILDREN
Fat Money session. Has acapellas & instrumentals fully exported.","Feb 15, 2022","Dec 22, 2023",3:27,79,OG File,Lossless,https://imgur.gg/f/rUI52gB
DONDA 2 [V1],"FUCK FLOWERS
(ref. Fat Money)
(FLOWERS, KEEP THE FLOWERS)","OG Filename: NEW FUCK FLOWERS
Fat Money reference track made during DONDA 2 sessions. Leaked as part of the ""Can U Be"" groupbuy.","Feb 3, 2022","May 26, 2024",5:44,120,OG File,Lossless,https://imgur.gg/f/fYQnA1f
DONDA 2 [V1],"IT'S A BEAUTIFUL LIFE
(ref. Fat Money) (prod. BoogzDaBeast)
(BEAUTIFUL LIFE)","OG Filename: ITS A BEAUTIFUL LIFE
Session for the Fat Money reference track.","Jan 30, 2022",,1:34,143,OG File,Lossless,https://imgur.gg/f/UTI8vL0
DONDA 2 [V1],"JESSE
(ref. Fat Money) (prod. Digital Nas & John Cunningham)","OG Filename: JESSE
Includes multiple instrumentals, takes, acapellas etc. Leaked as part of a groupbuy.","Feb 17, 2022","Apr 12, 2023",,173,OG File,Lossless,https://imgur.gg/f/Tw6bu4P
DONDA 2 [V1],"KEEP IT BURNIN
(ref. Fat Money) (prod. ATL Jacob)","OG Filename: KEEP IT BURNIN
Session for Fat Money's first reference track, made during DONDA 2 sessions.","Jan 30, 2022",,,175,OG File,Lossless,https://imgur.gg/f/orhuWDh
DONDA 2 [V1],"LIFT ME UP
(ref. Vory) (prod. BoogzDaBeast & Cashmere Brown)
(JUST OUT MY REACH, LORD LIFT ME UP)","OG Filenames: 13. Lift Me Up (Vory)
Session with all the Vory vocal files, the PTX and the instrumental used.","Feb 23, 2022","Feb 18, 2026",2:09,120,OG File,Lossless,https://pillows.su/f/04721e63a8db74a35f94697f101ef6ec
DONDA 2 [V1],"LIFT ME UP
(ref. Fat Money) (prod. AllDay)
(JUST OUT MY REACH, LORD LIFT ME UP)","OG Filename: LIFT ME UP
Fat Money reference track made during DONDA 2 sessions.","Feb 9, 2022",,,120,OG File,Lossless,https://imgur.gg/f/pBdoizd
DONDA 2 [V1],"MAINTENANCE
(prod. Ojivolta)
(Sky High, Still Won't Be Satisfied)","OG Filename: Ye x Future - Maintenance Tracking
Session for an early version. Includes content from the 2021 & 2022 recording sessions for the song.","Feb 14, 2022",,,143,OG File,Lossless,https://imgur.gg/f/QD7ltFw
DONDA 2 [V1],"MARINER
(ref. Fat Money) (prod. AllDay)","OG Filename: MARINER
Vocal-only session for Fat Money's reference track.","Feb 2, 2022","Feb 18, 2026",,90.3,OG File,Lossless,Link Needed
DONDA 2 [V1],"NYC
(with Fivio Foreign & Alicia Keys) (prod. Kanye West, AyoAA, Ojivolta, Dem Jointz, Non Native, BoogzDaBeast, Hemz, Tommy Rush, Tweek Tune, Lil Mav, Bordeaux & MIKE DEAN)
(CITY OF GODS, Empire State Of Mind Pt. 2, Go Easy)","OG Filename: NYC MIKE DEAN MIX 21.16 new AK vox
OG Password: KWMD2022!!
Multitrack session. Leaked after a groupbuy.","Feb 7, 2022","Feb 18, 2026",Varied,150,OG File,Lossless,"https://pillows.su/f/b57406e242d2cafd2da046e103ff843e
https://fileditchfiles.me/file.php?f=/b75/bYNwHDnpXhYRGcTaiYp.zip"
DONDA 2 [V1],"PABLO
(ref. Fat Money) (prod. Beach House, Ojivolta & John Cunningham)","OG Filename: PABLO
Fat Money reference track made during DONDA 2 sessions. Leaked as part of the ""Can U Be"" groupbuy.","Jan 30, 2022","May 26, 2024",2:46,120,OG File,Lossless,https://imgur.gg/f/NxerLyU
DONDA 2 [V1],"PRIVATE LOFI
(ref. Fat Money) (prod. AllDay)","OG Filename: PRIVATE LOFI
Vocal-only session for Fat Money's ""PRIVATE LOFI"" reference.","Jan 29, 2022","Jan 18, 2026",,131,OG File,Lossless,https://imgur.gg/f/4WmgW9u
DONDA 2 [V1],"STOP LOOKING FOR THIS
(ref. Yung Lean) (feat. Gud)","OG Filename: Yung Lean - stoplookingforthis 96 7bpm
Stems/session/vocal takes for Yung Lean's reference track. Has a lot of different alt vocal takes, stems, etc. Partially leaked with just the stems on March 3rd, 2024.","Feb 9, 2022","Feb 18, 2026",,96.7,OG File,Lossless,https://pillows.su/f/21411b27ef05fbf71d9984550708e40e
DONDA 2 [V1],"SUZY
(ref. Fat Money) (prod. AllDay)","OG Filename: SUZY
Session for the Fat Money's reference track. Contains vocal takes recorded between late January to early February 2022.","Feb 5, 2022",,,108,OG File,Lossless,https://imgur.gg/f/jnuybI3
DONDA 2 [V1],"TOO EASY
(prod. Dem Jointz & Beach House)
(2 EAZY, I'M FINNA LOVE ME, LOVE ME, LOVE ME / 2 EASY)","OG Filename: BH TOO EASY V2
Session for an early version identical to the version played at the Miami listening party, but with an unfinished mix.","Feb 12, 2022",,3:32,153,OG File,Lossless,https://imgur.gg/f/R2kdDWv
DONDA 2 [V1],"TURNS ME ON
(ref. Fat Money) (prod. AllDay)","OG Filename: TURNS ME ON 147
Fat Money reference track made during DONDA 2 sessions. Session only contains vocal takes.","Jan 29, 2022","Nov 17, 2023",2:10,147,OG File,Lossless,https://imgur.gg/f/pSMYnFt
DONDA 2 [V1],"UNITED
(prod. Digital Nas & Gavin Hadley)
(LOUIE BAGS)","OG Filename: UNITED
Full FLP for the original instrumental to ""Louie Bags"".","Feb 15, 2022","Feb 18, 2026",2:00,170,OG File,Lossless,"https://imgur.gg/f/OPHD38k
https://fileditchfiles.me/file.php?f=/b78/ZeWmxTRdsPInctKQAYvi.zip"
DONDA 2 [V1],"WE DID IT KID
(ref. Fivio Foreign) (feat. Baby Keem, Quavo & Offset) (prod. Digital Nas, Ryan Svendsen & Ojivolta)
(Kid We Did It, We Did It)","OG Filename: WE DID IT
Session for Fivio Foreign's reference track.","Mar 2, 2022","Dec 25, 2023",3:53,137,OG File,Lossless,https://imgur.gg/f/AWLg2Pu
DONDA 2 [V1],"WE DID IT KID
(feat. Migos)
(Kid We Did It, We Did It)","OG Filename: Copy of YE WE DID IT MIGOS
Session for Migos verse.","Feb 19, 2022",,2:55,148,OG File,Lossless,https://imgur.gg/f/ADA0cuY
DONDA 2 [V1],"WE DID IT KID
(feat. Quavo)
(Kid We Did It, We Did It)",Session for Quavo's verse. Unsure if it's the same session as the Migos one.,,,,137,Snippet,CD Quality,https://imgur.gg/f/tPqhbf8
DONDA 2 [V1],"KayCyy - Malibu
(feat. Kanye West & Francis and the Lights) (prod. Dom Sarfo)","OG Filename: Copy of Jan 3 - Criteria - KayyCyy - Malibu
Has multiple sessions.","Jan 4, 2022","Dec 27, 2022",4:16,89,OG File,Lossless,https://imgur.gg/f/FpvyTrZ
DONDA 2 [V1],"530
(prod. Kanye West, BoogzDaBeast)
(DEAR SUMMER, THE CAR'S MISSING, 530 AM, 5:30)","OG Filename: 530 (Dear Summer) Ye Vocals.06 - no freestyle STEMS
Stems for the finished version.","Apr 8, 2022",,,160,OG File,Lossless,https://imgur.gg/f/fktxQKb
DONDA 2 [V1],"530
(prod. Kanye West, E.VAX & John Cunningham)
(DEAR SUMMER, THE CAR'S MISSING, 530 AM, 5:30)","OG Filename: 530 (Dear Summer) Ye Chop 160bpm.02 - Stems
Stems for the demo / 2.22.22 version.","Feb 22, 2022",,4:01,160,OG File,Lossless,https://imgur.gg/f/O8wOLdd
DONDA 2 [V1],"530 [Drum Stem]
(prod. Digital Nas)
(DEAR SUMMER, THE CAR'S MISSING, 530 AM, 5:30)","OG Filename: 530 digital nas 165 bpm
Drum stem for the Digital Nas version.",,,2:19,165,OG File,CD Quality,https://imgur.gg/f/loRMFwm
DONDA 2 [V1],"BEAUTIFUL LIFE
(prod. Apex Martin)","OG Filename: Beautiful Life_71.5_AmDrumStems
Stems for Apex Martin's drum additions.","Feb 12, 2022",,5:17,71.5,OG File,CD Quality,https://imgur.gg/f/MoH87Pr
DONDA 2 [V1],"BEAUTIFUL LIFE
(ref. Dem Jointz) (prod. BoogzDaBeast & Dem Jointz)","OG Filename: Beautiful LIfe
Stems for the Dem Jointz version.","Feb 8, 2022","Aug 20, 2023",3:34,143,OG File,Lossless,https://imgur.gg/f/ooyoSWI
DONDA 2 [V1],"BROKEN ROAD
(feat. Don Toliver) (prod. MIKE DEAN)
(NOTHING WRONG)","OG Filename: Broken Road - 2-22-22
Stems from a version found in a copy of DONDA 2 dated 2.22.22","Feb 22, 2022",,2:05,138,OG File,Lossless,https://imgur.gg/f/RabLIqj
DONDA 2 [V1],"NOTHING WRONG / BROKEN ROAD
(feat. Don Toliver) (prod. MIKE DEAN)","OG Filenames: 03. Broken Road (all stems)
Instrumental and acapella for the version of the song. OG bounce is also included.","Jan 31, 2022","Feb 18, 2026",2:05,69,OG File,Lossless,https://imgur.gg/f/QR2vOQU
DONDA 2 [V1],"DEPRESSION [Drum Stems]
(prod. Apex Martin)","OG Filename: Depression_146_AM_Drums
Drum stems for a version produced by Apex Martin.","Feb 12, 2022",,3:56,146,OG File,CD Quality,https://imgur.gg/f/iViVLcF
DONDA 2 [V1],"FOR THE CHILDREN
(prod. Ojivolta)","OG Filename: For The Children OxV 79bpm
Stems for the version with unmixed Ojivolta production.","Jan 31, 2022",,2:19,79,OG File,Lossless,https://imgur.gg/f/qJq4aYS
DONDA 2 [V1],"FLOWERS
(prod. Digital Nas, Ojivolta, Twisco & MIKE DEAN)
(FUCK FLOWERS, KEEP THE FLOWERS)","OG Filenames: Flowers - Ye Vocals.02 - Stems
Semi-full stems for a version very similar to release.","Feb 24, 2022","Feb 18, 2026",2:53,120,OG File,Lossless,https://pillows.su/f/210f8932f5987f1b630f238ce72e6ff6
DONDA 2 [V1],"FUCK FLOWERS
(prod. 88-Keys)
(FLOWERS, KEEP THE FLOWERS)","OG Filename: flowers
Stems for the 88-Keys version. Meant to be looped.","Feb 8, 2022","Dec 25, 2023",0:08,120,OG File,Lossless,https://imgur.gg/f/3mL6adL
DONDA 2 [V1],"FUCK FLOWERS
(prod. Digital Nas, John Cunningham, Ojivolta, Scoop, The Twilite Tone & Twisco)
(FLOWERS, KEEP THE FLOWERS)","OG Filenames: 02. Fuck Flowers (need 88 keys version)
Instrumental and acapella for the version of the song. OG bounce is also included.","Feb 8, 2022","Feb 18, 2026",2:29,120,OG File,Lossless,https://imgur.gg/f/kcq9kkz
DONDA 2 [V1],"FUCK FLOWERS
(prod. The Twilite Tone)
(FLOWERS, KEEP THE FLOWERS)","OG Filename: The Twilite Tone - Fuck Flowers Stems 120BPM
Stems for the Twilight Tone version.","Feb 15, 2022","Dec 25, 2023",2:32,120,OG File,Lossless,https://imgur.gg/f/EidQSBB
DONDA 2 [V1],"FUCK FLOWERS
(prod. Digital Nas & The Twilite Tone)
(FLOWERS, KEEP THE FLOWERS)","OG Filename: FUCK FLOWERS 1
Version with The Twilite Tone drum additions.","Feb 6, 2022","Feb 18, 2026",3:40,120,OG File,Lossless,https://imgur.gg/f/GNyg5CI
DONDA 2 [V1],"FUCK FLOWERS
(prod. Digital Nas & The Twilite Tone)
(FLOWERS, KEEP THE FLOWERS)","OG Filename: FUCK FLOWERS 2
Version with The Twilite Tone instrumental additions, being the melody stabs and drums.","Feb 6, 2022","Feb 18, 2026",3:40,120,OG File,Lossless,https://imgur.gg/f/wQuEICF
DONDA 2 [V1],"FUCK FLOWERS
(prod. Digital Nas & The Twilite Tone)
(FLOWERS, KEEP THE FLOWERS)","OG Filename: FUCK FLOWERS 3
Version with The Twilite Tone instrumental additions, only two of the drum stems actually have sound.","Feb 6, 2022","Feb 18, 2026",3:40,120,OG File,Lossless,https://imgur.gg/f/7VRP8xF
DONDA 2 [V1],"FUCK FLOWERS
(prod. Digital Nas & The Twilite Tone)
(FLOWERS, KEEP THE FLOWERS)","OG Filename: FUCK FLOWERS 4
Version with The Twilite Tone instrumental additions, being just 2 drum stems.","Feb 6, 2022","Feb 18, 2026",3:40,120,OG File,Lossless,https://imgur.gg/f/yK1rCRy
DONDA 2 [V1],"GET LOST [Synth Stem]
(prod. Marilyn Manson)
(I GET LOST)","OG Filename: MM 03. Get Lost ending 137 Synth
Synth stem for the Marilyn Manson produced version of the song.",,,2:39,70,OG File,Lossless,https://imgur.gg/f/pPD33RI
DONDA 2 [V1],"GET LOST
(prod. John Cunningham & Ojivolta)
(I GET LOST)","OG Filename: Get Lost JC Cut End
Stems for the John Cunningham version.",,"Feb 18, 2026",2:24,70,OG File,Lossless,https://imgur.gg/f/VWRvzid
DONDA 2 [V1],"IT'S A BEAUTIFUL LIFE
(ref. Fya Man)
(BEAUTIFUL LIFE)","OG Filename: IT'S A BEAUTIFUL LIFE
Stems for the Fya Man version. Contains just the instrumental and acapella.","Feb 12, 2022",,3:08,143,OG File,Lossless,https://imgur.gg/f/btXs5Br
DONDA 2 [V1],"JESSE
(prod. Digital Nas, Foreign Vu, John Cunningham, Manny Laurenko & Qua.xo)","OG Filename: Jesse JC Chop
Stems for the John Cunningham version.","Feb 12, 2022","Feb 18, 2026",2:13,173,OG File,Lossless,https://pillows.su/f/4843f9b1bee2ee4a84331fe64a12a03c
DONDA 2 [V1],"KEEP IT BURNIN
(prod. ATL Jacob, DB! & Ojivolta)
(KEEP IT BURNING, City On Fire)","OG Filename: Keep It Burnin
Instrumentals and a hi-hat stem for an Ojivolta version","Feb 19, 2022","Feb 18, 2026",3:28,87,OG File,CD Quality,https://imgur.gg/f/B4bnOrW
DONDA 2 [V1],"LOUIE BAGS
(feat. Jack Harlow) (prod. Digital Nas, Gavin Hadley, JW Lucas & Kid Krono)
(VIRGIL PASSED, LOUIE BAG, LOUIS BAGS, UNITED)","OG Filenames: 14. Louie Bags APPROVED w Jack Harlow
Includes the original FLP for the beat, alongside an acapella and instrumental. Bounce is completely different compared to the stems.","Feb 23, 2022","Feb 18, 2026",3:12,170,OG File,Lossless,https://pillows.su/f/dea7758c21dc0b7ec4b76690da67dc3b
DONDA 2 [V1],"MAINTENANCE
(prod. Ojivolta)
(Sky High, Still Won't Be Satisfied)","OG Filename: Maintenance
Folder with some acapellas, bounces and screenshots of AutoTune settings for the vocals.","Feb 14, 2022","Feb 18, 2026",Varied,143,OG File,Lossless,https://pillows.su/f/0cf41be46074966dfb92665535e7f27e
DONDA 2 [V1],"MAINTENANCE
(prod. Marilyn Manson)
(Sky High, Still Won't Be Satisfied)","OG Filename: MM 12. Maintenance 143 MM
Stems for a Marilyn Manson's additions to the song. Included in the ""Maintenance"" x ""On Fire"" bundle.",,"May 16, 2023",,143,OG File,Lossless,https://imgur.gg/f/dYNrrfO
DONDA 2 [V1],"MAINTENANCE
(prod. Ojivolta & Apex Martin)
(Sky High, Still Won't Be Satisfied)","OG Filename: Maintenance_143_AMDrumStems
Stems for a version with Apex Martin drums.",,,,143,OG File,Lossless,https://imgur.gg/f/MYa3EgL
DONDA 2 [V1],"MAINTENANCE
(prod. Ojivolta)
(Sky High, Still Won't Be Satisfied)","OG Filename: Maintenance Stems 143 OxV
Complete synth and vocal stems for an earlier Ojivolta version.",,"Oct 1, 2023",,143,OG File,Lossless,https://imgur.gg/f/jUZyNYm
DONDA 2 [V1],"MAINTENANCE
(prod. Ojivolta)
(Sky High, Still Won't Be Satisfied)","OG Filename: Maintenance - Ye Vocals.05 Ref - STEMS
Stems for the finished version. Included in the ""Maintenance"" x ""On Fire"" bundle.","Mar 29, 2022","May 16, 2023",2:07,143,OG File,Lossless,https://imgur.gg/f/SrymLdD
DONDA 2 [V1],"MAINTENANCE
(prod. Wheezy & Ojivolta)
(Sky High, Still Won't Be Satisfied)","OG Filenames: MAINTENANCE (WHEEZY) &
WHEEZY-MAINTENANCE (Rim shot switch)
Stems for a version with Wheezy production. Included in the session.","Feb 17, 2022",,1:53,143,OG File,Lossless,https://imgur.gg/f/6XvanQm
DONDA 2 [V1],"MAINTENANCE
(feat. Future) (prod. Ojivolta)
(SKY HIGH, Still Won't Be Satisfied)","OG Filename: Maintenance
Has photos of what autotune is used alongside autotuned takes of the vocals.","Feb 14, 2022","Feb 18, 2026",Varied,143,OG File,Lossless,https://pillows.su/f/9777d606e9e9ab932eb5c374befc7574
DONDA 2 [V1],"MR. MIYAGI
(feat. Future & Playboi Carti) (prod. AyoAA)","OG Filename: MR MIAGI MIKE DEAN MIX 102 CLEAN STEMS AND STEREO MIXES 146 BPM
Stems for the version which was planned to be released on Stem Player before it was scrapped. Ordered in Stem Player fashion.","Mar 15, 2022","May 19, 2023",2:57,146,OG File,Lossless,https://imgur.gg/f/7mdQ0Zy
DONDA 2 [V1],"MR. MIYAGI
(feat. Future) (prod. AyoAA, John Cunningham & Ojivolta)","OG Filenames: Mr Miagi AyoAA &
mr miyagi AyoAA Stems &
mr miyagi AyoAA Stems 2
Stems for the drums AyoAA added onto the song alongside the drumless bounce he added the production onto.","Feb 6, 2022","Feb 18, 2026",2:53,146,OG File,Lossless,https://pillows.su/f/c4cad7b954fa0ff3e790e8d56d4b5c0a
DONDA 2 [V1],"PABLO
(feat. Future) (prod. ATL Jacob, Digital Nas, FnZ, John Cunningham & Marilyn Manson)","""Stems"" for a version with Marilyn Manson production that would be later used for the GOOD Fridays versions. The stem ""MM Pablo 120 Keys"" was made on Feb 25th 2022, and ""MM Pablo 120 Synth"" was made on Feb 21st 2022. Leaked as a bonus for the second ""THIRSTY"" groupbuy","Feb 25, 2022","Dec 17, 2024",2:38,125,Full,Lossless,https://imgur.gg/f/YUhj1i4
DONDA 2 [V1],"PABLO
(ref. Strick) (feat. Future) (prod. ATL Jacob, Digital Nas, FNZ, Kanye West & $crim)","OG Filenames: 13. Pablo (only have Inst & ACA)
Instrumental and acapella for the version of the song. bounce included has no Strick, but he is on the lossless acapella.","Feb 3, 2022","Feb 18, 2026",2:32,120,OG File,Lossless,https://imgur.gg/f/OOI4xwe
DONDA 2 [V1],"PABLO
(ref. Strick) (feat. Future) (prod. Chase)","OG Filename: PABLO STEMS
Stems for the Chase version. Leaked after a successful Joebuy. 2 stems are missing (the files are included, but they are empty).","Feb 12, 2022",,2:32,120,Partial,Lossless,https://imgur.gg/f/KZNXxYY
DONDA 2 [V1],"PABLO
(feat. Future) (prod. ATL Jacob, Digital Nas, FNZ, Kanye West & $crim)","OG Filename: PABLO EXPORTS
Early version with quieter Digital Nas production and lacking Travis Scott vocals. Has an extra mumble line not present in later versions.","Feb 16, 2022","Feb 18, 2026",2:20,124,OG File,Lossless,https://imgur.gg/f/dgSI785
DONDA 2 [V1],"PABLO
(feat. Future) (prod. ATL Jacob, FNZ, Kanye West & $crim)","OG Filename: PABLO
Has the version from Feburary 10th and January 16th included.","Feb 10, 2022","Feb 18, 2026",Varied,124,OG File,Lossless,https://pillows.su/f/2d9d8821f3520d3bb25267fc8c9bbd6c
DONDA 2 [V1],"PABLO
(feat. Future) (prod. $crim, FNZ, ATL Jacob, Kanye West, Beach House, Digital Nas & John Cunningham)","OG Filename: Pablo Ye JC Edit V5 - Stems
Full stems for the John Cunningham version.","Feb 20, 2022","Feb 18, 2026",2:24,124,OG File,Lossless,https://pillows.su/f/f1d299130666c7efee4493b65c2152ff
DONDA 2 [V1],"PABLO
(feat. Future) (prod. $crim, FNZ, ATL Jacob, Kanye West, Beach House, Digital Nas, Ojivolta, Scott Bridgeway & John Cunningham)","OG Filename: Pablo 66 Drums v.3 Bridgeway OxV
Has alternate production from Scott Bridgeway and Ojivolta.","Feb 23, 2022","Feb 18, 2026",2:36,124,OG File,Lossless,https://pillows.su/f/139a1d72dd66e5b2669e0d77e1c6dfa9
DONDA 2 [V1],"PAID TO TALK
(prod. Kanye West & Wheezy)
(HAPPY)","OG Filenames: ye chop wave
Initial beat stems. According to Wheezy in a tweet, Ye chopped the sample and he did the drums. Stems re-bounced Feb 14th, 2022 for an unknown reason.","Feb 14, 2022","Feb 18, 2026",1:05,121,OG File,Lossless,https://pillows.su/f/a38885a5f26de53cd660551717c5a507
DONDA 2 [V1],"SCI FI
(feat. Sean Leon) (prod. Ojivolta & MIKE DEAN)
(Dawn, Oxygen, OXYGEN OR WIFI, SCI FI WI FI, SCI-FI)","OG Filenames: 09. Sci-fi SL
Instrumental, acapella and the Kim sample for the version of the song.","Feb 23, 2022","Feb 18, 2026",4:00,160,OG File,Lossless,https://pillows.su/f/5639046fd8439e7eda35dd9a2eb5cad9
DONDA 2 [V1],"SCI FI WiFi
(feat. Sean Leon) (prod. Aaron Paris, CVRE & LUCA)
(Dawn, Oxygen, OXYGEN OR WIFI, SCI-FI)","OG Filenames: SCI FI WIFI - SL (WET) FEB 8 2022
Full stems.","Feb 10, 2022","Feb 18, 2026",3:18,160,OG File,Lossless,https://pillows.su/f/e2167020b5ca0c3a36ebfb4d61bff37f
DONDA 2 [V1],"SECURITY
(prod. Digital Nas, John Cunningham, Kanye West & Lenny Wee)
(BE ON THE ALBUM, SECURITY AT RISK)","OG Filename: Security NEW 2-22-22
Full stems for the 2.22.22 version with the vocals at the end intended for the Sunday Service Choir to record over.","Feb 22, 2022","Feb 18, 2026",2:18,83,OG File,Lossless,https://pillows.su/f/c0a4fdcab672112e6c57ad31bb75a182
DONDA 2 [V1],"SECURITY
(prod. Digital Nas & Kanye West)
(BE ON THE ALBUM, SECURITY AT RISK)","OG Filenames: 01. Security (all stems)
Instrumental and acapella for the version of the song. OG bounce is also included.","Feb 6, 2022","Feb 18, 2026",1:46,83,OG File,Lossless,https://imgur.gg/f/F3PQ4it
DONDA 2 [V1],"SECURITY [Sample Stem]
(prod. Digital Nas & Kanye West)
(BE ON THE ALBUM, SECURITY AT RISK)","OG Filenames: security no mix 2
Extremely early version, without any pitching and just the sample chops.",,"Feb 18, 2026",0:44,83,OG File,Lossless,https://imgur.gg/f/bGeMSx5
DONDA 2 [V1],"SELFISH
(feat. XXXTENTACION) (prod. Ojivolta, MIKE DEAN, John Cunningham & Twisco)","OG Filenames: Selfish APPROVED v2 - Stems
Full stems.","Feb 23, 2022","Feb 18, 2026",1:41,124,OG File,Lossless,https://pillows.su/f/f7e5180cff744b2011df36255d95c258
DONDA 2 [V1],"STOP LOOKING AT THIS
(ref. VIC MENSA) (prod. John Cunningham)
(88 BASS GUITAR, STOP LOOKING FOR THIS)","OG Filename: Stop Looking at This
Instrumental and acapella for the John Cunningham version.","Feb 14, 2022","Feb 18, 2026",3:08,96.7,OG File,Lossless,https://pillows.su/f/6f0376c18dcc90623029e7e3cba14b7a
DONDA 2 [V1],"SUZY
(ref. Fat Money) (prod. AllDay & Marilyn Manson)
(SUZY MORE TIME, THINGS CHANGE)","OG Filename: MM 21 FatMoney SuzyExt 1083
Stems for Marilyn Manson's version.",,"Sep 18, 2023",,108,OG File,Lossless,https://imgur.gg/f/h7VHJQz
DONDA 2 [V1],"SUZY
(ref. Fat Money) (prod. AllDay)
(SUZY MORE TIME, THINGS CHANGE)","OG Filenames: Fatmoney Suzy (no stems its a sample)
Instrumental and acapella for the version of the song. OG bounce is also included.","Feb 3, 2022","Feb 18, 2026",4:25,108,OG File,Lossless,https://pillows.su/f/321852861ecfbe9679249a4337eb540a
DONDA 2 [V1],"TOO EASY
(prod. Dem Jointz & Beach House)
(2 EAZY, I'm Finna Love Me, LOVE ME / 2 EASY, Too Easy)","OG Filename: TOO EASY 2-22-22
Full stems for the 2.22.22 version. Has the fully finished vocal stems.","Feb 22, 2022","Feb 18, 2026",2:58,153,OG File,Lossless,https://pillows.su/f/f7c8bcbb2134d248ccfd45452602eb13
DONDA 2 [V1],"TOO EASY
(prod. E.VAX)
(2 EAZY, I'M FINNA LOVE ME, LOVE ME, LOVE ME / 2 EASY)","OG Filename: Too Easy E.VAX stems
Stems for the E.VAX version.",,,,153,OG File,Lossless,https://imgur.gg/f/TO34BWC
DONDA 2 [V1],"LOVE ME
(ref. Dem Jointz) (feat. STALONE) (prod. Dem Jointz & Beach House)
(2 EAZY, I'M FINNA LOVE ME, LOVE ME / 2 EASY, TOO EASY)","OG Filename: LOVE ME (Dem Jointz Vox Edit Stems)
Stems for the Dem Jointz version.","Feb 22, 2022",,2:58,153,OG File,Lossless,https://imgur.gg/f/2fExY69
DONDA 2 [V1],"LOVE ME
(feat. Dem Jointz) (prod. Dem Jointz & John Cunningham)
(2 EAZY, I'M FINNA LOVE ME, TOO EASY, LOVE ME / 2 EASY)","OG Filename: LOVE ME 2 STEMS (2 - 9th-22)
Has additional Dem Jointz production alongside a completely different intro and an open verse.","Feb 10, 2022","Feb 18, 2026",3:10,153,OG File,Lossless,https://pillows.su/f/1d979aac6d4f28ef424182aad209a8ce
DONDA 2 [V1],"TRUE LOVE
(feat. XXXTENTACION) (prod. Beach House & John Cunningham)","OG Filenames: BH TRUE LOVE V3
Full stems but is presented in a session style with a PTX.","Feb 12, 2022","Feb 18, 2026",3:16,84,OG File,Lossless,https://pillows.su/f/88c64f4cc31bc09dddc81c88e0d301d5
DONDA 2 [V1],"TRUE LOVE
(feat. XXXTENTACION) (prod. Kanye West, John Cunningham, Ojivolta, MIKE DEAN & Twisco)","OG Filenames: True Love.97 v.14 Stems 84bpm
Full stems for a version with the OG drums.","Feb 24, 2022","Feb 18, 2026",3:17,84,OG File,Lossless,https://pillows.su/f/b6e836e3e152fad9820c1b164e52b81f
DONDA 2 [V1],"TRUE LOVE
(feat. XXXTENTACION) (prod. Ojivolta & John Cunningham)","OG Filename: True Love
Ojivolta version with mumble Ye vocals.","Feb 10, 2022","Feb 18, 2026",3:25,84,OG File,Lossless,https://pillows.su/f/04e22e21949fbdebe4a777c7dad12829
DONDA 2 [V1],"TRUE LOVE [Drum Stem]
(prod. Ojivolta)","OG Filename: DRM True Love 84bpm 
Drum stem for the song.",,"Feb 3, 2026",0:11,84,OG File,Lossless,https://imgur.gg/f/yO6ZuNl
DONDA 2 [V1],"WE DID IT
(prod. ATL Jacob)
(KID WE DID IT, WE DID IT KID)","OG Filename: WE DID IT
Stems for the ATL Jacob version.","Feb 5, 2022",,5:36,137,OG File,Lossless,https://imgur.gg/f/ue67egP
DONDA 2 [V1],"WE DID IT
(prod. Digital Nas)
(KID WE DID IT, WE DID IT KID)","OG Filename: we did it
Stems for a Digital Nas version of the beat.","Feb 13, 2022","Apr 5, 2024",2:55,148,OG File,Lossless,https://imgur.gg/f/jMrZNXS
DONDA 2 [V1],"WE DID IT KID
(feat. Baby Keem, Quavo & Offset) (prod. Digital Nas, Ryan Svendsen & Ojivolta)
(KID WE DID IT, WE DID IT)","OG Filename: We Did It Kid 83 Stems 148 bpm OxV
Early Ojivolta version pre-Mike Dean mixing, basically the same as release.","Feb 21, 2022","Feb 18, 2026",2:48,137,OG File,Lossless,https://imgur.gg/f/EPgXhZw
DONDA 2 [V1],"WE DID IT KID
(feat. Baby Keem, Quavo & Offset) (prod. Digital Nas, Ryan Svendsen & Ojivolta)
(KID WE DID IT, WE DID IT)","OG Filename: WE DID IT KID STEMS AND STEREO MIX MIKE DEAN MIX 2
Same as the Stem Player version, except uncensored.","Feb 23, 2022",,2:48,137,OG File,Lossless,https://imgur.gg/f/E1fen4t
DONDA 2 [V1],"WE DID IT KID
(feat. Baby Keem, Quavo & Offset) (prod. Digital Nas, Ryan Svendsen & Ojivolta)
(KID WE DID IT, WE DID IT)","OG Filename: We did it Kid - All vocals.03.mp3 VOX
Stems for an updated version, which is censored. Includes finished vocals from Kanye, as well as an extra verse from him at the end.","Mar 10, 2022",,3:55,137,OG File,Lossless,https://imgur.gg/f/rG8HLgv
DONDA 2 [V1],"WE DID IT KID
(feat. Baby Keem, Quavo & Offset) (prod. Digital Nas, Ryan Svendsen & Ojivolta)
(KID WE DID IT, WE DID IT)","OG Filename: WE DID IT KID MIKE DEAN MIX 4 CLEAN STEMS AND STEREO MIXES
Stems for the mixed version of the previous version.","Mar 19, 2022",,3:55,137,OG File,Lossless,https://pillows.su/f/dca04ee7e44b1e55aa88c7cf6e6d0a5b
DONDA 2 [V1],"WE DID IT KID
(feat. Baby Keem, Quavo & Offset) (prod. Digital Nas, Ryan Svendsen & Ojivolta)
(KID WE DID IT, WE DID IT)","OG Filename: WE DID IT KID MIKE DEAN MIX 5 CLEAN STEMS AND STEREO MIXES NO ALT 808
Stems for an updated version, which is censored. Includes finished vocals from Kanye and an extra verse from him at the end. Labelled as having no alternate 808.","Mar 21, 2022",,3:55,137,OG File,Lossless,https://imgur.gg/f/mPQxbth
DONDA 2 [V1],"WE DID IT KID
(feat. Migos, Rich The Kid & Playboi Carti) (prod. AyoAA)
(KID WE DID IT, WE DID IT)","OG Filename: Migos, Rich The Kid - We Did It Kid Stems
Stems for a version with Migos, Rich The Kid & Playboi Carti. Included in the ""We Did It Kid"" bundle buy.","Feb 19, 2022","Apr 28, 2023",4:05,137,OG File,Lossless,https://imgur.gg/f/7VcubHZ
DONDA 2 [V1],"WE DID IT KID
(prod. BoogzDaBeast, FNZ, Ojivolta, Ryan Svedsen & Tom Levesque)
(KID WE DID IT, WE DID IT)","OG Filenames: 06. We Did it Kid (all stems)
Instrumental and acapella for the version of the song. OG bounce is also included.","Feb 4, 2022","Feb 18, 2026",3:09,136,OG File,Lossless,https://pillows.su/f/6bc463f4013c74ee9f0e860bd040d108
DONDA 2 [V1],"WE DID IT KID
(prod. Ojivolta & Digital Nas)
(KID WE DID IT, WE DID IT)","OG Filename: We Did It Kid 45 Stems 148 bpm Final OxV
Stems for an Ojivolta version with the cutdown freestyle. Also has Digital Nas drums.","Feb 19, 2022",,2:17,148,OG File,Lossless,https://imgur.gg/f/3bcth4E
DONDA 2 [V1],"WE DID IT KID
(prod. Wheezy)
(KID WE DID IT, WE DID IT)","OG Filename: WE DID IT KID (WHEEZY)
Stems for a version with Wheezy drums.","Feb 14, 2022","Sep 22, 2023",3:09,137,OG File,Lossless,https://imgur.gg/f/zQyXbLI
DONDA 2 [V1],"WE DID IT KID
(prod. ATL Jacob)
(WE DID IT)","OG Filename: We did it kid
Cut-down freestyle with alternate drums.","Feb 5, 2022","Feb 18, 2026",5:36,137,OG File,Lossless,https://pillows.su/f/1dc513eb96e4224626e531c0b53d3511
DONDA 2 [V1],"WE DID IT KID
(prod. BoogzDaBeast, FNZ, Ojivolta, Ryan Svedsen & Tom Levesque)
(WE DID IT)","OG Filename: 06. We Did it Kid (all stems)
Cut-down freestyle, over a drumless version of the original instrumental.","Feb 12, 2022","Feb 18, 2026",3:09,137,OG File,Lossless,https://pillows.su/f/41141d6413a086551bd2c08ce13c387c
DONDA 2 [V1],"NEVER FORGIVE YOURSELF
(ref. Dem Jointz) (prod. Dem Jointz & BoogzDaBeast)
(CANDYLAND, NEVER FORGIVE URSELF, WORST MISTAKE, YEAH I KNOW)","OG Filename: NEVER FORGIVE YOURSELF
Stems.","Feb 11, 2022","May 26, 2023",3:27,144/120,OG File,Lossless,https://imgur.gg/f/qiPH1uH
DONDA 2 [V1],"NEVER FORGIVE YOURSELF
(prod. DY Krazy & Tre Pounds)
(CANDYLAND, FORGIVE YOURSELF, NEVER FORGIVE URSELF, YEAH I KNOW, WORST MISTAKE)","OG Filename: Never Forgive Yourself (worst mistake)
Instrumental and acapella for the initial version.",,"Feb 18, 2026",,148,OG File,Lossless,https://pillows.su/f/57aeaf1e0f4a2dcd5d8e8b2c6f7bf8c3
DONDA 2 [V1],"WORST MISTAKE
(prod. BoogzDaBeast & Beach House)
(CANDYLAND, FORGIVE YOURSELF, NEVER FORGIVE YOURSELF, YEAH I KNOW)","OG Filename: 01 Worst Mistake BH V2 (Candyland) Stems 148bpm
Stems for the Beach House version.","Feb 13, 2022",,5:03,148,OG File,Lossless,"https://imgur.gg/f/X8bLLhT
https://drive.google.com/file/d/1HHrVMYjiW49RerABGGqCnMHmQTcnsG6b/view?usp=sharing"
DONDA 2 [V1],"WORST MISTAKE
(prod. BoogzDaBeast & Boi-1da)
(CANDYLAND, FORGIVE YOURSELF, NEVER FORGIVE YOURSELF, YEAH I KNOW)","OG Filename: Worst Mistake (Never Forgive Yourself)
Stems for the original freestyle that were sent to producers to work on, as well as Future to write over.","Jan 30, 2022",,5:37,148,OG File,Lossless,https://imgur.gg/f/ovc5UpE
DONDA 2 [V1],"WORST MISTAKE (NEVER FORGIVE YOURSELF)
(prod. DY Krazy & Tre Pounds)
(CANDYLAND, FORGIVE YOURSELF, NEVER FORGIVE URSELF, YEAH I KNOW)","OG Filenames: Worst Mistake (Never Forgive Yourself)
Full beat stems that are meant to be looped, bounce is also included but there are no Ye vocals.","Feb 9, 2022","Feb 18, 2026",0:53,148,OG File,Lossless,https://pillows.su/f/66aa2f9d5db050b690f46fb76460453d
DONDA 2 [V1],"???
(Sam Cooke Sample)","OG Filename: INSTRUMENTAL
OG Password: KWSF2021!!
On December 28th, 2021, Ye was seen working on new music in the studio with Scarface. Samples ""Change Is Gonna Come"" by Sam Cooke. Password protected stems for this version were cracked by ben3759. Has three sample tracks and one track of Ye beatboxing. Original snippet leaked February 3rd, 2025. Bounce leaked as a bonus for a Soakbuy. Beat would later be given to North for Elementary School Dropout.","Dec 31, 2021","Feb 3, 2025",3:34,81,OG File,Lossless,https://imgur.gg/f/PXuyXSV
DONDA 2 [V1],"???
(prod. Marilyn Manson)","OG Filename: MANSON 011922 A 151 mix
Stems for a beat made by Marilyn Manson during pre-DONDA 2 sessions. It is not known if Kanye recorded on it.","Jan 19, 2022","Dec 14, 2024",2:37,151,OG File,Lossless,https://imgur.gg/f/d5BvPWU
DONDA 2 [V1],"James Blake - Through The High Wire
(prod. James Blake)",Seller of the song claimed to have stems for it.,,,,134,Rumored,Not Available,https://imgur.gg/f/ThefQhy
DONDA 2 [V1],"Vory - Daylight
(feat. Kanye West) (prod. 88-Keys, E.VAX, Kanye West & Ojivolta)
(Day Light, Sunrays)","OG Filename: DAYLIGHT MIKE DEAN MIX 4 STEMS 79.5 BPM
Stems for the released version of ""Daylight"". Leaked from a Roc Nation A&R Box link.","Apr 22, 2022","Mar 14, 2026",3:25,79.5/159,OG File,Lossless,"https://pillows.su/f/9250024a77d5f2766baf296ca460237f
https://www.mediafire.com/file/diyres725nxlj3y/DAYLIGHT_MIKE_DEAN_MIX_4_STEMS_79.5_BPM.zip/file"
DONDA 2 [V1],"XXXTENTACION - Selfish
(prod. John Cunningham)","OG Filename: Selfish JC XXX Stems
Stems for an early version with additional production from John Cunningham and one open verse. Said to been made on January 30th 2022 and could just be a rebounce like ""True Love"" did to get prepared to be worked on in the later versions. Leaked as a bonus for the ""Gnarly Freestyle!"" groupbuy from the X community.","Jan 30, 2022","Apr 4, 2024",1:56,124,OG File,Lossless,https://imgur.gg/f/EeqKkp0
DONDA 2 [V1],"XXXTENTACION - True Love
(prod. John Cunningham)","OG Filename: True Love.02 - Stems
Stems for XXXTENTACION's solo version.","Jan 29, 2022","Apr 11, 2024",1:39,84,OG File,Lossless,https://imgur.gg/f/ft8GLxZ
DONDA 2 [V1],"530 [Dry Acapella]
(ref. Fivio Foreign)
(DEAR SUMMER, THE CAR'S MISSING, 530 AM, 5:30)","OG Filename: 530_Fivio_dear summer_VOX_Dry_01.29.22_1
Acapella for the Fivio version.","Jan 29, 2022",,2:41,155,OG File,Lossless,https://imgur.gg/f/c6p93dw
DONDA 2 [V1],"530 [Wet Acapella]
(ref. Fivio Foreign)
(DEAR SUMMER, THE CAR'S MISSING, 530 AM, 5:30)","OG Filename: VOX 530_Fivio_dear summer_01.29.22
Acapella for the Fivio version with FX.","Jan 29, 2022",,2:41,155,OG File,Lossless,https://imgur.gg/f/m6LXZ3N
DONDA 2 [V1],"DEAR SUMMER
(ref. Fya Man) (feat. Shenseea)
(DEAR SUMMER, THE CAR'S MISSING, 530 AM, 5:30)","OG Filename: DEAR SUMMER ACAPELLA  77.5bpm D MAJ V1
Writers acapella reference track for the song.","Feb 12, 2022",,2:03,77.5,OG File,Lossless,https://imgur.gg/f/aExcvnd
DONDA 2 [V1],"CLOSED FOR BUSINESS
(ref. Fat Money)
(CITY OF CHI)","OG Filename: VOX - CLOSED FOR BUSINESS
Fat Money acapella made during DONDA 2 sessions. Leaked as part of the ""Can U Be"" groupbuy.","Feb 6, 2022","May 26, 2024",2:36,112,OG File,Lossless,https://imgur.gg/f/HV1vP3t
DONDA 2 [V1],"CLOSED FOR BUSINESS
(ref. Fya Man, Malik Yusef, Courtlin Jabrae & Poplord) (feat. Don Toliver)
(CITY OF CHI)","OG Filename: CLOSED FOR BUSINESS V1 112 Dmin ACAPELLA
Acapella reference track. Don Toliver's vocals are AI extracted for whatever reason.","Feb 12, 2022",,2:51,112,OG File,Lossless,https://imgur.gg/f/cSaJENi
DONDA 2 [V1],"FIRST TIME IN A LONG TIME [Gunna Vocal Stem]
(ref. Gunna)","OG Filename: ACA Gunna_First Time In a Long Time_nobu freestyle
The vocal stem to Gunna's reference track.","Feb 8, 2022","Sep 19, 2023",2:32,130,OG File,Lossless,https://imgur.gg/f/8SOxuam
DONDA 2 [V1],"FRIENDS I'D SMASH
(prod. Digital Nas)
(FLOWERS, FUCK FLOWERS, KEEP THE FLOWERS)","OG Filename: VOX 1 Ye Freestyle AWESOME digital nas friends i'd smash - 1.30.22
Acapella for the first half of the freestyle.","Jan 30, 2022","Feb 18, 2026",6:32,120,OG File,Lossless,https://imgur.gg/f/rGLQ8jw
DONDA 2 [V1],"FRIENDS I'D SMASH
(prod. Digital Nas)
(FLOWERS, FUCK FLOWERS, KEEP THE FLOWERS)","OG Filename: VOX 2 Ye Freestyle AWESOME digital nas friends i'd smash - 1.30.22
Acapella for the second half of the freestyle.","Jan 30, 2022","Feb 18, 2026",6:32,120,OG File,Lossless,https://imgur.gg/f/EPm4gPI
DONDA 2 [V1],"FUCK FLOWERS
(ref. Malik Yusef, Courtlin Jabrae, PopLord & Fya Man)
(FLOWERS, KEEP THE FLOWERS)","OG Filename: FUCK FLOWERS MALIK JABRAE POPLORD FYA MAN ACAPELLA V2 120bpm Gmaj
Acapella reference track.","Feb 12, 2022",,2:24,120,OG File,Lossless,https://imgur.gg/f/GjoNqJt
DONDA 2 [V1],"DAMN JESSE
(ref. Fat Money) (prod. Digital Nas & John Cunningham)
(JESSE)","OG Filename: FAT MONEY - damn JESSE acca
Acapella found in the ""__DONDA 2 ALL ACCESS FOLDER"" zip, matches up with Fat Money's second ""JESSE"" reference.","Feb 17, 2022","Feb 18, 2026",2:03,173,OG File,CD Quality,https://imgur.gg/f/fpqCCxb
DONDA 2 [V1],"LOUIE BAGS
(VIRGIL PASSED, LOUIE BAG, LOUIS BAGS)","OG Filename: Ye Freestyle UNITED Louie Bags 1.30.22 - ACA
Acapella for the freestyle.","Jan 30, 2022",,5:39,170,OG File,Lossless,https://imgur.gg/f/qXCtJzp
DONDA 2 [V1],"MAINTENANCE
(feat. Future)
(Sky High, Still Won't Be Satisfied)","OG Filename: OG ACA - Maintenance 143bpm
OG Acapella.",,,2:07,143,OG File,Lossless,https://imgur.gg/f/gTPcYNg
DONDA 2 [V1],"MAINTENANCE [Re-Recorded Vocal Stem]
(Sky High, Still Won't Be Satisfied)",New vocals recorded by Kanye to fill in the mumble from earlier versions.,,,2:07,143,Full,Lossless,https://imgur.gg/f/UcTNWCj
DONDA 2 [V1],"MR. MIAGI
(ref. Fya Man & PopLord) (feat. Future)
(MR. MIYAGI)","OG Filename: MR MIAGI ACAPELLA V1
Reference acapella. Leaked as part of a groupbuy bonus.","Feb 13, 2022","Mar 11, 2024",2:46,138,OG File,Lossless,https://imgur.gg/f/3jbLNJn
DONDA 2 [V1],"PABLO
(ref. Bump J)","OG Filename: bump pablo acappella
Acapella for the Bump J reference track.","Feb 12, 2022","Nov 8, 2023",0:42,120,OG File,CD Quality,https://imgur.gg/f/1U31vdi
DONDA 2 [V1],"PABLO
(ref. Baby Keem)","OG Filename: Pablo_KEEM REFF 2_ACA
Baby Keem reference track acapella. Starts at 34 seconds.","Feb 21, 2022","Aug 14, 2025",2:31,120,OG File,CD Quality,https://imgur.gg/f/edd6b2Y
DONDA 2 [V1],"SECURITY
(ref. Baby Keem)","OG Filename: SECURITY_KEEM ACA
Baby Keem reference track acapella. Starts at 10 seconds.",,,1:49,83,OG File,Lossless,https://imgur.gg/f/C41l6fD
DONDA 2 [V1],"STOP LOOKING AT THIS
(feat. VIC MENSA)
(88 BASS GUITAR, STOP LOOKING FOR THIS)","OG Filename: Stop Looking at This 96.7bpm - Ye JC Edit.06 - ACA
VIC MENSA acapella.","Feb 16, 2022",,3:09,96.7,OG File,Lossless,https://imgur.gg/f/4YTZges
DONDA 2 [V1],"STOP LOOKING FOR THIS [Dry Acapella]
(ref. Yung Lean) (feat. Gud)
(88 BASS GUITAR, STOP LOOKING AT THIS)","OG Filename: stop looking for this vox dry
Dry acapella.",,,1:59,96.7,OG File,CD Quality,https://imgur.gg/f/UDfsXUu
DONDA 2 [V1],"STOP LOOKING FOR THIS [Wet Acapella]
(ref. Yung Lean) (feat. Gud)
(88 BASS GUITAR, STOP LOOKING AT THIS)","OG Filename: stop looking for this vox
Wet acapella.",,,1:59,96.7,OG File,Lossless,https://imgur.gg/f/7lre3wk
DONDA 2 [V1],"WIFI SCI FI
(ref. Fya Man) (feat. Sean Leon)
(Dawn, Oxygen, OXYGEN OR WIFI, SCI FI WI FI, SCI-FI)","OG Filenames: WIFI SCI FI V2 ACAPELLA
Solo Fya Man reference track vocals. Ye vocals appear at the second half of the song.","Feb 14, 2022","Feb 18, 2026",3:30,156,OG File,Lossless,https://imgur.gg/f/BBnraei
DONDA 2 [V1],"SCI FI WIFI
(feat. Sean Leon) (prod. Ojivolta, MIKE DEAN & John Cunningham)
(Dawn, Oxygen, OXYGEN OR WIFI, SCI FI WI FI, SCI-FI)","OG Filename: SCI FI WIFI BOUNCE 13 - JC Edit.01 - VOX
John Cunningham produced acapella that was sent to MIKE DEAN.","Feb 25, 2022","Feb 18, 2026",4:01,156,OG File,Lossless,https://imgur.gg/f/Riadu8b
DONDA 2 [V1],"SCI FI
(feat. Sean Leon) (prod. Ojivolta, MIKE DEAN & John Cunningham)
(Dawn, Oxygen, OXYGEN OR WIFI, SCI FI WI FI, SCI-FI)","OG Filename: VOX Scifi SL and Ye - JC Stretch
John Cunningham produced acapella that was sent to MIKE DEAN.","Mar 5, 2022","Feb 18, 2026",4:00,156,OG File,Lossless,https://imgur.gg/f/0ypbLHa
DONDA 2 [V1],"SUZY
(SUZY MORE TIME, THINGS CHANGE)",Inverted acapella done by Ye. Has some silence at the end.,,,4:26,109,Full,Lossless,https://imgur.gg/f/HhNZ5kH
DONDA 2 [V1],"SUZY [Adlibs]
(ref. Fat Money)
(SUZY MORE TIME, THINGS CHANGE)","OG Filename: SUZY extra vox_1
Fat Money acapella. Just the extra vocals.","Mar 12, 2022",,1:13,109,OG File,Lossless,https://imgur.gg/f/vdn2a7K
DONDA 2 [V1],"SUZY [Dry Acapella]
(ref. Fat Money)
(SUZY MORE TIME, THINGS CHANGE)","OG Filename: Fat Money - SUZY ACAP dry
Fat Money acapella. Has no effects.","Mar 12, 2022",,1:11,109,OG File,Lossless,https://imgur.gg/f/UaRzUst
DONDA 2 [V1],"SUZY [Wet Acapella]
(ref. Fat Money)
(SUZY MORE TIME, THINGS CHANGE)","OG Filename: Fat Money - SUZY acap w FX
Fat Money acapella. Has effects.","Mar 12, 2022",,1:11,109,OG File,Lossless,https://imgur.gg/f/QbUh39L
DONDA 2 [V1],"WE DID IT KID
(ref. Fya Man, PopLord, Malik Yusef & Courtlin Jabrae)
(KID WE DID IT, WE DID IT)","OG Filename: WE DID IT KID 136.8 bpm ish ACAPELLA V1
Fya Man acapella.",,,2:58,136.8,OG File,Lossless,https://imgur.gg/f/Mnccl7Y
DONDA 2 [V1],"WE DID IT KID 
(feat. Sunday Service Choir)
(KID WE DID IT, WE DID IT)","OG Filename: Choir Melody - We Did It Kid
Unused choir acapella, most likely to be overlayed ontop of a file.","Mar 1, 2022","Feb 16, 2026",1:23,148,OG File,Recording,https://imgur.gg/f/3AHog6f
DONDA 2 [V1],"WE DID IT KID [Wet Acapella]
(ref. Fivio Foreign)
(KID WE DID IT, WE DID IT)","OG Filename: VOX - YE X MIGOS X FIVI - WE DID IT
Acapella for Fivio Foreign's reference track.",,"Dec 25, 2023",4:54,148,OG File,Lossless,https://imgur.gg/f/0LbZN8S
DONDA 2 [V1],"WE DID IT KID [Dry Acapella]
(ref. Fivio Foreign)
(KID WE DID IT, WE DID IT)","OG Filename: YE X MIGOS X FIVI - WE DID IT - ACA
Dry acapella for Fivio Foreign's reference track with the dry adlibs included.","Mar 2, 2022","Dec 25, 2023",3:56,148,OG File,Lossless,https://imgur.gg/f/tT4wUVt
DONDA 2 [V1],"WE DID IT KID [Adlibs]
(ref. Fivio Foreign)
(KID WE DID IT, WE DID IT)","OG Filename: ADLIBS - YE X MIGOS X FIVI - WE DID IT
Adlibs for Fivio Foreign's reference track.","Mar 2, 2022","Dec 25, 2023",3:58,148,Full,Lossless,https://imgur.gg/f/YBTPgJs
DONDA 2 [V1],"Albe Back - The River
(ref. Rhymefest)
(River)","OG Filename: THE RIVER+ACAPELLA+JON JON & CHÃ_
Leaked after a groupbuy.",,"Feb 18, 2026",5:46,83,OG File,Lossless,https://imgur.gg/f/ZyB8PXR
DONDA 2 [V1],"Vory - Daylight
(feat. Kanye West) (prod. 88-Keys, E.VAX, Kanye West & Ojivolta)
(Day Light, Sunrays)","OG Filename: DAYLIGHT MIKE DEAN MIX 4 MASTER ACCAPELLA_06
Acapella for the released version of ""Daylight"". Leaked from a Roc Nation A&R Box link.","Apr 26, 2022","Mar 14, 2026",3:25,79.5/159,OG File,Lossless,"https://imgur.gg/f/DvOh2fF
https://imgur.gg/f/b7tAORu"
DONDA 2 [V1],"DEAR SUMMER
(prod. BoogzDaBeast & FNZ)
(THE CAR'S MISSING, 530, 530AM, 5:30)","OG Filename: 155.0 - Dear Summer [YE x BoogzDaBeast]
Original sample chop.","Jan 28, 2022",,5:09,155,OG File,Lossless,https://imgur.gg/f/yCxWAt3
DONDA 2 [V1],"530
(prod. BoogzDaBeast & FNZ)
(DEAR SUMMER, THE CAR'S MISSING, 530AM, 5:30)","OG Filename: INST 530_Fivio_dear summer_01.29.22
Instrumental for the Fivio version.","Jan 29, 2022",,2:42,155,OG File,Lossless,https://imgur.gg/f/K1UqECz
DONDA 2 [V1],"530
(prod. BoogzDaBeast, FNZ & Marilyn Manson)
(DEAR SUMMER, THE CAR'S MISSING, 530AM, 5:30)","OG FIlename: MM 13. 530_Fivio_dear summer_775_GuitarLead
Guitar stem for Marilyn Manson's version of the song.",,,3:02,158,OG File,Lossless,https://imgur.gg/f/gdgN3S6
DONDA 2 [V1],"530AM
(prod. BoogzDaBeast, FNZ & 30 Roc)
(DEAR SUMMER, THE CAR'S MISSING, 530, 5:30)","OG Filename: 30Roc - 530AM 170bpm
Instrumental for a 30 Roc produced version. Has a faster BPM and silence at the end.",,,4:51,170,OG File,CD Quality,https://imgur.gg/f/MPFfZ2R
DONDA 2 [V1],"530
(prod. BoogzDaBeast, FNZ & 30 Roc)
(DEAR SUMMER, THE CAR'S MISSING, 530 AM, 5:30)","OG Filename: Ye 530
Alternate instrumental 30 Roc version. Has alternate mixing and cuts out sooner.",,,4:43,174,OG File,CD Quality,https://imgur.gg/f/ubjJU2U
DONDA 2 [V1],"DEAR SUMMER
(prod. BoogzDaBeast & FNZ)
(THE CAR'S MISSING, 530, 5:30, 530 AM)","OG Filename: DEAR SUMMER INSTURMENTAL  77.5bpm D MAJ V1
Instrumental reference track.","Feb 12, 2022",,2:03,77.5,OG File,Lossless,https://imgur.gg/f/1jgUe3D
DONDA 2 [V1],"BROKEN ROAD
(feat. Don Toliver) (prod. MIKE DEAN)
(NOTHING WRONG)","OG Filename: MIKE DEAN - BROKEN ROAD MIKE DEAN MIX 4 with outro no vox
Has added MIKE DEAN production that brings back the inclusion of vocals from the first version of ""Get Lost"". Part of an album copy made the day before DONDA 2's intended release.","Feb 15, 2022","Nov 21, 2024",3:14,138,OG File,CD Quality,https://imgur.gg/f/fgtWXKU
DONDA 2 [V1],"BROKEN ROAD
(feat. Don Toliver) (prod. MIKE DEAN)
(NOTHING WRONG)","OG Filename: BROKEN ROAD MIKE DEAN MIX 202 - INST
Instrumental for another MIKE DEAN produced version.","Mar 19, 2022","Feb 18, 2026",1:40,138,OG File,CD Quality,https://imgur.gg/f/mNlsPQI
DONDA 2 [V1],"Daytona 
(prod. FNZ)
(PABLO)","OG Filename: Daytona 127 BPM FNZ
Original loop for ""Pablo"", done by FNZ.",,"Feb 18, 2026",0:56,127,OG File,Lossless,https://imgur.gg/f/Gbn6VaI
DONDA 2 [V1],"CLOSED FOR BUSINESS
(CITY OF CHI)","OG Filename: CLOSED FOR BUSINESS V1 112 Dmin INSTRUMENTAL
Instrumental for the writers camp reference track.","Feb 12, 2022",,2:51,112,OG File,Lossless,https://imgur.gg/f/NUUh2Wi
DONDA 2 [V1],"Evangelica
(Evangelical)","OG Filename: Evangelica 116 INST
Instrumental that leaked alongside the track.",,"Jul 16, 2022",2:56,116,OG File,CD Quality,https://imgur.gg/f/s0FOLlu
DONDA 2 [V1],"FIGHTER
(prod. Digital Nas)","OG Filename: fighter prod. digital nas
Leaked as a free bonus after the ""Skeletons"" groupbuy finished.",,"Jun 27, 2022",2:43,89,OG File,Lossless,https://imgur.gg/f/0zxuaJ4
DONDA 2 [V1],"Running Laps
(prod. Digital Nas)
(FIGHTER)","OG Filename: running laps no melodi
Alternate version of the beat. Leaked randomly.",,,2:43,89,OG File,Lossless,https://imgur.gg/f/5tkSDUI
DONDA 2 [V1],"FIRST TIME IN A LONG TIME
(prod. Ojivolta & Kanye West)","OG Filename: 16. First Time in a Long Time - OxV cut.01 - INST 130bpm
Instrumental in the Soulja Boy session.",,,2:09,130,OG File,Lossless,https://imgur.gg/f/YZkKp34
DONDA 2 [V1],"FRIENDS I'D SMASH
(prod. Digital Nas)
(FLOWERS, FUCK FLOWERS, KEEP THE FLOWERS)","OG Filename: INST Ye Freestyle - AWESOME digital nas friends i'd smash - 1.30.22
Instrumental used in the initial Ye freestyle.","Jan 30, 2022","Feb 16, 2026",6:32,120,OG File,Lossless,https://imgur.gg/f/JjNy5bx
DONDA 2 [V1],"FUCK FLOWERS
(prod. Digital Nas & Ojivolta)
(FLOWERS, KEEP THE FLOWERS)","OG Filename: FUCK FLOWERS MALIK JABRAE POPLORD FYA MAN INSTRUMENTAL V2 120bpm Gmaj
Instrumental.","Feb 12, 2022",,2:24,120,OG File,Lossless,https://imgur.gg/f/ICKbmmV
DONDA 2 [V1],"HONESTY
(prod. Digital Nas)
(JESSE, DAMN JESSE)","OG Filename: HONESTY
Instrumental for the freestyle version. Leaked as a bonus for the ""Jesse"" groupbuy.",,"Apr 12, 2023",1:29,173,OG File,Lossless,https://imgur.gg/f/vIaqf2H
DONDA 2 [V1],"KEEP IT BURNIN 
(prod. ATL Jacob, DB! & Ojivolta)
(KEEP IT BURNING)","OG Filename: Keep It Burnin.10 v.1 Inst OxV
Version with added hi-hats and drums from Ojivolta.","Feb 19, 2022","Feb 18, 2026",3:28,87,OG File,CD Quality,https://imgur.gg/f/A2pmJYj
DONDA 2 [V1],"KEEP IT BURNIN
(prod. ATL Jacob, DB! & Ojivolta)
(KEEP IT BURNING)","OG Filename: Keep It Burnin.10 v.1 Inst NO DRUMS
Second Ojivolta version. Same as the previous version except with the drums removed.","Feb 19, 2022","Feb 18, 2026",3:28,87,OG File,CD Quality,https://imgur.gg/f/6OyijVP
DONDA 2 [V1],"KEEP IT BURNIN
(prod. ATL Jacob, DB! & Ojivolta)
(KEEP IT BURNING)","OG Filename: Keep It Burnin.10 v.1 Inst NO HAT OxV
Third Ojivolta version. Same as previous version except with the hi-hats removed.","Feb 19, 2022","Feb 18, 2026",3:28,87,OG File,CD Quality,https://imgur.gg/f/6OyijVP
DONDA 2 [V1],"LIFT ME UP
(JUST OUT MY REACH, LORD LIFT ME UP)","OG Filename: LIFT ME UP Fat Money Ref 1 - INST 119.836bpm
Fat Money ref instrumental. Leaked alongside the song.",,,1:20,119.836,OG File,CD Quality,https://imgur.gg/f/4L7lJek
DONDA 2 [V1],"MAINTENANCE
(prod. Ojivolta)","OG Filename: 12. Maintenance 143bpm OxV - INST
Leaked alongside the actual song.",,,1:50,143,OG File,Lossless,"https://imgur.gg/f/ruq2yb5
Lossless Needed"
DONDA 2 [V1],"MR. MIAGI
(prod. Wheezy)
(MR. MIYAGI)","OG Filename: MR MIAGI INSTRUMENTAL V1
Instrumental for an early version produced by Wheezy. Leaked December 27th.","Feb 13, 2022","Dec 27, 2023",2:47,138,OG File,Lossless,https://imgur.gg/f/HokRGGf
DONDA 2 [V1],"NEVER FORGIVE YOURSELF
(prod. Dem Jointz, BoogzDaBeast, Fya Man & Chase Davis)
(CANDYLAND, FORGIVE YOURSELF, NEVER FORGIVE URSELF, YEAH I KNOW, WORST MISTAKE)","OG Filename: NEVER FORGIVE YOURSELF DEM Jointz Chase Davis X Fye man v4 synth bass
Version with Chase production.","Feb 11, 2022","Mar 21, 2024",1:26,144,OG File,Lossless,https://imgur.gg/f/2N1IUNq
DONDA 2 [V1],"WIFI SCI FI
(prod. Aaron Paris, CVRE & LUCA)
(Dawn, Oxygen, OXYGEN OR WIFI, SCI FI WI FI, SCI-FI)","OG Filenames:  WIFI SCI FI V2 INSTRUMENTAL
Solo Fya Man reference track instrumental. Has the OG production.","Feb 14, 2022","Feb 18, 2026",3:30,78,OG File,Lossless,https://imgur.gg/f/Z6rBCkY
DONDA 2 [V1],"Oxygen
(prod. Ojivolta)
(Dawn, OXYGEN OR WIFI, SCI FI, SCI FI WI FI, SCI-FI)","OG Filename: Oxygen (String version rough)
Original Ojivolta string instrumental for ""Sci Fi"".","Feb 6, 2022","Feb 18, 2026",3:41,78,OG File,High Quality,https://imgur.gg/f/QBMOgf3
DONDA 2 [V1],"One Of Them Ones
(prod. Digital Nas)
(HAPPY BIRTHDAY)","OG Filename: ONE OF THEM ONES
Instrumental.",,,3:09,144,OG File,CD Quality,https://imgur.gg/f/WqqHt4E
DONDA 2 [V1],"PARALLELS
(prod. Digital Nas)",Instrumental for a DONDA 2 era freestyle produced by Digital Nas.,,"Sep 19, 2023",2:43,133,Full,CD Quality,https://imgur.gg/f/HGghSzy
DONDA 2 [V1],"STOP LOOKING FOR THIS
(88 BASS GUITAR, STOP LOOKING AT THIS)","OG Filename: stoplookinggud1 1
Leaked instrumental for a version. Has less production.",,,1:59,96.7,OG File,Lossless,https://imgur.gg/f/m6AFQmI
DONDA 2 [V1],"STOP LOOKING FOR THIS
(88 BASS GUITAR, STOP LOOKING AT THIS)","OG Filename: stop looking for this beat
Leaked instrumental for a version. Includes some vocals from Yung Lean at the intro.",,,1:59,96.7,OG File,Lossless,https://imgur.gg/f/QX8jOnp
DONDA 2 [V1],"STOP LOOKING FOR THIS
(prod. 88-Keys, Gud & Chase Davis)
(88 BASS GUITAR, STOP LOOKING AT THIS)","OG Filename: stop looking
Version produced by Chase Davis. Leaked as a part of the ""SLFT Bundle"" groupbuy.","Feb 12, 2022","Sep 25, 2023",2:20,96.7,OG File,CD Quality,https://imgur.gg/f/PL3qUtX
DONDA 2 [V1],"STOP LOOKING AT THIS
(prod. John Cunningham)
(88 BASS GUITAR, STOP LOOKING FOR THIS)","OG Filename: Stop Looking at This 96.7bpm - Ye JC Edit.06 - INST
Leaked instrumental for a version.","Feb 16, 2022",,3:09,96.7,OG File,Lossless,https://imgur.gg/f/egYWbfo
DONDA 2 [V1],"SUZY
(prod. AllDay)
(SUZY MORE TIME, THINGS CHANGE)","OG Filename: Ye x Fat Money_Suzy_Instrumental_108BPM_020222
Instrumental for the Fat Money and AllDay version.","Feb 20, 2022","Sep 18, 2023",4:25,108,OG File,Lossless,https://imgur.gg/f/DpJcSbb
DONDA 2 [V1],"Too Easy (Finna Love Me)
(prod. Dem Jointz, John Cunningham & Beach House)
(2 EAZY, I'm Finna Love Me, Love Me, LOVE ME / 2 EASY)","OG Filename: Too Easy BH V2 (Finna Love Me) - INST
Beach House produced version. Basically the same as release, but with different mixing.",,,2:58,153,OG File,CD Quality,https://imgur.gg/f/4hMOpf3
DONDA 2 [V1],"LOUIE BAGS
(prod. Digital Nas & Gavin Hadley)
(VIRGIL PASSED, LOUIE BAG, LOUIS BAGS)","OG Filename: Ye Freestyle UNITED Louie Bags 1.30.22 - INST
Instrumental for the freestyle.","Jan 30, 2022","Oct 8, 2023",5:39,170,OG File,Lossless,https://imgur.gg/f/gRCqnBP
DONDA 2 [V1],"WE DID IT KID
(prod. Fya Man & Ojivolta)
(KID WE DID IT, WE DID IT)","OG Filename: WE DID IT KID 136.8 bpm ish INSTRUMENTAL V1
Fya Man instrumental.","Feb 12, 2022",,2:58,136.8,OG File,Lossless,https://imgur.gg/f/Pb7xRNg
DONDA 2 [V1],"WE DID IT KID
(prod. Ojivolta)
(KID WE DID IT, WE DID IT)","OG Filename: 10. OxV - We Did It Kid v.3 (NO HORN MELODY, 808 EDIT) - INST
Instrumental for a version with Ojivolta production.","Feb 20, 2022","Feb 18, 2026",2:17,149,OG File,CD Quality,https://imgur.gg/f/sbfQVPM
DONDA 2 [V1],"WE DID IT KID
(feat. Baby Keem, Quavo & Offset) (prod. Digital Nas, Ryan Svendsen & Ojivolta)
(KID WE DID IT, WE DID IT)","OG Filename: INST - YE X MIGOS X FIVI - WE DID IT
Instrumental for Fivio Foreign's reference track. Only part that is instrumental is Fivio's part.","Mar 2, 2022","Dec 25, 2023",4:54,148,OG File,Lossless,https://imgur.gg/f/prgpzo6
DONDA 2 [V1],"Albe Back - The River
(prod. Albe Back)
(River)","OG Filename: THE RIVER+INSTRUMENTAL+JON JON
Leaked after a groupbuy.",,"Feb 18, 2026",5:46,83,OG File,Lossless,https://imgur.gg/f/aG2AMTu
DONDA 2 [V1],"Cardi B - Hot Shit
(prod. Tay Keith)",Instrumental. Officially released on streaming.,,,3:31,157,Full,Lossless,https://imgur.gg/f/XajWEDH
DONDA 2 [V1],"Cash Cobain - Never Can Say Goodbye
(prod. Cash Cobain)
(WHITE LINES)","OG Filenames: never can say good... & 
AUDIO_3371
Initial beat idea done in early 2022 and intended for Ye. Is slower in tempo and has an alternate chop. Was found after Cash Cobain said on Twitter that he had worked on BULLY, to which rapper GlynBrwn would reply with a screenrecording of multiple file exports of this beat from February 22nd, 2022 in his Notes app, seemingly from when Cash Cobain sent them to him. This is the version Ty would record over for his reference.","Feb 22, 2022","Apr 11, 2026",,,Snippet,High Quality,https://imgur.gg/f/MQSAsJV
DONDA 2 [V1],"Consequence - Blood Stain
(prod. Ojivolta, Kanye West & Pharrell Williams)",Instrumental.,,,3:02,91,Full,CD Quality,https://imgur.gg/f/kKcFLE6
DONDA 2 [V1],"Future - KEEP IT BURNIN
(prod. ATL Jacob)
(Keep It Burning, City On Fire)",Officially released instrumental that dropped on streaming services alongside the instrumentals for all other songs on the album.,,,3:27,175,Full,Lossless,https://imgur.gg/f/vBJjDoU
DONDA 2 [V1],"James Blake - New Choppies
(prod. James Blake)
(Always, Virgil's Funeral, What I Would Have Said At Virgil's Funeral)","OG Filename(?): NEW CHOPPIES james _95
Previous version implied to exist by the filename below.",,,,95,Confirmed,Not Available,
DONDA 2 [V1],"James Blake - New Choppies
(prod. James Blake)
(Always, Virgil's Funeral, What I Would Have Said At Virgil's Funeral)","OG Filename: NEW CHOPPIES james _95_2
Initial James Blake loop used as the base for later versions. Has a slower BPM compared to other versions.",,"Dec 4, 2025",1:10,95,OG File,Lossless,https://imgur.gg/f/Xr1AHjo
DONDA 2 [V1],"James Blake - Talking
(prod. James Blake & Dom Maker)","OG Filename: talking 110bpm_dm_
Instrumental for an early version. Original snippet posted November 5th, 2024. Slower BPM than later versions of the song.",,"Feb 9, 2026",0:26,110,OG File,Lossless,https://imgur.gg/f/k7CTw4R
DONDA 2 [V1],"Justxn Paul - WOW
(prod. Sak Pase)","File bounced Nov 24, 2021. Likely from later in 2012 than V1. Instrumental, with some Justxn Paul vocals still unmuted after the beat switch. Made by Sak Pase when he sold it for his NFT collection.","Nov 24, 2021","Nov 25, 2021",2:32,102,OG File,Lossless,https://imgur.gg/f/owbX1p9
DONDA 2 [V1],"Pusha T - Diet Coke
(prod. Kanye West & 88-Keys)",Instrumental with a different mix.,,,2:59,82,Full,CD Quality,https://imgur.gg/f/m5kG3Hp
DONDA 2 [V1],"Pusha T - Hear Me Clearly
(prod. Kanye West, ThaMyind, Luca Starz & BoogzDaBeast)",Instrumental with a different mix.,,,2:21,85,Full,High Quality,https://imgur.gg/f/r4MwQsE
DONDA 2 [V1],"Ty Dolla $ign - ???
(prod. Adam Vadel)
(BELIEVER)","OG Filename: FOR TY 02 132bpm prod Adam Vadel
Adam Vadel stated that the reworked bridge section for the track, became it's own song, and ended up being played at his dad's funeral. This version was given to Ty in Italy on February 13th, 2024.",,"Oct 21, 2024",5:13,132,OG File,Lossless,https://imgur.gg/f/wPbcrHJ
DONDA 2 [V1],"Vory - Daylight
(feat. Kanye West) (prod. 88-Keys, E.VAX, Kanye West & Ojivolta)","OG Filename: DAYLIGHT MIKE DEAN MIX 4 MASTER INSTRUMENTAL_05
Instrumental for the released version, released on CrateConnect. Loseless OG file later leaked from a Roc Nation A&R Box.","Apr 26, 2022","Mar 14, 2026",3:25,79.5/159,OG File,Lossless,"https://imgur.gg/f/ky2vT5F
https://imgur.gg/f/Qq6SRzv"
DONDA 2 [V1],"XXXTENTACION - Selfish
(prod. John Cunningham)","OG Filename: Selfish New.02 INST - 124bpm
Instrumental with additional production from John Cunningham and one open verse. Said to been made on January 30th 2022 and could just be a rebounce like ""True Love"" did to get prepared to be worked on in the later versions. Leaked as a bonus for the ""Gnarly Freestyle!"" groupbuy from the X community.","Jan 30, 2022","Apr 11, 2024",1:56,124,OG File,CD Quality,https://imgur.gg/f/yEjj7Ha
WAR,"Let It In
(prod. James Blake)",Confirmed to exist by snippets of other songs being revealed that are in this session. It's unknown how large this session is or if it has Kanye vocals.,,,,65,Confirmed,Not Available,
WAR,"This One Here
(prod. James Blake & Dom Maker)","According to dondasvault, the session contains multiple freestyles & reference tracks.",,,,107,Rumored,Not Available,https://ibb.co/KyKw8tK
WAR,"This One Here
(prod. James Blake & Dom Maker)","Stems exist, as said by dondasvault.",,,,107,Rumored,Not Available,https://ibb.co/KyKw8tK
WAR,Unknown [Album Copy Songs],"According to dondasvault, there is ""a copy of roughly 10 tracks + stems, freestyles and refs"". This album copy apparently has ""several finished songs"".",,,,Varied,Rumored,Not Available,"https://ibb.co/BnS1nnh
https://ibb.co/m6XN7nG"
WAR,"Nobody Can Judge Me
(prod. Kanye West, James Blake & No ID)
(Church Girl)","OG Filename: nobody can judge me_j_73bpm
Instrumental for the song. Originally thought to be fake as it was leaked by voulchers, though this is untrue. Original snippet leaked on June 13th, 2025.","Sep 3, 2022","Nov 8, 2025",2:58,73,OG File,Lossless,https://imgur.gg/f/bzmiDkB
WAR,"Quiet
(prod. James Blake & excusemeplease)","Version that Ye freestyled over, cutdown for later versions. Has additional drums which were later cut, possibly from the original Josh loop. The instrumental for this version leaked Christmas Day 2025.",,"Dec 25, 2025",0:45,84,Full,CD Quality,https://imgur.gg/f/fW0Eaht
YEBU,"FLOWERS
(prod. Digital Nas & Ojivolta)
(FUCK FLOWERS, KEEP THE FLOWERS)","Updated version from November 21, 2022 that removes the ""The House Music Anthem (Move Your Body)"" by Marshall Jefferson sample. Likely updated by the company Kano to avoid a lawsuit. Normally only high quality 128kbps files, but somehow somebody found lossless versions.",,"Nov 21, 2022",2:48,120,Full,Lossless,https://imgur.gg/f/wELOpRm
YEBU,"French Montana - Stand United
(feat. Kanye West, SAINt JHN & Buju Banton) (prod. Dem Jointz, Pyro da God & BoogzDaBeast)","OG Filename: 9677683-1-Stand United_Multi
Session with stems for the French Montana version of the song and raw French Montana vocal takes. Leaked as part of a groupbuy.","Jan 19, 2023","Mar 3, 2025",2:45,168,OG File,Lossless,"https://pillows.su/f/6fa53093c462e36477f683724f06ebcb
https://pixeldrain.com/u/XsKgxGPW"
YEBU,"French Montana - Where They At
(feat. Kanye West & Westside Gunn) (prod. Dem Jointz)","OG Filename: 9677704-1-Where They At_Multi
Session with the PTX file for the French Montana version of the song. Leaked as a bonus for the second ""THIRSTY"" groupbuy.","Nov 18, 2023","Dec 18, 2024",1:58,163.5,OG File,Lossless,https://imgur.gg/f/sN2ebhx
YEBU,"Ty Dolla $ign - Slide
(prod. Ojivolta, Fred again.. & Skrillex)
(Sliding, SLIDIN, SLIDE IN)","OG Filename: FRED TY SLIDE Project
Session for an early pre-VULTURES version. Leaked as a bonus for a Soakbuy.","Jul 17, 2023","Feb 9, 2025",2:40,108,OG File,Lossless,https://imgur.gg/f/ojd2JjZ
YEBU,"Stand United
(ref. Dem Jointz) (feat. SAINt JHN & Buju Banton) (prod. Dem Jointz, Pyro da God & BoogzDaBeast)",Stems found in the French Montana session.,"Jan 19, 2023","Mar 3, 2025",2:59,168,OG File,Lossless,"https://pillows.su/f/3a104fd20750e93c2272f97600e84398
https://pixeldrain.com/u/28kiQYHU"
YEBU,"Where Dey At
(ref. Dem Jointz) (prod. Dem Jointz & BoogzDaBeast)
(Where They At)","OG Filename: Where Dey At 163.5 - BDB x DJZ]_01
Stems found in the French Montana session.","Nov 6, 2023","Dec 18, 2024",1:58,163.5,OG File,Lossless,https://imgur.gg/f/gE7VavH
YEBU,"The Game - Fortunate
(feat. Kanye West) (prod. Timbaland & Tobias Wincorn)
(Windpipe)","OG Filename: fortunate-100-bpm-wav_2023-02-10_0337
Stems to an open verse version. Has just the instrumental and Ye’s vocals. There are three alt mixes for Ye’s acapella, one without effects and two with them. Leaked as a Soakbuy bonus.","Feb 7, 2023","Feb 3, 2025",4:00,100,OG File,Lossless,https://imgur.gg/f/ankkrvh
YEBU,"Ty Dolla $ign - Slide
(prod. Ojivolta, Fred again.. & Skrillex)
(Sliding, SLIDIN, SLIDE IN)","OG Filename: Slide Rough Stems 108 bpm
Found inside of the session. Leaked as a Soakbuy bonus.","Jul 17, 2023","Feb 8, 2025",2:40,108,OG File,Lossless,https://imgur.gg/f/BkfiMkR
YEBU,"Consequence - Blood Stain 2
(feat. Amerie)",Acapella for Amerie's vocals. Found in a behind the scenes clip uploaded to Instagram by Consequence.,,,,91,Snippet,High Quality,https://imgur.gg/f/xHoNRIb
YEBU,"French Montana - Stand United
(feat. Kanye West, SAINt JHN & Buju Banton)","Official acapella released by French Montana on February 23rd, 2024.",,"Feb 23, 2024",2:43,168,Full,Lossless,https://imgur.gg/f/yaPfezy
YEBU,"French Montana - Where They At
(feat. Kanye West & Westside Gunn)","Official acapella released by French Montana on February 23rd, 2024.",,"Feb 23, 2024",2:53,163.5,Full,Lossless,https://imgur.gg/f/v62stwp
YEBU,"The Game - Fortunate
(feat. Kanye West)","OG Filename: Fortunate [Ye acapella - edited from mix acapella - 100 bpm]
Ye acapella for seemingly the release version. Bounced way after release for some reason and is the first file to be bounced out of 3. Has the phone call intro. Vocal delay cuts off at most points because as the filename says, this is taken straight out the full acapella, so instead of re-bouncing they cut other vox out.","Feb 7, 2023","Feb 3, 2025",4:00,100,OG File,Lossless,https://imgur.gg/f/5a9vhiL
YEBU,"The Game - Fortunate [Wet Acapella]
(feat. Kanye West)","OG Filename: Fortunate [Ye acapella - bounced from tracking session - with efx - 100 bpm]
Ye acapella for an early version. Has some different delay and effects compared to release. Bounced way after release for some reason. Bounced second.","Feb 7, 2023","Feb 3, 2025",4:00,100,OG File,Lossless,https://imgur.gg/f/EQ9tCwU
YEBU,"The Game - Fortunate [Dry Acapella]
(feat. Kanye West)","OG Filename: Fortunate [Ye acapella - bounced from tracking session - dry - 100 bpm]
Ye acapella for an early version. Bounced way after release for some reason and is the last to be bounced.","Feb 7, 2023","Feb 3, 2025",4:00,100,OG File,Lossless,https://imgur.gg/f/GHDBdpJ
YEBU,"Hood Rat
(prod. 88-Keys)
(Hoodrat)","OG Filename: 1-01 Hood Rat
Earliest known instrumental, from YEBU sessions and was rebounced for producer additions.",,"Jul 31, 2024",2:06,84,OG File,Lossless,https://imgur.gg/f/x2PcppM
YEBU,"Fivio Foreign - Concussion
(prod. Albe Back & AyoAA)",Uploaded to Hipstrumentals.,,"Jun 20, 2023",2:57,130,Full,CD Quality,https://imgur.gg/f/yv1FsdY
YEBU,"French Montana - Stand United
(prod. Dem Jointz & BoogzDaBeast)","Official instrumental released by French Montana on February 23rd, 2024.",,"Feb 23, 2024",2:43,168,Full,Lossless,https://imgur.gg/f/xms5DNk
YEBU,"French Montana - Where They At
(prod. Dem Jointz & BoogzDaBeast)","Official instrumental released by French Montana on February 23rd, 2024.",,"Feb 23, 2024",2:53,163.5,Full,Lossless,https://imgur.gg/f/dIRBRCY
YEBU,"The Game - Fortunate
(prod. Timbaland & Tobias Wincorn)","OG Filename: Fortunate [instrumental - 100 bpm]
Bounced way after release.","Feb 7, 2023","Feb 3, 2025",4:00,100,OG File,Lossless,https://imgur.gg/f/0IasS6A
YEBU,"Ojivolta - Idea A
(prod. Ojivolta)
(Not Inclusive)","OG Filename: ob oxv 10.11.22 idea a 143bpm
Original version of the beat, made shortly after after YZYSZN 9.",,"Oct 11, 2022",,143,Confirmed,Not Available,
YEBU,"Ty Dolla $ign - Paid
(prod. Stryv)","Unknown when this version is from, but likely shown to Ye during the Japan sessions. Instrumental for this version was played by Ty Dolla $ign on stream September 22nd, 2025.",,"Sep 22, 2025",,118,Partial,Recording,https://imgur.gg/f/chlIhzJ
¥$,"Back To Me
(ref. Quavo) (prod. 88-Keys, AyoAA & Wax Motif)
(BACK 2 ME)",Snippets of Quavo's adlibs played by Joyboy on stream.,,"Nov 12, 2024",,,Snippet,Recording,https://imgur.gg/f/QqeY6fN
¥$,"Paperwork
(prod. 88-Keys)",Session for an early version shown by yougotonemore on reddit.,,,,121,Rumored,Not Available,https://ibb.co/JjhxKbWd
¥$,"ProMotion
(prod. AyoAA, KrishnaMusic & The Legendary Traxster)
(Promotion, GORGEOUS)","OG Filename: ProMotion V4.3 TO 157BPM
Stems seen in a photo of files posted by DJ Fai himself.",,"Nov 3, 2023",,157,Confirmed,Not Available,https://ibb.co/qFDkXMTj
¥$,"Dez Wright - Highlight [Sample Stem]
(prod. Dez Wright)
(FIELD TRIP)","OG Filename: dezwright_highlight_150_dark-1
Posted by Dez Wright himself.",,"Aug 7, 2024",0:25,147,Snippet,High Quality,https://imgur.gg/f/3Uu9Hxz
¥$,Field Trip,"OG Filename: Dirk 1.dup1.09_82
Raw Ye vocal take for his first freestyle.","Nov 14, 2023","Oct 21, 2024",4:28,122,OG File,Lossless,https://imgur.gg/f/cNWStgW
¥$,"Forever
(ref. Ty Dolla $ign) (feat. Juice WRLD)
(Timeouts)","OG Filename: forever - ld vox
Lead vocal stem for the ¥$ version. Filename leaked December 29th, 2024.",,,,146,Rumored,Not Available,N/A
¥$,"Fuk Sumn
(feat. Playboi Carti)","OG Filename: pbc 10-7-23 YE (ACAPELLA)
Playboi Carti acapella with additional Carti vocals not seen on any known version. Leaked after a successful groupbuy.","Oct 7, 2023","May 19, 2024",3:05,140,Full,Lossless,https://imgur.gg/f/nDbkjeb
¥$,"Paperwork
(ref. DaBaby) (prod. 88-Keys)","OG Filename: dababy vox
Acapella for DaBaby's reference, seen in the session.",,,,121,Rumored,Not Available,
¥$,"Papa Wanna See
(prod. Scott Bridgeway)
(See, TAKE OFF YOUR DRESS)","OG Filename: PAPA WANNA SEE 112_g#m
Original version of the beat.",,,,112,Confirmed,Not Available,
¥$,"Paperwork
(prod. 88-Keys)","OG Filename: Paperwork - OV (4)_inst
Original instrumental, seen in the session.",,,,121,Confirmed,Not Available,
¥$,"Loop 39 
(prod. Lester Nowhere)
(King, Still The King)","OG Filename: LOOP 39 153BPM
Initial loop sent by Lester Nowhere for Ye to freestyle on. Filename shared by Rodri February 12th, 2024.",,,,153,Rumored,Not Available,
¥$,"New Body
(prod. ¥$, RONNY J, CuBeatz, Plain Pat & AyoAA)
(Can't Wait To See Your New Body)","OG Filename: New Body 9.27.23 inst 
Newer instrumental version which was later implied to have been sent to Ice Spice and Doja Cat for them to record verses. Unknown if there are any differences in the instrumental. Information via YesJulz's snapchat story from March 18th, 2024. Doja Cat's manager denied she ever recorded on it.","Sep 27, 2023",,,95,Confirmed,Not Available,"https://imgur.gg/f/8KiMoZb
https://imgur.gg/f/BlwS30r
https://imgur.gg/f/jUPmT6t"
¥$,"We Back Outside
(prod. Digital Nas)
(APEROL SPIRITZ, BACK OUTSIDE)","OG Filename: we back outside dn
Early instrumental.",,"Dec 25, 2023",1:32,130,OG File,High Quality,https://imgur.gg/f/0MIMbWz
VULTURES 1,"PROBLEMATIC
(prod. ¥$, 88-Keys, Chad Hugo, Camper & Manuel #1)
(Ceremony Freestyle)",FL session for the second half of the beat. Snippet currently lost.,,,,155,Snippet,Not Available,N/A
VULTURES 1,"BEG FORGIVENESS
(feat. Chris Brown) (prod. Digital Nas & ???)","OG Filenames: BEG FORGIVENESS V1B WITH DRUMS &
YE CHRIS TY 110 CHORDS
Multiple stems for additional production.","Dec 17, 2023","Jul 31, 2024",Varied,110,OG File,Lossless,https://imgur.gg/f/6UXJH7l
VULTURES 1,"DEAD
(feat. Future & Lil Durk) (prod. London on da Track & Wheezy)","OG Filename: Dead Intro 134
Stems for additional production by Wheezy and London on da Track.","Dec 14, 2023","Jul 31, 2024",5:04,134,OG File,Lossless,https://imgur.gg/f/ITvb1Kv
VULTURES 1,"EVERYBODY
(feat. Charlie Wilson & Lil Baby) (prod. London on da Track)","OG Filenames: everybody 108 london adds &
EVERYBODY OTHER VERSIONS &
EVERYBODY V1A 108BPM STMS
Multiple stems for additional production by London on da Track.","Dec 19, 2023","Jul 31, 2024",Varied,108,OG File,Lossless,https://imgur.gg/f/yJOuxJB
VULTURES 1,"GORGEOUS
(feat. Future)
(PROMOTION)","OG Filenames: GORGEIUS STEMS V1A 157BPM &
Gorgeous &
GORGEOUS V1B 157BPM &
promotion piano intro
Stems for the beat along with multiple stems for additional production.","Dec 14, 2023","Jul 31, 2024",Varied,157,OG File,Lossless,https://imgur.gg/f/geF3y4N
VULTURES 1,"GUN TO MY HEAD
(feat. Kid Cudi) (prod. London on da Track & Wheezy)","OG Filename: GUNTOMYHEAD
Stems for additional production by Wheezy and London on da Track. Stems are missing ""Track 5"", It's unknown if this layer went unused, but it most likely was.","Dec 21, 2023","Jul 31, 2024",5:41,120,Partial,Lossless,https://imgur.gg/f/1DMBa2c
VULTURES 1,"HONOR ROLL
(feat. The Hooligans, Rich The Kid & Playboi Carti) (prod. TheLabCook & Ojivolta)
(CARNIVAL, H00LIGANS)",Unreleased stems. Only a LQ snippet of Carti's vocals has leaked. Has an alternate Ye take. Any other differences are unknown.,,"Jun 10, 2024",,148,Snippet,Low Quality,https://imgur.gg/f/4zfuhxH
VULTURES 1,"HOOD RAT
(prod. 88-Keys & ???)
(Hoodrat)","OG Filename: HOOD RAT V1A STMS
Stems for additional production.","Dec 15, 2023","Jul 31, 2024",2:06,88,OG File,Lossless,https://imgur.gg/f/hnQ3LNL
VULTURES 1,"KING
(prod. Wheezy, Lester Nowhere & London on da Track)
(STILL THE KING)","OG Filenames: KING &
KING V1A STMS 153
Multiple stems for additional production by London on da Track.","Dec 16, 2023","Jul 31, 2024",Varied,153,OG File,Lossless,https://imgur.gg/f/edqLLsl
VULTURES 1,"LIFESTYLE
(feat. Lil Wayne) (prod. London on da Track & SHDØW)","OG Filenames: LIFESTYLE &
lifestyle stems 150bpm (shdow)
Multiple stems for additional production by London on da Track & SHDØW.","Dec 21, 2023","Jul 31, 2024",Varied,150,OG File,Lossless,https://imgur.gg/f/oivxn8L
VULTURES 1,"MAKE IT FEEL RIGHT
(prod. London on da Track & ???)
(NEXT TIME)","OG Filenames: MakeitFeelRight &
MAKEITFEELRIGHT 90BPM
Multiple stems for additional production by London on da Track.","Dec 15, 2023","Jul 31, 2024",3:46,90,OG File,Lossless,https://imgur.gg/f/HsVKkCm
VULTURES 1,"MATTHEW
(feat. North West & Charlie Wilson) (prod. London on da Track)","OG Filename: Matthew Bounces
Stems for additional production by London on da Track. Mainly just piano/instrumental adds since the 'stems' are AI extracted.","Dec 19, 2023","Jul 31, 2024",Varied,108,OG File,Lossless,https://imgur.gg/f/vKjhyGg
VULTURES 1,MY GUT,"OG Filename: MY GUT 93BPM
Full stems.","Dec 12, 2023","Jul 31, 2024",1:43,93,OG File,Lossless,https://imgur.gg/f/I9qqu0k
VULTURES 1,OHCHA,"OG Filename: 12.17.23 OHCHA 88BPM
Full stems.","Dec 17, 2023","Jul 31, 2024",1:41,88,OG File,Lossless,https://imgur.gg/f/kq2Mf5z
VULTURES 1,"PAID
(feat. K-Ci)","OG Filenames: PAID &
PAID 118STMS
Multiple stems for additional production.","Dec 15, 2023","Jul 31, 2024",Varied,118,OG File,Lossless,https://imgur.gg/f/lvINFi6
VULTURES 1,"RIVER
(feat. Young Thug) (prod. London on da Track)","OG Filenames: River  &
RIVER OTHER VERSIONS &
RIVER V1A 132BPM
Multiple Stems for additional production by London on da Track.","Dec 16, 2023","Jul 31, 2024",Varied,132,OG File,Lossless,https://imgur.gg/f/YWGrUQ2
VULTURES 1,"SLIDIN
(prod. London on da Track)
(Slide In, SLIDE)","OG Filenames: SLIDELONDONADDS &
SLIDIN V1A 108BPM
Multiple stems for additional production by London on da Track.","Dec 14, 2023","Jul 31, 2024",Varied,108,OG File,Lossless,https://imgur.gg/f/6ED8iTe
VULTURES 1,"SO GOOD
(prod. London on da Track)
(GOOD (DON'T DIE))","OG Filenames: 130 YE LODT &
INTRO IDEA 1 130 V1A &
YELODT 130 V1B BETTER CHORDS
Multiple stems for additional production by London on da Track.","Dec 14, 2023","Jul 31, 2024",Varied,130,OG File,Lossless,https://imgur.gg/f/bCQyrUc
VULTURES 1,"TALKING
(feat. North West & James Blake)
(TALKING / ONCE AGAIN)","OG Filenames: Talking 118 &
TALKING V1A 149BPM
Multiple stems for additional production.","Dec 14, 2023","Jul 31, 2024",Varied,118 / 149,OG File,Lossless,https://imgur.gg/f/6Y0vCqY
VULTURES 1,"TIMBO FREESTYLE
(prod. London on da Track)
(KEYS TO MY LIFE, KEYS TO LIFE)","OG Filenames: FREESTYLETIM ALT CHORDS &
FREESTYLETIME WITH BASS 169BPM &
Timbo LONDON ADDS
Multiple stems for additional production by London on da Track.","Dec 14, 2023","Jul 31, 2024",Varied,80,OG File,Lossless,https://imgur.gg/f/7uXcIop
VULTURES 1,WOLVES CRY,"OG Filename: WC 170 bpm
Full stems.","Dec 19, 2023","Jul 31, 2024",2:38,170,OG File,Lossless,https://imgur.gg/f/xFa3F97
VULTURES 1,ZERO,"OG Filename: ZERO 92BPM
Full stems.","Dec 17, 2023","Jul 31, 2024",1:54,92,OG File,Lossless,https://imgur.gg/f/jgtMoXI
VULTURES 1,"CARNIVAL
(feat. Rich The Kid & Playboi Carti)",Officially released acapella.,,"Feb 8, 2024",4:24,148,Full,Lossless,https://imgur.gg/f/TkbNnNF
VULTURES 1,CARNIVAL - HOOLIGANS VERSION,Officially released acapella for the choir.,,"Feb 8, 2024",4:19,148,Full,Lossless,https://imgur.gg/f/H4BpIyH
VULTURES 1,"FIELD TRIP
(feat. Don Toliver)",Acapella snippet for only the hook that was leaked due to the Pressure groupbuy. Unknown if Carti or Ye is on this acapella.,,"May 26, 2024",,122,Snippet,CD Quality,https://imgur.gg/f/WZosoKN
VULTURES 1,"FIELD TRIP
(feat. Playboi Carti)",Acapella for Carti's vocals.,,"Nov 6, 2024",1:46,122,Full,Lossless,https://imgur.gg/f/vWVLaTw
VULTURES 1,"GUN TO MY HEAD
(feat. Kid Cudi)","OG Filename: gunt to my head - Track 8
Acapella for the London on da Track and Wheezy version. Exported on or before Dec 21, 2023.","Dec 21, 2023","Jul 31, 2024",5:41,120,OG File,Lossless,https://imgur.gg/f/fPIMKXL
VULTURES 1,"LIFESTYLE
(feat. Lil Wayne)","OG Filename: untitled - Track 8
Acapella for the Wheezy version. Exported on or before Dec 21, 2023.","Dec 21, 2023","Jul 31, 2024",4:47,150,OG File,Lossless,https://imgur.gg/f/DKFyObc
VULTURES 1,"RIVER
(feat. Young Thug)","OG Filename: River - Track 13
Acapella. Exported on or before Dec 15, 2023.","Dec 15, 2023","Jul 31, 2024",3:35,132,OG File,Lossless,https://imgur.gg/f/RczT5tC
VULTURES 1,"CARNIVAL
(prod. TheLabCook, Ojivolta & Digital Nas)",Officially released instrumental.,,"Feb 8, 2024",4:24,148,Full,Lossless,https://imgur.gg/f/F86sNrO
VULTURES 1,"DO IT
(prod. Kanye West, Mustard, Wheezy, Chrishan, CuBeatz, LukasBL, DTP, The Legendary Traxster & JPEGMAFIA)","OG Filenames: Ye x Ty Dolla Sign feat. YG - Do It 8-Bar Intro Instrumental &
doitinstr
Instrumental. Basically same as release, but there is an 8-bar intro before the choir intro and different mixing.",,"Jun 9, 2024",4:02,107,Full,Lossless,https://imgur.gg/f/hG5FH0s
VULTURES 1,"DISCONNECTED
(prod. Dez Wright)
(FIELD TRIP)","OG Filename: DISCONNECTED_Master
Instrumental for a very early version.","Dec 2, 2023","Oct 21, 2024",1:38,122,OG File,Lossless,https://imgur.gg/f/maof3H2
VULTURES 1,"FIELD TRIP
(prod. Dez Wright & Wheezy)",Saudi-era instrumental version.,,"Aug 3, 2024",,122,Snippet,Recording,https://imgur.gg/f/uhK7IdD
VULTURES 1,"GORGEOUS
(prod. London on da Track)
(PROMOTION)","OG Filename: Gorgeous
Instrumental for an early version. Stem bounce.","Dec 11, 2023","Jul 31, 2024",2:42,157,Stem Bounce,Lossless,https://imgur.gg/f/YfqJ5ti
VULTURES 1,"GORGEOUS
(prod. London on da Track)
(PROMOTION)","OG Filename: GORGEIUS STEMS V1A 157BPM
Instrumental for an early version. Stem bounce.","Dec 11, 2023","Jul 31, 2024",2:32,157,Stem Bounce,Lossless,https://imgur.gg/f/qOmhyFd
VULTURES 1,"GORGEOUS
(prod. London on da Track)
(PROMOTION)","OG Filename: GORGEOUS V1B 157BPM
Instrumental for an early version. Stem bounce.","Dec 12, 2023","Jul 31, 2024",2:32,157,Stem Bounce,Lossless,https://imgur.gg/f/G6bFqRy
VULTURES 1,"PROMOTION
(prod. London on da Track)
(GORGEOUS)","OG Filename: promotion piano intro
Instrumental for an early version. Stem bounce.","Dec 14, 2023","Jul 31, 2024",2:31,157,Stem Bounce,Lossless,https://imgur.gg/f/o2UaaAF
VULTURES 1,"HOOD RAT
(prod. 88-Keys & ???)
(Hoodrat)","OG Filename: HOOD RAT V1A STMS
Version with more production. Stem bounce.","Dec 15, 2023","Jul 31, 2024",2:06,84,Stem Bounce,Lossless,https://imgur.gg/f/J7adI70
VULTURES 1,"KING
(prod. Wheezy, Lester Nowhere & London on da Track)
(STILL THE KING)","Version with London on da Track production. One of the background sounds is a sample of Bob from ""The Minions"" saying ""KING BOB!"".","Dec 15, 2023","Jul 31, 2024",2:30,153,Stem Bounce,Lossless,https://imgur.gg/f/wNqGdnB
VULTURES 1,"RIVER
(prod. Digital Nas & London on da Track)","OG Filename: River MIX TEST.09_09 instr
Instrumental for the version played at the Miami rave.",,"Jul 31, 2024",3:35,132,OG File,Lossless,https://imgur.gg/f/R1WXYfk
VULTURES 1,"RIVER
(prod. Digital Nas & London on da Track)","OG Filename: RIVER V1A 132BPM
Instrumental with additional production. Stem bounce.","Dec 15, 2023","Jul 31, 2024",3:34,132,Stem Bounce,Lossless,https://imgur.gg/f/JOv6u6d
VULTURES 1,"RIVER
(prod. Digital Nas & London on da Track)","OG Filename: RIVER V2A
Instrumental with additional production. Stem bounce.","Dec 16, 2023","Jul 31, 2024",3:35,132,Stem Bounce,Lossless,https://imgur.gg/f/AtgvMZu
VULTURES 1,"RIVER
(prod. Digital Nas & London on da Track)","OG Filename: RIVER V3A 132BBPM
Instrumental with additional production. Stem bounce.","Dec 16, 2023","Jul 31, 2024",3:35,132,Stem Bounce,Lossless,https://imgur.gg/f/yEYRPKa
VULTURES 1,"SO GOOD
(prod. London on da Track)
(GOOD (DON'T DIE))","OG Filename: 12-130
Loop. Made on or before Dec 14, 2023","Dec 13, 2023","Jul 31, 2024",0:29,130,OG File,Lossless,https://imgur.gg/f/0ozYz2v
VULTURES 1,"SO GOOD
(prod. London on da Track)
(GOOD (DON'T DIE))","OG Filename: 130 YE LODT
Loop with production from London on da Track. Stem bounce.","Dec 14, 2023","Jul 31, 2024",0:29,130,Stem Bounce,Lossless,https://imgur.gg/f/6d0Uv2H
VULTURES 1,"SO GOOD
(prod. London on da Track)
(GOOD (DON'T DIE))","OG Filename: YELODT 130 V1B BETTER CHORDS
Loop with production from London on da Track. Stem bounce.","Dec 14, 2023","Jul 31, 2024",0:44,130,Stem Bounce,Lossless,https://imgur.gg/f/ZkjebF8
VULTURES 1,"SO GOOD
(prod. London on da Track)
(GOOD (DON'T DIE))","OG Filename: INTRO IDEA 1 130 V1A
Loop with production from London on da Track. Stem bounce.","Dec 14, 2023","Jul 31, 2024",0:35,130,Stem Bounce,Lossless,https://imgur.gg/f/F1B9dmm
VULTURES 2,"SKY CITY
(prod. Kanye West, Ty Dolla $ign, BoogzDaBeast & damn james!)
(City In The Sky, Loyalty, Ooh Child, Ooh Child Things Are Gonna Get Easier)","OG Filename: ty.gtr.song.1.15.for.fai(sky.city)
PTX file that was sent to DJ Fai after the initial release of ""SKY CITY"". Filename shown by damn james! during an Instagram Live. Is a copy of an earlier version from the September 2018 Yandhi sessions.",Aug 2024,,,79,Confirmed,Not Available,
VULTURES 2,"BELIEVER
(prod. Adam Vadel, BoogzDaBeast & JPEGMAFIA)","OG Filename: BELIEVER 88 KEYS
Stems intended to be sent to 88-Keys.","May 5, 2024","Apr 12, 2026",3:10,132,OG File,Lossless,https://imgur.gg/f/gDkyfT7
VULTURES 2,"FEAR
(prod. Lester Nowhere)","OG Filename: 042924 FEAR 88 STEMS
Vocals, instrumental, and drum stem.","Apr 29, 2024","Jan 21, 2025",2:04,81,OG File,Lossless,https://imgur.gg/f/lL9AI9K
VULTURES 2,"FIGHTING FIRES [Drum Stem]
(prod. 88-Keys)
(Faithful, Fightin Fire, MY SOUL)","OG Filename: fighting fires - 88 drum stem - v2
88-Keys drum stem the song that would later go on to be used for release.",,"Oct 21, 2024",0:22,86,OG File,Lossless,https://imgur.gg/f/SK0duAh
VULTURES 2,"GUN TO MY HEAD
(feat. Kid Cudi)","As shown by the Lester Nowhere stems filename, there is an earlier version of the song/stems.",,,,120,Rumored,Not Available,N/A
VULTURES 2,"GUN TO MY HEAD
(feat. Kid Cudi) (prod. Lester Nowhere)","OG Filename: GTMH V2 LESTER STEMS
Stems prod by Lester Nowhere. Proof posted by himself.",,,,120,Confirmed,Not Available,https://imgur.gg/f/wF2lXOf
VULTURES 2,"LIFESTYLE
(feat. Lil Wayne) (prod. Nico Baran, FnZ, Deaton Chris Anthony, Dez Wright & London on da Track)","OG Filename: 043024_LIFESTYLE_88_STEMS_
Stems for the low quality Ye voice memo version of the song. Sent to 88-Keys for him to add production to.","Apr 30, 2024","Apr 12, 2026",4:56,150,OG File,Lossless,"https://imgur.gg/f/p6MJPzl
https://pixeldrain.com/u/ScxvT6yX"
VULTURES 2,"PROMOTION
(feat. Future) (prod. ???, AyoAA, Wheezy, London on da Track & The Legendary Traxster)
(GORGEOUS)",A version with production from an unknown producer. Hogan also said that this version comes with stems.,,"Oct 28, 2024",,157,Snippet,CD Quality,https://imgur.gg/f/k5S61ZD
VULTURES 2,"THIRSTY
(prod. 88-Keys)","OG Filename: 042924_THIRSTY_88_STEMS_
Vocals, instrumental, and drum stem.","Apr 29, 2024","Nov 19, 2024",2:31,110,OG File,Lossless,https://imgur.gg/f/0cIHjXk
VULTURES 2,"YE ABOUT MINE
(feat. Rich The Kid, Takeoff & NBA Youngboy) (prod. Buddah Bless)
(Let Me Chill Out, MOTION)","OG Filename: gy128
Vocals, instrumental, and drum stems. Has an open verse.",,"Nov 3, 2024",2:30,128,OG File,Lossless,https://imgur.gg/f/QD4KOCh
VULTURES 2,BELIEVER,"OG Filename: VOX ACA
Version that has metadata on when it was made, unlike the stems folder, entry might get removed soon.","May 5, 2024","Apr 12, 2026",3:10,132,OG File,Lossless,https://imgur.gg/f/k9nxzgw
VULTURES 2,"BOMB (Remix)
(feat. Yuno Miles)","OG Filename: doritos line 
Acapella of the line from Yuno Miles on the remix where he references Doritos. Was being sold on his website for $1.50.","Aug 17, 2024","Nov 3, 2024",0:02,146,OG File,CD Quality,https://imgur.gg/f/kRPJ18d
VULTURES 2,FIELD TRIP,"OG Filename: REC .01_10
Raw Ye vocal take for his second freestyle.","Mar 8, 2024","Oct 21, 2024",0:42,122,OG File,Lossless,https://imgur.gg/f/81TDqmG
VULTURES 2,HUSBAND,Original abysmal low quality vocals before Kanye re-recorded.,,"Jul 10, 2025",2:11,150,Full,High Quality,https://imgur.gg/f/gZTcNaK
VULTURES 2,MELROSE,"OG Filename: rec_40
Raw Kanye vocal take.","Feb 18, 2024","Oct 21, 2024",8:31,137,OG File,Lossless,https://imgur.gg/f/dLLzeJ0
VULTURES 2,"RIVER
(feat. The Hooligans)","OG Filename: RIVER Full Wet
Hooligans' acapella for a February 2024 version. Original snippet leaked January 9th, 2025.","Feb 29, 2024","Jan 11, 2025",0:43,132,OG File,Lossless,https://imgur.gg/f/4C5qZdT
VULTURES 2,"YE ABOUT MINE
(feat. Rich The Kid, Takeoff & YoungBoy Never Broke Again)
(Let Me Chill Out, MOTION)","OG Filename: YE ABOUT MINE FREESTYLE_vocals 128
""Finished"" Ye part. Is AI extracted and clearly recorded on an iPhone.",,"Nov 3, 2024",0:22,128,OG File,High Quality,https://imgur.gg/f/bWIHchJ
VULTURES 2,"Rich the Kid - BLEED IT
(FRIED)","OG Filename: Bleed It_aca
Only has Rich The Kid vocals, no Ye.","Mar 6, 2024","Nov 3, 2024",2:20,150,OG File,Lossless,https://imgur.gg/f/Y4AZEpl
VULTURES 2,"BELIEVER
(prod. Adam Vadel)","OG Filename: BELIEVER MUSIC
Music stem. Version that has metadata on when it was made, unlike the stems folder, entry might get removed soon.","May 5, 2024","Apr 12, 2026",3:10,132,OG File,Lossless,https://imgur.gg/f/9eHckgI
VULTURES 2,"Thrasher
(prod. TheLabCook)
(MELROSE)","OG Filename: t h r a s h e r 137bpm labcook_Master
Early bounce the song that has different drums not seen on any other version.","Feb 17, 2024","Oct 21, 2024",2:34,137,OG File,CD Quality,https://imgur.gg/f/eeek7Ze
VULTURES 2,"Thrasher
(prod. TheLabCook)
(MELROSE)","OG Filename: thrasher v1 137bpm thelabcook_Master
Nearly drumless instrumental of the version above.","Mar 5, 2024","Oct 21, 2024",2:37,137,OG File,Lossless,https://imgur.gg/f/rMDeFNz
VULTURES 2,"Rich The Kid - BLEED
(prod. Digital Nas, Ojivolta & TheLabCook)
(BLEED IT, FRIED)","OG Filename: BLEED 150BPM LABCOOK
Version with extra TheLabCook production. Original snippet leaked November 1st, 2024.",,"Nov 3, 2024",2:46,150,OG File,Lossless,https://imgur.gg/f/PUfuBD5
BULLY [V1],"LAST BREATH
(prod. Kanye West)",Pro Tools session that Peso Pluma recorded on. Can be vaguely seen in SRS SHIT 001.,,,,,Confirmed,Not Available,
BULLY [V1],"UNBREAKABLE HEARTS
(feat. MADI) (prod. Major Seven)","OG Filename: Copy of 280 UNBREAKABLE HEARTS FEAT MADI PROD BY MAJOR SEVEN Ye version
Pro Tools session for ""UNBREAKABLE HEARTS"" seen in one of Ye's Instagram posts.",,,,,Confirmed,Not Available,
BULLY [V1],"???
(prod. Che Pope)
(60 Miles)",Pro Tools session seen in THE DOWNLOAD: JUSTIN LABOY + YE.,,,,,Confirmed,Not Available,
BULLY [V1],"The Game - Egus Eerf
(feat. Ye & King Combs) (prod. Ye, 1SRAEL, Big Duke & Sndtrak)
(Free Suge)","OG Filename: 215 Egus Eerf - prod. by Sndtrak (2-15-215)
Pro Tools session for ""Free Suge"" seen on Ye's Tokyo warehouse screen. Contains at least three extra .ptx files for different versions of the song.","Feb 15, 2025",,,,Confirmed,Not Available,https://ibb.co/5WJxzf4y
BULLY [V1],"The Game - Tina
(feat. Jim Jones & Kanye West) (prod. Kanye West)",Session for an earlier version of the song. Seen in the behind the scenes footage for the music video.,,,,,Snippet,Recording,https://pixeldrain.com/u/oZ8WeGH8
BULLY [V1],"Ty Dolla $ign - Wheels
(feat. Ye, King Combs & The Hooligans) (prod. BBYKOBE & Ye)
(Wheels Fall Off)","OG Filename: wheels 2.6.25
Played by Ty on a stream. Has some non-AI Ye vocals not heard in any other version. Unknown if this session is Pre-AI, Post-AI or if it has every version.","Feb 6, 2025","Oct 12, 2025",,104,Snippet,Recording,https://imgur.gg/f/fi0DEbW
BULLY [V1],THIS ONE HERE,2025 BULLY version that now includes new verses with AI Ye over Don Toliver. An AI isolated acapella was leaked by DondasVault after a different version was GB'd instead of theirs.,,"Jan 23, 2025",,107,Partial,High Quality,https://imgur.gg/f/dxP32Jh
BULLY [V1],"???
(ref. Don Toliver)
(THIS ONE HERE)","OG Filename: don - 9.25.24 4 VOX DRY
Was originally brought up in the dondashole groupbuy, which never ended up happening. Randomly leaked and seems to be the real file.","Sep 25, 2024","Jan 15, 2026",1:11,107,OG File,Lossless,https://imgur.gg/f/efnTnL9
BULLY [V1],PREACHER MAN,Acapella with AI vocals.,,"Jan 28, 2026",3:01,80,Full,CD Quality,https://imgur.gg/f/MAVHaxd
BULLY [V1],"BEAUTY AND THE BEAST
(prod. Ye)","OG Filename: bully-audio
Official instrumental from yzy.one, a test website by Hunter Martin. Found May 12th 2025.",,"May 12, 2025",1:46,54,OG File,CD Quality,https://imgur.gg/f/yoeGAqD
BULLY [V1],"BEAUTY AND THE BEAST
(prod. Ye)",Uploaded on Hipstrumentals. Alternate mix compared to the Hunter Martin version.,,"Mar 31, 2025",1:46,54,Full,High Quality,https://imgur.gg/f/ZQcFvMR
BULLY [V1],"PREACHER MAN
(prod. Ye)","Uploaded on Hipstrumentals. Has an alternate mix and different bassline, along with alternate chopping near the end.",,"Apr 5, 2025",3:02,80,Full,High Quality,https://imgur.gg/f/7JREAa4
BULLY [V1],"PREACHER MAN
(prod. Ye)",Another instrumental with slight changes compared to release.,,"Jan 28, 2026",3:01,80,Full,CD Quality,https://imgur.gg/f/3wH6Mqm
CUCK,"COSBY
(prod. Ye)","OG Filename: Cosby - ye [???] [???]
Logic Pro session for the sample chop version of ""COSBY"". Picture posted to Che Pope's Instagram story April 4th, 2025.","Apr 4, 2025",,,,Confirmed,Not Available,https://ibb.co/M5CfCtct
CUCK,"COSBY
(feat. FROMDABUNKA) (prod. Nkenge 1x & Sheffmade)","Session for an earlier Nkenge 1x mix of ""COSBY"". Uses stems from the ""Uplifting"" version by Sheffmade.","Apr 24, 2025",,,140,Confirmed,Not Available,
CUCK,"COUSINS
(prod. Chuki Beats, Nkenge 1x & Ye)","OG Filename: COUSINS_20250421_YE_136BPM_FOR TRANSFER.logicx
Session that was sent to IRKO in order to mix the song.","Apr 21, 2025","Jan 18, 2026",,136,OG File,Lossless,https://imgur.gg/f/H3YgRXp
CUCK,"DIRTY MAGAZINES
(prod. Quadwoofer, Sheffmade & 88-Keys)",Session for a version intended to be sent to 88-Keys. Has a ton of other misc files from the era inside.,,"Jan 18, 2026",,156,OG File,Lossless,"https://pixeldrain.com/u/sgXczYvG
https://fileditchfiles.me/file.php?f=/b70/CPEDoHtvMZdoUaSKtTl.zip"
CUCK,"FREE DIDDY
(ref. Dave Blunts) (prod. Digital Nas, Quadwoofer & Sheffmade)
(DIDDY FREE)","OG Filename: free diddy
FL Studio session for the first Digital Nas version of ""DIDDY FREE"".","Apr 26, 2025",,,140,Confirmed,Not Available,
CUCK,"HEIL HITLER
(ref. Ashton Travis) (prod. Quadwoofer, Sheffmade & Digital Nas)",Raw vocal takes for the Ashton Travis reference.,,"Jan 18, 2026",,150,OG File,Lossless,"https://imgur.gg/f/emaSkQY
https://fileditchfiles.me/file.php?f=/b71/mFfThAwTaYTlwbfOtOkw.zip"
CUCK,"HITLER YE JESUS
(prod. Quadwoofer & Sheffmade)","OG Filename: 20250407_HITLER YE JESUS_130BPM_NKENGE MIX
Filename found in the metadata for the ""COUSINS"" session file.",,"Apr 7, 2025",,,Confirmed,Not Available,
CUCK,"JARED
(feat. FROMDABUNKA) (prod. FROMDABUNKA)
(THE KING OF SOUL, KING OF SOUL)","OG Filename: 20250407_JARED_NKENGE MIX
Filename found in the metadata for 88-Keys' version of ""DIRTY MAGAZINES"".",,"Apr 7, 2025",,146,Confirmed,Not Available,
CUCK,"NAZI
(prod. Kanye West, Quadwoofer, Sheffmade, Theevoni, G06 Beatz, FVBII & templecitygrounds)
(WW3, WORLD WAR 3)",Raw vocal takes.,,"Jan 18, 2026",,135,OG File,Lossless,https://imgur.gg/f/qZdPp6V
CUCK,"NAZI PARTY
(ref. Dave Blunts) (prod. Quadwoofer & Sheffmade)",Folder seen on Dave Blunts' computer during a Discord stage.,,,,,Confirmed,Not Available,https://ibb.co/vvX90L7V
CUCK,"RED HOOD
(ref. Dave Blunts) (prod. Quadwoofer & Sheffmade)",Folder seen on Dave Blunts' computer during a Discord stage.,,,,,Confirmed,Not Available,https://ibb.co/vvX90L7V
CUCK,"REICH
(prod. Quadwoofer & Sheffmade)
(ALL THE LOVE, FIGHTING MY DEMONS, GAS CHAMBER, GAS CHAMBERS)","OG Filename: reich  Quad Sheff
FL Studio session for the original beat to ""GAS CHAMBERS"".",,,2:31,114,Confirmed,Not Available,
CUCK,"UNCLES MAKE FREAKS
(ref. Dave Blunts)
(UNCLE)",Folder seen on Dave Blunts' computer during a Discord stage.,,,,,Confirmed,Not Available,https://ibb.co/vvX90L7V
CUCK,"UNCLE
(ref. Dave Blunts) (prod. Nkenge 1x, Quadwoofer & Sheffmade)
(UNCLES MAKE FREAKS)","Logic Pro session for the production session version of ""UNCLE"". According to the leaked acapella stem, it has at least 69 tracks, though it's unknown if all of these were used, or if any were deleted later on.",,,,,Confirmed,Not Available,
CUCK,"WW3
(feat. Dave Blunts) (prod. Kanye West, 1SRAEL, Quadwoofer, Sheffmade, Theevoni, G06 Beatz & FVBII)
(NAZI, WORLD WAR 3, WW3 REMIX)","OG Filename: WW3_2025...
FL Studio session for Dave Blunts' verse on ""WW3 Remix"", posted to his Instagram story April 3rd, 2025. Contains an extended open verse version of ""WW3"" and Dave's acapella tracks. Screenshot only has the first six lines, but he likely recorded the rest afterwards.","Apr 3, 2025",,,135,Confirmed,Not Available,https://ibb.co/0pz2WvzX
CUCK,"Dave Blunts - WHITE CHICKS
(feat. Ye) (prod. Quadwoofer & Sheffmade)",Folder seen on Dave Blunts' computer during a Discord stage.,,,,,Confirmed,Not Available,https://ibb.co/vvX90L7V
CUCK,"14
(ref. Dave Blunts) (prod. skreer, alexcheyz & reddmillz)
(COUSINS)","Filenames of AI-extracted stems for Dave Blunts' reference track can be found in the metadata for the April 21st ""COUSINS"" session.",,,,136,Confirmed,Not Available,
CUCK,"GAS CHAMBER
(prod. Quadwoofer & Sheffmade)
(ALL THE LOVE, FIGHTING MY DEMONS)","OG Filename: Gas Chamber STEMS SHEFF QUAD YE
Stems for the original instrumental that was sent to Ye. Stems are likely a rebounce as they are dated April 28th.",,"Jan 18, 2026",2:32,114,OG File,Lossless,https://imgur.gg/f/O6GSFKN
CUCK,"ALL THE LOVE
(prod. Quadwoofer & Sheffmade)
(GAS CHAMBERS, FIGHTING MY DEMONS)","OG Filename: ALL THE LOVE_YE FORMAT v1_STEMS WITH VOCAL ACAPELLA
Stems for the April 24th version of the song.","Apr 24, 2025","Jan 18, 2026",1:55,114,OG File,Lossless,https://imgur.gg/f/TVAgq5Y
CUCK,"GAS CHAMBERS
(prod. Quadwoofer & Sheffmade)
(ALL THE LOVE, FIGHTING MY DEMONS)","OG Filename: FOR 88
Stems for a version intended to be sent to 88-Keys.","Apr 27, 2025","Jan 18, 2026",2:22,114,OG File,Lossless,https://imgur.gg/f/Ybc4PEV
CUCK,"GAS CHAMBERS
(prod. Quadwoofer, Sheffmade & 88-Keys)
(ALL THE LOVE, FIGHTING MY DEMONS)","OG Filename: STEMS_88 FORMAT
Stems for a version produced by 88-Keys.","Apr 27, 2025","Jan 18, 2026",2:22,114,OG File,Lossless,https://imgur.gg/f/LQ2EhMq
CUCK,"ALL THE LOVE
(prod. Quadwoofer, Sheffmade & ???)
(GAS CHAMBERS, FIGHTING MY DEMONS)","OG Filename: ALL THE LOVE_KEYTAR
Stems for the Keytar version of the song.","Apr 28, 2025","Jan 18, 2026",1:58,114,OG File,Lossless,https://imgur.gg/f/qezJOLV
CUCK,"BIANCA
(prod. Ye & Nkenge 1x)","OG Filename: BIANCA - STEMS_20250421_YE_133BPM
Stems for the April 21st version of the song.","Apr 21, 2025","Jan 18, 2026",1:59,133,OG File,Lossless,https://imgur.gg/f/LnIwiYw
CUCK,"BIANCA
(prod. Quadwoofer, Sheffmade & NoiseOfCory)","OG Filename: BIANCA
Stems for the NoiseOfCory guitar version of the song. Includes folders for both the wet and dry guitar stems.",,"Jan 18, 2026",1:59,133,OG File,Lossless,https://imgur.gg/f/maso21c
CUCK,"BIANCA
(prod. Ye, Nkenge 1x & ???)","OG Filename: BIANCA_KEYTAR
Stems for the Keytar version of the song.",,"Jan 18, 2026",1:59,133,OG File,Lossless,https://imgur.gg/f/sAxD9pW
CUCK,"BIANCA
(prod. Quadwoofer & Sheffmade)","OG Filename: FOR 88
Stems for a version intended to be sent to 88-Keys.","May 1, 2025","Jan 18, 2026",1:57,133,OG File,Lossless,https://imgur.gg/f/EqodFgu
CUCK,"BIANCA
(prod. Quadwoofer & Sheffmade)","OG Filename: BIANCA_STEMS_20250501_133BPM
Stems for the May 1st version of the song.","May 1, 2025","Jan 18, 2026",1:57,133,OG File,Lossless,https://imgur.gg/f/TKYkh2R
CUCK,"COSBY [Sample Chop]
(prod. Ye)
(Baby I Tried, FREE COSBY)","OG Filename: YE CHOP_THESE ARE THE THINGS_FOR NKENGE
Sample chop made live on the April 2nd DJ Akademiks livestream. Ye noted that it was for ""COSBY"" once he finished it. Filename found in Che Pope's Logic Pro session.","Apr 2, 2025","Apr 2, 2025",,,Partial,Recording,https://imgur.gg/f/e5yHbbG
CUCK,"COSBY
(prod. Sheffmade)","OG Filename: COSBY-STEMS_140BPM
Stems for the ""Uplifting"" version of the song.","Apr 24, 2025","Jan 18, 2026",1:56,140,OG File,Lossless,https://imgur.gg/f/hXE3IIz
CUCK,"COSBY
(prod. Sheffmade & Nkenge 1x)","OG Filename: COSBY_STEMS_20250502_143BPM
Stems for a May 2nd version. Filename says the BPM is 143 but it's actually still 140.","May 2, 2025","Jan 18, 2026",2:30,140,OG File,Lossless,https://imgur.gg/f/sIFXc7e
CUCK,"COUSINS
(prod. Chuki Beats, Nkenge 1x & Ye)","OG Filename: 20250419_COUSINS STEMS_YE_136BPM
Stems for an April 19th version of the song.","Apr 19, 2025","Jan 18, 2026",2:34,136,OG File,Lossless,https://imgur.gg/f/dkgttPc
CUCK,"COUSINS
(prod. Chuki Beats, Nkenge 1x & Ye)","OG Filename: STEMS
Stems for another April 19th version of the song.","Apr 19, 2025","Jan 18, 2026",2:38,136,OG File,Lossless,https://imgur.gg/f/dhqOdXt
CUCK,"COUSINS [Kick Stem]
(prod. Nkenge 1x)
(14, COUSIN SONG, LEAVE THE WORLD BEHIND)","OG Filename: VERSION OF PREVIEW SIDE TOO KICKS THAT YE LIKES
Filename found in the metadata for the Logic Pro session for ""COUSINS"". Unknown how different they are from the kicks used on Nkenge 1x's mixes. Possibly 130 BPM due to a similar filename from the same metadata.",,,3:03,136,Confirmed,Not Available,
CUCK,"DIRTY MAGAZINE
(prod. Quadwoofer & Sheffmade)
(DIRTY MAGAZINES)","OG Filename: Dirty Magazine 156bpm...
Zip seen on Dave Blunts' laptop during a Discord livestream. Likely the full set of stems for the April 7th version.",,,,156,Confirmed,Not Available,https://ibb.co/zH6ssg6w
CUCK,"FREE DIDDY
(prod. Quadwoofer & Sheffmade)
(DIDDY FREE)","OG Filename: DIDDY FREE-STEMS_YE_140BPM
Stems for the ""NO MIX"" version of the song.","Apr 25, 2025","Jan 18, 2026",1:33,140,OG File,Lossless,https://imgur.gg/f/DlHaXqu
CUCK,"FREE DIDDY
(prod. Digital Nas)
(DIDDY FREE)","OG Filename: STEMS
Stems for the Digital Nas version of the song","Apr 27, 2025","Jan 18, 2026",3:02,140,OG File,Lossless,https://fileditchfiles.st/balpha2/3666d5945717e65a1fee/STEMS.zip
CUCK,"FREE DIDDY
(prod. FROMDABUNKA)
(DIDDY FREE)","OG Filename: Free Diddy 140bpm [fromdabunka}
Stems for the FROMDABUNKA version of the song",,"Jan 18, 2026",1:33,140,OG File,Lossless,https://imgur.gg/f/w7XF3kn
CUCK,"DIRTY MAGAZINES
(prod. FROMDABUNKA)","OG Filename: DIRTY MAGAZINES_20250424_156BPM
Stems for the April 24th mix of the song.","Apr 24, 2025","Jan 18, 2026",1:26,156,OG File,Lossless,https://imgur.gg/f/AO3ki1o
CUCK,"DIRTY MAGAZINES
(prod. Quadwoofer, Sheffmade & Fromdabunka)","OG Filename: DIRTY MAGAZINES_KEYTAR
Stems for the keytar version of the song.","Apr 28, 2025","Jan 18, 2026",1:27,156,OG File,Lossless,https://imgur.gg/f/DLpJd80
CUCK,"FREE MY KIDS
(prod. Quadwoofer & Sheffmade)
(MONEY AND FAME, TOOK MY KIDS)","OG Filename: V1
AI extracted stems for the original version","Apr 24, 2025","Jan 18, 2026",1:50,140,OG File,Lossless,https://imgur.gg/f/r0VG4B9
CUCK,"FREE MY KIDS
(prod. Quadwoofer, Sheffmade, Ye & Digital Nas)
(MONEY AND FAME, TOOK MY KIDS)","OG Filename: V2 (combined wwith Heil)
Stems for a test bounce placing the ""Free My Kids"" vocals over the ""Heil Hitler"" beat. Also includes instrumental and acapella stems for a version of ""Heil Hitler"".",,"Jan 18, 2026",Various,150,OG File,Lossless,https://imgur.gg/f/a3uSvYr
CUCK,"FREE MY KIDS [V17]
(prod. FROMDABUNKA & 88-Keys)
(HEIL HITLER, HALLELUJAH)","OG Filename: FREE MY KIDS [FROMDABUNKA REF] 150 bpm
Stems for the initial combined version of ""Free My Kids"" and ""Heil Hitler"" with FROMDABUNKA production.","Apr 26, 2025","Jan 18, 2026",2:14,150,OG File,Lossless,https://imgur.gg/f/YB8NCQB
CUCK,"HEIL
(prod. Quadwoofer, Sheffmade & Nkenge 1x)
(HEIL HITLER, HALLELUJAH)","OG Filename: HEIL - STEMS_20250423_YE_150BPM & STEMS
Stems for the Nkenge-produced version of the song.","Apr 23, 2025","Jan 18, 2026",1:37,150,OG File,Lossless,https://imgur.gg/f/G2Cljez
CUCK,"HEIL HITLER
(prod. FROMDABUNKA & 88-Keys)
(HALLELUJAH)","OG Filename: HEIL - DEAN VERSION 150 BPM
Stems for the initial FROMDABUNKA version of the song.","Apr 26, 2025","Jan 18, 2026",1:53,150,OG File,Lossless,https://imgur.gg/f/paVUivl
CUCK,"HEIL HITLER
(prod. Quadwoofer, Sheffmade & ???)
(HALLELUJAH)","OG Filename: HEIL HITLER_KEYTAR
Stems for the keytar version of the song.","Apr 28, 2025","Jan 18, 2026",1:27,150,OG File,Lossless,https://imgur.gg/f/2cF3VMB
CUCK,"HEIL HITLER
(prod. Quadwoofer, Sheffmade, NoiseOfCory & ???)
(HALLELUJAH)","OG Filename: HH
Stems for the NoiseOfCory guitar version of the song. Also include the keytar stems as Cory later used them on his alternate drum version.",,"Jan 18, 2026",0:35,150,OG File,Lossless,https://imgur.gg/f/jwprrm8
CUCK,"HEIL
(feat. The Hooligans) (prod. Ye, Quadwoofer, Sheffmade & Digital Nas)
(HEIL HITLER, HALLELUJAH)","OG Filename(?): HEIL_20250429_150BPM
Stems for an early version of the song. Only the Hooligans vocals stem has leaked.","Apr 29, 2025","Jan 18, 2026",,150,Partial,Lossless,https://imgur.gg/f/M7Kyx9M
CUCK,"HEIL
(feat. The Hooligans) (prod. Quadwoofer, Sheffmade, FROMDABUNKA, Digital Nas & Nkenge 1x)
(HEIL HITLER, HALLELUJAH)","OG Filename: 20250503_HEIL TEMP PRODUCTION STEMS_150BPM
Stems for the May 3rd version with the Hooligans on the melody and the marching band drums.","May 3, 2025","Jan 18, 2026",2:12,150,OG File,Lossless,https://imgur.gg/f/cZMRJ2U
CUCK,"HEIL HITLER
(feat. The Hooligans) (prod. Quadwoofer, Sheffmade, FROMDABUNKA, Digital Nas & Nkenge 1x)
(HALLELUJAH)","OG Filename: 20250506_HEIL FOR TRANSFER
Stems for the bell version played by Dave Blunts in a Discord VC.","May 6, 2025","Jan 18, 2026",2:30,150,OG File,Lossless,https://imgur.gg/f/IVbheLb
CUCK,"HITLER YE AND JESUS
(prod. Nkenge 1x)","OG Filename: HITLER YE AND JESUS STEMS_20250423_YE_122BPM
Stems for the Aprl 23rd version of the song.","Apr 23, 2025","Jan 18, 2026",2:06,122,OG File,Lossless,https://imgur.gg/f/tMZqrtz
CUCK,"HITLER YE AND JESUS
(prod. Nkenge 1x)","OG Filename: HITLER YE AND JESUS STEMS_20250429_YE_122BPM
Stems for the Aprl 29th version of the song.","Apr 29, 2025","Jan 18, 2026",2:06,122,OG File,Lossless,https://imgur.gg/f/hlF0zn1
CUCK,"HITLER YE AND JESUS
(prod. Nkenge 1x & NoiseOfCory)","OG Filename: HYJ
Stems for the NoiseOfCory guitar version of the song.","Apr 28, 2025","Jan 18, 2026",2:07,122,OG File,Lossless,https://api.pillows.su/api/download/eb4922ba46fd5be5431f80ef6b03dbb5
CUCK,"HITLER YE AND JESUS
(prod. Nkenge 1x & ???)","OG Filename: HITLER YE JESUS_KEYTAR
Stems for the keytar version of the song.",,"Jan 18, 2026",2:06,122,OG File,Lossless,https://imgur.gg/f/2nKhUX9
CUCK,"JESUS
(prod. Ye & ???)","OG Filename: JESUS_KEYTAR
Stems for the keytar version of the song.","Apr 28, 2025","Jan 18, 2026",1:22,140,OG File,Lossless,https://imgur.gg/f/t9kpsGy
CUCK,"NITROUS
(prod. Nkenge 1x & FROMDABUNKA)","OG Filename: STEMS
Stems for the April 7th mix of the song.","Apr 7, 2025","Jan 18, 2026",1:37,146,OG File,Lossless,https://imgur.gg/f/Uh10Ec4
CUCK,"NITROUS
(prod. Nkenge 1x & FROMDABUNKA)","OG Filename: NITROUS_20250424_YE_146BPM
Stems for the very poorly mixed April 24th version of the song.","Apr 24, 2025","Jan 18, 2026",1:40,146,OG File,Lossless,https://imgur.gg/f/OxEnQB0
CUCK,"NITROUS
(prod. Nkenge 1x, FROMDABUNKA & ???)","OG Filename: NITROUS_KEYTAR
Stems for the keytar version of the song.",,"Jan 18, 2026",1:37,146,OG File,Lossless,https://imgur.gg/f/J8iGkBK
CUCK,"NITROUS
(prod. Nkenge 1x, FROMDABUNKA & NoiseOfCory)","OG Filename: NITROUS
Stems for the NoiseOfCory guitar version of the song.",,"Jan 18, 2026",0:42,146,OG File,Lossless,https://imgur.gg/f/lVyeHN3
CUCK,NITROUS [Sample Stem],"OG Filename: Donda Voice Ref
Full file of the vocal sample (""My Loleatta (Dish Apella)"" by Ellis D.). Was likely meant to be ran through an AI model of Donda West.",,"Jan 18, 2026",5:09,None,OG File,CD Quality,https://imgur.gg/f/81qkHa4
CUCK,"JARED
(feat. FROMDABUNKA) (prod. FROMDABUNKA)
(KING OF SOUL, THE KING OF SOUL)","OG Filename: Jared_[fromdabunka]_Stems_143
Folder name found in the metadata of the session for 88-Keys' version of ""DIRTY MAGAZINES"".","Apr 3, 2025",,,143,Confirmed,Not Available,
CUCK,"THE KING OF SOUL
(feat. FROMDABUNKA) (prod. FROMDABUNKA, Nkenge 1x, Quadwoofer & Sheffmade)
(JARED, KING OF SOUL)","OG Filename: THE KING OF SOUL - STEMS_YE_20250422_143BPM
Stems for the April 22nd version of the song.","Apr 22, 2025","Jan 18, 2026",2:46,143,OG File,Lossless,https://imgur.gg/f/NWRLEPg
CUCK,"THE KING OF SOUL
(feat. FROMDABUNKA) (prod. FROMDABUNKA, Nkenge 1x, Quadwoofer & Sheffmade)
(JARED, KING OF SOUL)","OG Filename: THE KING OF SOUL_STEMS _143BPM
Stems for the version of the song with extra Sheffmade production.","Apr 28, 2025","Jan 18, 2026",2:51,143,OG File,Lossless,https://imgur.gg/f/ON1DSUN
CUCK,"THE KING OF SOUL
(feat. FROMDABUNKA) (prod. FROMDABUNKA, Nkenge 1x, Quadwoofer & Sheffmade)
(JARED, KING OF SOUL)","OG Filename: KING OF SOUL_KEYTAR
Stems for the keytar version of the song.","Apr 28, 2025","Jan 18, 2026",2:46,143,OG File,Lossless,https://imgur.gg/f/e7SlMT9
CUCK,"UNCLE
(prod. Quadwoofer, Sheffmade & 88-Keys)
(UNCLES MAKE FREAKS)","OG Filename: STEMS
Stems for the production session.","Apr 23, 2025","Jan 18, 2026",1:36,140,OG File,Lossless,https://imgur.gg/f/Ub50HJd
CUCK,"VIRGIL
(feat. Nkenge 1x) (prod. Nkenge 1x & The Legendary Traxster)
(VIRGIL LET ME DOWN)","OG Filename: STEMS
Stems for the April 24th mix.","Apr 24, 2025","Jan 18, 2026",2:04,143,OG File,Lossless,https://imgur.gg/f/1lpUPZf
CUCK,"VIRGIL
(feat. Nkenge 1x) (prod. Nkenge 1x & The Legendary Traxster)
(VIRGIL LET ME DOWN)","OG Filename: VIRGIL
Stems for the NoiseOfCory guitar version of the song.",,"Jan 18, 2026",0:54,143,OG File,Lossless,https://imgur.gg/f/lgtqrYV
CUCK,"VIRGIL
(feat. Nkenge 1x) (prod. Nkenge 1x & The Legendary Traxster)
(VIRGIL LET ME DOWN)","OG Filename: VIRGIL-STEMS_20250502_YE_143BPM
Stems for the May 2nd mix.","May 2, 2025","Jan 18, 2026",2:04,143,OG File,Lossless,https://imgur.gg/f/ymJbKrf
CUCK,"WW3 [808 Stem]
(prod. Sheffmade)
(NAZI, WORLD WAR 3)","OG Filename: Reprogrammed -WW3- 808s
Alternate 808 stem for ""WW3"". Originally bounced in March 2025, but the leaked file's date is incorrect due to it coming from a session folder. Found in the session folder for 88-Keys' version of ""DIRTY MAGAZINES"".",,"Jan 18, 2026",2:02,135,OG File,Lossless,https://imgur.gg/f/0GJDjCe
CUCK,"WW3 [808 Stem]
(prod. Sheffmade)
(NAZI, WORLD WAR 3)","OG Filename: V2 Reprogrammed -WW3- 808s
Another alternate 808 stem for ""WW3"". Seemingly the same as the final 808, but is unmixed. Originally bounced in March 2025, but the leaked file's date is incorrect due to it coming from a session folder. Found in the session folder for 88-Keys' version of ""DIRTY MAGAZINES"".",,"Jan 18, 2026",2:02,135,OG File,Lossless,https://imgur.gg/f/WQBLZDS
CUCK,"WW3
(prod. Ye, Quadwoofer, Sheffmade, 1SRAEL & templecitygrounds)
(WORLD WAR 3, NAZI)","OG Filename: WW3-STEMS_20250424_YE_135BPM
Stems for the April 24th version of the song.","Apr 24, 2025","Jan 18, 2026",1:45,135,OG File,Lossless,https://imgur.gg/f/DskdjcQ
CUCK,"WW3
(prod. Ye, Quadwoofer, Sheffmade, 1SRAEL, templecitygrounds & ???)
(WORLD WAR 3, NAZI)","OG Filename: WW3_KEYTAR
Stems for the keytar version of the song.","Apr 28, 2025","Jan 18, 2026",1:45,135,OG File,Lossless,https://imgur.gg/f/DskdjcQ
CUCK,"WW3
(prod. Ye, Quadwoofer, Sheffmade, Theevoni, G06 Beatz, FVBII & templecitygrounds)
(WORLD WAR 3, NAZI)","OG Filename: WW3
Stems for the NoiseOfCory guitar version of the song. The stems for his ""VIRGIL"" version are also in here for some reason.","Apr 28, 2025","Jan 18, 2026",Various,Various,OG File,Lossless,https://imgur.gg/f/RMQ0rY1
CUCK,"FIGHTING MY DEMONS
(ALL THE LOVE, GAS CHAMBERS)","OG Filename: YE VOICEfighting my demons_1 (Vocals)_20250426_118BPM
Acapella stem for the Ye AI over Dave Blunts' reference track. Found in a folder titled ""DAVE BLUNTS FORMAT_AI YE VOX"".","Apr 26, 2026","Jan 18, 2026",2:10,118,OG File,Lossless,https://imgur.gg/f/S6geWHn
CUCK,"HEIL
(HEIL HITLER, HALLELUJAH)","OG Filename: BUS VOX ALL_140BPM
Timestretched acapella stem. Was the only file found in a stem folder for the song.","Apr 28, 2025","Jan 18, 2026",1:44,140,OG File,Lossless,https://imgur.gg/f/5ydzHzi
CUCK,"HEIL
(feat. The Hooligans)
(HEIL HITLER, HALLELUJAH)","OG Filename: HEIL CHANT_20250429_150BPM.L
Acapella for The Hooligans chant.","Apr 29, 2025","Jun 8, 2026",1:12,150,OG File,Lossless,https://imgur.gg/f/mreBSy5
CUCK,"HEIL HITLER
(ref. Ashton Travis)
(HALLELUJAH)","OG Filename: ashton ref1_01
Acapella for an Ashton Travis reference track.","May 7, 2025","Jan 18, 2026",1:20,150,OG File,Lossless,https://imgur.gg/f/H3CntOD
CUCK,"HEIL HITLER
(ref. Ashton Travis)
(HALLELUJAH)","OG Filename: ashton ref2_01
Another acapella for an Ashton Travis reference track.","May 7, 2025","Jan 18, 2026",1:20,150,OG File,Lossless,https://imgur.gg/f/RKgo6l4
CUCK,"HEIL HITLER
(ref. Ashton Travis)
(HALLELUJAH)","OG Filename: ashton ref3_01
Another acapella for an Ashton Travis reference track.","May 7, 2025","Jan 18, 2026",1:20,150,OG File,Lossless,https://imgur.gg/f/PZHd8dy
CUCK,IGNORING MY OBESITY,"OG Filename: Ignoring My Obesity Vocal - ignoring my obesity - Vocals_Kanye West
Filename for AI Ye vocals shown by Crave.",,,,,Rumored,Not Available,N/A
CUCK,"GERRIT
(JARED, THE KING OF SOUL, KING OF SOUL)","OG Filename: Gerrit_Vocals
AI extracted acapella with a second verse.",,"Jan 18, 2026",1:47,143,OG File,Lossless,https://imgur.gg/f/6iFgJQJ
CUCK,"VIRGIL
(VIRGIL LET ME DOWN)","OG Filename: Virgil - Vocoder 143bpm vs_VOID
Vocoder stem for the 1SRAEL and Void Stryker version of ""VIRGIL"".","Apr 30, 2025","Jan 18, 2026",2:04,143,OG File,CD Quality,https://imgur.gg/f/TMCil37
CUCK,"Beauty & The Beast
(prod. Sheffmade)","OG Filename: Beauty & The Beast 140bpm Sheff
Loop by Sheffmade that reuses elements from ""COSBY"" and reuses Ye's backround vocals from ""JARED"". File is broken down into stems after 1:23. Unrelated to the BULLY track of the same name.",,"Jan 27, 2026",7:38,140,OG File,CD Quality,https://imgur.gg/f/owPsDHt
CUCK,"BIANCA / WEDDINGS
(prod. Ye & OLYEVNS)
(BIANCA, WEDDINGS ARE JUST FUNERALS WITH CAKE, WEDDING CAKE)","Alternate instrumental of the version with the ""WEDDING CAKE"" beatswitch. Found on Olyevns' site Sudeo uploaded as ""BIANCAWEDDINGS V15 [INST]"".",,"Jan 15, 2026",5:31,97,Full,CD Quality,https://imgur.gg/f/vbWF88a
CUCK,"GET INVOLVED
(prod. Ye & OLYEVNS)
(SISTERS AND BROTHERS)",Alternate instrumental found on Olyevns' site Sudeo. Version with vocals likely exists.,,"Jan 15, 2026",1:47,114,Full,CD Quality,https://imgur.gg/f/NtWhlkO
CUCK,"HAIL 
(prod. 88-Keys)
(HEIL HITLER, HALLELUJAH)","OG Filename: HAIL 88 DRUMS v1_140 BPM_20250424_140BPM
First 88-Keys drum idea. Mentioned on a livestream the same day it was made, where 88-Keys told Ye he was working on multiple drum ideas for a song. Thought to be the ""POWER"" drums prior to being leaked.","Apr 24, 2025","Jan 18, 2026",0:13,140,OG File,Lossless,https://imgur.gg/f/wgiCQEK
CUCK,"HAIL 
(prod. 88-Keys)
(HEIL HITLER, HALLELUJAH)","OG Filename: HAIL 88 DRUMS v2_140 BPM_20250424_140BPM
Second 88-Keys drum idea, later re-used in the FROMDABUNKA version of the song.","Apr 24, 2025","Jan 18, 2026",0:13,140,OG File,Lossless,https://imgur.gg/f/x760hZ6
CUCK,"HAIL 
(prod. 88-Keys)
(HEIL HITLER, HALLELUJAH)","OG Filename: HAIL 88 DRUMS v3_140 BPM_20250424_140BPM
Third 88-Keys drum idea.","Apr 24, 2025","Jan 18, 2026",0:13,140,OG File,Lossless,https://imgur.gg/f/DhYoniT
CUCK,"HAIL
(prod. 88-Keys)
(HEIL HITLER, HALLELUJAH)","OG Filename: HAIL 88 DRUMS v4_140 BPM_20250424_140BPM
Fourth 88-Keys drum idea, later reused for a version of ""DIDDY FREE"".","Apr 24, 2025","Jan 18, 2026",0:13,140,OG File,Lossless,https://imgur.gg/f/n1zUt5C
CUCK,"I Can Do
(prod. Audio Jacc & Sheffmade)
(PUNCH DRUNK)","OG Filename: I Can Do 160bpm Sheff Jacc
Intial loop for ""PUNCH DRUNK"" by Sheffmade and Audio Jacc.",,"Jan 27, 2026",0:54,160,OG File,CD Quality,https://imgur.gg/f/VhzPvLV
CUCK,"Jared
(prod. Sheffmade)
(THE KING OF SOUL, KING OF SOUL)","OG Filename: Jared 144bpm Sheff 
Inital loop for the beat used on the Dave Blunts reference track for ""JARED"". File is broken down into stems after 1:00.",,"Jan 27, 2026",4:00,144,OG File,CD Quality,https://imgur.gg/f/Ycfp9eB
CUCK,"LIGHTS
(prod. OLYEVNS)",Instrumental found on OLYEVNS' site Sudeo.,,"Feb 6, 2026",0:52,91,Full,CD Quality,https://imgur.gg/f/XSMrzN7
CUCK,"LIGHTS
(prod. OLYEVNS)","Instrumental found on Oly's site Sudeo. Samples ""Blue Lights"" by Jorja Smith. Version with vocals likely exists.",,"Jan 15, 2026",3:49,91,Full,CD Quality,https://imgur.gg/f/dN3gzTr
CUCK,"LIGHTS
(prod. OLYEVNS)","Instrumental found on Oly's Site Sudeo uploaded as ""LIGHTS V4"". Swaps out the old sample for a new (unidentified) one, with alternate production. Version with vocals likely exists.",,"Jan 15, 2026",2:22,81,Full,CD Quality,https://imgur.gg/f/Rpm2zjt
CUCK,"Paper Chasin
(prod. Sheffmade)
(DIRTY MAGAZINES)","OG Filename: Paper Chasin 158bpm Sheff
Inital loop for the beat used on the Dave Blunts reference track for ""DIRTY MAGAZINES"". File is broken down into stems after 1:03.",,"Jan 27, 2026",2:56,158,OG File,CD Quality,https://imgur.gg/f/5dxfKau
CUCK,"Simp
(prod. Sheffmade)
(Nazi, WW3, WORLD WAR 3)","OG Filename: Simp 133bpm Sheff
Intial loop for the beat used on the Dave Blunts reference track of ""WW3"". File is broken down into stems after 0:46.",,"Jan 27, 2026",4:05,133,OG File,CD Quality,https://imgur.gg/f/xH7vEDk
CUCK,"SOLITUDE
(prod. OLYEVNS)
(PEACE)","Early version of the Hassan Khaffaf song ""PEACE"" from his album THE SECOND COMING, said to have originally been meant for Ye. Instrumental found on Olyevns' website Sudeo uploaded as ""SOLITUDE V1 [INST]"".",,"Jan 15, 2026",3:23,85,Full,CD Quality,https://imgur.gg/f/xqZq2Ww
CUCK,"THE HEIL SYMPHONY
(prod. Ye, Quadwoofer, Sheffmade & Digital Nas)
(HEIL HITLER, HALLELUJAH)",Instrumental version that was uploaded to DSPs to try and get around the song being banned from other streaming platforms due to violating their TOS for hate speech. The linked version is the highest quality version released on Scribe.,"May 13, 2025","May 14, 2025",1:16,150,Full,Lossless,https://imgur.gg/f/TwbgPuf
CUCK,"VIRGIL
(prod. OLYEVNS)
(VIRGIL LET ME DOWN)","Alternate version produced by Olyevns. Instrumental found on his website, Sudeo uploaded as ""VIRGIL V7 [INST]"". Version with vocals likely exists.",,"Jan 15, 2026",2:27,72,Full,CD Quality,https://imgur.gg/f/yy3KhtT
CUCK,"WEDDINGS
(prod. Ye & OLYEVNS)
(BIANCA, WEDDINGS ARE JUST FUNERALS WITH CAKE, WEDDING CAKE)","Used as a beatswitch on a version of ""BIANCA"". Version with vocals likely exists, with AI over Hassan's reference. Found on Oly's site Sudeo uploaded as ""WEDDINGS V12 [INST]"".",,"Jan 15, 2026",2:40,96,Full,CD Quality,https://imgur.gg/f/TI2FmiR
CUCK,"Skreer - All Love
(prod. alexcheyz, reddmillz & Skreer)
(14, COUSINS)","Beat that Dave Blunts found on YouTube and decided to record his reference for ""COUSINS"" on.",,"Mar 28, 2025",2:25,136,Full,CD Quality,https://imgur.gg/f/FiyMYXr
DONDA 2 [V2],"JESSE
(ref. Fat Money) (prod. Digital Nas, Manny Laurenko, Foreign Vu, Qua.xo & John Cunningham)
(Honesty, Damn Jesse)","Logic Pro session for the AI version of ""JESSE"". Worked on by Nkenge 1x during a livestream April 30th, 2025.","Apr 30, 2025","Apr 30, 2025",,173,Snippet,Recording,Link Needed
DONDA 2 [V2],"LOUIE BAGS
(feat. Jack Harlow) (prod. Digital Nas, Gavin Hadley, JW Lucas, Kid Krono & ???)
(Virgil Passed, Louie Bag, Louis Bags, United)","OG Filename: 09 LOUIE BAGS
Logic Pro session for the AI version seen being worked on during a livestream.","Apr 30, 2025",,,170,Confirmed,Not Available,https://ibb.co/8gsyJCrq
DONDA 2 [V2],"SUZY
(ref. Fat Money) (prod. AllDay & Ojivolta)
(Suzy More Time, Things Change)","Logic Pro session for the AI version of ""SUZY"". Worked on by Nkenge 1x during a livestream Aril 29th, 2025. Has the original instrumental and an AI extraction of the Ojivolta version.","Apr 29, 2025","Apr 29, 2025",,109,Snippet,Recording,Link Needed
DONDA 2 [V2],"GET LOST
(prod. Ojivolta & MIKE DEAN)
(I Get Lost)",Just a new IRKO mix of the release version.,"Mar 27, 2025","Jan 18, 2026",2:34,70,OG File,Lossless,https://pillows.su/f/77fa2414c9f928a73bd2f6c599c8a563
DONDA 2 [V2],"🤖 LOUIE BAGS
(Virgil Passed, Louie Bag, Louis Bags, United)","OG Filename: YE AI from FAT MONEY
Acapella for the AI Ye vocals over Fat Money's reference track. Filename seen on Nkenge's computer.",,,,170,Confirmed,Not Available,https://ibb.co/8gsyJCrq
IN A PERFECT WORLD,"MISSION CONTROL
(feat. The WRLDFMS Tony Williams) (prod. Ye, Nkenge 1x & Adey)","According to El Gusto, he owns the sessions for this song, with over 100 Tony Williams vocal takes.",,,,149,Rumored,Not Available,N/A
IN A PERFECT WORLD,"SHE LOVES YE
(feat. The WRLDFMS Tony Williams) (prod. Quadwoofer, Sheffmade, Digital Nas & ???)","According to El Gusto, he owns the sessions for the Tony Williams version of the song, with all of his vocal takes.",,,,130,Rumored,Not Available,N/A
IN A PERFECT WORLD,"ALL IN LOVE
(ref. The WRLDFMS Tony Williams) (feat. James Blake) (prod. James Blake)","According to El Gusto, he owns stems for the Tony Williams version of the song.",,,,120,Rumored,Not Available,N/A
IN A PERFECT WORLD,"NITROUS
(prod. Nkenge 1x)","According to el gusto, he owns the stems for Nkenge 1x's rework of ""NITROUS"".",,,,,Rumored,Not Available,
IN A PERFECT WORLD,"SHE LOVES YE N JESUS
(ref. Dave Blunts & The WRLDFMS Tony Williams) (prod. Nkenge 1x & ???)
(HITLER YE AND JESUS, HITLER YE JESUS, SHE LOVE YE AND JESUS, YE AND JESUS)","According to el gusto, he owns stems for ""SHE LOVES YE N JESUS"" alongside ""10GB"" of related files.",,,,130,Rumored,Not Available,
IN A PERFECT WORLD,WEDDINGS,"OG Filename: Weddings ye vox 85bpm
AI extracted acapella of Ye's AI vocals. Has a slower BPM than other versions.",,"Mar 27, 2026",0:46,85,Full,High Quality,https://imgur.gg/f/KimFK8u
IN A PERFECT WORLD,"BULLETS
(prod. OLYEVNS)
(BULLETPROOF)","Alternate instrumental made by Olyevns found on is site Sudeo uploaded as ""BULLETS V7 [INST]"" sample chopped differently. Unclear who is on the song at this point, though a version with vocals likely exists.",,"Jan 15, 2026",1:34,122,Full,CD Quality,https://imgur.gg/f/rV7V5Kl
IN A PERFECT WORLD,"BULLETPROOF
(prod. OLYEVNS)","Alternate instrumental made by Olyevns found on is site Sudeo uploaded as ""BULLETPROOF ALT 4 V5 [INST]"". Unclear who is on the song at this point, though a version with vocals likely exists. Samples an unidentified cover of the popular Christmas song ""Mary, Did You Know?"".",,"Jan 15, 2026",2:36,123,Full,CD Quality,https://imgur.gg/f/wCDGwWU
IN A PERFECT WORLD,"DAMN 
(feat. The WRLDFMS Tony Williams) (prod. Hass & ???)
(WAY I AM)","Instrumental similar to the Tony Ref, but with the sample chop and drums from the 2022 version of the beat incorporated in. Leaked after a groupbuy.",,"Jun 4, 2026",0:41,,Full,CD Quality,https://imgur.gg/f/IefSNAz
IN A PERFECT WORLD,"MAKE THEM SEE
(prod. OLYEVNS & Hass)","OG Filename: OLYEVNS_HASS_YE_MakeThemSee_V8_nointvox
Instrumental found on OLYEVNS' site Sudeo.",,"Feb 6, 2026",4:00,96,Full,CD Quality,https://imgur.gg/f/aYuJBhA
IN A PERFECT WORLD,"WAY I AM
(ref. Hass) (prod. OLYEVNS)
(DAMN)","Hassan Khaffaf reference track for the original song that later became ""DAMN"". Assumed to be Hassan because of sources claiming he wrote the song, later confirmed by writing credits. Instrumental uploaded to producer Olyevns' website Sudeo uploaded as ""WAY I AM V4 [INST]"".",,"Jan 15, 2026",2:43,94,Full,CD Quality,https://imgur.gg/f/b1cvTxD
IN A PERFECT WORLD,"Fromdabunka - DIRTY MAGAZINE
(prod. Fromdabunka)
(DIRTY MAGAZINES)","OG Filenames: DM 11.24.25 & 
Dirty Magazine 11.24.25
Version uploaded by Fromdabunka on SoundCloud. Was not found until February 5th, 2026.","Nov 24, 2025","Nov 24, 2025",2:12,78,Full,High Quality,https://imgur.gg/f/dIExK0j
IN A PERFECT WORLD,"King Combs - LONELY ROADS
(prod. Ye, Justin Combs, Mario Winans, Steven Jordan & The Legendary Traxster)
(LONELY ROADS STILL GO TO SUNSHINE)","Official instrumental for ""LONELY ROADS"". Uploaded to Hipstrumentals.",,"Jul 7, 2025",3:24,95,Full,High Quality,https://imgur.gg/f/QhUcbxF
BULLY [V2],"BULLY
(prod. Ye, 1SRAEL, FutureSelf, The Legendary Traxster, TK & RADWIMPS)
(SEROTONIN)","OG Filename: bully guitars
Session for TK's unused guitar adds on ""BULLY"". Filename seen on TK's laptop during a Twitch stream.","Mar 11, 2026",,,100,Confirmed,Not Available,
BULLY [V2],"DAMN
(feat. TK) (prod. Ye, Andre Troutman, Hass & RaMu)
(WAY I AM)","OG Filename: Copy of DAMN
.ptx file seen on TK's laptop during a Twitch livestream.","Mar 11, 2026",,,94,Confirmed,Not Available,
BULLY [V2],"DAMN
(feat. TK) (prod. Ye, Andre Troutman, Hass & RaMu)
(WAY I AM)","OG Filename: DAMN Y3 Project
Ableton session file for a later TK verson of ""DAMN"". Filename seen on TK's laptop during a Twitch stream. ""Y3"" is likely a typo and meant to be ""YE"".","Mar 25, 2026",,,94,Confirmed,Not Available,
BULLY [V2],"FATHER
(feat. Travis Scott) (prod. Ye, Travis Scott, Che Pope & Jahaan Sweet)","OG Filename: ye2
Pro Tools session seen being worked on in a video posted to Instagram by both Ye and Travis.","Nov 11, 2025",,,107,Confirmed,Not Available,https://ibb.co/5Dy9BPn
BULLY [V2],MELROSE,"Acapella for a version of ""MELROSE"" with no verses and AI over Ty's vocals. Was given to PRODYSGROUP for use on his version.",,,,,Confirmed,Not Available,
BULLY [V2],"DAMN
(prod. OLYEVNS)
(WAY I AM)","OG Filename: DAMN ALT 2 V9 [INST]
Replaces the Nina Simone sample with an AI-generated vocal chop. Has drums partially reused from solo Hassan Khaffaf versions of ""DAMN"". Was uploaded to OLYEVNS' website Sudeo on November 7th, 2025, and found on January 15th, 2026.",,"Jan 15, 2026",2:12,94,Full,CD Quality,https://imgur.gg/f/qL8wWwI
BULLY [V2],"??? 
(prod. Nico Baran)
(OK)","Initial version of the beat. Posted to Nico Baran's Instagram on March 21st, 2026 alongside another beat, with the caption ""New ideas, 1or 2??"".",,"Mar 21, 2026",,,Snippet,High Quality,https://imgur.gg/f/45fF2kI
