Era,Name,Tracklist,Image,Date Made,Quality,Source,Link(s)
Before The College Dropout,"State Of Mind Demo Tape
(with State Of Mind)","Tracklist for a demo tape for Kanye's teenage rap group State of Mind, formed by him, Eugene ""Frexx"" McNair Jr., and Lucien Watson. Contains three songs in unknown order.

#?. Take A Step Back
#?. Wanna Get High
#?. A New State Of Mind",,1993,Clear,Leaked,
Before The College Dropout,???,"Kanye made 10 songs with E-Smoove for a planned house album in 1994. Found in a lawsuit from 2005.

#?. Twenty-Five to Life
#?. Ho!!!
#?. Keep MC's Looking Out
#?. My People's Get Down
#?. Real Nigga 
#?. Stop Frontin
#?. There Are None
#?. Are We Going Far?
#?. Southside
#?. Set The World On Fire",,1994,Clear,Leaked,
Before The College Dropout,KANYE'S BEAT SEPT. 97',"Tracklist for a demo beat tape made by Kanye around September 1997.

1. Beat 1
2. Beat 2 (Grav - City To City)
3. Beat 3
4. Beat 4 (Made Men - Just You And I)
5. Beat 5
6. Beat 6 (Infamous Syndicate - What You Do To Me)
7. Beat 7
8. Beat 8",,Sep 1997,Clear,Leaked,
Before The College Dropout,???,"A series of songs made by Kanye at HINGE studios, circa 1997. Unknown if this is an actual project or just some songs he had made.

Reel #1
1. Superstar
2. I Gotta Pose (Gotta Pose)
3. Flashin' Them $

Reel #2
1. It Don't Stop
2. Go Getter Life
3. Ain't No Money

Reel #3
1. Good Ass Job
2. Up
3. Baseball Song (Take Me Out)

Reel #4
1. Coach Boys
2. Rocks Blows Weed (We Don't Care)
3. Digital Thug (Digital Thugz)

Reel #5
1. Never Let You Go (Never Lettin' Go (The Stalker Song))
2. Whack Niggas (Wack Niggas)",,1997,Clear,Secondary,
Before The College Dropout,World Record Holders,"Tracklist for the debut compilation tape of Go Getters, Kanye's rap group. Contains Go Getters songs, solo Kanye songs, and songs by other artists that Kanye produced. Some songs have been partially leaked/released on other projects with some parts cut.

1. Intro (feat Jermaine Dupri, Notorious B.I.G.)
2. Nothin's Gonna Stop Me
3. Go Getters - World Record Holders
4. Go Getters - Them Guyz
5. Miss Criss - Ghetto Señorita (feat. Shayla G & Kanye West)
6. All I Have (feat. Miss Criss, Mikkey Halstead & Taji)
7. Mikkey Halsted - Foolish Game (feat. Taji)
8. Go Getters - No Love
9. Fight With The Best (feat. Rhymefest)
10. Rhymefest - On 10 in a Benz (feat. Kanye West)
11. The Madd Rapper - Ghetto (feat. Raekwon)
12. Nas - Poppa Was a Playa
13. Big Pun - Is It You? (feat. Mase) (Deja Vu) (Remix))
14. Mase - That's What's Happenin
15. Foxy Brown - My Life
16. Goodie Mob - Rebuilding
17. Eminem & The Madd Rapper - Stir Crazy
18. Trina & Tamara - Joanne (feat. Eve)
19. Nas - You Made Me
20. R.O.C. - Richer Or Poorer 
21. Outro
22. Go Getters - Oh, Oh, Oh
23. Go Getters - Mind Your Business
24. Go Getters - Let My Niggas In",,,Clear,Secondary,
Before The College Dropout,2001 26-Track Beat CD,"Tracklist for one of Kanye's beat CDs from 2001, which was given to rapper Hot Karl in 2001 and leaked in 2011 as Hype Men Present: Kanye West's First Beats Disc 1.

1. Beat 1 (Geda K - Respect Carter)
2. Beat 2
3. Beat 3 (Beanie Sigel & Freeway - Got Nowhere)
4. Beat 4
5. Beat 5
6. Beat 6
7. Beat 7
8. Beat 8
9. Beat 9 (Shawnna - What Can I Do)
10. Beat 10 (John Legend - Let's Get Lifted)
11. Beat 11
12. Beat 12
13. Beat 13 (Talib Kweli - Guerilla Monsoon Rap)
14. Beat 14 (Payback)
15. Beat 15
16. Beat 16
17. Beat 17
18. Beat 18 (Mos Def - Sunshine)
19. Beat 19
20. Beat 20
21. Beat 21
22. Beat 22
23. Beat 23
24. Beat 24
25. Beat 25
26. Beat 26 (Rhymefest - Stalker)",,2001,Clear,Leaked,
Before The College Dropout,2001 19-Track Beat CD,"Tracklist for one of Kanye's beat CDs from 2001, which was given to rapper Hot Karl in 2001 and leaked in 2011 as Hype Men Present: Kanye West's First Beats Disc 2.

1. Beat 1
2. Beat 2
3. Beat 3 (Petey Pablo - I Swear)
4. Beat 4 (Boo & Gotti - 600)
5. Beat 5
6. Beat 6 (Lupe Fiasco - Birds & The Bees)
7. Beat 7
8. Beat 8
9. Beat 9
10. Beat 10
11. Beat 11
12. Beat 12
13. Beat 13
14. Beat 14
15. Beat 15
16. Beat 16
17. Beat 17
18. Beat 18
19. Beat 19 (Motherfucker)",,2001,Clear,Leaked,
Before The College Dropout,The Blueprint Beat CD,"Beat CD given to JAŸ-Z for The Blueprint.

#?. ??? (JAŸ-Z - Never Change)
#?. ??? (Beanie Sigel & Freeway - Got Nowhere)
#?. ??? (Alicia Keys - You Don't Know My Name)
#?. ??? (JAŸ-Z - Heart Of The City (Ain't No Love))",,,Clear,Secondary,
Before The College Dropout,2001 Demo Tape,"Tracklist for Kanye's demo tape from 2001, sometimes dubbed as The Prerequisite.

1. Home (Windy)
 2. Jesus Walks
 3. Have It Your Way
 4. Out of Your Mind
 5. Wow
 6. I Need To Know
 7. Gotta Pose (snippet)
 8. Never Lettin' Go (The Stalker Song)
 9. Hey Mama
 10. Know The Game
 11. Family Business
 12. Dream Come True (All Falls Down)
 13. Freestyle (Jigga That Nigga)
 14. Last Freestyle (I Met Oprah)
 15. Heartbeat (Instrumental)",,2001,Clear,Ye,
Before The College Dropout,40-Track Beat Tape,"According to King Los, a forty track beat tape existed from around the time when Kanye used Baseline Studios. Many of these beats released.

1-40. ???",,,N/A,Secondary,
The College Dropout,The College Dropout,"Tracklist posted to Twitter by Consequence around the time JESUS IS KING dropped.

1. Drug Dealing (We Don't Care) (Drug Dealin')
2. Intro
3. Falls Down (All Falls Down)
4. Jesus Walks
5. 2 Words (Two Words)
6. Good Bad Ugly (The Good, The Bad, The Ugly)
7. Breathe In (Breathe In Breathe Out)
8. Slow Jams (Slow Jamz)
9. My Way
10. Heavy Hitters
11. Family Business
12. Hey Mama
13. Through The Wire
14. Never Let Me Down

Bonus
15. Champions
16. Keep The Receipt
17. Home
18. 18 Years (Gold Digger)",,,Clear,Secondary,
The College Dropout,The College Dropout,"Found in jeen-yuhs Act II at 15:12.

1. 2 Words (Two Words)
 2. Jesus Walks
 3. (F)all Down (All Falls Down)
 4. (Br)eathe In (Breathe In Breathe Out)
 5. (Dro)p Dead (Drop Dead Gorgeous)
 6. (Neve)r Let Me Down
 7. (Arg)uing (Out Of Your Mind)
 8. (Keep) The Receipt
 9. (Hey) Mama
 10. (Famil)y Bizniz (Family Business)
11. (Impro)vise
 12. ...nt Movies (Livin' In A Movie)
 13. (Champi)ons
 14. (Dream Kil)lers (Niggas Gossip)
 15. (Never Lett)ing Go (Never Lettin' Go (The Stalker Song))
 16. (Good Bad U)gly (The Good, The Bad, The Ugly)",,,Clear,Secondary,
The College Dropout,The College Dropout,"Found in jeen-yuhs Act II at 15:12.

1. Intro
 2. Fall Down (All Falls Down)
 3. Jesus Walks
 4. Never Let Me Dow(n)
 5. 2 Words / The W???
 6. Drop Dead (Drop Dead Gorgeous)
 7. A Little While
 8. Arguing (Out Of Your Mind)
 9. Luther (Slow Jamz)
 10. Breathe I(n) (Breathe In Breathe Out)
 11. Improvise
 12. Dream Ki(llers) (Niggas Gossip)
 13. Improvise
 14. Hey Ma(ma)
 15. Family (Business)
 16. My Wa(y)
 17. Good (Bad Ugly) (The Good, The Bad, The Ugly)",,,Clear,Secondary,
The College Dropout,The College Dropout,"Found in jeen-yuhs Act II at 42:22.

1. Intro (Graduation Day)
2. Falls Down (All Falls Down)
3. Never Let Me (Never Let Me Down)
4. Our Shop 
5. Breathe In (Breath In Breathe Out)
6. Jesus Walks
7. 2 Words (Two Words)
8. Slow Jams (Slow Jamz)
9. Argueing (Out Of Your Mind)
10. Magic Man
11. Keep The Receipt
12. Family Bizniz (Family Business)
13. Hey Mama
14. My Way

Bonus
15. Good Bad Ugly (The Good, The Bad, The Ugly)
16. Dream Killers (Niggas Gossip)
17. Living A Movie
18. Drop Dead Gorgeous",,,Blurry,Secondary,
The College Dropout,Get Well Soon...,"Officially released tracklist for the Get Well Soon... mixtape.

1. Intro (feat. Free of 106 & Park)
2. Talib Kweli - Live From Irving Plaza, NY (feat. Kanye West & Mos Def)
3. 50 Cent - Guess Who's Back? Freestyle
4. Jesus Walks (snippet)
5. Through The Wire (Still Standing)
6. 2 Words (feat. Mos Def, Freeway & The Boys Choir of Harlem) (Two Words)
7. Freeway - Show Go On (feat. Twista)
8. Dame Dash presents Kanye West, Young Chris, Beanie Sigel, Cam'ron & Twista - Champions
9. JAŸ-Z - Live From Tweeter Center, IL (feat. Kanye West)
10. JAŸ-Z - The Bounce (feat. Kanye West)
11. JAŸ-Z - Poppin' Tags (feat. Twista & Big Boi)
12. A Million Freestyle
13. JAŸ-Z - '03 Bonnie & Clyde (feat. Beyoncé)
14. Trina - B R Right (feat. Ludacris)
15. Mos Def - Brown Sugar
16. Talib Kweli - Good To You
17. Consequence - The Good, The Bad, The Ugly (feat. Kanye West)
18. Cam'ron - Dead Or Alive
19. Cam'ron - Takeover Freestyle
20. Beanie Sigel & Freeway - Got Nowhere
21. Nas - Poppa Was A Playa
22. Home
23. Scarface - Reebok Commercial
24. Scarface - Heaven (feat. Kanye West)
25. Scarface - In Cold Blood
26. My Way
27. Harlem World - You Made Me (feat. Carl Thomas & Nas)
28. Foxy Brown - My Life
29. Madd Rapper - Ghetto (feat. Raekwon & Carl Thomas)
30. Beanie Sigel - The Truth
31. JAŸ-Z - This Can't Be Life
32. Beanie Sigel - Nothing Like It (feat. The Boys Choir of Harlem)
33. JAŸ-Z - Izzo (H.O.V.A.) (Unplugged Version)
34. JAŸ-Z - Heart Of The City (Ain't No Love) (Unplugged Version)
35. JAŸ-Z - Never Change (feat. Kanye West)
36. GLC - My Life, My Love",,"Nov 21, 2002",Clear,Ye,
The College Dropout,Akademiks (Jeanius Level Musik),"Officially released tracklist for the Akademiks (Jeanius Level Musik) mixtape.

1. Intro
2. JAŸ-Z - Excuse Me Miss (Remix) (feat. Kanye West)
3. Drop Dead Gorgeous (feat. Murphy Lee)
4. 2 Words (feat. Mos Def, Freeway & The Boys Choir of Harlem) (Two Words)
5. A Million Freestyle
6. Fabolous - My Life (feat. Mary J. Blige)
7. Dame Dash - Champions (Snippet) (feat. Kanye West)
8. Jesus Walks (Snippet)
9. JAŸ-Z - The Bounce (feat. Kanye West)
10. We Can't Tell Freestyle
11. Freeway - Turn Out The Lights (Freewest) (feat. Kanye West)
12. Came Back For You Freestyle (Half Price)
13. Lil' Kim - Came Back For You
14. The Good, The Bad, The Ugly (feat. Consequence)
15. Electric Relaxation Freestyle (feat. Consequence) (03' Electric Relaxation)
16. John Legend - I Use To Love You (Used To Love U)
17. Talib Kweli - Get By
18. GLC - Soul Of A Hustler
19. Scarface - In Cold Blood
20. 50 Cent - In Cold Blood Freestyle
21. Trina - B R Right (feat. Ludacris)
22. JAŸ-Z - Poppin' Tags (Snippet) (feat. Twista)
23. GLC - Hood Celebrity
24. About An Angel (Got Nowhere) (feat. John Legend)
25. Through The Wire",,"Dec 1, 2022",Clear,Ye,
The College Dropout,Ferris Bueller & Plain Pat Present: Behind The Beats with Kanye West,"Officially released tracklist for the Ferris Bueller & Plain Pat Present: Behind The Beats with Kanye West mixtape.

1. Intro
2. Two Words Interlude
3. Two Words
4. Foxy Brown - My Life
5. Harlem World - You Made Me
6. The Truth Interlude
7. Beanie Sigel - The Truth
8. Nothing Like It Interlude
9. Beanie Sigel - Nothing Like It
10. Beanie Sigel - Gangsta Gangsta
11. This Can't Be Life Interlude
12. JAŸ-Z - This Can't Be Life
13. JAŸ-Z - Izzo
14. Takeover Interlude
15. JAŸ-Z - Takeover
16. JAŸ-Z - Heart Of The City
17. JAŸ-Z - Never Change
18. State Property - Got Nowhere
19. Geda K - Respect Carter
20. Cam'ron - Dead Or Alive
21. Scarface - In Cold Blood
22. Scarface - Guess Who's Back
23. JAŸ-Z - A Dream
24. JAŸ-Z - Bonnie & Clyde
25. JAŸ-Z - Some People Hate
26. JAŸ-Z - Poppin Tags
27. B R Right Interlude
28. Trina & Ludacris - B R Right
29. Talib Kweli - Guerilla Monsoon Rap
30. Talib Kweli - Good To You
31. Get By Interlude
32. Talib Kweli - Get By
33. Mos Def - Brown Sugar
34. Champions Interlude
35. Dream Team - Champions
36. Lil Kim - Came Back For You
37. Through The Wire Interlude
38. Through The Wire
39. Through The Wire (vocal)
40. Jesus Walks (snippet)
41. Ferris Speaks",,2003,Clear,Ye,
The College Dropout,The College Dropout,"Tracklist for a very early version of The College Dropout, most likely from around early-mid 2003.

1. Unreleased Instrumental (Can't Nobody)
 2. Untitled (Whole Life)
 3. Breathe In Breathe Out
 4. Self Conscious (All Falls Down)
 5. Niggas Gossip (Dream Killers)
 6. Wack Niggas
 7. I Need To Know
 8. Jesus Walks
 9. Untitled (Arguing)
 10. Untitled (Livin' In A Movie)
 11. Gorgeous (Drop Dead Gorgeous)
 12. Wow
 13. Untitled (Improvise)
 14. Family Business
 15. Hey Mama",,2003,Clear,Leaked,
The College Dropout,The College Dropout,"Tracklist for an early June 2003 version of The College Dropout.

1. Drug Dealin' (We Don't Care)
 2. Intro
 3. Self Conscious (All Falls Down)
 4. Jesus Walks
 5. 2 Words (feat. Mos Def, Freeway & Harlem Boys Choir) (Two Words)
 6. The Good, The Bad and the Ugly (The Good, The Bad, The Ugly)
 7. Breathe In Breathe Out
 8. Keep the Receipt (feat. Dirt McGirt)
 9. Heavy Hitters
 10. Slow Jam (Slow Jamz)
 11. My Way
 12. Family Business
 13. Livin' a Movie
 14. Through the Wire
 15. Never Let Me Down (feat. Jay-Z)",,Jun 2003,Clear,Secondary,
The College Dropout,I'm Good...,"Officially released tracklist for the I'm Good... mixtape.

1. Intro
2. Heavy Hitters (feat. GLC)
3. JAŸ-Z - Excuse Me Miss (Remix) (feat. Kanye West)
4. Jesus Walks
5. Two Words (feat. Mos Def, Freeway & The Boys Choir of Harlem)
6. John Legend - Used To Love U (I Used To Love You)
7. Talib Kweli - Get By (Remix) (feat. Mos Def, JAŸ-Z, Kanye West & Busta Rhymes)
8. Scarface - In Cold Blood (Remix) (feat. 50 Cent & Lloyd Banks)
9. Beanie Sigel - Philly Niggas (feat. Freeway)
10. 50 Cent - Y'all Not Ready Ready (You're Not Ready)
11. Drop Dead Gorgeous (feat. Murphy Lee)
12. Shyne - When I Die (More Or Less)
13. K Oss - Digital Thugz (feat. Kanye West & Mikkey Halsted)
14. JAŸ-Z - Poppin' Tags (Remix) (feat. Ludacris & Twista)
15. Twista - Badonkadonk (Badunkadunk)
16. Half Price (Came Back For You Freestyle)
17. Lil' Kim - Heartbreaker (Don't Mess With Me)
18. 03' Electric Relaxation (feat. Consequence) (Electric Relaxation Freestyle)
19. Out The Game (feat. Consequence & John Legend) (Getting Out The Game)
20. GLC The Knockout King
21. Knoc-turn'al - Muzik
22. Freeway - Freewest (feat. Kanye West) (Turn Out The Lights)
23. Freeway - Hear The Song (feat. Tarrey Torae)
24. Blueprint Compilation
25. JAŸ-Z - Girls, Girls, Girls (Remix) (feat. Kanye West)
26. Bonnie & Clyde (Freestyle)
27. Eminem - Stir Crazy (feat. Madd Rapper)
28. Made Men - Deja Vu (Remix) (feat. Mase & Big Pun) (Is It You?)
29. Olskoolicegre
30. Snoop Dogg - Get By (Remix) (feat. Mr. Cheeks)
31. Through The Wire",,Aug 2003,Clear,Ye,
The College Dropout,The College Dropout,"Tracklist for an early version of The College Dropout that leaked a little bit prior to the official release.

1. Intro (Graduation Day)
 2. All Falls Down
 3. Jesus Walks (Intro)
 4. Jesus Walks
 5. Two Words
 6. The Good, The Bad and The Ugly
 7. The New Workout Plan
 8. Keep The Receipt
 9. Heavy Hitters
 10. Slow Jamz
 11. My Way
 12. Family Affair (Family Business)
 13. Through The Wire
 14. Never Let Me Down
 15. Home",,"Aug 12, 2003",Clear,Leaked,
The College Dropout,Akademiks (Jeanius Level Musik Vol 2),"Tracklist seen on the back of the Akademiks (Jeanius Level Musik Vol 2) mixtape. Lists features for ""Slow Jam"" and is missing the track ""Wouldn't You Like To...""

1. Intro
2. Ludacris - Stand Up (Remix) (feat. Kanye West)
3. Keep The Receipt (feat. Ol' Dirty Bastard)
4. Talib Kweli - Get By (Remix) (feat. Mos Def, JAŸ-Z, Kanye West, Busta Rhymes & 50 Cent)
5. Slow Jam (feat. Twista & Jamie Foxx) (Slow Jamz)
6. John Legend - Live It Up
7. Monica - Knock Knock
8. T.I. - Doing My Job (Doin' My Job)
9. 03' Til Infinity (feat. Consequence)
10. Consequence - Turn Yourself In (Turn Yaself In)
11. Heavy Hitters (feat. GLC)
12. GLC - It Wasn't My Cadillac (feat. Najah)
13. Mos Def - Brown Sugar
14. JAŸ-Z - Some People Hate
15. Beanie Sigel - Nothing Like It
16. Whiteboy - You Know (feat. Kanye West, Belo & John Legend) (U Know)
17. Through The Wire (Remix)",,,Clear,Secondary,
The College Dropout,Akademiks (Jeanius Level Musik Vol 2),"Officially released tracklist for the Akademiks (Jeanius Level Musik Vol 2) mixtape.

1. Intro
2. Ludacris - Stand Up (Remix) (feat. Kanye West)
3. Keep The Receipt (feat. Ol' Dirty Bastard)
4. Talib Kweli - Get By (Remix) (feat. Mos Def, JAŸ-Z, Kanye West, Busta Rhymes & 50 Cent)
5. Slow Jam
6. John Legend - Live It Up
7. Monica - Knock Knock
8. T.I. - Doing My Job (Doin' My Job)
9. 03' Til Infinity (feat. Consequence)
10. Consequence - Turn Yourself In (Turn Yaself In)
11. Heavy Hitters (feat. GLC)
12. GLC - It Wasn't My Cadillac (feat. Najah)
13. Mos Def - Brown Sugar
14. JAŸ-Z - Some People Hate
15. Beanie Sigel - Nothing Like It
16. Whiteboy - You Know (feat. Kanye West, Belo & John Legend) (U Know)
17. Through The Wire (Remix)
18. Malik Yusef - Wouldn't You Like Too...",,"Oct 23, 2003",Clear,Ye,
The College Dropout,Kon The Louis Vuitton Don,"Tracklist seen on the back of the Kon The Louis Vuitton Don mixtape.
1. JAŸ-Z - Intro
2. Better Than Yours (feat. Common)
3. Lee ""Scratch"" Perry - Chase The Devil
4. 50 Cent - Chase You Outta Here
5. JAŸ-Z - Lucifer
6. JAŸ-Z - Encore (feat. John Legend, Don C, GLC & Kanye West)
7. Alicia Keys - You Don't Know My Name
8. Twista - Slow Jams (feat. Kanye West) (Slow Jamz)
9. Monica - Knock Knock (Remix) (feat. Kanye West)
10. Malik Yusef - Wouldn't You Like 2 Ryde (feat. Kanye West & Common) (Wouldn't You Like Too...)
11. Britney Spears & Madonna - Me Against The Music
12. Marc Spitz - No More For Me (feat. Kanye West)
13. Throw Ya Hands (Get Em High)
14. Keep The Receipt (feat. Ol' Dirty Bastard)
15. JAŸ-Z - Freestyle
16. Ludacris - Stand Up (Remix) (feat. Kanye West)
17. DMX - Dog's Out
18. Consequence - Turn Yaself In
19. 03 Til'... (feat. Consequence) (03 Til' Infinity)
20. GLC - Defence (feat. Meka)
21. Through The Wire (Remix)
22. Mela - You (feat. Kanye West)
23. Jim Jones - Certified Gangstas",,,Clear,Secondary,
The College Dropout,Kon The Louis Vuitton Don,"Officially released tracklist for the Kon The Louis Vuitton Don mixtape.

1. JAŸ-Z - Intro
2. Better Than Yours (feat. Common)
3. Lee ""Scratch"" Perry - Chase The Devil
4. 50 Cent - Chase You Outta Here
5. JAŸ-Z - Lucifer
6. JAŸ-Z - Encore (feat. John Legend, Don C, GLC & Kanye West)
7. Alicia Keys - You Don't Know My Name
8. Twista - Slow Jams (feat. Kanye West) (Slow Jamz)
9. Monica - Knock Knock (Remix) (feat. Kanye West)
10. Malik Yusef - Wouldn't You Like 2 Ryde (feat. Kanye West & Common) (Wouldn't You Like Too...)
11. Britney Spears & Madonna - Me Against The Music
12. Marc Spitz - No More For Me (feat. Kanye West)
13. Keep The Receipt (feat. Ol' Dirty Bastard)
14. JAŸ-Z - Freestyle
15. Ludacris - Stand Up (Remix) (feat. Kanye West)
16. DMX - Dog's Out
17. Consequence - Turn Yaself In
18. 03 Til'... (feat. Consequence) (03 Til' Infinity)
19. GLC - Defence (feat. Meka)
20. Through The Wire (Remix)
21. Mela - You (feat. Kanye West)
22. Jim Jones - Certified Gangstas",,"Jan 24, 2004",Clear,Ye,
The College Dropout,The College Dropout,"Tracklist for the Entertainment Weekly review copy of The College Dropout.

1. Intro
2. We Don't Care
3. Graduation Day
4. All Falls Down
5. I'll Fly Away
6. Spaceship
7. Jesus Walks
8. Never Let Me Down
9. Get Em High
10. Workout Plan
11. The New Workout Plan
12. Slow Jamz
13. Breathe In Breathe Out
14. School Spirit (Skit 1)
15. School Spirit
16. School Spirit (Skit 2)
17. Lil Jimmy (Skit)
18. Two Words
19. Through The Wire
20. Family Business
21. Last Call
22. We Don't Care (Reprise)",,,Clear,Leaked,
The College Dropout,The College Dropout,"Officially released tracklist for The College Dropout.

1. Intro (Skit)
2. We Don't Care
3. Graduation Day
4. All Falls Down (feat. Syleena Johnson)
5. I'll Fly Away
6. Spaceship (feat. GLC & Consequence)
7. Jesus Walks
8. Never Let Me Down (feat. JAŸ-Z & J. Ivy)
9. Get Em High (feat. Talib Kweli & Common)
10. Workout Plan (Skit)
11. The New Workout Plan
12. Slow Jamz (feat. Twista & Jamie Foxx)
13. Breathe In Breathe Out (feat. Ludacris)
14. School Spirit (Skit 1)
15. School Spirit
16. School Spirit (Skit 2)
17. Lil Jimmy (Skit)
18. Two Words (feat. Mos Def, Freeway & The Boys Choir of Harlem)
19. Through The Wire
20. Family Business
21. Last Call",,"Feb 10, 2004",Clear,Ye,
The College Dropout,The College Dropout Video Anthology [Bonus CD],"Bonus CD of remixes of songs from the original album.

1. We Don't Care (Reprise) (feat. Keyshia Cole)
 2. Jesus Walks (Remix) (feat. Mase & Common)
 3. It's Alright (feat. Mase & John Legend)
 4. The New Workout Plan (Remix) (feat. Fonzworth Bentley, Luke & Twista; prod. by Lil Jon)
5. Heavy Hitters (feat. GLC) 
6. Two Words (Cinematic) (feat. The Boys Choir of Harlem)
 7. Never Let Me Down (Cinematic)",,"Mar 22, 2005",Clear,Ye,
The College Dropout,The College Dropout [2005 Japanese Special Edition],"Same as the original release, but this time adding the song ""Heavy Hitters"" as a bonus track. Came packaged with a bonus DVD and CD.

1. Intro (Skit)
 2. We Don't Care
 3. Graduation Day
 4. All Falls Down (feat. Syleena Johnson)
 5. I'll Fly Away
 6. Spaceship (feat. GLC & Consequence)
 7. Jesus Walks
 8. Never Let Me Down (feat. JAŸ-Z & J. Ivy)
 9. Get Em High (feat. Talib Kweli & Common)
 10. Workout Plan (Skit)
 11. The New Workout Plan
 12. Slow Jamz (feat. Twista & Jamie Foxx)
 13. Breathe In Breathe Out (feat. Ludacris)
 14. School Spirit (Skit 1)
 15. School Spirit
 16. School Spirit (Skit 2)
 17. Lil Jimmy (Skit)
 18. Two Words (feat. Mos Def, Freeway & The Boys Choir of Harlem)
 19. Through The Wire
 20. Family Business
 21. Last Call
22. Heavy Hitters (feat. GLC) (bonus track)

Bonus DVD
1. Through The Wire
2. Slow Jamz
3. All Falls Down
4. Two Words
5. Jesus Walks (Church Version)
6. Jesus Walks (Chris Milk Version)
7. Jesus Walks (Street Version)
8. Jesus Walks (Making Of The Video)
9. The New Workout Plan (Extended Version)

Bonus CD
1. We Don't Care (Reprise) (feat. Keyshia Cole)
 2. Jesus Walks (Remix) (feat. Mase & Common)
 3. It's Alright (feat. Mase & John Legend)
 4. The New Workout Plan (Remix) (feat. Fonzworth Bentley, Luke & Twista; prod. by Lil Jon)
5. Two Words (Cinematic) (feat. The Boys Choir of Harlem)
 6. Never Let Me Down (Cinematic)",,"May 4, 2005",Clear,Ye,
Late Registration,Late Registration,"Early tracklist for Late Registration found on Louis Marino's website.

1. Promised Land Pt. 1
2. Touch The Sky featuring Lupe Fiasco
3. Gold Digger featuring Jamie Foxx
4. Drive Slow featuring Paul Wall & GLC
5. My Way Home -Common
6. Crack Music
7. Heard Em Say featuring Adam Levine of Maroon 5
8. Addiction
9. Diamonds From Sierra Leone (Remix) featuring Jay Z
10. Celebration
11. We Major featuring Really Doe & Nas
12. Promised Land Pt. 2
13. Roses
14. Bring Me Down featuring Brandy
15. We Can Make It Better featuring Common Q-Tip Talib Kweli & Mos Def
16. Hey Mama
17. Promised Land Pt. 3
18. Gone featuring Consequence & Cam'Ron",,2005,Clear,Secondary,
Late Registration,Late Registration,"Early tracklist leaked by Orpheus. Jon Brion is said to have been asked to find a place to put the 3 unnumbered songs somewhere on the tracklist.

1. Wake Up Mr West
2. Heard Em Say
3. Gold Digger
4. Touch The Sky
5. Drive Slow
6. My Way Home
7. Crack Music
8. Addiction
9. Diamonds (Diamonds From Sierra Leone)
10. Hey Mama
11. Roses
12. We Major
13. Gone

#?. Celebration
#?. We Can Make It Better
#?. Late",,2005,Clear,Leaked,
Late Registration,Late Registration,"Posted by Consequence to Twitter in April 2022. Features multiple tracks scratched out and in different orders by Kanye, as he was working on creating a final arrangement for the album that could compete with Common's upcoming album.

1. Wake Up Mr West
2. Heard em Say
3. Touch The Sky
4. Golddigger
5. Drive Slow
6. My Way Home
7. Crack Music
8. We Major   Roses        Bring Me Down
9. Addiction   Bring Me Down    Roses
10. Roses Addiction
11. Diamonds (Diamonds From Sierra Leone)
12. We Major
13. Hey Mama  Celebration
14. Celebration  Hey Mama
15. Gone",,2005,Clear,Secondary,
Late Registration,Late Registration,"Officially released tracklist for Late Registration.

1. Wake Up Mr. West
 2. Heard 'Em Say (feat. Adam Levine)
 3. Touch The Sky (feat. Lupe Fiasco)
 4. Gold Digger (feat. Jamie Foxx)
 5. Skit No. 1
 6. Drive Slow (feat. Paul Wall & GLC)
 7. My Way Home (performed by Common)
 8. Crack Music (feat. The Game)
 9. Roses
 10. Bring Me Down (feat. Brandy)
 11. Addiction
 12. Skit No. 2
 13. Diamonds From Sierra Leone (Remix) (feat. JAŸ-Z)
 14. We Major (feat. Nas & Really Doe)
 15. Skit No. 3
 16. Hey Mama
 17. Celebration
 18. Skit No. 4
 19. Gone (feat. Consequence & Cam'ron)
 20. Diamonds From Sierra Leone (bonus track)
 21. Late (hidden track)",,"Aug 30, 2005",Clear,Ye,
Late Registration,Late Registration [UK Edition],"Same as the original release, but with the addition of the song ""We Can Make It Better"".

1. Wake Up Mr. West
 2. Heard 'Em Say (feat. Adam Levine)
 3. Touch The Sky (feat. Lupe Fiasco)
 4. Gold Digger (feat. Jamie Foxx)
 5. Skit No. 1
 6. Drive Slow (feat. Paul Wall & GLC)
 7. My Way Home (performed by Common)
 8. Crack Music (feat. The Game)
 9. Roses
 10. Bring Me Down (feat. Brandy)
 11. Addiction
 12. Skit No. 2
 13. Diamonds From Sierra Leone (Remix) (feat. JAŸ-Z)
 14. We Major (feat. Nas & Really Doe)
 15. Skit No. 3
 16. Hey Mama
 17. Celebration
 18. Skit No. 4
 19. Gone (feat. Consequence & Cam'ron)
 20. Diamonds From Sierra Leone (bonus track)
21. We Can Make It Better (feat. Talib Kweli, Q-Tip, Common & Rhymefest)
 22. Late (hidden track)",,"Aug 30, 2005",Clear,Ye,
Late Registration,Late Registration [Japanese and Australian Tour Edition],"Same as the UK Edition, but with the addition of the song ""Back to Basics"".

1. Wake Up Mr. West
 2. Heard 'Em Say (feat. Adam Levine)
 3. Touch The Sky (feat. Lupe Fiasco)
 4. Gold Digger (feat. Jamie Foxx)
 5. Skit No. 1
 6. Drive Slow (feat. Paul Wall & GLC)
 7. My Way Home (performed by Common)
 8. Crack Music (feat. The Game)
 9. Roses
 10. Bring Me Down (feat. Brandy)
 11. Addiction
 12. Skit No. 2
 13. Diamonds From Sierra Leone (Remix) (feat. JAŸ-Z)
 14. We Major (feat. Nas & Really Doe)
 15. Skit No. 3
 16. Hey Mama
 17. Celebration
 18. Skit No. 4
 19. Gone (feat. Consequence & Cam'ron)
 20. Diamonds From Sierra Leone (bonus track)
21. Back To Basics (with Common)
22. We Can Make It Better (feat. Talib Kweli, Q-Tip, Common & Rhymefest)
 23. Late (hidden track)",,"Aug 30, 2005",Clear,Ye,
Graduation,G.O.O.D. Music: Class of '06,"Officially released tracklist for the G.O.O.D. Music: Class of '06 mixtape.

1. J.Period - The Takeover
2. Common - The Movement
3. Sa-Ra - Hollywood (Exclusive)
4. Consequence - Cut That Out (Exclusive)
5. Consequence - Do What We Do (Exclusive)
6. Common - Corners (Back II Basics Remix) (Exclusive) (feat. Kanye West)
7. John Legend - They Say (Remix) (Exclusive) (feat. Common & Consequence)
8. John Legend - She Don't Have To Know
9. Consequence - Do The Math Freestyle
10. GLC - Gettin Out My Dreams Freestyle
11. Common - Corners (feat. Kanye West)
12. Mr. Bently - Laid Back (Exclusive)
13. Get Em High (J.Period Remix)
14. Common - Get Em High (J.Period Remix)
15. Common - Testify
16. Hold On (Remix) (feat. Consequence)
17. Gone (feat. Consequence)
18. The Good, The Bad, The Ugly (Exclusive) (feat. Consequence)
19. Common - Sunshine / 6th Sense (J.Period Remix)
20. J.Period - On My J.O. With Beats By Kanye-O (Interlude)
21. Common - Wack N****z (feat. Kanye West & Consequence)
22. Common - Jesus Walks (Remix)
23. Common - My Way Home
24. Consequence - My Way Home
25. Drive Slow (feat. GLC & Paul Wall)
26. GLC - Chi State Of Mind (Exclusive)
27. GLC - Clap Yo Hands (Exclusive) (feat. 36 Mafia)
28. GLC - Stay Fly (From The Chi) Freestyle
29. GLC - Kryptonite Freestyle
30. J.Period - Complex Magazine Interlude
31. Sa-Ra - Star Warz (Exclusive)
32. Liftoff Interlude
33. Spaceship (feat. GLC & Consequence)
34. Bonus Track",,,Clear,Ye,
Graduation,Late Orchestration,"Officially released tracklist for the Kanye West live album, Late Orchestration.

1. Diamonds From Sierra Leone
 2. Touch The Sky (feat. Lupe Fiasco)
 3. Crack Music
 4. Drive Slow (feat. GLC)
 5. Through The Wire
 6. The New Workout Plan
 7. Heard 'Em Say (feat. John Legend)
 8. All Falls Down
 9. Bring Me Down
 10. Gone (feat. Consequence)
 11. Late
 12. Jesus Walks
 13. Gold Digger (AOL Sessions) (bonus track)",,"Apr 26, 2006",Clear,Ye,
Graduation,Welcome To Kanye's Soul Mix Show,"Officially released tracklist for the Welcome To Kanye's Soul Mix Show mixtape.

1. Nina Simone - Sinnerman (Intro)
2. Al Green - I Wish You Were Here
3. Honey Cone - Innocent Til Proven Guilty
4. Graham Nash - Chicago
5. Bobby Bland - Ain't No Love In The Heart Of The City
6. David Ruffin - Common Man
7. William Bell & Mavis Staples - Strung Out
8. Hank Crawford - Wildflower
9. Ahmad Jamal - Ghetto Child
10. Mandrill - Peace And Love
11. The Kay-Gees - Heavenly Dreams
12. The Whatnauts - I'll Erase The Pain Away
13. Luther Vandross - A House Is Not A Home
14. Chaka Khan - Through The Fire
15. Bill Withers - Rosie
16. Etta James - My Funny Valentine
17. Gil Scott-Heron - Home Is Where The Hatred Is
18. Linda Lewis - Old Smokey
19. The New York Community Choir - Since You Came In My Life
20. Curtis Mayfield - Move On Up
21. New Birth - It's Impossible
22. Marvin Gaye - Distant Lover
23. Lenny Williams - Cause I Love You",,"Sep 5, 2006",Clear,Ye,
Graduation,Can't Tell Me Nothing,"Officially released tracklist for the Can't Tell Me Nothing mixtape.

1. Friday Morning, May 25th (Intro)
2. Stronger
3. CRS - Us Placers
4. GLC - I Ain't Even On Yet
5. Can't Tell Me Nothing
6. Common - Southside (feat. Kanye West)
7. Common - The Game
8. Porno (Interlude)
9. 88-Keys - Stay Up (feat. Kanye West & Malik Yusef)
10. Talib Kweli - In The Mood (feat. Kanye West)
11. Bentley - C.O.L.O.U.R.S. (feat. Pimp C & Kanye West)
12. Kid Sister - Pro Nails (feat. Kanye West)
13. Young Folks
14. Interviews (Interlude)
15. Common - The People
16. Big Sean - Get'cha Some
17. Consequence - Don't Forget 'Em
18. Sa-Ra - White! (On The Floor)
19. Ne-Yo - Because Of You (Remix) (feat. Kanye West)
20. T-Pain - Buy You A Drank (Remix) (feat. Kanye West)
21. Throw Some D's (Interlude)
22. Throw Some D's (Remix)
23. Tony Williams - Dreaming Of Your Love
24. Really Doe - Magnetic Power (feat. Jennifer Hudson)
25. PM - Hater Family",,"May 27, 2007",Clear,Ye,
Graduation,Graduation,"In October 2007, an issue of Blender Magazine published an article detailing their experience being around Ye in July of that same year. It specifically states that Ye popped a CD into his car and played a version of the album where ""I Wonder"" was the opening. No further information about this tracklist has ever come out.

1. I Wonder
[...]",,Jul 2007,Blocked,Secondary,
Graduation,Graduation,"Early Graduation tracklist seen in the ""Good Morning"" music video. No particular order. 

#?. The Glory
#?. Good Morning
#?. Good Life
#?. Homecoming
#?. Stronger
#?. Good Night
#?. Can't Tell Me Nothing
#?. Everything I Am
#?. Drunk & Hot Girls
#?. I Wonder

 #?. Touch It
 #?. Thank God

#?. Jesus Walks
#?. School Spirit
#?. Late Registration",,,Clear,Ye,
Graduation,Graduation,"Early Graduation tracklist. Missing ""Barry Bonds"" compared to the release tracklist, but has two unreleased interludes and a song called ""CRS"", which is most likely ""Us Placers"". 

1. Good Morning
2. Homecoming (Ft. Chris Martin)
3. Stronger
4. Champion
5. Good Life (Ft. T-Pain)
6. I Wonder
 7. Even More Broke Phi Broke (Skit)
8. Can't Tell Me Nothing
9. Drunk And Hot Girls (Ft. Mos Def)
10. Everything I Am (Scratches By DJ Premier)
11. Good Night (Ft. Mos Def & Al Be)
12. Big Brother
13. Graduation (Skit)
14. The Glory
15. CRS (Ft. Lupe Fiasco & Pharrell) (Us Placers)",,"Aug 7, 2007",Clear,Secondary,
Graduation,Graduation,"Version of the album played at BBC's Portland studios on August 14th, 2007. 

1. Good Morning
2. I Wonder
3. Champion
4. Stronger
5. Skit (Even More Broke Phi Broke)
6. Can’t Tell Me Nothing
7. Good Life (Feat. T-Pain)
8. The Glory
9. Barry Bonds (Feat. Lil’ Wayne)
10. Flashing Lights (Feat. Dwele)
11. Drunk & Hot Girls (Feat. Mos Def)
12. Skit (Graduation)
13. Everything I Am
14. Homecoming (Feat. Chris Martin)
15. Big Brother
16. Goodbye (Feat. Mos Def & Al Be) (*Bonus Track*)",,"Aug 14, 2007",Clear,Secondary,
Graduation,Graduation,"Officially released tracklist for the album Graduation.

1. Good Morning
 2. Champion
 3. Stronger
 4. I Wonder
 5. Good Life (feat. T-Pain)
 6. Can't Tell Me Nothing
 7. Barry Bonds (feat. Lil Wayne)
 8. Drunk and Hot Girls (feat. Mos Def)
 9. Flashing Lights (feat. Dwele)
 10. Everything I Am (feat. scratches by DJ Premier)
 11. The Glory
 12. Homecoming (feat. Chris Martin)
 13. Big Brother",,"Sep 11, 2007",Clear,Ye,
Graduation,Graduation [Australia Edition],"Same as released, but with the addition of the song ""Good Night"". This later became the tracklist globally on streaming after ""Good Night"" was made available everywhere.

1. Good Morning
 2. Champion
 3. Stronger
 4. I Wonder
 5. Good Life (feat. T-Pain)
 6. Can't Tell Me Nothing
 7. Barry Bonds (feat. Lil Wayne)
 8. Drunk and Hot Girls (feat. Mos Def)
 9. Flashing Lights (feat. Dwele)
 10. Everything I Am (feat. scratches by DJ Premier)
 11. The Glory
 12. Homecoming (feat. Chris Martin)
 13. Big Brother
14. Good Night (feat. Al Be Back & Mos Def) (bonus track)",,"Sep 11, 2007",Clear,Ye,
Graduation,Graduation [Alternative Business Partners Edition],"Same as released, but with the addition of the ""Can't Tell Me Nothing"" remix.

1. Good Morning
 2. Champion
 3. Stronger
 4. I Wonder
 5. Good Life (feat. T-Pain)
 6. Can't Tell Me Nothing
 7. Barry Bonds (feat. Lil Wayne)
 8. Drunk and Hot Girls (feat. Mos Def)
 9. Flashing Lights (feat. Dwele)
 10. Everything I Am (feat. scratches by DJ Premier)
 11. The Glory
 12. Homecoming (feat. Chris Martin)
 13. Big Brother
14. Can't Tell Me Nothing (remix feat. Young Jeezy) (bonus track)",,"Sep 11, 2007",Clear,Ye,
Graduation,Graduation [United Kingdom Edition],"Same as the Australia edition, but with the addition of the A-Trak remix of ""Stronger"".
1. Good Morning
 2. Champion
 3. Stronger
 4. I Wonder
 5. Good Life (feat. T-Pain)
 6. Can't Tell Me Nothing
 7. Barry Bonds (feat. Lil Wayne)
 8. Drunk and Hot Girls (feat. Mos Def)
 9. Flashing Lights (feat. Dwele)
 10. Everything I Am (feat. scratches by DJ Premier)
 11. The Glory
 12. Homecoming (feat. Chris Martin)
 13. Big Brother
14. Good Night (feat. Al Be Back & Mos Def) (bonus track)
15. Stronger (A-Trak Remix) (bonus track)",,"Sep 11, 2007",Clear,Ye,
Graduation,Graduation [Japanese Edition],"Same as the Australia edition, but with the addition of the song ""Bittersweet Poetry"".

1. Good Morning
 2. Champion
 3. Stronger
 4. I Wonder
 5. Good Life (feat. T-Pain)
 6. Can't Tell Me Nothing
 7. Barry Bonds (feat. Lil Wayne)
 8. Drunk and Hot Girls (feat. Mos Def)
 9. Flashing Lights (feat. Dwele)
 10. Everything I Am (feat. scratches by DJ Premier)
 11. The Glory
 12. Homecoming (feat. Chris Martin)
 13. Big Brother
14. Good Night (feat. Al Be Back & Mos Def) (bonus track)
15. Bittersweet Poetry (feat. John Mayer) (bonus track)",,"Sep 11, 2007",Clear,Ye,
Graduation,Graduation [France Edition],"Same as released, but with the addition of two ""Stronger"" remixes, one by A-Trak and another by Andrew Dawson.

1. Good Morning
 2. Champion
 3. Stronger
 4. I Wonder
 5. Good Life (feat. T-Pain)
 6. Can't Tell Me Nothing
 7. Barry Bonds (feat. Lil Wayne)
 8. Drunk and Hot Girls (feat. Mos Def)
 9. Flashing Lights (feat. Dwele)
 10. Everything I Am (feat. scratches by DJ Premier)
 11. The Glory
 12. Homecoming (feat. Chris Martin)
 13. Big Brother
14. Stronger (A-Trak Remix) (bonus track)
15. Stronger (AD Remix Main) (bonus track)",,"Sep 11, 2007",Clear,Ye,
808s & Heartbreak,The Graduate,"Officially released tracklist for The Graduate mixtape.

1. Intro
2. Flashing Lights (Mick Boogie Mix) (feat. 50 Cent)
3. I Wonder (Terry Urban Mix) (feat. Nas)
4. Never Leave Me Down (9th Wonder Remix) (feat. JAŸ-Z) (Never Let Me Down)
5. Big Brother/Encore (live) (feat. JAŸ-Z)
6. Good Night (feat. Mos Def)
7. I Still Love Her (I Still Love H.E.R.)
8. Stronger (Original Unreleased Verse)
9. Major League (Mick Boogie Mix) (feat. Nas) (We Major)
10. Kicks Open Doors (Terry Urban Mix)
11. A Million And One
12. Breakin' My Heart (Mick Boogie Mix) (feat. Little Brother & Lil Wayne)
13. Champion (live)
14. Everything I Am (Terry Urban Mix)
15. Freestyle
16. Get 'Em High (A-Trak Remix) (feat. Common)
17. Complications (Mick Boogie Mix)
18. Breathe In (9th Wonder Remix) (feat. Ludacris) (Breathe In Breathe Out)
19. The Bounce/Two Words (live) (feat. Talib Kweli)
20. Two Words (9th Wonder Remix)
21. Imagine 2008 (Terry Urban Remix) (feat. Dr. Dre & Busta Rhymes)
22. Anything (feat. Consequence & Patti Labelle)
23. Skillz (Terry Urban Mix) (feat. Consequence) 
24. Glory (Mick Boogie Remix) (feat. Common)
25. Everything (The Diddy Song) (feat. Termanology) (Everything I've Got)
26. Don't Forget 'Em (feat. Consequence)
27. Southside (Terry Urban) (feat. Common & Lupe Fiasco)
28. Naaw (9th Wonder Bonus Track) (feat. Little Brother) (I See Now)",,"Oct 17, 2007",Clear,Ye,
808s & Heartbreak,808s & Heartbreak,"Early tracklist for 808s & Hearbreak.

1. Cookin Up In The Kitchen (Welcome To Heartbreak)
2. Love Lock Down (Love Lockdown)
3. Heartless
4. Bad News
5. Don't Say You Will (Say You Will)
6. Coldest Winter
7. Super Hard Beat (Amazing)
8. Music Dion ?
9. Mr. Bright Side ?
10. (Blank)",,,Clear,Ye,
808s & Heartbreak,808s & Heartbreak,"Found due to Cons' camera roll leaking 01/05/24. Dated September 24th, 2008.

1. Cookin' Up (Welcome To Heartbreak)
2. Heartless
3. Love Lockdown
4. Robocop
5. Anyway (Paranoid)
6. Street Lights
7. Say You Will
8. Amazing
9. Tell Everybody That You Know (See You In My Nightmares)
10. Track Fo-
 #?. ???",,"Sep 24, 2008",Blocked,Ye,
808s & Heartbreak,Alter Ego,"Officially released tracklist for the Alter Ego mixtape.

1. Barbara Walters - Intro
2. Second Coming (Stackhouse Recordings MI)
3. Bittersweet (feat. John Mayer & Keyshi) (Bittersweet Poetry)
4. Buy You A Drink (Remix) (feat. Trey Songz UG)
5. Throw Some Ds Interlude
6. Throw Some Ds (Remix) (Verse)
7. Greatest Ego Of All Time
8. Can't Tell Me Nothing (feat. Fabolous)
9. Young Folks Interlude
10. Young Folks
11. I Can Make You Famous (feat. Twista)
12. Us Placers (feat. Lupe Fiasco & Pharrell Williams)
13. Red Carpet Freestyle (Smokin Aces Premi)
14. Because Of You (Remix) (feat. Ne-Yo & Jo)
15. Stronger
16. Kanye Vs Swizz Beats (Beat Battle Part1)
17. Touch The Sky Live
18. Finer Things (feat. Cyssero & Ne-Yo)
19. Kanye Speaks
20. Classic (feat. Nas Rakim & KRS One)
21. I Can't Honor (Stackhouse Recordings Mix)
22. Calling (Stackhouse R) (feat. John Legend)
23. Porno
24. Bitch Please (Stackhouse Rec) (feat. The Game)
25. Kanye Vs Swizz Beats (Beat Battle Part2)
26. Get Em High (Stackhouse Recordings Mix)
27. When It All Falls (Stackhouse Recordings)
28. Southside (feat. Common)",,"Oct 23, 2008",Clear,Ye,
808s & Heartbreak,808s & Heartbreak,"Early 808s & Heartbreak tracklist. Same sequence was used on private listening party for the album on Oct. 15, 2008.

1. Welcome to Heartbreak
2. Heartless
3. Love Lockdown
4. Robocop
5. Anyway (Paranoid)
6. Streetlights (Street Lights)
7. Say You Will
8. Real Bad News (Bad News)
9. Amazing [ft. Young Jeezy]
10. Tell Everybody That You Know [ft. Lil Wayne] (See You In My Nightmares)
11. Coldest Winter",,"Nov 14, 2008",Clear,Ye,
808s & Heartbreak,Sky High (A We Got The Remix Special Edition),"Officially released tracklist for Sky High (A We Got The Remix Special Edition) mixtape.

1. Sky High (feat. Kid Cudi)
2. Good Morning (The Kickdrums Remix) (feat. Big Sean)
3. Champion (Nick Catchdubs Remix)
4. Barry Bonds (Eli Escobar Remix) (feat. Lil Wayne)
5. We Major (The Kickdrums Remix) (feat. Nas)
6. Crack Musik (Cookin Soul Remix) (Crack Music)
7. Good Night (Plain Pat Remix) (feat. Consequence & Mos Def)
8. Get Em High (A-Trak Remix)
9. Throw Some (Cousin Cole Remix) (Throw Some D's Remix)
10. Electric Touch (Steve1der & Mighty Mi Remix) (feat. Lupe Fiasco) (Touch The Sky)
11. Love Lockdown (Tom Wrecks Remix)
12. Flashing Lights (Diplo Remix)
13. Addiction (Kenny Dope & Terry Hunter Remix)
14. Stronger (A-Trak Remix)
15. Work Out Plan (Chaise Marcel Remix) (The New Workout Plan)
16. Get 'Em High (A-Trak Remix) (feat. Common)
17. Impatient Boy (Benzi Remix) (feat. will.i.am) (American Boy)
18. I Wonder (Scottie B Remix)
19. Good Life (Stretch Armstrong Remix) (feat. T-Pain)
20. Can't Tell Me Nothing (DJ Godfather Remix)
21. Outroduction (feat. Big Sean)",,"Nov 23, 2008",Clear,Ye,
808s & Heartbreak,808s & Heartbreak,"Officially released tracklist for 808s & Heartbreak.

1. Say You Will
 2. Welcome To Heartbreak (feat. Kid Cudi)
 3. Heartless
4. Amazing (feat. Young Jeezy)
 5. Love Lockdown
 6. Paranoid (feat. Mr Hudson)
 7. RoboCop
 8. Street Lights
 9. Bad News
 10. See You in My Nightmares (feat. Lil Wayne)
 11. Coldest Winter
 12. Pinocchio Story",,"Nov 24, 2008",Clear,Ye,
Good Ass Job,Winter Spring Summer Fall,"In an interview, Kanye stated his next album would be called Winter Spring Summer Fall and would be split into 4 sections, 1 for each season with 3 tracks per. Winter - Spring - Summer - Fall would be the order.

1-12. ???",,"Dec 1, 2008",N/A,Ye,
Good Ass Job,"Consequence - You Win Some, You Lose Some","CD backup of a December 2008 session, shown by Consequence in August 2023.

1. Whatever You Want
 2. We Like To Party (Party)
 3. Come With Me
4. No Turnin' Back
 5. Say Things About Me",,"Dec 8, 2008",Clear,Secondary,
Good Ass Job,Good Ass Job,"Undated tracklist seen in a collection of polaroids taken from the Hawaii sessions.

1. Power
2. Runaway
3. Monster
4. ???
5. ???
6. D-",,2010,Blurry,Secondary,
Good Ass Job,Good Ass Job,"Image of whiteboard posted by Complex. Date unknown.

1. Hell Of A Life
 2. Dark Fantasy
 3. Runaway
 4. Joy (The Joy)
 5. Heartbreaker
 6. Lost In The World
 7. Momma's Boy (Mama's Boyfriend)
 8. Give It All Away
 9. Live Fast, Die Young (Hard Horn Nightmare)
 10. Monster",,Mar 2010,Blurry,Secondary,
Good Ass Job,Good Ass Job,"Notepad in the background of image posted by Complex. Date comes from the studio board display. Might've been written earlier, but it's safe to assume it was wrtten the same day.

1. Hell Of A Life
 2. Dark Fantasy HIGHER
 3. Power
4. Gorgeus (Gorgeous)
 5. Lost In A World (Lost In The World)
 6. Run Away (Runaway)
 7. Heartbreakers (Heartbreaker)
 8. The Joy
 9. So Appalled
 10. Mama's Boy (Mama's Boyfriend)
 11. Chaka Khan
 12. Single Foul Rhyme

 #?. Eyes Closed
#?. Take This One 4 The Team (Take One For The Team)",,"Mar 19, 2010",Blurry,Secondary,
Good Ass Job,Good Ass Job,"Tracklist seen in a picture from the Hawaii Sessions. Notes say to move ""Lost In The World"" to the back of the album.

1. Gorgeous
2. Runaway
3. Joy ""Mama's Angel""
4. Appaled (So Appalled)
5. Chaka Khan
6. Single File (Single Foul Rhyme)
7. Heartbreaker
8-?. ???
?. Lost In The World",,2010,Blurry,Leaked,
Good Ass Job,Good Ass Job,"Pre-July copy of the album. Found on JAŸ-Z's blog as part of the promo for Watch The Throne.

1. Hell Of A Life
 2. Dark Fantasy
 3. Power
4. Lost In A World (Lost In The World)
 5. Runaway
 6. Heartbreaker
 7. So Appalled
 8. Monster
 9. See Me Now
 10. The Joy
 11. Gorgeous
 12. Mama's Boy
 13. ???
14. Ghetto University (All Of The Lights)
15. Live Fast (Die Young, Hard Horn Nightmare)",,2010,Blurry,Ye,
Good Ass Job,Good Ass Job,"Instrumental copy zip for Good Ass Job that was lined up for the album. Has files ranging from 2008-2010, and was most likely finished on April 19th, 2010 as that's the most recent file. Order is unknown.

#?. Armed and Dangerous TRACK INST
#?. Choir Sample Try2 92.5BPM RUFF INST
#?. Dance at Night Horn track RUFF INST
#?. Give it all away RUFF INST
#?. Hi Beat5 Name Ring RUFF
#?. Higher Ruff INST
#?. Hornz Shuffle Groove Track INST RUFF
#?. HypeMeUp RUFF INST
#?. Lonely INST RUFF
#?. Make that money sample pitchfix RUFF
#?. Ohh Kanye Beat RUFF INST
#?. Ohh Yeah Tellem RUFF (Ain't No Tellin)
#?. RUFF 8 Loop 83BPM
#?. String Pad Uptempo RUFF INST
#?. Tellin u Before.6 DRUMS RUFF
#?. TellinUBefore.12 INST RUFF
#?. Throw My Money Every RUFF INST",,2010,Clear,Leaked,
Good Ass Job,"Good Ass Job
(RecordForHype, record4hype)","Tracklist for the infamous ""record4hype"".

1. Hell Of A Life
 2. Dark Fantasy
 3. Power
4. Chain Heavy
 5. Ghetto University (All Of The Lights)
 6. That's My Bitch
 7. Runaway
 8. Lost In The World
 9. Gorgeours (Gorgeous)
 10. Monster
 11. Holding Me Back
 12. Devil In A New Dress
 13. The Joy
14. So Appauled (So Appalled)
15. Blame Game
16. Sweat on My Face",,"Jul 7, 2010",Clear,Leaked,
Good Ass Job,Good Ass Job,"Version of the album mentioned by Pusha T. Likely all solo or open verse versions of tracks, as Pusha T was given them to record over. 17 tracks were considered, but only 3 are currently known. 

#?. Runaway
#?. I'm So Appalled (So Appalled)
#?. Lost In The World",,2010,Blocked,Secondary,
Good Ass Job,Good Ass Job,"Tracklist for an alternate version of ""record4hype"" owned by @dp16 on Twitter. It's unknown what we have/don't have. The length for the whole zip is 1 hour and 6 minutes long, but appears to be missing several songs based on track tagging.

1. Hell of a Life - KW (Hell of a Life)
2. Dark Fantasy - KW (Dark Fantasy)
2. Dark Fantasy Feat. Nicki Minaj - KW (Dark Fantasy)
3. Power - KW (POWER)
4. [Blank]
5. All of the Lights - KW (All of the Lights)
6. [Blank]
7. Runaway Feat. Pusha T - KW (Runaway)
8. Lost In The World - KW (Lost In The World)
9. Gorgeous - KW (Gorgeous)
9. Gorgeous Feat. Kid Cudi - KW (Gorgeous)
10. Monster Feat. Rick Ross & Nicki Minaj - KW (Monster)
11. [Blank]
12. Devil in New Dress - KW (Devil In A New Dress)
13. Joy Feat. Cyhi Da Prince - KW (Joy)
14. So Appauled - KW (So Appalled)
15-16. [Blank]
17. See Me Now Feat. Beyonce & Charlie Wilson - KW (See Me Now)",,2010,Clear,Leaked,
My Beautiful Dark Twisted Fantasy,Perajok & Kanye West Presents - G.O.O.D. Ass Mixtape,"Officially released tracklist for the Perajok & Kanye West Presents - G.O.O.D. Ass Mixtape.

1. Big Sean - Bullshittin' Intro (feat. Consequence)
2. Consequence - It's G.O.O.D. Music (feat. Common & Talib Kweli)
3. Pusha T - Popular Demand (Remix) (feat. CyHi)
4. GLC - I'm G.O.O.D. (feat. Shawn Chrystopher)
5. GLC - G.O.O.D. Man
6. Big Sean - Whatever Youu Want (feat. Kanye West)
7. Big Sean - So G.O.O.D. (feat. Paije)
8. The WRLDFMS Tony Williams - Everything About You (Snippet)
9. John Legend - Dream (Snippet)
10. Fonzworth Bentley - G.O.O.D. Bye Love
11. GLC - Got Me Gone
12. Amber Rose - Never Get Enough (Skit)
13. Kid Cudi - Erase Me (feat. Kanye West)
14. Mr. Hudson - Watch You Move (Live)
15. Mr. Hudson - Love Never Dies
16. The WRLDFMS Tony Williams - You Never Know
17. The WRLDFMS Tony Williams - All The King's Horses (Skit)
18. Rick Ross - Live Fast Die Young (Remix) (feat. Kanye West, GLC & The WRLDFMS Tony Williams)
19. Life Of A Don (Perajok Mix) (feat. Lil Wayne) (Barry Bonds)
20. See Me Now (Skit)
21. See Me Now (feat. Beyoncé & Charlie Wilson)
22. Kid Cudi - Wylin' Cause I'm Young (feat. Kanye West) (Wild'n Cuz I'm Young)
23. GLC - In It For Keeps
24. Really Doe - Chicago (feat. GLC)
25. Taz Arnold AKA Ti$a - South$ide Blood Cuz'n (feat. Major)
26. Fonzworth Bentley - Fireside Chat
27. John Legend & The Roots - Wake Up Eerybody (feat. Common & Melanie Fiona)
28. Kid Cudi - Mr. Rager
29. Perajok & Kanye West Outro
30. POWER (Live)",,"Aug 16, 2010",Clear,Ye,
My Beautiful Dark Twisted Fantasy,My Beautiful Dark Twisted Fantasy,"Early iTunes pre-order tracklist, revealed around 10/23/2010.

1. Dark Fantasy
2. Gorgeous (feat. Kid Cudi & Raekwon)
3. POWER
4. All of the Lights
5. Monster (feat. Jay-Z, Rick Ross, Nicki Minaj & Bon Iver)
6. So Appalled (feat. Jay-Z, Pusha T, Prynce Cy Hi, Swizz Beatz & The RZA)
7. Devil In a New Dress
8. Runaway (feat. Pusha T)
9. Hell of a Life
10. Blame Game (feat. John Legend & Pusha T)
11. Lost in the World
12. See Me Now",,"Oct 23, 2010",Clear,Ye,
My Beautiful Dark Twisted Fantasy,My Beautiful Dark Twisted Fantasy,"Early iTunes tracklist with four exclusive bonus tracks.

1. Dark Fantasy
2. Gorgeous (feat. Kid Cudi & Raekwon)
3. POWER
4. All Of The Lights (Interlude)
5. All Of The Lights
6. Monster (feat. Jay-Z, Rick Ross, Nicki Minaj & Bon Iver)
7. So Appalled (feat. Jay-Z, Pusha T, CyHi, Swizz Beatz & RZA)
8. Devil In A New Dress
9. Runaway (feat. Pusha T)
10. Hell Of A Life
11. Blame Game (feat. John Legend & Pusha T)
12. Lost In The World
13. Who Will Survive In America
14. See Me Now (feat. Beyoncé & Charlie Wilson) (bonus track)

iTunes Bonus Tracks:
15. Chain Heavy (feat. M.I.A.) (bonus track)
16. Momma's Boyfriend (bonus track) (Mama's Boy)
17. POWER (Remix) (feat. Jay-Z & Swizz Beatz) (bonus track)
18. Pure (feat. Mr. Hudson) (bonus track)",,"Oct 31, 2010",Clear,Ye,
My Beautiful Dark Twisted Fantasy,My Beautiful Dark Twisted Fantasy,"Officially released tracklist for the album My Beautiful Dark Twisted Fantasy.

1. Dark Fantasy
 2. Gorgeous (feat. Kid Cudi & Raekwon)
 3. Power
4. All Of The Lights (Interlude)
 5. All Of The Lights
 6. Monster (feat. JAŸ-Z, Rick Ross, Nicki Minaj & Bon Iver)
 7. So Appalled (feat. Swizz Beatz, JAŸ-Z, Pusha T, Cyhi the Prynce & RZA)
 8. Devil In A New Dress (feat. Rick Ross)
 9. Runaway (feat. Pusha T)
 10. Hell Of A Life
 11. Blame Game (feat. John Legend)
 12. Lost In The World (feat. Bon Iver)
 13. Who Will Survive in America

iTunes Bonus Track:
14. See Me Now (feat. Beyoncé, Charlie Wilson & Big Sean) (bonus track)",,"Nov 22, 2010",Clear,Ye,
Watch The Throne,Watch The Throne - EP,"Watch The Throne was originally a 5 song album first announced by Kanye on twitter on August 27th, 2010. The album was intended to feature ""POWER (Remix"" and ""Monster"", though Nicki convinced Kanye to put ""Monster"" on his album instead. Kanye woul also tweet that ""We got new Pete Rock Joints on the Watch the Thrown album... Q Tip joints"" confirming ""That's My Bitch"" and ""The Joy"" were on the album at this point. Likely would've featured ""So Appalled"" as well, as Kanye said a few songs he had intended for Watch The Throne were instead put on his album.

Confirmed:
1. POWER (Remix) (feat. Swizz Beatz)
2. Monster (feat. Nicki Minaj & Bon Iver)
3. ???
4. ???
5. ??? 

?. That's My Bitch
?. The Joy

Rumored:
?. So Appalled",,Aug 2010,Blocked,Ye,
Watch The Throne,Watch The Throne,"A version of the tracklist posted by music insider blog ""The DOTR"".

1. Lift Off (feat. Beyoncé & Bruno Mars)
 2. Murder To Excellence 
3. Illest Motherfucker Alive
 4. Why I Love You So (Guilt Trip)
5. That Shit Crazy (Niggas In Paris)
 6. Living So Italian
 7. Who Gonna Stop Me 
8. Whole Lifetime
 9. We Are Young
10. Anthem",,"Jun 6, 2011",Clear,Leaked,
Watch The Throne,Watch The Throne,"Non-numbered list of songs with notes intended for Kanye to re-record.

Kanye Checklist:
NO CHURCH (No Church In The Wild) (8 BARS ADDED) (RE-SPIT WHOLE VERSE)
SO ITALIAN (Living So Italian, Like The Mob) (PRE-CHORUS LINES)
WHO GON STOP ME (""I ONLY LIKE GREEN FACES) (RECORD WHOLE CHORUS)
NIGGAS IN PARIS (LINE IN LAST 4 BARS)
WELCOME 2 JUNGLE (Welcome To The Jungle) (VERSE) ✓
OTIS (FINISH VERSES)
??? (FILL IN...)
??? (FILL INS...)",,2011,Blurry,Secondary,
Watch The Throne,Watch The Throne,"Tracklist very similar to the one found in the source code of the Watch The Throne website. Image of notepad was used as a thumbnail for the offical ""Living So Italian"" instrumental release. Tracks past 10 are not in an offical order, just going top to bottom.

1. Niggas In Paris
 2. Lift Off
 3. Otis
 4. Living So Italian
5. No Church (No Church In The Wild)
 6. New Day
 7. What U Need (Gotta Have It)
 8. Illest Motherfucka Alive (Illest Motherfucker Alive)
 9. King Malcolm (Made In America)
 10. Love You So (Why I Love You)

H.A.M.
Welcome To The Jungle
 Who Gon Stop Me
 Whole Lifetime
 Primetime
 Guilt Trip
 That's My Bitch
 The Joy",,2011,Blurry,Secondary,
Watch The Throne,Watch The Throne,"Watch The Throne tracklist found in the source code of the website from around July 2011.

1. Niggas In Paris
 2. Otis
 3. Like The Mob (Living So Italian)
 4. New Day
5. Primetime
6. No Church in The Wild
 7. Who gon Stop us me / Spazz / Murder / Excellence
8. King Martin (Made In America)
9. H.A.M
10. Why I Love You So (Why I Love You)
 11. Illiest Motherfucker Alive
 12. Gotta Have It
 13. Welcome To The Temple (Welcome To The Jungle)
 14. Whole Lifetime",,Jul 2011,Clear,Secondary,
Watch The Throne,Watch The Throne (Deluxe),"Early deluxe tracklist posted to Jay-Z's blog.

1. No Church in the Wild (feat. Frank Ocean)
2. Lift Off (feat. Beyoncé)
3. Niggas in Paris
4. Otis (feat. Otis Reading)
5. Gotta Have It
6. New Day
7. Prime Time (Primetime)
8. Who Gon Stop Me
9. Murder to Excellence
10. Welcome to The Jungle
11. Sweet Baby Jesus (feat. Frank Ocean) (Made In America)
12. Why I Love You? (feat. Mr. Hudson) (Why I Love You)

Bonus:

13. Illest Motherfucker Alive
14. H*A*M
15. That's My Bitch
16. The Joy (feat. Curtis Mayfield)",,"Jul 2, 2011",Clear,Secondary,
Watch The Throne,Watch The Throne,"Tracklist for the album played during the private listening party given to journalists and two people who preordered the album. ""Primetime"" and ""Illest Mothafucka Alive"" were played after the main tracklist, since they were likely going to be bonus tracks. ""That's My Bitch"" was described to have been being ""mastered by Q-Tip"" at the time by MIKE DEAN, so whether it was planned as a bonus track is unknown. ""H.A.M."" was also in limbo on whether or not it was going to be a bonus track. Said to be the third rendition of the album.

1. No Church In The Wild (feat. Frank Ocean)
2. Lift Off (feat. Beyonce)
3. Niggas In Paris
4. Otis (feat. Otis Redding)
5. New Day
6. Living So Italian
7. Gotta Have It
8. Who Gon Stop Me
9. Murder To Excellence
10. Made In America (feat. Frank Ocean)
11. Why I Love You
#?. Primetime 
#?. Illest Motherfucker Alive
#?. H.A.M.
#?. That's My Bitch",,"Jul 7, 2011",Blocked,Secondary,
Watch The Throne,Watch The Throne,"Officially released tracklist for the album Watch The Throne.

1. No Church In The Wild (feat. Frank Ocean & The-Dream)
 2. Lift Off (feat. Beyoncé)
 3. Niggas In Paris
 4. Otis (feat. Otis Redding)
 5. Gotta Have It
 6. New Day
 7. That's My Bitch
 8. Welcome To The Jungle
 9. Who Gon Stop Me
 10. Murder To Excellence
 11. Made In America (feat. Frank Ocean)
 12. Why I Love You (feat. Mr. Hudson)",,"Aug 8, 2011",Clear,Ye,
Watch The Throne,Watch The Throne (Deluxe),"Adds four tracks to the original album.

1. No Church In The Wild (feat. Frank Ocean & The-Dream)
 2. Lift Off (feat. Beyoncé)
 3. Niggas In Paris
 4. Otis (feat. Otis Redding)
 5. Gotta Have It
 6. New Day
 7. That's My Bitch
 8. Welcome To The Jungle
 9. Who Gon Stop Me
 10. Murder To Excellence
 11. Made In America (feat. Frank Ocean)
 12. Why I Love You (feat. Mr. Hudson)
13. Illest Motherfucker Alive
14. H•A•M
15. Primetime
16. The Joy (feat. Curtis Mayfield)",,"Aug 8, 2011",Clear,Ye,
Cruel Summer,Cruel Summer Soundtrack,"Original tracklist for Cruel Summer when it was nothing more than just the soundtrack for the film. Originally said by Ye that he had done ""eight tracks"" for the album, yet wanted twelve, meaning that most likely all of the tracks had Ye on them at the time, as there are eight Ye verses on the final album. The Skrillex song was most likely replaced with ""Don't Like.1"". 

1. ??? (Skrillex Song)
2-8. ???

Confirmed:
#?. Mercy
#?. Cold

Rumored:
?. Clique
?. New God Flow
?. The Morning
?. The One
?. To The World",,"Apr, 2012",Blocked,Ye,
Cruel Summer,Cruel Summer,"Officially released tracklist for the album Cruel Summer.

1. To the World (feat. Kanye West, R. Kelly & Teyana Taylor)
 2. Clique (feat. Kanye West, JAŸ-Z & Big Sean)
 3. Mercy.1 (feat. Kanye West, Big Sean, Pusha T & 2 Chainz)
 4. New God Flow.1 (feat. Kanye West, Pusha T & Ghostface Killah)
 5. The Morning (feat. Raekwon, Pusha T, Common, 2 Chainz, Cyhi the Prynce, Kid Cudi & D'banj)
 6. Cold.1 (feat. Kanye West & DJ Khaled)
 7. Higher (feat. The-Dream, Pusha T, Mase & Cocaine 80s)
 8. Sin City (feat. John Legend, Travis Scott, Teyana Taylor, Cyhi the Prynce & Malik Yusef)
 9. The One (feat. Kanye West, Big Sean, 2 Chainz & Marsha Ambrosius)
 10. Creepers (feat. Kid Cudi)
 11. Bliss (feat. John Legend & Teyana Taylor)
 12. Don't Like.1 (feat. Kanye West, Chief Keef, Pusha T, Big Sean & Jadakiss)",,"Sep 14, 2012",Clear,Ye,
Yeezus,Thank God For Drugs [Misc. Tracklisted Files],"Several tracklisted files leaked as part of the TGFD/Yeezus 2025 mass leak. As it's unknown which files belong together and what partial copies are in the folder, we are putting all the tracklisted files here for archival purposes.

Files part of unknown copies:
2. KW - Why Feel Bad…Ref (1.14.13)
6. KW - Daft - On Site Ref (1.7.12)
6. KW - Why Does Summer Have To End Ref (1.7.12)
8. KW - He's A Rebel Sample Chop 1-Gain
9. KW - He's A Rebel Sample Chop 2-Gain
10. KW - Black Skinhead Ref (12.21.12)
13. New Slaves
14. KW - Get Too High Vox Ref (12.20.12)
15. KW - Work It Ref (1.18.13)
16. interlude 2
18. Guilt Trip Ruff (5.14.12)
19. KW - Where Are We Ref (1.24.13)
20. KW - Where Are We Ref (1.15.13)
23. Daft - Chamber Beat (12.20.12)",,???,Blocked,Secondary,
Yeezus,Thank God For Drugs,"The CD concept for Thanks God For Drugs, posted by Joe Perez, shows that tracklist was originally 12 songs.

1-12. ???",,2013,Clear,Secondary,
Yeezus,Yeezus,"Tracklist from March. Order is unknown, except for a few tracks.

1. KW - Blood On The Leaves Ref (3.11.13)
6. KW - Black Skinhead Ref (3.13.13)
8. KW - Send It Up Ref (3.13.13)
9. KW - On Sight Ref (3.13.13)
10. KW - Hold My Liquor Ref (3.13.13)
10. KW - One I Love Ref (3.12.13)
13. KW - Nobody To Love Ref (3.30.13)
14. KW - Awesome Ref (3.31.13)

#?. KW - Good Things Don't Last Ref (3.10.13)
#?. KW - Talk To Me Ref (3.31.13)
#?. KW - New Slaves Ref (3.30.13)
#?. KW - No No No No Ref (3.31.13)
#?. KW - I Am A God Ref (3.30.13)
#?. KW - I Am Not Home Ref (3.30.13)
#?. KW - Guilt Trip Ref (3.31.13)",,"Mar 31, 2013",Clear,Leaked,
Yeezus,Yeezus,"In Virgil Abloh's concept art for Yeezus, a tracklist can be made out. Most of it is blocked, with just the last 2/3 tracks remaining.

#?. Awesome
#?. Send It Up
#?. Nobody To Love (Bound 2)",,2013,Blocked,Secondary,
Yeezus,Yeezus [Private LP],"A private listening event was held for Yeezus on May 15th, 2013. The full LP has not leaked, but many snippets and recordings of songs have. Songs from Cruel Winter were also said to have been played.

#?. I Am A God
#?. Send It Up

#?. Can't Get Over Me (Fall Out Of Heaven)
#?. Awesome
#?. Blood On The Leaves
#?. Talk To Me (I'm In It)
#?. New Slaves
#?. Nobody To Love (Bound 2)
#?. Hold My Liquor
#?. Can't Look In My Eyes",,"May 15, 2013",Blocked,Secondary,
Yeezus,Yeezus,"Leaked copy of the album. Likely complied sometime in May 2013.

1. 01 KW - Blood On The Leaves Ref (4.30.13)
2. 02 KW - Interlude Ref (4.11.13)
3. 03 KW - New Slaves Ref (5.6.13)
4. 04 KW - Black Skinhead Ref (5.17.13)
5. 05 KW - I Am A God Ref (4.27.13)
6. 06 KW - Send It Up Ref (4.22.13)
8. 08 KW - Talk To Me Ref (5.1.3)
9. 09 KW - Hold My Liquor Ref (4.30.13)
10. 10 KW - Guilt Trip Ref (4.13.13)
11. 11 KW - Can't Get Over Me Ref (4.30.13)
11. 11 KW - On Sight Ref (3.13.13)
12. 12 KW - I Am Not Home Ref (4.24.13)
12. 12 KW - Why Feel Bad HM
15. 15 KW - Nobody To Love Ref (3.30.13)
16. 16 KW - Good Things Don't Last Ref (3.10.13)",,May 2013,Clear,Leaked,
Yeezus,Yeezus,"In an interview, Rick Rubin stated that the original tracklist for Yeezus was 16 songs long.

1-16. ???",,2013,N/A,Secondary,
Yeezus,Yeezus,"The original pre-order tracklist from iTunes UK was 14 songs long. All tracks had temporary lengths. While none of the trackls are known, it likely includes the 10 released songs, Awesome, Why Feel Bad and No No No, as they were all said to have been removed from the album by Rick Rubin by Ye collaborators, and the unheard song with A$AP Rocky that was mentioned in the Amazon version of this pre-order.

#?. On Sight
#?. Black Skinhead
#?. I Am A God
#?. New Slaves
#?. Hold My Liquor
#?. I'm In It
#?. Blood On The Leaves
#?. Guilt Trip
#?. Send It Up
#?. Bound 2
#?. Why Feel Bad
#?. No No No
#?. Awesome
#?. ??? (feat. A$AP Rocky)",,"May 20, 2013",Blocked,Secondary,
Yeezus,Yeezus,"The back of the Yeezus CD has a different tracklist than what is actually found on the CD.

1. Blood On The Leaves 
2. I Am A God
3. Send It Up
4. New Slaves
5. I'm In It
6. Bound 2
7. Guilt Trip",,"Jun 15, 2013",Clear,Secondary,
Yeezus,Yeezus,"Officially released tracklist for the album Yeezus.

1. On Sight
 2. Black Skinhead
 3. I Am a God (feat. God)
 4. New Slaves
 5. Hold My Liquor
 6. I'm In It
 7. Blood On The Leaves
 8. Guilt Trip
 9. Send It Up
 10. Bound 2",,"Jun 18, 2013",Clear,Ye,
Yeezus 2,Lost Yeezus Tapes,"According to UMG documents, Ye was set to deliver a ""Lost Yeezus Tapes"" project, consisting of scrapped Yeezus tracks. Tracks considered for the project are unknown, but there are several known Yeezus scraps that were later worked on for Yeezus 2 that might've been considered for the project.

Possible:
#?. Awesome
#?. Can't Get Over Me
#?. Good Things Don't Last
#?. One I Love",,2013,Blocked,Leaked,
Yeezus 2,Yeezus 2,"Earliest copy of Yeezus 2. Featuring the earliest versions of ""After You"" and ""Father Stretch My Hands"". Dated November 11th, 2013. This version of the album leaked after a successful groupbuy on March 20th, 2023.

#?. KW - About Time Ref (11.11.13)
#?. KW - Back Up Off The Ledge Ref (11.11.13)
#?. KW - Dom $olo - After You
#?. KW - Dom $olo - Hummer Ref (11.11.13)
#?. KW - Don't Want To Think Ref (11.11.13)
#?. KW - Fall Into You Ref (11.11.13)
#?. KW - Father Stretch My Hands Ref (11.11.13)
#?. KW - Gut Feeling Ref (11.11.13)
#?. KW - Hit-Boy Idea Ref (11.11.13)
#?. KW - I Could Tell Ref (11.11.13)
#?. KW - Live Together Ref (11.11.13)
#?. KW - Losing Me Ref (11.11.13)
#?. KW - My Smile Ref (11.11.13)",,"Nov 11, 2013",Clear,Leaked,
Yeezus 2,Yeezus 2,"In an interview published on 12/06/13, Kanye stated that his next album was going to be ""eight songs long"".

1-8. ???",,"Dec 6, 2013",N/A,Leaked,
Yeezus 2,Yeezus 2,"Tracklist from January 8th, 2014.

#?. KW - A Pas de Velour Instr @ 91 BPM (1.7.14)
#?. KW - afta u loop (After You)
#?. KW - All Your Fault Ref (1.7.14) (Tom Cruise)
#?. KW - Big Body Ref (1.8.14) (Sanctified)
#?. KW - Crosses Ref (1.7.14)
#?. KW - Definitely Ref (1.6.14)
#?. KW - Guide You Ref (1.7.14)
#?. KW - Hold Me Close Ref (1.6.14)
#?. KW - Lonely Life (1.7.14) (It's Only Right)
#?. KW - Man Up (1.3.14)
#?. KW - Much Better @ 65.5 BPM (1.6.14) (Jukebox Joints)
#?. KW - Never Lose Ref (1.6.14)
#?. KW - No Way In No Way Out (1.8.14)
#?. KW - On My Mind Ref (1.6.14)
#?. KW - Rich Girl Ref 2 (1.6.14)
#?. KW - Soul Dog Ref (1.6.14) (When I See It)
#?. KW - Soul Town Ref (1.6.14)
#?. KW - Special Ref (1.7.14)
#?. KW - The Great Pretender Ref (1.6.14)
#?. KW - Use Your Love Ref (1.8.14)
#?. KW - Wondering Ref (1.8.14)",,"Jan 8, 2014",Clear,Leaked,
Yeezus 2,Yeezus 2,"Tracklist from January 12th, 2014.

1. KW - Faded Loop @ 75 BPM (1.8.14) (Wolves)
2. KW - All Your Fault Ref (1.7.14) (Tom Cruise)
3. KW - On My Mind Ref (1.6.14)
4. KW - Money Pussy Alcohol Ref (1.9.14) (MPA)
5. KW - Never Lose Ref (1.6.14)
6. KW - Hold Me Close Ref (1.6.14)
7. KW - So Special Ref (1.9.14)
8. KW - Man Up Young Thug Ref 2 (1.10.14)
9. KW - Wondering Ref (1.9.14)
10. KW - Soul Dog Ref (1.6.14) (When I See It)
11. finnese (Quintana Pt. 2)
12. KW - Rule The World Ref (1.10.14)
13. KW - afta u loop @ 79.7 BPM (After You)
14. KW - Crosses Ref (1.7.14)",,"Jan 12, 2014",Clear,Leaked,
Yeezus 2,Yeezus 2,"Talked about by Seth Rogen. Kanye played beats to Seth Rogen and his wife for around 2 and a half hours while he rapped over the beats. Rogen says it was about 2 months after he uploaded his ""Bound 2"" parody (Nov 2013), so it must have been around Jan 2014.

1-17. ???",,Jan 2014,Blocked,Secondary,
Yeezus 2,YPM,"A Spotify playlist created by CyHi the Prynce containing confirmed Yeezus 2 songs, titled ""ypm"". Track names are abbreviated. The acronym was said by REDACTED to be ""Your Prayers Mattered"", but there is no proof of this; it's more possible it was something like ""Yeezus Paul McCartney"". Leaked July 22nd as part of a groupbuy.

1. 333 (FourFiveSeconds)
2. MM (Mrs. Misery)
3. WISI (When I See It) (Tell Your Friends)
4. W (Wolves)
5. OO (Only One)
6. AY (After You)",,2014,Clear,Secondary,
Yeezus 2,Yeezus 2,"An April 2014 copy of Yeezus 2 is said to exist with an early version of The Weeknd song ""King Of The Fall"" is said to be included

#?. King Of The Fall",,Apr 2014,N/A,Leaked,
Yeezus 2,Yeezus 2,"Tracklist from April 29th, 2014. 

#?. KW - 3 Ref (4.18.14) (FourFiveSeconds)
#?. KW - 88 keys - progaganda
#?. KW - After You 83 BPM
#?. KW - God Level (4.24.14)
#?. KW - I Can't Let Go Ref (4.24.14)
#?. KW - I Feel Like That Ref (4.26.14)
#?. KW - Man Up Ref (2.11.14)
#?. KW - Mrs. Misery JL Ref (4.5.14)
#?. KW - Souls Ref (4.20.14) (Depiction Of The Devil)
#?. KW - Tom Cruise Ref (2.11.14) (All Your Fault)
#?. KW - When I See It Ref (4.1.14)
#?. KW - Wolves Ref (2.11.14)
#?. NINA CHOP HM RUFF 80 BPM (Famous)
#?. Only One Tony Ref (4.23.14)
#?. only trill niggas i know travis verse (3500)
#?. PAUL & KANYE ROUGH MIX HH 17 (However You Want It)",,"Apr 29, 2014",Clear,Leaked,
Yeezus 2,Yeezus 2,"Tracklist seen in a photo of Kanye with his psychiatrist's kids, who played him their band THE CITIE's song ""Snowflakes"", as mentioned by Kanye on ""No More Parties On LA"". Was thought to be for So Help Me God based on the press release the photo is from referring to ""Snowflakes"" as THE CITIE's latest single, with it being released on April 3rd, 2015, however this is likely a re-release as the article is from January 22nd, and their YouTube was created June 17th, 2014. This tracklist is also missing key tracks such as ""Enya"", ""Fade"", and ""Feedback"", alongside ""FourFiveSeconds"" still being called ""3"", even though it was released by Rihanna on January 24th, 2015.

""TH"" and ""HO"" are likely ""Thirtyfivehunna"" and ""However You Want It"" respectively, with Kanye possibly getting the idea to combine ""However You Want It"" with ""All Day"" after hearing them sequenced next to eachother. This tracklist shares a few track similarities with the April 29th copy of Yeezus 2, with a lot of the tracks on that copy which aren't seen on this tracklist being found on the ""Possible Tracks"" tracklist, further connecting all the tracklists together.

1. Nina Chop (Famous)
 2. God (Level)
3. Wo(lves)
 4. Th(irtyfivehunna) (3500)
5. Ho(wever You Want It)
6. All (Day)
 7. Only (One)
8. Sens- [Not enough text to guess] 
9. Tell Yo(ur Friends) (When I See It)
10. 3 (FourFiveSeconds)",,June 2014,Blocked,Secondary,
Yeezus 2,Yeezus 2,"Set of ""Possible Tracks"" for the album.

Possible Tracks
1. Man Up (Bad Night)
2. Tom Cruise (All Your Fault)
3. Depiction of the Devil
4. Never Lose
5. You Ain't No Model
6. After You (Reaper, Coming Home)
7. Awesome
8. Can't Get Over Me (Fall Out Of Heaven)
9. Nobody
10. Wondering",,June 2014,Blurry,Secondary,
Yeezus 2,Yeezus 2,"In May 2014, a source reached out to Billboard to comment on an article about Ye's new album.
The source claimed the album was about 12 tracks long, being a mixture of ""soul samples"" and ""tamed Yeezus-esque darkness… nothing abrasive.""

1-12. ???",,May 2014,N/A,Secondary,
Yeezus 2,Yeezus 2,"Version of Yeezus 2 played at the Cafe Royal listening party, described to have been 20 tracks long. Only tracks known are those recorded from the party. The snippets incorrectly believed to be from Leonardo DiCaprio's birthday party were also from this listening party.

1-20. ???

Confirmed:
#?. All Day
#?. God Level
#?. Feedback
#?. Piss On Your Grave
#?. See How These Niggas Is (Be That Nigga)
#?. Special
#?. When I See It",,"Jul 5, 2014",Blocked,Secondary,
So Help Me God,So Help Me God,"According to Travis Scott, ""Thirtyfivehunna"" was originally going to be a single for the album.

#?. Thirtyfivehunna",,,Blocked,Secondary,
So Help Me God,So Help Me God,"A private listening party for So Help Me God was held in Paris in September of 2014. This listening party was confirmed by Theophilus London on Twitter. According to a trusted community member who spoke to someone who went to the LP, ""Tell Your Friends,"" ""All Day,"" and ""Feedback"" were played.

1-#?. ???

Confirmed:
#?. All Day
#?. Feedback
#?. Tell Your Friends",,"Sep 25, 2014",N/A,Secondary,
So Help Me God,Wolves,"According to Saya, people that worked on the album stated that in December 2014, ""Go Pro,"" ""All Day,"" and ""Wolves"" were the 3 most important songs for the album at the time. The album was titled ""Wolves.""

#?. All Day
#?. Go Pro
#?. Wolves",,"Dec 19, 2014",Blocked,Secondary,
So Help Me God,Wolves,"According to a now lost Yeezy Talk thread, Ye played several songs for Def Jam executives around very late December 2014 or very early January 2015. These include ""Feedback,"" ""Piss On Your Grave"" (solo version), and ""Tell Your Friends"" (with The Weeknd & Drake).

#?. Feedback
#?. Piss On Your Grave
#?. Tell Your Friends",,Dec 2014,Blocked,Secondary,
So Help Me God,So Help Me God,"""Wolves"" was said to be the opening track for Kanye's album during Yeezy Season 1 show.

1. Wolves
[...]",,"Feb 12, 2015",Blocked,Ye,
So Help Me God,So Help Me God [Glastonbury Setlist],"Kanye's pre-show and main set at Glastonbury contained many tracks on his upcoming album. (Wolves is included as we have a version made for his Glasto performance, even though it was unused)

1. I Feel Like That
2. Pressure (Can U Be)
3. 2 Rihannas (Mitus Touch)
4. All Day
5. Four Five Seconds
6. Only One

#?. Wolves",,"Jun 28, 2015",Clear,Secondary,
SWISH,SWISH,"Filelist from August 2015. Unknown exactly where it's from, but it is most likely related to MusicMafia and the Post Malone freestyles session - although the files themselves are the Ye versions & instrumentals.

KW - Bad Night Ref (8.16.15)
KW - Bad Night Ref Instr @ 103 BPM (8.16.15)
KW - Do You Really Ever Love
KW - Enya Ref (8.16.15)
KW - Enya Ref Instr @ 96.1 BPM (8.16.15)
KW - Fade Ref (8.15.15)
KW - Fade Ref Instr @ 106 BPM (8.16.15)
KW - Dahi - Fuck The Internet Ref (8.15.15)
KW - Dahi - Fuck The Internet Ref Instr @ 148 BPM
KW - Over Ref (8.16.15)
KW - Over Ref Instr (8.16.15)
KW - Plenty Of It Ref (8.16.15)
KW - Plenty Of It Instr Ref (8.16.15)
KW - Prayer (8.15.15)
KW - Prayer Ref Instr @ 91 BPM
KW - The Mall Ref Instr @ 140 BPM
KW - Ultimate Lie Ref (5.29.15)
KW - Ultimate Lie Instr Ref (5.29.15)",,Aug 2015,Blocked,Secondary,
The Life Of Pablo,SWISH,"Most likely one of the earliest tracklists from January we have, due to the inclusion of ""I Feel Like That"" and ""Only One"".

1. (Hood) Famous (Famous)
 2. (Wol)ves
 3. (Rea)l Friends
 4. (No) More Parties In LA
5. (30) Hours
 6. (Hig)h Lights
 7. (FUCK) RT NOW (Freestyle 4) (We Fuck)
 8. (Fa)de
9. (I) Feel Like That
 10. (On)ly One
 11. (Fath)er Stretch My Hands
12. (Feed)back
13. (FM)L",,Jan 2016,Clear,Ye,
The Life Of Pablo,SWISH,"A barely readable tracklist, seen on Snapchat on January 21, 2016.

1. Wolves
 2. Real Friends
 3. Famous ???
4. ???",,"Jan 21, 2016",Blocked,Secondary,
The Life Of Pablo,SWISH,"A later version of the SWISH tracklist, features a different lineup of songs, posted by Kanye on his Twitter on January 24, 2016.

1. Nina Chop (Famous)
 2. Father Stretch My Hands 
 3. Waves
4. High Lights (Highlights)
5. 30 Hours
 6. No More Parties In LA
7. Fade
8. FML
9. Real Friends
10. Wolves",,"Jan 24, 2016",Clear,Ye,
The Life Of Pablo,SWISH,"Almost identical to the previous one, only difference is that ""FSMH"" is split up into two parts, posted by Big Boy on his Instagram on January 25, 2016.

1. Nina Chop (Famous)
 2. Father Stretch My Hands Pt. 1
3. Pt. 2
 4. Waves
5. High Lights (Highlights)
6. 30 Hours
 7. No More Parties In LA
8. Fade
9. FML
10. Real Friends
11. Wolves",,"Jan 25, 2016",Clear,Secondary,
The Life Of Pablo,Waves,"Edited version of the SWISH Tracklist, posted on Kanye's Twitter on January 27, 2016.

ACT 1:
1. Nina Chop (Famous)
2. Father Stretch My Hands Pt. 1
3. Pt. 2
4. Waves

ACT 2:
5. High Lights (Highlights)
6. 30 Hours
7. No More Parties In LA
8. Fade

ACT 3:
9. FML
10. Real Friends
11. Wolves
12. Ultra Light Beam (Ultralight Beam)",,"Jan 27, 2016",Clear,Ye,
The Life Of Pablo,Waves,"Even further edited version of the first Waves tracklist.

ACT 1:
1. Famous
2. Father Stretch My Hands Pt. 1
3. Pt. 2
4. Waves

ACT 2:
5. High Lights (Highlights)
6. 30 Hours
7. No More Parties In LA
8. Fade

ACT 3:
9. FML
10. Real Friends
11. Wolves
12. Ultra Light Beam (Ultralight Beam)",,Jan 2016,Clear,Ye,
The Life Of Pablo,Waves,"Even further edited version of the tracklist. Things are starting to get out of hand...

ACT 1:
1. Famous
2. Father Stretch My Hands Pt. 1
3. Pt. 2
4. Waves

ACT 2:
5. High Lights (Highlights)
6. 30 Hours
7. No More Parties In LA
8. Fade

ACT 3:
9. FML
10. Real Friends
11. Wolves
12. Ultra Light Beam (Ultralight Beam)",,"Jan 30, 2016",Clear,Ye,
The Life Of Pablo,Waves,"Near final version of the tracklist.  Adds ""Freestyle 4"" at the end.

ACT 1:
1. Famous
2. Father Stretch My Hands Pt. 1
3. Pt. 2
4. Waves

ACT 2:
5. High Lights (Highlights)
6. 30 Hours
7. No More Parties In LA
8. Fade

ACT 3:
9. FML
10. Real Friends
11. Wolves
12. Ultra Light Beam (Ultralight Beam)
13. Freestyle 4",,Feb 2016,Clear,Ye,
The Life Of Pablo,Waves,"Final version of this infamous tracklist. Has extra final artistic touches such as ""MIKE DEAN"" now being highlighted in green.

ACT 1:
1. Famous
2. Father Stretch My Hands Pt. 1
3. Pt. 2
4. Waves

ACT 2:
5. High Lights (Highlights)
6. 30 Hours
7. No More Parties In LA
8. Fade

ACT 3:
9. FML
10. Real Friends
11. Wolves
12. Ultra Light Beam (Ultralight Beam)
13. Freestyle 4",,Feb 2016,Clear,Ye,
The Life Of Pablo,The Life Of Pablo,"Reworked version of the SWISH and Waves tracklists.

1. Ultra Light Beam (Ultralight Beam)
2. Father Stretch My Hands Pt.1
3. Pt.2
4. Freestyle 4
5. Famous
6. Highlights
7. Feedback
8. Fade
9. FML
10. Real Friends
11. Wolves",,"Feb 11, 2016",Clear,Ye,
The Life Of Pablo,The Life Of Pablo,"Tracklist seen on Anthony Kilhoffer's Instagream.

1. Ultralight Beams (Ultralight Beam)
2. Highlights
3. We Deserve (Smoke Break)
4. Feedback
5. Real Friends
6. Famous
7. Father Stretch My Hands
8. Wolves
9. Waves",,Feb 2016,Clear,Secondary,
The Life Of Pablo,The Life Of Pablo,"According to Keyon Christ, he was shown a The Life Of Pablo tracklist with ""2 Rihannas"" on it and that it was swapped out for ""FML"" at the ""very last nanosecond"". It's likely this tracklist is very similar to the tracklist below.

?. 2 Rihannas",,"Feb 12, 2016",Blocked,Secondary,
The Life Of Pablo,The Life Of Pablo,"Another take on the tracklist. Very similar to release, but with some alternate names and no ""Waves"".

1. Nina Chop Ultra Light Beams (Ultralight Beam)
2. Father Stretch My Hands Pt. 1
3. Pt. 2
4. Famous
5. Feedback
6. Low Lights
7. High Lights (Highlights)
8. Freestyle 4
9. I Miss The Old Kanye (I Love Kanye)
10. FML
11. Real Friends
12. Wolves
13. Silver Surfer Intermission (Siiiiiiiiilver Surffffeeeeer Intermission)
14. 30 Hours
15. No More Parties In LA
16. Facts (Charlie Heat Version)
17. Fade",,"Feb 12, 2016",Clear,Ye,
The Life Of Pablo,The Life Of Pablo [V1],"Officially released tracklist for the first version of The Life Of Pablo.

1. Ultralight Beam [V1]
 2. Father Stretch My Hands Pt. 1 [V1]
 3. Pt. 2
 4. Famous [V1]
 5. Feedback [V1]
 6. Low Lights
 7. Highlights
 8. Freestyle 4 [V1]
 9. I Love Kanye
 10. Waves [V1]
 11. FML [V1]
 12. Real Friends [V3]
 13. Wolves [V1]
 14. Siiiiiiiiilver Surffffeeeeer Intermission
 15. 30 Hours [V2]
 16. No More Parties In LA
 17. Facts (Charlie Heat Version) [V1]
 18. Fade [V1]",,,Clear,Ye,
The Life Of Pablo,The Life Of Pablo [V2],"Same as version 1, but with the addition of the song ""Frank's Track"".

1. Ultralight Beam [V1-V2]
 2. Father Stretch My Hands Pt. 1 [V1-V2]
 3. Pt. 2
 4. Famous [V2]
 5. Feedback [V1-V2]
 6. Low Lights
 7. Highlights
 8. Freestyle 4 [V1-V2]
 9. I Love Kanye
 10. Waves [V1-V2]
 11. FML [V1-V2]
 12. Real Friends [V3]
 13. Wolves [V2]
 14. Frank's Track
 15. Siiiiiiiiilver Surffffeeeeer Intermission
 16. 30 Hours [V2-V3]
 17. No More Parties in LA
 18. Facts (Charlie Heat Version) [V1-V2]
 19. Fade [V1-V2]",,,Clear,Ye,
The Life Of Pablo,The Life Of Pablo [V3],"Same as version 2, but with the addition of the song ""Saint Pablo"".

1. Ultralight Beam [V2]
 2. Father Stretch My Hands Pt. 1 [V2]
 3. Pt. 2
 4. Famous [V2]
 5. Feedback [V2]
 6. Low Lights
 7. Highlights
 8. Freestyle 4 [V2]
 9. I Love Kanye
 10. Waves [V2]
 11. FML [V2]
 12. Real Friends [V3]
 13. Wolves [V2]
 14. Frank's Track
 15. Siiiiiiiiilver Surffffeeeeer Intermission
 16. 30 Hours [V3]
 17. No More Parties In LA
 18. Facts (Charlie Heat Version) [V2]
 19. Fade [V1]
 20. Saint Pablo",,,Clear,Ye,
Turbo Grafx 16,Turbo Grafx 16,"In August 2023, Keyon Christ confirmed the existance of a Turbo Grafx 16 tracklist. He would later state that Steven Victor and Pusha T told him he was producing 6-8 songs on the album, including ""Face Down"".

1-8. ???
9-#?. ???
?. Face Down",,2016/2017,N/A,Secondary,
Turbo Grafx 16,Turbo Grafx 16,"Tracklist from late December 2016. Only two tracks long as it was likely being worked on mid-recording.

1. Feel Me
2. Devotion",,,Blurry,Secondary,
Hitler,???,"In April 2018, seen in the unreleased Nico Ballesteros Documentary, Kanye played Rick Rubin at least 3 songs from the album, which have been confirmed as ""Cops Shot The Kid"", ""Simple Things"" and ""Wouldn't Leave"".

#?. Cops Shot The Kid
#?. Simple Things
#?. Wouldn't Leave",,Apr 2018,Blocked,Leaked,
Hitler,???,"On April 19th, 2018, Kanye tweeted that his album was 7 songs long. This version of the album was likely the one scrapped after TMZ, and could have the songs Kanye played for Rick Rubin.

1-7. ???",,"Apr 19, 2018",N/A,Ye,
DAYTONA,Blobama,"Tracklist from late December 2016, not fully produced by Kanye.

1. If You Know
2. Cold Blooded
3. Santeria
4. Success and Nightmares
5. Devil's Work
6. Spaceships
7. Afraid of Ghost(s)",,,Blurry,Secondary,
DAYTONA,Blowbama,"Tracklist for an early copy of DAYTONA, when it was called Blowbama.

1. Ghosts
2. Santeria
3. Infared
4. Gold
5. Cold Blooded
6. Bad Mon
7. If You Know (If You Know You Know)
8. Real Gon' Come
9. Childish
10. Hidin' Money
11. The Way It Seems",,"Jul 17, 2017",Clear,Leaked,
DAYTONA,PUSH,"Latest available pre-release tracklist for Daytona, seen in a video posted on Ye's Twitter (now known as X) account on May 15th, 2018.

1. IF YOU KNOW U KNOW (If You Know You Know)
2. SOCIOPATH
3. GAMES WE PLAY (The Games We Play)
4. COME BACK BABY
5. INFRARED
6. HARD PIANO
7. HOW DO YOU RESPOND (What Would Meek Do?)
#?. SANTARIA (Santeria)",,"May 15, 2018",Clear,Ye,
DAYTONA,DAYTONA,"Officially released tracklist for the album DAYTONA.

1. If You Know You Know
2. The Games We Play
 3. Hard Piano (feat. Rick Ross)
 4. Come Back Baby
 5. Santeria
 6. What Would Meek Do? (feat. Kanye West)
7. Infared",,"May 25, 2018",Clear,Ye,
ye,YE,"Posted to Kanye's Twitter on May 15th, 2018. The same whiteboard as the later one, but incomplete and reordered. Whilte the whiteboard does say YE, it's possible that the title was not YE at this point, as the other album whiteboards are all labeled by the artist names as well (i.e. TEYANA, PUSH, etc.)

1. [Blank]
2. Extacy (XTCY)
 3. Wouldn't Leave
4. [Blank]
5. [Blank]
6. [Blank]
7. [Blank]",,"May 15, 2018",Clear,Ye,
ye,YE,"Leaked on March 19th, 2022. According to an interview with MIKE DEAN, ye originally had 10 songs, which this whiteboard contains (""Wouldn't Leave"" is written twice). In the same interview, MIKE states that a few days after the 10-song whiteboard was created, Ye erased the board and said that he was ""starting [the project] over.""
1. Freeee
2. Extacy (XTCY)
3. Pussy Mine (All Mine)
4. Wouldn't Leave
5. Thirty Mile Zone
6. Moonlight
7. Violent Nights (Violent Crimes)
8. Wouldn't Leave
#?. Y'all Seen Ye?
#?. Mrs. Robinson
#?. Lift Yourself",,"May 18, 2018",Blurry,Leaked,
ye,ye,"Leaked on June 3rd, 2022. Considered the first ye tracklist, likely made shortly after Kanye erased the 10-song whiteboard, attempting to cut the album down to 7 songs with a new direction.

1. Free
2. Extacy (XTCY)
3. Wouldn't Leave
4. Pussy Mine (All Mine)
5. Moonlight
6. Violent Nights (Violent Crimes)
7. Let It Go",,"May 21, 2018",Clear,Leaked,
ye,ye,"Tracklist leaked by flab on November 30th, 2024. ""All Mine"" and ""Wouldn't Leave"" are the versions seen in snippets leaked by TheSource.
1. Yikes
2. All Mine
3. No Mistakes
4. Wouldn't Leave
5. Violent Nights
6. Exstasy
7. I Thought About Killing You (Victim)
8. Take Me To The Light",,"May 28, 2018",Clear,Leaked,
ye,ye: The Spiritual Awakening,"Posted to Kanye's Twitter June 1st, 2018. Exactly the same as the released tracklist, other than the alternate name for ""All Mine"".

1. I Thought About Killing You
2. Yikes
 3. Medulla Oblongata (All Mine)
 4. Wouldn't Leave
 5. No Mistakes
 6. Ghost Town
7. Violent Crimes",,"Jun 1, 2018",Clear,Ye,
ye,ye,"Officially released tracklist for the album ye.

1. I Thought About Killing You
2. Yikes
 3. All Mine
 4. Wouldn't Leave (feat. PARTYNEXTDOOR)
 5. No Mistakes
 6. Ghost Town (feat. PARTYNEXTDOOR)
7. Violent Crimes",,"Jun 1, 2018",Clear,Ye,
KIDS SEE GHOSTS,KIDS SEE GHOSTS,"Posted to Kanye's Twitter on May 15th, 2018. Exact same tracklist is featured on the second known ye whiteboard.

1. Feel The Love
2. Kids See Ghosts
3. 4th Dimension
4. Ghost Town
5. Cudi Montage
6. Devils Watchin'
7. Reborn",,"May 15, 2018",Clear,Ye,
KIDS SEE GHOSTS,KIDS SEE GHOSTS,"Posted to Kanye's Twitter on June 1st, 2018. Missing ""Ghost Town"" as it was moved over to ye by this point.

1. Feel The Love
 2. Kids See Ghosts
 3. 4th Dimension
 4. [Blank]
 5. Cudi Montage
 6. Devils Watchin'
 7. Reborn
?. Extacy (XTCY)",,"Jun 1, 2018",Clear,Ye,
KIDS SEE GHOSTS,KIDS SEE GHOSTS,"Officially released tracklist for the album KIDS SEE GHOSTS.

1. Feel the Love (feat. Pusha T)
2. Fire
 3. 4th Dimension (feat. Louis Prima)
 4. Freeee (Ghost Town Pt. 2) (feat. Ty Dolla $ign)
 5. Reborn
 6. Kids See Ghosts (feat. Yasiin Bey)
7. Cudi Montage",,"Jun 8, 2018",Clear,Ye,
NASIR,NASIR,"Early copy of the album posted by Kanye on June 13th 2018.

1. Everything
2. Bonjour
 3. Not For Radio
 4. Adam and Eve
 5. Simple Things
 6. Cops (Cops Shot The Kid)
7. I Can Explain

#?. Piano Chop New (The Chakra)",,"Jun 13, 2018",Clear,Ye,
NASIR,NASIR,"Officially released tracklist for the album NASIR.

1. Not For Radio (feat. Diddy & 070 Shake)
2. Cops Shot The Kid (feat. Kanye West)
 3. White Label
 4. Bonjour (feat. The WRLDFMS Tony Williams)
 5. everything (feat. The-Dream & Kanye West)
 6. Adam and Eve (feat. The-Dream)
7. Simple Things",,"Jun 15, 2018",Clear,Ye,
K.T.S.E.,K.T.S.E.,"Earlier copy of the album that was made June 16th 2018. Leaked September 28th 2023.

1. 3Way
2. Body
 3. Burn
 4. Cold Blooded
 5. Gonna Love Me
 6. Issues (Issues / Hold On)
7. Made It
8. Rose In Harlem
8. Never Would Have Made It
9. We Got Love
10. Work This Pussy (WTP)",,"Jun 16, 2018",Clear,Leaked,
K.T.S.E.,K.T.S.E.,"Early copy of the album that was made one day before release.

1. No Manners
2. Gonna Love Me
 3. Issues/Hold On
 4. Hurry
 5. 3Way
 6. Rose In Harlem
7. We Got Love
8. Work That Pussy (Work This Pussy, WTP)
9. Never Would Have Made It",,"Jun 22, 2018",Clear,Leaked,
K.T.S.E.,K.T.S.E.,"Officially released tracklist for the album K.T.S.E..

1. No Manners
2. Gonna Love Me
 3. Issues/Hold On
 4. Hurry (feat. Kanye West)
 5. 3Way
 6. Rose In Harlem
7. Never Would Have Made It
8. WTP (feat. Mykki Blanco)",,"Jun 23, 2018",Clear,Ye,
Good Ass Job (2018),Good Ass Job,"Not much is known about this tracklist, outside of the intro track, ""Clouted Up"". Chance has said the project was 7 songs long.

1. Clouted Up
2-7. ???",,2018,Blocked,Leaked,
Good Ass Job (2018),Good Ass Job,"The filename for the September 29th version of ""What More I Gotta Do"" states that it's the third track on the album. Potentially the same as the above tracklist.

1-2. ???
3. What More I Gotta Do
4-7. ???",,2018,Blocked,Leaked,
Yandhi [V1],Yandhi,"Posted by antionedesign on Instagram. Dated September 21, 2018.

Album:
 1. Hurricanes
 2. We Love (We Got Love)
 3. I Love It
 4. I Love It Remix (Chakras) (Selah)
5. ???
6. ???
7. ???

Possible:
 Lovely (Lovey)
 Godzilla
 Brothers
 The Garden
 AC4
Jeet (The Storm)",,"Sep 21, 2018",Clear,Secondary,
Yandhi [V1],Yandhi,"Blurry picture of the previous tracklist, with two songs erased.

Album:
 1. Hurricanes
 2. We Love (We Got Love)
 3. I Love It
 4. [Erased]
5. ???
6. ???
7. ???

Possible:
[Erased]
Godzilla
Brothers
The Garden
AC4
Jeet (The Storm)",,"Sep 21, 2018",Blurry,Secondary,
Yandhi [V1],Yandhi,"Featured in the background of an Ant Clemons instagram video September 27th, 2018, and in a photo taken of Kanye in early October. Was then revealed in a leaked documentary.

1. Storm (The Storm) (Everything We Need)
 2. Hurricane
 3. Sky City
 4. All Blue Don C's
5. New Body
 6. Last Name
 7. The Garden
8. I Love It",,"Sep 27, 2018",Blocked,Secondary,
Yandhi [V1],Yandhi,"Shown on KUWTK S16 EP2, prior to Kanye's appearance on SNL and before the first intended release date of Yandhi (September 29, 2018).

1. Tripple X (Storm) (The Storm)
 2. New Body
 3. Bye Bye Baby
4. I Love It
 5. Hurricane
 6. Alien / SpaceX
7. Last Name
8. City In The Sky
9. Garden
10. We Got Love
11. Chakras (Selah)",,"Sep 29, 2018",Clear,Secondary,
Yandhi [V1],Yandhi,"On 9/30, @UMPG on Twitter accidentally tweeted that Ant Clemons had worked on ""7 of 8"" of the songs on Yandhi. Ant Clemons worked on ""Hurricane,"" ""Bye Bye Baby,"" ""Alien,"" ""The Storm,"" ""Sky City,"" ""The Garden,"" ""Last Name,"" ""Chakras"" and ""New Body,"" all of which were on tracklists between the 27th and October 4th.

1-8. ???",,"Sep 30, 2018",N/A,Secondary,
Yandhi [V1],Yandhi,"10.01 tracklist leaked by Enya on 9-04-2021.

0. BYE BYE BABY [Mykki Intro] 10.01.18 (Bye Bye Baby)
1. BYE BYE BABY [Evan Version KW short freestyle] 10.01.18 (Bye Bye Baby)
 2. ALLIEN AD.2 chop mod ant intro INST (130BPM @drop) (Alien)
 3. New Body [TY hook bass line KW chopped vrs 3 CH] 10.01.18 (New Body)
 4. XXX (the storm) mike add (The Storm)
 5. SKY CITY 10.01.18 [Move Shake] (Sky City)
 6. The Chakra ADMIX.4 KW ARRANGEMENT (Chakras) (Selah)
 7. The Garden 09.30.18 [TY, Ant, Dream, Teyana] Add MD bass and pad (The Garden)
8. WE GOT LOVE MIKE JESS MIX 16-1 (We Got Love)

#?. I Love It (explicit master)",,"Oct 1, 2018",Clear,Leaked,
Yandhi [V1],Yandhi,"10.04.18 tracklist leaked by Oinky. 

1. Bye Bye Baby
2. Space X / Alien
3. New Body
4. XXX (The Storm) (Everything We Need)
5. Sky City
6. The Chakra
7. The Garden
8. We Got Love
9. Hurricane
10. I Love It",,"Oct 4, 2018",Clear,Leaked,
Yandhi [V1],Yandhi,"10.05.18 ""Ref Mixes""

1. BYE BYE BABY [With Intro and Song - Full KW Ref] 10.04.18
2. Space X - Alien [KW Ref] 10.04.18
3. New Body [KW NM and TY vrs] 10.04.18
4. XXX 10.04.18 [Shortened]
5. SKY CITY 10.04.18 [Extended Shake Verse]
6. The Chakra ADMINX.4 KW ARRANGMENT
7. The Garden 10.04.18 [TY, Ant, Dream]
8. WE GOT LOVE MIKE JESS MIX 16-1
#?. Hurricane 09.30.18 [Big Sean vrs and KW vrs 3 ref]
#?. I Love It (explicit master)
#?. Teken - 10.04.18 [Shorter]
#?. WE GOT LOVE MIKE JESS MIX 17",,"Oct 5, 2018",Clear,Leaked,
Yandhi [V1],Yandhi [Folder],"An unleaked folder is said to contain the 9.30 ""Last Name"" demo. Nothing else is known.

#?. Last Name",,"Oct 5, 2018",Blocked,Secondary,
Yandhi [V1],Yandhi,"10.06.18 tracklist leaked by Waterfalls via Batby on October 19th, 2021.

1. Tekken
2. Space X / Alien
3. New Body
4. XXX (The Storm) (Everything We Need)
5. Sky City
6. Chakras
7. The Garden
8. We Got Love
9. Hurricane",,"Oct 6, 2018",Clear,Leaked,
Yandhi [V1],Yandhi,"10.07.18 tracklist leaked by Waterfalls via Batby on October 19th, 2021. 

1. Hurricane
2. New Body
3. Sky City
4. Space / Alien
5. Tekken
6. The Chakra
7. The Garden
8. XXX (The Storm) (Everything We Need)",,"Oct 7, 2018",Clear,Leaked,
Yandhi [V1],Yandhi,"In the background of a KanyeDome in Uganda via livestream, somewhere between the 12th and 19th of October 2018.

1. Selah (Chakras)
2. Alien
3. Hurricane
4. New Body
5. The Flooding
6. We Got Love
7. Sky City
8. The Garden",,Oct 2018,Blurry,Ye,
Yandhi [V1],Yandhi,"Tracklist intended for the ""Black Friday"" release date. Very little is known.

#?. We Free (Interlude)",,Nov 2018,Blocked,Leaked,
Yandhi [V2],Yandhi,"Screenshot of a folder from December 2018, sent to Timbaland and his team to work further on the songs.

OG Filename: YE - Previous Current Refs
#?. _New Body - BIZ Int(ro (_boogz revisited) 11-24-18 (with YE VERSE) (New Body)
#?. 10-23-18 Ant Clem(ons - Home Ref 1) (Home)
#?. Alien 10.08.18 [ends after (second verse]) (Alien)
#?. Drew OH YEAH (Oh Yeah)
#?. Hurricane [with big sean] (10.13.18) (Hurricane)
#?. selah (evan 10.27) (Selah)
#?. SKY CITY 10.04.18 [Extend (Shake Verse]) (Sky City)
#?. The Chakra [REF] 10.04.18 (The Chakra)
#?. The Garden 10.04.18 [TY, (Ant, Dream]) (The Garden)
#?. XXX 10.07.18 [Shorten] (XXX) (The Storm)",,"Dec 17, 2018",Clear,Leaked,
Yandhi [V2],Yandhi,"March 2019 tracklist leaked on May 1, 2022.

1. (Se)lah (Chakras)
2. UCLA
3. * Everything We Ne(ed)
4. New Body
5. This Is The Day
6. To The Light
7. Follow The Light (Home)
8. * Alien / How Yo(u Feel)
9. All Dreams Real
10. Last Name
11. Hurricane
12. Freak
13. Spread Your Wings",,Mar 2019,Clear,Leaked,
Yandhi [V2],"Soul Children
(with E.VAX)","Collaborative project between E.VAX and Ye. Contains 13 songs, all being reworks of April 6th, 2019 freestyles.

1. Unhomme (Jesus Is Lord)
2. Soul Children
3. Nyce Vieux
4. Elsa Laurent
5. Wayback
6. NY Dreams
7. Joicing
8. Real Mannish (Crash Landing)
9. Lill Lindfors
10. Linda Perhacs
11. Emerald Web
12. Novi Torpedo
13. Uke Kaan",,2019,Clear,Leaked,
JESUS IS KING,???,"2019 tracklist said to contain ""Sunshine"". Nothing else is known.

#?. Sunshine (Survive)",,2019,Blocked,Leaked,
JESUS IS KING,???,"2019 zip said to contain ""Take Me To The Light"" (Lil Dicky version), ""Water"", and ""some other things"".

#?. Take Me To The Light
#?. Water
#?. The Garden
#?. Survive
#?. ???",,2019,Blocked,Leaked,
JESUS IS KING,???,"April 2019 tracklist said to contain ""Garden"", ""Water"", ""Take Me To The Light"", ""Survive"", and more.

#?. ??? (Kaytranada Beat)
#?. Garden (The Garden)
#?. Water (Clean Us Like The Rain in Spring, Water)
#?. Take Me To The Light (You Still Take Me To The Light, Metta World Peace)
#?. Survive (Pulp Fiction, Sunshine)
#?. - #?. ???",,Apr 2019,Blocked,Leaked,
JESUS IS KING,"Soul Children
(with E.VAX)","Acording to crave and voulchers, a copy of the album exists with E.VAX reworks of Life Of The Party, Water & Wake The Dead and other unheard songs.

#?. lifeoftheloop (Life Of The Party)
#?. Bruce Hack (Water)
3. Petch Burapa (Wake The Dead)
#?-#?. ???",,2019,Clear,Leaked,
JESUS IS KING,"Soul Children
(with E.VAX)","Acording to crave multiple copies of the album exist with heard and unheard songs.
1-#?. ???",,2019,Clear,Leaked,
JESUS IS KING,JESUS IS KING,"List of songs to be mixed. Unknown when exactly made.

1. Up From The Ashes v7
2. How Could You Lose If You Follow God (Follow God)
3. Closed On Sunday 
4. Use This Gospel For Protection (Use This Gospel)
5. Hands On
6. Let It Go
7. On God
8. God Is
9. Off The Meds 
10. Wake The Dead
11. I Was On Top Of A Mountain (Through The Valley)
12. Alien
13. Ooh Child Things Are Gonna Get Easier (Sky City, City In The Sky)
14. Hurricane
15. We Begin After The Storm (Everything We Need)
16. Cant Wait To See Your New Body (New Body)
17. In The Morning
18. I Know God Breathed On This
19. Glory
20. Water
21. Everything We Need
22. Selah",,2019,Clear,Leaked,
JESUS IS KING,JESUS IS KING,"Another tracklist seen in the back of the Kim Kardashian tracklist.

1. Sweet Jesus
 2. Breastplate Of Right (Use This Gospel)
 3. Wake The Dead
 4. Glade (Up From The Ashes)
5. (Ba)ptized (Jesus Is Lord)
 6. (Sund)ay (Closed On Sunday)
 7. (??? F)or Me
#?. Al(ien)",,"Aug 30, 2019",Blocked,Secondary,
JESUS IS KING,JESUS IS KING,"Earliest known full JESUS IS KING tracklist, posted to Kim Kardashian's Twitter on August 30th, 2019.

1. Glade (Up From The Ashes)
 2. Garden
 3. Selah
 4. God Is
5. Baptized (Jesus Is Lord)
 6. Sierra Canyon (Glory)
 7. Hands On
8. Wake The Dead
 9. Water
 10. Through The Valley
11. Sunday (Closed on Sunday)
12. Sweet Jesus",,"Aug 30, 2019",Clear,Secondary,
JESUS IS KING,JESUS IS KING,"An early copy of JESUS IS KING with the exact same tracklisting Kim posted, with the addition of ""God Spoke"" as an outro. Posted by Alek on May 17th, 2023.

1. F+A The Glade V6 (Up From The Ashes)
2. The Garden - Choir Loop
3. Selah - 07.20.19
4. God Is - KW Ref 08.30.19 short
5. F+A Baptized V3 JESSE (Jesus Is Lord)
6. Sierra Canyon 08.30.19 2 verse (Glory)
7. (Hands On) F+A_Ye_Freestyle #10 70bpm (no drums)
8. Wake The Dead
9. F+A Water V2.4 (Sample Replay)
10. Through The Valley - Daton Tra
11. Sunday v3 F+A w choir
12. F+A Sweet Jesus Bass Vox V2 (no dissonance)
13. GOD SPOKE 1 003",,"Aug 30, 2019",Blurry,Leaked,
JESUS IS KING,For Sia,"Playlist of files given to Sia during JIK era posted by Hell. Unknown if she was intended to record over them or when this was sent to her.
 
1. Boogz x Ye - Bruce Hack Water_freestyle (Water)
2. Clean Us Like the Rain in Spring - FA Trimed Tail (Water)
3. Clean Us Like the Rain in Spring F+A v3.2 - 09.15.19 Kirk (Water)
4. In The Morning replay
5. In The Morning w vox replay
6. In the Morning - 09.13.19 Vict
7. Wake The Dead
8. Wake The Dead_ 09.15.19 Kirk
9. We Begin After the Storm Inside (Everything We Need)
10. Sunday Service - Week 29_17_Jesus Died For You",,Sep 2019,Clear,Leaked,
JESUS IS KING,JESUS IS KING,"A list of files from JIK era posted by Hell. Unknown when exactly the playlist was made. The playlist that the files are in could be named ""Kirk"" because it's placed right above the ""Monopoly"" playlist in the photo, which also means that it could have been created at around that time.

1. Up From the Ashes V7.1
2. Closed On Sunday v3 F+A w choir
3. Selah - 09.02.19 Choir Intro_h
4. God Is - KW Ref
5. God Is 105bpm 004 LABBED
6. Glory - 09.03.19 Victory
7. Wake The Dead
8. I Was On Top of a Mountain - Daton Tra(cking) (Through The Valley)
9. Clean Us Like the Rain in Spring - FA Trimed Tail (Water)
10. Every Knee Shall Bow V3 JESSE (Jesus Is Lord)
11. I Know He Got His Hands On This - God Breah 081219 Arrow Ref (I Know God Breathed On This)
12. On God - KW
13. Alien - Pierre Inst
14. Grab Your Armor For Protection REF 9.3.19 (Use This Gospel)
15. We Begin After the Storm Inside (Everything We Need)
16. Follow God Loop
17. In the Morning - 09.05.19 KW ref
18. in the morning_freestyle",,Sep 2019,Clear,Leaked,
JESUS IS KING,JESUS IS KING,"Unknown when exactly made, but seems to be sometime in late September 2019.

1. BEAUTY TO ASHES MD JJ MIX 5 (Up From The Ashes)
2. KW-FOLLOW GOD-mix.1
3. KW-ON GOD-Update.2
4. CLOSED ON SUNDAY MD JJ MIX 6
5. Clean us F+A v3.2 - 09.29.19 Prayer Edit (Water)
6. KW-SELAH-Update.2
7. New Body - 09.29.19 Ye x Ty_Bo
8. LA Monster 09.27.19 FED
9. KW-HANDS ON-update.2
10. KW-USE THIS GOSPEL-Update.2
11. zion perfect peace (bound3_free) 103bpm (Bound 3)
12. aaron brown - sweet grace 81bpm (Sweet Grace)
13. mattie.moss_allday.budgie.instr (Don't Give Up)
14. Alien - Pierre Inst
15. God Is - KW Ref
16-68. ???",,Sep 2019,Blocked,Leaked,
JESUS IS KING,JESUS IS KING,"A version of JESUS IS KING from September 17th, 2019. Only producers credited on each song are Angel López, Federico Vindver and Timbaland, meaning the associated copy of files is of their producer references. It's likely that we could have the ""Free"" file since Rhymefest recorded his reference on this day.

OG Filename: Kanye West Project
1. Up From The Ashes (Prev. Glade)
2. Close On Sunday (Prev. Sunday)
3. Use This Gospel For Protection (Prev. Breastplate)
4. Hands On
5. God Is
6. Off The Meds (Spread Your Wings)
7. Seleh
8. Every Knee Shall Bow (Jesus Is Lord)
9. Clean Us Like The Rain In Spring (Water)
10. In The Morning
11. Cash To Burn
12. All Dreams Real
13. Christ
14. Free (Freak)
15. Sky City (Prev. Ohh Child)",,"Sep 17, 2019",Clear,Leaked,
JESUS IS KING,JESUS IS KING,"An unleaked tracklist said to have ""Let It Go"" and ""Off The Meds"" on it. 37 tracks long. Presumed to be a rough tracklist for all the considered tracks for JESUS IS KING.

1. Off The Meds (Spread Your Wings)
2-37. ???

#?. Let It Go",,"Sep 21, 2019",Blocked,Leaked,
JESUS IS KING,JESUS IS KING,"Mix list for 9.22.19, which has ""Off The Meds"", and ""most other Yandhi songs"" in ""Josh Bales' notes"".
#?. Off The Meds (Spread Your Wings)
#?-#?. ???",,"Sep 22, 2019",Blocked,Leaked,
JESUS IS KING,JESUS IS KING,"Version of the album sent to David Meyers.

1. ???
2. Follow God
3. ???
4. ???
5. ???
6. LA Monster
7. ???
8. Use This Gospel
9. ???
10. Selah

#?. Beauty From Ashes (Up From The Ashes)",,,Blocked,Leaked,
JESUS IS KING,JESUS IS KING,"Posted to Kim Kardashian's Twitter on September 27th, 2019, matches the setlist of the Detroit listening party.

1. Up From The Ashes
 2. Follow God
 3. On God
4. Water
 5. Sunday (Closed on Sunday)
 6. LA Monster
7. New Body
8. Use This Gospel
 9. Hands On
10. Selah",,"Sep 27, 2019",Clear,Secondary,
JESUS IS KING,JESUS IS KING [Detroit Setlist],"Setlist for one of the listening parties that took place at Detroit.

1. Up From The Ashes
 2. Follow God
 3. On God
 4. Water
 5. Sunday (Closed On Sunday)
 6. LA Monster
 7. New Body
 8. Use This Gospel
 9. Hands On
 10. Selah",,"Sep 27, 2019",Clear,Ye,
JESUS IS KING,JESUS IS KING,"Posted to Consequence's Twitter on October 29th, 2019. Almost exactly the same as the tracklist posted by Kim, but with Clipse's feature on ""Use This Gospel"" listed and a variety of songs marked with a hyphen.

1. Up From The Ashes -
 2. Follow God
 3. On God
4. Water
 5. Sunday (Closed On Sunday)
 6. LA Monster
7. New Body -
 8. Use This Gospel (feat. Clipse) -
9. Hands On 
10. Selah -",,"Sep 27, 2019",Clear,Secondary,
JESUS IS KING,JESUS IS KING [Chicago Setlist],"Setlist for one of the listening parties that took place at the Auditorium Theatre in Chicago.

1. Up From The Ashes
 2. Follow God
 3. Closed On Sunday
 4. Water
 5. Selah
 6. New Body
 7. On God
 8. LA Monster
 9. Hands On
 10. Use This Gospel",,"Sep 28, 2019",Clear,Ye,
JESUS IS KING,JESUS IS KING [New York City Setlist],"Setlist for one of the listening parties that took place at the United Palace in Manhattan.

1. Up From The Ashes
 2. Follow God
 3. On God
 4. Water
 5. Closed On Sunday
 6. LA Monster
 7. Selah
 8. New Body
 9. Hands On
 10. Use This Gospel",,"Sep 29, 2019",Clear,Ye,
JESUS IS KING,JESUS IS KING,"Alternate JIK tracklist posted by Hell. Unknown when this tracklist was created. 

1. Up From The Ashes
 2. Follow God
 3. Closed On Sunday
 4. God Is
 5. On God
 6. Selah
 7. Use This Gospel
 8. Hands On
 9. Wake The Dead
 10. The Valley (Through The Valley)
 11. Everything We Need
 12. Water
 13. Alien
 14. I Know God Breathed On T(his) (God Breathed)
 15. Glory

#? In The Morning",,2019,Clear,Leaked,
JESUS IS KING,JESUS IS KING,"Posted to Consequence's Twitter on October 29th, 2019.

1. Beauty For Ashes (Up From The Ashes)
 2. Follow God
 3. On God
4. Water
 5. Hands On",,2019,Clear,Secondary,
JESUS IS KING,JESUS IS KING,"Posted to Consequence's Twitter on October 29th, 2019.

1. Beauty For Ashes (Up From The Ashes)
 2. Follow God
 3. On God
4. Closed On Sunday
 5. Water
 6. Hands On
7. Everything We Need
 8. New Body
9. Use This Gospel For Protection (Use This Gospel)
10. I Know God Breathed On This (God Breathed)
11. The Valley (Through The Valley)",,2019,Clear,Secondary,
JESUS IS KING,JESUS IS KING,"According to a trusted source, ""LA Monster"" was on the 24th of October version of the album.

#?. LA Monster",,"Oct 24, 2019",Blocked,Secondary,
JESUS IS KING,JESUS IS KING,"Another October 24th tracklist for the album. Order is unknown.

#?. Everyhour (MD JJ MIX 3 FLAT) (MASTERED DK)
#?. On God (Update 2 dly fix vocal up moreMAIN_JB Edit (MASTERED DK)
#?. Hands On (Update 3-16 Bit) (MASTERED DK)
#?. On God (MD JJ MIX 9_w tail (DK)
#?. Hands On (MD JJ MIX 9) (MASTERED DK)
#?. Follow God (mix 1 opt B-16Bit) (MASTERED DK)
#?. Closed On Sunday (MD JJ MIX 13) (MASTERED DK)
#?. Follow God (MD JJ MIX 6_clean end) (DK)
#?. Jesus Is Lord - Short (MASTERED DK)",,"Oct 24, 2019",Clear,Leaked,
JESUS IS KING,JESUS IS KING,"Officially released tracklist for the album JESUS IS KING.

1. Every Hour (feat. Sunday Service Choir)
 2. Selah
 3. Follow God
 4. Closed On Sunday
 5. On God
 6. Everything We Need (feat. Ty Dolla $ign & Ant Clemons)
 7. Water (feat. Ant Clemons)
 8. God Is
 9. Hands On (feat. Fred Hammond)
 10. Use This Gospel (feat. Clipse & Kenny G)
 11. Jesus Is Lord",,"Oct 25, 2019",Clear,Ye,
God's Country,That One Night in Wyoming,"It's been stated by Boogz that 99 songs were recorded on November 4th, 2019.  Session was refered to as That One Night In Wyoming by him and former Kanye manager Free Maiden.

1 - 3. ???
4. Holy Water 
5 - 6. ???
7. Awakening
8 - 10. ???
11. Shotta (Hear Me Clearly)
12. All Praises Due Him
13 - 14. ???
15. Home
16 - 18. ???
19. The Devil Is Weak (Devil Weak, Eternal Life)
20. Tulsa
21. 12,000 Acres
22 - 25. ???
26. He Gave It All
27 - 28. ???
29. Our King
30 - 31. ???
32. Bank
33 - 35. ???
36. Awakening
37 - 39. ???
40. Lord I Need You
41. Future Bounce
42. Skuuurrr
43 - 47. ???
48. Faithful (Fighting Fires)
49 - 50. ???
51. Jesus (Speed Up) (T-Bone)
52. PCO (Let The Spirit Go Wild)
53 - 54. ???
55. Jah
56. ???
57. Sinners
58 - 61. ???
62. Rise Up
63 - 69. ???
70. Spotlight
71. A The Way (Palm Springs)
72. ???
73. KML Northside Kings
74 - 112. ???
113. Big Sean - Chalice (feat. CyHi & Kanye West)

#?. Prayed Up
#?. Big Sean - Harder Than My Demons (feat. CyHi & Kanye West)",,"Nov 4, 2019",Blocked,Leaked,
God's Country,Palm Springs,"Earliest known tracklist. Written beside the track names are the sequence of when they were recorded in the November 4th freestyle session.

1. The Devil Is Weak 19 (Eternal Life)
 2. Tulsa 20
 3. 12,000 Acres 21
 4. He Gave It All 26
 5. Our King 29
 6. Awakening 36
 7. Lord I Need You To Wrap Your Arms Around Me 40 (Lord I Need You)
 8. Future Bounce 41 (Future Sounds)
 9. Skuuurrr 42
 10. Fighting Fires 48
11. Speed Up 51
12. Palm Springs 71",,"Nov 5, 2019",Clear,Leaked,
God's Country,JESUS IS LORD,"Second known BoogzDaBeast freestyle session in November 2019, occuring on the 8th. So far a total of only 13 tracks are confirmed to have been recorded in this session, but the real total remains unknown.

1 - 3. ???
4. Head Down (Hold The Line)
5 - 6. ???
7. I.mvula (He Did The Most)
8 - 9. ???
10. XTC
11. ???
12. Aesop (Wash Us In The Blood)
13. Breeverly
#? - #?. ???",,"Nov 8, 2019",Blocked,Leaked,
God's Country,JESUS IS LORD,"Leaked on August 29th, 2021. Was originally the only leaked tracklist of ""God's Country"" for a while.

1. Eternal Life
 2. 12000 Acres
 3. Future Bounce (Future Sounds)
 4. Lord I Need You To Wrap Your Arms Around Me (Lord I Need You)
 5. Palm Springs
 6. Tulsa
 7. Fighting Fires
 8. Spotlight
 9. Sinners
 10. Wash Us In The Blood
11. Skuuurrruurrr",,Nov 2019,Clear,Secondary,
God's Country,JESUS IS LORD,"Leaked with the ""Our King"" groupbuy. Supposedly from November 2019.

1. Let The Spirit Go Wild
2. He Gave It All
3. Lord I Need You
4. Palm Springs
5. Wash Us In The Blood
6. Fighting Fires
7. Awakening
8. Eternal Life
9. 12,000 Acres
10. Future Bounce (Future Sounds)
11. Freedom (Heaven Calls)
12. All Praises Due Him
13. Prayed Up
14. Sinner
15. Spotlight
16. Tulsa",,Nov 2019,Clear,Leaked,
God's Country,JESUS IS LORD,"Third BoogzDaBeast and FNZ freestyle session, occuring on the 18th of December, 2019. So far a total of 36 freestyles are known to be recorded, including one produced by AllDay, but the true total remains unknown.

1 - 6. ???
7. Screenshot
8. TNR Son Lux Sample
9. ???
10. Hama
11. Made A Way
12. ???
13. Devil's Ivy (THANK GOD)
14. Everything
15. All Of Me
16 - 20. ???
21. Go Legendary
22. ???
23. Everybody Goes
24. ???
25. For The Love Of The Princess
26 - 29. ???
30. Yellow Paint
31. ???
32. Capesaint
33 - 35. ???
36. Kein2
#? - #?. ???

#?. Fear Of Falling (Keep My Spirit Alive)
#?. Hear Our Prayers
#?. Serving God
#?. They Were Overcome",,"Dec 18, 2019",Blocked,Leaked,
God's Country,JESUS IS LORD,"Tracklist for an early version of JESUS IS LORD made in February 27th 2020.

#?. ???
#?. 30 x Zentachi 3 - 02.26.20 Ye Edit (Praise God)
#?. Wash Us In The Blood - 02.12.20 - Ronny J REF 4
#?. Everything 76 - Jozzy Ref - 02.25.20 Ye Edit
#?. 24 - 02.26.20 Ye Edit
#?. Keep My Spirit Alive - 01.09.20 Kaycyy Ref
#?. They Were Overcome 80.25 - 02.25.20 Ye Edit (Blood Of The Lamb)
#?. I Feel Terrific - 01.07.20 Edit v2
#?. Allday x Ye - lifeoftheloop_freestyle (Life Of The Party)
#?. Future Sounds (Future Bounce, TELEKINESIS)
#?. Eternal Life - 02.26.20 Ye Edit 2
#?. Lord I Need You - 02.27.20 FS Drums Inst",,"Feb 27, 2020",Clear,Leaked,
God's Country,No Country For Old Men,"Playlist made on or around February 27th 2020.

1. 200309 Cabin Drums - Idea 21_Uptempo ASR
2. Wash Us In The Blood - 04.09.20 w FS Vocal Edit
3. 200309 Cabin Drums - Idea 6_ASR Ethereal Ye Ref (Welcome To My Life)
4. A-POP 01 - Ref (I Feel Terrific)
5. Life Of The Party - 02.27.20 Clean
6. 24 - 02.26.20 Ye Edit
7. Everything 76 - Jozzy Ref - 02.25.20 Ye Edit
8. Lord I Need You - 02.27.20 FS Drums Inst
9. 200309 Cabin Drums - Idea 8_Live from Cody Quick Ref
10. Keep My Spirit Alive 81 - 03.05.20 No KC v2
11. Wash Us In The Blood - CyHi - 200226 -REF 1
12. I Feel Terrific - 01.07.20 Edit v2
13. 24 - 02.25.20 Ye Edit
14. Keep My Spirit Alive - 01.09.20 Kaycyy Ref
15. 12000 Acres - 11.13.19 New Israel CyHi
16. Fighting Fires - 01.25.20 Israel x Victory w production
17. Allday x Ye - lifeoftheloop_Cyhi - 200225 2
18. Future Sounds
19. Lord I Need You FS
20. Up From The Ashes - 2.13.20 - SPLASH EDIT
21. We Got Eternal Life - 02.25.20 Ye Edit 2",,"Feb 28, 2020",Clear,Leaked,
God's Country,JESUS IS LORD,"Tracklist written on a cloth. It has yet to be deciphered, however, there are some assumptions to be made based on the length of the track name, such as ""24"" and ""Lord I Need You To Wrap Your Arms Around Me"".

1?. ???
2?. ???
3?. ???
4?. 24
5?. ???
6?. ???
7?. ???
8?. Lord I Need You To Wrap Your Arms Around Me (Lord I Need You)
9?-#?. ???",,2020,Blurry,Leaked,
God's Country,JESUS IS LORD,"A version of JESUS IS LORD from May 9th, 2020.

1. They Were Overcome 80.25 - 04.21.20 Donda Ref (Blood Of The Lamb)
2. 24 - 02.26.20 Ye Edit_Pat Drum
3. Life Of The Party - 05.04.20 Barn Freestyle
4. Praise God - 05.04.20 Ye Sweet Jesus Edit
5. Welcome To My Life - 05.04.20 Add TyDolla
6. Everything 76 - 05.06.20 Add Freestyle
7. Keep My Spirit Alive 81 - 05.07.20 Add FB Drums
8. Wash Us In The Blood - 05.07.20 Add Melotron
9. Off The Grid - 05.08.20 Freestyle
10. Work It Out - Gods Country_tun (In God's Country)
11. Fighting Fires - 03.05.20 Israel x Victory
12. God's Country - 05.07.20 Raw Re",,"May 9, 2020",Clear,Leaked,
God's Country,JESUS IS LORD,"15-track Kanye freestyle copy from 2020 produced by Travis Scott. Thought to be a copy of UTOPIA but it is more likely a God's Country freestyle copy produced by Travis Scott titled ""JIL - Travis"" that was found in a leaked selling list. The songs refered to as ""Alone"" and ""Best Day"" appear on the tracklist twice due to Kanye recording two ideas for them in the sequence. 

1. ??? (See This Why)
2. ??? (Alone)
3. ??? (Alone)
4. ??? (Eat The Cake)
5. Big Champ
6. ??? (Bad Dream)
7. ??? (Supersonic)
8. Delresto
9. ??? (Best Day)
10. ??? (Best Day)
11. ??? (Wildin')
12. ??? (Mad)
13. ??? (Original)
14. ??? (Seizures)
15. ??? (Light It Up)
16. ??? (Pills)
17. ??? (LED)",,"May 14, 2020",Clear,Leaked,
God's Country,JESUS IS LORD,"Tracklist from June 28th, 2020.

#?. Mercy Opera (Colors?)
#?. Glory
#?. Wash Us In The Blood
#?. Lord I Need You To Wrap Your Arms Around Me
#?. LA Monster
#?. Use This Gospel (Dremix)
#?. Welcome To My Life
#?. God's Country
#?. Ashes (Up From The Ashes)
#?. 24
#?. Spirit Alive (Keep My Spirit Alive)
#?. Skuuur",,"Jun 28, 2020",Clear,Leaked,
God's Country,JESUS IS LORD,"Tracklist from June 28th, 2020.

1. Daniel Is Troubled (Our King)
2. Glory
3. Wash Us In The Blood
4. Use This Gospel (Dremix)
5. Welcome To My Life
6. Water (Dremix)
7. Donda
8. Wrap Your Arms Around Me (Lord I Need You)
9. 24
10. Keep My Spirit Alive
11. God's Country
12. Closed On Sunday (Dremix)
13. Ashes",,"Jun 28, 2020",Clear,Leaked,
God's Country,JESUS IS LORD,"Tracklist from June 28th, 2020.

1. Wrap Your Arms Around Me (Lord I Need You)
2. God's Country
3. Welcome To My Life
4. 24
5. Keep My Spirit Alive
6. Daniel Is Troubled (Our King)
7. Television (Tell The Vision)
8. Skurrrr
9. God's Country
10. Off The Grid",,"Jun 28, 2020",Clear,Leaked,
God's Country,God's Country,"Album copy sent to producer E.VAX to do versions of around July 5th, 2020. Order is unknown.

#?. 12,000 Acres
#?. Awakening
#?. Everything
#?. Future Sounds
#?. God's Country
#?. I Feel Terrific
#?. Keep My Spirit Alive
#?. Lord I Need You
#?. Off The Grid
#?. Praise God
#?. Skuuurrr
#?. Tell The Vision
#?. Tulsa
#?. Welcome To My Life",,"Jul 5, 2020",Blocked,Leaked,
God's Country,God's Country,"God's Country tracklist from July 5th, 2020.

1. Donda (Blood Of The Lamb)
2. This Is The Glory
3. Use This Gospel (Dremix)
3. Lord I Need You
4. Tell The Vision
5. Eternal Life
6. God's Country
7. Off The Grid
8. Praise God
9. Daniel Is Troubled (Our King)
10. 24
11. Up From The Ashes
12. Keep My Spirit Alive",,"Jul 5, 2020",Clear,Leaked,
God's Country,God's Country,"Likely from around July 2020.

1. Daniel Is Troubled (Our King)
2. Glory (This Is The Glory)
3. Wash Us In The Blood
4. Welcome To My Life
5. Lord I Need You
6. 24
7. God's Country
8. Ashes (Up From The Ashes)
9. Praise God
10. Donda (Blood Of The Lamb)",,Jul 2020,Clear,Leaked,
God's Country,OUR BEAUTIFUL AMAZING REALITY,"Tracklist posted by Pierre-Louis Auvray on his Instagram story on May 2nd, 2023. Features an alternate title not seen on any other tracklist. Most likely from around July 14th, 2020 as it can be seen in the background of the tracklists dated that day.

1. HE GAVE IT ALL
2. WASH US IN THE BLOOD OF JESUS (Wash Us In The Blood)
3. FOLLOW THE LIFE (Follow The Light) (Home)
4. IN GOD'S COUNTRY
5. 24
6. I FEEL TERRIFIC
7. WAIDING MY WHOLE LIFE (Waiting My Whole Life)
8. FUTURE BOUNCE
9. DONDA (Blood Of The Lamb)
10. PRAISE GOD
11. GOD'S COUNTRY
12. LORD I NEED YOU TO WRAP YOUR ARMS AROUND ME
13. UP FROM THE ASHES (Ashes)
14. USE THIS GOSPEL (Dremix)
15. THIS IS THE GLORY
16. LA MONSTER
17. NEW BODY
18. LET THE SPIRIT GO WILD",,Jul 2020,Clear,Secondary,
God's Country,JetCountry,"List of freestyles done in a session taking place on Kanye's jet.

1 - 8. ???
9. Lord I Need You
10. Fighting Fires
11. Everything
12 - 14. ???
15. Thank God I Breathe
16-#?. ???",,"Jul 7, 2020",Blocked,Leaked,
God's Country,- DR Album -,"Playlist made on or around July 11th 2020. Includes files from God's Country, JESUS IS KING: The Dr. Dre Version and Yandhi.

1. 24 - 07.05.20 Pat x Sholz x KC
2. 15 JetCountry - Thank God I Breathe
3. 03 Water
4. Wash Us In The Blood (Remix) 1.7 Main_4424_27JUN2020
5. Use This Gospel - 07.04.20 Ye Freestyle
6. This Is The Glory - 07.10.20 Ye Edit 2
7. Thank God I Breathe -01.28.20 Kaycyy Ref
8. Supersonic Jet
9. Praise God - 07.04.20 Cyhi x Conway
10. Off The Grid - 06.11.20 Ye Edit
11. New Body - 07.10.20 Ye Edit
12. Waiting My Whole Life
13. Lord I Need You - 07.11.20 Ye Edit
14. Lord I Need You - 07.10.20 Ye Cut and Edit 3
15. The Light - 02.25.19 Slim Fix
16. Life Of The Party - 02.27.20 Clean_clean
17. Let The Spirit Go Wild - 11.13.19 Ye Ref
18. LA Monster (Remix) RE2 4.8 Final Main
19. Keep My Spirit Alive 81 - 05.22.20 Ye Edit 6
20. In Gods Country 83 - 06.01.20 Shorter
21. I Feel Terrific - Evan - 07.11.20 Ye Edits
22. He Gave It All - 11.20.19 Ye FS Edit
23. He Gave It All - 11.14.19 Kaycyy REF
24. Gods Country - 06.08.20 Delays
25. The Garden - Choir Loop
26. Future Sounds 83bpm - 06.09.20 Ye Edit
27. Follow The Light - 07.08.20 Loop for Nico Vote Vid
28. Fighting Fires - 06.10.20 Israel Arrow
29. Everything 76 - 02.28.20 full
30. eternal LIFE wheezy
31. Donda - 07.11.20 Ye Edit 3
32. Closed On Sunday - Dre - 191220 Ye Edit
33. Cash To Burn_Styles P x Ye Hook_ref
34. Ashes - 06.24.20 Ye Intro and Choir Ref 3",,"Feb 28, 2020",Clear,Leaked,
God's Country,God's Country,"Tracklist seen through God's Country tracklist. Possibly the same day as the other tracklist. Could possibly be a JESUS IS KING: The Dr. Dre Version tracklist due it the various amount of Dre versions of tracks on it.

1. Lord I Need You To Wrap Your Arms Around Me (Lord I Need You)
2. 24
3. New Body
4. LA Monster
5. This Is The Glory
6. Use This Gospel (Dremix)
7. My Soul (Fighting Fires)
8. Water (Dremix)
9. Up From The Ashes
10. Donda (Blood Of The Lamb)",,"Jul 14, 2020",Blurry,Leaked,
God's Country,God's Country,"Tracklist leaked November 23rd, 2022. Possibly one of the last God's Country-titled tracklists.

1. Donda (Blood Of The Lamb)
2. Wash Us In The Blood
3. This Is The Glory
4. Follow The Life (Follow The Light) (Home)
5. In God's Country
6. 24
7. I Feel Terrific
8. God's Country
9. Lord I Need You To Wrap Your Arms Around Me
10. Up From The Ashes
11. Let The Spirit Go Wild
12. Off The Grid
13. Eternal Life
14. Tell The Vision
15. Future Bounce (Future Sounds)
16. Hurricane
17. My Soul (Fighting Fires)
18. Keep My Spirit Alive
19. Spread My Wings (Spread Your Wings)
20. Praise God
21. I Can't Complain (Want You)
22. Skurrrrr",,"Jul 14, 2020",Clear,Leaked,
JESUS IS KING: The Dr. Dre Version,JESUS IS KING: The Dr. Dre Version,"Photo of a phone displaying a photo taken inside Dr. Dre's studio in February 2020. Originally leaked as text on June 26th, 2020, with the image leaking on the 28th.

1. (Every) Hour / Selah
 2. (Use) This Gospel
3. Water
 4. Closed On Sunday
 5. LA Monster
6. Hands On
 7. ✓  Everything We Need
 8. Ashes
9. God Is",,Feb 2020,Blurry,Leaked,
JESUS IS KING: The Dr. Dre Version,JESUS IS KING: The Dr. Dre Version,"Tracklist from July 5th, 2020. Leaked on November 15th, 2022. An arrow indicates ""Every Hour / Selah"" should actually be placed at the beginning of the tracklist.

1. Every Hour / Selah
2. LA Monster
3. Water
4. Everything We Need
5. Closed On Sunday
6. Use This Gospel
7. God Is",,"Jul 5, 2020",Clear,Leaked,
JESUS IS KING: The Dr. Dre Version,JESUS IS KING: The Dr. Dre Version,"Tracklist posted by Luit.

1. Intro / Every Hour / Selah
2. LA Monster
3. Water
4. Closed On Sunday
5. On God
6. Hands On
7. Everything We Need
8. Ashes
9. God Is
10. Use This Gospel",,Jul 2020,Clear,Leaked,
JESUS IS KING: The Dr. Dre Version,JESUS IS KING: The Dr. Dre Version,"Tracklist confirmed by TheSource. Posted on August 1st, 2020, stated to be a ""recent version"" of the tracklist.

1. Ashes
 2. Closed On Sunday
 3. Every Hour / Selah
 4. Glory (This Is The Glory)
 5. Hands On
6. God Is",,2020,Clear,Leaked,
JESUS IS KING: The Dr. Dre Version,JESUS IS KING: The Dr. Dre Version,"As stated by Dem Jointz in an interview, JESUS IS KING II morphed into an album that did not share content with the release version of JESUS IS KING.

1-#?. ???",,Sep 2020,N/A,Secondary,
DONDA [V1],DONDA,"Tracklist leaked November 21st, 2022. Said to be from July 14th-18th.

1. Donda (Blood Of The Lamb)
2. Wash Us In The Blood
3. My Soul (Fighting Fires)
4. Lord I Need You
5. Glory (This Is The Glory)
6. 24
7. I Feel Terrific
8. Cops Flash Put Em Up
9. Future Bounce (Future Sounds)
10. Keep My Spirit Alive
11. I Go To The Light (To The Light)
12. Off The Grid
13. Everything
14. Welcome To My Life
15. Skurrrr 
16. God's Country
17. In God's Country
18. Up From The Ashes (Ashes)
19. Let The Spirit Go Wild
20. In The Morning
21. Jesus Sweet Jesus (Sweet Jesus)
22. Hold The Line",,Jul 2020,Clear,Leaked,
DONDA [V1],DONDA,"Another tracklist from around July 18th, created during the Dominican Republic sessions judging from the illustration of the recording studio's layout.

1. Donda (Blood Of The Lamb)
2. Wash Us In The Blood
3. My Soul (Fighting Fires)
4. Lord I Need You
5. Glory (This Is The Glory)
6. 24
7. I Feel Terrific
8. Cops Flash Put Em Up
9. Future Sounds (Future Bounce)
10. Keep My Spirit Alive
11. I Go To The Light (To The Light)
12. Off The Grid
13. Everything
14. Welcome To My Life
15. Skurrr
16. God's Country
17. Hurricaine (Hurricane)
18. Eternal Life
19. Follow The Light (Home)
20. In God's Country
21. Tell The Vision
22. Ashes (Up From The Ashes)
23. LA Monster
24. New Body
25. Let The Spirit Go Wild
26. Praise God
27. How Can I Complain (Want You)
28. Thank God I Breathe (THANK GOD)",,Jul 2020,Clear,Leaked,
DONDA [V1],DONDA,"Posted to Kanye's Twitter on July 18th, 2020, but deleted shortly after being posted. Some tracks have asterisks next to them, but it's unknown what it means.

1. *DONDA (Blood Of The Lamb)
 2. *24
 3. *I FEEL TERRIFIC
 4. FUTURE BOUNCE (Future Sounds)
5. *KEEP MY SPIRIT ALIVE *
 6. LORD I NEED YOU
 7. *OFF THE GRID
8. *SKURRR
 9. *IN GOD'S COUNTRY
 10. *GOD'S COUNTRY
11. *WELCOME TO MY LIFE
 12. UP FROM THE ASHES (Ashes)
13. TELL THE VISION
 14. WASH US IN THE BLOOD
 15. EVERYTHING
16. NEW BODY
 17. HOLD THE LINE
 18. PRAISE GOD
19. LIFE OF THE PARTY
20. HURRICAINE (Hurricane)",,"Jul 18, 2020",Clear,Ye,
DONDA [V1],DONDA,"Picture of iTunes posted to Kanye's Twitter on July 20th, 2020.

1. STAY ON EM _ PRECIOUS (Dem Jointz Edit 74.5 bpm) ST (Precious) (With Child)
2. I Know God Breathed On This - 07.20.20 In The Morning (I Know God Breathed On This)
3. Off The Grid - 07.18.20 Evan Kit (Off The Grid)
4. Keep My Spirit Alive 81 - 07.18.20 Evan w DemJointz (Keep My Spirit Alive)
5. In Gods Country 83 - 06.01.20 Shorter (In God's Country)
6. Gods Country - 07.05.20 Bentley Edit Fix (God's Country)
7. Future Sounds 83bpm - 07.18.20 Ye Loud Horn (Future Bounce)
8. Praise God (evan_add drums,guitar) 7.19.20 (Praise God)
9. New Body - 07.10.20 Ye Edit (New Body)
10. Space X - Alien [KW ref] 10.04 (Alien)
11. donda (evan_outro sample fix) 7.20.20 (Blood Of The Lamb)
12. Lord I Need You - 07.17.20 Ye Edit Tony Rewrite (Lord I Need You)",,"Jul 20, 2020",Clear,Ye,
DONDA [V1],DONDA,"Tracklist from the Donda Magazine. More than half is blocked. Some tracks have asterisks next to them, but it's unknown what it means.

1. DONDA (Blood Of The Lamb)
2. WITH CHILD (Precious)
3. I feel terrific *
4. I KNOW GOD BREATHED * (I Know God Breathed On This)
5. life of the party *
6. GODS COUNTRY *
7. (F)uture Sound * (Future Sounds) (Future Bounce)
8. (OFF TH)E GRID *
#? (KEEP MY SPIRIT) ALIVE
#? In God's Country
#? LORD I NEED YOU
#? Life Of The Party",,Jul 2020,Clear,Leaked,
DONDA [V1],DONDA,"Posted to Kanye's Twitter July 21st. Order of tracks unknown.

1. WTH CHLD (With Child) (Precious)
 2. GOD BRTHS (I Know God Breathed On This) (God Breathed)
3. RN (Run) (Cops Flash Put Em Up)
 4. N GDZ CNTRY (In God's Country)
 5. GDZ CNTRY (God's Country)
 6. ALN (Alien)
 7. FF TH GRD (Off The Grid)
8. FTR BNC (Future Bounce) (Future Sounds)
 9. KP R SPRT ALV (Keep My Spirit Alive)
 10. WLCM T MY LF (Welcome To My Life)
11. LRD W ND Y RND M (Lord I Need You)
12. DONDA (Blood Of The Lamb)
13. PRAISE GOD
#?. GLORY
#?. OUR KING (Daniel Is Troubled)
#?. WAKE THE DEAD
#?. 12 THOUSAND ACRS (12,000 Acres)
#?. SPREAD MY WINGS (Spread Your Wings)
#?. 24 
#?. NEW BODY
#?. I FEEL TERRIFIC",,"Jul 21, 2020",Clear,Ye,
DONDA [V1],DONDA,"Posted to Kanye's Twitter on July 22nd, 2020. Blocked by a Bible. Seemingly the same tracklist as the original tracklist from July 18th, with extra songs added.

1. (*DONDA) (Blood Of The Lamb)
 2. (*24)
 3. (*I FEEL TERRIFIC)
 4. (FUTURE BOUNCE) (Future Sounds)
5. (*KEEP MY SPIRIT ALIVE) *
 6. (LORD I NEED YOU)
 7. (*OFF THE GRID)
8. (*SKURRR)
 9. (*IN GOD'S COUNTRY)
 10. (*GOD'S COUNTRY)
11. (*WELCOME TO MY LIFE)
 12. (UP FROM THE ASHES) (Ashes)
13. (TELL THE VISION)
 14. (WASH US IN THE BLOOD)
 15. (EVERYTHING)
16. NEW BODY
 17. HOLD THE LINE
 18. PRAISE GOD
19. LIFE OF THE PARTY
20. (HURRICAINE) (Hurricane)

#?. ALIEN
#?. WATER
#?. LA MONSTER

#?. ???
#?. ???

#?. GOSPEL (Use This Gospel)",,"Jul 22, 2020",Blocked,Ye,
DONDA [V1],DONDA WITH CHILD,"Posted to Kanye's Twitter on July 22nd, 2020. Has since been deleted. Same as the following one, just without ""New Body"" on the side.

1. DND (DONDA) (Blood Of The Lamb)
 2. WITH CHILD (With Child) (Precious)
 3. GOD BRTH (I Know God Breathed On This)
 4. RN (Run) (Cops Flash Put Em Up)
 5. N GDZ CNTR (In God's Country)
 6. GDZ CNTR (God's Country)
 7. ALI (Alien)
 8. FF GRD (Off The Grid)
 9. KP R SPRT ALV (Keep My Spirit Alive)
 10. WCM T M LF (Welcome To My Life)
11. LRD W N (Lord I Need You)
 12. 12 THSND CRS (12,000 Acres)
 13. R KNG (Our King)
 14. GLRY (This Is The Glory)
15. WK TH DD (Wake The Dead)
 16. PRS GOD (Praise God)",,"Jul 22, 2020",Clear,Ye,
DONDA [V1],DONDA,"Posted to Kanye's Twitter on July 22nd, 2020. Has since been deleted. Same as the previous one with ""New Body"" on the side.

1. DND (DONDA) (Blood Of The Lamb)
 2. WITH CHILD (With Child) (Precious)
 3. GOD BRTH (I Know God Breathed On This)
 4. RN (Run) (Cops Flash Put Em Up)
 5. N GDZ CNTR (In God's Country)
 6. GDZ CNTR (God's Country)
 7. ALI (Alien)
 8. FF GRD (Off The Grid)
 9. KP R SPRT ALV (Keep My Spirit Alive)
 10. WLCM TM LF (Welcome To My Life)
11. LRD W ND (Lord I Need You)
 12. 12 THSND CRS (12,000 Acres)
 13. R KNG (Our King)
 14. GLRY (This Is The Glory)
15. WK TH DD (Wake The Dead)
 16. PRS GOD (Praise God)

#? NW BDY (New Body)",,"Jul 22, 2020",Clear,Ye,
DONDA [V1],DONDA,"Posted to Kanye's Twitter on July 22nd, 2020. Has since been deleted.

1. DND (DONDA) (Blood Of The Lamb)
 2. WTH CHLD (With Child) (Precious)
3. GD BRTH (I Know God Breathed On This)
 4. RN (Run) (Cops Flash Put Em Up)
 5. N GDZ CNTR (In God's Country)
6. GD'S CNTR (God's Country)
 7. ALN (Alien)
 8. FF TH GRD (Off The Grid)
 9. KP R SPRIT ALV (Keep My Spirit Alive)
10. W T M LF (Welcome To My Life)
 11. LRD W ND T RP RMS MD M (Lord I Need You)
12. 12 THSND CRS (12,000 Acres)
13. R KNG (Our King)
 14. GLRY (This Is The Glory)
 15. WK TH DD (Wake The Dead)
 16. PRS GD (Praise God)",,"Jul 22, 2020",Clear,Ye,
DONDA [V1],DONDA,"Posted to Kanye's Twitter on July 22nd, 2020. Has since been deleted.

1. DND (DONDA) (Blood Of The Lamb)
 2. WTH CHLD (With Child) (Precious)
3. GD BRTH (I Know God Breathed On This)
 4. RN (Run) (Cops Flash Put Em Up)
 5. N GDZ CNTR (In God's Country)
6. GD'S CNTR (God's Country)
 7. ALN (Alien)
 8. FF TH GRD (Off The Grid)
 9. KP R SPRIT ALV (Keep My Spirit Alive)
10. W T M LF (Welcome To My Life)
 11. LRD W ND T RP RMS MD M (Lord I Need You)
12. 12 THSND CRS (12,000 Acres)
13. R KNG (Our King)
 14. GLRY (This Is The Glory)
 15. WK TH DD (Wake The Dead)
 16. PRS GD (Praise God)
17. 24",,"Jul 22, 2020",Clear,Ye,
DONDA [V1],DONDA,"Final July 22nd tracklist. Has extra songs added off to the side. Posted by John Monopoly on Instagram.

1. DND (DONDA) (Blood Of The Lamb)
 2. WTH CHLD (With Child) (Precious)
3. GD BRTH (I Know God Breathed On This)
 4. RN (Run) (Cops Flash Put Em Up)
 5. N GDZ CNTR (In God's Country)
6. GD'S CNTR (God's Country)
 7. ALN (Alien)
 8. FF TH GRD (Off The Grid)
 9. KP R SPRIT ALV (Keep My Spirit Alive)
10. W T M LF (Welcome To My Life)
 11. LRD W ND T RP RMS MD M (Lord I Need You)
12. 12 THSND CRS (12,000 Acres)
13. R KNG (Our King)
 14. GLRY (This Is The Glory)
 15. WK TH DD (Wake The Dead)
 16. PRS GD (Praise God)
17. 24

#?. NEW BODY
#?. ETERNAL LIFE
#?. LIFE OF THE PARTY
#?. SPREAD MY WINGS (Spread Your WIngs)
#?. HURRICANE",,"Jul 22, 2020",Blurry,Secondary,
DONDA [V1],DONDA,"July 23rd, 2020 copy of the album under the filename ""With Child_Continous 7.23.20.""

1. With Child
2. Eternal Rest
3. I Know God Breathed On This
4. Cops Flash Put Em Up
5. In God's Country
6. God's Country
7. Future Sounds
8. Off The Grid
9. Alien
10. 24 Hours
11. Keep My Spirit Alive
12. Eternal Life
13. Ashes
14. Lord I Need You
15. Donda
16. Welcome To My Life
17. Praise God
18. Gloria
19. Joy Of Our Lives
20. 12,000 Acres [Victory]
21. 12,000 Acres [Wheezy]",,"Jul 23, 2020",Clear,Leaked,
DONDA [V1],DONDA,"Alternate DONDA tracklist found in the same photo as other July 2020 tracklist posted by REDACTED.

1. GLORY (This Is The Glory)
2. SELAH
3. SKURRR
4. 12 THOUSAND ACRES
5. ALL NEW DON C'S (All Blue Don C's)
6. STAY ON EM (Precious) (With Child)
7. THANK YOU 
8. OFF THE GRID
9. WAKE THE DEAD
10. WASH US IN THE BLOOD
11. ALIEN
12. FUTURE BOUNCE (Future Sounds)
13. PRAISE GOD
14. LORD I NEED YOU
15. WELCOME TO MY LIFE
16. GOD'S COUNTRY
17. DONDA (Blood Of The Lamb)
18. HURRICANE",,Jul 2020,Clear,Leaked,
DONDA [V1],DONDA,"July 2020 Tracklist posted by REDACTED. Claimed to be one of the last tracklists created before July 24, but this is likely false.

1. GOD'S COUNTRY
 2. PRECIOUS (With Child)
 3. DONDA (Blood Of The Lamb)
 4. 12 THOUSAND ACRES
 5. OFF THE GRID
 6. PRAISE GOD
 7. HURRICANE
8. WAKE THE DEAD
 9. ALL NEW DON C'S (All Blue Don C's)
10. WASH US IN THE BLOOD
11. ALIEN
12. SELAH
 13. FUTURE BOUNCE (Future Sounds)
 14. GLORY (This Is The Glory)
 15. LORD I NEED YOU
16. SKURRR
 17. WELCOME TO MY LIFE",,Jul 2020,Clear,Leaked,
DONDA [V1],DONDA,"iTunes tracklist that leaked on May 20th, 2022. Dated July 31st, 2020.

1. KEEP MY SPIRIT ALIVE (Dem Join
2. 24 HOURS (Dem Jointz Edit  Premix Two) ST (24)
3. Life Of The Party 7.27.20
4. ultrasounds ADawson work.3 ( (Ultrasounds) (Future Sounds)
5. I Know God Breathed On This - 07.20.20 In The Morning (I Know God Breathed On This)
6. With Child (Precious)
7. I Feel Terrific - Evan - 07.14.20 Ye Edits (I Feel Terrific)
8. Hurricane_RonnyJDrums_LilBaby_ (Hurricane)
9. In Gods Country_Ye._JB_Common (In God's Country)
10. Lord I Need You - 07.21.20 Ye Edit Tony Rewrite (Lord I Need You)
11. Pull Up Like Skuuurrr - 06.16.20 Ali (Skurrr)
12. OFF THE GRID - DEM JOINTZ MIX THREE (Working On Ye's Verse) (Off The Grid)
13. donda (evan) 7.20.20 Ye Edit (DONDA) (Blood Of The Lamb)",,"Jul 31, 2020",Clear,Leaked,
DONDA [V1],DONDA: WITH CHILD [Visual Album Tracklist],"Tracklist to the Visual Album. The Visual Album is from 08.10.2020, and we have every file from it except the ""Follow The Light"" loop that was used.

1. Ye_St. JohnPray For Me 7.27.20 2 (Pray 4 Me)
2. 12,000 Acres Victory Ref
3. 01 KW - Wolves Ref 1 (12.15.15) (Wolves)
4. Follow The Light - Intro Loop_all vocal (Follow The Light)
5. OFF THE GRID - DEM JOINTZ MIX THREE (Working On Ye's Verse) (Off The Grid)
6. 01 24 HOURS (Dem Jointz Edit PreMix TWO) ST (24)
7. 01 Hurricane [with big sean] 10.1 (Hurricane)
8. 01 Space X - Alien [KW Ref] 10.04 (Alien)
9. 01 KEEP MY SPIRIT ALIVE (Dem Join (Keep My Spirit Alive)
10. 01 Gods Country - 07.05.20 Bentley Edit Fix 1 (God's Country)
11. 01 Future Sounds 83bpm - 07.18.20 Ye Loud Horn (Future Sounds)
12. I Know God Breathed On This - 07.20.20 In The Morning (I Know God Breathed On This)
13. 01 With Child (Precious)
14. CRASH LANDING DEAN VERSION 8.1.20 (Crash Landing)",,"Aug 10, 2020",Clear,Leaked,
DONDA [V1],DONDA,"Seen under another tracklist posted on August 12th, 2020. ""Eternal Life"" is the only track visible and is the outro on this tracklist.

[...]
#?. ETERNA LIFE (Eternal Life)",,"Aug 12, 2020",Blocked,Ye,
DONDA [V1],DONDA,"Posted by Kanye on Twitter on August 12th, 2020. Both tracklists in this image are only partly visible.

#?. I F(EEL TERRIFIC)
#?. FUTU(RE SOUNDS)
#?. 24
#?. HURRICAINE (Hurricane)
#?. WASH US IN THE BLOOD
#?. N GOD'S COUNTRY (In God's Country)
#?. GOD'S COUNTRY",,"Aug 12, 2020",Blocked,Ye,
DONDA [V1],DONDA,"Tracklist for a Halloween 2020 release of DONDA.

1. HE GAVE IT ALL
2. ASHES (Up From The Ashes)
3. FUTURE (Future Sounds)
4. SKUUUR
5. PRAISE (Praise God)
6. LORD (Lord I Need You)
7. BELIEVE (Believe What I Say)
8. 24 HOURS (24)
9. I KNOW GOD (I Know God Breathed On This)
10. PALM SPRINGS
11. HURRICAINE (Hurricane)
12. TELL THE VISION",,"Oct 31, 2020",Clear,Leaked,
DONDA [V1],DONDA,"Another tracklist from November 2020. ""The Hard Ones"" is likely referring to the songs they found the best.

THE HARD ONES
1. Donda's Glory * (South Carolina)
2. Believe What I Say (later in sequence
3. Praise God feat Trav (Pusha feat or Ref)
4. Future Sounds * (Add Vox)
5. Life Of The Party *
6. Donda? (Dre version ""Blood of the Lamb"")
7. I Feel Terrific (Cons?)
8. The Glory (This Is The Glory)
9. Keep My Spirit Alive * (Cons)
10. City Of Los Angels *
11. Hurricaine
12. He Gave It All 0:30 Max 0:45
13. In God's Country *
14. What Have America (America)
15. Off The Grid (Add Vox)
16. Wash Us In The Blood (Wheezy) Cons Says No
17. Skurrr 0:30
18. Lord I Need You (Wheezy)
19. Alien",,"Nov 20, 2020",Clear,Leaked,
DONDA [V1],DONDA,"Tracklist seen in a picture from November 20th, 2020. Seemingly a take by CyHi on what the album's tracklist should look like. Written in someone other than Kanye's handwriting, likely CyHi''s.

CY
1. Devil Weak
2. Hurrican
3. * Believe What I Say
4. * Future of Sound
5. * Off Grid
6. Lord I need You
7. Keep Spirit
8. Life of party
9. * Alien
10. Skurr
11. * I feel terrific
12. Breath
13. In gods Country
14. gods Test",,"Nov 20, 2020",Clear,Leaked,
DONDA [V1],DONDA,"Tracklist seen in a picture from November 20th, 2020. Seemingly a take by Consequence on what the album's tracklist should look like. Written in someone other than Kanye's handwriting, likely Consequence's. Some songs have dollar signs next to them, though it's unclear what these indicate.

CONS
2nd draft
1. Donda's Glory
2. Hurricane
3. Future Sounds
4. Off the Grid
5. Blood of the Lamb
6. Believe what I Say
7. In God's Country
8. $ Keep My Spirit Alive
9. $ Life Of The Party
10. $ Skurrr (Interlude)
11. $ The Glory
12. $ Breathed
13. Praise God
14. City of Los Angels
15. Lord I Need You
16. $ He Gave It All (outro)",,"Nov 20, 2020",Clear,Leaked,
DONDA [V1],DONDA,"Partial tracklist seen in a picture from November 20th, 2020.

1. Breathed - Replace synth bass, bring back vox sample at end
2. Off Th Grid",,"Nov 20, 2020",Clear,Leaked,
DONDA [V1],DONDA,"Tracklist seen in a picture from November 20th, 2020.

1. He Gave It All (More Kacy?)
2. I Know God Breathed On This
3. Believe What I Say
4. Lord I Need You  - Add vox
5. Ultrasounds - Mix?
6. Praise God
7. Donda's Glory
8. God's Country 1 - Add vox & lyrics 4 Ye & Trav (God's Country)
9. God's Country 2 - Add 2nd verse for fill in (In God's Country)
10. I Feel Terrific
11. Glory
12. City Of Lost Angels Add vox & lyrics
13. What Has America Done For Me Add vox, lyrics & drums*
14. Hurricane
15. Wash Us In The Blood",,"Nov 20, 2020",Clear,Leaked,
DONDA [V1],DONDA,"Tracklist from December 2020. The tally marks on the side of songs are votes from team members counting who wanted what song on the album.

1. Glory llll
2. Hurricane llll llll
3. Future Sounds llll lll
4. Devil Weak lll
5. Lord I Need You llll ll
6. Life Of The Party llll ll
7. Skurr llll ll
8. Breath llll lll
9. God's Test llll
10. City Of Los Angels llll ll
11. He Gave It All llll l
12. (Donda) Blood Of The Lamb llll
13. What Has America Done For Me llll
14. Believe What I Say llll
15. Praise God llll lll
16. Off The Grid llll llll
17. Keep Spirit llll l
18. Alien llll ll
19. I Feel Terrific llll llll
20. In God's Country llll llll
21. Donda's Glory llll lll
22. Wash Us In The Blood lll
23. God's Country
24. Precious llll lll",,Dec 2020,Clear,Leaked,
DONDA [V1],DONDA,"Tracklist consiting of song's that were sent to Pi'erre Bourne. Only 14 out of the 24 songs on the tracklist are known about. 

1. DONDA'S GLORY 12 _ 01 _ 20
2. HURRICANE (Dem Jointz MIX SIX)
3. Off The Grid_Tell The Vision_12.2.20
4. PRAISE GOD Donda Speaks Edit 6 11.23.20
5. Donda (Remix) 3.3 (Vamp Out)
6. Believe What I Say No Interlude Edit 3 11.17.20
7. IN GOD'S COUNTRY Dem Jointz N Devon MIX E...
8. KEEP MY SPIRIT ALIVE 11.5.20 Ye Edit
9. LIFE OF THE PARTY (Dem Jointz MIX THREE 79.7bpm) ST 1
10. Skurr Edit 12.1.20
11. Breath Edit 12.1.20
12. CITY OF LOST ANGELS (Dem Jointz Edit 139bpm) ST
13. Lord I Need You Wheezy Import  Edit 4 12.2.20
14. I Feel Terrific - 11.17.20 Edit 2 OG Beat
15 - 24. ???",,"Dec 2, 2020",Blocked,Leaked,
DONDA [V1],DONDA,"Leaked as an incentive for groupbuy on October 23rd, 2021. Allegedly, this tracklisting was for when the album was supposed to drop on New Years Day of 2021, however the tracklist is dated December 7th. These files, as well as the file containing the tracklisting, were sent to Todd Rundgren.

1. South Carolina - 12.06.20 Ye Edit
 2. PRAISE GOD Donda Speaks Edit 6 11.23.20
3. Off The Grid - 12.07.20 Ye Voc
 4. HURRICANE_Ye Edit 4 11.18.20
5. I Feel Terrific - 12.06.20 JB Edit
 6. Believe What I Say No Interlude Edit 3 11.17.20
7. KEEP MY SPIRIT ALIVE 12.5.20
 8. Breathe - 12.05.20 Ye Edit w House Elements
9. 24 Hours - 88 edit RAW 2
 10. In God's Country
11. Lord I Need You - 12.05.20 No Verse Donda End
 12. This Is Gods Test 8.29.20 KC 2 Chainz Ye 
13. Future Sounds Ye Edit No Echo 11.5.20
 14. LIFE OF THE PARTY (Dem Jointz MIX THREE 79.7bpm) ST 1
15. The Glory_Ye Short Edit 11.16.20
 16. CITY OF LOST ANGELS (Dem Jointz Edit 139bpm) ST
17. Made It - 12.06.20 Ye x Oji Choir_tracking
 18. Precious - 07.20.20 DemJoints Add RxD
19. Tulsa - 11.09.19 Add Woo louder",,"Dec 7, 2020",Clear,Leaked,
DONDA [V1],DONDA,"Screenshot of an iTunes playlist titled ""-Donda- Ye 12.08.20"". The picture for the playlist is a white square. Contains 40 tracks, however, anything after the 15th track is unknown.

1. Made It - 12.06.20 Ye x Oji Choir_tracking ref
2. DONDA'S GLORY   TWO Edit 1 11.19.20
3. PRAISE GOD Edit 2 12.5.20
4. PRAISE GOD Donda Speaks Edit 6 12.06.20 _Orthodox
5. Off The Grid - 12.07.20 Ye Vocal Only
6. OFF THE GRID_TELL THE VISION 12.5.20 1
7. HURRICANE_Ye Edit 4 11.18.20
8. HURRICANE - 12.06.20 Verse Collide
9. I Feel Terrific - 12.06.20 JB Edit
10. 7. Believe What I Say No Interlude Edit 3 11.17.20
11. KEEP MY SPIRIT ALIVE 12.5.20
12. Keep My Spirit Alive V1 (Boogz Edit) 09.15.20
13. Breathe - 12.07.20 Ye Edit w House Elements
14. Breathe ojivota choir v.1 65 bpm
15. 24 Hours - 88 edit RAW 2
16 - 40. ???",,"Dec 8, 2020",Blocked,Leaked,
DONDA [V1],DONDA,"A December 2020 tracklist is said to exist for a Hype Williams directed visual album.

#?. Smack DVD
#?. Stand United
#?. Life Of The Party
#?. Believe What I Say
#?. Hurricanes
#?. 24
#?. Glory",,Dec 2020,Blocked,Leaked,
DONDA [V1],DONDA,"Tracklist from January 2021.

1. 24 x OV - 12.30.20 OxV Chord Ref
 2. He Gave It All ojivolta chords v.1
 3. I Feel Terrific (ojivolta choir with vox)
 4. I Know God Breathed On This - Chords - 12.31.20 JA Choir
 5. Made It - 12.23.20 JA Classic Only
 6. South Carolina - 12.11.20 Ye Verse_Pusha Fill Ins
7. Tell The Vision - 12.29.20 Verse Edit 6",,Jan 2021,Clear,Leaked,
Donda [V2],Dear Donda,"Officially released tracklist for the Dear Donda EP.

1. Hey Mama
2. Only One
3. Never Let Me Down
4. Roses
5. Everything I Am",,"May 9, 2021",Clear,Ye,
Donda [V2],Donda,"Freestyle session over 88-Keys beats from 5/10/21.

1. 210510 Gallery Freestyles - 00 Back Then (Thunder)
2. 210510 Gallery Freestyles - 01 Friends List (Thunder)
3. 210510 Gallery Freestyles - 02 Different Codes (Thunder, Don't Miss Me)
4. 210510 Gallery Freestyles - 03 Dangerous Liaison (Incest)
5. 210510 Gallery Freestyles - 04 Aboriginal 
6. 210510 Gallery Freestyles - 05 Keep Em In Check
7. 210510 Gallery Freestyles - 06 Pick A Side
8. 210510 Gallery Freestyles - 07 Really Fun Mistakes (Fun Mistakes)",,"May 10, 2021",Clear,Leaked,
Donda [V2],Donda,"Freestyle session over 88-Keys and BoogzDaBeast beats from 5/13/21.

#?. 210513 Gallery - Futures 98 -KW x BoogzDaBeast (Run It Up, No Child Left Behind)
#?. 210513 Gallery - 88 Idea 2
#?. 210513 Gallery - PETALS 89 -[KW x BoogzDaBeast] 
#?. 210513 Gallery - Goin To Jail Tonight (Jail, 88 Idea 3)
#?. ???",,"May 13, 2021",Blocked,Leaked,
Donda [V2],Donda,"Freestyle session over Digital Nas beats from May 26th, 2021. Full list of songs confirmed to be leaked, as seen from a screenshot of all the freestyles in the session found in Josh Berg's camera roll.

#?. 210526 Gallery - 9.10
#?. 210526 Gallery - All These Friends of Mine_OxV (Friends, Hawk)
#?. 210526 Gallery - Die
#?. 210526 Gallery - Eternal (The Energy, Eternal Life)
#?. 210526 Gallery - GI Joe 
#?. 210526 Gallery - Godspeed (Junya, Junya Watanabe)
#?. 210526 Gallery - Grammy
#?. 210526 Gallery - Greatest
#?. 210526 Gallery - Grinder
#?. 210526 Gallery - Hard Rock
#?. 210526 Gallery - Hawk (Friends, All These Friends Of Mine)
#?. 210526 Gallery - Human Kind
#?. 210526 Gallery - Insane
#?. 210526 Gallery - Judo
#?. 210526 Gallery - Leave
#?. 210526 Gallery - Let Me Know
#?. 210526 Gallery - Let's Go
#?. 210526 Gallery - MerryGoRound (Aye Ye Ye Ye, Ayyy Ye Ye Ye)
#?. 210526 Gallery - New Hunnids
#?. 210526 Gallery - Nigga
#?. 210526 Gallery - Ninja
#?. 210526 Gallery - Nowhere
#?. 210526 Gallery - On His Head pt. 1 (I Let Go)
#?. 210526 Gallery - On His Head pt. 2 (I Let Go)
#?. 210526 Gallery - Ops Block (Hovercraft, Remote, Remote Control)
#?. 210526 Gallery - Smooth (Illest)
#?. 210526 Gallery - Swole
#?. 210526 Gallery - Urgent SS
#?. 210526 Gallery - What A Dream",,"May 26, 2021",Blocked,Leaked,
Donda [V2],Donda,"Freestyle session over piano beats from 6/16/21.

#?. 210616 Gallery - Piano Freestyles - Broke My Own Curse
#?. 210616 Gallery - Piano Freestyles - Come To Life
#?. 210616 Gallery - Piano Freestyles - Cut Loose
#?. 210616 Gallery - Piano Freestyles - Find A Way
#?. 210616 Gallery - Piano Freestyles - Hold Me
#?. 210616 Gallery - Piano Freestyles - I Wish You The Best
#?. 210616 Gallery - Piano Freestyles - Idea 2 Freestyle
#?. 210616 Gallery - Piano Freestyles - Jam Freestyle
#?. 210616 Gallery - Piano Freestyles - Piano Freestyle
#?. 210616 Gallery - Piano Freestyles - We Want The Lord",,"Jun 16, 2021",Blocked,Leaked,
Donda [V2],Donda,"Tracklist from June 2021.

1. Praise (Praise God)
2. New Again
3. Jail
4. Hype
5. Let Go
6. Junya
7. Life (Come to Life)
8. Remote Control
9. Friends
10. God Breathed On This (God Breathed)
11. Run It Up
12. Jesus Lord",,Jun 2021,Clear,Leaked,
Donda [V2],Donda,"Tracklist from June 2021. Unknown when it's from. Orginally posted by Waterfalls and Flab, but left off a few tracks. Full image leaked as Moonlight Malik ref image on KrakenFiles.

1. How Could You (Never Abandon Your Family) 
2. Jail 
3. Come to Life 
4. South Carolina 
5. Run It Up (No Child Left Behind) 
6. Off The Grid
7. Ultra Light Beams Kids
8. Heaven and Hell 
9. Let Go
10. Eternal Life",,Jun 2021,Clear,Leaked,
Donda [V2],Donda,"Tracklist from July 3rd, 2021.

1. Let Go
2. Come to Life
3. Life Of The Party
4. Daylight
5. Remote Control
6. Junya Watanabe
7. South Carolina
8. Off The Grid
9. God Breathed On This
10. New Again
11. Run It Up
12. Jail",,"Jul 3, 2021",Clear,Leaked,
Donda [V3],Donda,"Date is unknown. Was played to Kevin Durant and shared on the 3 year anniversay of Donda. Has at least 14 songs.

1-4. ???
5. Keep My Spirit Alive
6-#?. ???",,,Blurry,Ye,
Donda [V3],Donda,"Tracklist from early July 2021. Said to be ""like 30 songs long"". Said to ""just be a txt file"".

1-#?. ???",,Jul 2021,N/A,Leaked,
Donda [V3],Donda,"Tracklist from Deuxmoi. Most likely from very early July as there are many songs here that didn't make it to later tracklists. Likely just a collection of potential tracklist songs, however, it's still worth noting as this was one of our first insights as to what Donda 2021 would look like.

1. Let go
2. Life of the party
3. Come to life
4. Daylight
5. Remote control
6. Junya watanabe
7. South Carolina
8. Off the grid
9. Aye ye ye ye (Ay Ye Ye Ye)
10. Eternal Life
11. Future sounds
12. Pure souls
13. Praise god",,Jul 2021,Clear,Leaked,
Donda [V3],Donda,"Version of the album with ""24"" as track 14. Shown via text messages from engineer DAWSØN.

1-13. ???
14. 14 24 X JOINTZ - 10.05.20 Choir Leads in Chorus",,Jul 2021,N/A,Secondary,
Donda [V3],Donda,"July 2021 tracklist that surfaced on September 10, 2021. A theme is listed for each track. 
1. JAIL - Freedom
 2. NO CHILD LEFT BEHIND / RUN IT UP - Motivati(on)
 3. GOD BREATHES - Anointed (God Breathed)
 4. SOUTH CAROLINA - Reflection (Donda)
 5. NEVER ABANDON YOUR FAMILY / HOW COULD YOU
 6. HEAVEN & HELL - Anti
 7. COME TO LIFE - Family
 8. LIFE OF THE PARTY - Clarity
 9. HURRICANE - Rescued
 10. DAYLIGHT - Personal
 11. REMOTE - Control (Remote Control)
 12. JUNYA - Leadership
 13. NEW AGAIN - Revival
14. 24 - Rejoice",,Jul 2021,Clear,Leaked,
Donda [V3],Donda,"Songs found in an album copy of Donda dated July 15th, 2021.

1. 01 No Child Left Behind (��ok Run It Up Gessa Version ) Ye Vox
2. 02 Lord I Need You OjiVolta DEM J
3. 03 Donda (South Carolina - 21.07.05 Full Sample_drum edit ye 210714_Shorter)
4. 04 Praise God - 210605 - Shorter_Fix Chords
5. 05 Moon (hurricane Evan guitar version 8)
6. 06 Copy of Vory - Jonah
7. 07 New - 21.07.01 Basic Elements_ (New Again)
8. 08 Swizz - Jesus Lord_temp loop
9. 09 REMOTE MIKE DEAN MIX REMOTE MIKE DEAN MIX 7 ROLLS WAY UP (Remote Control)
10. 10 Daylight BPM Change 81BPM
11. 11 Never Abandon Your Family - 21.07.10 - Donda_Edits
12. 12 Come To Life - v.4 Gtr OxV",,"Jul 15, 2021",Clear,Leaked,
Donda [V3],Donda,"Songs found in an album copy of Donda dated July 16th, 2021.

1. 01 Donda
2. 02 REMOTE MIKE DEAN MIX REMOTE MIKE DEAN MIX 7 ROLLS WAY UP
3. 03 Heaven And Hell - 21.07.10 - Warryen Cut
4. 04 Daylight (fya man 7-16) _revised_
5. 05 Jonah (ojivolta chop v1)
6. 06 HURRICANE MIKE DEAN MIX 102_03-01
7. 07 No Child Left Behind (��ok Run It Up Gessa Version )_Vory Vox_1_longer Version
8. 08 Praise God - 210605 - Shorter_Fix Chords
9. 09 New - 21.07.01 Basic Elements_ (New Again)
10. 10 GOD BREATHED ON THIS MIKE DEAN MIX 4 (God Breathed)
11. 11 Moon (hurricane Evan guitar version 8)
12. 12 24 X JOINTZ - 10.05.20 Choir Leads in Chorus pitch down -4_210714
13. 13 Jesus Lord - 210716_New Verse_Gessa
14. 14 JAIL MIKE DEAN MIX 10
15. 15 The Seraphim_(Life of the Party_Dem Jointz - 21.05.25 Review) YE 210812 (Life Of The Party)
16. First Rule (Never Abandon Your Family - 21.07.10 - Donda_Edits 2) (Never Abandon Your Family)
17. Come To Life - 210716 - Tyler - OxV Gtr Stems added",,"Jul 16, 2021",Clear,Leaked,
Donda [V3],Donda,"Featured in the background of an Consquence instagram video on July 17, 2021.

1. DONDA (South Carolina)
 2. REMOTE (Remote Control)
 3. DAYLIGHT
 4. JONAH
 5. HURRICANE
 6. NO CHILD LEFT BEHIND
 7. NEW AGAIN
 8. I KNOW GOD BREATHED ON THIS (God Breathed)
 9. 24 YOUR GONNA BE OK
10. COME TO LIFE",,"Jul 17, 2021",Blurry,Secondary,
Donda [V3],Donda,"Tracklist taken from a seller's VC. From July 18, 2021.

1. DONDA (South Carolina)
2. Remote
3. HEAVEN AND HELL
4. DAYLIGHT
5. JONAH
6. Hurricane
7. No Child Left Behind
8. praise God
9. New agaiN
10. I Know god Breathed on this
11. MOON
12. 24 your gonna be ok
13. Jesus Lord
14. Jail
15. Life of the Party
16. Never Abandon Your Family
17. Come to life",,"Jul 18, 2021",Clear,Leaked,
Donda [V3],Donda,"Songs found in an album copy of Donda dated July 19th, 2021.

1. 01 South Carolina -Full Sample_Vocal Punches Edit_120714 (Donda)
2. 02 Come To Life - 210716 - Tyler - OxV Gtr Stems added
3. 03 HEAVEN AND HELL MIX 103
4. 04 REMOTE MIKE DEAN MIX REMOTE MIKE DEAN MIX 7 ROLLS WAY UP (Remote Control)
5. 05 Daylight BPM Change 81BPM
6. 06 Jonah (ojivolta chop v1)
7. 07 Hurricane - Ye Punch and Edit_210718
8. 08 No Child Left Behind (àçok Run It Up Gessa Version )_Vory Vox_1_longer Version
9. 09 Praise God - 210618 - Trav Pusha Baby Keem
10. 10 New - 21.07.01 Basic Elements_ (New Again)
11. 11 Donda Donda Dona (Celina - Talking - Donda South Carolina - 210714 - ) (Donda Chant)
12. 12 GOD BREATHED ON THIS MIKE DEAN MIX 4 (God Breathed)
13. 13 Moon (hurricane Evan guitar version 8)
14. 14 24 X JOINTZ - 10.05.20 Choir Leads in Chorus pitch down -4_210711 Ricks edit Version 3
15. 15 Jesus Lord - Gessa Ye Verse_ 210719
16. 16 JAIL MIKE DEAN MIX 10
17. 17 LIFE OF THE PARTY (Dem Jointz MIX THREE 79.7bpm) ST 1
18. 18 Never Abandon Your Family - 21.07.10 - Donda_Edits
19. 19 Welcome To UCLA_210718 Loop Doubles
20. 20 God Got Me - 21.05.13 Shorter Ref
21. 21 I'm Mad Ok-DroRef 1 (Ok Ok)
22. 22 KEEP MY SPIRIT ALIVE 8.15.20
23. 23 Dreaming of thePast - 21.07.04 Chop 70bpm
24. 24 Junya - OxV 148 - 21.06.23 Ref Match_voc edit",,"Jul 19, 2021",Clear,Leaked,
Donda [V3],Donda [Las Vegas Setlist],"Tracklist for the Las Vegas listening party (July 19, 2021). Differences are listed in the document. Thank you Jabba!

1. Come To Life
 2. Donda (South Carolina)
 3. Hurricane
 4. Moon
 5. 24 
 6. Never Abandon Your Family
 7. Lord I Need You
8. God Got Me [Intro loop played]
 9. I Know God Breathed On This (God Breathed)
 10. Praise God [Pusha T x Travis]
11. Praise God [Baby Keem ref]
 12. Keep My Spirit Alive
 13. Life Of The Party
 14. New Again
 15. Donda Donda Donda (Donda Chant)
 16. Daylight
 17. No Child Left Behind
18. Jesus Lord",,"Jul 19, 2021",Clear,Secondary,
Donda [V3],Donda,"Tracklist from July 20, 2021.

1. MOON
2. REMOTE
3. DONDA (South Carolina)
4. NO CHILD LEFT BEHIND
5. PRAISE GOD
6. GOD BREATHED ON THIS (God Breathed)
7. JESUS LORD
8. HEADS OFF
9. NEVER ABANDON YOUR FAMILY
10. 24
11. OK OK 
12. JAIL
13. HEAVEN & HELL
14. HURRICANE
15. TELL THE VISION",,"Jul 20, 2021",Clear,Leaked,
Donda [V3],Donda,"Full image of the whiteboard seen in the background of a Kanye Instagram post on July 21, 2021.

1. WE MADE IT (Tell The Vision)
 2. MOON
3. REMOTT (Remote Control)
 4. DONDA (South Carolina)
5. NO CHILD LEFT BEHIND
 6. PRAISE GOD
7. GOD BREATHED ON THIS (God Breathed)
 8. JESUS LORD
9. HEADS OFF
10. NEVER ABANDON YOUR FAMILY
11. 24
12. JAIL
13. HEAVEN AND HELL
14. JUNYA
15. LET GO
16. PURE SOULS
17. OFF THE GRID
18. KEEP MY SPIRIT ALIVE
19. DAYLIGHT
20. LORD I NEED YOU
21. HURRICANE
22. BELIEVE WHAT I SAY
23. LIFE OF THE PARTY
24. NEW AGAIN
25. ETRERNAL LIFE (Eternal Life)",,"Jul 21, 2021",Clear,Leaked,
Donda [V3],Donda,"Songs found in an album copy of Donda dated July 21st, 2021. 

1. Moon (hurricane Evan guitar version 8) 
2. REMOTE MIKE DEAN MIX REMOTE MIKE DEAN MIX 7 ROLLS WAY UP (Remote Control) 
3. Donda (South Carolina intro chop_n) - 210719 - Pusha recut 
4. No Child Left Behind (àçok Run It Up Gessa Version )_Vory Vox_1_longer Version 
5. Praise God - 210618 - Trav Pusha Baby Keem intro trim 
6. I Know God Breathed On This Fya Edit 210721 Ref (God Breathed) 
7. Jesus Lord - Gessa Ye Verse_ 210719 
8. headshot 2.3.20 (Heads Off) 
9. Never Abandon Your Family - 21.07.10 - Donda_Edits 
10. 24 X JOINTZ - 10.05.20 Choir Leads in Chorus pitch down -4_210711 Ricks edit Version 3 
11. Jail Mike Dean Mix tempo up_12 
12. Heaven And Hell - 21.05.29 End Clean Extended - For Mix_Ye Likes This Version 210719",,"Jul 21, 2021",Clear,Leaked,
Donda [V3],Donda,"Notepad seen in a photo posted to Instagram on July 22, 2021. Very similar to the July 18 tracklist. This tracklist is probably older than the other as it's to the left of Kanye.

1. (Donda) (South Carolina)
2. (Rem)ote
3. Heaven And Hell
4. Day Light
5. Jonah
6. Hurricane
7. No Child Left Behind
8. Praise God
9. New Again
10. I Know God Breathed On This
11. Moon
12. 24 Your Gonna Be Ok
13. Jesus (Jesus Lord)
14. ???
15. Jail
16. Life of The Party
17. Never Abandon Your Family
18. Come To Life",,"Jul 22, 2021",Blurry,Ye,
Donda [V3],Donda,"Donda notepad leaked onto Discord on September 7, 2021. Seems to be very similar to the tracklist seen in an Instagram photo that was posted on July 22, but missing a track.

1. DONDA (South Carolina)
 2. COME TO LIFE
 3. HEAVEN AND HELL
 4. REMOTE (Remote Control)
 5. DAY LIGHT
 6. JONAH
 7. HURRICANE
 8. NO CHILD LEFT BEHIND
 9. PRAISE GOD
 10. NEW AGAIN
 11. DONDA DONDA DONDA (Donda Chant)
 12. I KNOW GOD BREATHED ON THIS (God Breathed)
 13. MOON
 14. 24
 15. JESUS LORD
 16. JAIL
 17. LIFE OF THE PARTY
 18. NEVER ABANDON YOUR FAMILY
 19. WELCOME TO UCLA
 20. GOD GOT ME
 21. I'M NOT OK (Ok Ok)
 22. KEEP MY SPIRIT ALIVE
 23. DREAMING OF THE PAST
 24. JUNYA
 25. ???
 26. OK OK

 #?. HYPE
#?. OFF THE GRID",,"Jul 22, 2021",Clear,Leaked,
Donda [V3],Donda,"Notepad seen in a photo posted to Instagram on July 22, 2021.

1. DONDA (South Carolina)
 2. COME TO LIFE
 3. HEAVEN AND HELL
 4. REMOTE (Remote Control)
 5. DAY LIGHT
 6. JONAH
 7. HURRICANE
 8. NO CHILD LEFT BEHIND
 9. PRAISE GOD
 10. NEW AGAIN
 11. DONDA DONDA DONDA (Donda Chant)
 12. I KNOW GOD BREATHED ON THIS (God Breathed)
 13. MOON
 14. 24
 15. JESUS LORD
 16. JAIL
 17. LIFE OF THE PARTY
 18. NEVER ABANDON YOUR FAMILY
 19. WELCOME TO UCLA
 20. GOD GOT ME
 21. I'M NOT OK (Ok Ok)
 22. KEEP MY SPIRIT ALIVE
 23. DREAMING OF THE PAST
 24. JUNYA
25. ???
 26. OK OK
27. MADE IT (Tell The Vision)

 #?. HYPE
#?. OFF THE GRID",,"Jul 22, 2021",Blurry,Ye,
Donda [V3],Donda,"Notepad seen in a photo posted to Instagram on July 22, 2021. Very similar to the July 20 tracklist.

1. ???
2. REMOTE
3. ???
4. ???
5. GO(D BREATHED ON THIS) (God Breathed)
6. JES(US LORD)
7. HEADS (OFF)
8. NEVER ABAN(DON YOUR FAMILY)
9. 24
10. JAIL
11. HEAVEN AND H(ELL)",,"Jul 22, 2021",Blocked,Ye,
Donda [V3],Donda [Atlanta Setlist #1],"Tracklist for the first Atlanta listening party (July 22, 2021).

 1. 24
 2. Donda (South Carolina)
 3. Junya
 4. Remote Control
 5. Praise God
 6. Never Abandon Your Family
 7. Hurricane
 8. Moon
 9. Jonah
 10. Pure Souls
11. New Again
 12. Tell The Vision
 13. I Know God Breathed On This (God Breathed) 
 14. No Child Left Behind
15. Jail",,"Jul 22, 2021",Clear,Ye,
Donda [V3],Donda,"Tracklist posted by Alek. Dated after the first Atlanta listening party (July 22, 2021).

 1. TELL THE VISION MIKE DEAN MIX 2.m4a
 2. PRAISE GOD MIKE DEAN MIX 100.m4a
3. NEVER ABANDON YOUR FAMILY MIKE DEAN MIX 104.m4a
 4. PURE SOULS MIKE DEAN MIX 100.m4a
 5. NEW AGAIN MIKE DEAN MIX 8 CB.m4a
 6. REMOTE MIKE DEAN MIX 100.m4a (Remote Control)
 7. NO CHILD LEFT BEHIND MIKE DEAN MIX 101.m4a
 8. JUNYA MIKE DEAN MIX 4 MORE KNOCK AND HIGHS.m4a
 9. MOON MIKE DEAN MIX 4.m4a
 10. JAIL MIKE DEAN MIX 19 HOV.m4a
11. JONAH MIKE DEAN MIX 2.m4a
 12. HURRICANE MIKE DEAN MIX 104 HOUSE.m4a
 13. BREATHED ON THIS MIKE DEAN MIX 8 NO KICK.m4a (God Breathed)
 14. DONDA MIKE DEAN MIX 202.m4a",,,Clear,Leaked,
Donda [V3],Donda,"Was posted by GLC and on July 29, 2021 and was quickly deleted.

1. (KE)EP MY SPIRIT ALIVE
 2. (LIF)E OF THE PARTY
 3. (OF)F THE GRID
 4. (JE)SUS LORD
 5. (I)'M NOT OK (Ok Ok)
 6. (TH)IS IS THE GLORY
 7. (BE)LEVE WHAT I SAY (Believe What I Say)
 8. (H)EAVEN AND HELL
 9. (J)ESUS WALKS
 10. (CO)ME TO LIFE
11. (L)ORD I NEED YOU",,"Jul 29, 2021",Blocked,Secondary,
Donda [V3],Donda,"Found August 6th, however it's likely this tracklist was created before. A blurry picture of the full tracklist is also linked.

1. Moon*
2. ???
3. J(???)mma*
4. (Praise) God*
5. (Off The) Grid*
6. (Hurrican)e
7. (Pure So)uls**
8. (New Ag)ain*
9. ???
10. ???
11. ???
12. ???
13. ???
14. Jail*
15. Believe What I Am*** (Believe What I Say)",,Aug 2021,Blocked,Leaked,
Donda [V3],Donda,"Tracklist seen in the bleed of an 8/5 tracklist. Possibly an earlier tracklist.

#?. I Let Go
#?. Never Abandon Your Family
#?. With Child
#?. You Mean The World",,,Blurry,Leaked,
Donda [V3],Donda,"Screenshot taken from a Discord VC, was a tracklist for 8/5.

1. FESTCONS DONDA (Donda)
 2. HURRICANE
 3. CYHI NEW AGAIN
 4. OFF THE GRID ✡
 5. TELL THE VISION
 6. HEAVEN AND HELL
 7. JAIL
 8. CYHI REMOTE CONTROL
 9. LIFE OF THE PARTY
 10. I'M NOT OK (Ok Ok)
 11. BELIEVE WHAT I SAY
12. LORD I NEED YOU",,"Aug 5, 2021",Clear,Leaked,
Donda [V3],Donda,"Tracklist from ""early August"". Likely around 8/5 Donda.

1. JAIL
2. COME TO LIFE
3. HEAVEN AND HELL
4. LIFE OF THE PARTY
5. MOON
6. HURRICANE
7. JESUS LORD
8. 24
9. LORD I NEED YOU
10. NO CHILD LEFT BEHIND
11. PRAISE GOD
12. I KNOW GOD BREATHED ON THIS (God Breathed)
13. OFF THE GRID
14. NEVER ABANDON YOUR FAMILY
15. NEW AGAIN
16. PURE SOULS
17. OK OK
18. DONDA (South Carolina)",,"Aug 5, 2021",Clear,Leaked,
Donda [V3],Donda,"Screenshot taken from a sellers stream, was a tracklist for 8/5 Donda.

1. 24
 2. Donda (South Carolina)
 3. Junya
 4. Jonah
 5. Hurricane
 6. Praise God
 7. Pure Souls
 8. Keep My Spirit Alive
 9. New Again
 10. Off The Grid
 11. Tell The Vision
 12. No Child Left Behind
 13. Heaven and Hell
 14. Jail
 15. Moon
 16. Remote Control
 17. Good Breath On This (God Breathed)
 18. Life Of The Party
 19. Jesus Lord
 20. I'm Not Ok (Ok Ok)
 21. Believe What I Say
 22. Up From The Ashes
 23. Blood Of The Lamb (DONDA)
 24. Lord I Need You

#?. Never Abandon Your Family
#?. Donda Donda Donda Donda (Donda Chant)",,"Aug 5, 2021",Clear,Leaked,
Donda [V3],Donda [Atlanta Setlist #2],"Tracklist for the second Atlanta listening party (August 5, 2021).

1. Donda (South Carolina)
 2. Moon
 3. Praise God
 4. I'm Not Ok (Ok Ok)
 5. Junya
 6. Jonah
 7. Heaven and Hell
 8. Off The Grid
 9. Remote Control
 10. Donda Donda Donda (Donda Chant)
 11. New Again
 12. Pure Souls
 13. Keep My Spirit Alive
 14. Never Abandon Your Family
 15. Jesus Lord
 16. God Breathed On This (God Breathed)
17. Tell The Vision
18. Jail
19. Lord I Need You
20. Hurricane
21. 24
22. No Child Left Behind",,"Aug 5, 2021",Clear,Ye,
Donda [V3],Donda,"Tracklist from August 8th. The things listed in brackets likely mean things that need changing.

1. MOON
2. HURRICANE
3. 24
4. COME TO LIFE (LYRICS)
5. LIFE OF THE PARTY
6. JESUS LORD
7. JAIL
8. LORD I NEED YOU
9. NO CHILD LEFT BEHIND
10. PRAISE GOD
11. HEAVEN AND HELL (LYRICS)
12. JUNYA
13. REMOTE (CHORUS LYRIC)
14. I KNOW GOD BREATHED ON THIS (God Breathed)
15. JONAH
16. OFF THE GRID (MAYBE LYRIC CHANGE)",,"Aug 8, 2021",Clear,Leaked,
Donda [V3],Donda [Pre-Order Tracklist],"Tracklist from the iTunes pre-order page for Donda. Only track seen is ""Hurricane"", which has its same order as the August 8th whiteboard tracklist, possible showing it goes by a similar order.

1. ???
2. Hurricane
3-24. ???",,"Aug 8, 2021",Blocked,Ye,
Donda [V3],Donda,"Tracklist from August 13, 2021. Very similar to the second Atlanta listening party's setlist.

1. DONDA (South Carolina)
 2. MOON
 3. PRAISE GOD
 4. OFF THE GRID
 5. JUNYA
 6. JONA (Jonah)
 7. REMOTE (Remote Control)
 8. OK OK
 9. HEAVEN AND HELL
 10. NEW AGAIN
 11. PURE SOULS
 12. KEEP MY SPIRIT ALIVE
 13. NEVER ABANDON YOUR FAMILY
 14. JESUS LORD
 15. I KNOW GOD BREATHED ON THIS (God Breathed)
 16. RIP POP SMOKE (Tell The Vision)
17. JUNYA
18. JAIL
19. LORD I NEED YOU
20. HURRICANE
21. 24
22. NO CHILD LEFT BEHIND
23. COME TO LIFE
24. LIFE OF THE PARTY",,"Aug 13, 2021",Clear,Leaked,
Donda [V3],Donda,"Songs found in an album copy of Donda dated August 19th, 2021. Order is unknown.

#?. 24 MIX TEST.02_02
#?. Come to life MIX TEST.07_07
#?. Donda MIX TEST.06_06
#?. Hurricane MIX TEST.09_09
#?. I know God breathed on this MIX TEST.03_03
#?. Jail MIX TEST.04_04
#?. Jesus Lord MIX TEST.02_02
#?. Jonah MIX TEST.02_02
#?. Junya MIX TEST.03_03
#?. Keep my spirit alive MIX TEST.02_02
#?. Life of the party MIX TEST.06_06 clean
#?. Lord i need you MIX TEST.04_04
#?. Never abandon your family MIX TEST.03_03
#?. New again MIX TEST.02_02
#?. No child left behind MIX TEST.04_04
#?. Off the grid MIX TEST.02_02
#?. Ok ok MIX TEST.02_02
#?. Praise god MIX TEST.02_02
#?. Pure soul MIX TEST.02_02 (Pure Souls)
#?. Remote control MIX TEST.03_03",,"Aug 19, 2021",Clear,Leaked,
Donda [V3],Donda,"Songs found in an album copy of Donda dated August 21st, 2021. Order is unknown.

#?. 24 MIX TEST.03_03
#?. Come to life MIX TEST.08_08
#?. Donda MIX TEST.07_07
#?. Hurricane MIX TEST.11_11
#?. I know God breathed on this MIX TEST.04_04
#?. Jail MIX TEST.06_06
#?. Jesus Lord MIX TEST.03_03
#?. Jonah MIX TEST.03_03
#?. Junya MIX TEST.03_03
#?. Keep my spirit alive MIX TEST.04_04
#?. Life of the party MIX TEST.10_10
#?. Lord i need you MIX TEST.05_05
#?. Moon MIX TEST.03_03
#?. Never abandon your family MIX TEST.04_04
#?. New again MIX TEST.02_02
#?. No child left behind MIX TEST.05_05
#?. Off the grid MIX TEST.04_04
#?. Ok ok MIX TEST.03_03
#?. Praise god MIX TEST.04_04
#?. Pure soul MIX TEST.02_02 (Pure Souls)
#?. Remote control MIX TEST.04_04",,"Aug 21, 2021",Clear,Leaked,
Donda [V3],Donda,"Tracklist from August 21, 2021. 1-17 are blocked.

1-17. ???
18. (No Child Left) Behind MIX TEST.05(_05) (No Child Left Behind)
19. Off the grid MIX TEST.04_04 (Off The Grid)
19. Ok ok MIX TEST.04_04 (Ok Ok)
20. Praise god MIX TEST.05_05 (Praise God)
21. Pure soul MIX TEST.04_04 (Pure Souls)
22. Remote control MIX TEST.06_06 (Remote Control)
23. TELL THE VISION MIKE DEAN MIX 2 (Tell The Vision)
24. 5. Believe What I Say Final - OxV Mix V.2 (Believe What I Say)
25. 24 MIX TEST.02_03 (24)",,"Aug 21, 2021",Blocked,Leaked,
Donda [V3],Donda,"Songs found in an album copy of Donda dated August 23rd, 2021. Order is unknown.

#?. 24 MIX TEST.05_05
#?. Believe What I Say v3 AyoAA
#?. Come to life MIX TEST.09_09
#?. Donda MIX TEST.09_09
#?. Heaven and hell MIX TEST.05_05
#?. Hurricane MIX TEST.13_13
#?. I know God breathed on this MIX TEST.06_06
#?. Jail MIX TEST.08_08
#?. Jesus Lord MIX TEST.05_05
#?. Jonah MIX TEST.05_05
#?. Junya MIX TEST.04_04
#?. Keep my spirit alive MIX TEST.05_05
#?. Life of the party MIX TEST.11_11
#?. Lord i need you MIX TEST.06_06
#?. Moon MIX TEST.04_04
#?. Never abandon your family MIX TEST.04_04
#?. New again MIX TEST.07_07
#?. No child left behind MIX TEST.05_05
#?. Off the grid MIX TEST.04_04
#?. Ok ok MIX TEST.05_05
#?. Praise god MIX TEST.05_05
#?. Pure soul MIX TEST.06_06 (Pure Souls)
#?. Remote control MIX TEST.08_08",,"Aug 23, 2021",Clear,Leaked,
Donda [V3],Donda,"Songs found in an album copy of Donda dated August 25th, 2021. Order is unknown.

1. 24 MIX TEST.05_05
2. Believe What I Say v3 AyoAA
3. Come to life MIX TEST.09_09
4. DONDA CHANT 60
5. Donda MIX TEST.09_09
6. Heaven and hell MIX TEST.05_05
7. Hurricane MIX TEST.14_14
8. I know God breathed on this MIX TEST.08_08
9. Jail MIX TEST.09_09
10. Jesus Lord MIX TEST.05_05
11. Jonah MIX TEST.05_05
12. Junya MIX TEST.05_05
13. Keep my spirit alive MIX TEST.05_05
14. Life of the party MIX TEST.12_12
15. Lord i need you MIX TEST.08_08
16. Moon MIX TEST.04_04
17. Never abandon your family MIX TEST.04_04
18. New again MIX TEST.09_09
19. No child left behind MIX TEST.05_05
20. Off the grid MIX TEST.04_04
21. Ok ok MIX TEST.07_07
22. Praise god MIX TEST.05_05
23. Pure soul MIX TEST.07_07 (Pure Souls)
24. Remote control MIX TEST.08_08",,"Aug 25, 2021",Clear,Leaked,
Donda [V3],Donda [Chicago Setlist #1],"Setlist posted by the Production Coordinator of the Chicago Listening Party. One of the final setlists for the third public listening party. Dated August 26th, 2021.

1. No child left behind MIX TEST.05_05 - 02:58 feat. VORY  VORY 
2. Never abandon your family MIX TEST.04_04 - 03:27 
3. 24 MIX TEST.05_05 - 03:17 
4. Jesus Lord MIX TEST.05_05 - 11:30 
5. Hurricane MIX TEST.14_14 - 04:03 
6. I know God breathed on this MIX TEST.09_09 - 05:33 feat. VORY 
7. Heaven and hell MIX TEST.06_06 - 02:25 feat. MARILYN MANSON 
8. Praise god MIX TEST.06_06 - 03:46 
9. Remote control MIX TEST.08_08 - 05:23 
10. Off the grid MIX TEST.07_07 - 05:39 
11. TELL THE VISION MIKE DEAN MIX 2 - 01:43 
12. Lord i need you MIX TEST.09_09 - 2:42 
13. Junya MIX TEST.03_03 short carti no ty$ - 02:27 
14. Ok Ok MIX TEST.07_07 - 03:24 feat. ROOGA / SHENSEEA 
15. New again MIX TEST.09_09 - 02:51 feat. SHENSSEA 
16. Pure souls MIX TEST.07 07 - 03:53 feat. RODDY RICCH/RAPHAEL SAADIQ/SHENSEEA 
17. Life of the party MIX TEST.12_12 06:51 
18. KEEP MY SPIRIT ALIVE - 06:48 feat. WESTSIDEGUNN/SHENSSEA

19. DONDA CHANT 60 - 00:53 
20. Donda MIX TEST.09_09 - 02:08 feat. SHENSSEA 
21. THIS IS THE GLORY - 07.14.20 Ye Edit 04:16 
22. Jail MIX TEST.08_08 jay verse edited - 04:57 feat. DABABY 
23. Lose My Shit_96_F#m - 03:40 
24. Flagstaff - 01:58 
25. Jonah MIX TEST.05_05 - 03:15 feat. VORY 
26. Moon MIX TEST.05_05 - 02:36 feat. DON TOLIVER 
27. Come to life MIX TEST.10_10-05:10 
28. TBC Jesus Lord (chords and hook only) - 03:42",,"Aug 26, 2021",Clear,Secondary,
Donda [V3],Donda [Chicago Setlist #2],"Tracklist for the Chicago listening party (August 26, 2021). Almost identical to the release tracklist.

1. Donda Donda Donda (Donda Chant)
 2. Jail, Pt. 2
 3. God Breathed On This (God Breathed)
 4. Off The Grid
 5. Hurricane
 6. Praise God
 7. Tell The Vision
 8. I'm Not Ok (Ok Ok)
 9. Junya
 10. Believe What I Say
 11. 24
 12. Remote Control 
 13. Moon
 14. Heaven and Hell
 15. Keep My Spirit Alive
 16. Jesus Lord
17. New Again
18. Rooga - GD Anthem
19. Jonah
20. Lord I Need You 
21. Pure Souls
22. Come To Life
23. No Child Left Behind",,"Aug 26, 2021",Clear,Ye,
Donda [V3],Donda,"Officially released tracklist for the album Donda.

1. Donda Chant
 2. Jail
 3. God Breathed
 4. Off The Grid [V1]
 5. Hurricane
 6. Praise God
 7. Jonah [V1]
 8. Ok Ok [V1]
 9. Junya
 10. Believe What I Say [V1]
 11. 24
 12. Remote Control
 13. Moon
 14. Heaven and Hell
 15. Donda
 16. Keep My Spirit Alive (Keep My Spirit Alive pt 2)
 17. Jesus Lord [V1]
 18. New Again [V1-V2]
 19. Tell The Vision [V1]
 20. Lord I Need You
 21. Pure Souls
 22. Come to Life [V1]
 23. No Child Left Behind
 24. Jail pt 2
 25. Ok Ok pt 2 [V1]
 26. Junya pt 2
 27. Jesus Lord pt 2 [V1]",,"Aug 29, 2021",Clear,Ye,
Donda [V3],Donda (Deluxe),"According to trusted sources, ""LA Monster"" was considered for the Deluxe version of the album.

#?. LA Monster",,2021,N/A,Leaked,
Donda [V3],Donda (Deluxe),"On Drink Champs, Ye confirmed that ""Let Go"" was going to be on the Deluxe version of the album.

#?. Let Go",,Nov 2021,N/A,Ye,
Donda [V3],Donda (Deluxe),"Completely different tracklisting than the original release, adding 5 new songs and changing various other songs by adding and removing certain lines and features. Mastering engineer IRKO confirmed that the order for this version isn't the correct one, with the non-deluxe being the ""canonical"" order.

1. Donda Chant
 2. Hurricane
 3. Moon
 4. Life Of The Party (with André 3000)
 5. Off The Grid [V2]
 6. Jail
 7. Praise God
 8. Come to Life [V2]
 9. Believe What I Say [V2]
 10. No Child Left Behind
 11. Up From The Ashes
 12. Remote Control pt 2
 13. God Breathed
 14. Lord I Need You
 15. 24
 16. Junya
 17. Never Abandon Your Family
 18. Donda
 19. Keep My Spirit Alive
 20. Jesus Lord pt 2 [V2]
 21. Heaven and Hell
 22. Remote Control
 23. Tell The Vision [V2]
 24. Jonah [V2]
 25. Pure Souls
 26. Ok Ok [V2]
 27. New Again [V2]
28. Jesus Lord [V2]
29. Ok Ok pt 2 [V2]
30. Junya pt 2
31. Jail pt 2
32. Keep My Spirit Alive pt 2",,"Nov 14, 2021",Clear,Ye,
DONDA 2 [V1],DONDA II: 4 The Kids,"Posted by DJ Sky High Baby as a throwback to Donda 2. Likely an earlier version of the January 31st tracklist.

1. LONG TIME (First Time In A Long Time)
2. KEEP IT BURNING
3. MR. MIYAGI
4. PABLO
5. 5 30 (Dear Summer) (The Cars Missing)
6. FOR THE CHILDREN
7. ALL DAY X AT (Atlantis)",,Jan 2022,Clear,Secondary,
DONDA 2 [V1],DONDA 2: 4 The Kidz,"Posted by Theophilius London on his Instagram story on January 31, 2022. Video showing the full tracklist posted on his story shortly after.

1. LONG TIME (First Time In A Long Time)
2. KEEP IT BURNING
3. MR. MIYAGI
4. PABLO
5. 5 30 (Dear Summer) (The Cars Missing)
6. FOR THE CHILDREN
7. ALL DAY X ATLANTIS (Atlantis)
8. ALIVE AND HOPEFUL
9. IT'S A BEAUTIFUL LIFE (Beautiful Life)
10. MAINTENANCE
11. ???

12. NEBRASKA
13. DEPRESSION
14. LORD LIFT ME UP
15. GET LOST (Broken Road)
16. 2 EAZY (Too Easy)
17. GO EASY (NEW YORK CITY) (City Of Gods)
18. CLOSED FOR BUSINESS
19. JESSE
20. WE DID IT KID",,"Jan 31, 2022",Blurry,Secondary,
DONDA 2 [V1],DONDA 2,"Posted by Flash Garments on Instagram.

1. DON TOLIVER BROKEN ROAD
2. NEW YORK STATE OF MIND PT 2. (City Of Gods)
3. AFTER VIRGIL PASSED (Louie Bags)
4. YOUR LIFE FINNA CHANGE RT NOW (Flowers)
5. TOO EASY
6. JESSE / VORY MELODY
7. PABLO
8. HAPPY
9. MAINTENA(NCE)
10. SELFI(SH)
11. KE(EP IT BURNI)N
12. 530
13. S(CI FI)
14. (TRUE LO)VE
15. ???
16. (GET L)OST
17. (FOR THE) CHILDREN
18. ???
19. NEB(RASKA)",,Feb 2022,Blocked,Secondary,
DONDA 2 [V1],DONDA 2,"Tracklist posted to Jaylien and Don Toliver's Instagram stories in early 2023. Unknown when this photo was taken, althought likely taken sometime in February, as the Black Player wasn't shown off until that point.

1. I'M FINNA LOVE ME (Too Easy)
2. CITY OF GODS
3. PABLO
4. MAINTENANCE
5. NEVER FORGIVE YOURSELF (Candyland, Worst Mistake)
6. FUCK FLOWERS (Flowers)
7. BROKEN ROAD
8. THE CAR'S MISSING (530, Dear Summer)
9. CLOSED FOR BUSINESS
10. TRUE LOVE
11. FIRST TIME IN A LONG TIME (Long Time)
12. SCI FI WI FI
13. HAPPY (Do I Look Happy, Paid To Talk)
14. NEBRASKA
15. SECURITY
16. WORST MISTAKE (Never Forgive Yourself, Candyland)
17. SELFISH
18. DEPRESSION
19. BEAUTIFUL LIFE (A Beautiful Life)
20. KEEP IT BURNIN
21. MR. MIAGI (Mr. Miyagi)
22. JESSE
23. 88 BASS GUITAR (Stop Looking At This)
24. SUZY (Things Change)
25. I GET LOST (Broken Road)
26. FOR THE CHILDREN
27. LOUIE BAGS",,Feb 2022,Clear,Secondary,
DONDA 2 [V1],DONDA 2,"Found on someone's Instagram story on February 4, 2022. A picture of a different tracklist write-up was posted on Alexander Levi's Instagram story on February 26th, 2022, but their order seems to be identical. 

1. LOVE ME / 2 EASY (Too Easy)
2. CITY OF GODS
 3. PABLO
 4. MAINTENENCE
 5. NEVER FORGIVE YOURSELF (Candyland, Worst Mistake)
 6. FUCK FLOWERS (Flowers)
 7. BROKEN ROAD
 8. THE CARS MISSING (530, Dear Summer)
 9. CLOSED FOR BUSINESS
 10. TRUE LOVE 
 11. FIRST TIME IN A LONG TIME
 12. SCI FI - WIFI (Sci-Fi)
 13. HAPPY
 14. NEBRASKA
 15. SECURITY
 16. WORST MISTAKE (Candyland, Never Forgive Yourself)
 17. SELFISH
 18. DEPRESSION
 19. BEAUTIFUL LIFE (A Beautiful Life)
 20. KEEP IT BURNIN
 21. MR. MYAGI (Mr. Miyagi)
 22. JESSE
 23. 88 BASS GUITAR
24. SUZY MORE TIME (Things Change)",,"Feb 4, 2022",Clear,Secondary,
DONDA 2 [V1],DONDA 2 [Private LP],"On February 7, 2022, a private listening party for Donda 2 was held at Nobu. Not much is known in terms of content played. 

1-#6. ???",,"Feb 7, 2022",N/A,Secondary,
DONDA 2 [V1],DONDA 2,"Tracklist from February 13th, 2022.

1. Jesse
2. Security
3. Pablo
4. Mr. Miagi (Mr. Miyagi)
5. Maintenance Sky High
6. True Love
7. First Time (First Time In A Long Time)
8. 530
9. Broken Road
10. Candyland (Forgive Yourself, Worst Mistake, Yeah I Know)
11. We Did Kid (We Did It Kid)
12. Finna Love Me (Too Easy, Love Me, LOVE ME / 2 EASY)
13. Closed For Business
14. Selfish
15. Happy (Do I Look Happy)
16. Sci Fi (Sci-Fi)
17. Flowers
18. Keep It Burning (City On Fire)
19. Get Lost
20. Stop Looking At Me (Stop Looking For This)

#? City Of Gods
#? Wait For You",,"Feb 13, 2022",Clear,Leaked,
DONDA 2 [V1],DONDA 2,"Another tracklist from February 13th, 2022. Similar to the one above but with slight changes.

1. Jesse
2. Security
3. Pablo
4. Sky High (Maintenance)
5. True Love
6. First Time (First Time In A Long Time)
7. 530 (Dear Summer)
8. Broken Road
9. Candyland (Forgive Yourself, Worst Mistake, Yeah I Know)
10. We Did Kid (We Did It Kid)
11. Finna Love Me (Too Easy, Love Me, LOVE ME / 2 EASY)
12. Closed For Business
13. Selfish
14. Happy (Do I Look Happy)
15. Sci Fi Wi Fi (Sci-Fi)
16. Fuck Flower (Fuck Flowers)
17. Keep It Burning (City On Fire)
18. Get Lost
19. Stop Looking At Me (Stop Looking For This)
20. Mr Miagi (Mr. Miyagi)
21. Louie Bags
22. City Of Gods",,"Feb 13, 2022",Clear,Leaked,
DONDA 2 [V1],DONDA 2,"Copy of the album that leaked among the 50 GB leak on September 18th, 2023. This tracklist order is somewhat similar to tracklists above.

1. Dem Jointz TOO EASY JC loop.04-1
2. NYC MIKE DEAN MIX 21-1
3. pablo_ w kanye x future-1
4. Maintenance 143bpm OxV-1
5. Worst mistake (ye dy idea 0130)-1
6. Fuck Flowers v.1 OxV FULL BOUNCE
7. Don Toliver MD Nothing wrong Broken road 137.4bpm-1
8. 530_Fivio_dear summer_01.29.22-1
9. ON MY WAY - DON T_CLOSED FOR BUSINESS_1.29.22 INPROG
10. True Love.14 v.3 OxV-1
11. First Time In A Long Time - Synths v.2 OxV
12. SL X KW - OXYGEN_TSP DEMO (Sci-fi Wi-fi)
13. Ye Drums_security_V2_166_1.30.22
14. mr miagi - w kanye (edit) v1.2
15. stop looking for this - 88 - 96.70 bpm - ye vox-1
16. Get Lost (ojivolta newchords v1b)-1
17. Ye Freestyle UNITED Louie Bags_V2_170_1.30.22
18. keep it burnin_ w kanye (rough seq)
19. HAPPY paid to talk w kanye idea (freestyle) no seq-1
20. We Did It Kid 23 v.1 OxV-1
21. JESSE kanye honesty digital nas v1
21. kanye honesty digital nas v1
22. stop looking for this - 88 - 96.70 bpm - ye vox-1
22. YE_ALLDAY_SUZY_108.3bpm
25. for the children (go back in time.02)-1",,"Feb 15, 2022",Clear,Leaked,
DONDA 2 [V1],DONDA 2,"Posted by Kanye West to Instagram on February 18, 2022. Is dated two days before it was posted.

1. SECURITY
 2. LIFT ME UP (Lord Lift Me Up)
 3. GET LOST (Broken Road)
 4. PABLO
 5. TRUE LOVE
 6. KEEP IT BURNING
 7. BROKEN ROAD
 8. I'M FINNA LOVE ME (Too Easy)
 9. SCI FI
 10. WE DID IT KID
 11. FLOWERS
 12. MAINTENANCE
 13. 530 (The Car's Missing, Dear Summer)
 14. MR. MYAGI (Mr. Miyagi)
 15. SELFISH
 16. FIRST TIME (First Time In A Long Time)
 17. LOUIE BAGS
 18. CANDYLAND (Worst Mistake, Never Forgive Yourself)
 19. CLOSED FOR BUSINESS
 20. HAPPY DO I LOOK HAPPY (Happy)
 21. THINGS CHANGE (Suzy)
 22. [Blank]
#? SELFISH",,"Feb 16, 2022",Clear,Ye,
DONDA 2 [V1],DONDA 2,"Posted by Kanye West to Instagram on February 19, 2022. Same as tracklist #3, but with ""City of Gods"" filling in the blank space on track 22.

1. SECURITY
 2. LIFT ME UP (Lord Lift Me Up)
 3. GET LOST (Broken Road)
 4. PABLO
 5. TRUE LOVE
 6. KEEP IT BURNING
 7. BROKEN ROAD
 8. I'M FINNA LOVE ME (Too Easy)
 9. SCI FI
 10. WE DID IT KID
 11. FLOWERS
 12. MAINTENENCE
 13. 530 (The Car's Missing, Dear Summer)
 14. MR. MYAGI (Mr. Miyagi)
 15. SELFISH
 16. FIRST TIME (First Time In A Long Time)
 17. LOUIE BAGS
 18. CANDYLAND (Worst Mistake, Never Forgive Yourself)
 19. CLOSED FOR BUSINESS
 20. HAPPY DO I LOOK HAPPY (Happy)
 21. THINGS CHANGE (Suzy)
 22. CITY OF GODS
#? SELFISH",,"Feb 19, 2022",Clear,Ye,
DONDA 2 [V1],DONDA 2,"Copy of the album very similar to the tracklists Kanye posted on February 18th/19th, 2022.

01. Security (flipped lyrics)
02. LIFT ME UP Fat Money Ref 1 - INST 119.836bpm
02. LIFT ME UP Fat Money Ref 1
03. Get Lost ending edit OxV 137bpm
04. Pablo Ye JC Edit V5 - INST
04. Pablo Ye JC Edit V5
05. TRUE LOVE BH V4
06. Keep It Burnin - TH Sample Chop v.1
08. Too Easy BH V2 (Finna Love Me)
09. SL - SCI FI WIFI BOUNCE 12 (STRINGS + 160 BPM) 13-02-22 - INST
09. SL - SCI FI WIFI BOUNCE 12 (STRINGS + 160 BPM) 13-02-22
10. We Did It Kid 83 Horns v.2 OxV
11. Fuck Flowers OxV 120bpm.01 - new vocal cut
12. Maintenance 143bpm OxV - INST
12. Maintenance 143bpm OxV
13. 530 (Dear Summer) Ye Chop 160bpm.02
14. Mr Miyagi AyoAA v3
15. OxV - Selfish.20 v.3 OxV
16. First Time in a Long Time X Soulja Boy
17. Louie Bags JC Chop.03
19. AyoAA - closed for business ayoaa v5 NO HATS
20. paid to talk w kanye idea (Happy)
21. Fat Money - SUZY EXTENDED (Things Change)
22. Jesse Fat Money JC Comp.02 - INST 173bpm
22. Jesse Fat Money JC Comp.02
23. For The Children (Go Up (Instrumental)
23. For The Children (Go Up - French Ref)",,,Clear,Leaked,
DONDA 2 [V1],DONDA 2: For The Children,"Tracklist dated February 20th, 2022. Leaked by American on 11/21/24.

1. Security
2. Lift Me Up (Lord Lift Me Up)
3. Pablo
4. True Love
5. Keep It Burnin
6. Get Lost
7. 2 Easy (Too Easy)
8. Sci Fi
9. We Did It Kid
10. Flowers
11. Maintenance
12. 530
13. Mr Miyagi
14. Selfish
15. First Time (First Time In A Long Time)
16. Louie Bags
17. Closed For Business
18. Happy
19. City Of Gods
20. Jesse",,"Feb 20, 2022",Clear,Leaked,
DONDA 2 [V1],DONDA 2,"OG Filename: Ye Paper List
Tracklist dated February 21st, 2022. Found in ""_FOR MIKE DEAN"" within the ""ALL ACCESS"" folder, alongside folders containing the bounces used for this tracklist. 

1. Security
2. Fuck Flowers (FLOWERS)
3. Selfish
4. Louie Bags
5. Paid To Talk (HAPPY)
6. Louie Bags
7. Pablo
8. Keep It Burning
9. Keep It 2 Easy (TOO EASY)
10. Mr Myagi (MR MIYAGI)
11. True Love
12. 530 
13. Get Lost
14. We Did It Kid
15. Maintenance",,"Feb 21, 2022",Clear,Leaked,
DONDA 2 [V1],8 AM,"It's been said by Insurge and Luit that a folder of recordings titled ""8 AM"" exists. The recordings are of Ye listening to songs, and giving feedback on them. The contents of the folder are currently unknown.

#?. ???",,,N/A,Leaked,
DONDA 2 [V1],DONDA 2 [Miami Setlist V1],"At least 2 other versions of the Miami setlist likely exist, due to our knowledge of V3 and V4.

1-#?. ???",,"Feb 22, 2022",N/A,N/A,
DONDA 2 [V1],DONDA 2 [Miami Setlist V2],"At least 2 other versions of the Miami setlist likely exist, due to our knowledge of V3 and V4.

1-#?. ???",,"Feb 22, 2022",N/A,N/A,
DONDA 2 [V1],DONDA 2 [Miami Setlist V3],"V3 of the Miami listening party tracklist. Posted by Ben Baller. Contains songs from Donda and other artists that would not appear if this setlist released.

1. True Love (D2)
2. Broken Road (D2)
3. Too Easy (D2)
4. Fuck Flowers (D2)
5. Eazy - The Game
6. Security (D2)
7. Off The Grid (D1) - Playboi Carti, Fivio Foreign
8. Kid we did it (D2) - Migos
9. Pablo (D2)
10. Maintenance (D2)
11. Mr. Miyagi (D2)
12. Diet Coke (D2) - Pusha T
13. Closed For Business (D2)
14. Fat Money Suzy extended (D2) (Things Change)
15. Louis Bags (D2) - Jack Harlow 
16. Paid to Talk (D2) (Happy)
17. Sci Fi (D2)
18. Selfish (D2)
19. Jesus Is King (Sunday Service Choir)
20. Requiem Aeternam (Sunday Service Choir)
21. Hurricane (D1)
22. Dear Summer (D2) (530, The Cars Missing)
23. Lift Me Up (D2)
24. Keep It Burning (D2)
25. City of Gods (D2) - Alicia Keys, Fivio Foreign
26. Heaven and Hell (D1)
27. Praise God (D1)
28. First Time in a Long Time (D2)",,"Feb 22, 2022",Clear,Secondary,
DONDA 2 [V1],DONDA 2 [Miami Setlist V4],"V4 of the Miami listening party tracklist. Posted by Quavo. Contains songs from Donda and other artists that would not appear if this setlist released.

1. 3:17 TRUE LOVE
2. 2:06 BROKEN ROAD
3. 2:59 TOO EASY
4. 2:28. FUCK FLOWERS
5. 3:54 EAZY - DA GAME
6. 1:47 SECURITY
7. 2:17 KID WE DID IT - MIGOS
8. 2:45. PABLO
9. 1:51 MAINTENANCE
10. 2:57 MR. MIYAGI
11. 3:09. DIET COKE - PUSHA T ***
12. 2:06. LOUIS BAGS - JACK HARLOW
13. 4:46. PAID TO TALK (Happy)
14. 4:00 SCI FI
15. 2:36 SELFISH -

HOUSE SPLITTING

16. 2:00 TBD JESUS IS KING
17. 2:00 REQUIEM AETERNAM
18. 4:03 HURRICANE
19. 5:00. JAIL - DA BABY, MANSON ***
20. 1:20 LIFT ME UP
21. 3:38 KEEP IT BURNING
22. 4:36. CITY OF GODS - ALICIA KEYS, FIVIO ***
23. 2:25. HEAVEN AND HELL
24. 3:47 PRAISE GOD
25. 2:01 FIRST TIME IN A LONG TIME
26. 5:39 OFF THE GRID - PLAYBOI CARTI, FIVIO",,"Feb 22, 2022",Clear,Secondary,
DONDA 2 [V1],DONDA 2 [Miami Setlist],"Tracklist for the Miami listening party. Contains songs from Donda and other artists that would not appear if this setlist released.

1. True Love
2. Broken Road
3. Get Lost
4. Too Easy
5. Flowers
6. Eazy
7. Security
8. We Did It Kid
9. Pablo
10. Mr. Miyagi
11. Pusha T - Diet Coke
12. Louie Bags
13. Happy (Paid To Talk)
14. Sci-Fi 
15. Seflish
16. Requiem Aeternam
17. Hurricane
18. Jail
19. Lift Me Up
20. City Of Gods
21. Heaven And Hell
22. Praise God
23. First Time In A Long Time
24. Off The Grid",,"Feb 22, 2022",Clear,Ye,
DONDA 2 [V1],DONDA 2 [2-22-22 V1],"Tracklist for a copy of Donda 2 found in the ""ALL ACCESS"" folder. Likely made around or on February 23rd, 2022.
1. True Love APPROVED
2. BROKEN ROAD MIKE DEAN MIX 202 (NOTHING WRONG)
3. Get Lost ending edit OxV 137bpm (I GET LOST)
4. Too Easy BH V2 (Finna Love Me) (2 EAZY, I'M FINNA LOVE ME, LOVE ME, LOVE ME / 2 EASY)
5. Fuck Flowers - JC Master (FLOWERS, KEEP THE FLOWERS)
6. SECURITY MIKE DEAN MIX 3 CHORDS UP (BE ON THE ALBUM, SECURITY AT RISK)
7. PABLO MIKE DEAN MIX 6 TRAVIS'_10
8. SL - SCI FI WIFI BOUNCE 12 (STRINGS + 160 BPM) 13-02-22 (Dawn, Oxygen, OXYGEN OR WIFI, SCI-FI)
9. WE DID IT KID MIKE DEAN MIX 2 (WE DID IT)
10. Keep It Burnin - TH Sample Chop v.1 (KEEP IT BURNING)
11. LIFT ME UP VORY (JUST OUT MY REACH, LORD LIFT ME UP)
12. Louie Bags APPROVED (VIRGIL PASSED, LOUIE BAG, LOUIS BAGS, UNITED)
13. Mr miyagi pbc verse _4
14. paid to talk w kanye idea (fre (HAPPY)
15. Selfish APPROVED V2
16. First Time in a long time - New Ye Line.02",,,Clear,Leaked,
DONDA 2 [V1],DONDA 2 [2-22-22 V2],"Tracklist for a second copy of Donda 2 found in the ""ALL ACCESS"" folder. Likely made around or on February 23rd, 2022.
1. True Love APPROVED
2. BROKEN ROAD MIKE DEAN MIX 202 (NOTHING WRONG)
3. Get Lost ending edit OxV 137bpm (I GET LOST)
4. 04 Too Easy BH V2 (Finna Love Me) - cut last 808 (2 EAZY, I'M FINNA LOVE ME, LOVE ME, LOVE ME / 2 EASY)
5. Flowers - Ye Vocals.03 (FLOWERS, KEEP THE FLOWERS)
6. SECURITY MIKE DEAN MIX 100 NO DELAY (BE ON THE ALBUM, SECURITY AT RISK)
7. PABLO MIKE DEAN MIX 6 TRAVIS'_10
8. SCI FI WIFI BOUNCE 13 - JC Edit.01 (Dawn, Oxygen, OXYGEN OR WIFI, SCI-FI)
9. WE DID IT KID MIKE DEAN MIX 2 (WE DID IT)
10. Keep It Burnin - TH Sample Chop v.1 (KEEP IT BURNING)
11. LIFT ME UP VORY (JUST OUT MY REACH, LORD LIFT ME UP)
12. Louie Bags APPROVED (VIRGIL PASSED, LOUIE BAG, LOUIS BAGS, UNITED)
13. Mr miyagi pbc verse _4
14. paid to talk w kanye idea (fre (HAPPY)
15. Selfish APPROVED V2
16. First Time in a long time - New Ye Line.03",,,Clear,Leaked,
DONDA 2 [V1],DONDA 2,"Tracklist for the initial release of Donda 2 on the Stem Player. Contains only four songs.

1. SECURITY [V1]
2. PABLO [V1]
3. WE DID IT KID
4. BROKEN ROAD",,"Feb 23, 2022",Clear,Ye,
DONDA 2 [V1],DONDA 2 [V2.22.22 Stem Player V1],"Tracklist for the ""V2.22.22"" release of Donda 2 on the Stem Player.

1. TRUE LOVE [V1]
2. BROKEN ROAD
3. GET LOST [V1]
4. TOO EASY [V1]
5. FLOWERS [V1]
6. SECURITY [V1]
7. WE DID IT KID
8. PABLO [V1]
9. LOUIE BAGS
10. HAPPY
11. SCI FI
12. SELFISH
13. LORD LIFT ME UP
14. KEEP IT BURNING [V1]
15. CITY OF GODS
16. FIRST TIME IN A LONG TIME",,"Feb 24, 2022",Clear,Ye,
DONDA 2 [V1],DONDA 2 [V2.22.22 Stem Player V2],"Update to the ""V2.22.22"" release of Donda 2 from a day after the first update, removing ""Keep It Burning"".

1. TRUE LOVE [V1]
2. BROKEN ROAD
3. GET LOST [V1]
3. TOO EASY [V1]
5. FLOWERS [V1]
6. SECURITY [V1]
7. WE DID IT KID
8. PABLO [V1]
9. LOUIE BAGS
10. HAPPY
11. SCI FI
12. SELFISH
13. LORD LIFT ME UP
14. CITY OF GODS
15. FIRST TIME IN A LONG TIME",,"Feb 25, 2022",Clear,Ye,
DONDA 2 [V1],DONDA 2 [V2.22.22 Stem Player V3],"Update to the ""V2.22.22"" release of Donda 2, adding ""True Love (Stadium Version)"".

1. TRUE LOVE [V1]
2. BROKEN ROAD
3. GET LOST [V1]
4. TOO EASY [V1]
5. FLOWERS [V1]
6. SECURITY [V1]
7. WE DID IT KID
8. PABLO [V1]
9. LOUIE BAGS
10. HAPPY
11. SCI FI
12. SELFISH
13. LORD LIFT ME UP
14. CITY OF GODS
15. FIRST TIME IN A LONG TIME
16. TRUE LOVE (STADIUM VERSION)",,"Feb 25, 2022",Clear,Ye,
DONDA 2 [V1],DONDA 2 [V2.22.22 Stem Player V4],"Update to the ""V2.22.22"" release of Donda 2, replacing ""True Love"" with it's stadium version and removing it from the tracklist, alongside adding ""Eazy"".

1. TRUE LOVE (STADIUM VERSION)
2. BROKEN ROAD
3. GET LOST [V1-V2]
4. TOO EASY [V1]
5. FLOWERS [V1]
6. SECURITY [V1-V2]
7. WE DID IT KID
8. PABLO [V1-V2]
9. LOUIE BAGS
10. HAPPY
11. SCI FI
12. SELFISH
13. LORD LIFT ME UP
14. CITY OF GODS
15. FIRST TIME IN A LONG TIME
16. EAZY",,"Mar 4, 2022",Clear,Ye,
DONDA 2 [V1],DONDA 2 [V2.22.22 Stem Player V5],"Update to the ""V2.22.22"" release of Donda 2, replacing ""True Love"" with it's stadium version and removing it from the tracklist, alongside adding ""Eazy"".

1. TRUE LOVE [V2]
2. BROKEN ROAD
3. GET LOST [V2]
4. TOO EASY [V1]
5. FLOWERS [V1]
6. SECURITY [V2]
7. WE DID IT KID
8. PABLO [V2]
9. LOUIE BAGS
10. HAPPY
11. SCI FI
12. SELFISH
13. LORD LIFT ME UP
14. CITY OF GODS
15. FIRST TIME IN A LONG TIME
16. EAZY",,"Mar 4, 2022",Clear,Ye,
DONDA 2 [V1],DONDA 2,"A copy of Donda 2 from March 2022.

1. 01. SECURITY MIKE DEAN MIX 100 NO DELAY
2. 02. TRUE LOVE MIAMI MIKE DEAN MIX 201
3. 03. BROKEN ROAD MIKE DEAN MIX 202
4. 04. GET LOST MIKE DEAN MIX 3_03
5. 05. TOO EASY - Ye New Vocals over BH Inst.02 - Original Chorus.05
6. 06. KEEP THE FLOWERS MIKE DEAN MIX 201 CLA VOCAL 2 CLEAN (Flowers)
7. 07. WE DID IT KID MIKE DEAN MIX 4 CLEAN
8. 08. Pablo - OxV Stems JC Edit.14 - Ye Freestyle at end
9. 09. LOUIE BAG MIKE DEAN MIX 4 CLEAN_01 (Louie Bags)
10. 10. HAPPY (PAID TO TALK) MIKE DEAN MIX 4_02
11. 11. SCI FI MIKE DEAN MIX 3 vocal edit
12. 12. SELFISH MIKE DEAN MIX 6_06
13. 13. LORD LIFT ME UP MIKE DEAN MIX 2 CLEAN_01
14. 14. CITY OF GODS MIKE DEAN MIX 106 CLEAN MASTERED R3
15. [Blank]
16. 16. FIRST TIME IN A LONG TIME MIKE DEAN MIX 5
17. 17. 530 (Dear Summer) Ye Vocals.06 - JC freestyle chop 1
18. 18. MR MIAGI MIKE DEAN MIX 102 CLEAN (Mr. Miyagi)",,"Mar 21, 2022",Clear,Leaked,
DONDA 2 [V1],2022 GOOD Fridays,"In April of 2022, Kanye West planned to do another series of G.O.O.D. Fridays single releases.

1. True Love
2. 530
3. We Did It Kid
4. Pablo",,Apr 2022,Clear,Leaked,
DONDA 2 [V1],DONDA 2,"During the announcement for the release of the song ""True Love"" in May 2022, it was said that the song was the lead single for Donda 2. All other tracks on this version of the album are unknown.

#?. True Love",,May 2022,Blocked,Secondary,
DONDA 2 [V1],DONDA 2,"It's been stated by Alek that Ye intended to put out ""an album"" on August 25th, 2022. This was with the Clear Stem Player release.

1-#?. ???",,Aug 2022,N/A,Secondary,
WAR,WAR,"According to dondasvault, there is a copy of WAR  that is ""roughly 10 tracks long"". This could potentially be the same as the 9 track October 2022 tracklist.

#1. - #10. ???

Speculated Tracks:
#?. What I Would Have Said At Virgil's Funeral
#?. Let It In
#?. Fall In / All Is Love
#?. This One Here",,2022,N/A,Leaked,
WAR,WAR,"According to Hogan, a copy of WAR exists with ""Bobby Digital"" as track 2

1. ???
2. Bobby Digital
#3 - #?. ???",,2022,Blocked,Leaked,
WAR,WAR,"According to yougotonemore, that there is a 9-track sequenced copy of WAR from October 2022, possibly from shortly before Ye's third Drink Champs interview. This coincides with the WAR-era files leaking in late 2025 that are numbered in filename (though not OG files/filenames). This infodump also stated that an already leaked version of ""What I Would Have Said At Virgil's Funeral"" was the 2nd track on this copy.

1. For Once In My Life
2. What I Would Have Said At Virgil's Funeral
3. Talking
4. Hold Up, Get Up
5. Quiet
6. Bobby Digital
7. All In Love
8. Through The High Wire
9. And They Came Back / This One Here",,Oct 2022,Clear,Leaked,
YEBU,Donda 2 [V2.22.22 Stem Player V6],"Album copy with the updated version of ""Flowers"".

1. TRUE LOVE [V2]
2. BROKEN ROAD
3. GET LOST [V2]
4. TOO EASY [V1]
5. FLOWERS [V2]
6. SECURITY [V2]
7. WE DID IT KID
8. PABLO [V2]
9. LOUIE BAGS
10. HAPPY
11. SCI FI
12. SELFISH
13. LORD LIFT ME UP
14. CITY OF GODS
15. FIRST TIME IN A LONG TIME
16. EAZY",,"Nov 21, 2022",Clear,Ye,
YEBU,Donda 2 [V2.22.22 Stem Player V7],"Album copy with the updated version of ""Security"" and ""Too Easy"". Unknown when made.

1. TRUE LOVE [V2]
2. BROKEN ROAD
3. GET LOST [V2]
4. TOO EASY [V2]
5. FLOWERS [V2]
6. SECURITY [V3]
7. WE DID IT KID
8. PABLO [V2]
9. LOUIE BAGS
10. HAPPY
11. SCI FI
12. SELFISH
13. LORD LIFT ME UP
14. CITY OF GODS
15. FIRST TIME IN A LONG TIME
16. EAZY",,,Clear,Ye,
YEBU,Ye 3,"Tracklist seen partially in a post to Digital Nas' alternate Instagram account jesusknew June 8th, 2023. Said to be for the 2023 solo album by Luit, who also is the same person who revealed the rest of the tracklist day by day. Fully leaked July 15th, 2024.

1. So Soon
2. Unlock
3. Happy
4. Ceremony Freestyle (Problematic)
5. Hoodrat
6. Paperwork
7. Street Lights
8. Love Love Love
9. All In Love
10. Bobby Digital
11. Matthew
12. Big Boody X River (River)",,"Jun 7, 2023",Clear,Leaked,
YEBU,YEBU,"Songs allegedly played during a private preview of YEBU in June of 2023.

#?. Love Love Love
#?. Everybody
#?. River
#?. Beg Forgiveness
#?. Paperwork
#?-?. ???",,June 2023,Blocked,Leaked,
YEBU,YEBU,"Tracklist for a Japan copy, uses the same order as the above version but has extra features confirmed by Luit, as well as some alternate titles.

1. So Soon
2. Unlock
3. Happy
4. Problematic
5. Hood Rat
6. Paperwork
7. Street Lights (feat. Freddie Gibbs & Ty Dolla $ign)
8. Love Love Love
9. All In Love (feat. James Blake)
10. Bobby Digital (feat. Ty Dolla $ign)
11. Matthew (feat. Bryson Gray)
12. River (feat. Young Thug)",,Jul 2023,Clear,Leaked,
¥$,ayoaa ye BBPB 9.20,"AyoAA album copy shown by him on stream December 24, 2025.

1. @AyoAA slide 9/20
#. @AyoAA Fuck Sum 9.20 horns
#. @AyoAA new body 9.20
#. @AyoAA Paperwork
#. @AyoAA Ty SCF V3
#. Back To Me @AyoAA
#. burn ye ty @ayoAA
#. love me the most v3 9.20 @ayoaa
#. paid ayoaa v3 9.20
#. river v3  ayoaa 9/20
#. SO GOOD @AyoAA
#. time movin slow v 4 @AyoAA
#. UP IN THE STARS 9.20 @AyoAA",,"Sep 20, 2023",Clear,Secondary,
¥$,¥$,"According to yougotonemore, 14 freestyles were recorded on September 24, 2023. Seemingly all produced by Ojivolta and/or Scott Bridgeway.

1. Stay
2. Papa Wanna See
3. Not Inclusive
4. What Am I Missing
5. Same Reason
6. Easy Come Easy Go
7. Sexpectation
8. Imagine That
9. Medium Hard
10. Hopeless
11. Like Me
12. Baggage Claim
13. We Still
14. Somebody Else",,"Sep 24, 2023",Clear,Leaked,
¥$,Florence Files,"October 2023 copy seen on producer damn james!'s computer during a livestream November 21st, 2025, in a folder titled ""Florence Files"". 42-tracks long, though some filenames share the same number. Has yet to be fully deciphered. A majority of these song versions are likely rebounces, as both ""Hood Rat"" and ""Beg For Forgiveness"" are just the YEBU beats, and ""Love Love Love"" and ""Bobby Digital"" have no Ty vocals.

1. 01 Everybody_01
2. 02 Hood Rat_02
3. 03 Beg for Forgiveness_01
4. 04 Problematic_01
4. 04 Problematic_02 Sasha
6. 06 Street Lights_01
8. 08 Paperwork_01
8. 08 Paperwork_01 DaBaby
9. 09 Love Love Love_01
10. 10 Bobby Digital_01
10. 10 Bobby Digital_02 Sasha
11. 11 Unlock_01
11. 11 Unlock_02 Sasha
12. 12 So Soon_01
13. 13 In the Rain_01
14. 14 The Cross_01
15. 15 Matthew 5 16_01
16. 16 Holy Mountain_01
17. 17 Nice to meet You_01
18. 18 Back To Me_01 TY$
18. 18 Back To Me_02 CyHi
18. 18 Back To Me_03 CyHi
19. 19 For Sure_01
20. 20 amazing_01
21. 21 How Much it Takes_01
22. 22 Love again_01
23. 23 love me the most_02
25. 25 Paid_03
26. 26 Sliding_02
27. 27 so good_01
28. 28 word and bono_01
29. 29 Back Outside_01
30. 30 I Forget to Breathe_01
31. 31 A thousand times_01
32. 32 real haters_01
33-41. ???
42. 42. lights on_01",,Oct 2023,Blurry,Secondary,
¥$,Bad Bitch Playbook,"Tracklist that leaked suddenly on Reddit. Was confimed to be official and made during the Italy sessions.

PART 1 - COMMIT
1. Slidin
2. In The Stars
3. New Body
4. Fuck Sum
PART 2 - DOUBT
5. Paid
6. Paper Work
7. Burn
PART 3.1 - REALISATION
8. Love Me The Most
9. Back 2 Me
10. Time Moves Slow
11. Worship
12. City Underground
13. So Good?
PART 3.2?
14. River",,Oct 2023,Clear,Leaked,
¥$,Bad Bitch Play Book Vol. 1,"Tracklist that was posted by Joyboy, very similar to the earlier tracklist, but with a few extra songs. The ""ye"" next to certain songs very likely means that Ye's vocals are unfinished, as all of said songs except for ""So Called Friends"" and ""Love Again"" are known to have versions with mumble Ye vocals done during either Japan or Italy sessions.

1. Slidin
2. In The Stars
3. New Body
4. Fuck Sum
5. Paid ye
6. Paper Work ye
7. Burn
8. Aperol Spritz (BACKOUTSIDE)
9. Love Me The Most
10. Back 2 Me
11. Time Moving Slow ye
12. Worship ye
13. City Underground ye
14. River ft thug
15. So Good - *
16. We Love You ?
17. Mathew (Matthew)
18. So Called Friends
19. Love Again ye",,Oct 2023,Clear,Secondary,
¥$,Bad Bitch Play Book Vol. 1,"Shown by Joyboy on a stream on September 10th, 2024. The track name shortenings point to this being a tracklist of IRKO mixes, as he shortened ""Time Moving Slow"" to ""Time"" aswell.

1. RIVER
2. TIME (Time Moving Slow)
3. SLIDE
4. PAID
5. GOOD (GOOD (DON'T DIE))
6. FRIENDS (So Called Friends?)
7. NEW BODY
8. BURN
9. STARS
10. BACK (Back To Me?)
11. TAKE OFF YA DRESS (Take Off Your Dress)",,2023,Clear,Secondary,
¥$,Bad Bitch Play Book Vol. 1,"Shown by Joyboy on a stream on September 10th, 2024. The ticks most likely mean the songs that were finished. More than likely made soon after the previous version of the tracklist due to sharing the same first ten track run, and being on the same piece of paper as well. The track name shortenings point to this being a tracklist of IRKO mixes, as he shortened ""Time Moving Slow"" to ""Time"" aswell.

1. ✓ RIVER
2. ✓ TIME (Time Moving Slow)
3. ✓ SLIDE
4. PAID
5. ✓ GOOD (GOOD (DON'T DIE))
6. FRIENDS (So Called Friends?)
7. NEW BODY
8. ✓ BURN
9. STARS
10. ✓ BACK (Back To Me?)
11. WORSHIP 
12. FUK SUMN",,2023,Clear,Secondary,
¥$,¥$,"Partial tracklist posted by Luit.

1. Pussy Cost Money
2. I Feel Terrific 
3. I Don't Want No Bitches Equal To Me
4. Don't Kill The Party
5-#?. ???",,2023,Blocked,Leaked,
¥$,¥$,"Tracklist loaded into Spotify for a release sometime in late October or early November.

1. Slide
2. In The Stars
3. New Body
4. Fuck Sum
5. Get Paid
6. Paperwork
7. Burn
8. Time Moving Slow
9. Love Me The Most
10. Back To Me
11. Worship
12. City Underground
13. So Good
14. River",,2023,Clear,Secondary,
¥$,Bad Bitch Playbook,"Tracklist with just over 40 songs on it, made during the Italy sessions that Saint Leon and Leaky Archives discussed. Confirmed by Luit. The tracklist would continue to get partially leaked by Saint Leon (posting a couple of song names of the tracklist or mentioning what songs were on the tracklist). He would later reveal the final songs on the tracklist on November 22nd, 2024, with him later posting the full tracklist image a day later.

1. Slide
2. Paid
3. River
4. So Good (GOOD (DON'T DIE))
5. Time (Time Moving Slow)
6. So Called Friends
7. Back To Me
8. Fuk Sumn
9. Burn
10. Stars
11. New Body
12. Worship
13. Promotion
14. Everybody
15. Beg Forgiveness
16. Problematic
17. Hoodrat
18. Love Again
19. The Life
20. Paperwork
21. Thumbs Down
22. Future $ound$ (Future Sounds)
23. Codeine
24. Pray
25. Easy Come And Easy Go
26. I'm Still The King (King)
27. Nice To Meet You
28. Bobby Digital
29. Matthew (Shakari Richardson)
30. Unlock
31. Too Hot
32. Fear
32. All Is Love (Fall In Love)
33. Talking
34. We Love You
35. Love Love Love
36. Fuck Flowers
37. Hopeless (Sasha)
38. Take Off Your Dress
39. BACK N THAT (IMAGINE THAT)
40. Alligator (Carti)",,Oct 2023,Clear,Leaked,
¥$,Bad Bitch Playbook,"List of folders seen in a vlog posted by the producer Wheezy, all folders shown in the screenshot are dated November 4th, 2023, which lines up with Instagram stories Wheezy posted in Saudi around that same time.

#?. Everybody
#?. Hopeless
#?. Imagine That (BACK N THAT)
#?. King
#?. Lost and Found
#?. Nice To Meet You
#?. Promotion
#?. Slidin (Slide)
#?. Take The Fear Away",,Nov 2023,Blurry,Secondary,
VULTURES 1,Vultures Vol. 1,"Tracklist posted by Ty Dolla $ign on December 8th and has a Vultures logo Ye drew. This is also the exact tracklist shown on the pre-release Apple Music site. Full tracklist being written by Ye shared by producer Hubi on Instagram, showing ""Slide"" as the first track before later being cropped out since it was moved to later in the tracklist.

1. Everybody
2. Back To Me
3. Fuk Sumn
4. Time Moving Slow
5. Beg Forgiveness
6. So Good
7. Paid
8. Timbo Freestyle
9. Slide
10. New Body
11. Promotion
12. Vultures
13. Lifestyle
14. Drunk
15. Worship
16. River
17. Gun To My Head
18. Unlock",,"Dec 8, 2023",Clear,Ye,
VULTURES 1,Vultures [Miami Setlist],"Setlist from the Miami Vultures Rave.

1. Everybody
2. Slide
3. Talking
4. Beg Forgiveness
5. Paid
6. River
7. Forever Rollin'
8. Drunk
9. Back To Me
10. Vultures
11. New Body
12. Fuk Sum",,"Dec 12, 2023",Clear,Ye,
VULTURES 1,Vultures Vol. 1,"Early iTunes version of Vultures Vol. 1. Leaked 7/31/24. The files fade out because it's the OG iTunes uploads that were placeholders. ""Unlock"" (""Talking"") and ""Drunk"" (""Forever Rollin'"") are just incorrent names of songs.

1. Everybody
2. Back To Me
3. Fuk Sumn
4. Time Moving Slow
5. Beg Forgiveness
6. So Good
7. Paid
8. Timbo Freestyle
9. Slide
10. New Body
11. Promotion
12. Vultures
13. Lifestyle
14. Forever Rollin' (Drunk)
15. Worship
16. River
17. Gun To My Head
18. Talking (Unlock)",,"Dec 15, 2023",Clear,Ye,
VULTURES 1,Vultures [Las Vegas Setlist],"Setlist from the Las Vegas Rave. Cut short due to the team not having clearance to have a listening experience at the location.

1. Dead
2. Honor Roll (Carnival)
3. Talking / Once Again
4. Gun To My Head
5. Matthew
6. Do It",,"Dec 15, 2023",Clear,Ye,
VULTURES 1,Vultures Vol. 1,"Tracklist posted by TrueFaithWalker on Feb 14th 2024 on Instagram. Seems to be post-12/8 tracklist, but pre-North shirt tracklist.

1. Slide ✓
2. Everybody (Full Verse)
3. Back To Me ✓
4. Fuk Sumn (Full Verse)
5. Time Moving Slow (Improve)
6. Beg Forgiveness (Full Verse)
7. So Good (V8)
8. Paid (Full Verse)
9. New Body ✓
10. Promotion
11. Vultures
12. Lifestyle
13. Worship ✓
14. River ✓
15. Gun To My Head
16. Unlock X
* 17. Dead
18. Love Me The Most ✓
19. Forever Rollin' ✓
20. Take Off Your Dress
21. Timbo Freestyle ? (Need To Go Back One Version) (KEYS TO MY LIFE)",,,Clear,Secondary,
VULTURES 1,Vultures Vol. 1,"Tracklist seen on the back of merch that North West wore. According to Luit, it's likely ""Dead"" replaced ""Unlock"" on the early Vultures shirts.

1. Everybody (feat. Charlie Wilson)
2. Back To Me (feat. Freddie Gibbs & Quavo)
3. Fuk Sum (feat. Playboi Carti & Quavo)
4. Time Moving Slow
5. Beg Forgiveness (feat. Chris Brown)
6. Do It (feat. YG)
7. Paid (feat. Future)
8. Timbo Freestyle (prod. by Timbaland)
9. Slide (feat. James Blake)
10. Promotion (feat. Future)
11. Vultures (feat. Bump J & Lil Durk)
12. Love Love Love
13. Talking (feat. North West)
14. Hoodrat
15. River (feat. Young Thug & Leon Bridges)
16. Gun To My Head (feat. Kid Cudi)
17. Take Off Your Dress (Papa Wanna See)
18. Dead (feat. Future & Lil Durk)",,Jan 2024,Blurry,Ye,
VULTURES 1,Vultures Vol. 1,"Tracklist posted on HipHopDX on February 2nd, 2024. Initially thought to be fake, but the inclusion of certain songs on the release version has revealed that it was (most likely) real.

1. Stars
2. Paid
3. So Good
4. Vultures (Havoc Version)
5. Fuck Sumn
6. Do It
7. Back To Me
8. Burn
9. Talking
10. Timbo Freestyle
11. Beg Forgiveness
12. Hoodrat
13. The King",,"Feb 2, 2024",Clear,Secondary,
VULTURES 1,Vultures Vol. 1,"Tracklist that Walkerandrews posted on his Instagram story.

1. Stars
2. Paid
3. So Good
4. Vultures
5. Fuk Sum
6. Back 2 Me
7. Everybody
8. Burn
9. Talking
10. Keys To My Life
11. Beg Forgiveness
12. Hoodrat
13. Do It
14. Hooligans (Carnival)
15. King
16. Paperwork",,,Clear,Secondary,
VULTURES 1,Vultures Vol. 1,"Tracklist that Walkerandrews posted on his Instagram story. Very similar to the release tracklist.

1. Stars
2. Paid
3. Talking
4. Everybody
5. Back To Me
6. Hoodrat
7. Burn
8. Do It
9. Paperwork
10. Fuk Sumn
11. Vultures
12. Hooligans (Carnival)
13. Beg Forgiveness
14. So Good
15. Keys To My Life
16. Problematic
17. King",,,Clear,Secondary,
VULTURES 1,Vultures Vol. 1 [Chicago Setlist],"Setlist from the Chicago Vultures Vol. 1 Listening Party.

1. Stars
2. Keys To My Life
3. Paid
4. Talking
5. Everybody
6. Back To Me
7. Hoodrat
8. Do It
9. Paperwork
10. Burn
11. Fuk Sumn
12. Vultures
13. Carnival
14. Beg Forgiveness
15. Good (Don't Die)
16. Problematic
17. King",,"Feb 8, 2024",Clear,Ye,
VULTURES 1,Vultures Vol. 1 [New York Setlist],"Setlist from the New York Vultures Vol. 1 Listening Party

1. Carnival
2. Stars
3. Keys To My Life
4. Paid
5. Talking
6. Everybody
7. Back To Me
8. Hoodrat
9. Do It
10. Paperwork
11. Burn
12. Playboi Carti - H00DBYAIR
13. Fuk Sumn
14. Carnival
15. Vultures
16. Beg Forgiveness
17. Good (Don't Die)
18. Problematic
19. King",,"Feb 9, 2024",Clear,Ye,
VULTURES 1,VULTURES 1,"Tracklist posted on Tidal on 2/9/24. Was later changed to add ""Beg Forgiveness"".

1. STARS
2. KEYS TO MY LIFE
3. PAID
4. TALKING
5. BACK TO ME
6. HOODRAT
7. DO IT
8. PAPERWORK
9. BURN
10. FUK SUMN
11. VULTURES
12. CARNIVAL
13. GOOD (DON'T DIE)
14. PROBLEMATIC
15. KING",,"Feb 9, 2024",Clear,Ye,
VULTURES 1,VULTURES 1,"Tracklist posted on all streaming services on 2/9/24. Also has no ¥$ features on any songs.

1. STARS
2. KEYS TO MY LIFE
3. PAID
4. TALKING
5. BACK TO ME
6. HOODRAT
7. DO IT
8. PAPERWORK
9. BURN
10. FUK SUMN
11. VULTURES
12. CARNIVAL
13. BEG FORGIVENESS
14. GOOD (DON'T DIE)
15. PROBLEMATIC
16. KING",,"Feb 9, 2024",Clear,Ye,
VULTURES 1,VULTURES 1,"Tracklist on all streaming services and physical media after the unfortunate removal of ""GOOD (DON'T DIE)"" due to sample clearing issues, and adding ¥$ to every song.

1. STARS
2. KEYS TO MY LIFE
3. PAID
4. TALKING
5. BACK TO ME
6. HOODRAT
7. DO IT
8. PAPERWORK
9. BURN
10. FUK SUMN
11. VULTURES
12. CARNIVAL
13. BEG FORGIVENESS
14. PROBLEMATIC
15. KING",,"Feb 9, 2024",Clear,Ye,
VULTURES 2,VULTURES 2 [LA Setlist],"Setlist for VULTURES 2 played at a private LA listening party.

1. Pay Per View
2. Ye About Mine
3. Field Trip
4. Dead
5. Promotion
6. River
7. My Soul
8. Gun To My Head (1 second played)
9. Take Off Your Dress
10. Fried
11. Vagabond (3 seconds played)
12. Gone*
13. Believer
14. Melrose
15. Pay Per View (Again)
16. Promotion (Again)
17. Pay Per View (Again)
18. Promotion (Again)
19. FUK SUMN (feat. Playboi Carti & Travis Scott)",,"Mar 9, 2024",Clear,Ye,
VULTURES 2,VULTURES 2 [Pheonix Setlist],"Setlist for VULTURES 2 listening party in Phoenix, Arizona.

1. Vagabond
2. Believer
3. Fried
4. Pay Per View
5. Promotion
6. Dead (1 second played)
7. Promotion (Again)
8. Dead
9. Field Trip
10. Slide",,"Mar 10, 2024",Clear,Ye,
VULTURES 2,VULTURES 2,"Was made sometime before March 12th 2024 as on ""PAY PER VIEW"" it says ""Snare"", and a version with a new snare was played on the 12th at San Francisco. Posted 12/27/24. Seems to just be a more complete version of the Pheonix setlist. ¥ signs on the whiteboard means Ye needs to record for.

1. Intro (VAGABOND) (88-Keys)
2. Believer (¥) (Send To Quentin)
3. Fried (Add ""CARNIVAL"" Bassline (TRAX))
4. PPV (PAY PER VIEW) (¥) (Snare)
5. Promotion (Mix)
6. Dead (Push 2 Track Punk Vocals) (Work On Ty Part)
7. Field Trip (¥) (Fix Drums) (88-Keys & S&O)
8. Slide (Work On Drums) (Need Session) (88-Keys & S&O)
9. Take Off Your Dress (Mix)
10. Ye For Mine (YE ABOUT MINE) (¥) (New Snare (""EVERYBODY""))
11. River (Drums)
12. My Soul (Need Session) (Redo)
13. Matthew (???)",,Mar 2024,Clear,Secondary,
VULTURES 2,VULTURES 2 [San Francisco Setlist],"Setlist for VULTURES 2 listening party in San Francisco.

1. Slide
2. Fried
3. Pay Per View
4. Field Trip
5. Promotion
6. Dead
7. Matthew (Cut Early)",,"Mar 12, 2024",Clear,Ye,
VULTURES 2,VULTURES 2,"Unordered April tracklist, unknown when it's from but likely from early in the month due to the album beginning to shift direction by the end of the month.

#?. APEROL SPRITZ
#?. BELIEVER
#?. CITY UNDERGROUND
#?. DEAD
#?. DRUNK
#?. FIELD TRIP
#?. FIGHTING FIRES
#?. FRIED
#?. GUN TO MY HEAD
#?. LIFESTYLE
#?. LOVE ME THE MOST
#?. MATTHEW
#?. MELROSE
#?. PROMOTION
#?. RIVER
#?. SLIDE
#?. TAKE OFF YOUR DRESS
#?. TIME MOVING SLOW
#?. VAGABOND",,Apr 2024,Clear,Secondary,
VULTURES 2,VULTURES 2,"According to two different sources, ""DRUNK"" and ""YE ABOUT MINE"" were both on the most recent known copy of VULTURES 2. 

#?. DRUNK
#?. YE ABOUT MINE",,"Apr 23, 2024",Clear,Secondary,
VULTURES 2,VULTURES 2,"VULTURES 2 May tracklist with an unknown order. Leaked 12/16/24. Likely one of the initial, if not the very first, post rework tracklist given that most of the songs on this tracklist were said by Luit and Rodri to be on the album in early May.

#?. FEAR
#?. GUN TO MY HEAD
#?. NIGHTS ON THE MOON
#?. THIRSTY
#?. LIFESTYLE
#?. PAY PER VIEW
#?. FORTUNE AND FAME
#?. MATTHEW
#?. SO SOON
#?. THROW AWAY
#?. BELIEVER
#?. FRIED
#?. MAYBE WE CAN LAST FOREVER
#?. MY SOUL
#?. RIVER
#?. SLIDE
#?. LET GO",,May 2024,Clear,Leaked,
VULTURES 2,VULTURES 2,"Another VULTURES 2 version May tracklist with only Cruza production on every song. Leaked 12/16/24.

1. Slide
2. Time Moving Slow
3. Fried
4. Promotion
5. Field Trip
6. Pay Per View
7. Maybe (Maybe We Can Last Forever)
8. Fortune And Fame
9. Thirsty
10. Let Go
11. My Soul
12. Take Off Your Dress
13. Believer",,May 2024,Clear,Leaked,
VULTURES 2,VULTURES 2,"Unordered Wes Singerman & taydex produced tracklist.

#?. SLIDE
#?. PAY PER VIEW
#?. FRIED
#?. FIELD TRIP
#?. BELIEVER
#?. TIME MOVING SLOW
#?. PROMOTION
#?. LET GO
#?. RIVER
#?. FORTUNE AND FAME
#?. MAYBE
#?. MY SOUL
#?. AFTER LYFE",,,Clear,Leaked,
VULTURES 2,VULTURES 2,"Late May tracklist that Luit described as being ""1/3 new songs and 2/3 old songs"".

#?. SLIDE
#?. RIVER
#?. LET GO
#?. LIFESTYLE
#?. PROMOTION
#?. NIGHTS ON THE MOON
#?. FIELD TRIP
#?. FRIED
#?. FORTUNE AND FAME
#?-#?. ???",,,Blocked,Leaked,
VULTURES 2,VULTURES 2,"Unordered tracklist dated sometime in May/June.

#?. AFTER LYFE
#?. BELIEVER
#?. FORTUNE AND FAME
#?. FRIED
#?. MAYBE WE CAN LAST FOREVER (MAYBE, FOREVER)
#?. MY SOUL
#?. PROMOTION
#?. RIVER
#?. LET GO
#?. SLIDE
#?. SO SOON
#?. TIME MOVING SLOW",,,Clear,Leaked,
VULTURES 2,VULTURES 2,"Tracklist posted on yeezy.com.

1. SLIDE
2. TIME MOVING SLOW
3. RIVER
4. PROMOTION
5. FIELD TRIP
6. BELIEVER
7. TAKE OFF YOUR DRESS
8. FRIED
9. MY SOUL (Fighting Fires)
10. FORTUNE AND FAME
11. LIFESTYLE
12. FOREVER ROLLIN
13. 5:30
14. PUSSY COST MONEY",,"Aug 2, 2024",Clear,Ye,
VULTURES 2,VULTURES 2 [V1],"Release tracklist.

1. SLIDE [V1]
2. TIME MOVING SLOW [V1]
3. FIELD TRIP [V1]
4. FRIED [V1]
5. ISABELLA [V1]
6. PROMOTION [V1]
7. HUSBAND [V1]
8. LIFESTYLE [V1]
9. MAYBE [V1]
10. BOMB [V1]
11. RIVER [V1]
12. 530 [V1]
13. DEAD [V1]
14. FOREVER ROLLING [V1]
15. SKY CITY [V1]
16. MY SOUL [V1]",,"Aug 3, 2024",Clear,Ye,
VULTURES 2,VULTURES 2 [V1.1],"Has some mixing changes to a couple songs and a name change for ""MAYBE"" to now be ""FOREVER"", it is also shorter. ""SKY CITY"" also has a new mix and less AI isolated drums / Ty vocals. ""FRIED"" & ""FIELD TRIP"" now also have new mixes.

1. SLIDE [V1]
2. TIME MOVING SLOW [V1]
3. FIELD TRIP [V2]
4. FRIED [V2]
5. ISABELLA [V1]
6. PROMOTION [V1]
7. HUSBAND
8. LIFESTYLE [V1]
9. FOREVER (MAYBE) [V2]
10. BOMB [V1]
11. RIVER [V1]
12. 530 [V1]
13. DEAD [V1]
14. FOREVER ROLLING [V1]
15. SKY CITY [V2]
16. MY SOUL [V1]",,"Aug 4, 2024",Clear,Ye,
VULTURES 2,VULTURES 2 [V1.2],"""530"" now is CDQ and has a new mix with chimpunk vocals on the beatswitch. ""RIVER"" now also has the cash sound effect removed, Pierre drums again at Thug's part and a new mix. ""FRIED"" also has new unmixed adlibs. ""FIELD TRIP"" has a new mix and so does ""DEAD"". ""SKY CITY"" also have new AI vocals mixed better with better reverb and delay.

1. SLIDE
2. TIME MOVING SLOW [V1]
3. FIELD TRIP [V3]
4. FRIED [V3]
5. ISABELLA [V1]
6. PROMOTION [V1]
7. HUSBAND
8. LIFESTYLE [V1]
9. FOREVER [V2]
10. BOMB [V1]
11. RIVER [V2]
12. 530 [V3]
13. DEAD [V2]
14. FOREVER ROLLING
15. SKY CITY [V3]
16. MY SOUL [V1]",,"Aug 5, 2024",Clear,Ye,
VULTURES 2,VULTURES 2 [V1.3],"Has changes to ""DEAD"" and ""FRIED"".

1. SLIDE
2. TIME MOVING SLOW
3. FIELD TRIP
4. FRIED [V3]
5. ISABELLA
6. PROMOTION
7. HUSBAND
8. LIFESTYLE
9. FOREVER
10. BOMB
11. RIVER
12. 530
13. DEAD [V3]
14. FOREVER ROLLING
15. SKY CITY
16. MY SOUL",,"Aug 5, 2024",Clear,Ye,
VULTURES 2,VULTURES 2 [V1.4],"Changes ""MY SOUL"" and ""FRIED"".

1. SLIDE
2. TIME MOVING SLOW
3. FIELD TRIP
4. FRIED [V4]
5. ISABELLA
6. PROMOTION
7. HUSBAND
8. LIFESTYLE
9. FOREVER
10. BOMB
11. RIVER
12. 530
13. DEAD
14. FOREVER ROLLING
15. SKY CITY
16. MY SOUL [V2]",,"Aug 6, 2024",Clear,Ye,
VULTURES 2,VULTURES 2 [V1.5],"""MY SOUL"" has a rearranged order of verses, vocals are no longer panned to the left and production is different on outro.

1. SLIDE
2. TIME MOVING SLOW
3. FIELD TRIP
4. FRIED
5. ISABELLA
6. PROMOTION
7. HUSBAND
8. LIFESTYLE
9. FOREVER
10. BOMB
11. RIVER
12. 530
13. DEAD
14. FOREVER ROLLING
15. SKY CITY
16. MY SOUL [V3]",,"Aug 6, 2024",Clear,Ye,
VULTURES 2,VULTURES 2 [V1.6],"Part of the VULTURES 2 DIGITAL DELUXE 1. Adds ""TAKE OFF YOUR DRESS"" as Track 17.

1. SLIDE
2. TIME MOVING SLOW
3. FIELD TRIP
4. FRIED
5. ISABELLA
6. PROMOTION
7. HUSBAND
8. LIFESTYLE
9. FOREVER
10. BOMB
11. RIVER
12. 530
13. DEAD
14. FOREVER ROLLING
15. SKY CITY
16. MY SOUL
17. TAKE OFF YOUR DRESS",,"Aug 7, 2024",Clear,Ye,
VULTURES 2,VULTURES 2 [V1.7],"Clean version with mix updates for every song apart from ""BOMB"" and a new tracklist order. Also removes ""HUSBAND"" and ""ISABELLA"" off of ""LIFESTYLE"".

1. SLIDE
2. TIME MOVING SLOW
3. FIELD TRIP
4. FRIED
5. ISABELLA
6. PROMOTION
7. 530
8. DEAD
9. FOREVER ROLLING
10. BOMB
11. RIVER
12. FOREVER
13. HUSBAND
14. LIFESTYLE
15. SKY CITY
16. MY SOUL",,"Aug 8, 2024",Clear,Ye,
VULTURES 2,VULTURES 2 [V1.8.1],"Part of the VULTURES 2 DIGITAL DELUXE 2. Adds ""BELIEVER"" as Track 17.

1. SLIDE
2. TIME MOVING SLOW
3. FIELD TRIP
4. FRIED
5. ISABELLA
6. PROMOTION
7. HUSBAND
8. LIFESTYLE
9. FOREVER
10. BOMB
11. RIVER
12. 530
13. DEAD
14. FOREVER ROLLING
15. SKY CITY
16. MY SOUL
17. BELIEVER",,"Aug 8, 2024",Clear,Ye,
VULTURES 2,VULTURES 2 [V1.8.2],"Part of the VULTURES 2 DIGITAL DELUXE 3. Adds ""DRUNK"" as Track 17.

1. SLIDE
2. TIME MOVING SLOW
3. FIELD TRIP
4. FRIED
5. ISABELLA
6. PROMOTION
7. HUSBAND
8. LIFESTYLE
9. FOREVER
10. BOMB
11. RIVER
12. 530
13. DEAD
14. FOREVER ROLLING
15. SKY CITY
16. MY SOUL
17. DRUNK",,"Aug 8, 2024",Clear,Ye,
VULTURES 2,VULTURES 2 [V1.8.3],"Part of the VULTURES 2 DIGITAL DELUXE 4. Adds ""GUN TO MY HEAD"" as Track 17.

1. SLIDE
2. TIME MOVING SLOW
3. FIELD TRIP
4. FRIED
5. ISABELLA
6. PROMOTION
7. HUSBAND
8. LIFESTYLE
9. FOREVER
10. BOMB
11. RIVER
12. 530
13. DEAD
14. FOREVER ROLLING
15. SKY CITY
16. MY SOUL
17. GUN TO MY HEAD",,"Aug 8, 2024",Clear,Ye,
VULTURES 2,VULTURES 2 [V1.8.4],"Part of the VULTURES 2 DIGITAL DELUXE 5. Adds ""CAN U BE"" as Track 17.

1. SLIDE
2. TIME MOVING SLOW
3. FIELD TRIP
4. FRIED
5. ISABELLA
6. PROMOTION
7. HUSBAND
8. LIFESTYLE
9. FOREVER
10. BOMB
11. RIVER
12. 530
13. DEAD
14. FOREVER ROLLING
15. SKY CITY
16. MY SOUL
17. CAN U BE [V1]",,"Aug 9, 2024",Clear,Ye,
VULTURES 2,VULTURES 2 [V1.9],"Part of the VULTURES 2 DIGITAL DELUXE 5. Adds an updated ""CAN U BE"" with an updated mix, alternate Ty$ lyrics, and new AI Ye vocals that replace most of the Ty$ near the end of the song. Track 17.

1. SLIDE
2. TIME MOVING SLOW
3. FIELD TRIP
4. FRIED
5. ISABELLA
6. PROMOTION
7. HUSBAND
8. LIFESTYLE
9. FOREVER
10. BOMB
11. RIVER
12. 530
13. DEAD
14. FOREVER ROLLING
15. SKY CITY
16. MY SOUL
17. CAN U BE [V2]",,"Aug 9, 2024",Clear,Ye,
VULTURES 2,VULTURES 2 [V1.10],"Tracklist updated to match V1.7, however still has the old versions without the newest mixes. ""LIFESTYLE"" is still unfixed and has ""HUSBAND"" and ""ISABELLA"".

1. SLIDE
2. TIME MOVING SLOW
3. FIELD TRIP
4. FRIED
5. ISABELLA
6. PROMOTION
7. 530
8. DEAD
9. FOREVER ROLLING
10. BOMB
11. RIVER
12. FOREVER
13. HUSBAND
14. LIFESTYLE
15. SKY CITY
16. MY SOUL",,"Aug 9, 2024",Clear,Ye,
VULTURES 2,VULTURES 2 [V1.11],"Version with all the songs being mixed by Irko and has the fixes from V1.7. ""FOREVER"" also now has AI Ye vocals.

1. SLIDE
2. TIME MOVING SLOW
3. FIELD TRIP
4. FRIED
5. ISABELLA
6. PROMOTION
7. 530
8. DEAD
9. FOREVER ROLLING
10. BOMB
11. RIVER
12. FOREVER
13. HUSBAND
14. LIFESTYLE
15. SKY CITY
16. MY SOUL",,"Aug 16, 2024",Clear,Ye,
VULTURES 2,VULTURES 2 (Korea Setlist),"Full Korea setlist.

VULTURES 1
1. STARS
2. PAID
3. TALKING
4. EVERYBODY
5. BACK TO ME
6. DO IT
7. BURN
8. FUK SUMN
9. CARNIVAL

VULTURES 2
10. SLIDE
11. FIELD TRIP
12. FRIED
13. PROMOTION
14. 530
15. DEAD
16. FOREVER ROLLING
17. BOMB (feat. Yuno Miles)
18. RIVER
19. LIFESTYLE
20. SKY CITY

Ye Songs
21. All Falls Down
22. Jesus Walks
23. Through The Wire
24. Hey Mama
25. Heard Em' Say
26. Touch The Sky
27. Gold Digger
28. Diamonds From Sierra Leone
29. Late
30. Good Morning
31. Stronger
32. I Wonder
33. Good Life
34. Can't Tell Me Nothing
35. Flashing Lights
36. Homecoming
37. Heartless
38. Run This Town
39. POWER
40. All Of The Lights
41. Monster
42. Devil In A New Dress
43. Runaway
44. Hell Of A Life
45. Mercy
46. Clique
47. On Sight
48. Black Skinhead
49. New Slaves
50. Blood On The Leaves
51. Bound 2
52. No Church In The Wild
53. N**as In Paris
54. Otis
55. All Day
56. Only One
57. FourFiveSeconds
58. Ultralight Beam
59. Father Stretch My Hands Pt. 1
60. Famous
61. Wolves
62. Fade (Ty Comes Out)
63. Yikes
64. All Mine
65. Ghost Town
66. Violent Crimes
67. Feel The Love
68. Hurricane
69. Moon
70. Off The Grid
71. Jail
72. Praise God
73. Come To Life
74. 24",,"Aug 23, 2024",Clear,Ye,
VULTURES 2,VULTURES 2 (China Setlist #1),"Full first China setlist.
VULTURES 1 (& FRIED)
1. FRIED
2. STARS
3. PAID
4. TALKING (Cut before ""ONCE AGAIN"")
5. FRIED (Again)
6. STARS (Again)
7. PAID (Again)
8. TALKING (Again, cut before ""ONCE AGAIN"")
9. EVERYBODY (Cut at Lil Baby)
10. BACK TO ME (Sped Up)
11. DO IT
12. HOODRAT (Cut before Ty vocals)
13. BURN
14. FUK SUMN (Carti skipped)

VULTURES 2
15. SLIDE
16. TIME MOVING SLOW
17. FIELD TRIP
18. PROMOTION
19. 530
20. DEAD (Skipped Durk)
21. BOMB (feat. Yuno Miles)
22. RIVER
23. SKY CITY

Ye Songs
24. NEW BODY (feat. Nicki Minaj)
25. A THOUSAND MILES
26. CARNIVAL
27. Can't Tell Me Nothing
28. POWER
29. All Of The Lights
30. Runaway
31. Mercy
32. N**gas In Paris
33. Don't Like 1.
34. Clique
35. Birthday Song
36. Father Stretch My Hands Pt. 1
37. Blood On The Leaves
38. Off The Grid
39. Cold
40. All Day
41. Praise God
42. Freestyle 4 (For a couple seconds)
43. Keep It Burnin'
44. All Mine
45. Yikes
46. Jesus Walks
47. Otis
48. Touch The Sky
49. All Falls Down
50. Good Life
51. Flashing Lights
52. Good Life
53. Flashing Lights
54. Heartless
55. Homecoming
56. Bound 2
57. No Church In The Wild
58. City Of Gods
59. FourFiveSeconds
60. Run This Town
61. Hurricane
62. Diamonds From Sierra Leone > Diamonds Remix (Yeezus tour version)
63. Remote Control
64. Waves
65. Jail
66. Ghost Town
67. Famous
68. Ultralight Beam
69. I Wonder
70. Lolipop (Remix)
71. Monster
72. Black Skinhead (Remix with Sunday Service intro)
73. On Sight
74. I Am A God
75. Feel The Love
76. CAN U BE
77. Fade
78. Love Lockdown
79. American Boy
80. I Love It
81. Violent Crimes
82. 24
83. Moon
84. Wolves
85. Only One
86. Come To Life
87. Preacher Man",,"Sep 15, 2024",Clear,Ye,
VULTURES 2,¥ (China Setlist #2),"Full second China setlist.

1. NFM Wrocław Philharmonic - Pärt: Symphony No. 1 ""Polyphonic"" - 1. Canons
2. Wolves
3. Street Lights
4. PREACHER MAN
5. Feel The Love
6. Jesus Is Lord
7. Love Lockdown
8. Ultralight Beam
9. Closed On Sunday
10. Ghost Town (AI Ye over PARTYNEXTDOOR verse)
11. NFM Wrocław Philharmonic - Pärt: Symphony No. 1 ""Polyphonic"" - 1. Canons
12. Heartless 
13. Hurricane (Cut at Lil Baby verse)
14. Blood On The Leaves (Cut early)
15. CARNIVAL
16. BOMB (Alt mix of Yuno Miles version)
17. Everybody (LODT version, cut at Lil Baby verse)
18. This Is The Glory (Played for 2 seconds)
19. TALKING (Version without ""Once Again"")
20. Father Stretch My Hands Pt. 1
21. Pt. 2 (Cut before outro)
22. Jesus Walks
23. Can't Tell Me Nothing (Cut early)
24. Bound 2
25. On Sight
26. Black Skinhead (5.17.13 version)
27. FRIED
28. Flashing Lights
29. NFM Wrocław Philharmonic - Pärt: Symphony No. 1 ""Polyphonic"" - 1. Canons
30. Runaway
31. I Thought About Killing You (Clean version, cut early)
32. I Wonder
33. All Falls Down (Cut early)
34. Jail (Demo with piano)
35. Famous
36. FourFiveSeconds
37. Violent Crimes (Cut early)
38. Sunday Service Choir - Sunshine
39. Moon
40. Only One
41. 530 (Finished version with AI and Ty Dolla $ign punch ins)
42. Say You Will
43. BEAUTY AND THE BEAST (Ye leaves stage)
44. CARNIVAL (Again)
45. All Of The Lights (Cut early)
46. Clique (Alt version, cut early)
47. STARS
48. KEYS TO MY LIFE
49. PAID
50. BACK TO ME
51. HOODRAT
52. DO IT (Cut early)
53. Ni**as In Paris (Instrumental, cut early)
54. HOODRAT (Again, cut before outro)
55. Stronger (Cut before outro)
56. Good Life (Ye briefly returns to stage)
57. Can't Tell Me Nothing (Again)
58. Barry Bonds (Played for 2 seconds)",,"Sep 28, 2024",Clear,Ye,
VULTURES 3,VULTURES 3,"Ye confirmed ""Don't Kill The Party"" was on VULTURES 3 during the Grammy Afterparty. It's unknown what else was on the project during this time.

#?. DON'T KILL THE PARTY",,,Blocked,Ye,
BULLY [V1],BULLY,"October copy of the album. Leaked after a successful groupbuy.

1. 1 Preacher Man Vox - YE Ending Edit 10.17.24
2. 2 BEAUTY AND THE BEAST - Ye 10.15.24 Vox Down
3. 3 White Lines - Ye Original w Outro
4. 4 Last Breath - Ye 10.17.24 Shorter End
5. 5 Bully - Ye 10.11.24 Loud Heys
6. 6 Can't Hurry Love - Ye Hook Sped Up 5BPM
7. 7 Circles - Ye 10.14.24 No Delays
8. 8 Highs and Lows - Ye Short Intro 10.18.24
9. 9 This One Here - Ye VOX 10.17.24 REED BASS Slides",,"Oct 18, 2024",Clear,Leaked,
BULLY [V1],BULLY,"From the November visual album copy.

1. Preacher Man  -  YE More Bass 10.19.24 2
2. BEAUTY AND THE BEAST - Ye 10.15.24 Vox Down 2
3. White Lines - Ye 10.19.24 Outro Delays 2
4. Last Breath - Ye 10.22.24 FILM MIX
5. Bully - Ye WHISPER 10.27.14
6. Can't Hurry Love - Ye 10.21.24
7. Circles - Ye 10.19.24 Drum Fills 2
8. Highs and Lows - Ye New Verse 10.25.14
9. This One Here - Ye VOX 10.22.24 OG TEMPO FILM MIX",,"Nov 12, 2024",Clear,Ye,
BULLY [V1],BULLY,"From the December visual album copy.

1. PREACHER MAN
2. CAN'T HURRY LOVE
3. WHITE LINES
4. CIRCLES
5. BULLY
6. LAST BREATH
7. LOSING YOUR MIND
8. BEAUTY AND THE BEAST
9. THIS ONE HERE
10. HIGHS & LOWS
11. MELROSE",,"Dec 23, 2024",Clear,Ye,
BULLY [V1],BULLY,"Copy of the album with Irko mixing.

1. 01 Preacher man MIX.04_04
2. 02 Beauty and MIX.02_02
3. 03 White lines MIX.03_03
4. 04 Last breath MIX.02_02
5. 05 Bully MIX.03_03
6. 06 Cant hurry MIX.02_02
7. 07 Circles MIX.03_03
8. 08 Highs and MIX.03_03
9. 09 This one MIX.02_02",,,Clear,Leaked,
CUCK,WW3,"Copy of Dave's references for WW3, owned by members of the community. All of the following songs are the original Dave Blunts references, with every song being produced by Quad and Sheff. Dated March 28th, 2025.

#?. Bianca
#?. 14 (COUSINS)
#?. Dirty Magazines
#?. Free Cosby
#?. Free Diddy
#?. Heil Hitler
#?. Hitler Ye And Jesus
#?. Jared
#?. Money And Fame
#?. Nitrous
#?. Uncles Make Freaks
#?. Virgil Let Me Down
#?. Nazi",,"Mar 28, 2025",Blocked,Leaked,
CUCK,WW3,"Posted by DJ Akademiks and then posted by Ye on April 2nd, 2025.

1. WW3 (feat. Dave Blunts) (WW3 REMIX)
2. COSBY (FREE COSBY)
3. FREE DIDDY (DIDDY FREE)
4. DIRTY MAGAZINES
5. BIANCA
6. VIRGIL LET ME DOWN (VIRGIL)
7. HEIL HITLER (HALLELUJAH)
8. HITLER YE AND JESUS (HITLER YE JESUS)
9. JARED (THE KING OF SOUL)
10. MONEY AND FAME
11. NITROUS",,2025,Clear,Ye,
CUCK,WW3,"Tracklist seen on a laptop during a DN Twitch stream. Unknown if there are any more tracks after ""GAS CHAMBER"" and what the disc and microphone emojis mean.

1. COUSINS 💿🎤2
2. HITLER YE AND JESUS 💿🎤?
3. THE KING OF SOUL/JARED 💿🎤?
4. NITROUS 💿🎤?
5. VIRGIL 💿? (VIRGIL LET ME DOWN)
6. WW3 💿🎤?
7. BIANCA 💿🎤?
8. DIRTY MAGAZINES 💿🎤3
9. HEIL HITLER 💿🎤4
10. COSBY 💿🎤
11. WHITE CHICKS 🎤
12. GAS CHAMBER 🎤 (ALL THE LOVE)",,2025,Blurry,Secondary,
CUCK,CUCK,"Slightly different tracklist seen on a laptop during a DN Twitch stream. Unknown how many tracks there are as the top is cut off. Unknown what the disc emojis mean.

1-#?. ???
#?. WW3
#?. DIRTY MAGAZINES
#?. COUSINS
#?. COSBY
#?. GAS CHAMBER (ALL THE LOVE)
#?. WHITE CHICKS
#?. UNCLE

UNSORTED
#?. WW3 REMIX 💿
#?. RED HOOD 💿
#?. DIDDY FREE (FREE DIDDY)
#?. TOOK MY KIDS
#?. UNCLE",,2025,Clear,Secondary,
CUCK,CUCK V2,"Posted by Ye on April 28th, 2025.

1. BIANCA
2. HITLER YE AND JESUS
3. JARED (THE KING OF SOUL)
4. WW3
5. VIRGIL (VIRGIL LET ME DOWN)
6. NITROUS
7. COUSINS
8. HEIL HITLER (HALLELUJAH)
9.  ALL THE LOVE (GAS CHAMBERS)
10. DIRTY MAGAZINES
11. JESUS
12. COSBY (FREE COSBY)",,2025,Clear,Ye,
CUCK,CUCK,"Seen in a video posted by Sneako to Twitter May 3rd, 2025.

1. COUSINS
2. HITLER YE AND JESUS
3. THE KING OF SOUL (JARED)
4. NITROUS
5. VIRGIL
6. WW3
7. BIANCA
8. DIRTY MAGAZINES
9. HEIL HITLER
10. COSBY
11. WHITE CHICKS
12. GAS CHAMBERS (ALL THE LOVE)
13. UNCLE
14. DIDDY FREE (FREE DIDDY)
15. FREE MY KIDS",,2025,Clear,Secondary,
CUCK,CUCK,"Tracklist for the blind groupbuy version of CUCK. According to the seller, the copy is from about 2 weeks ago (as of May 19th, 2025).

1. WW3
2. COSBY
3. DIDDY FREE
4. DIRTY MAGAZINES
5. JESUS
6. BIANCA
7. COUSINS
8. VIRGIL (VIRGIL LET ME DOWN)
9. UNCLE
10. FREE MY KIDS
11. HEIL HITLER
12. GAS CHAMBERS (ALL THE LOVE)
13. HITLER YE JESUS (HITLER YE AND JESUS)
14. JARED
15. NITROUS",,May 2025,Clear,Leaked,
CUCK,HEIL HITLER [EP],"DIgital Nas stated on a stream that an EP of 9 versions of HEIL HITLER was meant to drop on Scrybe on May 11th, 2025.

1-9. ???

Confirmed tracks:
#?. HEIL HITLER
#?. HEIL HITLER (TOP 5 VERSION)
#?. HEIL HITLER (COUNTRY VERSION)
#?. HEIL HITLER (HOOLAGINS VERSION)",,May 2025,Blocked,Secondary,
CUCK,DONDA 3,"On March 18th, 2025, during a twitter rant Ye confirmed the existence of Donda 3. Digital Nas would later reconfirm the projects existence in April 2025 while listening to leaks in his car. It's unknown if a solid tracklist exists for this project. Note: Since not enough information is known about this project, it will remain under the CUCK era for the time being. 

#?. Let Go",,2025,Blocked,Ye,
DONDA 2 [V2],DONDA 2,"All tracks have updated mixing from IRKO. All tracks were been mixed and mastered on November 9th 2024 and intended to release on the 22nd.

1. True Love MIX MSTR.01_01
2. Broken Road MIX MSTR.01_01
3. Get Lost MIX MSTR.01_01
3. Too Easy MIX MSTR.01_01
5. Flowers MIX MSTR.01_01
6. Security MIX MSTR.01_01
7. We did MIX MSTR.01_01 (We Did It Kid)
8. Pablo MIX MSTR.01_01
9. Louie bags MIX MSTR.01_01
10. Happy MIX MSTR.01_01
11. Scifi MIX MSTR.01_01
12. Selfish MIX MSTR.01_01
13. Lord lift MIX MSTR.01_01 (Lord Lift Me Up)
14. City of MIX MSTR.01_01 (City Of Gods)
15. First time MIX MSTR.01_01 (First Time In A Long Time)",,"Nov 9, 2024",Clear,Secondary,
DONDA 2 [V2],DONDA 2,"Ye claimed on X that Donda 2 would be dropping in 2025. Digital Nas would later go on to state that he was filling out paperwork to clear his contributions to Donda 2. Songs bellow were played by Digital Nas on a livestream announcing the paperwork filing. 

#?. Broken Road
#?. Security
#?. We Did It Kid
#?. Fuck Flowers",,2025,N/A,Secondary,
DONDA 2 [V2],DONDA 2,"Digital Nas stated in his interview with Auger that there are multiple versions/copies of the album, and that they are different to the 2.2.22 version, and that they were filing the paperwork for the release.",,2025,N/A,Secondary,
DONDA 2 [V2],DONDA 2,"First tracklist written down on stream. Has ""Wake The Dead"" as the outro for whatever reason.

1. True Love
2. City Of Gods
3. Akademiks Intro
4. Security
5. We Did It Kid
6. Pablo
7. First Time In A Long Time
8. Jesse
9. Lord Lift Me Up
10. 530
11. Sci-Fi
12. Wake The Dead",,"Apr 29, 2025",Clear,Secondary,
DONDA 2 [V2],DONDA 2,"Tracklist posted by Digital Nas to Instagram after being written out during a stream.

DONDA 2 EXECUTIVE PRODUCED BY DIGITAL NAS

1. True L(ove)
2. City (of) Go(ds)
3. Ak + Security
4. 5:30
5. Flowers
6. We Did It (We Did It Kid)
7. Pablo + Manson
8. First Time
9. Lord Lift (Lord Lift Me Up)
10. Sci-Fi
11. Burn Everything
12. Too Easy
13. Mr. Miyagi
14. Broken Road
15. Suzy
16. Love Me
17. Fat Money Jesse
18. Selfish ?
19. Get Lost
20. Happy
21. First Time (First Time In A Long Time)",,"Apr 29, 2025",Clear,Secondary,
DONDA 2 [V2],DONDA 2,"Another tracklist posted by Digital Nas.

DONDA 2 EXECUTIVE PRODUCED BY DIGITAL NAS

1. True L(ove)
2. City (of) Go(ds)
3. Ak + Security
4. Jesse 
4. 5:30
5. Flowers
6. We Did It (We Did It Kid)
7. Pablo + Manson
8. First Time
9. Lord Lift (Lord Lift Me Up)
10. Sci-Fi
11. Burn Everything
12. Too Easy
13. Mr. Miyagi
14. Broken Road
?. * Maintenance
15. Suzy
16. Love Me
17. Fat Money Jesse
18. Selfish ?
19. Get Lost
20. Happy
21. First Time (First Time In A Long Time)",,"Apr 29, 2025",Clear,Secondary,
DONDA 2 [V2],DONDA 2,"Tracklist posted by Digital Nas to Twitter.

DONDA 2 EXECUTIVE PRODUCED BY DIGITAL NAS

1. True L(ove)
2. Broken Road
2. City (of) Go(ds)
3. Ak + Security
4. Jesse 
4. 5:30
5. Flowers
6. We Did It (We Did It Kid)
7. Pablo + Manson
8. First Time
9. Lord Lift (Lord Lift Me Up)
10. Sci-Fi
11. Burn Everything
--------------------------------------------------------
12. Too Easy
13. Mr. Miyagi
14. Broken Road
14. Broken Road
14. Broken Road
?. Closed 4 Business
?. Never Forgive Yourself
?. * Maintenance
15. Suzy
16. Love Me
17. Fat Money Jesse
18. Selfish ?
19. Get Lost
20. Happy
21. First Time (First Time In A Long Time)",,"Apr 29, 2025",Clear,Secondary,
DONDA 2 [V2],PABLO 2,"The ""finished"" version posted by Ye on Twiter. ""Selfish"" was not included due to it not being able to be cleared. Seemingly titled as ""Pablo 2"" rather than Donda 2.

1. True Love
2. Broken Road
3. City God (City Of Gods)
4. Security
5. Flowers
6. LV Bags (Louie Bags)
7. We Did It (Kid)
8. Pablo
9. Lord Lift (Me Up)
10. Sci Fi
11. Burn Everything
12. 2 Eazy (Too Easy)
13. Mr Miyagi
14. Broken Road
15. Maintenence (Maintenance)
16. Suzy
17. Jesse
18. Selfish
18. First Time (In A Long Time)
19. Get Lost
20. Happy",,"Apr 29, 2025",Clear,Ye,
DONDA 2 [V2],DONDA 2,"Tracklist for the official release of Donda 2.

1. TRUE LOVE
2. BROKEN ROAD
3. GET LOST
4. KEEP THE FLOWERS (Flowers)
5. TOO EASY
6. PABLO
7. MR MIAGI (Mr. Miyagi)
8. HAPPY
9. SECURITY
10. CITY OF GOD (City Of Gods)
11. 530
12. SCIFI
13. BURN EVERYTHING
14. LOUIE BAG (Louie Bags)
15. WE DID IT (We Did It Kid)
16. MAINTENANCE
17. LORD LIFT (Lord Lift Me Up)
18. FIRST TIME (First Time In A Long Time)",,"Apr 29, 2025",Clear,Ye,
DONDA 2 [V2],DONDA 2,"Tracklist for the updated official release of Donda 2 which updated the names for ""MR MIYAGI"", ""LOUIE BAGS"", ""LORD LIFT ME UP"", and ""FIRST TIME IN A LONG TIME"".

1. TRUE LOVE
2. BROKEN ROAD
3. GET LOST
4. KEEP THE FLOWERS (Flowers)
5. TOO EASY
6. PABLO
7. MR MIYAGI
8. HAPPY
9. SECURITY
10. CITY OF GOD (City Of Gods)
11. 530
12. SCIFI
13. BURN EVERYTHING
14. LOUIE BAGS
15. WE DID IT (We Did It Kid)
16. MAINTENANCE
17. LORD LIFT ME UP
18. FIRST TIME IN A LONG TIME",,"Apr 29, 2025",Clear,Ye,
DONDA 2 [V2],DONDA 2,"Tracklist for the updated official release of Donda 2. Added ""JESSE"" and ""SUZY"".

1. TRUE LOVE
2. BROKEN ROAD
3. GET LOST
4. KEEP THE FLOWERS (Flowers)
5. JESSE
6. TOO EASY
7. PABLO
8. MR MIYAGI
9. HAPPY
10. SECURITY
11. CITY OF GOD (City Of Gods)
12. 530
13. SCIFI
14. SUZY
15. BURN EVERYTHING
16. LOUIE BAGS
17. WE DID IT (We Did It Kid)
18. MAINTENANCE
19. LORD LIFT ME UP
20. FIRST TIME IN A LONG TIME",,"May 1, 2025",Clear,Ye,
DONDA 2 [V2],DONDA 2,"Tracklist for the updated official release of Donda 2. Added ""CITY OF CHI"".

1. TRUE LOVE
2. BROKEN ROAD
3. GET LOST
4. KEEP THE FLOWERS (Flowers)
5. JESSE
6. TOO EASY
7. PABLO
8. MR MIYAGI
9. HAPPY
10. SECURITY
11. CITY OF GOD (City Of Gods)
12. 530
13. CITY OF CHI (Closed For Business)
14. SCIFI
15. SUZY
16. BURN EVERYTHING
17. LOUIE BAGS
18. WE DID IT (We Did It Kid)
19. MAINTENANCE
20. LORD LIFT ME UP
21. FIRST TIME IN A LONG TIME",,"May 10, 2025",Clear,Ye,
NEVER STOP,NEVER STOP,"Officially released tracklist for NEVER STOP.

1. LONELY ROADS
2. KIM
3. PEOPLE LIKE ME
4. DIDDY FREE
5. REPEAT ME
6. THE LIST
7. SOULS OUTRO",,"Jun 27, 2025",Clear,Ye,
IN A PERFECT WORLD,CUCK,"According to OLYEVNS, MISSION CONTROL was on the album as of June 15th and wasn't on BULLY yet.

1-#?. ???

#? MISSION CONTROL",,,Blocked,Leaked,
IN A PERFECT WORLD,CUCK,"Tracklist for IN A PERFECT WORLD said to exist by el gusto. Found in a folder called ""CUCK"" strangely.  According to el gusto, ""SHE LOVES YE N JESUS"" is explicitly left unmarked despite BEHOLD being an extended outro for it.
1-3. ???
4. BEHOLD
5. VIRGIL
6-8. ???
9. DAMN
10-#?. ???

#?. SHE LOVES YE N JESUS
#? NITROUS
#? UNCLE
#? PERFECT WORLD",,,Blocked,Leaked,
BULLY [V2],BULLY,"5 BULLY songs were found to be DSP-ready, uploaded to an ISRC database on June 16th, 2025.

1. PREACHER MAN
2. BEAUTY AND THE BEAST
3. HIGHS AND LOWS
4. WHITE LINES
5. DAMN",,"Jun 16, 2025",Clear,Secondary,
BULLY [V2],BULLY [EP],"Officially released tracklist for the BULLY EP.

1. PREACHER MAN
2. BEAUTY AND THE BEAST
3. DAMN",,"Jun 20, 2025",Clear,Ye,
BULLY [V2],BULLY [EP],"Officially released tracklist for the second BULLY EP.

1. LAST BREATH
2. LOSING YOUR MIND",,"Jun 27, 2025",Clear,Ye,
BULLY [V2],BULLY,"According to the Spotify pre-save for BULLY, the project was 13 tracks long, with the first five songs revealed. Later leaked in full, being the version that was planned to be released to streaming services on June 15th.

1. PREACHER MAN
2. BEAUTY AND THE BEAST
3. DAMN
4. LAST BREATH
5. LOSING YOUR MIND
6. HIGHS AND LOWS
7. WHILE LINES
8. BULLY
9. CIRCLES
10. PEOPLE LIKE ME
11. CAN'T HURRY LOVE
12. THIS ONE HERE
13. MISSION CONTROL",,,Clear,Leaked,
BULLY [V2],BULLY,"Tracklist seen on the physical BULLY CDs, vinyls, and cassettes seen on the promotional website.

1. PREACHER MAN
2. BEAUTY AND THE BEAST
3. LAST BREATH
4. WHITE LINES
5. I CAN'T WAIT (CAN'T HURRY LOVE)
6. BULLY
7. ALL THE LOVE
8. THIS ONE HERE
9. HIGHS AND LOWS
10. MISSION CONTROL
11. CIRCLES
12. DAMN
13. LOSING YOUR MIND",,,Clear,Ye,
BULLY [V2],BULLY,"Tracklist posted by Ye to Twitter on March 25th, 2026 with the caption ""BULLY ON THE WAY NO AI"". Contains the unheard song ""OUTSIDE"". which was later swapped out for ""HIGHS AND LOWS"".

1. SISTERS AND BROTHERS
2. WHATEVER WORKS
3. FATHER
4. ALL THE LOVE
5. I CAN'T WAIT (CAN'T HURRY LOVE)
6. BULLY
7. MAMA'S FAVORITE
8. PUNCH DRUNK
9. THIS A MUST
10. OUTSIDE
11. PREACHER MAN
12. WHITE LINES
13. CIRCLES
14. THIS ONE HERE
15. KING
16. BEAUTY AND THE BEAST
17. DAMN
18. LAST BREATH",,"Mar 25, 2026",Clear,Ye,
BULLY [V2],BULLY,"Tracklist posted by Ye to Instagram on March 26th, 2026 with the caption ""BULLY ON THE WAY NO AI"". Contains the unheard song ""OUTSIDE"". Same as the previous tracklist, but with ""HIGHS AND LOWS"" and ""MISSION CONTROL"" added to the end, the latter of which was cut from release.

1. SISTERS AND BROTHERS
2. WHATEVER WORKS
3. FATHER
4. ALL THE LOVE
5. I CAN'T WAIT (CAN'T HURRY LOVE)
6. BULLY
7. MAMA'S FAVORITE
8. PUNCH DRUNK
9. THIS A MUST
10. OUTSIDE
11. PREACHER MAN
12. WHITE LINES
13. CIRCLES
14. THIS ONE HERE
15. KING
16. BEAUTY AND THE BEAST
17. DAMN
18. LAST BREATH
19. HIGHS AND LOWS
20. MISSION CONTROL",,"Mar 26, 2026",Clear,Ye,
BULLY [V2],BULLY [LA Listening Party],"Partial Los Angeles LP setlist. More songs were played after Bound 2, but we do not know the full list 
due to the livestream being taken down, possibly due to copyright violations.

1. KING
2. THIS A MUST
3. FATHER
4. MAMA'S FAVORITE
5. ALL THE LOVE (GAS CHAMBERS)
6. PUNCH DRUNK
7. SISTERS AND BROTHERS
8. WHATEVER WORKS
9. I CAN'T WAIT (CAN'T HURRY LOVE)
10. BULLY
11. PREACHER MAN
12. BEAUTY AND THE BEAST
13. WHITE LINES
14. HIGHS AND LOWS
15.  KING (AGAIN)
16. THIS A MUST (AGAIN)
17. FATHER (AGAIN)
18. ALL THE LOVE (GAS CHAMBERS) (AGAIN)
19. PUNCH DRUNK (AGAIN)
20. MAMA'S FAVORITE (AGAIN)
21. Runaway
22. EsDeeKid - 4 Raws
23. Don Toliver - Excavator
24. Bound 2
25. Playboi Carti - CRUSH (feat. Travis Scott) (for ""half a second"")",,"Mar 27, 2026",Blocked,Ye,
BULLY [V2],BULLY,"Posted on an engineers Instagram story 2 hours before release. ""MAMA'S FAVORITE"" and ""CIRCLES"" are different lengths compared to release.

1. KING
2. THIS A MUST
3. FATHER
4. ALL THE LOVE (GAS CHAMBERS)
5. PUNCH DRUNK
6. WHATEVER WORKS
7. MAMA'S FAVORITE
8. SISTERS AND BROTHERS
9. BULLY
10. HIGHS AND LOWS
11. I CAN'T WAIT (CAN'T HURRY LOVE)
12. WHITE LINES
13. CIRCLES
14. PREACHER MAN
15. BEAUTY AND THE BEAST
16. DAMN (WAY I AM)
17. LAST BREATH
18. THIS ONE HERE",,,Clear,Secondary,
BULLY [V2],BULLY [V1],"Tracklist for the official release of BULLY.

1. KING
2. THIS A MUST
3. FATHER
4. ALL THE LOVE (GAS CHAMBERS)
5. PUNCH DRUNK
6. WHATEVER WORKS
7. MAMA'S FAVORITE
8. SISTERS AND BROTHERS
9. BULLY
10. HIGHS AND LOWS
11. I CAN'T WAIT (CAN'T HURRY LOVE)
12. WHITE LINES
13. CIRCLES [V1]
14. PREACHER MAN
15. BEAUTY AND THE BEAST
16. DAMN (WAY I AM)
17. LAST BREATH
18. THIS ONE HERE",,"Mar 28, 2026",Clear,Ye,
BULLY [V2],BULLY [V2],"Tracklist for the updated release of BULLY with Don's ""CIRCLES"" feature replaced with Ye.

1. KING
2. THIS A MUST
3. FATHER
4. ALL THE LOVE (GAS CHAMBERS)
5. PUNCH DRUNK
6. WHATEVER WORKS
7. MAMA'S FAVORITE
8. SISTERS AND BROTHERS
9. BULLY
10. HIGHS AND LOWS
11. I CAN'T WAIT (CAN'T HURRY LOVE)
12. WHITE LINES
13. CIRCLES [V2]
14. PREACHER MAN
15. BEAUTY AND THE BEAST
16. DAMN (WAY I AM)
17. LAST BREATH
18. THIS ONE HERE",,"Apr 1, 2026",Clear,Ye,
BULLY [V2],BULLY - DELUXE,"Tracklist for the updated release of BULLY - DELUXE. Includes new mixes for every song.

1. KING
2. THIS A MUST
3. FATHER
4. ALL THE LOVE (GAS CHAMBERS)
5. PUNCH DRUNK
6. WHATEVER WORKS
7. MAMA'S FAVORITE
8. SISTERS AND BROTHERS
9. BULLY
10. HIGHS AND LOWS
11. I CAN'T WAIT (CAN'T HURRY LOVE)
12. WHITE LINES
13. CIRCLES
14. PREACHER MAN
15. BEAUTY AND THE BEAST
16. DAMN (WAY I AM)
17. LAST BREATH
18. THIS ONE HERE
19. OK
20. MISSION CONTROL",,"Jun 19, 2026",Clear,Ye,
Multi-Era,Unknown [Tracklists],"On January 5th 2024, Consequence's entire phone gallery got leaked. Some alternate pictures of the November 2020 DONDA whiteboard tracklist and they have not been added yet. Josh Berg's leaked camera roll on January 1st 2024 might also have some unseen tracklists.",,,Clear,Secondary,
