Era,Name,Notes,Track Length,File Date,Leak Date,Available Length,Quality,Link(s)
"2 Total Full
1 OG File
2 Partial / Cut
1 Snippet
2 Unavailable",The Last Supper,"(Jun 29, 1993) Oliver Tree is born in Santa Cruz, California
(Jun 20, 2010) Oliver begins posting music to Soundcloud under the pseudonym 'Kryph'",,,,,,
The Last Supper,"Ja Break
(prod. Getter & Oliver Tree)","Demo of Getter and Kryph's track Ja Break, briefly posted to Getter's Soundcloud a month before the track's release. This demo lacks the vocal samples from 'Crazy' and is mixed differently.",2:32,"Sep 19, 2010","Sep 29, 2010",Full,CD Quality,https://pillows.su/f/240c35a1df6e3270e7e0794203ee7910
The Last Supper,"Once It's Gone [Demo / Freestyle]
(prod. Samson Stilwell)","A recording of Oliver freestyling over the Once It's Gone beat, posted to Youtube by Getter three days before the track's release. A few of the lyrics from this freestyle were used in the song, and some were also later reused in Next Level Shit.",,"Dec 27, 2010","Dec 27, 2010",Partial,Recording,https://www.youtube.com/watch?v=UP5EL_a6oFc
The Last Supper,"Once It's Gone [Update]
(feat. Dready Black)
(prod. Samson Stilwell)","According to a comment made by Kryph under the Soundcloud upload of Once It's Gone, he intended to release a ""full version"" of the track a few weeks later. Dready Black posted a preview snippet of the track to his Soundcloud a few days after the release with updated mixing, presumably from this finished mix. However, the full finished version never surfaced.",,,,Snippet,High Quality,https://soundcloud.com/dready-black/once-its-gone-preview-prod-by-samson-stillwell-kryph
The Last Supper,"Smell You Later [V1]
(prod. Getter & Oliver Tree)","OG Filename: Smell You Later (ft. Getter)
Unreleased track produced around 2010-2011, sent to a fan by Oliver. This song was later considered for Oliver and Getter's scrapped mixtape 'Squirt'.",1:22,,,OG File,Lossless,https://pillows.su/f/fb812668a469c71186588af27dd36a04
The Last Supper,"Tully
(feat. Kirsten Rosenberg)
(prod. Shelf Nunny & Oliver Tree)","As shown through the Wayback Machine, an earlier version of Tully was once available on Oliver's Soundcloud, but was replaced when the finished version was published, and has not been recovered.",,,,Confirmed,Not Available,
The Last Supper,Untitled Freestyle*,"Recording of Oliver freestyling at a birthday party, posted to Youtube by Getter in 2010. Some of the lyrics from this were reused in Session, and later again in the unreleased track Spotlights.",,"Sep 19, 2010","Sep 19, 2010",Partial,Recording,https://www.youtube.com/watch?v=dFn0ey49D4Q
The Last Supper,"Clint Eastwood (Gorillaz Remix) [Update]
(prod. Getter & Oliver Tree)","As suggested by the 'UNMASTERED' tag in the title of his remix, Oliver mentioned in the comments on Soundcloud that he was making a mastered version of his Clint Eastwood remix, to be included in his upcoming mixtape 'The Last Supper', which was never released. This updated mix has never surfaced.",,,,Confirmed,Not Available,
"12 Total Full
0 OG File
0 Partial / Cut
1 Snippet
8 Unavailable",Splitting Branches,"(Jun 29, 2011) Oliver begins using the name 'Tree' for his music
(Feb 17, 2013) Oliver's first mixtape, Splitting Branches, is released
(Aug 11, 2013) Oliver's debut EP, Demons, is released",,,,,,
Splitting Branches,"Day Gone [V1]
(prod. Oliver Tree)","A very early demo of Day Gone, played during an open mic by Oliver in 2012 after having worked on it for just a few days. At this point, the track did not have a name, and Oliver simply referred to it as ""some weird shit"". The demo is mixed differently and is missing the outro, and most notably features a rap verse that was later scrapped.",,,,Full,Recording,https://soundcloud.com/jesse-l-nickell/oliver-tree-weird-shit
Splitting Branches,"Day Gone [V2]
(prod. Oliver Tree)","A demo of Day Gone used in the ""Old Fly Lo Inspired Beats"" tape.",4:17,,,Full,High Quality,
Splitting Branches,"Demons
(feat. Lena Kuhn)
(prod. Beat Culture, Oliver Tree & Haven Dlott)","Demo mix of Demons previewed in a behind-the-scenes video for Universal on July 5, 2012, over a year prior to the song's release.",,"Jul 5, 2012",,Snippet,Recording,https://www.youtube.com/watch?v=71gIv2NCQvo&t=340s
Splitting Branches,"Girl On The Corner
(prod. Getter & Oliver Tree)","Instrumental track included on the ""Old Fly Lo Inspired Beats"" tape. Confirmed by Getter to be produced by both Oliver and himself. The OG file for the song was posted to Getter's patreon in early 2025, but is locked behind a paywall so it is inaccessible for now.",3:56,,"Jun 18, 2024",Full,High Quality,https://pillows.su/f/0faf17235f7465199c35326dc453968c
Splitting Branches,"House 2013
(prod. Oliver Tree & Aeropsia)","OG Filename: Tree & Dane - House 2013
Unreleased instrumental house track produced in 2013. Dane is the name of Aeropsia, one of Oliver's frequent collaborators around this time.",5:24,,"Jan 20, 2024",Full,CD Quality,https://pillows.su/f/99683405de27d3b45238a9976cb4398c
Splitting Branches,"House 3
(prod. Oliver Tree & Aeropsia)","OG Filename: Tree & Dane - House 3 (Not much dane lol)
Title: Tree & Dane - House 3 (Not Much Dane Lol)
Unreleased instrumental house track produced in 2013. Dane is the name of Aeropsia, one of Oliver's frequent collaborators around this time.",2:40,,"Jun 18, 2024",Full,CD Quality,https://pillows.su/f/e9d49f5e54a71794e61267ebf6b2a820
Splitting Branches,🗑️ Invisible,"OG Filename: Tree - Invisible (Demo)
Title: Tree - Invisible (House Idea)
Very rough, short vocal idea produced by Oliver in 2013 while he and Aeropsia were experimenting with producing house music.",0:38,,"Jan 21, 2024",Full,CD Quality,https://imgur.gg/f/eV8v9ox
Splitting Branches,Jungle Jam,"OG Filename: Jungle Jam
Unreleased instrumental track produced at some point around this period. Also used on the Old Fly Lo Beats tape.",3:07,,"Jun 18, 2024",Full,CD Quality,https://pillows.su/f/bb44cf235423ca61c4323b8884250067
Splitting Branches,"⭐ Love is Gone
(prod. ???, ??? & Oliver Tree)","Unreleased song recorded by Oliver and two of his friends, between 2011-2013, shortly before they left Santa Cruz. The song was posted to Youtube from a burner account owned by one of the producers following Oliver's passing in 2026.",3:23,,"Jun 15, 2026",Full,High Quality,https://www.youtube.com/watch?v=9QT4n0Cs_kQ
Splitting Branches,"Osmosis
(prod. Heart Tricks & Oliver Tree)","Demo of Osmosis by Oliver Tree & Heart Tricks. Featured on the ""Old Fly Lo Inspired Beats"" tape.",1:00,,"Jun 18, 2024",Full,High Quality,https://pillows.su/f/1465ec666e250e87c71beab6fbe54632
Splitting Branches,"Round 1 Act 7 [V1]
(prod. Casey Mattson & Oliver Tree)","OG Filename: Tree - Round 1 Act 7 (Demo)
Unreleased instrumental track produced at some point around this period. Early version of Round 1 Act 7 (Quick Mix), posted to Soundcloud in 2016. The waveform is different than the later version's, but only plays Quick Mix's audio.",3:51,"Jul 28, 2016",,Confirmed,Not Available,
Splitting Branches,Round 2 Act 1,"Seen on Casey Mattson's macbook during a livestream with the artist name listed as 'Tree', and the track length visible.",2:52,,,Confirmed,Not Available,
Splitting Branches,Round 2 Act 2 [V1],"Seen on Casey Mattson's macbook during a livestream with the artist name listed as 'Tree', and the track length visible. An updated version was produced in 2016.",3:34,,,Confirmed,Not Available,
Splitting Branches,Round 2 Act 3,"Seen on Casey Mattson's macbook during a livestream with the artist name listed as 'Tree', and the track length visible.",3:21,,,Confirmed,Not Available,
Splitting Branches,Round 2 Act 4,"Seen on Casey Mattson's macbook during a livestream with the artist name listed as 'Tree', and the track length visible.",4:51,,,Confirmed,Not Available,
Splitting Branches,Round 2 Act 6,"Seen on Casey Mattson's macbook during a livestream with the artist name listed as 'Tree', and the track length visible.",4:38,,,Confirmed,Not Available,
Splitting Branches,[Unknown 1],"Unidentified instrumental track included on the ""Old Fly Lo Inspired Beats"" tape.",1:36,,"Jun 18, 2024",Full,High Quality,https://pillows.su/f/a7b2bfaf8e75713d025bd304362ebd0f
Splitting Branches,[Unknown 2],"Unidentified instrumental track included on the ""Old Fly Lo Inspired Beats"" tape.",0:22,,"Jun 18, 2024",Full,High Quality,https://pillows.su/f/d49db0693b34723e31f7d9cd26f41a4f
Splitting Branches,[Unknown 3],"Unidentified instrumental track included on the ""Old Fly Lo Inspired Beats"" tape.",2:27,,"Jun 18, 2024",Full,High Quality,https://pillows.su/f/b4b20e660a0c9ab2a2278eead2c906f6
Splitting Branches,Unknown [Aeropsia Collaboration],"A collab between Tree and Aeropsia, produced some time in 2013. The unnamed track was played on Santa Cruz radio station KZSC on 23 September 2013 among other Tree songs, but was seemingly never released. The song has not surfaced since.",,,,Confirmed,Not Available,
Splitting Branches,"Hold On (SBTRKT Remix)
(prod. Oliver Tree)","A remix of Hold On by SBTRKT, produced by Tree in 2013. The remix was played on Santa Cruz radio station KZSC on 23 September 2013 among other Tree songs, but was seemingly never published outside of this. The remix has not surfaced since.",,,,Confirmed,Not Available,
"98 Total Full
25 OG File
0 Partial / Cut
4 Snippet
41 Unavailable",CalArts,"(2014) Oliver begins studying music at CalArts, and takes a hiatus from releasing music
(Mar 26, 2016) Oliver posts the ""I'm Turbo"" vine
(Jun 29, 2016) Oliver begins using the name 'Oliver Tree' for his music
(May 12, 2017) Oliver graduates from CalArts",,,,,,
CalArts,"Better Things [V1]
(prod. Robert Koch & Oliver Tree)
(Demo A)","OG Filename: 1. Tree - Demo A (ft. Robot Koch)
Title: Better Things
Unreleased track originally made in 2016. Later intended to be included in the scrapped album 'Turbo', being performed live several times throughout 2017. This version is missing the second verse that was added in later revisions of the song.",2:09,"Jun 1, 2016","Jun 26, 2022",Full,High Quality,https://pillows.su/f/87984335159cebc64fe9784c28e08798
CalArts,"✨ Chasing Storms
(prod. Ari Gumora & Oliver Tree)","OG Filename: 4. Chasing Storms
Title: Chasing Storms
Unreleased track produced in 2016.",3:15,"Jun 22, 2016","Dec 24, 2023",Full,CD Quality,https://pillows.su/f/bce39ad92e8e6650133edf868ab70f28
CalArts,"Devil's Girl
(prod. Sahy Uhnz & Oliver Tree)
(Demo F)","OG Filename: 9, Tree - Demo F (ft. Sahy Uhnz) 2
Title: Oliver Tree - Devil's Girl(ft. Sahy Uhnz)
Fairly repetitive unreleased track produced in 2016.",2:06,"Jun 1, 2016","Dec 21, 2023",Full,High Quality,https://pillows.su/f/1dfab6065931d417c168f3ddd8b39bf3
CalArts,"Everything I Ever Saw
(Summer 2016)","OG Filename: 6. Tree - Summer 2016
Title: Everything I Ever Saw
Unreleased track produced in 2016. The rap verse from this track was later reused in the unreleased track ""On Your Own,"" and teased on social media, but still never released.",1:41,"Jun 1, 2016","Dec 22, 2023",Full,CD Quality,https://pillows.su/f/e9880143f09976c2e84276099f0ea4c7
CalArts,"✨ Life Goes On [V1]
(prod. Getter & Oliver Tree)","OG Filename: 3. Tree - Life Goes On (ft. Getter)
Title: Life Goes On
""Life Goes On"" was originally produced in 2016 during the same session as ""Forget It,"" as confirmed by Getter on Twitter. This version has an open verse with freestyling from Oliver, which was later replaced with a different rap verse and then scrapped entirely.",3:41,"Jun 1, 2016","Dec 16, 2023",Full,CD Quality,https://pillows.su/f/f68dbb03b41ce5aa333630dbe7130181
CalArts,Love As I Know It,"Spoken word piece performed by Oliver at CaArts, posted to his Facebook on December 7, 2015 with the caption ""A little something I wrote about Love"".",0:51,"Dec 7, 2015","Dec 7, 2015",Full,Recording,https://www.youtube.com/watch?v=CITjA6_Doy00
CalArts,"My Kinda Gal
(prod. Robert Koch & Oliver Tree)
(Demo E)","OG Filename: 11. Tree - Demo E (ft. Robot Koch)
Title: Oliver Tree - My Kinda Gal (ft. Robot Koch)
Short, rough idea for a track, produced in 2016.",0:47,"Jun 1, 2016","May 4, 2024",Full,CD Quality,https://pillows.su/f/74c2a86e47a3b392a8b83898f4bdd87d
CalArts,"Nefarious
(Tree Demo C)","OG Filename: 10. Tree - Demo C
Title: Oliver Tree - Nefarious
Unreleased track produced in 2016.",1:35,"Jun 1, 2016","Dec 15, 2023",Full,CD Quality,https://pillows.su/f/54e6e9de642719e3f63efffd7592ec35
CalArts,"Nothing At All
(prod. Imad Royal & Oliver Tree)
(Yams)","OG Filename: Oliver Tree x Imad Royal - Yams
Title: Nothing At All
Fairly rough unreleased track produced in 2016. OG Filename confirms the track was called 'Yams' at one point.",2:20,"Jun 24, 2016","Dec 19, 2023",Full,High Quality,https://pillows.su/f/b5038829b05df6ba3a537a875d52dff6
CalArts,"Over Dressed
(feat. Noosa)
(Demo D)","OG Filename: 8. Tree - Demo D
Title: Over Dressed
Unreleased track from 2016, featuring vocals seemingly from Noosa/Sky.",4:38,"Jun 1, 2016","Jul 15, 2023",Full,CD Quality,https://pillows.su/f/d2a825ea06d5a3c1a0cd958053007a34
CalArts,"She Breaks Me Down
(feat. Ari Gumora)","OG Filename: CRW x Tree - She Breaks Me Down
Title: Ari X Oliver Tree - She Breaks Me Down
Unreleased track produced during this era.",4:05,,"Aug 4, 2025",Full,CD Quality,https://imgur.gg/f/dnvZf3p
CalArts,"Shining Star
(prod. Oliver Tree & Jesse Nickell)
(Demo G)","OG Filename: 12. Tree - Demo G
Title: Shining Star
Unreleased track produced in 2016. Samples Funk by Jesse Nickell.",3:15,"Jun 1, 2016","Jun 18, 2024",Full,CD Quality,https://pillows.su/f/7cb7339cc8874dd3118012c06175dc48
CalArts,🗑️ Still Around,"OG Filename: 7. Tree - Still Around
Title: Oliver Tree - Still Around
Very rough, short unreleased track idea produced in 2016.",0:49,"Jun 1, 2016","Jan 20, 2024",Full,CD Quality,https://pillows.su/f/7ec82a1f620b77a12b1021195255efab
CalArts,⭐ This Time,"OG Filename: 4. Tree - This Time
Title: This Time **Owsla
Unreleased track from 2016. Uploaded to Oliver's Soundcloud as a private track and submitted to OWSLA, Skrillex's record label, alongside other tracks.",3:53,"Jul 13, 2016","Nov 5, 2022",Full,CD Quality,https://pillows.su/f/a5ce66ec9870d035374bd71950e70ef9
CalArts,"When You Wake Up
(prod. Sahy Uhnz & Oliver Tree)
(Demo B)","OG Filename: 5. Tree - Demo B (ft. Sahy Uhns)
Title: When You Wake Up
Unreleased track produced in 2016.",1:15,"Jun 1, 2016","Dec 25, 2023",Full,CD Quality,https://pillows.su/f/e3a0ad043fea8f387b57c465b13b60da
CalArts,"Work It Out
(prod. Getter & Oliver Tree)","OG Filename: 2. Tree - Work It Out (ft. Getter)
Title: Work It Out (ft. Getter)
Unreleased track produced by Getter and Oliver Tree in 2016.",3:51,"Jun 1, 2016","Dec 25, 2023",Full,CD Quality,https://pillows.su/f/eb3cb23ce3a6ded4e810e553140d44c2
CalArts,"It Wasn't Me (Shaggy Remix)
(prod. Oliver Tree)","OG Filename: Shaggy - It Wasn't Me (Oliver Tree Remix)
A remix of It Wasn't Me by Shaggy.",3:30,"Jun 7, 2016","Jun 18, 2024",Full,CD Quality,https://pillows.su/f/22d60f5e4a6becc03e30d22d93fe14f7
CalArts,"My Neck My Back (Khia Remix)
(prod. Oliver Tree)","OG Filename: Khia - My Neck My Back (Oliver Tree Remix)
A remix of My Neck My Back by Khia.",3:04,"Jun 7, 2016","Jun 18, 2024",Full,High Quality,https://pillows.su/f/7f27247c5e555561fa1d6b52348e7b86
CalArts,"⭐ Left Alone (Flume Cover)
(prod. Getter & Oliver Tree)","OG Filename: flume - left alone remake 1-8-15
Mentioned by Getter in a now-deleted tweet, he and Oliver Tree made a cover of Left Alone by Flume in 2015, around the same time Life Goes On was recorded, prior to them falling out. Later in one of Getter's live streams he would play most of this cover, and the file was released to his Patreon for free in 2026 following Oliver's passing.",3:35,"Jan 8, 2015","Mar 25, 2025",OG File,CD Quality,https://www.patreon.com/getter/posts/id-flume-left-160466229
CalArts,Unknown [Forget Brennan Collaboration],"In a tweet from 2015, Forget Brennan tweeted about how he and Oliver 'made a fkin jam last night'. It's unknown if any of the songs we have from this era have any involvement from him.",,,,Confirmed,Not Available,
CalArts,"Robert Koch - Cheapskate [V1]
(prod. Robert Koch)","Instrumental demo produced by Robert Koch, which was presumably untitled at this stage. The demo was later given to Oliver and developed to become Cheapskate as it is known now. The demo was later posted to Youtube by Koch.",1:26,,"Sep 21, 2020",Full,CD Quality,https://www.youtube.com/watch?v=HDwHg2tECxM
CalArts,"Cheapskate [V2]
(prod. Robert Koch & Oliver Tree)","OG Filename: Oliver Tree x Robot Koch - A (Summer 2k16)
Title: Cheapskate
Updated demo of ""Cheapskate"" from 2016.",3:27,"Jul 11, 2016","Jun 18, 2024",Full,CD Quality,https://pillows.su/f/d20cee5a4b0b9e2c8b54890fe214f624
CalArts,Eazy Does It [V1],"OG Filename: Eazy Does It
Confirmed to exist from SoundCloud uploads.",,"Jul 28, 2016",,Confirmed,Not Available,
CalArts,"Eazy Does It [V2]
(feat. Noosa)
(Easy Does It)","OG Filename: oliver-tree-eazy-does-it-ft-sky
Title: Eazy Does It (ft. Sky)
Very rough, early version of the unreleased track Eazy Does It with a simpler structure to later versions, recorded in 2016.",3:18,"Aug 24, 2016","Jul 15, 2023",Full,CD Quality,https://pillows.su/f/6bc7d481568d5ba1efca9636a7dfe0d4
CalArts,"Eazy Does It [V3]
(feat. Noosa)
(Easy Does It)","An updated version of Eazy Does It with added verses from Oliver and Noosa was recorded around this time. According to Noosa, Oliver encouraged her to release the track, but she felt ""embarrased"" by her verse. 10 years later, following Oliver's passing, Noosa eventually released an updated mix of this version of the song to Bandcamp.",,,,Confirmed,Not Available,
CalArts,"Easy Does It [V4]
(feat. Noosa)
(Eazy Does It)","Following Oliver's passing in 2026, Noosa (Sky Barbarick) posted an updated mix of the previously unreleased track Easy Does It to Bandcamp. This version features open instrumental sections where the added verses were.",3:32,,"Jun 22, 2026",Full,High Quality,https://noosa.bandcamp.com/album/oliver-tree-x-sky-barbarick-demos
CalArts,"✨ Easy Does It [V5]
(feat. Noosa)
(Eazy Does It)","Following Oliver's passing in 2026, Noosa (Sky Barbarick) posted an updated mix of the previously unreleased track Easy Does It to Bandcamp. This version includes the previously unheard added verses.",3:32,,"Jun 22, 2026",Full,High Quality,https://noosa.bandcamp.com/album/oliver-tree-x-sky-barbarick-demos
CalArts,"Out of Ordinary [V1]
(prod. Whethan, Casey Mattson & Oliver Tree)
(Ordinary)","OG Filename: + out of ordinary (feat. oliver & kc)
Title: Oliver Tree VS Whethan - Out of Ordinary
The first mix of Out of Ordinary, produced in 2016.",3:02,"Aug 3, 2016","Jun 15, 2022",OG File,Lossless,https://pillows.su/f/75f0b224ec624ff7337b3c6774d4a862
CalArts,"Swimmer's Delight (SOS) [V1]
(prod. Whethan, Casey Mattson & Oliver Tree)","OG Filename: Swimmer's Delight
Title: Oliver Tree VS Whethan - Swimmer's Delight
The first mix of Swimmer's Delight, produced in 2016.",2:52,"Aug 3, 2016","Jun 15, 2022",OG File,Lossless,https://pillows.su/f/f5b80adb923cb04bb96ead249c6a4172
CalArts,"The Look That You Gave [V1]
(prod. Bearson & Oliver Tree)
(The Look That You Gave)","OG Filename: Bearson x Oliver Tree - The Look That You Gave
Confirmed to exist from SoundCloud uploads.",,"Jul 14, 2016",,Confirmed,Not Available,
CalArts,"✨ The Look You Gave [V2]
(prod. Bearson & Oliver Tree)
(The Look That You Gave)","OG Filename: oliver-tree-the-look-you-gave-ft-bearson
Title: The Look You Gave w/bearson
Unreleased track produced in 2016.",3:33,"Aug 24, 2016","Apr 3, 2024",Full,High Quality,https://pillows.su/f/a5c90623ba21c0ad2720645d17de276f
CalArts,"⭐ Trouble Maker [V1]
(feat. Noosa)
(prod. Casey Mattson & Oliver Tree)
(Tellin' Me Lies)","OG Filename: Oliver Tree - Trouble Maker (ft. Sky & Casey Mattson)
Unreleased track recorded on July 13, 2016. The track had unique cover art associated with it that went unused. The filename was also seen on Casey Mattson's macbook during a livestream.",4:03,"Aug 11, 2016","Dec 1, 2022",Full,CD Quality,https://pillows.su/f/76d84e89159c0f32d302bb2804a968f6
CalArts,"Tellin' Me Lies [V2]
(feat. Noosa)
(prod. Casey Mattson & Oliver Tree)
(Trouble Maker)","Following Oliver's passing in 2026, Noosa (Sky Barbarick) posted an updated mix of the previously unreleased track Trouble Maker to Bandcamp. This version is similar to the previous mix, but rearranged slightly to be shorter.",3:41,,"Jun 22, 2026",Full,High Quality,https://noosa.bandcamp.com/album/oliver-tree-x-sky-barbarick-demos
CalArts,"Up Against The World
(feat. Noosa)","Said to exist by Noosa herself, as she was trying to find it and post it. Unknown if this is any song we have so far.",,,,Confirmed,Not Available,
CalArts,"What Did I Do
(prod. Whethan & Oliver Tree)","OG Filename: What Did I Do
Title: Oliver Tree VS Whethan - What Did I Do
Unreleased track produced in 2016.",2:26,"Jul 5, 2016","Jun 15, 2022",OG File,Lossless,https://pillows.su/f/9b29112d9b963b72aa7d32c9aa0078a9
CalArts,Unknown [Noosa & Pierce Fulton Collaborations],"According to a post by Noosa following Oliver's passing in 2026, she, Oliver and Pierce Fulton recorded songs together during this period.",,,,Confirmed,Not Available,
CalArts,"All I Got [V1]
(prod. Whethan, Oliver Tree & Jesse Nickell)","OG Filename: Oliver Tree - All I Got
Confirmed to exist from SoundCloud uploads.",,"Aug 25, 2016",,Confirmed,Not Available,
CalArts,"All I Got [V2]
(prod. Whethan, Oliver Tree & Jesse Nickell)","OG Filename: all-i-got-ft-whethan1
Title: All I Got
Demo mix of All I Got from 2016.",3:47,"Mar 27, 2017","Jun 18, 2024",Full,CD Quality,https://pillows.su/f/64ed52c29814f1bbb4e50e90de3c6a57
CalArts,"All You Ever Talk About
(prod. Whethan & Oliver Tree)","OG Filename: All You Ever Talk About
Title: All You Ever Talk About (ft. Whethan)
Demo mix of All You Ever Talk About.",3:06,"Dec 6, 2016","Jun 18, 2024",Full,CD Quality,https://pillows.su/f/c25185a43b8dcb579584fc64341e3f9e
CalArts,Alright [V1],"OG Filename: oliver-tree-alright
Confirmed to exist from SoundCloud uploads.",,"Mar 12, 2017",,Confirmed,Not Available,
CalArts,⭐ Alright [V2],"OG Filename: Alright
Title: Oliver Tree - Alright 
Unreleased track produced in 2017.",2:51,"Mar 14, 2017","Dec 7, 2023",Full,CD Quality,https://pillows.su/f/6c47632aa3e9b804fcfb3966c55de1d5
CalArts,"All That [V1]
(prod. Whethan & Oliver Tree)","OG Filename: Oliver x Wheaty - all that
Title: All That
Very rough demo mix of All That. The entire second half of the song is missing.",1:27,"Mar 8, 2017","Jun 15, 2022",OG File,Lossless,https://pillows.su/f/a551fcb18d812cb8b6d072800dce46d7
CalArts,"Anything
(prod. Whethan & Oliver Tree)","OG Filename: Anything
Fairly rough unreleased track produced some time between 2016-2018.",2:05,,"Jun 15, 2022",OG File,Lossless,https://pillows.su/f/4486349fc72a5e6bd700a77029a0e4cd
CalArts,"Be Right Over*
(prod. Louis The Child & Oliver Tree)","OG Filename: w tree 2
Unbounced, untitled track recorded in 2016 during the same session as Doubt It, another unreleased track.",1:35,"Sep 28, 2016","Aug 4, 2025",OG File,Lossless,https://imgur.gg/f/NVnEdvV
CalArts,"Casey x Dwayne x Oliver - A
(prod. Oliver Tree, Dwayne & Casey Mattson)","OG Filename: Casey x Dwayne x Oliver - A
Filename seen on Casey Mattson's macbook during a livestream.",,,,Confirmed,Not Available,
CalArts,"Casey x Imad x Oliver - A
(prod. Oliver Tree, Imad Royal & Casey Mattson)","OG Filename: Casey x Imad x Oliver - A
Filename seen on Casey Mattson's macbook during a livestream.",,,,Confirmed,Not Available,
CalArts,"Casey x Oliver - B
(prod. Oliver Tree & Casey Mattson)","OG Filename: Casey x Oliver - B
Filename seen on Casey Mattson's macbook during a livestream.",,,,Confirmed,Not Available,
CalArts,"Casey x Oliver - F
(prod. Casey Mattson & Oliver Tree)","OG Filename: Casey X Oliver - F Instumental
Unused instrumental track produced during this period.",2:05,,,Full,CD Quality,https://pillows.su/f/af7fe0dcd00613d2333fcda2246a36b9
CalArts,✨ Celebrate Life,"OG Filename: Celebrate Life
Unreleased track produced in 2017.",2:42,"Mar 14, 2017",,Full,CD Quality,https://pillows.su/f/1a86ce7318bffa2ea1ef364cfe7f7613
CalArts,Circuits [V1],An earlier draft of Circuits is implied to exist based on the filename of the version that has surfaced.,,,,Confirmed,Not Available,
CalArts,Circuits [V2],An earlier draft of Circuits is implied to exist based on the filename of the version that has surfaced.,,,,Confirmed,Not Available,
CalArts,Circuits [V3],An earlier draft of Circuits is implied to exist based on the filename of the version that has surfaced.,,,,Confirmed,Not Available,
CalArts,Circuits [V4],An earlier draft of Circuits is implied to exist based on the filename of the version that has surfaced.,,,,Confirmed,Not Available,
CalArts,Circuits [V5],"OG Filename: Circuits Draft 5
Confirmed to exist from SoundCloud uploads.",3:39,"Nov 26, 2016","Jan 24, 2024",Full,CD Quality,https://pillows.su/f/ed723e5e6d53a604df639c2b56f28afc
CalArts,Circuits [V6],An earlier draft of Circuits is implied to exist based on the filename of the version that has surfaced.,,,,Confirmed,Not Available,
CalArts,Circuits [V7],An earlier draft of Circuits is implied to exist based on the filename of the version that has surfaced.,,,,Confirmed,Not Available,
CalArts,Circuits [V8],An earlier draft of Circuits is implied to exist based on the filename of the version that has surfaced.,,,,Confirmed,Not Available,
CalArts,Circuits [V9],"OG Filename: Circuits Draft 9
Title: Circuits
The first known mix of the unreleased track ""Circuits,"" produced in 2016.",3:39,"Jan 11, 2017","Jan 24, 2024",Full,CD Quality,https://pillows.su/f/720f2d2994ce4d28255bd187c1d2293e
CalArts,"Doubt It [V1]
(prod. Louis The Child & Oliver Tree)","OG Filename: Oliver Tree - Doubt It (Demo)
Slightly earlier mix of the unreleased track Doubt It, uploaded to Oliver's Soundcloud as a private track. Is mostly identical but with rougher mixing in the outro.",2:52,"Sep 25, 2016","Jun 18, 2024",Full,CD Quality,https://pillows.su/f/670eeec62a54e8a64ad587fbbfc5f76f
CalArts,"⭐ Doubt It [V2]
(prod. Louis The Child & Oliver Tree)","OG Filename: Oliver Tree - Doubt It
Unreleased track produced by Oliver Tree and Louis The Child on September 25, 2016. The song is fairly polished, with full lyrics and an instrumental outro, but was never released.",2:52,"Sep 25, 2016","Apr 18, 2022",OG File,Lossless,https://pillows.su/f/a850f353162fda764ef511d476422793
CalArts,"Enemy [V1]
(prod. Whethan & Oliver Tree)","OG Filename: enemy 3
Title: Oliver Tree VS Whethan - Enemy
Demo of Enemy, has a different structure and a stripped back instrumental.",1:51,"Aug 25, 2016","Jun 18, 2024",Full,CD Quality,https://imgur.gg/f/7Sr3S5V
CalArts,"Full Speed No Brakes [V1]
(prod. Whethan & Oliver Tree)
(Full Speed No Breaks)",An earlier version of Full Speed No Brakes evidently exists.,,,,Rumored,Not Available,
CalArts,"Full Speed No Brakes [V2]
(prod. Whethan & Oliver Tree)
(Full Speed No Breaks)",An earlier version of Full Speed No Brakes evidently exists.,,,,Rumored,Not Available,
CalArts,"Full Speed No Brakes [V3]
(prod. Whethan & Oliver Tree)
(Full Speed No Breaks)","OG Filename: Full Speed No Brakes V3
Title: Oliver Tree vs Whethan - Full Speed No Breaks
Unreleased track produced in 2017.",1:48,"Jan 14, 2017",,Full,CD Quality,https://pillows.su/f/8afc98052e7878424ded47400e63af44
CalArts,"Full Speed No Brakes [V4]
(prod. Whethan & Oliver Tree)
(Full Speed No Breaks)","OG Filename: Full Speed No Brakes
Updated version of Full Speed No Brakes from a few days later, with a new intro.",2:11,"Jan 17, 2017","Jun 15, 2022",Full,CD Quality,https://pillows.su/f/6d71d3799f285e973a18a3d9cf5fb0db
CalArts,"Full Speed No Brakes [V5]
(prod. Whethan & Oliver Tree)
(Full Speed No Breaks)","OG Filename: Full Speed No Brakes update
Updated mix of Full Speed No Brakes, mostly identical to the previous version aside from minor mixing changes.",2:11,,"Jun 15, 2022",OG File,Lossless,https://pillows.su/f/232ee97202b65927f1f65f460c71dcea
CalArts,"⭐ Giving Up Hope
(feat. Blaise)
(prod. Whethan & Oliver Tree)","OG Filename: Oliver x wheaty x Blaise giving up hope
OG Filename (Metadata): giving up hope
Unreleased track produced in 2017 with vocals from Oliver Tree and Blaise Railey, with a freestyle from Oliver at the end. Produced during the same session as No Regrets and Overstay.",2:49,"Mar 8, 2017","Jun 15, 2022",OG File,Lossless,https://pillows.su/f/9be616efb6ce853f92b5278236ca650c
CalArts,"⭐ Hold On
(prod. Whethan & Oliver Tree)","OG Filename: hold on
Title: Oliver Tree VS Whethan - Hold On
Unreleased track produced in 2016.",3:04,"Sep 16, 2016","Jun 15, 2022",OG File,Lossless,https://pillows.su/f/de3577913a02ff2963d9edfc6c78cd24
CalArts,"2k16 A [?]
(prod. Oliver Tree & Casey Mattson)","OG Filename: Casey x Oliver 2k16 - A
Filename seen on Casey Mattson's macbook during a livestream. Unknown if it is any different than the version labeled Instrumental.",,,,Confirmed,Not Available,
CalArts,"Instrumental 2k16 A [?]
(prod. Oliver Tree & Casey Mattson)","OG Filename: Oliver Tree x Casey - Instrumental 2k16 A
Unused instrumental produced in 2016.",2:13,"Sep 9, 2016","Jun 18, 2024",Full,CD Quality,https://pillows.su/f/654f3e0cb843040c258d0323077ecd87
CalArts,Keep Your Head Up,"OG Filename: 5. Keep Your Head Up
Title: Keep Your Head Up
Unreleased track produced in 2016.",3:40,"Aug 24, 2016","Jan 26, 2024",Full,CD Quality,https://pillows.su/f/c5c58b9e9384754b0193e20fca0596de
CalArts,✨ LA Guitar Jam 1,"OG Filename: LA Guitar Jam 1
Unreleased track produced in 2016.",3:54,"Aug 24, 2016","Jun 18, 2024",Full,CD Quality,https://pillows.su/f/ec6dc3d55cd595d1eb50706413cef4cb
CalArts,⭐ LA Guitar Jam 2,"OG Filename: Tree - Random Guitar Jam 2
Title: LA Guitar Jam 2
Unreleased track produced in 2016.",4:15,"Aug 24, 2016","Jun 18, 2024",Full,CD Quality,https://pillows.su/f/3b8593dc2eddb31271c62b81ab4a0e41
CalArts,"Let It All Out
(prod. Whethan & Oliver Tree)","OG Filename: Let It All Out
Fairly rough unreleased track produced some time between 2016-2018.",1:53,,"Jun 15, 2022",OG File,Lossless,https://pillows.su/f/e0e4517432bb401624035c420e65ab3b
CalArts,"Lies [V1]
(prod. Rogét Chahayed & Oliver Tree)","OG Filename: Oliver Tree - Lies
Title: Oliver Tree - Lies (ft. Roget)
The first known mix of the unreleased track Lies, produced in 2016. Similar to later versions but with less developed production.",4:39,"Nov 28, 2016","Jun 18, 2024",Full,CD Quality,https://pillows.su/f/cdf4d9e6741ec03b8bd9808ec89a5b0d
CalArts,My Friends,"OG Filename: Oliver Tree - My Friends...
Title: Oliver Tree - My Friends
Fairly rough, repetitive unreleased track from 2016.",3:21,"Dec 2, 2016","Jan 23, 2024",Full,CD Quality,https://pillows.su/f/c2cabca3271cc0d50f5703f34eb0086d
CalArts,"My People [V1]
(prod. Louis The Child, Blaise Railey & Oliver Tree)","OG Filename: My People
Confirmed to exist from SoundCloud uploads.",,"Mar 8, 2017",,Confirmed,Not Available,
CalArts,"My People [V2]
(prod. Louis The Child, Blaise Railey & Oliver Tree)","OG Filename: Freddy x Oliver - My People
Title: Oliver Tree - My People (ft. Louis the Child)
Fairly rough unreleased track produced in 2017. The Ableton project for this track is named ""Oliver Tree Blaise"".",1:36,"Mar 10, 2017","Jan 19, 2024",OG File,CD Quality,https://pillows.su/f/3131ed961c8079ae4b9e98b8fadbf2a4
CalArts,"⭐ No Regrets
(feat. Blaise)
(prod. Whethan, Louis The Child, Imad Royal & Oliver Tree)
(Live It Out)","OG Filename: Oliver x Wheaty x imad x blaise GLFH
OG Filename (Metadata): live it up
Unreleased track produced in 2017 with vocals from Oliver Tree and Blaise Railey. Produced during the same session as Overstay and Giving Up Hope.",2:47,"Mar 8, 2017","Jun 15, 2022",OG File,Lossless,https://pillows.su/f/dee86e456279ef6544f5fb2853b737eb
CalArts,Off Guard,"OG Filename: oliver-tree-off-gaurd-20
Title: Oliver Tree - Off Guard
Very rough unreleased track from 2016. The title is misspelt in the filename.",2:36,"Oct 5, 2016","Nov 5, 2022",Full,CD Quality,https://pillows.su/f/31bc5de65a5bebb61f86d46dfd8a6854
CalArts,✨ Over Thrown,"OG Filename: Tree - Over Thrown
Title: Over Thrown
Unreleased track produced in 2016.",4:35,"Aug 24, 2016","Dec 20, 2023",Full,CD Quality,https://pillows.su/f/cc0601251082d4a04337fd5a5daa278b
CalArts,"Overstay [V1]
(feat. Blaise & SATICA)
(prod. AOBeats & Oliver Tree)","OG Filename: Oliver x satica x blaise x ao (GLHF)OVERSTAY 3
Title: OVERSTAY
Unreleased track produced in 2017 with vocals from Oliver Tree, Blaise Railey and SATICA. Produced during the same session as No Regrets and Giving Up Hope.",3:26,"Mar 8, 2017","Jun 18, 2024",Full,CD Quality,https://pillows.su/f/6698d9fcb359188c294328ff627ee63f
CalArts,"⭐ Overstay [V2]
(feat. Blaise & SATICA)
(prod. AOBeats & Oliver Tree)","OG Filename: Overstay new
Updated mix of the unreleased track Overstay.",3:33,,,Full,CD Quality,https://pillows.su/f/6187844c6dd6db1f0c8361e0cd126700
CalArts,"Put Your Shoes On [V1]
(prod. Whethan & Oliver Tree)","OG Filename: Put Your Shoes On Fab Master
OG Filename (Metadata): Put Your Shoes On v1
Unreleased track produced in 2016. Revisited with an updated mix in 2017. File metadata lists the album name as 'Good Luck, Have Fun'.",2:56,"Aug 24, 2016","Jun 15, 2022",OG File,Lossless,https://pillows.su/f/3e2e9844edaa185594372662c3bc4fd1
CalArts,"Put Your Shoes On [V2]
(prod. Whethan & Oliver Tree)","OG Filename: Put Your Shoes On (Update)
Updated mix of Put Your Shoes On from 2017 with a clearer mix.",2:58,"Feb 24, 2017","Jun 15, 2022",OG File,Lossless,https://pillows.su/f/f15f0e6e9b0cf25fb79b3b2dc49fd726
CalArts,"Round 1 Act 1 (Quick Mix)
(prod. Casey Mattson & Oliver Tree)","OG Filename: Round 1 Act 1 (Quick Mix)
Instrumental track produced in 2016. This track is used briefly in the How I Lost 15 Pounds Youtube video.",2:34,"Dec 19, 2016","Jun 18, 2024",Full,CD Quality,https://pillows.su/f/06067b450b233ecf117e2231da7d69a2
CalArts,Round 1 Act 5 (Quick Mix),"OG Filename: Round 1 Act 5 (Quick Mix)
Instrumental track produced in 2016.",3:35,"Dec 19, 2016","Jun 18, 2024",Full,CD Quality,https://pillows.su/f/e3d08138b81390fe0601e4c9fc574d91
CalArts,"Round 1 Act 7 [V2]
(prod. Casey Mattson & Oliver Tree)","OG Filename: Round 1 Act 7 (Quick Mix)
Instrumental track produced in 2016. This track is used briefly in the How I Lost 15 Pounds Youtube video.",3:51,"Dec 19, 2016","Jun 18, 2024",Full,CD Quality,https://pillows.su/f/cd1be1fa9bcb4f48865901e5f3d34406
CalArts,Round 2 Act 2 [V2],"OG Filename: Round 2 Act 2 (2016 Update)
Updated version of the instrumental track Round 2 Act 2, produced in 2016.",3:40,"Dec 19, 2016","Jun 18, 2024",Full,CD Quality,https://pillows.su/f/f8202572d7819bc4c926e5a9e0957234
CalArts,Round 7,"OG Filename: Round 7.2k16
Instrumental track produced in 2016.",2:13,"Dec 19, 2016","Jun 18, 2024",Full,CD Quality,https://pillows.su/f/03ef711821869c97ea4c39beebf8a90b
CalArts,"⭐ Running Your Mouth
(prod. Shelf Nunny & Oliver Tree)
(Pitch Perfect Perspective)","OG Filename: oliver-tree-pitch-perfect-perspective-ft-shelf-nunny
Title: Running Your Mouth
Unreleased track from 2016.",2:30,"Aug 22, 2016","Nov 5, 2022",Full,CD Quality,https://pillows.su/f/4deaafd65374756951ced19255f78055
CalArts,See Ya,"OG Filename: See Ya (Alt Ending)
Unused instrumental produced in 2016.",3:15,"Dec 19, 2016","Jun 18, 2024",Full,CD Quality,https://pillows.su/f/7e09b59f6722bd2c6acab5b7d8a0e9da
CalArts,"Shut You Down*
(prod. Louis The Child & Oliver Tree)","OG Filename: Oliver Tree 1
Unbounced, untitled track recorded in 2017.",1:09,"Mar 6, 2017","Aug 4, 2025",OG File,Lossless,https://imgur.gg/f/n8dO1Tn
CalArts,"Spook Me Out
(prod. Louis The Child & Oliver Tree)
(I Spooked Myself)","OG Filename: oliver-tree-x-louis-the-child-i-spooked-myself
Title: Oliver Tree X Louis The Child - Spook Me Out
Unreleased track produced in 2016.",2:34,"Sep 11, 2016","Jun 26, 2022",Full,CD Quality,https://pillows.su/f/470603ebd93ddd6a3806dfc161305ca2
CalArts,"🗑️ Still Alive*
(prod. Louis The Child & Oliver Tree)","OG Filename: Oliver Tree 106
Untitled track recorded in 2017.",5:08,"Mar 6, 2017","Jun 13, 2025",OG File,CD Quality,https://pillows.su/f/d39ceaac7c2e1689108a61154c0298e2
CalArts,"Superstition [V1]
(prod. Whethan & Oliver Tree)",An earlier bounce of Superstition is implied to exist based on the filename of the version that has surfaced.,,,,Rumored,Not Available,
CalArts,"Superstition [V2]
(prod. Whethan & Oliver Tree)","OG Filename: Superstition V2
Title: Superstition
Unreleased track produced in 2017. Several lyrics from this were later reused in Ugly Side.",1:26,"Jan 17, 2017","Jun 15, 2022",OG File,Lossless,https://pillows.su/f/97b4a64bfd536f4d8aeae47bc4d27afa
CalArts,"Swimmer's Delight (SOS) [V2]
(prod. Whethan & Oliver Tree)","OG Filename: Swimmer's Delight (Update)
Updated mix of Swimmer's Delight from 2017, mostly identical to the previous version aside from minor mixing changes.",2:57,"Feb 24, 2017","Jun 15, 2022",Full,CD Quality,https://pillows.su/f/793768bc6ec743ea08a9881a4c0af5c4
CalArts,"Swimmer's Delight (SOS) [V3]
(prod. Whethan & Oliver Tree)","OG Filename: Swimmer's Delight 3
Updated mix of Swimmer's Delight from 2017, mostly identical to the previous version aside from minor mixing changes.",2:52,,"Jun 15, 2022",OG File,Lossless,https://pillows.su/f/fad1ff682a67de5feaf2526303889b9c
CalArts,"✨ Take Notes
(prod. Shelf Nunny & Oliver Tree)","OG Filename: Oliver Tree - Take Notes (ft. Shelf Nunny)
Unreleased track from 2016.",1:59,"Aug 22, 2016","Nov 5, 2022",Full,CD Quality,https://pillows.su/f/e007f65fdc3eabbc9fbe75e7dff56aee
CalArts,"The Science of Sleep [V1]
(feat. Mothica)
(prod. Rogét Chahayed & Oliver Tree)","OG Filename: the-science-of-sleep-oliver-tree-x-roget-x-mothica
Confirmed to exist from SoundCloud uploads.",,"Dec 9, 2016",,Confirmed,Not Available,
CalArts,"⭐ The Science of Sleep [v2]
(feat. Mothica)
(prod. Rogét Chahayed & Oliver Tree)","OG Filename: The Science Of Sleep
Title: The Science of Sleep - Oliver Tree X Roget X Mothica
Unreleased track produced in 2016, featuring vocals from Oliver Tree and Mothica.",4:04,"Jan 11, 2017","Dec 8, 2023",Full,CD Quality,https://pillows.su/f/5cb284161dfa4b48211ba3e58f5ad9d8
CalArts,Tipper Class Beat,"OG Filename: Tipper Class Beat (take 3)
Unused instrumental produced in 2017.",2:07,"Mar 24, 2017","Jun 18, 2024",Full,CD Quality,https://pillows.su/f/115d4ae38df0485a053732150b5dc9ea
CalArts,"Too Long
(prod. Whethan & Oliver Tree)","OG Filename: Too Long
Very rough unreleased track produced in 2017.",2:16,"Jan 6, 2017","Jun 15, 2022",OG File,Lossless,https://pillows.su/f/5c5a1781d499ee970417217e68041933
CalArts,⭐ Tooth Decay,"OG Filename: Oliver Tree - Tooth Decay
Title: Tooth Decay
Unreleased track produced in 2017.",1:33,"Mar 14, 2017","Dec 6, 2023",Full,CD Quality,https://pillows.su/f/8cb09626f25c102f0ddb192d4ee50327
CalArts,"Try And Stop Me [V1]
(prod. Whethan & Oliver Tree)","OG Filename: Try and Stop Me
Unreleased track produced in 2017.",2:02,"Jan 5, 2017","Jun 15, 2022",Full,CD Quality,https://pillows.su/f/55d483eef83d41188612f0ce2dc8e41b
CalArts,"Try And Stop Me [V2]
(prod. Whethan & Oliver Tree)","OG Filename: Try and Stop Me 2
Updated mix of Try And Stop Me, mostly identical to the previous version aside from minor mixing changes.",2:02,,"Jun 15, 2022",OG File,Lossless,https://pillows.su/f/4a775336f5ac83546f99ed0d6453a2b7
CalArts,"Use Your Words [V1]
(prod. Imad Royal, Casey Mattson & Oliver Tree)","OG Filename: Oliver Tree - Use Your Words
Unreleased track from 2016, with singing and a rap verse from Oliver. The track was later revisited in 2017, but did not release.",2:09,"Aug 24, 2016","Nov 13, 2022",Full,CD Quality,https://pillows.su/f/12238b90104cabe6df41361f59b99064
CalArts,"Wait For It
(prod. Whethan & Oliver Tree)","OG Filename: wait for it 2
Very rough unreleased track produced in 2017.",3:36,"Jan 5, 2017","Jun 15, 2022",OG File,Lossless,https://pillows.su/f/06110bcf7293bc5f44e8c7bebdb1b670
CalArts,"Wake Up
(prod. Kasbo & Oliver Tree)","OG Filename: Oliver Tree X Kasbo - Wake Up
Unreleased track produced in 2016.",2:00,"Oct 3, 2016","Jan 20, 2024",Full,CD Quality,https://pillows.su/f/85a8b55bb9c78a76edd4cbd3f0bacef4
CalArts,"✨ Walk Away
(prod. Mike Fre$h & Oliver Tree)","OG Filename: Oliver Tree & Mike Fre$h - 2017
Title: Walk Away
Fairly rough unreleased track produced in 2017 with rapping from Oliver.",1:54,"Feb 2, 2017","Jun 18, 2024",Full,CD Quality,https://pillows.su/f/7561a69bb0cd916b2a5baa85f22ae274
CalArts,"Wasted Years [V1]
(prod. Whethan & Oliver Tree)","OG Filename: waisted-years
Confirmed to exist from SoundCloud uploads.",,"Mar 12, 2017",,Confirmed,Not Available,
CalArts,"Wasted Years [V2]
(prod. Whethan & Oliver Tree)","OG Filename: Oliver Tree - Waisted Years
Title: Waisted Years
Unreleased track produced in 2017. Oliver and Whethan both consistently misspell 'wasted' in all appearances of this track.",2:48,"Mar 14, 2017","Jun 18, 2024",Full,CD Quality,https://pillows.su/f/4040a644defb15f7b855868afd540d1a
CalArts,"Welcome to LA [V1]
(prod. Whethan & Oliver Tree)","OG Filename: oliver-tree-welcome-to-la-ft-whethan
Confirmed to exist from SoundCloud uploads.",,"Aug 26, 2016",,Confirmed,Not Available,
CalArts,"Welcome to LA [V2]
(prod. Whethan & Oliver Tree)","OG Filename: Welcome To LA (feat. Oliver Tree) Fab Master
Title: Welcome To LA
Demo for Welcome to LA, uploaded to SoundCloud in 2016. Features rougher mixing and the instrumental loops at the end.",2:57,"Mar 27, 2017","Jun 18, 2024",Full,High Quality,https://pillows.su/f/138227977c10adf8be31872b4b5339f5
CalArts,What I'm In For,"OG Filename: Oliver Tree - What I'm in for
Fairly rough unreleased track produced in 2017, with freestyling from Oliver.",2:06,"Mar 14, 2017","Dec 19, 2023",Full,CD Quality,https://pillows.su/f/3e4af6192efa287a234e46828f09b163
CalArts,"What You Are [V1]
(prod. Imad Royal, Casey Mattson & Oliver Tree)","OG Filename: Casey x Oliver - B
Confirmed to exist from SoundCloud uploads.",,"Aug 24, 2016",,Confirmed,Not Available,
CalArts,"When I'm Down [V1]
(prod. Whethan & Oliver Tree)","OG Filename: When I'm Down
Title: Oliver Tree VS Whethan - When I'm Down
Demo mix of ""When I'm Down"" with a rougher instrumental.",2:20,"Aug 22, 2016","Jun 18, 2024",Full,CD Quality,https://pillows.su/f/fb47a9fd3112486675a0e314ca5ed804
CalArts,"When I'm Down [V2]
(prod. Whethan & Oliver Tree)","OG Filename: Whethan x Oliver tree - When I'm Down (1)
Confirmed to exist from SoundCloud uploads.",,"Dec 9, 2016",,Confirmed,Not Available,
CalArts,"When It All Falls Apart
(prod. Shelf Nunny & Oliver Tree)","OG Filename: oliver-tree-when-it-all-falls-apart-ft-shelf-nunny
Title: When It All Falls Apart
Unreleased track produced in 2016.",3:09,"Aug 22, 2016","Jun 18, 2024",Full,CD Quality,https://pillows.su/f/fdc0fbd79f432f570b1416197848b3c5
CalArts,"✨ When You Need Me
(prod. Whethan & Oliver Tree)","OG Filename: when you need me
Very rough unreleased track produced in 2017.",2:58,"Jan 4, 2017","Jun 15, 2022",OG File,Lossless,https://pillows.su/f/6980b568339daaef4d2e7ef565e92904
CalArts,"ZKARTINIMEPODREPUS
(prod. Casey Mattson)
(Can Ya Really Feel Itt, body&soulgroove2)","OG Filename: body&soulgroove2
Instrumental track produced by Casey Mattson around 2015-2016 for Oliver, previewed by Casey during a livestream. During the stream he explained that it was intended for Oliver to use, and seemed to imply that Oliver did record on it, though no such recording has surfaced. The beat was later posted to Casey's Bandcamp.",3:12,,"Sep 14, 2018",Beat Only,High Quality,https://caseymattson.bandcamp.com/track/zkartinimepodrepus-can-ya-really-feel-itt
CalArts,[Unknown 1],"Unidentified instrumental track included in the instrumental copy of the unreleased ""Space Man"" album.",1:41,"Dec 19, 2016","Jun 18, 2024",Beat Only,CD Quality,https://pillows.su/f/6194cb9317a16b9da4654fdf46fac993
CalArts,[Unknown 2],"Unidentified instrumental track included in the instrumental copy of the unreleased ""Space Man"" album.",1:11,"Dec 19, 2016","Jun 18, 2024",Beat Only,CD Quality,https://pillows.su/f/3e78fdb5b835916f323f8631b9eb50ed
CalArts,[Unknown 3],"Unidentified instrumental track included in the instrumental copy of the unreleased ""Space Man"" album.",1:18,"Dec 19, 2016","Jun 18, 2024",Beat Only,CD Quality,https://pillows.su/f/5bce772a7e1697d91eeb971aeeee4e67
CalArts,[Unknown 4],"Unidentified instrumental track included in the instrumental copy of the unreleased ""Space Man"" album.",0:51,"Dec 19, 2016","Jun 18, 2024",Beat Only,CD Quality,https://pillows.su/f/5c685182c3365437534c941a9605e3f9
CalArts,[Unknown 5],"Unidentified instrumental track included in the instrumental copy of the unreleased ""Space Man"" album.",2:54,"Dec 19, 2016","Jun 18, 2024",Beat Only,CD Quality,https://pillows.su/f/ee5ce85c6a48b7bea8f6990f422772a3
CalArts,[Unknown 6],"Unidentified instrumental track included in the instrumental copy of the unreleased ""Space Man"" album.",5:00,"Dec 19, 2016","Jun 18, 2024",Beat Only,CD Quality,https://pillows.su/f/e96852e41bf754e005c21b96965ada1c
CalArts,[Unknown 7],"Unidentified instrumental track included in the instrumental copy of the unreleased ""Space Man"" album.",2:00,"Dec 19, 2016","Jun 18, 2024",Beat Only,CD Quality,https://pillows.su/f/1fb442cd8843dfc58038c5636faf2e7d
CalArts,[Unknown 8],"Unidentified instrumental track included in the instrumental copy of the unreleased ""Space Man"" album.",2:42,"Dec 19, 2016","Jun 18, 2024",Beat Only,CD Quality,https://pillows.su/f/43723d3a1196468423c7e9d3de6b4333
CalArts,[Unknown 9],"Short instrumental clip heard in a video posted to Steve Dabal's Instagram in 2026 following Oliver's passing, alongside other content from this era. The clip appears to be taken from some sort of short film or music video, for which Steve Dabal and Griffin Yu are credited as writers. The full video has yet to be found online and is likely unreleased. Oliver is credited as ""Tree"" for the soundtrack in the clip.",,,"Jun 16, 2026",Snippet,High Quality,https://www.instagram.com/p/DZoPLmEjbZC/?img_index=10
CalArts,"Jai Wolf - How It Ended
(feat. Oliver Tree)","OG Filename: Oliver Tree x Jai Wolf - How It Ended
Title: Jai Wolf - How It Ended (ft. Oliver Tree)
Unreleased track produced in 2017.",2:03,"Feb 28, 2017","Dec 22, 2023",Full,CD Quality,https://pillows.su/f/e9b7633286d6ce304adf397b938a37a5
CalArts,"NVDES - My Mind Is
(feat. Oliver Tree)
(prod. NVDES)","OG Filename: my mind is 77
Confirmed to exist from SoundCloud uploads.",3:48,"Sep 11, 2016",,Confirmed,Not Available,
CalArts,"SATICA - Head Where Ur Heart Is
(feat. Oliver Tree)
(prod. Whethan)","OG Filename: Head Where Ur Heart Is
Unreleased track by SATICA, with a verse from Oliver, produced some time between 2016-2018.",2:03,,"Jun 15, 2022",OG File,Lossless,https://pillows.su/f/ee903d58679ffb68180bb923039bd996
CalArts,"Say Lou Lou & Whams - Desire
(prod. Oliver Tree*)
(Disire*)","OG Filename: DESIREE
Title: Disire (Say Lou Lou x Whams)
Collaboration between Say Lou Lou and Whams from 2016, found on Oliver's Soundcloud - likely to have been co-produced by him.",3:09,"Dec 7, 2016","Jun 18, 2024",Full,CD Quality,https://pillows.su/f/cf5dbfe8bac6f56df0def2c654d091fa
CalArts,Unknown [Beastie Boys Remix],"Track produced by Oliver Tree, played by Casey Mattson during a livestream. The name of the track is not shown, and very little is known about it, but Casey mentions as it is playing that it is a Beastie Boys remix.",,,,Snippet,Recording,https://pillows.su/f/f069114f75597c035f8018e351fae469
CalArts,Unknown [Jackson & His Computerband Remix],"OG Filename: Jackson & His Computer Band (KC & OLIVER TREEMIX)
Track produced by Casey Mattson and Oliver Tree, seen on Casey's macbook during a livestream, with Casey playing a brief snippet. The track length was also visible. Jackson & His Computerband is a music artist, so it is unclear which of his songs this track is a remix of, or if is a medley of multiple songs.",1:42,,,Snippet,Recording,https://pillows.su/f/fb76d62f263414f10378e44340539e91
CalArts,"Saturnz Barz (Gorillaz Remix) [V1]
(prod. Oliver Tree)","OG Filename: Gorillaz - SaturnzBarz (Oliver Tree & KC Mattson Remix) 8
Confirmed to exist from SoundCloud uploads.",,"Jan 2, 2017",,Confirmed,Not Available,
CalArts,"Saturnz Barz (Gorillaz Remix) [V2]
(prod. Oliver Tree)","OG Filename: gorillaz-saturnzbarz-treemix
Title: Gorillaz - SaturnzBarz (Oliver Treemix)
A remix of ""Saturnz Barz"" by Gorillaz.",3:50,"Mar 15, 2017","Jun 18, 2024",Full,CD Quality,https://pillows.su/f/18913a957fa0575390f05b3c5c9a0aba
CalArts,"We Got The Power (Gorillaz Remix) [V1]
(prod. Oliver Tree)","OG Filename: Gorillaz - We Got The Power (Oliver Treemix) UNMASTERED
An earlier version of Oliver's We Got The Power remix. Casey Mattson played a snippet of this mix during a livestream.",,,,Snippet,Recording,https://pillows.su/f/31c336302e63cd293b0369b1354a2e85
CalArts,"We Got The Power (Gorillaz Remix) [V2]
(prod. Oliver Tree)","OG Filename: Oliver_Tree_We_Got_The_Power_Remix
Title: Gorillaz - We Got The Power (Oliver Tree Remix)
A remix of We Got The Power by Gorillaz.",4:25,"Mar 29, 2017","Jun 18, 2024",Full,CD Quality,https://pillows.su/f/01ff8006f627e3e8267d97e31560667c
CalArts,R&S Records Album*,"Oliver confirmed in an interview in 2013 that he was working on a full-length album under R&S Records. Demons and Stuck Down The Wrong Rabbit Hole were both intended to be included, along with a selection of new tracks that would ""cover a lot of different styles and go in a lot of different directions""",,,,Confirmed,Not Available,
CalArts,Space Man Album*,"OG Filename: Space man Album Bumps 4 Somehoodie
Title: Instrumentals For Tubo's Show 2: Oliver Tree Space Man Album
Instrumentals for an unfinished, untitled album from 2016, apparently compiled for ""Tubo's Show"". Opens with the instrumental used in the outro for the Stuck Down the Wrong Rabbit Hole music video and follows with instrumentals for other, unknown tracks, in a single audio file. The ""Space Man Album"" was alluded to by Casey Mattson during a livestream (Now lost).",,,"Jun 18, 2024",Beat Only,CD Quality,https://pillows.su/f/bcc807b7a9f0eac8f57e57780f563b31
"5 Total Full
0 OG File
0 Partial / Cut
2 Snippet
12 Unavailable","Untitled Soul Album
(Collaboration with Casey Mattson)","(2014) Oliver Tree and Casey Mattson begin collaborating
(Aug 8, 2015) A music video is partially filmed for the unreleased track Please Don't Go
(Early 2017) The soul album is scrapped",,,,,,
Untitled Soul Album,"🏅 Came Out Right*
(prod. Casey Mattson & Oliver Tree)",An unknown unreleased track featuring Oliver's vocals produced during this era; the title of this track is unknown. A very brief snippet of this was played by Casey Mattson during a livestream in 2020 among other old unreleased tracks.,,,,Snippet,Recording,https://pillows.su/f/03d5cb00628a54206f67726fa436e134
Untitled Soul Album,"Charlie Brown
(prod. Casey Mattson & Oliver Tree)","OG Filename: Charlie Brown Instrumental - Oliver X Casey
Instrumental produced during this period for an unreleased track named 'Charlie Brown' - it is unknown if a version with vocals was ever recorded. This instrumental also appears on the Oliver x Casey Soul Album. The title likely implies the track is inspired by Vince Guaraldi's Charlie Brown soundtracks, which are stylistically very similar.",4:25,"Feb 8, 2017","Jun 18, 2024",Beat Only,High Quality,https://pillows.su/f/3aef390c093580069b36e9c9cd0f5f3a
Untitled Soul Album,"Life Was Never Perfect [V1]
(prod. Casey Mattson & Oliver Tree)","A shorter, instrumental version of Life Was Never Perfect included as track 14 of the soul album instrumental copy.",2:11,"Jul 28, 2016","Jun 18, 2024",Full,CD Quality,https://imgur.gg/f/fxaEcIV
Untitled Soul Album,"⭐ Life Was Never Perfect [V2]
(prod. Casey Mattson & Oliver Tree)","OG Filename: 14. Life Was Never Perfect 1.4
Unreleased track produced in 2016. Casey Mattson previewed a very brief clip of this track during a livestream in 2020. Intended to be included in the unreleased soul album. A short clip of what seems to have been a music video for this song was posted to Steve Dabal's Instagram following Oliver's passing in 2026.",4:35,"Jul 28, 2016","Jul 15, 2023",Full,CD Quality,https://pillows.su/f/489db9a7b0a95114916fba5c62b483b0
Untitled Soul Album,"No One Else [V1]
(feat. Noosa)
(prod. Casey Mattson & Oliver Tree)","A shorter, mostly open version of No One Else included as track 4 of the soul album instrumental copy.",1:37,,"Jun 18, 2024",Beat Only,CD Quality,https://pillows.su/f/787cc71234ccf6e5562a526902a1cc60
Untitled Soul Album,"⭐ No One Else [V2]
(feat. Noosa)
(prod. Casey Mattson & Oliver Tree)","OG Filename: 2. No One Else 4.1
Unreleased track from 2016, featuring vocals from Noosa. Vocals vary between singing and mumbling, with a rap verse from Oliver. Intended to be included in the unreleased soul album.",5:15,"Jul 28, 2016","Jul 15, 2023",Full,CD Quality,https://pillows.su/f/c32bd316b76a201256fab8120aeb8e6a
Untitled Soul Album,"Please Don't Go [V1]
(prod. Casey Mattson & Oliver Tree)","A shorter, mostly open version of ""Please Don't Go"" included as track 2 of the soul album instrumental copy.",2:49,,"Jun 18, 2024",Full,CD Quality,https://pillows.su/f/e9fb9054df289bd957c5b0a1b7698a90
Untitled Soul Album,"⭐ Please Don't Go [V2]
(prod. Casey Mattson & Oliver Tree)","OG Filename: 1. Please Don't Go 1.3
Unreleased track produced in 2015. A music video was recorded for this track in 2015 with filmmaker Nassault, but much of the footage was lost. Casey Mattson played a few clips of this track during a livestream in 2020, stating that he missed the ""old Oliver"". The track was intended to be included in the unreleased soul album.",3:55,"Jul 28, 2016","Jul 15, 2023",Full,CD Quality,https://pillows.su/f/c401971e24755f3d02746a718bd4d911
Untitled Soul Album,"[Unknown 1]
(prod. Casey Mattson & Oliver Tree)",Unidentified instrumental track included in the instrumental copy of the unreleased soul album.,1:42,,"Jun 18, 2024",Beat Only,CD Quality,https://pillows.su/f/98c0f407dbc1d8bdac25dd5d6c1d3d48
Untitled Soul Album,"[Unknown 2]
(prod. Casey Mattson & Oliver Tree)",Unidentified instrumental track included in the instrumental copy of the unreleased soul album.,2:11,,"Jun 18, 2024",Beat Only,CD Quality,https://pillows.su/f/590b64076c05282fa0962a87e56b7a19
Untitled Soul Album,"[Unknown 3] [V1]
(prod. Casey Mattson & Oliver Tree)","A slightly earlier version of this unnamed instrumental, previewed on Casey Mattson's Facebook in December 2015.",,"Dec 29, 2015","Dec 29, 2015",Snippet,Recording,https://www.facebook.com/casey.mattson.3/videos/1047137185337429
Untitled Soul Album,"[Unknown 3] [V2]
(prod. Casey Mattson & Oliver Tree)",Unidentified instrumental track included in the instrumental copy of the unreleased soul album.,1:12,,"Jun 18, 2024",Beat Only,CD Quality,https://pillows.su/f/320a3e9d389fe28d28e58fff218baa8a
Untitled Soul Album,"[Unknown 4]
(prod. Casey Mattson & Oliver Tree)",Unidentified instrumental track included in the instrumental copy of the unreleased soul album.,2:26,,"Jun 18, 2024",Beat Only,CD Quality,https://pillows.su/f/a0a3b599a1dc3810306f3b33af60c154
Untitled Soul Album,"[Unknown 5]
(prod. Casey Mattson & Oliver Tree)",Unidentified instrumental track included in the instrumental copy of the unreleased soul album.,1:39,,"Jun 18, 2024",Beat Only,CD Quality,https://pillows.su/f/38a4dd300f5206709faaac7a67037ef9
Untitled Soul Album,"[Unknown 6]
(prod. Casey Mattson & Oliver Tree)",Unidentified instrumental track included in the instrumental copy of the unreleased soul album.,0:51,,"Jun 18, 2024",Beat Only,CD Quality,https://pillows.su/f/a925b9771297c35221f025405a379dd9
Untitled Soul Album,"[Unknown 7]
(prod. Casey Mattson & Oliver Tree)",Unidentified instrumental track included in the instrumental copy of the unreleased soul album.,1:26,,"Jun 18, 2024",Beat Only,CD Quality,https://pillows.su/f/f8303137bdedfbc321812d03d916841e
Untitled Soul Album,"[Unknown 8]
(prod. Casey Mattson & Oliver Tree)",Unidentified instrumental track included in the instrumental copy of the unreleased soul album.,1:18,,"Jun 18, 2024",Beat Only,CD Quality,https://pillows.su/f/edb7cf93b7234f1c3a76ef380c782c10
Untitled Soul Album,"[Unknown 9]
(prod. Casey Mattson & Oliver Tree)",Unidentified instrumental track included in the instrumental copy of the unreleased soul album.,4:35,,"Jun 18, 2024",Beat Only,CD Quality,https://pillows.su/f/90fe190121c870bbc2b8079220273cfe
Untitled Soul Album,Untitled Soul Album*,"OG Filename: Oliver Tree x Casey Album Instrumentals for Show
Title: Instrumentals For Tubo's Show 1: Oliver Tree X Casey Soul Album
Instrumentals for an unfinished, untitled album from 2016, apparently compiled for ""Tubo's Show"". Contains instumentals for Please Don't Go, Life Was Never Perfect and an early version of No One Else, as well as several other, unknown tracks, in a single audio file.",,,"Jun 18, 2024",Beat Only,CD Quality,https://pillows.su/f/761700b778db760aaf7f2e98d51e4f9e
"8 Total Full
0 OG File
0 Partial / Cut
2 Snippet
4 Unavailable","Squirt
(Collaboration with Getter)","(Jun 22, 2016) Oliver announces he and Getter's collaboration mixtape 'Squirt'
(Late 2016) Squirt is quietly scrapped",,,,,,
Squirt,"Clean Up Your Mess
(prod. Getter & Oliver Tree)","OG Filename: 10. Clean Up Your Mess
The tenth track of Oliver and Getter's scrapped mixtape 'Squirt'.",1:57,"Jun 8, 2016",,Full,CD Quality,https://pillows.su/f/ee3b29d1b1ad0d147673209cd3864f27
Squirt,"Daddio
(prod. Getter & Oliver Tree)","OG Filename: 1. Daddio nu
Title: 2. Daddio
The second track of Oliver and Getter's scrapped mixtape 'Squirt'.",1:20,"Jun 3, 2016",,Full,CD Quality,https://pillows.su/f/a988c10ceb24d0f544fd1f6c3fd33241
Squirt,"Doo Doo [V1]
(prod. Getter, Oliver Tree & Casey Mattson)","OG Filename: doodoomixing2nd
Casey Mattson played a snippet of one version of this track during a livestream in 2020, mentioning its relevance to Squirt. Sounds significantly different to the leaked version.",,,,Snippet,Recording,https://pillows.su/f/f08956cea39f680926306fd9e92b9b93
Squirt,"Doo Doo [V2]
(prod. Getter, Oliver Tree & Casey Mattson)","OG Filename: doodoo3.8DEC26TH
Filename seen on Casey Mattson's macbook during a livestream.",,,,Confirmed,Not Available,
Squirt,"Doo Doo [V3]
(prod. Getter, Oliver Tree & Casey Mattson)","OG Filename: 4. Doo Doo
Title: 5. Doo Doo (Needs RAP)
The fifth track of Oliver and Getter's scrapped mixtape 'Squirt'. The filename shows this track was intended to feature rapping from Oliver.",1:39,"Jun 3, 2016",,Beat Only,CD Quality,https://pillows.su/f/69509444bcb70e1e2a7398ffddca2c7a
Squirt,"Empire Grade
(prod. Getter & Oliver Tree)","OG Filename: 8. Empire Grade nu
Title: 9. Empire Grade
The ninth track of Oliver and Getter's scrapped mixtape 'Squirt'. Samples 'Twisted Nerve' from the Kill Bill soundtrack. 'Empire Grade' is also the name of a road in Santa Cruz, where Oliver grew up, and the song is likely named after it.",1:56,"Jun 3, 2016",,Full,CD Quality,https://pillows.su/f/9074d758cf172f3890ee672b56e28eb9
Squirt,"Get That Shit
(prod. Getter & Oliver Tree)","OG Filename: 3. Get That Shit nu
Title: 4. Get That Shit
The fourth track of Oliver and Getter's scrapped mixtape 'Squirt'.",2:20,"Jun 3, 2016",,Full,CD Quality,https://pillows.su/f/b193c1c84ce36b00c8e156cbd4717c7b
Squirt,"Good to the Last Drop
(prod. Getter & Oliver Tree)","OG Filename: 7. Good to the Last Drop nu
Title: 8. Good To The Last Drop (Needs RAP)
The eigth track of Oliver and Getter's scrapped mixtape 'Squirt'. Samples a commercial for Maxwell House coffee. The filename shows this track was intended to feature rapping from Oliver.",2:14,"Jun 3, 2016",,Beat Only,CD Quality,https://pillows.su/f/399c448bad115c8cef67d8c52ee66d80
Squirt,"Introducing SQUIRT
(prod. Getter & Oliver Tree)","OG Filename: 1. Introducing SQUIRT
The first track of Oliver and Getter's scrapped mixtape 'Squirt'.",0:17,"Jun 8, 2016",,Full,CD Quality,https://pillows.su/f/277aee6fd600e9eb6b62f6c015a82b60
Squirt,"Massage Situation
(prod. Getter & Oliver Tree)","OG Filename: 5. Massage Situation nu
Title: 6. Massage Situation (Needs RAP)
The sixth track of Oliver and Getter's scrapped mixtape 'Squirt'. Samples 'Nature Boy' by Singers Unlimited, and interpolates 'Massage Situation' by Flying Lotus. The filename shows this track was intended to feature rapping from Oliver.",3:32,"Jun 3, 2016",,Beat Only,CD Quality,https://pillows.su/f/42a9a2a8e96727f74666f03e4c70e84e
Squirt,"⭐ Smell You Later [V2]
(prod. Getter & Oliver Tree)","OG Filename: 2. Smell You Later nu
Title: 3. Smell You Later
The unreleased track Smell You Later was revisited in 2016, intended to be the third track of Oliver and Getter's scrapped mixtape 'Squirt'. This version is largely the same as the previous one, but with cleaner mixing and a short outro.",1:25,"Jun 3, 2016",,Full,CD Quality,https://pillows.su/f/ed634901283db7b74fd554cd51b5648d
Squirt,"Smell You Later [V3 / Alt.]
(prod. Getter & Oliver Tree)","Oliver performed an alternative version of Smell You Later at CalArts some time around 2016, during the period where it was being reworked for Squirt. This may be an intended alternative version of the track, or he could just be freestyling.",,,,Snippet,Recording,https://www.youtube.com/watch?v=ZOQjZk0cq08
Squirt,"Workin'
(prod. Getter & Oliver Tree)","OG Filename: 7. Workin
The seventh track of Oliver and Getter's scrapped mixtape 'Squirt'.",2:29,"Jun 3, 2016",,Full,CD Quality,https://pillows.su/f/9a07a44e5ad2e00dc16c694c9faba6d7
Squirt,Squirt,"Mixtape by Oliver Tree and Getter, intended to release in 2016. The tracklist was arranged with beats for every track but most of them feature no vocals, where Oliver was intended to be rapping.",,"Jun 8, 2016",,Full,CD Quality,https://pillows.su/f/802a4d3b6f91573e6f893a8eb167f59f
"42 Total Full
11 OG File
0 Partial / Cut
3 Snippet
8 Unavailable","Turbo
(Alien Boy)","(Apr 2017) Oliver signs to Atlantic Records
(Aug 3, 2017) The rollout for Turbo begins, with upcoming songs being performed live
(Sep 2017) Turbo is announced through interviews
(Feb 16, 2018) Turbo is pushed back, Alien Boy EP is released instead
(2018) Turbo is quietly scrapped, focus shifts to Ugly is Beautiful",,,,,,
Turbo,"Alien Boy [V1]
(prod. Imad Royal, Casey Mattson & Oliver Tree)
(Oliver Glenwood B)","OG Filename: Oliver_Glenwood_B_03
Title: Alien Boy (Casey & Imad)
The earliest known demo of Alien Boy, from 2017.",1:34,"Apr 7, 2017","Jun 18, 2024",Full,High Quality,https://pillows.su/f/29e69751bcb101c990c29b7b5cd4fa7ee
Turbo,"Alien Boy [V2]
(prod. Imad Royal, Casey Mattson & Oliver Tree)
(Oliver Glenwood B)","OG Filename: 01 Alien Boy Mix Villiage 2
Title: Alien Boy
Updated demo of Alien Boy from 2017.",1:55,"Jun 1, 2017","Jun 18, 2024",Full,CD Quality,https://pillows.su/f/2458e4da4f1b0042070846bb70681f62
Turbo,"Come Again [V1]
(prod. Casey Mattson, Oliver Tree & Dylan Wiggins)
(All in All, Oliver Glenwood D)","OG Filename: Oliver_Glenwood_D_01
The first mix of All in All, seen on Casey Mattson's macbook during a livestream. The song was recorded at Glenwood Recording Studios, alongside at least four other songs, based on the filename and other filenames that were visible.",,,,Confirmed,Not Available,
Turbo,"Come Again [V2]
(prod. Casey Mattson, Oliver Tree & Dylan Wiggins)
(All in All, Oliver Glenwood D)","OG Filename: Oliver_Glenwood_D_01_V2
An early mix of All in All seen on Casey Mattson's macbook during a livestream, where he played a brief snippet of the cut instrumental section. Sounds mostly the same as the below mixes.",,,,Snippet,Recording,https://pillows.su/f/74fcc3497e51561bcac2ba933333bca6
Turbo,"Come Again [V3]
(prod. Casey Mattson, Oliver Tree & Dylan Wiggins)
(All in All, Oliver Glenwood D)","OG Filename: Oliver_Glenwood_D_04
Another mix of All in All seen on Casey Mattson's macbook during a livestream, with the track length visible.",3:22,,,Confirmed,Not Available,
Turbo,"Come Again [V4]
(prod. Casey Mattson, Oliver Tree & Dylan Wiggins)
(All in All, Oliver Glenwood D)","OG Filename: Oliver_Glenwood_D_06
Title: Come Again (Casey & Dylan)
Demo mix of All in All from 2017, originally named 'Come Again'. Uses a significantly different instrumental to the final version.",3:15,"Apr 7, 2017","Dec 23, 2023",Full,High Quality,https://pillows.su/f/dc1fba768c10e58f50473f5e827afed5
Turbo,"⭐ All in All [V5]
(prod. Casey Mattson, Oliver Tree & Dylan Wiggins)
(Come Again, Oliver Glenwood D)","OG Filename: All in All Villiage
Title: All in All
Updated demo mix of All in All from later in 2017. Uses a significantly different instrumental to the final version, with an instrumental break which was entirely cut from later mixes.",3:03,"Jun 1, 2017","Jun 18, 2024",Full,High Quality,https://pillows.su/f/737663382c58da1f0ac2ba9a1e63e6e8
Turbo,"⭐ Better Things [V2]
(prod. Robert Koch & Oliver Tree)
(Tree Demo A)","OG Filename: Better Things Villiag
Title: Better Things
Updated mix of Better Things produced in 2017, intended to be included in the scrapped album Turbo.",2:51,"Jun 1, 2017","Jun 18, 2024",Full,High Quality,https://pillows.su/f/d7b5ab4c856e5dcbe93a0459cb7eff89
Turbo,"Cheapskate [V3]
(prod. Robert Koch & Oliver Tree)",An earlier bounce of Cheapskate is implied to exist based on the filename of the version that has surfaced.,,,,Confirmed,Not Available,
Turbo,"Cheapskate [V4]
(prod. Robert Koch & Oliver Tree)",An earlier bounce of Cheapskate is implied to exist based on the filename of the version that has surfaced.,,,,Confirmed,Not Available,
Turbo,"Cheapskate [V5]
(prod. Robert Koch & Oliver Tree)",An earlier bounce of Cheapskate is implied to exist based on the filename of the version that has surfaced.,,,,Confirmed,Not Available,
Turbo,"Cheapskate [V6]
(prod. Robert Koch & Oliver Tree)",An earlier bounce of Cheapskate is implied to exist based on the filename of the version that has surfaced.,,,,Confirmed,Not Available,
Turbo,"Cheapskate [V7]
(prod. Robert Koch & Oliver Tree)","OG Filename: Cheapskate Mix V7 +2bpm
Title: Cheapskate
Updated demo of Cheapskate from 2017.",3:02,"Jun 1, 2017","Jun 18, 2024",Full,High Quality,https://pillows.su/f/799cfe5c4ae7376a6948429b520eaa6f
Turbo,"Come On
(prod. Whethan & Oliver Tree)","OG Filename: Come On
Unreleased track produced in 2017.",2:27,"Jun 16, 2017","Jun 18, 2024",Full,CD Quality,https://pillows.su/f/0b22d33d5964a0945a9e9b4c2aeb8210
Turbo,"✨ Come On Over
(prod. Rogét Chahayed & Oliver Tree)","OG Filename: Come On Over Roget vs Oliver
Title: Come On Over
Unreleased track produced in 2017.",2:06,"Jun 22, 2017","Dec 5, 2023",Full,High Quality,https://pillows.su/f/2de81335c6f12dd91c07e2b478e8254c
Turbo,"⭐ Cool Guy
(prod. Whethan & Oliver Tree)","OG Filename: Cool Guy Edit
Title: Cool Guy
Unreleased track produced in 2017.",2:20,"Jun 16, 2017","Dec 4, 2023",Full,CD Quality,https://files.catbox.moe/6fx3um.mp3
Turbo,"Cruel
(prod. Whethan & Oliver Tree)","OG Filename: Cruel
Fairly rough unreleased track produced in 2017.",2:06,"Jun 16, 2017","Jun 15, 2022",OG File,Lossless,https://pillows.su/f/5cb01661f2c40a76fa84d13f9d5cc9d9
Turbo,Circuits [V10],"OG Filename: Circuts Villiage
Title: Circuits
An updated mix of Circuits from 2017. A brief snippet of this mix was played by Casey Mattson during a livestream in 2020.",3:25,"Jun 1, 2017","Jun 18, 2024",Full,High Quality,https://pillows.su/f/54f17f6f5e9117ed70b78414586e888f
Turbo,"Ghost*
(prod. Louis The Child, Imad Royal & Oliver Tree)","OG Filename: Oliver Tree Imad
Unbounced, untitled track recorded in 2017.",1:40,"May 23, 2017","Aug 4, 2025",OG File,Lossless,https://imgur.gg/f/hGNIZYA
Turbo,"🗑️ Hero
(prod. Tabacco & Oliver Tree)","OG Filename: Oliver Tree X Tabacco - Hero
The worst thing Oliver has ever produced.",1:33,"May 18, 2017","Jun 18, 2024",Full,CD Quality,https://pillows.su/f/30f11b74508784d0ae4a05142b1ec4eb
Turbo,"Instrumental 1
(prod. Rogét Chahayed, Westen Weiss, Casey Mattson & Oliver Tree)","OG Filename: Roget x Wes x Casey x Oliver Tree- A (take 2)
Title: Instrumental 1 (Roget X Wes X Casey)
Unused instrumental track produced in 2017.",3:48,"Apr 7, 2017","Jun 18, 2024",Full,High Quality,https://pillows.su/f/a7b7883e043102f4ba26a2d2f00dafb6
Turbo,"Instrumental 2
(prod. Rogét Chahayed, Westen Weiss & Oliver Tree)","OG Filename: Roget x Wes x Oliver Tree - instrumental 2
Title: Instrumental 2 (Roget X Wes)
Unused instrumental track produced in 2017.",2:01,"Apr 7, 2017","Jun 18, 2024",Full,High Quality,https://pillows.su/f/0ce27e3d6f5fb6e2e48c9ed88cb6e417
Turbo,"⭐ Lies [V2]
(prod. Rogét Chahayed & Oliver Tree)","OG Filename: 01 Lies
Title: Lies
Scrapped song produced in 2017 by Oliver Tree and Rogét Chahayed, intended for the scrapped album Turbo. The song was performed live several times around 2017, but did not release, and became arguably Oliver's most notorious and highly sought-after unreleased track. Although a few recordings of its performances were found, the song itself was considered lost for several years, until eventually the full thing leaked on 30 July 2023 after a successful groupbuy.",4:44,"Jun 1, 2017","Jul 30, 2023",Full,High Quality,https://pillows.su/f/53608d98eb75096f64571bf6da0ae8a6
Turbo,"Life Goes On [V2]
(prod. Getter & Oliver Tree)","OG Filename: Life Goes On Villiage 2
Title: Life Goes On
An updated mix of Life Goes On from 2017, with the open verse freestyle replaced with a new rap verse.",3:29,"Jun 1, 2017","Jun 18, 2024",Full,High Quality,https://pillows.su/f/4f458c86420e5732902e0759ade2ed6f
Turbo,"⭐ Money Talks [V1]
(prod. Whethan & Oliver Tree)","OG Filename: MONEY TALKS
Unreleased track produced in 2017. The song was seemingly planned for release at some point, with members of Oliver and Whethan sharing snippets of the song around 2017, but for whatever reason it did not release.",2:23,"Aug 30, 2017","Jun 15, 2022",OG File,Lossless,https://pillows.su/f/7e7c1bb4c3d3df83fd6fec0ee195e94a
Turbo,"Money Talks [V2]
(prod. Whethan & Oliver Tree)","An alternative, presumably later version of Money Talks, only available in very low quality. Apart from minor mixing changes the song is structured differently from 1:26 to the end, and the rap verse is removed. The original source for this is currently lost, but it's believed to have been previewed officially by Whethan in an Instagram Live or similar in 2018.",2:21,,"Oct 2, 2018",Full,Low Quality,https://pillows.su/f/1fcf825a2c0c07c9122396da3edeefa4
Turbo,"⭐ Spotlights
(prod. Whethan & Oliver Tree)","OG Filename: Oliver Summer v8
Unreleased track produced in 2017. Re-uses a few lyrics from Oliver and Awkword's 2011 collaboration ""Session"".",3:11,"Jun 16, 2017","Jun 15, 2022",OG File,Lossless,https://pillows.su/f/864122a6b0dbaf54bc40e0a4db000604
Turbo,"Superficial
(prod. Oliver Tree, Leroy Clampitt, & Casey mattson)","OG Filename: 270617 - Superfacial - (Oliver TreeXBigTasteXCasey)
Title: Superficial
Unreleased track produced in 2017. The track name is mispelled in the original filename.",2:15,"Jul 2, 2017","Dec 11, 2023",Full,High Quality,https://pillows.su/f/b4b1ebf96610f5e6e88b4263e14732d7
Turbo,"⭐ Theme Song
(prod. Whethan & Oliver Tree)","OG Filename: theme song
OG Filename (Metadata): theme song update
Unreleased track produced in 2017.",2:07,"Jun 16, 2017","Jun 15, 2022",OG File,Lossless,https://pillows.su/f/73b61318f5d4fe91137f28c14eb5cdff
Turbo,"Upside Down [V1]
(prod. NVDES, Casey Mattson & Oliver Tree)
(Oliver Glenwood E)","OG Filename: Oliver_Glenwood_E_01
Filename seen on Casey Mattson's macbook during a livestream, with the track length visible - seemingly recorded during the same session as All in All, which was named similarly.",3:16,,,Confirmed,Not Available,
Turbo,"Upside Down [V2]
(prod. NVDES, Casey Mattson & Oliver Tree)
(Oliver Glenwood E)","OG Filename: Oliver_Glenwood_E_05
Filename seen on Casey Mattson's macbook during a livestream, with the track length visible.",3:24,,,Confirmed,Not Available,
Turbo,"Upside Down [V3]
(prod. NVDES, Casey Mattson & Oliver Tree)
(Oliver Glenwood E)","OG Filename: Oliver_Glenwood_E_06
Title: Upside Down (Josh & Casey)
Demo mix of Upside Down from 2017. Uploaded to Oliver's Soundcloud titled ""Upside Down (Josh & Casey)"".",3:14,"Apr 7, 2017","Jun 18, 2024",Full,High Quality,https://pillows.su/f/af4d025408204d35b3caa4f2af4ad8cd
Turbo,"Upside Down [V4]
(prod. NVDES, Casey Mattson & Oliver Tree)
(Oliver Glenwood E)","OG Filename: 01 Upside Down
Title: Upside Down
Updated demo of Upside Down from later in 2017.",3:16,"Jun 1, 2017","Jun 18, 2024",Full,High Quality,https://pillows.su/f/70b76dbdad6fa4a7fe92c8ff0fd4c1de
Turbo,"⭐ Use Your Words [V2]
(prod. Imad Royal, Casey Mattson & Oliver Tree)","OG Filename: 01 Use Your Words Villiage 2
Title: Use Your Words
Updated mix of Use Your Words produced in 2017. Seemingly considered for release.",2:11,"Jun 1, 2017","Jun 18, 2024",Full,High Quality,https://pillows.su/f/81cfda5b8272fe27cfe656640f7c50f0
Turbo,"✨ Waiting For Nothing
(prod. Imad Royal, Casey Mattson & Oliver Tree)
(Glendwood C)","OG Filename: GLENDWOOD C2
Title: Waiting For Nothing (Casey x Imad)
Unreleased track produced in 2017. Re-uses several lyrics from Demons.",3:38,"Apr 17, 2017","Aug 14, 2023",Full,CD Quality,https://pillows.su/f/0981863dd92c6f6c32f05f74ceb16415
Turbo,"✨ Wasted Years [V3]
(prod. Whethan & Oliver Tree)","OG Filename: Waisted Years idea
Updated mix of Wasted Years, stll misspelt, from later in 2017.",3:36,"Jun 13, 2017","Jun 15, 2022",OG File,Lossless,https://pillows.su/f/c4ba4c0c79a638db0e8d26c74b231577
Turbo,"⭐ What You Are [V3]
(prod. Imad Royal, Casey Mattson & Oliver Tree)","OG Filename: What You Are Villiage
Title: What You Are
Updated mix of What You Are from 2017.",2:57,"Jun 1, 2017","Jan 19, 2024",Full,High Quality,https://pillows.su/f/433b019e5891a9094f055930b96c6d89
Turbo,"You Thought Wrong
(prod. Oliver Tree & Leroy Clampitt)","OG Filename: 270617 - You Thought Wrong - (OliverTreeXBigTaste)
Title: You Thought Wrong
Unreleased track produced in 2017.",2:38,"Jun 27, 2017","Jun 18, 2024",Full,High Quality,https://pillows.su/f/ecc53c5a55fe15bbf2a422436e5c410a
Turbo,⭐ Circuits [V11],"OG Filename: CIRCUITS STEMS
Finished, unreleased song intended to be included in the scrapped album Turbo.  Circuits was performed live several times around 2017-2018, but was scrapped in late 2018 when focus shifted to Ugly is Beautiful, and the song gained notoriety amongst Oliver's fans who wanted to see it released. Oliver jokingly denied the existence of the song whenever asked about it in interviews, and it was considered lost for several years until the stems for the track finally leaked on 20 September 2022.",3:24,"Jul 4, 2018","Sep 20, 2022",OG File,Lossless,https://pillows.su/f/ed2cedaa409d449e205e3b83dff89125
Turbo,"Enemy [V2]
(prod. Whethan & Oliver Tree)","OG Filename: Enemy Final
Despite the filename, this is not the final mix, though it sounds almost identical to the final version besides minor mixing changes.",1:55,,"Jun 15, 2022",OG File,Lossless,https://pillows.su/f/59d9b5ab8e64a30986e4f447030a1b49
Turbo,"Faceplant
(prod. Imad Royal, Rogét Chahayed & Oliver Tree)","OG Filename: Faceplant (v1)
Title: Faceplant (Imad x Roget)
Unreleased track produced during work on Ugly is Beautiful.",2:19,"Aug 25, 2017","Jun 18, 2024",Full,High Quality,https://pillows.su/f/7c64d6c69b4181f2e5f33b97d6be6e89
Turbo,"⭐ Life Goes On [V3]
(prod. Getter & Oliver Tree)","OG Filename: LIFE GOES ON STEMS
Early mix of Life Goes On from 2017, including the rap verse that was removed from later iterations of the song. This version was performed live several times around 2017-2018 and was intended to be included in the scrapped album Turbo.",3:48,"Sep 10, 2017","Nov 8, 2022",OG File,Lossless,https://pillows.su/f/642b75220e68ca52d513a831d0ea3b48
Turbo,Oliver Beck Song*,"OG Filename: oliverbecksong1
A song named ""oliverbecksong1"", and the stems for it, were visible on Casey Mattson's macbook during a livestream in 2020, with Casey briefly playing a stem named ""HORN-1"". The track length was also visible.",3:24,,,Snippet,Recording,https://pillows.su/f/070ccd63062f114b15cbd6c75903c3bd
Turbo,"⭐ Shut Me Up
(prod. Whethan & Oliver Tree)","OG Filename: SHUT ME UP
Unreleased track produced in 2017. The song was seemingly planned for release at some point, with members of Oliver sharing a snippet of the song in 2017, but for whatever reason it did not release.",2:34,"Aug 30, 2017","Jun 15, 2022",OG File,Lossless,https://pillows.su/f/2b5b11a7438e380f2789a02f8e9da0eb
Turbo,"Welcome to LA [V2]
(prod. Whethan & Oliver Tree)","OG Filename: Oliver Tree - Welcome To LA (Final)
Despite the filename, this is not the final mix, and contains slight differences in the instrumental. It is otherwise very similar to the release version.",2:30,,"Jun 15, 2022",OG File,Lossless,https://pillows.su/f/7fc01dd10ae02622e34def97fd8f7fbf
Turbo,⭐ Against Myself,"OG Filename: Against Myself
Unreleased track produced during 2017.",3:01,"Sep 24, 2017","Jun 7, 2024",Full,CD Quality,https://pillows.su/f/84325c8aeac98b32376a8f69eb7def8c
Turbo,"Alien Boy [V3]
(prod. Imad Royal, Casey Mattson & Oliver Tree)
(Oliver Glenwood B)","OG Filename: Alien Boy 2
Title: Alien Boy
Updated demo of Alien Boy, with an unused early version of the Alien Boy EP cover art attached.",1:46,"Oct 9, 2017","Jun 18, 2024",Full,High Quality,https://pillows.su/f/f0e836eb644ed48f6e9193ff8461118d
Turbo,"All That [V2]
(prod. Whethan & Oliver Tree)","OG Filename: Oliver Tree - All That
Updated mix of All That from later in 2017, still with the second half missing. This version was intended to be included in the scrapped album Turbo.",1:29,"Sep 1, 2017","Jun 18, 2024",Full,CD Quality,https://pillows.su/f/a5be16539d54cd2c80cc861f884b9f97
Turbo,"Ghosts [V1]
(prod. Sterling Fox & Oliver Tree)","OG Filename: Ghosts (demo 1-1)
Title: Oliver Tree - Ghosts
Unreleased track produced in 2017.",3:04,"Oct 6, 2017","Jun 18, 2024",Full,High Quality,https://pillows.su/f/ba81bb8d361c4b65cd1d98a07f87dfc6
Turbo,"Ghosts [V2]
(prod. Sterling Fox & Oliver Tree)","OG Filename: GHOSTS (fox worktape 2-2 Oliver Tree, Sterling Fox)
Second version of Ghosts with a completely different instrumental, still produced by Sterling Fox.",2:46,,"Aug 31, 2021",Full,Lossless,https://pillows.su/f/9278074222f83e61e7439a4e4649d11a
Turbo,"⭐ Halo [V1]
(prod. Casey Mattson & Oliver Tree)","OG Filename: Halo
Unreleased track produced in 2017. Casey Mattson played a snippet of this track during a livestream in 2020, stating that it would never release.",3:10,"Oct 6, 2017","Dec 25, 2023",Full,CD Quality,https://files.catbox.moe/ppzoe4.mp3
Turbo,"🏅 Halo [V2]
(prod. Casey Mattson & Oliver Tree)","OG Filename: Halo Casey vs Oliver10.21.17
Updated mix of Halo with a different intro, played briefly by Casey Mattson during a livestream in 2020.",,"Oct 21, 2017",,Snippet,Recording,https://pillows.su/f/e66ab509669437ee6639087c7e7e81ed
Turbo,Turbo,"OG Filename: Oliver Tree - Indie Beat Tape
Fully finished copy of the scrapped album Turbo from 2017, in a single audio file with transitions between songs.",40:00,,,Full,CD Quality,https://pillows.su/f/57f3b969d0579c0271216c0bc78ff0f8
"65 Total Full
4 OG File
0 Partial / Cut
0 Snippet
5 Unavailable","Ugly is Beautiful [V1]
(Do You Feel Me?)","(Dec 7, 2018) Ugly is Beautiful is announced, intended to release in early 2019. Hurt is released as the lead single
(Feb 2019) Ugly is Beautiful is delayed to summer 2019. The Ugly is Beautiful tour begins
(Aug 2019) Ugly is Beautiful is delayed to 2020, DYFM? EP is released instead
(Sep 13, 2019) The Goodbye Farewell tour begins",,,,,,
Ugly is Beautiful [V1],"⭐ 2 Trees
(Sun*)","OG Filename: 2 Trees Vocal REMIX FINISHED DEMO
Unreleased track produced some time around 2017-2018, previewed many times and evidently intended for release for a while. However, for unknown reasons, it did not release, and was considered a community grail for many years. The song is seemingly unnamed, and is commonly referred to by fans as 'Sun'.",2:38,"Jul 21, 2018","Dec 13, 2023",Full,CD Quality,https://pillows.su/f/f4015b671c9daacfe278636a6534dc988
Ugly is Beautiful [V1],"Again & Again [V1]
(prod. NVDES & Oliver Tree)","OG Filename: OLIVER TREE 1.24.18 - AGAIN AND AGAIN (1)
Title: OLIVER TREE 1.24.18 - AGAIN AND AGAIN
Very rough, early demo of Again & Again from 2018. The structure is similar to the final version, but the bridge section is missing. One of the first tracks to feature the overdriven rock sound that Ugly is Beautiful would become known for.",2:47,"Jan 24, 2018","Jun 18, 2024",Full,High Quality,https://pillows.su/f/797d21439045cc7474829182b3228df1
Ugly is Beautiful [V1],"Again & Again [V2]
(prod. NVDES & Oliver Tree)","OG Filename: Again & Again (MASH)
Title: Again & Again (Update)
Updated demo mix of Again & Again from 2018. The mixing is improved, though still very rough, and the structure is rearranged slightly, with a bridge section being added.",2:18,"Jun 26, 2018","Jun 18, 2024",Full,CD Quality,https://pillows.su/f/d6a4350a9159e08b63641c94fcd597dd
Ugly is Beautiful [V1],"Again & Again [V3]
(prod. NVDES & Oliver Tree)","OG Filename: AGAIN AND AGAIN (MIX V1)
Updated mix of Again & Again from later in 2018. The song now very closely resembles the release version.",2:55,"Dec 21, 2018","Jun 18, 2024",Full,CD Quality,https://pillows.su/f/6a0197029e834697f97a4cc571cfb6cd
Ugly is Beautiful [V1],"Again & Again [V4]
(prod. NVDES & Oliver Tree)","OG Filename: Again and Again_Version 6000
Further updated mix of Again & Again from later in 2018. The structure of the song is now the same as release, though the mixing is still notably rougher.",2:56,"Dec 21, 2018","Jun 18, 2024",Full,CD Quality,https://pillows.su/f/ceba3ada31680bb734e048264b78da45
Ugly is Beautiful [V1],"✨ All Bets Are Off [V1]
(prod. NVDES & Oliver Tree)","OG Filename: All Bets Are Off
Title: Oliver Tree - All Bets Are Off (ft. Nvdes)
The first demo of All Bets Are Off, with several entirely different verses that were cut from later versions.",3:38,"Sep 2, 2017","Dec 24, 2023",Full,High Quality,https://pillows.su/f/4bda7337917b4799281b91d94b246b79
Ugly is Beautiful [V1],"All Bets Are Off [V2]
(prod. NVDES & Oliver Tree)","OG Filename: All Bets Are Off_02
Title: All Bets Are Off (UPDATE)
Updated mix of All Bets Are Off from 2018.",3:06,"Aug 9, 2018","Jun 18, 2024",Full,High Quality,https://pillows.su/f/ac818505e3d7b3657c51d57356ef4c87
Ugly is Beautiful [V1],"All Bets Are Off [V3]
(prod. NVDES & Oliver Tree)","OG Filename: all-bets-are-off-3
Title: All Bets Are Off
Updated demo of All Bets Are Off.",2:08,"Sep 6, 2018","Jun 18, 2024",Full,High Quality,https://pillows.su/f/e470570a4fdb4de95c6f1432140c3a85
Ugly is Beautiful [V1],"All Bets Are Off [V4]
(prod. NVDES & Oliver Tree)","OG Filename: all-bets-are-off-mix-v1
Title: All Bets Are Off Mix V2
Updated demo of All Bets Are Off.",2:16,"Dec 19, 2018","Jun 18, 2024",Full,CD Quality,https://pillows.su/f/57b3c894728607c479ea4d896c448011
Ugly is Beautiful [V1],"All Bets Are Off [V5]
(prod. NVDES & Oliver Tree)","OG Filename: All Bets Are Off Mix V4
Updated demo of All Bets Are Off.",2:11,"Jul 8, 2019","Jun 18, 2024",Full,CD Quality,https://pillows.su/f/e073c1d86a43a04a2eb4727d8e88687a
Ugly is Beautiful [V1],✨ Better Days,"OG Filename: Better Days - (OliverTree)
Unreleased track produced during work on Ugly is Beautiful.",2:30,"Jul 13, 2018","Jun 18, 2024",Full,High Quality,https://pillows.su/f/05ba491dfbc0a290a62eeddf7dbbec3f
Ugly is Beautiful [V1],"🗑️ Bury Me Alive [V1]
(prod. Trevor Brown, William Simmons & Oliver Tree)","OG Filename: Oliver Tree ROUGH MIX
Title: OLIVER TREE - BURY ME ALIVE
Demo mix of Bury Me Alive from 2018 with a rougher mix and a different outro. This mix had unique cover art uploaded alongside it which was intended for the song, but went unused.",2:53,"Jul 11, 2018","Dec 10, 2023",Full,High Quality,https://pillows.su/f/cb333b3b257cb7a28cd9132a5306396a
Ugly is Beautiful [V1],"Bury Me Alive [V2]
(prod. Trevor Brown, William Simmons & Oliver Tree)","OG Filename: bury-me-alivev11
Title: Bury Me Alive
Updated mix of Bury Me Alive from later in 2018.",2:44,"Sep 6, 2018","Jun 18, 2024",Full,High Quality,https://pillows.su/f/b5d542d469fedf124c9387d702067e5a
Ugly is Beautiful [V1],"Bury Me Alive [V3]
(prod. Trevor Brown, William Simmons & Oliver Tree)",An earlier bounce of Bury Me Alive is implied to exist based on the filename of the version that has surfaced.,,,,Confirmed,Not Available,
Ugly is Beautiful [V1],"Bury Me Alive [V4]
(prod. Trevor Brown, William Simmons & Oliver Tree)","OG Filename: Bury Me Alive Mix V4
Updated mix of Bury Me Alive.",2:56,"Dec 19, 2018","Jun 18, 2024",Full,CD Quality,https://pillows.su/f/f8418c268ab33f38c0c2d686dc05fa0a
Ugly is Beautiful [V1],"Do You Feel Me? [V1-12]
(prod. Whethan & Oliver Tree)",Earlier bounces of Do You Feel Me? are implied to exist based on the filename of the version that has surfaced.,,,,Confirmed,Not Available,
Ugly is Beautiful [V1],"Do You Feel Me? [V13]
(prod. Whethan & Oliver Tree)","OG Filename: do-you-feel-me-mix-v13
Title: Do You Feel Me w/ Whethan Mix V13
Rough mix of Do You Feel Me? from shortly before release.",3:06,"Jul 8, 2019",,Full,CD Quality,https://pillows.su/f/b989dee2597a985231f465a138e422c0
Ugly is Beautiful [V1],⭐ Don't Call Me,"OG Filename: DONT CALL ME.wav 2
Title: DONT CALL ME
Unreleased track produced in 2018.",3:01,"May 31, 2018","Dec 14, 2023",Full,High Quality,https://imgur.gg/f/3MxVgkk
Ugly is Beautiful [V1],"Fuck [V1]
(prod. Whethan, Baauer & Oliver Tree)
(FUCK!)","OG Filename: Fuck_01
Demo of Fuck from 2018.",2:34,"Aug 9, 2018","Jun 18, 2024",Full,High Quality,https://pillows.su/f/734891005fb59af0805ad544687ddc26
Ugly is Beautiful [V1],"Fuck [V2]
(prod. Whethan, Baauer & Oliver Tree)
(FUCK!)","OG Filename: oliver-tree-fuck-short
Title: Oliver Tree - FUCK!
Demo of Fuck from 2018.",1:57,"Sep 7, 2018","Jun 18, 2024",Full,High Quality,https://pillows.su/f/b3efc38694100b0b2aebe075d825c312
Ugly is Beautiful [V1],"Fuck [V3]
(prod. Whethan, Baauer & Oliver Tree)
(FUCK!)","OG Filename: FUCK (SHORTENED 4 Video)
Alternate, shorter mix of Fuck for the music video.",2:05,"Sep 20, 2018","Jun 18, 2024",Full,CD Quality,https://pillows.su/f/979e122b974f1d2fe2b2d668b6f9e8c66
Ugly is Beautiful [V1],"Fuck [V4]
(prod. Whethan, Baauer & Oliver Tree)
(FUCK!)","OG Filename: FUCK SHORTENED (FINAL)
Updated music video version of Fuck.",2:05,"Sep 21, 2018","Jun 18, 2024",Full,CD Quality,https://pillows.su/f/a8c9de230a3acdf90d6604a8c45d6366
Ugly is Beautiful [V1],"Fuck [V5]
(prod. Whethan, Baauer & Oliver Tree)
(FUCK!)","OG Filename: fuckk-bauuer-x-whethan
Title: FUCK
Demo of Fuck from 2018.",2:34,"Nov 10, 2018","Jun 18, 2024",Full,CD Quality,https://pillows.su/f/66110fda3d7ad5c1d8dfd677b77ef1bc
Ugly is Beautiful [V1],"Fuck [V6]
(prod. Whethan, Baauer & Oliver Tree)
(FUCK!)","OG Filename: fuck-mix-1st-mix
Title: FUCK (2nd Mix)
Demo mix of Fuck from 2018 with several different lyrics and rougher mixing overall.",2:35,"Dec 19, 2018","Dec 9, 2023",Full,CD Quality,https://pillows.su/f/f8528190abd8c0dee40a59816d2c1499
Ugly is Beautiful [V1],"✨ Fuckin' Up [V1]
(prod. Whethan, Oliver Tree & Michael Leary)
(Hurt)","OG Filename: Fuckin Up_02
Title: Fuckin Up 02 (Whethan)
Early demo of Hurt from 2018 with an extra bridge section that was removed from later versions. At this stage it was named ""Fuckin Up"".",3:06,"Aug 9, 2018","Dec 23, 2023",Full,CD Quality,https://files.catbox.moe/iy0c6z.mp3
Ugly is Beautiful [V1],"Fuckin' Up [V2]
(prod. Whethan, Oliver Tree & Michael Leary)
(Hurt)","OG Filename: Fuckin Up (Whethan) UPDATE
Updated demo of Hurt, still named Fuckin Up.",2:25,"Sep 6, 2018","Jun 18, 2024",Full,High Quality,https://pillows.su/f/0ede162c4be780830faf16b925c95d67
Ugly is Beautiful [V1],"Fuckin' Up [V3]
(prod. Whethan, Oliver Tree & Michael Leary)
(Hurt)","OG Filename: fuckin-up-041
Title: Fuckin Up (Update)
Updated demo of Hurt, still named Fuckin Up. Structured differently to the final version.",2:15,"Sep 11, 2018","Jun 18, 2024",Full,CD Quality,https://pillows.su/f/a4db9d72841d124421fab813cfa88c00
Ugly is Beautiful [V1],"Hurt [V4]
(prod. Whethan, Oliver Tree & Michael Leary)
(Fuckin' Up)","OG Filename: fuckin-up-nu-nu
Title: Hurt
Demo mix of Hurt from a few months before release, mostly similar to the final version but with rougher mixing.",2:25,"Sep 14, 2018","Jun 18, 2024",Full,CD Quality,https://pillows.su/f/d2f49079c07f58fbeed85282737e6707
Ugly is Beautiful [V1],"✨ Gimmie a Reason
(prod. Oliver Tree & Shawn)","OG Filename: Gimmie A Reason_01
Title: Gimmie A Reason (Shawn)
Unreleased track produced in 2018.",1:41,"Aug 9, 2018","Dec 20, 2023",Full,High Quality,https://pillows.su/f/3fcfb2cb129aea6a09fcdfd02fb124a5
Ugly is Beautiful [V1],⭐ I Ain't Fucking With You,"OG Filename: I Ain't Fucking With You
Scrapped song produced in 2018, with rapping and a repetitive hook performed by Oliver. The song was intended for release at some point in 2018, being performed live several times as well as being previewed in several behind the scenes youtube videos posted by Oliver around this time. Despite this, the song did not release.",2:40,"May 31, 2018","Aug 8, 2023",Full,High Quality,https://pillows.su/f/f3d49ddeaefb688dca8cfce16ad24e29
Ugly is Beautiful [V1],"I'm Gone
(prod. Dylan Wiggins & Oliver Tree)","OG Filename: Oliver Tree_I'm Gone
Title: I'm Gone
Demo mix of I'm Gone from 2018. Similar to the final version but with very rough mixing.",3:08,"Jun 2, 2018","Jan 20, 2023",Full,CD Quality,https://pillows.su/f/89688cfbd81570af67d1c121f81f5c72
Ugly is Beautiful [V1],"⭐ I'm Like That
(prod. Whethan, Westen Weiss & Oliver Tree)","OG Filename: Oliver Tree - Im Like That - Westen Weiss
Unreleased track produced in 2019, and later considered for the animated film ""Spiderman: Across The Spiderverse."" The track did not make the cut for the film and was scrapped. Copyright for the song was registered on August 30, 2021.",1:51,"Apr 25, 2019","Aug 19, 2021",OG File,CD Quality,https://pillows.su/f/7660b59756c0d21a6386558b9fdf7dd1
Ugly is Beautiful [V1],"✨ Icarus*
(prod. Lophiile & Oliver Tree)","OG Filename: Oliver Lo 1.0 (1)
Title: Oliver & lophiile
Unreleased track from 2018 with rapping from Oliver. The song is seemingly unnamed.",2:41,"Jul 13, 2018","Jun 18, 2024",Full,High Quality,https://pillows.su/f/d8da3682e01382fe5bcaf0ecf2c7bf31
Ugly is Beautiful [V1],"Idea 1
(prod. Oliver Tree & Jen)
(Schoolyard*)","OG Filename: Oliver Tree - Idea 2 031618 (2)
Title: Oliver Tree & Jen - Idea 1
Unreleased track produced in 2018. Sometimes referred to by fans as ""Schoolyard"".",3:05,"Jul 13, 2018",,Full,High Quality,https://pillows.su/f/462c8ad95da32d470b46a482490e1481
Ugly is Beautiful [V1],"Introspective
(prod. Andrew Goldstein & Oliver Tree)","OG Filename: introspective-2
Title: INTROSPECTIVE
Rough mix of Introspective from shortly before release.",2:18,"Jul 8, 2019",,Full,CD Quality,https://pillows.su/f/b62145e6d6089e71666754fde16da34e
Ugly is Beautiful [V1],"Joke's On You! [V1]
(prod. Stint, Oliver Tree & Rogét Chahayed)","Demo mix of Joke's On You! from mid-2018, with several different lyrics and a rougher mix.",3:12,,"Dec 30, 2021",Full,CD Quality,https://pillows.su/f/149e8d3df7ed51c6f60f52a813c5e3cd
Ugly is Beautiful [V1],"Joke's On You! [V2]
(prod. Stint, Oliver Tree & Rogét Chahayed)","OG Filename: jokes-on-you-01
Title: Jokes On You (stint)
Updated mix of Joke's On You! from 2018.",3:12,"Jul 18, 2018","Jun 18, 2024",Full,CD Quality,https://pillows.su/f/4c554dc9be4de4fc56905538f008cb7f
Ugly is Beautiful [V1],"Joke's On You! [V3]
(prod. Stint, Oliver Tree & Rogét Chahayed)","OG Filename: Jokes On You v1
Updated mix of Joke's On You! from 2018.",3:12,"Jul 28, 2018","Aug 4, 2025",Full,CD Quality,https://imgur.gg/f/eHWawTI
Ugly is Beautiful [V1],"Joke's On You! [V4]
(prod. Stint, Oliver Tree & Rogét Chahayed)","OG Filename: jokes-on-you-update
Title: Jokes On You
Updated mix of Joke's On You! from 2018.",3:12,"Sep 11, 2018","Jun 18, 2024",Full,CD Quality,https://pillows.su/f/e5e68d915c77aa792585582ca605028c
Ugly is Beautiful [V1],"Joke's On You! [V5]
(prod. Stint, Oliver Tree & Rogét Chahayed)","OG Filename: Jokes On You (1st Mix)
Updated mix of Joke's On You! from 2018.",3:13,"Dec 19, 2018","Jun 18, 2024",Full,CD Quality,https://pillows.su/f/d312e4ad8ba54b5ada31d8b04c2b6350
Ugly is Beautiful [V1],"Learning
(prod. Casey Mattson, James & Oliver Tree)","OG Filename: Learning - Oliver Tree x Casey x James
Unreleased track produced during this time period.",2:36,"Jul 27, 2018","Dec 20, 2023",Full,CD Quality,https://files.catbox.moe/lvn4mq.mp3
Ugly is Beautiful [V1],"Lies Came Out My Mouth [V1]
(prod. Whethan, Oliver Tree & Dylan Wiggins)","OG Filename: Oliver Tree_Lies Came Out My Mouth
Title: Oliver Tree - Lies Came Out My Mouth
Rough demo of Lies Came Out My Mouth with an entirely different intro section with different lyrics, which was cut completely from later versions. The production is also much rougher.",2:56,"Jun 2, 2018","Jun 18, 2024",Full,High Quality,https://pillows.su/f/146531431323696c34d6930cb723c51c
Ugly is Beautiful [V1],"✨ Like That
(prod. NVDES & Oliver Tree)","OG Filename: like that with oliver tree
Title: Like That (With Nvdes)
Repetitive unreleased track produced with NVDES in 2018.",2:39,"Aug 9, 2018","Jan 19, 2024",Full,High Quality,https://pillows.su/f/a51364a677ba9e29254bd8b6f5546d5e
Ugly is Beautiful [V1],"The Miracle Man [V1]
(prod. David Pramik & Oliver Tree)
(Miracle Man)","OG Filename: The Miracle Man_01
Title: The Miracle Man (David Pramik)
The first demo of Miracle Man, at this stage named 'The Miracle Man', from 2018. Has an intro section that was cut from later versions and sounds much rougher but is otherwise similar.",2:18,"Aug 9, 2018","Dec 16, 2023",Full,High Quality,https://pillows.su/f/c1db59c922d164d72defc8b606385d9e
Ugly is Beautiful [V1],"The Miracle Man [V2]
(prod. David Pramik & Oliver Tree)
(Miracle Man)","OG Filename: the-miracle-man-02
Title: The Miracle Man
Updated demo of Miracle Man, still named 'The Miracle Man', from later in 2018, with the intro section removed.",2:04,"Sep 15, 2018","Jun 18, 2024",Full,CD Quality,https://pillows.su/f/82504a178c3c5748380c9a5328646469
Ugly is Beautiful [V1],"Miracle Man [V3]
(prod. David Pramik & Oliver Tree)
(The Miracle Man)","Title: miracle-man-mix-1st-mix
OG Filename: Miracle Man (2nd Mix)
Updated demo of Miracle Man from later in 2018. Sounds much closer to the final version.",2:07,"Dec 19, 2018","Jun 18, 2024",Full,CD Quality,https://pillows.su/f/00ca2d751da6f62172d458dca5c51270
Ugly is Beautiful [V1],"Movement [V1]
(prod. Whethan & Oliver Tree)
(Movements)","OG Filename: MOVEMENT.wav
Title: MOVEMENT FIRST DEMO
Demo mix of Movement with rougher mixing and a different outro.",3:04,"Mar 10, 2018","Jun 18, 2024",Full,High Quality,https://pillows.su/f/ea22f999f4ef0f206b24b9fb3eb30bab
Ugly is Beautiful [V1],"Movement [V2 / Alt.]
(prod. Whethan & Oliver Tree)
(Movements)","A different version of Movement with alternate lyrics, played in an iPhone X ad. This version was seemingly commissioned by Apple for the commercial, in order to replace the explicit language in the original track.",3:16,,,Full,High Quality,https://pillows.su/f/1149eb6b411938ef99dd576534dd4649
Ugly is Beautiful [V1],✨ My Whole Life,"OG Filename: MY WHOLE LIFE (REFF) - OLIVER TREE
Fairly rough unreleased track produced early into work on Ugly is Beautiful. The melody in the intro was later reused for Waste My Time.",2:49,"Jul 13, 2018","Jun 18, 2024",Full,High Quality,https://pillows.su/f/0aaaa137d47aecb6745f03b7f9fac9d7
Ugly is Beautiful [V1],No Break,"OG Filename: NO BREAK Update.wav
Very rough unreleased track produced at some point during this era. "".wav"" is just written at the end of the name, the file is not a WAV.",1:47,"Jan 16, 2019","Dec 12, 2023",Full,High Quality,https://pillows.su/f/27447730ed48eef3a9387bc8fd80eeae
Ugly is Beautiful [V1],"⭐ No More
(prod. NVDES & Oliver Tree)","OG Filename: No More
Title: Oliver Tree - No More (ft. Nvdes)
Unreleased track produced in 2017 during the same session as All Bets Are Off.",2:07,"Sep 2, 2017","Aug 14, 2023",Full,High Quality,https://pillows.su/f/b6236880c71d38700653dc85dfbdc91b
Ugly is Beautiful [V1],"Not Me [V1]
(prod. Oliver Tree & Leroy Clampitt)","OG Filename: Not Me - (OliverTreeXBigTaste)
The first version of Not Me, confirmed to exist from SoundCloud uploads. the waveform can be viewed, showing subtle differences from the next version.",1:58,"Nov 21, 2017",,Confirmed,Not Available,
Ugly is Beautiful [V1],"✨ Not Me [V2]
(prod. Oliver Tree & Leroy Clampitt)","OG Filename: Not Me - (OliverTreeXBigTaste) (1)
Fairly rough unreleased track. The ""some things cannot be undone, this the kind of shit that'll change you, son"" line appears in this song and was later reused in Joke's On You!.",1:58,"Jul 12, 2018","Jun 18, 2024",Full,High Quality,https://pillows.su/f/167d04bfef3b1bcead67d20dfe3d7fef
Ugly is Beautiful [V1],"⭐ On Your Own
(prod. Dylan Wiggins, Casey Mattson & Oliver Tree)
(Birthday Beat)","OG Filename: Birthday Beat 6.29.18 (4)
Title: On Your Own
Unreleased track produced during work on Ugly is Beautiful, recorded on Oliver's birthday. Re-uses the rap verse from Everything I Ever Saw, an older unreleased track. The song was teased in a video posted to Oliver's Instagram, where he performed the rap verse from the track; however, the song never released.",3:26,"Jun 29, 2018","Aug 14, 2023",Full,High Quality,https://pillows.su/f/1814a3c39107ae1440e8fca5e6aa63f7
Ugly is Beautiful [V1],🗑️ Own Worst Enemy,"OG Filename: Own Worst Enemy_01
Very rough unreleased track produced during this era.",2:27,"Aug 9, 2018","Dec 13, 2022",Full,High Quality,https://pillows.su/f/b25c3ee96ede95717f6a6d9cd20fce61
Ugly is Beautiful [V1],"✨ Show Yourself
(Self Absorbed)","OG Filename: self-absorbed-worktape-bpm-134
Title: SHOW UR SELF (134)
Very rough unreleased track produced early into work on Ugly is Beautiful.",3:17,"Sep 15, 2018","Jan 20, 2024",Full,CD Quality,https://pillows.su/f/25db1c5ecf6c3073500346959e68e722
Ugly is Beautiful [V1],"✨ Still Not Anything
(prod. Imad Royal, Casey Mattson & Oliver Tree)","OG Filename: Still Not Anything (Casey X Imad)
Unreleased track produced in 2018. Uses a similar melody in the chorus to Doubt It, an older unreleased track.",2:00,"Sep 14, 2018","Jan 25, 2024",Full,CD Quality,https://pillows.su/f/ff4fc6d209bccdfde31caa81153ae556
Ugly is Beautiful [V1],"Falling Off [V1]
(prod. Stint & Oliver Tree)
(Waist My Time, Waste My Time, Oliver 3)",An earlier version of Waste My Time evidently exists.,,,,Rumored,Not Available,
Ugly is Beautiful [V1],"Falling Off [V2]
(prod. Stint & Oliver Tree)
(Waist My Time, Waste My Time, Oliver 3)","OG Filename: Oliver Tree - Falling Off (demo) 3v3
OG Filename (Metadata): Oliver 3v2
Demo mix of Waste My Time from 2018, with a much rougher mix and slightly different structure.",3:26,,"Jan 5, 2023",OG File,CD Quality,https://pillows.su/f/7fa1cc0036238dec0d547fa0dd556291
Ugly is Beautiful [V1],"Falling Off [V3]
(prod. Stint & Oliver Tree)
(Waist My Time, Waste My Time, Oliver 3)","OG Filename: Oliver Tree - Falling Off
OG Filename (Metadata): Oliver 3v3
Updated demo mix of Waste My Time from later in 2018, with several different lyrics and a less developed instrumental.",3:26,"Jun 26, 2018","Dec 10, 2023",OG File,CD Quality,https://pillows.su/f/67ac13b64b2d0b98e6972d3f316b9880
Ugly is Beautiful [V1],"Falling Off [V4]
(prod. Stint & Oliver Tree)
(Waist My Time, Waste My Time, Oliver 3)",Another mix of Waste My Time evidently exists here.,,,,Rumored,Not Available,
Ugly is Beautiful [V1],"Falling Off [V5]
(prod. Stint & Oliver Tree)
(Waist My Time, Waste My Time, Oliver 3)","OG Filename: Falling Off v5
Updated demo mix of Waste My Time from 2018, with a slightly changed structure again.",3:27,,,OG File,CD Quality,https://pillows.su/f/2a5a4904cbd234b82bd2b017e1ba8a04
Ugly is Beautiful [V1],"Waste My Time [V6]
(prod. Stint & Oliver Tree)
(Waist My Time, Falling Off, Oliver 3)","OG Filename: waist-my-time-stint-2
Title: Waist My Time
Updated mix of Waste My Time, now named Waste My Time (albeit spelt incorrectly), from later in 2018.",3:26,"Sep 6, 2018","Jun 18, 2024",Full,High Quality,https://pillows.su/f/ee621dcf2e65aeaa601d4a19950d638a
Ugly is Beautiful [V1],"Waste My Time [V7]
(prod. Stint & Oliver Tree)
(Waist My Time, Falling Off, Oliver 3)","OG Filename: Waste My Time (1st Mix)
Updated mix of Waste My Time, now spelt correctly.",3:25,"Dec 19, 2018","Jun 18, 2024",Full,CD Quality,https://pillows.su/f/7f0ae292e68ecb506dafa7a62fa6c888
Ugly is Beautiful [V1],"Wasteland
(prod. Whethan & Oliver Tree)","OG Filename: Wasteland Oliver Tree new bounce
Demo mix of Wasteland produced in 2018. Mostly identical to the final version, but with rougher mixing.",3:11,,"Dec 30, 2021",Full,CD Quality,https://pillows.su/f/22e95f1959e1af15d7efd58789a51302
Ugly is Beautiful [V1],"What You Are [V2]
(prod. Imad Royal, Casey Mattson & Oliver Tree)","OG Filename: oliver-tree-b-ft-casey-mattson
Title: What You Are
Unreleased track produced in 2016 with singing and rapping from Oliver. The brass instrumental section of this song was later repurposed for an unused ""Turbo's Show"" intro theme.",2:56,"Dec 11, 2017","Jun 18, 2024",Full,CD Quality,https://pillows.su/f/396fed2ce6e44b9c98f755c44a713038
Ugly is Beautiful [V1],"What You Are
(prod. Mikey & Oliver Tree)","OG Filename: Oliver Mikey_01
Title: What You Are (Mikey)
Unreleased track produced during work on Ugly is Beautiful. Not to be confused with the other unreleased song named ""What You Are"", produced by Imad and Casey. Has a beat switch with a freestyle from Oliver.",2:25,"Aug 9, 2018","Apr 3, 2024",Full,High Quality,https://pillows.su/f/b19c1efbc2e21b602ec9c2fde6ac398b
Ugly is Beautiful [V1],"Where Do I Belong?
(prod. Dylan Wiggins & Oliver Tree)","OG Filename: where-do-i-belong-dylan
Title: Where Do I Belong?
Unreleased track produced in 2018.",2:00,"Aug 26, 2018","Dec 21, 2023",Full,CD Quality,https://pillows.su/f/f391dd65c4968d1ae9239445ef0af630
Ugly is Beautiful [V1],"What So Not - Mr Regular [V1]
(feat. Oliver Tree & Killer Mike)
(prod. What So Not & James Earl)","OG Filename: Mr. Regular
Title: Mr. Regular (What So Not)
Early demo of Mr Regular from 2018. Has various instrumental sections that were cut from the final version and is arranged significantly differently. Killer Mike does not have a verse but speaks instead.",3:57,"May 25, 2018","Dec 24, 2023",Full,CD Quality,https://pillows.su/f/6439963341dfe13d59d928daa9f99ec2
Ugly is Beautiful [V1],"⭐ What So Not - Mr Regular [V2]
(feat. Oliver Tree & Killer Mike)
(prod. What So Not & James Earl)","OG Filename: Mr. Regular
Updated demo of Mr Regular from later in 2018. Has various instrumental sections and production changes that were cut from the final version and is arranged significantly differently. Killer Mike does not have a verse but speaks instead.",3:16,"May 31, 2018","Jun 18, 2024",Full,CD Quality,https://pillows.su/f/3ca1711ac6704e24f18dee38cb72007d
"36 Total Full
23 OG File
1 Partial / Cut
3 Snippet
3 Unavailable",Ugly is Beautiful [V2],"(Aug 11, 2019) Oliver posts to social media claiming the album is 'complete'
(Dec 27, 2019) Cash Machine is released, the rollout for Ugly is Beautiful V2 begins
(Jul 17, 2020) Oliver's debut studio album, Ugly is Beautiful, is released after many delays
(May 28, 2021) A deluxe edition, Ugly is Beautiful: Shorter, Thicker & Uglier, is released",,,,,,
Ugly is Beautiful [V2],⭐ 15 Minutes,"OG Filename: 15 Minutes
Unreleased track produced during sessions for Ugly is Beautiful.",2:05,,"Aug 4, 2025",OG File,CD Quality,https://imgur.gg/f/IrgqQZi
Ugly is Beautiful [V2],"1993
(prod. Whethan, Casey Mattson & Oliver Tree)","OG Filename: 1993
Early version of 1993 with alternate verses and a much rougher mix, likely from 2019. Casey Mattson spoke on this version of the song during a livestream a few years before it leaked, explaining that the label requested that it be changed due to copyright as it closely resembled ""Sweet Dreams"" by Eurythmics.",2:37,,"Dec 11, 2024",OG File,High Quality,https://pillows.su/f/824e5e2d5110e4980f4341dfb8ea6dc0
Ugly is Beautiful [V2],"All in All [V6]
(prod. Casey Mattson, Oliver Tree & Dylan Wiggins)
(Come Again, Oliver Glenwood D)","Demo mix of All in All from 2020. Almost identical to the final version, but with a rougher mix.",2:18,,"Feb 6, 2021",Full,CD Quality,https://pillows.su/f/154e1791622ec839d08c1782359352b0
Ugly is Beautiful [V2],Best Friends,"OG Filename: Best Friends
Unreleased track produced during sessions for Ugly is Beautiful.",2:23,,"Aug 4, 2025",OG File,CD Quality,https://imgur.gg/f/SbgacSo
Ugly is Beautiful [V2],⭐ Call Me,"OG Filename: CALL ME
Unreleased track produced during work on Ugly is Beautiful.",1:51,,"Nov 8, 2022",Full,CD Quality,https://pillows.su/f/172109c9aa7c18d6e694c11b517e97e9
Ugly is Beautiful [V2],✨ Dead Man Walking,"OG Filename: Dead Man Walking_02
Unreleased track produced during sessions for Ugly is Beautiful.",2:23,,"Aug 4, 2025",OG File,CD Quality,https://imgur.gg/f/k51yqvr
Ugly is Beautiful [V2],Don't Be A Hero,"OG Filename: Don't Be A Hero
Unreleased track produced during sessions for Ugly is Beautiful.",1:29,,"Aug 4, 2025",OG File,CD Quality,https://imgur.gg/f/OQZP6ha
Ugly is Beautiful [V2],⭐ Dream Catcher,"OG Filename: Dream Catcher_Ref_4.27.20
Unreleased track produced in 2020 during sessions for Ugly is Beautiful.",2:47,"Apr 27, 2020","Aug 4, 2025",OG File,CD Quality,https://imgur.gg/f/MgmG8hV
Ugly is Beautiful [V2],Echo,"OG Filename: Echo_01
Unreleased track produced during sessions for Ugly is Beautiful.",1:15,,"Aug 4, 2025",OG File,CD Quality,https://imgur.gg/f/hF05bAb
Ugly is Beautiful [V2],✨ Everyday,"OG Filename: Everyday 01
Unreleased track produced during sessions for Ugly is Beautiful.",3:07,,"Aug 4, 2025",OG File,CD Quality,https://imgur.gg/f/sN8xICo
Ugly is Beautiful [V2],Goodbye*,"OG Filename: Day2B 02
Unreleased track produced at some point during this era, likely in 2019 alongside Day2A. Interpolates the unreleased track 'The Kind of Life We Live'.",2:06,,"Jul 25, 2025",OG File,CD Quality,https://imgur.gg/f/aPg6GQn
Ugly is Beautiful [V2],"Good For Nothing
(prod. Marshmello, David Pramik & Oliver Tree)
(Jerk, Mello)","OG Filename: mello v1
Early version of Jerk, which was named Good For Nothing during production, with a drastically different and stripped-back instrumental and slightly different structure. 'Mello' in the filename presumably refers to Marshmello.",2:19,,,OG File,High Quality,https://pillows.su/f/f6a08cf9cfe1dcb10f876e198265fdf5
Ugly is Beautiful [V2],✨ Grass Is Greener,"OG Filename: Grass Is Greener
Unreleased track produced during sessions for Ugly is Beautiful.",3:04,,"Aug 4, 2025",OG File,CD Quality,https://imgur.gg/f/T724btp
Ugly is Beautiful [V2],"✨ Help Me Out
(Day2A, Day 2 Day*)","OG Filename: Day2A_01
Unreleased track produced during work on Ugly is Beautiful with rapping and singing from Oliver. Contains mostly freestyle lyrics. Commonly referred to by fans as 'Day 2 Day' due to the filename.",3:15,"Dec 16, 2019","Dec 7, 2024",OG File,CD Quality,https://pillows.su/f/c4f7b5abefb40a7341e9476383334406
Ugly is Beautiful [V2],✨ Help Me,"OG Filename: Help Me_01
Unreleased track produced during sessions for Ugly is Beautiful.",3:50,,"Aug 4, 2025",OG File,CD Quality,https://imgur.gg/f/sndhBcI
Ugly is Beautiful [V2],"⭐ Heroine
(prod. Whethan, Tim Randolph & Oliver Tree)","OG Filename: Heroine (tim randolph x whethan x oliver tree)
Unreleased track produced during work on Ugly is Beautiful. Leaked via Warner Box, though the original WAV cannot be downloaded.",2:08,"Dec 22, 2019","Jun 26, 2022",Full,CD Quality,https://pillows.su/f/d8fc6fb03d161d31d8ce7f16c407d0c6
Ugly is Beautiful [V2],"Let Me Down
(prod. Whethan, David Pramik & Oliver Tree)","OG Filename: Oliver Tree - LET ME DOWN v2
Demo mix of Let Me Down from 2019, which seems to be when the song was recorded. Mostly similar to the final version, but with a much rougher instrumental.",1:49,"Aug 6, 2019","Jun 26, 2026",Full,CD Quality,https://pillows.su/f/2d885f4cd32d116898bf23d149c20a0d
Ugly is Beautiful [V2],"Lies Came Out My Mouth [V2]
(prod. Whethan, Oliver Tree & Dylan Wiggins)","Demo mix of Lies Came Out My Mouth from 2020. Almost identical to the final version, but with a rougher mix.",3:18,,"Feb 6, 2021",Full,CD Quality,https://pillows.su/f/cd1a7b1097d6b1f703bb02efc7fabb08
Ugly is Beautiful [V2],"Life Goes On [V4]
(prod. Getter & Oliver Tree)","Demo mix of Life Goes On from 2020. The rap verse is removed, and the track is almost identical to the final version, but with a rougher mix.",2:43,,"Feb 6, 2021",Full,CD Quality,https://pillows.su/f/ec8434b2d1f727265b6d716ce0f958df
Ugly is Beautiful [V2],"Me, Myself, & I
(prod. Whethan & Oliver Tree)","Demo mix of Me, Myself, & I from 2019-2020. Features production differences not seen in the final version.",2:51,,"Aug 11, 2024",Full,CD Quality,https://pillows.su/f/ddc62c4c5331de504afa2120a4757a34
Ugly is Beautiful [V2],Meet Me Halfway,"OG Filename: Meet Me Halfway 01
Unreleased track produced during sessions for Ugly is Beautiful.",3:31,,"Aug 4, 2025",OG File,CD Quality,https://imgur.gg/f/qnEOgQb
Ugly is Beautiful [V2],✨ One Day,Unreleased track produced in 2020 during work on Ugly is Beautiful.,3:16,,"Nov 15, 2022",Full,CD Quality,https://pillows.su/f/084c71186868e67ade57d007f257ab29
Ugly is Beautiful [V2],"Out of Ordinary [V2]
(prod. Whethan, Casey Mattson & Oliver Tree)
(Ordinary)","Demo mix of Out of Ordinary from 2020. Almost identical to the final version, but with a rougher mix.",3:04,,"Feb 3, 2021",Full,CD Quality,https://pillows.su/f/dadb546d728864eb1fdae13a23e93770
Ugly is Beautiful [V2],⭐ Screaming in my Sleep,"Finished, unreleased track produced in 2019.",2:54,,"Apr 8, 2022",Full,CD Quality,https://pillows.su/f/4265c996dc12b626bf218b4314c962d2
Ugly is Beautiful [V2],✨ Sugar Coat,Unreleased track produced during work on Ugly is Beautiful.,2:38,"Dec 9, 2020","Nov 10, 2022",OG File,CD Quality,https://pillows.su/f/aca335973893efe447ae56568c3f624f
Ugly is Beautiful [V2],✨ Take 2,"OG Filename: Take2_01
Unreleased track produced during sessions for Ugly is Beautiful. Interpolates the verses from Jerk.",1:48,,"Aug 4, 2025",OG File,CD Quality,https://imgur.gg/f/CUUKjH8
Ugly is Beautiful [V2],"Idiots [V1]
(prod. Imad Royal & Oliver Tree)","OG Filename: idiots oliver v1
Unreleased track produced in 2019 during work on Ugly is Beautiful.",3:08,"Dec 2, 2019","Nov 5, 2022",OG File,Lossless,https://pillows.su/f/8f3f52068bde98bea08c3121c2492917
Ugly is Beautiful [V2],"⭐ The Dumbest Man On Earth [V2]
(prod. Imad Royal & Oliver Tree)
(Idiots)","OG Filename: The Dummest Man On Earth
Updated version of Idiots, now renamed (and misspelt), with a more developed instrumental and improved mixing.",2:18,"Jan 23, 2020","Jun 13, 2025",OG File,CD Quality,https://pillows.su/f/88ad9d526115083190bfea9d6715f467
Ugly is Beautiful [V2],⭐ The Chosen One,"OG Filename: The Chosen One_02
Unreleased track produced during sessions for Ugly is Beautiful.",3:33,,"Aug 4, 2025",OG File,CD Quality,https://imgur.gg/f/ZTWjnQz
Ugly is Beautiful [V2],⭐ The Kind of Life We Live,"OG Filename: THE KIND OF LIFE WE LIVE
Unreleased track produced during work on Ugly is Beautiful.",2:17,,"Nov 8, 2022",Full,CD Quality,https://pillows.su/f/39f3e7b09d00d4073cca72558317ebcb
Ugly is Beautiful [V2],✨ Trashtalk,"OG Filename: Oliver Tree - Trashtalk
Unreleased track produced during sessions for Ugly is Beautiful.",1:58,,"Aug 4, 2025",OG File,CD Quality,https://imgur.gg/f/a8IntXf
Ugly is Beautiful [V2],"🏆 Turn It Up [V1]
(prod. Oliver Tree)","Early version of Turn It Up, shown off by Oliver on a story in December 2020. Before Little Big was involved with the song. Vocals can be seen on the interface, meaning a solo Oliver version likely exists.",,,"Dec 14, 2020",Snippet,Recording,https://imgur.gg/f/tLkG45u
Ugly is Beautiful [V2],✨ Wannabe,"OG Filename: Wannabe_01
Unreleased track produced during sessions for Ugly is Beautiful.",2:12,,"Aug 4, 2025",OG File,CD Quality,https://imgur.gg/f/2xwahJE
Ugly is Beautiful [V2],🏆 Unknown [Skrillex Collaboration],"Collaboration between Oliver Tree and Skrillex, featuring vocals from Oliver. A recording of them in the studio making this track was posted to social media on someone(Whethan?)'s Instagram story, but nothing from this session has released.",,,,Snippet,Recording,https://www.youtube.com/watch?v=CST-w-huOC8
Ugly is Beautiful [V2],🏅 Unknown [Melanie Martinez Collaboration],A collaboration between Oliver Tree and Melanie Martinez is stated to exist by multiple sources familiar with Melanie Martinez leaks.,,,,Rumored,Not Available,
Ugly is Beautiful [V2],"⭐ bbno$ - Let Down [V1]
(feat. Oliver Tree)
(prod. Whethan & Y2K)","OG Filename: LET DOWN - OLIVER TREE X BBNO X WHETHAN X Y2K
In March 2021, bbno$ confirmed via social media that he and Oliver were working on a collaboration. The collaboration would be teased multiple times in the following years, until bbno$ confirmed via Discord in 2023 that the song was probably never dropping as Oliver did not like it. A snippet of the track leaked in 2023, with the title claimed by multiple sources to be ""Let Down."" The track would later leak in 2024.",2:55,"Oct 28, 2020","Dec 7, 2024",OG File,Lossless,https://imgur.gg/f/2s3THYL
Ugly is Beautiful [V2],"bbno$ - Let Down [V2]
(feat. Oliver Tree)
(prod. Whethan & Y2K)","Following the leak of Let Down in late 2024, bbno$ confirmed via Discord that this was an old mix of the song, suggesting newer versions exist.",,,,Confirmed,Not Available,
Ugly is Beautiful [V2],"🏆 Lil Yachty - Highschool Dreams
(feat. Oliver Tree*)","Unreleased Lil Yachty track from 2019-2020, claimed by insiders to feature Oliver Tree. Yachty's manager Maddie reportedly stated they were planning to do a collab album, but it never went anywhere. Likely recorded during the same session as 'Asshole'. Another snippet came from Yachty himself during a livestream, where he talked about how the song is old, meaning that it was never releasing officially.",,,,Snippet,High Quality,https://pillows.su/f/ff1e23a3a359c6b2d1d82da78376a999
Ugly is Beautiful [V2],"What So Not - Mr Regular [V3]
(feat. Oliver Tree)
(prod. What So Not & James Earl)",Alternate version of Mr Regular played by What So Not during a trap & bass live set in Ho Chi Minh City in 2019. Killer Mike does not seem to be present in this version.,,,,Partial,High Quality,https://pillows.su/f/e2a404eed68cdbadcd145a48fa9570bf
Ugly is Beautiful [V2],"Whethan - Freefall
(feat. Oliver Tree)
(prod. Whethan & Oliver Tree)","OG Filename: Freefall - Main (EJ Mix w Multiband Aug 19) (MASTERED MM)
Mastered mix of Freefall, almost identical to the final release but with vocals present in the outro that were later removed.",2:35,"Aug 19, 2020","Sep 10, 2023",OG File,Lossless,https://pillows.su/f/f447d54b24fa195445f1366a6d9a05da
Ugly is Beautiful [V2],"Wiz Khalifa - Speed Me Up
(feat. Juice WRLD, Oliver Tree, Lil Yachty, Ty Dolla $ign & Sueco The Child)
(prod. Take a Daytrip)","Relatively late mix of Speed Me Up, a track performed by several artists for the Sonic the Hedgehog movie. This demo features short vocals performed by Oliver Tree, which were added late into the song's production but cut from the final release. Oliver has never commented on his involvement in the song. This demo of the song is used in the French dub of the film.",1:42,,,Full,CD Quality,https://pillows.su/f/da5a6bd90c7f6b4b075f8438375c88d5
Ugly is Beautiful [V2],"Juice WRLD - Speed Me Up [Alt.]
(feat. Wiz Khalifa, Oliver Tree, & Sueco The Child)
(prod. Take a Daytrip)","Alternate version of Speed Me Up, still only contains the short vocals seen on the other version.",3:34,,"Sep 7, 2025",Full,CD Quality,https://imgur.gg/f/CVFz5E3
Ugly is Beautiful [V2],Lil Yachty Collab Album*,"Privately mentioned to have been a thing from Yachty's manager during 2018-2020, however, it was never mentioned to the public. Only two confirmed songs are known to exist between the two, one being ""Asshole"" on LB3.5 and an alledged feature on the unleaked track ""Highschool Dreams"" but with no vocals being leaked from Oliver. it is unknown if any more songs were recorded.",,,,Rumored,Not Available,
"25 Total Full
13 OG File
0 Partial / Cut
3 Snippet
3 Unavailable",Little Ricky ZR3,"(Early 2017) Oliver begins working on the sound that would become Little Ricky ZR3
(2020) Little Ricky ZR3 is first revealed, with a mixtape planned for the summer, and 'Stay the Night' is previewed. The mixtape does not release
(2022) Oliver confirms Little Ricky's mixtape is still ongoing
(2022-2023) 'Goin' For A Ride', 'My Girl' and 'Hoops' are performed live
(2024) Little Ricky ZR3 is seemingly scrapped",,,,,,
Little Ricky ZR3,"⭐ Big Leagues
(Welcome to the Big Leagues)","OG Filename: Oliver Tree - Welcome To The Big Leagues
Unreleased track apparently intended for Little Ricky ZR3.",1:56,,"Mar 30, 2022",OG File,CD Quality,https://pillows.su/f/3efb58c5da069d4ea24aa8dbd195f6d4
Little Ricky ZR3,"""Bill Deblagio"" Type Beat*
(prod. Casey Mattson)","Produced by Casey Mattson for Oliver's Little Ricky project and shown in a livestream on October 12, this beat was scrapped from the project, and so Casey released an edited version in his P33N P41N mixtape, with a voiceover explaining its origins. The OG has not surfaced.",1:07,,,Snippet,Recording,https://pillows.su/f/44e5769cf0705d8a41f3d1a0fd18bce6
Little Ricky ZR3,"By My Side [V1]
(feat. Rico Nasty)",An earlier bounce of By My Side is implied to exist based on the filename of the version that has surfaced.,,,,Confirmed,Not Available,
Little Ricky ZR3,"⭐ By My Side
(feat. Rico Nasty)","OG Filename: RICO BY MY SIDE v2
Unreleased track seemingly intended for Little Ricky ZR3.",2:15,,"Aug 4, 2025",OG File,Lossless,https://imgur.gg/f/L2QAQzh
Little Ricky ZR3,✨ Can't Do Freestyle,"OG Filename: RICKY Can't Do Freestyle 1997 2
Unreleased track intended for Little Ricky ZR3.",2:11,,"Jul 25, 2025",OG File,Lossless,https://imgur.gg/f/eeBww1M
Little Ricky ZR3,"🗑️ Pull Out [V1]
(prod. Whethan, Rogét Chahayed & Oliver Tree)
(Cool Out)","OG Filename: Pull Out 4417
Unreleased track produced in 2017, intended for Little Ricky ZR3.",1:46,"Apr 4, 2017","Dec 30, 2021",OG File,CD Quality,https://pillows.su/f/73404d6324830b9751bda1da8806dd09
Little Ricky ZR3,"🗑️ Pull Out [V2]
(prod. Whethan, Rogét Chahayed & Oliver Tree)
(Cool Out)","OG Filename: Pull Out.wav
Updated mix of Pull Out, nearly identical to the previous one.",1:43,"Apr 7, 2017","Jun 18, 2024",OG File,CD Quality,https://imgur.gg/f/b1p8vsl
Little Ricky ZR3,"🗑️ Cool Out [V3]
(prod. Whethan, Rogét Chahayed & Oliver Tree)
(Pull Out)","OG Filename: Cool Out
Updated mix of Cool Out, almost identical to the previous one, but pitched up.",1:46,,"Dec 30, 2021",Full,Lossless,https://pillows.su/f/222b0693287f41deea84c60bdb4acb18
Little Ricky ZR3,✨ For Long,"OG Filename: FOR LONG
Unreleased track intended for Little Ricky ZR3.",2:10,,"Aug 4, 2025",OG File,CD Quality,https://imgur.gg/f/Z6GiN8W
Little Ricky ZR3,"✨ Blind Side [V1]
(Goin' For A Ride, On My Blind Side, Blindside)","OG Filename: On My Blind side 2
The first known mix of Goin' For a Ride, which at this stage was named ""On My Blind Side"". The song has been performed live several times by Little Ricky throughout 2022-2023 and is anticipated to be an upcoming release.",2:37,,"Feb 20, 2022",OG File,CD Quality,https://pillows.su/f/fa0727ed6c3936282e4ad0008a0ca427
Little Ricky ZR3,"Goin' For a Ride [V2]
(On My Blind Side, Blind Side, Blindside)",Live performances of Goin' For a Ride in 2022-2023 include an instrumental outro not present in the leaked version.,,,,Snippet,Recording,https://pillows.su/f/338376ddcfced711afeaba4bab20a66d
Little Ricky ZR3,⭐ Hoops,Unreleased track intended for Little Ricky ZR3. The song has been performed live throughout 2022-2023.,2:15,,"Dec 6, 2021",Full,CD Quality,https://pillows.su/f/094823004be1b6fe815a43dd8a7b179e
Little Ricky ZR3,⭐ King's Throne,"OG Filename: Kings Thrown
Unreleased track intended for Little Ricky ZR3.",1:46,,"Aug 4, 2025",OG File,CD Quality,https://imgur.gg/f/ayxZWqd
Little Ricky ZR3,Lights Off [V1],"OG Filename: LIGHTS OFF X3.wav 3
Title: LIGHTS OFF
Unreleased track produced in 2018, intended for Little Ricky ZR3.",2:49,"May 31, 2018",,Full,High Quality,https://pillows.su/f/4699fcf31b29a9df61618bae07d4bec5
Little Ricky ZR3,Lights Off [V2],Updated mix of Lights Off with a shorter bridge and improved mixing.,2:27,,,Full,CD Quality,https://pillows.su/f/99c0dadd5ebf82bcac7d464818f9f260
Little Ricky ZR3,✨ Monday Night,Unreleased track intended for Little Ricky ZR3.,1:30,,,Full,Lossless,https://pillows.su/f/b22a02e1f37e2ce5b976c7e33c1802ac
Little Ricky ZR3,"🗑️ My Girl [V1]
(prod. Imad Royal & Oliver Tree)","OG Filename: Oliver Tree - My Girl
Title: My Girl
Unreleased track produced in 2017, intended for Little Ricky ZR3. This version of the song has not been pitched down for Ricky.",2:09,"Mar 14, 2017","Jun 18, 2024",Full,CD Quality,https://pillows.su/f/21842345b7b92dc85af84d44e497eeb0
Little Ricky ZR3,"🗑️ My Girl [V2]
(prod. Imad Royal & Oliver Tree)","Updated mix of My Girl, pitched down for Little Ricky. The song has been performed live multiple times throughout 2022-2023 and is seemingly planned for release.",2:14,,"Dec 30, 2021",Full,CD Quality,https://pillows.su/f/f51e93b2f46d3794d87fbca94645fd08
Little Ricky ZR3,"⭐ Penthouse
(feat. Rico Nasty)","OG Filename: PENTHOUSE
Unreleased track produced in 2020, intended for Little Ricky ZR3, featuring a verse from Rico Nasty. The track was briefly listed on Oliver's Soundcloud due to an error, though it was unplayable.",1:06,"Dec 22, 2020",,OG File,CD Quality,https://pillows.su/f/04493ab09e1b13c640c7a00e2686fb4c
Little Ricky ZR3,"R&B Instrumental*
(prod. Casey Mattson)","Casey Mattson played this instrumental after the ""Bill Deblagio"" type beat during a livestream on October 12, claiming it to be intended for Little Ricky ZR3. The full track has never leaked, and it is currently unknown if it will be used when the project drops.",,,,Snippet,Recording,https://pillows.su/f/3cf5607dcaf7fef9177e115ea7e6346c
Little Ricky ZR3,"✨ Redlight
(Red Light Green Light, Red Light)","OG Filename: Red Light/Green Light
OG Filename (Metadata): RED LIGHT
Unreleased track intended for Little Ricky ZR3.",2:17,,"Mar 30, 2022",OG File,CD Quality,https://pillows.su/f/4984b0e53c9a1988f3749b151d10e437
Little Ricky ZR3,"Shorty [V1]
(Rush & Rollet)","OG Filename: Shorty
Unreleased track intended for Little Ricky ZR3.",1:39,,"Aug 4, 2025",OG File,CD Quality,https://imgur.gg/f/yhieUGa
Little Ricky ZR3,"✨ Rush & Rollet [V2]
(Shorty)","OG Filename: Rush n Rollet
Updated mix of Shorty, now renamed to Rush & Rollet and pitched down.The name is a play-on-words of Russian Roulette.",1:38,,"Jul 30, 2025",OG File,Lossless,https://imgur.gg/f/guAz7Ze
Little Ricky ZR3,"Sacrifice [V1]
(prod. Whethan & Oliver Tree)","OG Filename: sacrifice
Very rough unreleased track produced in 2018, intended for Little Ricky ZR3.",2:14,"Aug 1, 2018","Jun 18, 2024",Full,CD Quality,https://pillows.su/f/963a5aefa1c57348d68e0cc87531f95a
Little Ricky ZR3,"Sacrifice [V2]
(prod. Whethan & Oliver Tree)","OG Filename: SACRIFICE 2
Updated version of Sacrifice from later in 2018.",2:14,"Aug 9, 2018","Dec 7, 2023",Full,CD Quality,https://pillows.su/f/9a871f79992381d081ad981a3430613e
Little Ricky ZR3,"Sacrifice [V3]
(prod. Whethan & Oliver Tree)","OG Filename: Sacrafice 150 BPM
Updated version of Sacrifice from 2019, with open sections where the hook had been.",2:26,"Jan 16, 2019","Jun 18, 2024",Full,CD Quality,https://pillows.su/f/d1c65d66057043f12c0a8cb494238c84
Little Ricky ZR3,✨ Stay the Night,"Unreleased track intended for Little Ricky ZR3. Oliver shared a snippet of this song on Little Ricky's Instagram and Twitter in 2020, suggesting it was planned to be included in Little Ricky's mixtape at the time - whether or not it is still intended for release is unknown.",1:56,,,Full,CD Quality,https://pillows.su/f/ab252835d7e685e1c696e3848850e494
Little Ricky ZR3,Worlds Burning,"OG Filename: RICKY WORLDS BURNING
Unreleased track intended for Little Ricky ZR3.",1:57,,"Aug 4, 2025",OG File,Lossless,https://imgur.gg/f/GTCXoLY
Little Ricky ZR3,⭐ Zoom Zoom,Unreleased track intended for Little Ricky ZR3.,2:42,,,Full,Lossless,https://pillows.su/f/b26982991d1977d7d8d084b1054e252d
Little Ricky ZR3,Unknown [Taz Taylor & John Luther Collaboration],"Taz Taylor confirmed in a tweet from January 2021 saying he was in the studio with Oliver. John Luther retweeted this saying ""Oliver tree x JL"" and also later stated that he and Oliver make great music together. Based on their production style and the timing it's likely this song was intended for Little Ricky ZR3.",,,,Confirmed,Not Available,
Little Ricky ZR3,Little Ricky ZR3 Mixtape*,"Little Ricky ZR3's mixtape was initially announced alongside the release of Ugly is Beautiful, slated for release in summer 2020. However, for unknown reasons, it did not release. It is unknown which songs would have been on this iteration, though Stay the Night was likely included as it was previewed around this time.",,,,Confirmed,Not Available,
"29 Total Full
23 OG File
1 Partial / Cut
2 Snippet
10 Unavailable",Cowboy Tears,"(Feb 18, 2022) Oliver's second studio album, Cowboy Tears, is released
(Jun 12, 2022) Oliver announces a deluxe version of Cowboy Tears
(Oct 2022) The deluxe is repeatedly delayed and pushed back to winter
(Dec 23, 2022) The deluxe finally releases",,,,,,
Cowboy Tears,⭐ A to Z,"OG Filename: A to Z_01
Unreleased track produced during work on Cowboy Tears.",1:43,,"Dec 1, 2022",Full,CD Quality,https://imgur.gg/f/J0QC4Qj
Cowboy Tears,⭐ Angry Little Man,"OG Filename: Angry Little Man_01
Unreleased track produced during work on Cowboy Tears.",3:19,"Apr 17, 2021","Aug 11, 2024",OG File,CD Quality,https://pillows.su/f/77823ab9e86866c509634bd1447324dd
Cowboy Tears,"Balloon Boy
(prod. Casey Mattson & Oliver Tree)","OG Filename: 01 BALOON BOY
OG Filename (Metadata): BALOON BOY
Demo mix of Balloon Boy. Mostly identical to the final version, but with rougher mixing. ""Balloon"" is misspelt in the filename.",2:19,"Nov 8, 2021",,OG File,CD Quality,https://pillows.su/f/547442bad166d9548064626a7246a6ea
Cowboy Tears,"California
(prod. Casey Mattson & Oliver Tree)","OG Filename: California 4
Demo mix of California. Mostly identical to the final version, but with rougher mixing.",2:53,,,Full,CD Quality,https://pillows.su/f/5e59fce7511e62c525fa263312213113
Cowboy Tears,"Carousel
(prod. Ilan Rubin, Imad Royal & Oliver Tree)
(Cowboys Don't Cry)","OG Filename: Carousel_05-08
OG Filename (Metadata): Carousel
Demo mix of Cowboys Don't Cry, which was named 'Carousel' at this stage. Mostly identical to the final version, but with rougher mixing.",3:12,,"Dec 26, 2021",Full,CD Quality,https://pillows.su/f/0f9518873b2ac2a2fabe03a16141980f
Cowboy Tears,Catch My Fall [V1],An earlier bounce of Catch My Fall is implied to exist based on the filename of the version that has surfaced.,,,,Confirmed,Not Available,
Cowboy Tears,Catch My Fall [V2],An earlier bounce of Catch My Fall is implied to exist based on the filename of the version that has surfaced.,,,,Confirmed,Not Available,
Cowboy Tears,⭐ Catch My Fall [V3],"OG Filename: Catch my Fall v3
Unreleased track produced at some point during this era.",2:56,,"Aug 4, 2025",OG File,CD Quality,https://imgur.gg/f/H1b67Hs
Cowboy Tears,"Cigarettes
(prod. Nick Long, Oliver Tree & Travis Barker)","Demo mix of Cigarettes. Similar to the final version, but with rougher mixing and a cut bridge section which re-uses the chorus lyrics.",2:46,,"Dec 25, 2021",Full,CD Quality,https://pillows.su/f/706d5c6a8694a5364186184e18aa857f
Cowboy Tears,"Cowboy Tears
(prod. Marshmello & Oliver Tree)","OG Filename: Cowboy Tears_5.12.21
Demo mix of Cowboy Tears. Mostly identical to the final version, but with rougher mixing.",2:53,"May 12, 2021",,Full,CD Quality,https://pillows.su/f/423d49e3c9e8ecbe21c688a875ce7b8e
Cowboy Tears,Done,"OG Filename: Done HH01
Unreleased track produced in 2020 during work on Cowboy Tears.",2:01,"Oct 20, 2020","Aug 4, 2025",OG File,CD Quality,https://imgur.gg/f/HVnBN6A
Cowboy Tears,"Door Mat
(prod. Whethan, Casey Mattson & Oliver Tree)
(Doormat)","OG Filename: 7 DOOR MAT
OG Filename (Metadata): Door Mat 2020 nu
Demo mix of Doormat. Mostly identical to the final version, but with rougher mixing.",2:55,,,OG File,CD Quality,https://pillows.su/f/f8e96f61dbaf623c3fdb5ecd2cadb667
Cowboy Tears,✨ Drown The World [V1],"OG Filename: Drown The World_01
Unreleased track produced during work on Cowboy Tears. The phrase ""Cowboy Tears Drown the World in a Swimming Pool of Sorrow"" features in the chorus of this track, and was later used for the name of the deluxe album, though this song did not make the cut for release.",2:44,,"Aug 4, 2025",OG File,CD Quality,https://imgur.gg/f/vhEDfOw
Cowboy Tears,⭐ Drown The World [V2],"OG Filename: Drown The World_01
Seemingly a revised version of Drown The World with revised lyrics and completely different production.",3:01,,"Aug 4, 2025",OG File,CD Quality,https://imgur.gg/f/SxaJJju
Cowboy Tears,"Freaks & Geeks
(prod. Whethan, Casey Mattson & Oliver Tree)","OG Filename: Freaks and geeks
Demo mix of Freaks & Geeks. Similar to the final version, but with different lyrics in the bridge and rougher mixing.",2:22,,"Feb 5, 2022",Full,CD Quality,https://pillows.su/f/3efbe79058a22551bace1a937b4ca00d
Cowboy Tears,"Get Well Soon
(prod. Whethan, Casey Mattson & Oliver Tree)","OG Filename: GET WELL SOON
Demo mix of Get Well Soon. Similar to the final version, but with a shorter outro and rougher mixing.",2:14,,"Feb 5, 2022",Full,CD Quality,https://pillows.su/f/e8bc850cba211324bc12dd7cd20bc4af
Cowboy Tears,⭐ Kamikaze,"OG Filename: Kamikaze
Unreleased track produced at some point during this era.",2:35,,"Aug 4, 2025",Full,CD Quality,https://imgur.gg/f/uoWNZX0
Cowboy Tears,✨ Mean Lookin',"OG Filename: Meen Lookin
Unreleased track produced in 2021 during work on Cowboy Tears.",1:46,,"Aug 4, 2025",OG File,CD Quality,https://imgur.gg/f/Derc7eX
Cowboy Tears,"⭐ Musical Chairs
(prod. Whethan & Oliver Tree)",Unreleased track produced during work on Cowboy Tears.,2:09,,"Jun 26, 2022",Full,CD Quality,https://pillows.su/f/0d756e91f4d64fa057eb519b8ab32418
Cowboy Tears,"Playin' With Fire [V1]
(prod. John Hill, Whethan & Oliver Tree)
(Playing With Fire)","OG Filename: playin with fire 041321 [ref-bnc] 124
Very rough early version of Playing With Fire, with a less developed instrumental and several open sections.",2:46,"Apr 13, 2021","Aug 8, 2023",OG File,Lossless,https://pillows.su/f/a9ddf9f60ad7950fd1b69ee61bdcc15d
Cowboy Tears,"Playin' With Fire [V2]
(prod. John Hill, Whethan & Oliver Tree)
(Playing With Fire)","Updated demo of Playing With Fire, with different lyrics in the bridge to the final version as well as a rougher mix.",2:24,,"Dec 3, 2021",Full,CD Quality,https://pillows.su/f/fff2fe18b247f4bf890655ffe8c0d845
Cowboy Tears,⭐ Showdown,Unreleased track produced during work on Cowboy Tears.,2:00,,"Jul 29, 2025",Full,CD Quality,https://imgur.gg/f/ToSJhpK
Cowboy Tears,✨ Sidekick,"OG Filename: Sidekick Rough Mix
Unreleased track produced during work on Cowboy Tears. One of the earliest experiments with the Cowboy Tears sound.",2:51,"Jan 23, 2020","Nov 8, 2022",OG File,CD Quality,https://pillows.su/f/7299478202209012f34fea14ab2e22c2
Cowboy Tears,"Suitcase Full of Cash 
(prod. Nick Long, Oliver Tree & Travis Barker)","Demo mix of Suitcase Full of Cash. Similar to the final version, but with different lyrics in the bridge and rougher mixing. The original file with the above name is unavailable.",2:28,,"Dec 6, 2021",Full,CD Quality,https://pillows.su/f/18c74579c62b43251403b1191883fc24
Cowboy Tears,"Swing & A Miss
(prod. John Hill, Whethan, Casey Mattson & Oliver Tree)","OG Filename: swing and a miss - 081821 [new guitar ref]
Demo of Swing & A Miss produced by John Hill, Whethan, Casey Mattson and Oliver Tree. The instrumental is built around an entirely different guitar loop in this version, as well as having a rougher mix overall, though the track still sounds fairly similar to the final version.",3:01,"Aug 18, 2021","Feb 5, 2022",OG File,Lossless,https://pillows.su/f/09fd9047d4f7f403a4b067b08ad7a5a1
Cowboy Tears,"What U Waiting For [V1]
(prod. Ilan Rubin, Imad Royal & Oliver Tree)
(Villains, The Villain)","OG Filename: WHAT U WAITING FOR (SESH BOUNCE)
Rough mix of The Villain bounced on the day the song was recorded. This mix features an intro and outro that were cut from the final version.",2:58,"Mar 3, 2021","Oct 2, 2022",OG File,CD Quality,https://pillows.su/f/0f094caa3eebecaa95dd4aaade9fd60f
Cowboy Tears,"The Villain [V2]
(prod. Ilan Rubin, Imad Royal & Oliver Tree)
(Villains, What U Waiting For)","OG Filename: The Villain 110 bpm - 3.3.21 STEMS
Slightly updated mix of The Villain exported as stems. The cut intro and outro are still present in this version.",2:59,"Apr 12, 2021","Oct 2, 2022",OG File,Lossless,https://pillows.su/f/c5409501e1a90638f48633ab40cd5c12
Cowboy Tears,"✨ Villains [V3]
(prod. Ilan Rubin, Imad Royal & Oliver Tree)
(The Villain, What U Waiting For)","OG Filename: Villains
Updated mix of The Villain from 2021. The track was known as 'Villains' for a while at this stage. The cut intro and outro are still present in this version.",3:02,,"Feb 5, 2022",Full,CD Quality,https://pillows.su/f/24906113446065861878c1beb919c10f
Cowboy Tears,"Things We Used to Do [V1]
(prod. John Hill & Oliver Tree)","OG Filename: things we used to do 041321 [quick-inst] 97bpm
Rough instrumental produced by John Hill and Oliver Tree on 13 April 2021 - this is the first mix of Things We Used To Do, exported shortly before vocals were recorded. The track already resembles the final mix in this version but the guitar sounds significantly different.",2:54,"Apr 13, 2021",,OG File,Lossless,https://pillows.su/f/6e1ee3b48e9f733a2be2f7141da23a22
Cowboy Tears,"Things We Used to Do [V2]
(prod. John Hill & Oliver Tree)","OG Filename: things we used to do 041321 [working-stems] 97bpm
Updated mix of Things We Used To Do, exported as two-track stems (vocals and instrumental) by John Hill on 13 April 2021 shortly after the vocals were recorded. This version has many different lyrics to the final mix, including an entirely different bridge, and has a less developed instrumental.",2:54,"Apr 13, 2021",,OG File,Lossless,https://pillows.su/f/6b80755db87fe717968507283b2bb8b0
Cowboy Tears,"Things We Used to Do [V3]
(prod. John Hill & Oliver Tree)","OG Filename: things we used to do 041321 [ref-bnc] 97
Updated mix of Things We Used To Do, exported by John Hill just hours after the previous version; this mix is similar, but has a few revised lyrics throughout the verses, though the bridge is still entirely different to the release version.",2:56,"Apr 13, 2021",,OG File,Lossless,https://pillows.su/f/86f5b1b2c1aa200d6b881d09150b8b23
Cowboy Tears,"⭐ Will This Be War
(prod. Whethan & Oliver Tree)","OG Filename: will this be war
Unreleased track produced during work on Cowboy Tears.",2:53,,"Jun 26, 2022",Full,CD Quality,https://pillows.su/f/9958c9e20bb9869c6f7acde01d9282d6
Drown the World,"A-Okay [V1]
(prod. Nick Long, Oliver Tree, Travis Barker & Kevin Gruft)","OG Filename: A OKAY
Demo mix of A-Okay. Mostly identical to the final version, but with rougher mixing.",3:06,,"May 19, 2022",OG File,CD Quality,https://pillows.su/f/60c87b174ed5715b8ea2ac058d9db981
Drown the World,"A-Okay [V2]
(prod. Nick Long, Oliver Tree, Travis Barker & Kevin Gruft)","The first master of A-Okay, almost identical to the final version besides minor mixing changes. This was intended to be included in the deluxe album prior to its delay.",3:06,,"Dec 23, 2022",Full,High Quality,https://pillows.su/f/69d7bdfc92936a219710f2b43bea728d
Drown the World,✨ Best Night of My Life,"OG Filename: Best Night Of My Life_5.18.21
Unreleased track produced in 2021 during work on Cowboy Tears. Being a mixed version of the track it's possible this was considered for release.",1:59,"May 18, 2021","Aug 4, 2025",OG File,CD Quality,https://imgur.gg/f/ShzQh0M
Drown the World,"Battleship [V1]
(prod. Whethan & Oliver Tree)","OG Filename: battleship
Demo of Battleship, pitched up for some reason. Otherwise the same as the final version, but with a much rougher mix, and missing the transition section. Leaked under the fake name 'Sunk Your Ship'.",2:57,,,OG File,Lossless,https://pillows.su/f/9562ff510127e4985bb88437833ba2e2
Drown the World,"Battleship [V2]
(prod. Whethan & Oliver Tree)","OG Filename: LP V1 - 05 Battleship - Main (Final Mix 01) (MASTERED MM)
The first master of Battleship, mostly the same as the final version besides minor mixing changes, and still missing the transition section. This was intended to be included in the deluxe album prior to its delay.",2:56,,"Oct 25, 2022",Full,CD Quality,https://pillows.su/f/993e78583502a5d19c8b6ae04ff38530
Drown the World,"Better Off Dead
(prod. Nick Long, Oliver Tree & Travis Barker)
(Replacement)","OG Filename: Better Off Dead
OG Filename (Metadata): TBD
Demo mix of Replacement. The song was seemingly named 'Better Off Dead' at this stage of production, and leaked with this name prior to the song's release. Oliver also mistakenly referred to the song as Better Off Dead when it was announced.",3:48,,"Mar 13, 2022",OG File,CD Quality,https://pillows.su/f/513acb40f8829c1aecb33c9ddd015587
Drown the World,"Crash Test Dummy
(prod. Nick Long, Whethan, Oliver Tree & Travis Barker)
(You're a Crash Test Dummy)","OG Filename: Youre a crash test dummy 3
OG Filename (Metadata): Crash test Dummy
Demo mix of Crash Test Dummy. Mostly identical to the final version, but with rougher mixing.",3:07,,,OG File,CD Quality,https://pillows.su/f/88c125c58ba715491ed07c1d19f57b9d
Drown the World,"⭐ Dead & Forgotten
(prod. Whethan & Oliver Tree)","Unreleased track produced during work on Cowboy Tears. The ""here comes the--"" motif from The Exploding Man is reused in this song.",2:22,,"Jun 26, 2022",Full,CD Quality,https://pillows.su/f/ed9c770c906c41c2450d0d2b51c255a0
Drown the World,"🗑️ Do You Hate Me... Do You Love Me
(prod. NVDES, Freedo & Oliver Tree) (ref. Oliver Tree)
(Another Life)","OG Filename: Do You Hate Me...Do You Love Me  w. Oliver Tree
A reference track recorded by Oliver Tree for NVDES. The song was released as ""Another Life"" by NVDES as part of his ""The Zillies"" project, and The Zillies confirmed via their Discord that Oliver's vocals are also layered into the final release. The tone and instrumental of this demo are significantly different to the release version. Had to have been made during this time period, seeing as 'Good Grief' samples it.",2:57,,"Jun 18, 2024",OG File,High Quality,https://pillows.su/f/1b34ae1af529605de36699935fbe2285
Drown the World,"Good Grief [V1]
(prod. NVDES & Oliver Tree)","OG Filename: Good Greif NU NU 2021
Unreleased track produced in 2021. Samples/reuses the instruemental to the unreleased reference track 'Do You Hate Me... Do You Love Me'.",2:31,,"Aug 4, 2025",OG File,CD Quality,https://imgur.gg/f/V3JGxly
Drown the World,"Good Grief [V2]
(prod. NVDES & Oliver Tree)","OG Filename: Good Greif 2021
Updated mix of Good Grief with a bridge section added.",3:15,,"Aug 4, 2025",OG File,CD Quality,https://imgur.gg/f/yVJ6KlN
Drown the World,✨ Heaven & Hell,"OG Filename: Heaven & Hell
Unreleased track produced at some point during this era.",2:42,,"Aug 4, 2025",OG File,CD Quality,https://imgur.gg/f/KhrcSMD
Drown the World,"I Hate You
(prod. Whethan, Casey Mattson & Oliver Tree)","OG Filename: i hate you
Demo mix of I Hate You. Mostly identical to the final version, but with rougher mixing.",2:43,,"Jan 20, 2022",OG File,CD Quality,https://pillows.su/f/160b9ecc91146e9948ba9b5be121b99c
Drown the World,"Man in the Mirror [V1]
(prod. John Hill & Oliver Tree)
(Me in the Mirror)","OG Filename: man in the mirror 041321 [open-bridge] 85bpm1
The first mix of the unreleased track Me in the Mirror, which at this stage was named 'Man in the Mirror', with an open bridge. Interpolates/is heavily inspired by ""Beverly Hills"" & ""Undone - The Sweater Song"" by Weezer, likely the reason why it never ended up releasing.",2:21,"Apr 13, 2021","Aug 8, 2023",OG File,Lossless,https://pillows.su/f/fe1d3f0c6fa0610c96c0ac54c28d975e
Drown the World,"⭐ Man in the Mirror [V2]
(prod. John Hill & Oliver Tree)
(Me in the Mirror)","OG Filename: man in the mirror 041321 [ref-bnc] 85
Updated mix of Me In The Mirror exported just hours after the previous version - the mix is mostly the same, with some minor tweaks, but most notably vocals have now been added to the bridge. The song was still named ""Man In The Mirror"" at this stage.",2:21,"Apr 13, 2021",,OG File,Lossless,https://pillows.su/f/4bac17ede82e401d4df8857496e83013
Drown the World,"🏅 Me in the Mirror [V3]
(prod. John Hill & Oliver Tree)
(Man in the Mirror)","The final, mastered mix of Me In The Mirror, intended to be released in summer 2022 as part of the Cowboy Tears deluxe album before the release was delayed and the track was cut from the tracklist. This version of the song has different lyrics in the final chorus.",,,,Snippet,CD Quality,https://pillows.su/f/8ed3d99532efb3baf428a31547394c36
Drown the World,"Mind Control
(prod. Nick Long & Oliver Tree)","OG Filename: MIND CONTROL (1)
Demo mix of Mind Control. Similar to the final version, but with rougher mixing and a slightly different structure.",1:53,,"Mar 29, 2022",OG File,CD Quality,https://pillows.su/f/95b6d233a7be48c16f2c90b8df5eb3eb
Drown the World,"⭐ Mr Right [V1]
(prod. John Hill & Oliver Tree)","OG Filename: Mr Right_02
The first known mix of the unreleased song Mr Right, bounced on 16 April 2021 - the song has since been reworked in 2022, and was teased via producer Paul Meany's Instagram story.",4:02,"Apr 16, 2021","Jul 12, 2023",OG File,CD Quality,https://pillows.su/f/f9800a73c59c2b2f6072ec7ff8acbcf3
Drown the World,"Oxymoron
(prod. Whethan, Oliver Tree & Dylan Wiggins)","OG Filename: 2 Oxymoron
Demo mix of Oxymoron. Mostly identical to the final version, but with rougher mixing.",2:44,,"Dec 30, 2021",OG File,CD Quality,https://pillows.su/f/f3b64a34ef86bdd40afca3f7a8a43d2b
Drown the World,"Placeholder
(prod. Nick Long, Oliver Tree & Travis Barker)
(Place Holder)","OG Filename: 2 PLACEHOLDER
Demo mix of Placeholder. Mostly identical to the final version, but with rougher mixing.",2:24,,,OG File,CD Quality,https://pillows.su/f/5bb293cac8b494e77e31a6bdd04231fc
Drown the World,"⭐ Scumbag Life
(prod. John Hill & Oliver Tree)","OG Filename: scumbag life 41421 [ref-bnc] 115
Unreleased track produced by Oliver Tree and John Hill during sessions for Cowboy Tears.",3:48,"Apr 14, 2021","Nov 5, 2022",OG File,Lossless,https://pillows.su/f/58b8e5fca4b53a5ed40799ed96ca7c18
Drown the World,⭐ Sunset Boulevard,"OG Filename: Sunset Blvd
Unreleased track.",3:12,,"Aug 4, 2025",OG File,CD Quality,https://imgur.gg/f/Thz4CVr
Drown the World,"Sunshine [V1]
(prod. Whethan, Tim Randolph & Oliver Tree)",An earlier bounce of Sunshine is implied to exist based on the filename of the version that has surfaced.,,,,Rumored,Not Available,
Drown the World,"Sunshine [V2]
(prod. Whethan, Tim Randolph & Oliver Tree)",An earlier bounce of Sunshine is implied to exist based on the filename of the version that has surfaced.,,,,Rumored,Not Available,
Drown the World,"Sunshine [V3]
(prod. Whethan, Tim Randolph & Oliver Tree)",An earlier bounce of Sunshine is implied to exist based on the filename of the version that has surfaced.,,,,Rumored,Not Available,
Drown the World,"Sunshine [V4]
(prod. Whethan, Tim Randolph & Oliver Tree)",An earlier bounce of Sunshine is implied to exist based on the filename of the version that has surfaced.,,,,Rumored,Not Available,
Drown the World,"Sunshine [V5]
(prod. Whethan, Tim Randolph & Oliver Tree)","OG Filename: Sunshine V5
Demo mix of Sunshine. Mostly identical to the final version, but with rougher mixing.",2:59,,"Jun 26, 2022",Full,CD Quality,https://pillows.su/f/08e8e9be46478639b9facbccbdcd4d2a
Drown the World,"The Exploding Man
(prod. Nick Long, Oliver Tree & Travis Barker)","Demo mix of The Exploding Man. Leaked with the name ""Kamikaze"".",2:21,,,Full,CD Quality,https://pillows.su/f/ab8c85c5dc7ec63c40d75f5adc4fa7a6
Drown the World,"That's Not Me [V1]
(prod. Ilan Rubin, Imad Royal & Oliver Tree)","OG Filename: oliver x ilan x imad 3 - 3.5.21 STEMS
Unreleased track produced during the same session as ""The Villain."" Half of the stems are missing.",2:39,"Mar 5, 2021",,Partial,Lossless,https://pillows.su/f/43fd98895ec0510c245f4bb7c12323cf
Drown the World,"That's Not Me [V2]
(prod. Ilan Rubin, Imad Royal & Oliver Tree)","OG Filename: That's Not Me oliver
Updated mix of That's Not Me produced in 2022 during sessions for Cowboy Tears.",2:38,,"Oct 6, 2022",OG File,Lossless,https://pillows.su/f/55c61696e438e9850f516bf95fe2d969
Drown the World,"That's Not Me [V3]
(prod. Ilan Rubin, Imad Royal & Oliver Tree)",An earlier bounce of That's Not Me is implied to exist based on the filename of the version that has surfaced.,,,,Rumored,Not Available,
Drown the World,"That's Not Me [V4]
(prod. Ilan Rubin, Imad Royal & Oliver Tree)",An earlier bounce of That's Not Me is implied to exist based on the filename of the version that has surfaced.,,,,Rumored,Not Available,
Drown the World,"That's Not Me [V5]
(prod. Ilan Rubin, Imad Royal & Oliver Tree)",An earlier bounce of That's Not Me is implied to exist based on the filename of the version that has surfaced.,,,,Rumored,Not Available,
Drown the World,"That's Not Me [V6]
(prod. Ilan Rubin, Imad Royal & Oliver Tree)",An earlier bounce of That's Not Me is implied to exist based on the filename of the version that has surfaced.,,,,Rumored,Not Available,
Drown the World,"That's Not Me [V7]
(prod. Ilan Rubin, Imad Royal & Oliver Tree)",An earlier bounce of That's Not Me is implied to exist based on the filename of the version that has surfaced.,,,,Rumored,Not Available,
Drown the World,"⭐ That's Not Me [V8]
(prod. Ilan Rubin, Imad Royal & Oliver Tree)","OG Filename: That's Not Me v8
Updated mix of That's Not Me produced in 2022 during sessions for Cowboy Tears.",2:39,"Jun 1, 2022","Aug 4, 2025",OG File,CD Quality,https://imgur.gg/f/uiyGcXS
Drown the World,Too Late,"OG Filename: Too Late_01
Unreleased track.",1:53,,"Aug 4, 2025",OG File,Lossless,https://imgur.gg/f/xm277yL
Drown the World,"⭐ Turning Tables
(prod. John Hill & Oliver Tree)","OG Filename: turning tables 041421 [ref-bnc] 146
Unreleased track produced during work on Cowboy Tears. Has an open section during the bridge.",2:46,,,OG File,Lossless,https://pillows.su/f/1e07f680d9863f6497169d669a399bdd
Drown the World,"✨ What You Wanna Hear
(prod. SLIGHT & Oliver Tree)
(Daydream)","OG Filename: What You Wanna Hear_02
Unreleased track produced in 2021. The original beat was posted by SLIGHT in 2020, titled ""Daydream"". SLIGHT tweeted in April 2021 that he couldn't wait for his collab with Oliver to drop, referring to this song, but deleted the tweet a few years later, and the song never dropped.",2:34,"Mar 4, 2021","Aug 4, 2025",OG File,CD Quality,https://imgur.gg/f/QSxSacS
Drown the World,"BoyWithUke - Sick of U [V1]
(prod. BoyWithUke) (ref. BoyWithUke)","The original, solo version of Sick of U, produced in Garageband and posted to TikTok in November 2021 by BoyWithUke. This version does not include Oliver and is much shorter, with a few different lyrics.",0:44,,,Full,CD Quality,https://pillows.su/f/d141dbf34bf427e66d745f9ffcc7738f
Drown the World,"BoyWithUke - Sick of U [V2]
(prod. BoyWithUke) (ref. BoyWithUke)","OG Filename: Sick of U draft
Later demo of Sick of U, similar to the final version with an open verse for Oliver.",2:58,"Jun 27, 2022",,Snippet,Recording,https://youtu.be/u7c6lnRKxYA
Drown the World,🏆 Unknown [POORSTACY Collaboration],"In his tribute following POORSTACY’s passing, Oliver reflected on how grateful he was to have worked on music with him, including appearing on the Let Me Down remix. Since the remix was released in 2022, it’s very likely the two recorded music together during that period.",,,,Confirmed,Not Available,
Alone in a Crowd,✨ Alone in my Room,"OG Filename: Alone In My Room 04.17.22 02
Unreleased track produced in 2022 during work on Alone in a Crowd.",3:18,"Apr 17, 2022","Aug 4, 2025",OG File,CD Quality,https://imgur.gg/f/OP5f0X5
Alone in a Crowd,✨ Bad Actor,"OG Filename: Bad Actor
Unreleased track.",2:41,,"Aug 4, 2025",OG File,CD Quality,https://imgur.gg/f/9jbkXqx
Alone in a Crowd,✨ Bad Habits,"OG Filename: Bad Habits_05.05.22
Unreleased track produced in 2022 during work on Alone in a Crowd.",2:17,"May 5, 2022","Aug 4, 2025",OG File,CD Quality,https://imgur.gg/f/B5bSrou
Alone in a Crowd,⭐ Day Job,"OG Filename: Day Job_07.12.22
Unreleased track produced in 2022 during work on Alone in a Crowd.",3:02,"Jul 12, 2022","Aug 4, 2025",OG File,High Quality,https://imgur.gg/f/rf86dcR
Alone in a Crowd,⭐ Dead Inside,"OG Filename: dead inside - oliver v2
Unreleased track produced at some point during this era.",1:58,,"Aug 4, 2025",OG File,Lossless,https://imgur.gg/f/ssYWepK
Alone in a Crowd,Die For You,"OG Filename: Die For You_5.15.22
Unreleased track produced in 2022 during work on Alone in a Crowd.",1:34,"May 15, 2022","Aug 4, 2025",OG File,CD Quality,https://imgur.gg/f/AU92av3
Alone in a Crowd,"Disappear [V1]
(prod. Fred Again.. & Oliver Tree)
(Vibe)","OG Filename: Dissapear(Sketch)
The first version of the unreleased track Disappear with vocals from Oliver and updated production. This version has no percussion. ""Disappear"" is misspelt in every version of this song.",3:41,"Jul 11, 2022","Oct 21, 2024",OG File,Lossless,https://pillows.su/f/9e161fd163f396db5db0d1ab8e7457d8
Alone in a Crowd,"Disappear [V2]
(prod. Fred Again.. & Oliver Tree)
(Vibe)","OG Filename: Dissapear(Sketch2)
Updated mix of Disappear from the same day. The percussion is added in this version.",4:02,"Jul 11, 2022","Aug 4, 2025",OG File,Lossless,https://pillows.su/f/f6d4352a7722f3ef7a8b82fd5ca47979
Alone in a Crowd,"Disappear [V3]
(prod. Fred Again.. & Oliver Tree)
(Vibe)","OG Filename: Dissapear(Sketch2B)
Updated mix of Disappear from shortly after the previous mix.",3:41,"Jul 12, 2022","Nov 2, 2024",OG File,Lossless,https://pillows.su/f/4a90b5a1b1dd3525b851b0ba0b3dae58
Alone in a Crowd,"Disappear [V4]
(prod. Fred Again.. & Oliver Tree)
(Vibe)","OG Filename: Dissapear(Freddit1)
Updated mix of Disappear from shortly after the previous mix. The metronome has been left enabled in this export.",3:34,"Jul 26, 2022","Nov 2, 2024",OG File,Lossless,https://pillows.su/f/235dc4b2ef89b4e9ce4c7e1d0a44cffd
Alone in a Crowd,"Disappear [V5]
(prod. Fred Again.. & Oliver Tree)
(Vibe)","OG Filename: Dissapear(Freddit1B)
Updated mix of Disappear from shortly after the previous mix. The metronome has again been left enabled in this export.",3:35,"Jul 27, 2022","Nov 1, 2024",OG File,Lossless,https://pillows.su/f/82c3a99b1a191d4492c1b9e4e1f02e4f
Alone in a Crowd,"✨ Disappear [V6]
(prod. Fred Again.. & Oliver Tree)
(Vibe)","OG Filename: Dissapear(Freddit1C)
The final mix of the unreleased track Disappear.",3:34,"Jul 27, 2022","Oct 21, 2024",OG File,Lossless,https://pillows.su/f/2564a9097163078e530207550b11cce2
Alone in a Crowd,"✨ Easy
(prod. Imad Royal. Whethan & Oliver Tree)","OG Filename: EASY v3 Oliver x Imad x Whethan
Throwaway from Alone in a Crowd sessions, bounced by Imad on April 21, 2022. The song was developed alongside Invisible Man, but did not make the cut for the album - Imad recently confirmed the song's existence via a TikTok comment, in which he stated he was unsure if it would release.",2:19,"Apr 21, 2022","Nov 5, 2022",OG File,Lossless,https://pillows.su/f/7efe533c5f77ff20c1c4430f68abf16a
Alone in a Crowd,✨ Face Of An Angel,"OG Filename: Face Of An Angel_04.25.22
Unreleased track produced in 2022 during work on Alone in a Crowd.",1:15,"Apr 25, 2022","Aug 4, 2025",OG File,CD Quality,https://imgur.gg/f/g50WBn9
Alone in a Crowd,"Fairweather Friends [V1]
(prod. Whethan & Oliver Tree)","Rough mix of Fairweather Friends from 2022 - the song is largely the same, though the chorus lacks backing vocals.",1:34,,"Jun 26, 2022",Full,CD Quality,https://pillows.su/f/cda4aedbe1ee856a188d5b4e9634dd1b
Alone in a Crowd,Fake Smiles,"OG Filename: Fake Smiles HH02
Unreleased track produced at some point during this era.",2:40,,"Aug 4, 2025",OG File,CD Quality,https://imgur.gg/f/D6T5twc
Alone in a Crowd,✨ Friendzone,"OG Filename: friendzone remix
Unreleased track produced during this era.Orignally thought to be from the Cowboy Tears Deluxe sessions, but was confirmed to be from the Alone In A Crowd sessions after a video came out of Oliver getting the idea of the song down on a guiatr from March 2023.",2:40,,"Aug 4, 2025",OG File,Lossless,https://imgur.gg/f/kRUYFtZ
Alone in a Crowd,Funny How We Change,"OG Filename: Funny How We Change_04.14.22
Unreleased track produced in 2022 during work on Alone in a Crowd. Fairly rough, with an open verse in the middle of the song.",1:40,"Apr 14, 2022","Aug 4, 2025",OG File,CD Quality,https://imgur.gg/f/li6Irjh
Alone in a Crowd,🏆 Hello*,Unreleased track produced sometime during work on Alone in a Crowd. Was previewed by Dan Awad and Paul Donatelli at Oliver's memorial party in LA.,2:26,,,Partial,Recording,https://pillows.su/f/27b626bc419620a7155cb40b5460a552
Alone in a Crowd,Here Goes Nothing,"Copyright for a track named 'Here Goes Nothing' was registered on PPLUK in 2022 (USAT22203934) with the track length specified. Nothing else is known about this song, and no other upcoming releases are registered there.",2:29,,,Confirmed,Not Available,
Alone in a Crowd,⭐ Hold On,Throwaway from the Early-Alone In A Crowd sessions. The file is renamed but is allegedly from 2022.,2:37,"Jul 11, 2022","Apr 27, 2026",Full,CD Quality,https://imgur.gg/f/Pn45V7L
Alone in a Crowd,"Invisible Man [V1]
(prod. Imad Royal, Casey Mattson & Oliver Tree)",An earlier mix of Invisible Man is implied to exist based on the filenames of the demos that have surfaced.,,,,Rumored,Not Available,
Alone in a Crowd,"Invisible Man [V2]
(prod. Imad Royal, Casey Mattson & Oliver Tree)","OG Filename: INVISIBLE MAN v2 Oliver
Demo mix of Invisible Man bounced by Imad Royal on April 21, 2022.",2:26,"Apr 21, 2022","Nov 5, 2022",OG File,Lossless,https://pillows.su/f/deadbc21c687424a088b1ac3a589ede0
Alone in a Crowd,"Invisible Man [V3]
(prod. Imad Royal, Casey Mattson & Oliver Tree)","OG Filename: Invisible Man oliver v3
Updated demo of Invisible Man, bounced a few weeks after the previous mix.",2:34,"May 5, 2022","Nov 5, 2022",OG File,Lossless,https://pillows.su/f/31044d85f04f2a3d9dda5453213dca51
Alone in a Crowd,"🏆 Mr Right [V2]
(prod. John Hill, Paul Meany & Oliver Tree)","Updated version of Mr Right with revised lyrics & seemingly updated production, worked on by Oliver, John Hill and Paul Meany in Paul's studio on August 28, 2022, with Paul posting a video of the session to his Instagram story in which Oliver can be heard singing.",,"Aug 28, 2022",,Snippet,Recording,https://www.youtube.com/watch?v=RtwETGgDKhk
Alone in a Crowd,⭐ Nothing Else to Lose,"OG Filename: Oliver Tree - Nothing else to lose 190 1.1
Unreleased track.",2:54,,"Aug 4, 2025",OG File,CD Quality,https://imgur.gg/f/UAOdYGc
Alone in a Crowd,"🏆 Off The Rails*
(OliverTree1)",Snippet posted by a seller on leaked.cx.Title is unknown.,,,"Jan 23, 2026",Snippet,CD Quality,https://imgur.gg/f/cU152z1
Alone in a Crowd,✨ Runnin' On Empty,"OG Filename: Runnin On Empty
Unreleased track.",2:52,,"Aug 4, 2025",OG File,CD Quality,https://imgur.gg/f/OxlJsu1
Alone in a Crowd,"⭐ Save Me
(prod. Imad Royal & Oliver Tree)","OG Filename: Oliver - Save Me
A throwaway from Alone in a Crowd sessions.",2:28,,"Nov 5, 2022",OG File,Lossless,https://pillows.su/f/4cec3cb9286f90633f26691dbd7a7869
Alone in a Crowd,Somebody Else,"OG Filename: Sombody Else_01
Unreleased track. Mispelled Somebody in the filename.",2:06,,"Aug 4, 2025",OG File,CD Quality,https://imgur.gg/f/MhteUaG
Alone in a Crowd,✨ The Devil's Calling,"OG Filename: The Devils Calling
Unreleased track.",1:59,,,OG File,CD Quality,https://imgur.gg/f/cC8LD25
Alone in a Crowd,The End,"OG Filename: The End 05.11.22
Unreleased track produced in 2022 during work on Alone in a Crowd.",2:27,"May 11, 2022","Aug 4, 2025",OG File,CD Quality,https://imgur.gg/f/ATHheMw
Alone in a Crowd,Unknown [Ryder Johnson Collaboration],"Producer Ryder Johnson confirmed in a series of tweets from 2021 that he had a song with Oliver, saying it was ""a smash"" and it was ""so fire.""",,,,Confirmed,Not Available,
Alone in a Crowd,"🏆 Slow Down* [V1]
(prod. Oliver Tree & T-Pain)",Unreleased track recorded by Oliver and T-Pain at T-Pain's studio some time during this era. A clip of the two of them listening to the song was posted to T-Pain's social media in 2026 following Oliver's passing.,,,"Jun 15, 2026",Snippet,Recording,https://imgur.gg/f/9Xk9vee
Alone in a Crowd,"Sad [V1]
(prod. Digital Farm Animals, Will Vaughan & Oliver Tree)
(All The Money, Hope You Know)","OG Filename: AUDIO-2022-11-04-13-34-45
The initial idea for All The Money, which was named ""Sad"" at this stage, recorded on November 3, 2022. This mix is very simple, with a looping instrumental and very basic structure.",1:40,"Nov 3, 2022","Jun 7, 2024",OG File,CD Quality,https://pillows.su/f/74097227869bf1ced55576d21e8b91ea
Alone in a Crowd,"Sad [V2]
(prod. Digital Farm Animals, Will Vaughan & Oliver Tree)
(All The Money, Hope You Know)","OG Filename: Sad V2
An updated mix of Sad, adding other instruments to develop the track's instrumental, and slightly changing the structure.",3:22,"Nov 3, 2022","Jun 18, 2024",OG File,CD Quality,https://pillows.su/f/383e60a1365763c8f8216dbc3bacbd16
Alone in a Crowd,"Sad [V3]
(prod. Digital Farm Animals, Will Vaughan & Oliver Tree)
(All The Money, Hope You Know)","An updated version of Sad, exported as stems on November 3, 2022. This mix adds drums and other instruments to develop the track's instrumental, and slightly changes the structure.",2:20,"Nov 3, 2022",,Full,High Quality,https://pillows.su/f/4632af8f32883bc80565d6b9422dc8d4
Alone in a Crowd,"Sad [V4]
(prod. Digital Farm Animals, Will Vaughan & Oliver Tree)
(All The Money, Hope You Know)","OG Filename: AUDIO-2022-11-07-11-39-45
Updated mix of ""Sad"" from a few days after the previous mix, with different percussion and various effects added to change the structure and atmosphere of the track.",1:50,"Nov 7, 2022","Jun 11, 2024",OG File,CD Quality,https://pillows.su/f/3dc6f67d137145fb529a843ef2c5bce5
Alone in a Crowd,"Alone in a Crowd
(prod. Whethan & Oliver Tree)
(Strangers)","As shown by copyright registered for the track, Strangers was seemingly originally named ""Alone in a Crowd."" No demos with this name have surfaced.",,,,Confirmed,Not Available,
Alone in a Crowd,"Up & Down [V1]
(prod. Digital Farm Animals, Will Vaughan, Oliver Tree & Matt Zara)
(Bounce)","OG Filename: orrerDS
Early, open verse demo of Bounce, which was named 'Up & Down' at this stage. The vocals phase in and out weirdly in parts of the chorus. Also has a different intro to later mixes.",1:00,"Nov 3, 2022","Jun 7, 2024",OG File,High Quality,https://pillows.su/f/414022a0c6eee372a82e2ee26f71cd8a
Alone in a Crowd,"Up & Down [V2]
(prod. Digital Farm Animals, Will Vaughan, Oliver Tree & Matt Zara)
(Bounce)","OG Filename: Oliver Tree - UP AND DOWN
Updated mix of Up & Down from the same day, with vocals for the first verse now added. The alternative intro and vocals phasing in and out are still present.",1:43,"Nov 3, 2022","Jun 11, 2024",OG File,High Quality,https://pillows.su/f/d36dee6ee86292d00e2985dc2d8a2a14
Alone in a Crowd,"Up & Down [V3]
(prod. Digital Farm Animals, Will Vaughan, Oliver Tree & Matt Zara)
(Bounce)","Updated mix of Up & Down, still named 'Up & Down', with the second verse added and an instrumental outro, though it is a different outro to the final version. Several lyrics in the second verse are also different to the final.",2:39,,"Aug 8, 2023",Full,High Quality,https://pillows.su/f/2f050798d20e1957536d6a9151d93037
Alone in a Crowd,"Up & Down [V4]
(prod. Digital Farm Animals, Will Vaughan, Oliver Tree & Matt Zara)
(Bounce)",Bounces of Bounce are implied to exist based on the filename of the version that has surfaced.,,,,Confirmed,Not Available,
Alone in a Crowd,"Up & Down [V5]
(prod. Digital Farm Animals, Will Vaughan, Oliver Tree & Matt Zara)
(Bounce)",Bounces of Bounce are implied to exist based on the filename of the version that has surfaced.,,,,Confirmed,Not Available,
Alone in a Crowd,"Up & Down [V6]
(prod. Digital Farm Animals, Will Vaughan, Oliver Tree & Matt Zara)
(Bounce)",Bounces of Bounce are implied to exist based on the filename of the version that has surfaced.,,,,Confirmed,Not Available,
Alone in a Crowd,"Up & Down [V7]
(prod. Digital Farm Animals, Will Vaughan, Oliver Tree & Matt Zara)
(Bounce)",Bounces of Bounce are implied to exist based on the filename of the version that has surfaced.,,,,Confirmed,Not Available,
Alone in a Crowd,"Up & Down [V8]
(prod. Digital Farm Animals, Will Vaughan, Oliver Tree & Matt Zara)
(Bounce)","OG Filename: Oliver Tree - UP AND DOWN V8
Updated demo of Up & Down, similar to the previous demo, but with percussion added in the instrumental break before the outro. The alternate lyrics in the second verse are still present.",2:49,"Nov 4, 2022","Jun 11, 2024",Full,High Quality,https://pillows.su/f/c3d090ce0423a0984b1a256766e9fb59
Alone in a Crowd,"Up & Down [V9]
(prod. Digital Farm Animals, Will Vaughan, Oliver Tree & Matt Zara)
(Bounce)",Bounces of Bounce are implied to exist based on the filename of the version that has surfaced.,,,,Confirmed,Not Available,
Alone in a Crowd,"Up & Down [V10]
(prod. Digital Farm Animals, Will Vaughan, Oliver Tree & Matt Zara)
(Bounce)",Bounces of Bounce are implied to exist based on the filename of the version that has surfaced.,,,,Confirmed,Not Available,
Alone in a Crowd,"Up & Down [V11]
(prod. Digital Farm Animals, Will Vaughan, Oliver Tree & Matt Zara)
(Bounce)",Bounces of Bounce are implied to exist based on the filename of the version that has surfaced.,,,,Confirmed,Not Available,
Alone in a Crowd,"Up & Down [V12]
(prod. Digital Farm Animals, Will Vaughan, Oliver Tree & Matt Zara)
(Bounce)",Bounces of Bounce are implied to exist based on the filename of the version that has surfaced.,,,,Confirmed,Not Available,
Alone in a Crowd,"Up & Down [V13]
(prod. Digital Farm Animals, Will Vaughan, Oliver Tree & Matt Zara)
(Bounce)","OG Filename: Oliver Tree - Up and Down v13
Updated demo of Bounce, with the lyrics in the second verse now changed to those of the final version. The outro is changed slightly, with the vocals being pitched down, but is still different to that of the final mix.",2:42,"Nov 9, 2022","Jun 11, 2024",OG File,High Quality,https://pillows.su/f/42f58aeef4916d16a4424d647fa3aa68
Alone in a Crowd,"✨ Don't Wait For Me
(prod. Diplo & Whethan)","OG Filename: Dont Wait For Me V3
Unreleased track produced at some point during this era. Was speculated to be produced by David Guetta, but later confirmed to be produced by Diplo & Whethan.",2:27,,"Aug 4, 2025",OG File,CD Quality,https://imgur.gg/f/bwUKod9
Alone in a Crowd,✨ Give Me More,"OG Filename: Give Me More_HH01
Unreleased track produced at some point during this era.",1:40,,"Jul 5, 2025",Full,CD Quality,https://imgur.gg/f/eVg0bqH
Alone in a Crowd,"✨ Here We Go Again [V1]
(prod. Oliver Tree & Digital Farm Animals)","OG Filename: HERE WE GO AGAIN
An earlier, pitched-down mix of ""Here We Go Again,"" made before David Guetta's involvement with the song. Features various instrumental differences and changes tempo at several points throughout. Recorded on November 3, 2022 during the same session as Bounce.",2:48,"Nov 3, 2022","Feb 18, 2024",OG File,High Quality,https://pillows.su/f/38a3e1ead610f4e4846f5626fcee39ea
Alone in a Crowd,"Here We Go Again [V2]
(prod. Oliver Tree & Digital Farm Animals)","OG Filename: AUDIO-2022-11-04-17-48-52
Updated mix of ""Here We Go Again"" with a new instrumental. Though updated, the instrumental is very different to the final mix. The second verse is cut off in this bounce.",1:22,"Nov 4, 2022","Jun 11, 2024",OG File,High Quality,https://pillows.su/f/3ed0f0b9610bc684e54326df984f3528
Alone in a Crowd,"Here We Go Again [V3]
(prod. Oliver Tree & Digital Farm Animals)","OG Filename: AUDIO-2022-11-07-14-33-20
Updated mix of ""Here We Go Again."" As with the previous mix, the instrumental is very different to the final mix.",2:41,"Nov 7, 2022","Jun 11, 2024",OG File,High Quality,https://pillows.su/f/4cb7f958661f8a23a20686b026ca5abf
Alone in a Crowd,"Here We Go Again [V4]
(prod. Oliver Tree & Digital Farm Animals)","OG Filename: HERE WE GO AGAIN PITCHED
A slightly updated mix of ""Here We Go Again,"" with the vocals now pitched up. This mix was shown in a TikTok posted by Digital Farm Animals where he showed the FL Studio project for his version of the track. This was the last version before David Guetta's involvement.",2:41,"Nov 7, 2022","Jun 11, 2024",OG File,High Quality,https://pillows.su/f/2ac8ea2f5f0d6baded7bd8d39ed869ec
Alone in a Crowd,"⭐ What I Live For [V1]
(prod. Digital Farm Animals, Mojam, Oliver Tree & Will Vaughan)
(One & Only)","OG Filename: OT What I Live For
Very rough unreleased track named ""What I Live For"", which was later reworked into One & Only - the lyrics in this demo are almost entirely different to the final release, and half of the song has no vocals. The instrumental resembles the final version but is much rougher. The song is built around a guitar loop named ""WV OT GTR IDEA 1"", made by Will Vaughan and Oliver.",2:24,,"Aug 14, 2023",OG File,High Quality,https://pillows.su/f/207e95024ee91ffb05023bd8aff0f7c7
Alone in a Crowd,"One & Only [V2]
(prod. Digital Farm Animals, Mojam, Oliver Tree & Will Vaughan)
(What I Live For)","OG Filename: OLIVER TREE - ONE AND ONLY (DFA)
Updated mix of the song, now rewritten as ""One & Only"" and re-recorded at Abbey Road Studios in London. The song already closely resembles the final version, though the line ""you're my one & only"" is repeated throughout the chorus.",2:51,"Nov 3, 2022","Jun 11, 2024",OG File,High Quality,http://music.froste.lol/song/6047a023b865d706a71dca255d4ddca8/play
Alone in a Crowd,"Over Time
(feat. Jessie Reyes*)
(prod. Oliver Tree & Diplo)","OG Filename: Over time 2
Unreleased track featuring an unidentified female vocalist, who may be Jessie Reyes. Following Oliver's passing, Diplo confirmed that he had produced this song with Oliver.",3:11,,"Aug 4, 2025",OG File,CD Quality,https://imgur.gg/f/EzsVmuA
Alone in a Crowd,Push Me Out The Window [V1],"OG Filename: Push Me Out The Window
Earlier mix of Push Me Out The Window. Mostly the same but missing the vocal chops outro that was added in later mixes.",2:06,,"Aug 4, 2025",OG File,Lossless,https://imgur.gg/f/hfDqB6T
Alone in a Crowd,⭐ Push Me Out The Window [V2],"OG Filename: Push Me Out The Window 1.1
Unreleased track produced in 2022 during work on Alone in a Crowd.",2:19,,"Aug 4, 2025",OG File,CD Quality,https://imgur.gg/f/cPBWPh8
Alone in a Crowd,🏆 Unknown [Kid Cudi Collaboration],"Oliver confirmed during an appearance on the H3 Podcast that he and Kid Cudi had recently made music together, though none of this has surfaced. Kid Cudi also showed up to perform alongside Oliver during his 'Encore' livestream performance in 2022.",,,,Confirmed,Not Available,
Alone in a Crowd,"Digital Farm Animals - Voices in my Head [V1]
(prod. Digital Farm Animals & Mojam)
(Voices)","OG Filename: VOICES IN MY HEAD 1241184538 - Digital Farm Animals
Reference track of ""Voices,"" recorded by the writers for KSI, with an open verse where Oliver's would later be added.",3:34,,"Aug 11, 2024",OG File,High Quality,https://pillows.su/f/fe51ceb973d7d7d9410a2745f3bf1026
Alone in a Crowd,"KSI - Voices [V2]
(prod. Digital Farm Animals & Mojam)
(Voices in my Head)","OG Filename: VOICES - KSI cgp002
Updated demo of ""Voices,"" now sung by KSI, with an open verse where Oliver's vocals would later be added, and a few structural changes.",3:05,,"Jul 12, 2024",OG File,High Quality,https://pillows.su/f/c673d01c35d945f76f1ccb17933997f6
Alone in a Crowd,"KSI - Voices [V3]
(feat. Oliver Tree)
(prod. Digital Farm Animals & Mojam)
(Voices in my Head)","OG Filename: Voices - KSI, Oliver Tree (10.24.22)
Rough demo of ""Voices"" with several mixing differences, particularly to Oliver's verse. The track was recorded on Oct 23, 2022, one day before this demo was exported.",3:09,"Oct 24, 2022","Jun 11, 2024",OG File,High Quality,https://pillows.su/f/f0186b89ce80234a26e598bb8ff15616
Alone in a Crowd,"KSI - Voices [V4]
(feat. Oliver Tree)
(prod. Digital Farm Animals & Mojam)
(Voices in my Head)","OG Filename: Ksi x Oliver Tree - Voices
Reference export of the previous mix.",3:09,"Nov 3, 2022","Jun 11, 2024",OG File,High Quality,https://pillows.su/f/6f301a5debb3cd4df47cb535706b24f4
Alone in a Crowd,"Sad [V5]
(prod. Digital Farm Animals, Will Vaughan & Oliver Tree)
(All The Money, Hope You Know)","OG Filename: SAD Duck x MZ 203
A revised version of Sad, made by Matt Zara (who also worked on Bounce) and ""Duck"", who presumably is Duck Blackwell, on January 25, 2023. This version adds more variation to the song, with an entirely different instrumental and updated mixing.",2:07,"Jan 25, 2023","Jun 8, 2025",OG File,CD Quality,https://pillows.su/f/5c4f05140eff64d3ac96504b41e845b4
Alone in a Crowd,"⭐ All The Money [V6]
(prod. Digital Farm Animals, Will Vaughan, Oliver Tree, Matt Zara & Duck Blackwell)
(Sad, Hope You Know)","OG Filename: All The Money
An edit of the previous mix, made in FL Studio 20 on the same day (presumably by Digital Farm Animals); with this version, the song is pitched & sped up, with an instrumental section added to the chorus, and has been renamed to ""All The Money"".",2:37,"Jan 25, 2023","Jun 7, 2024",OG File,CD Quality,https://pillows.su/f/921621ea03a4d7de214dd386d814d28d
Alone in a Crowd,"Bounce [V6]
(prod. Digital Farm Animals, Will Vaughan, Oliver Tree & Matt Zara)
(Up & Down)","Mix of Up & Down heard in a recording of a studio session posted to Instagram by Erik Valentim in August 2023, alongside a picture of him recording, at Casa do Mato Estúdios where the song was being mixed for release. According to another post by Erik, Jacob Dennis was also present.",,,"Aug 1, 2023",Snippet,Recording,https://www.instagram.com/p/CvalwuJJ809/?hl=en-gb
Alone in a Crowd,⭐ Dancing on the Moon,"OG Filename: Dancing On The Moon_23.02.16
Unreleased track produced in 2023.",2:25,"Feb 16, 2023","Aug 4, 2025",OG File,CD Quality,https://imgur.gg/f/jwtCZSm
Alone in a Crowd,"Elevator to the Sky
(prod. Whethan & Oliver Tree)","Earlier master of Elevator to the Sky, largely the same as the final version besides minor mixing differences.",2:35,,"Sep 30, 2023",Full,Lossless,https://pillows.su/f/c37af229d261dbeeb1a92d6e28ad3a5c
Alone in a Crowd,✨ Erased From My Life,"OG Filename: Erased From My Life 23.02.15
Unreleased track produced in 2023.",1:57,"Feb 15, 2023","Aug 4, 2025",OG File,CD Quality,https://imgur.gg/f/j6uGOFk
Alone in a Crowd,"✨ Essence
(feat. Super Computer)
(prod. Whethan & Oliver Tree)",Earlier master of Essence with cut lyrics in the intro. The rest of the song is mostly the same besides minor mixing differences.,2:31,,"Sep 30, 2023",Full,Lossless,https://pillows.su/f/cfdc36ed6c29f7eff6bf65eae34472b2
Alone in a Crowd,"Fairweather Friends [V2]
(prod. Whethan & Oliver Tree)","Earlier master of Fairweather Friends, almost identical to the release version but lacking backing vocals in the intro. This mix was briefly used on streaming services before being corrected.",1:34,,"Sep 15, 2023",Full,Lossless,https://pillows.su/f/e6c4c0f1b356b5b5b9c5eb463ff742c0
Alone in a Crowd,"Highlight of my Life
(prod. Whethan & Oliver Tree)",Earlier master of Highlight of my Life with a slower tempo and minor mixing differences.,2:31,,"Sep 30, 2023",Full,Lossless,https://pillows.su/f/be5bca89c47f1a81378e67b63ccb14e3
Alone in a Crowd,"⭐ I Miss You A Lot*
(prod. The Stereotypes & Oliver Tree)
(Song 2)","OG Filename: Song 2 - Oliver Tree x Stereotypes
Unreleased track produced in 2023. Reuses lyrics from Oliver's 2015 ""Love As I Know It"" spoken word piece.",2:43,"Jan 26, 2023","Aug 4, 2025",OG File,CD Quality,https://imgur.gg/f/nhtY9T8
Alone in a Crowd,"⭐ Look Back*
(prod. The Stereotypes & Oliver Tree)
(Song 1)","OG Filename: Song 1 - Oliver Tree x Stereotypes
Unreleased track produced in 2023.",2:36,"Jan 26, 2023","Aug 4, 2025",OG File,CD Quality,https://imgur.gg/f/x2coP8Z
Alone in a Crowd,"Smile
(prod. Whethan & Oliver Tree)","Earlier master of Smile, largely the same as the final version besides minor mixing differences.",2:19,,"Sep 30, 2023",Full,Lossless,https://pillows.su/f/51ea139f2a74bb9d59a6ab7fcf10837a
Alone in a Crowd,"Star
(prod. Whethan, Oliver Tree & JKash)",Earlier master of Star with a slower tempo and minor mixing differences.,2:00,,"Sep 30, 2023",Full,Lossless,https://pillows.su/f/996bda8e0e933953d02cb0cd63f76fb8
Alone in a Crowd,"The First Night
(prod. Oliver Tree & Charlie Handsome)
(First Night)","Earlier master of The First Night, largely the same as the final version besides minor mixing differences.",3:04,,"Sep 30, 2023",Full,Lossless,https://pillows.su/f/f81e331d717eacf0e53458e9252ba1ff
Alone in a Crowd,"With You
(prod. Whethan, Casey Mattson & Oliver Tree)",Earlier master of With You with a slower tempo and minor mixing differences.,2:47,,"Sep 30, 2023",Full,Lossless,https://pillows.su/f/eca8c05bf2b63a5896f7924d928c4441
Alone in a Crowd,"Diplo - Day One
(feat. Oliver Tree)","OG Filename: day one
Unreleased track produced in 2023.",2:01,"Jan 24, 2023","Aug 4, 2025",OG File,CD Quality,https://imgur.gg/f/w39jQZg
"0 Total Full
0 OG File
0 Partial / Cut
12 Snippet
1 Unavailable","Super Computer
(Side Project from Whethan & Oliver Tree)","(Jun 20, 2023) Oliver's side project 'Super Computer' is revealed
(Oct 6, 2023) Super Computer's first single is released
(Sep 12, 2024) ORDINATEUR EP releases",,,,,,
Super Computer,Essence [Super Computer Ver.],"EDM remix of ""Essence"" previewed on Super Computer's official TikTok.",,,,Snippet,High Quality,"http://music.froste.lol/video/6f64850916179bea2b52baac54b48ed6/play
https://imgur.gg/f/Ldq6qGr
https://imgur.gg/f/PwIzAhi"
Super Computer,BURNING DOWN THE HOUSE*,Song previewed by Super Computer live. Later previewed on their social media.,,,,Snippet,High Quality,https://imgur.gg/f/cShrrx7
Super Computer,BURNING DOWN THE HOUSE* [Alt.],An alternate version of the song above,,,,Snippet,High Quality,https://imgur.gg/f/CBrnhBw
Super Computer,DO YOU WANNA DIE?*,Song previewed by Super Computer live. Later previewed on their social media.,,,,Snippet,High Quality,https://imgur.gg/f/bsiDo29
Super Computer,GOOD NEWS*,Song previewed by Super Computer live. Later previewed on their social media.,,,,Snippet,High Quality,https://imgur.gg/f/1dfVHfI
Super Computer,LET'S GO*,Song previewed by Super Computer live. Later previewed on their social media.,,,,Snippet,High Quality,https://imgur.gg/f/oGwy11T
Super Computer,MINION*,Song previewed by Super Computer live. Later previewed on their social media.,,,,Snippet,High Quality,https://imgur.gg/f/NIZ2srX
Super Computer,NEED YOU NOW*,Unknown track previewed by Super Computer live.,,,,Snippet,Recording,https://imgur.gg/f/i8Rp2U2
Super Computer,SUPER COMPUTER*,Song previewed by Super Computer on their social media.,,,,Snippet,High Quality,https://imgur.gg/f/Qg6IbuZ
Super Computer,WELCOME*,Unknown track previewed by Super Computer live.,,,,Snippet,Recording,https://imgur.gg/f/kQzdtCU
Super Computer,[Unknown 1],Unknown track previewed by Super Computer live.,,,,Snippet,Recording,https://pillows.su/f/0d25e1c9c8aee02dc70a5f4760c7e137
Super Computer,[Unknown 2],Unknown track previewed by Super Computer live.,,,,Snippet,Recording,https://pillows.su/f/1ae0c0f91b0424a20c6285017077ed1d
Super Computer,Unknown [Second Super Computer Album],"Super Computer has mentioned an upcoming album multiple times, along with previewing new music live. Unknown when it is releasing.",,,,Confirmed,Not Available,
"0 Total Full
0 OG File
0 Partial / Cut
0 Snippet
3 Unavailable","Unknown EP
(Collaboration with Tommy Cash)","(2020) Tommy Cash confirm's he's made music with Oliver aside from the Little Big collabs  
(Late 2023) Tommy Cash hints at new music with Oliver on Instagram
(Late 2023) Oliver confirms a collaboration EP with Tommy Cash existed, but will not be releasing yet",,,,,,
Unknown EP,"Tommy Cash - Shotgun*
(feat. Oliver Tree)","Tommy Cash confirmed in a medium article that him and Oliver had a song together and were still thinking of possible titles, and that 'Shotgun' was a possible contender. The article also states that, ""The collab may not come out until next year"", which it never did. Unknown if it is releasing on the collab EP or is scrapped.",,,,Confirmed,Not Available,
Unknown EP,Unknown [Tommy Cash Collaborations],"Tommy Cash hinted in the comments of a recent (now deleted) Instagram post in late 2023 that he and Oliver had another collab on the way, which they would potentially perform live while on tour together. They ended up not performing any new material. A month later, Oliver would state that they had a good amount of material together and were planning on releasing all of it on an EP eventually, but both said they wanted to focus on their own music first.",,,,Confirmed,Not Available,
Unknown EP,Tommy Cash Collab EP*,"In an interview from late 2023, Oliver would confirm that him and Tommy Cash had planned on releasing a collab EP between both of them but both wanted to focus on their own music before releasing it. It's unknown if they are still planning on releasing it after LYM,HYB & Tommy Cash's next project.",,,,Confirmed,Not Available,
"101 Total Full
95 OG File
0 Partial / Cut
15 Snippet
8 Unavailable","Love You Madly, Hate You Badly","(Jan 2024) Material is pulled together for a planned 2024 release
(Sep 27, 2024) Oliver previews new music live
(Feb 1, 2025) Oliver announces the album will be dropping in 2025
(Oct 10, 2025) Superhero releases, confirms that album is delayed to 2026
(Apr 24, 2026) Love You Madly, Hate You Badly releases.",,,,,,
"Love You Madly, Hate You Badly","✨ Back Stabber
(prod. Oliver Tree)","OG Filename: Back Stabber Kazakhstan Idea 1 V3
Unreleased track produced during work on Love You Madly, Hate You Badly.",2:03,,"Jul 8, 2026",OG File,CD Quality,https://pillows.su/f/7079fd7f05508c4806c974c00e444e89
"Love You Madly, Hate You Badly","Crazy [V1]
(prod. Oliver Tree)
(Song14)","OG Filename: Song14_24.3.18
Demo mix of Crazy.",2:15,"Mar 18, 2024","Apr 27, 2026",OG File,CD Quality,https://pillows.su/f/c6b48e1735bacb43eb17b02cf44682b2
"Love You Madly, Hate You Badly","Crazy [V2]
(prod. Oliver Tree)
(Song14)","OG Filename: Song14_24.3.22
Demo mix of Crazy.",2:15,"Mar 22, 2024","Apr 27, 2026",OG File,CD Quality,https://pillows.su/f/ec11470b13adcac4b69aa4d7c2182aff
"Love You Madly, Hate You Badly","Crazy [V3]
(prod. Oliver Tree)
(Song14)","OG Filename: Song14_24.3.27
Demo mix of Crazy.",2:15,"Mar 27, 2024","Apr 27, 2026",OG File,CD Quality,https://pillows.su/f/2a575d661d21c79af8dc895779e01d94
"Love You Madly, Hate You Badly","Crazy [V4]
(prod. Oliver Tree)
(Song14)","OG Filename: Song14_24.4.04
Demo mix of Crazy.",2:06,"Apr 4, 2024","Apr 27, 2026",OG File,CD Quality,https://pillows.su/f/2cbc5765664103ceefb93546edac9878
"Love You Madly, Hate You Badly","✨ Deep End [V1]
(prod. Oliver Tree)
(Deep End)","OG Filename: Song5_24.03.16
Early version of Deep End, significantly different to the final version, with multiple scrapped rap verses and much rougher mixing.",2:57,"Mar 16, 2024","Mar 27, 2026",OG File,CD Quality,https://imgur.gg/f/AA3TRdE
"Love You Madly, Hate You Badly","⭐ Deep End [V2]
(prod. Oliver Tree)
(Song5)","Demo version of Deep End leaked in 2025 before the song's release, with significant structural differences, including longer chorus sections and lacking the metal section added in the release version.",2:30,,"Jul 30, 2025",Full,CD Quality,https://imgur.gg/f/aZ13MWr
"Love You Madly, Hate You Badly","Dirty [V1]
(prod. Oliver Tree)
(Tokyo Idea 5)","OG Filename: Dirty - Tokyo Idea 5 V3
Demo mix of Dirty from 2024.",2:38,,"Apr 27, 2026",OG File,Lossless,https://pillows.su/f/6d07e2c3aed387c276630e4af57e5c7e
"Love You Madly, Hate You Badly","Dream Girl [V1]
(prod. Oliver Tree)","OG Filename: Dream Girl - Brazil Idea 1 V4
Unreleased track produced during work on Love You Madly, Hate You Badly.",2:35,,"Aug 12, 2026",OG File,CD Quality,https://pillows.su/f/9e8ed2b5807da773c1e0156f8787926d
"Love You Madly, Hate You Badly","Dream Girl [V2]
(prod. Oliver Tree)","OG Filename: Dream Girl_24.08.29
Unreleased track produced during work on Love You Madly, Hate You Badly.",2:35,"Aug 29, 2024","Aug 12, 2026",OG File,CD Quality,https://pillows.su/f/081045622004907e07bffe55209d5bb8
"Love You Madly, Hate You Badly","Dream Girl [V3]
(prod. Oliver Tree)","OG Filename: Dream Girl_24.08.29_02
Unreleased track produced during work on Love You Madly, Hate You Badly.",2:35,"Aug 29, 2024","Aug 12, 2026",OG File,CD Quality,https://pillows.su/f/a0889d1db59a7db9449f3dbd1e429606
"Love You Madly, Hate You Badly","Flowers On My Tombstone [V1]
(prod. Oliver Tree)
(Flowers, Tokyo Idea 1)","OG Filename: Flowers On My Tombstone - Tokyo Idea 1 V3
Demo mix of Flowers.",2:35,,"Apr 27, 2026",OG File,Lossless,https://pillows.su/f/d0c51251fc04c0884245d57363aebccc
"Love You Madly, Hate You Badly","Flowers On My Tombstone [V2]
(prod. Oliver Tree)
(Flowers, Tokyo Idea 1)","OG Filename: Flowers On My Tombstone - Tokyo Idea 1 V4
Demo mix of Flowers.",2:35,,"Apr 27, 2026",OG File,Lossless,https://pillows.su/f/9b5206d4ed09a291f7f6add91b9bf8fc
"Love You Madly, Hate You Badly","Flowers On My Tombstone [V3]
(prod. Oliver Tree)
(Flowers, Tokyo Idea 1)","Partial OG Filename: Flowers On My Tombstone.. V19
Filename seen on Oliver's desktop in a video.",,,,Rumored,Not Available,
"Love You Madly, Hate You Badly","Flowers On My Tombstone [V4]
(prod. Oliver Tree)
(Flowers, Tokyo Idea 1)","OG Filename: Flowers On My Tombstone - Tokyo Idea 1 V19.2
Demo mix of Flowers.",2:43,,"Apr 27, 2026",OG File,Lossless,https://imgur.gg/f/yrJ1BM8
"Love You Madly, Hate You Badly","Ghost
(prod. Oliver Tree)
(Central America Idea 12)","OG Filename: Central America Idea 12 V3
Unreleased track produced in 2024 during work on Love You Madly, Hate You Badly. Confirmed to be at one point titled 'Ghost'. Only a snippet is available.",,,"Apr 27, 2026",Snippet,CD Quality,https://pillows.su/f/ce0f80135c42c153c7e0254498e291f8
"Love You Madly, Hate You Badly","Growing Pains [V1]
(prod. Oliver Tree)
(Jamiaca Idea 3)","OG Filename: growing pains - Jamiaca Idea 3 V7
Earlier mix of the unreleased track Growing Pains.",2:08,,"Apr 27, 2026",OG File,CD Quality,https://pillows.su/f/faebcce2006177f9b0b173618d9da328
"Love You Madly, Hate You Badly","Growing Pains [V2]
(prod. Oliver Tree)
(Jamiaca Idea 3)","OG Filename: growing pains - Jamiaca Idea 3 V8
Unreleased track produced during work on Love You Madly, Hate You Badly.",1:55,,"Apr 27, 2026",OG File,CD Quality,https://pillows.su/f/714f842a7e8d785fdaeeca99fa02aba4
"Love You Madly, Hate You Badly","Halo [V1]
(prod. Oliver Tree)
(Central America Idea 6)","OG Filename: Halo - Central America Idea 6 V7
Early demo of Halo with worse mixing, missing the outro, different vocals and lyrics, and a new intro.",2:46,,"Apr 27, 2026",OG File,CD Quality,https://pillows.su/f/b611542c6f0f731c08de6a06b98e2365
"Love You Madly, Hate You Badly","Halo [V2]
(prod. Oliver Tree)
(Central America Idea 6)","OG Filename: Halo - Central America Idea 6 V10.3
Early demo of Halo with worse mixing, missing the outro, different vocals and lyrics, and a new intro.",2:49,,"Apr 27, 2026",OG File,Lossless,https://pillows.su/f/c00fef74576a041999d755de4174cbc0
"Love You Madly, Hate You Badly","Halo [V3]
(prod. Oliver Tree)
(Central America Idea 6)","OG Filename: HALO - Central America Idea 6 V11
Early demo of Halo with worse mixing, missing the outro, different vocals and lyrics, and a new intro.",2:49,,"Apr 27, 2026",OG File,Lossless,https://pillows.su/f/333280f5ee019f89873ae4461439c978
"Love You Madly, Hate You Badly","Halo [V4]
(prod. Oliver Tree)
(Central America Idea 6)","OG Filename: Halo_24.05.03
Early demo of Halo with worse mixing, missing the outro, different vocals and lyrics, and a new intro.",2:44,"May 3, 2024","Apr 27, 2026",OG File,CD Quality,https://pillows.su/f/d9194612935b52973878a151e799900c
"Love You Madly, Hate You Badly","Halo [V5]
(prod. Oliver Tree)
(Central America Idea 6)","OG Filename: Halo_24.05.13
Early demo of Halo with worse mixing, missing the outro, different vocals and lyrics, and a new intro.",2:44,"May 13, 2024","Apr 27, 2026",OG File,CD Quality,https://pillows.su/f/d83fca01807b231e6787801c7fe7d795
"Love You Madly, Hate You Badly","Halo [V6]
(prod. Oliver Tree)
(Central America Idea 6)","OG Filename: Halo_24.08.28
Early demo of Halo with worse mixing, missing the outro, different vocals and lyrics, and a new intro.",2:44,"Aug 28, 2024","Apr 27, 2026",OG File,CD Quality,https://pillows.su/f/519bdf9ac10b1569b00e2ceb3738769f
"Love You Madly, Hate You Badly","Hey Shorty [V1]
(prod. Oliver Tree)
(Uzbekistan Idea 2)","OG Filename: Hey Shorty - Uzbekistan Idea 2 V6
Early demo before it was reworked for Love You Madly, Hate You Badly.",2:05,,"Apr 27, 2026",OG File,CD Quality,https://pillows.su/f/966f59c1847699b5f050623ef1cfad01
"Love You Madly, Hate You Badly","Hey Shorty [V2]
(prod. Oliver Tree)
(Uzbekistan Idea 2)","OG Filename: Hey Shorty - Uzbekistan Idea 2 V10.2 (Tokyo Remix)
Early demo before it was reworked for Love You Madly, Hate You Badly.",2:37,,"Apr 27, 2026",OG File,Lossless,https://pillows.su/f/35b5c17c4f55df98f3cedcc37b1aa0b7
"Love You Madly, Hate You Badly","Hey Shorty [V3]
(prod. Oliver Tree)
(Uzbekistan Idea 2)","OG Filename: Hey Shorty - Uzbekistan Idea 2 V13 (Greece Remix)
Early demo before it was reworked for Love You Madly, Hate You Badly.",2:30,,"Apr 27, 2026",OG File,Lossless,https://pillows.su/f/58196904ec9d09e754cbaaa209829743
"Love You Madly, Hate You Badly","Hey Shorty [V4]
(prod. Oliver Tree)
(Uzbekistan Idea 2)","OG Filename: Hey Shorty_24.08.27
Early demo before it was reworked for Love You Madly, Hate You Badly.",2:28,"Aug 27, 2024","Apr 27, 2026",OG File,CD Quality,https://pillows.su/f/7d9853a6f9e318105e8b120929f4c663
"Love You Madly, Hate You Badly","Hey Shorty [V5]
(prod. Oliver Tree)
(Uzbekistan Idea 2)","OG Filename: Hey Shorty_24.08.28
Early demo before it was reworked for Love You Madly, Hate You Badly.",2:28,"Aug 28, 2024","Apr 27, 2026",OG File,CD Quality,https://pillows.su/f/d3c155af694f9c420d4da7f6b3a737ad
"Love You Madly, Hate You Badly","How It Ends [V1]
(prod. Oliver Tree)
(Jamaica Idea 1)","OG Filename: how it ends - Jamaica Idea 1 V5.2
Early demo before it was reworked for Love You Madly, Hate You Badly.",2:25,,"Apr 27, 2026",OG File,CD Quality,https://pillows.su/f/781f225acce035de7b2cfc1d5e69422b
"Love You Madly, Hate You Badly","How It Ends [V2]
(prod. Oliver Tree)
(Jamaica Idea 1)","Partial OG Filename: How it ends - Jamaica... 1 V8
Filename seen on Oliver's desktop during a video.",,,,Confirmed,Not Available,
"Love You Madly, Hate You Badly","How It Ends [V3]
(prod. Oliver Tree)
(Jamaica Idea 1)","OG Filename: How it ends - Jamaica Idea 1 V9
Early demo before it was reworked for Love You Madly, Hate You Badly.",2:20,,"Apr 27, 2026",OG File,Lossless,https://pillows.su/f/c4c3757e5fde82a688f809b9d67e42d2
"Love You Madly, Hate You Badly","How It Ends [V4]
(prod. Oliver Tree)
(Jamaica Idea 1)","OG Filename: How It Ends_24.05.07
Early demo before it was reworked for Love You Madly, Hate You Badly.",2:24,"May 7, 2024","Apr 27, 2026",OG File,CD Quality,https://pillows.su/f/fc49c10c555726e4e886992e65e2bd67
"Love You Madly, Hate You Badly","How It Ends [V5]
(prod. Oliver Tree)
(Jamaica Idea 1)","OG Filename: How It Ends_24.05.13
Early demo before it was reworked for Love You Madly, Hate You Badly.",2:24,"May 13, 2024","Apr 27, 2026",OG File,CD Quality,https://pillows.su/f/29772608af64fb0db7444bbabaf98ce5
"Love You Madly, Hate You Badly","I Need U
(prod. Oliver Tree)
(Song17)","OG Filename: Song17_24.03.24
Unreleased track produced in 2024 during work on Love You Madly, Hate You Badly. The song was confirmed to be titled 'I Need U' by multiple sources, even though it is untitled in the filename.",2:47,"Mar 3, 2024","Jul 8, 2026",OG File,CD Quality,https://pillows.su/f/bc61486f0a6e5011a8c910e37d1fd727
"Love You Madly, Hate You Badly","I Want You [V1]
(prod. Oliver Tree)
(Song10)","OG Filename: I want you - Euro Idea 10 V14
Unreleased track produced in 2024 during work on Love You Madly, Hate You Badly.",2:04,,"Jul 17, 2026",OG File,Lossless,https://pillows.su/f/a82fee2a7fc203e1116205aba505afa1
"Love You Madly, Hate You Badly","I Want You [V2]
(prod. Oliver Tree)
(Song10)","OG Filename: I want you - Euro Idea 10 V16
Unreleased track produced in 2024 during work on Love You Madly, Hate You Badly.",3:22,,"Jul 17, 2026",OG File,Lossless,https://pillows.su/f/a74c193b5354ccb803b3680594fc47b5
"Love You Madly, Hate You Badly","I Want You [V3]
(prod. Oliver Tree)
(Song10)","OG Filename: Song10 V7_24.03.25
Unreleased track produced in 2024 during work on Love You Madly, Hate You Badly.",3:48,"Mar 23, 2024","Jul 17, 2026",OG File,CD Quality,https://pillows.su/f/19945e7371ca99306c42c3a1f9aa97a2
"Love You Madly, Hate You Badly","I Want You [V4]
(prod. Oliver Tree)
(Song10)","OG Filename: Song10 V7_24.04.09
Unreleased track produced in 2024 during work on Love You Madly, Hate You Badly.",3:46,"Apr 9, 2024","Jul 17, 2026",OG File,CD Quality,https://pillows.su/f/400f1429d0ef3b9b39a4488c17e7f305
"Love You Madly, Hate You Badly","I Want You [V5]
(prod. Oliver Tree)
(Song10)","OG Filename: I Want You_24.08.28
Unreleased track produced in 2024 during work on Love You Madly, Hate You Badly.",3:48,"Aug 28, 2024","Jul 17, 2026",OG File,CD Quality,https://pillows.su/f/63d64b4a375ea077ba78b4e22d4020d3
"Love You Madly, Hate You Badly","I Want You [V6]
(prod. Oliver Tree)
(Song10)","OG Filename: I Want You_OT_24.08.29
Unreleased track produced in 2024 during work on Love You Madly, Hate You Badly.",3:10,"Aug 29, 2024","Jul 17, 2026",OG File,CD Quality,https://pillows.su/f/a8841077f5006d2f6315565395d9c8d2
"Love You Madly, Hate You Badly","I Want You [V7]
(prod. Oliver Tree)
(Song10)","OG Filename: I Want You_OT_24.08.30
Unreleased track produced in 2024 during work on Love You Madly, Hate You Badly.",3:16,"Aug 30, 2024","Jul 17, 2026",OG File,CD Quality,https://pillows.su/f/4da44503feec45b8a92bc1308c18cc7b
"Love You Madly, Hate You Badly","Joyride [V1]
(prod. Oliver Tree)",Previewed by Oliver during his One Man Band: Antartica Documentary. Has a different vocal take and very bare instrumental.,,,"Apr 24, 2026",Snippet,Low Quality,"https://imgur.gg/f/xDUylXY
https://www.youtube.com/watch?v=CF5EIE07W04
https://www.youtube.com/shorts/koTrf84s-jk"
"Love You Madly, Hate You Badly","Joyride [V2]
(prod. Oliver Tree)","Previewed by Oliver during a ""DR OLIVER TREE"" DJ set on Sept 27, 2024. Features different structure than the release, missing the first verse.",,,"Sep 27, 2024",Full,Recording,https://www.youtube.com/watch?v=PTw_jei_UxM
"Love You Madly, Hate You Badly","Leaving* [V1]
(prod. Oliver Tree)
(Song 1)","OG Filename: Song01_24.03.16
Unreleased track produced in 2024 during work on Love You Madly, Hate You Badly.",4:10,"Mar 16, 2024","Apr 27, 2026",OG File,CD Quality,https://pillows.su/f/0c780261504bcdfa4e06c4cd81bc8acf
"Love You Madly, Hate You Badly","🗑️ Leaving* [V2]
(prod. Oliver Tree)
(Song 1)","OG Filename: Song01_24.03.18
Unreleased track produced in 2024 during work on Love You Madly, Hate You Badly.",4:10,"Mar 18, 2024","Apr 27, 2026",OG File,CD Quality,https://pillows.su/f/4cd238864422276e42d3e3920811afce
"Love You Madly, Hate You Badly","Living Hell [V1]
(prod. Oliver Tree)
(Colombia Idea 1)","OG Filename: Living Hell - Colombia Idea 1 V7
Earlier mix of the unreleased track Living Hell.",2:12,,"Apr 27, 2026",OG File,CD Quality,https://pillows.su/f/aeabf52a808ee2e666846a039ca1f652
"Love You Madly, Hate You Badly","Living Hell [V2]
(prod. Oliver Tree)
(Colombia Idea 1)","OG Filename: Living Hell_24.08.22_2
Earlier mix of the unreleased track Living Hell.",2:10,"Aug 24, 2024","Apr 27, 2026",OG File,CD Quality,https://pillows.su/f/1d5ca74c669fe76dffe82a71ab55aab4
"Love You Madly, Hate You Badly","Love U 2 Death [V1]
(prod. Oliver Tree)
(Love Her 2 Death, Kyrgyzstan Idea 1)","OG Filename: love u 2 death - Kyrgystan Idea 1 V8
Earlier mix of the unreleased track Love Her 2 Death.",2:26,,"Apr 27, 2026",OG File,CD Quality,https://pillows.su/f/891f76d8dd31aeeba3ab0e48e32e3283
"Love You Madly, Hate You Badly","Love Her 2 Death [V2]
(prod. Oliver Tree)
(Love U 2 Death, Kyrgyzstan Idea 1)","OG Filename: Love Her 2 Death_24.08.28
Earlier mix of the unreleased track Love Her 2 Death.",2:16,"Aug 28, 2024","Apr 27, 2026",OG File,CD Quality,https://pillows.su/f/5b9d547f6a7ddd0020412cd2e1e15af7
"Love You Madly, Hate You Badly","Love Her 2 Death [V3]
(prod. Oliver Tree)
(Love U 2 Death, Kyrgyzstan Idea 1)","OG Filename: Love Her 2 Death_24.08.28_2
Earlier mix of the unreleased track Love Her 2 Death.",2:16,"Aug 28, 2024","Apr 27, 2026",OG File,CD Quality,https://pillows.su/f/07c3b8960f1df32c60ab59451195caf8
"Love You Madly, Hate You Badly","Love Her 2 Death [V4]
(prod. Oliver Tree)
(Love U 2 Death, Kyrgyzstan Idea 1)","OG Filename: Love Her 2 Death_24.08.28_3
Earlier mix of the unreleased track Love Her 2 Death.",2:16,"Aug 28, 2024","Apr 27, 2026",OG File,CD Quality,https://pillows.su/f/4d7583e80c54aa0e4e888e94a24d547d
"Love You Madly, Hate You Badly","⭐ Love U Hate U
(prod. Oliver Tree)
(Kazakhstan Idea 2)","OG Filename: LOVE U hate u - Kazakhstan Idea 2 V3
Unreleased track produced during work on Love You Madly, Hate You Badly.",2:38,,"Apr 27, 2026",OG File,CD Quality,https://pillows.su/f/d2c339bfabb4ae947019df799cf5a149
"Love You Madly, Hate You Badly","Lullaby
(prod. Oliver Tree)
(Fuck The Whole World, Song 19)","OG Filename: Song 19 V10
Unreleased track produced during work on Love You Madly, Hate You Badly. Later was reworked into Fuck The Whole World.",2:33,,"Jul 9, 2026",OG File,CD Quality,https://pillows.su/f/c9812f61d63b9af820eda8b2a776275a
"Love You Madly, Hate You Badly","Movie [V1]
(prod. Oliver Tree)
(Colombia Idea 2)","OG Filename: Colombia Idea 2 V2
Earlier mix of the unreleased track Movie.",2:07,,"Apr 27, 2026",OG File,CD Quality,https://pillows.su/f/08fbabb2e206c930199e48ac8fffb258
"Love You Madly, Hate You Badly","Movie [V2]
(prod. Oliver Tree)
(Colombia Idea 2)","OG Filename: Movie - Colombia Idea 2 V6
Unreleased track produced during work on Love You Madly, Hate You Badly.",2:38,,"Apr 27, 2026",OG File,CD Quality,https://pillows.su/f/9ab258512a29956c0e77a00f299d405f
"Love You Madly, Hate You Badly","My Only Friend [V1]
(prod. Oliver Tree)
(Euro Idea 18, Song18)","OG Filename: Song 18 V9
Demo mix of My Only Friend. Significantly different to the release version, with a much simpler structure and bare-bones instrumental. Lacking the acoustic ""hurting deep down"" verse sections seen in the final mix.",2:08,,"Apr 27, 2026",OG File,CD Quality,https://imgur.gg/f/qYkDVu0
"Love You Madly, Hate You Badly","My Only Friend [V2]
(prod. Oliver Tree)
(Euro Idea 18, Song18)","OG Filename: Song 18 V9.cm
Seemingly untitled demo of 'My Only Friend' from 2024, has different structure and different instruments.",2:08,,"Apr 27, 2026",OG File,CD Quality,https://imgur.gg/f/Jlojq4j
"Love You Madly, Hate You Badly","My Only Friend [V3]
(prod. Oliver Tree)
(Euro Idea 18, Song18)","OG Filename: Song18_24.03.25
Demo mix of My Only Friend. Mostly the same as the previous version, with slightly updated mixing.",2:07,"Mar 25, 2024","Apr 27, 2026",OG File,CD Quality,https://imgur.gg/f/0RQsKjP
"Love You Madly, Hate You Badly","My Only Friend [V4]
(prod. Oliver Tree)
(Euro Idea 18, Song18)","OG Filename: Song18_24.03.25_3
Demo mix of My Only Friend. Mostly the same as the previous version, with slightly updated mixing.",2:07,"Mar 25, 2024","Apr 27, 2026",OG File,CD Quality,https://imgur.gg/f/Rv6OVaS
"Love You Madly, Hate You Badly","My Only Friend [V5]
(prod. Oliver Tree)
(Euro Idea 18, Song18)","OG Filename: Euro Idea 18 V15 (Mexico remix)
Demo mix of My Only Friend. Rearranged to be longer, and closer to the final mix, though still lacking the acoustic sections and extra verses added for the album.",2:41,,"Apr 27, 2026",OG File,CD Quality,https://imgur.gg/f/TmB1OR0
"Love You Madly, Hate You Badly","Nightmare [V1]
(prod. Oliver Tree)
(Puerto Rico Idea 1)","OG Filename: Nightmare - Puerto Rico Idea 1 V5
Earlier mix of the unreleased track Nightmare.",2:46,,"Apr 27, 2026",OG File,CD Quality,https://pillows.su/f/276d2721f44916d9197dbe5ea33cbbe0
"Love You Madly, Hate You Badly","Nightmare [V2]
(prod. Oliver Tree)
(Puerto Rico Idea 1)","OG Filename: Nightmare_24.05.19
Earlier mix of the unreleased track Nightmare.",2:45,"May 19, 2024","Apr 27, 2026",OG File,CD Quality,https://pillows.su/f/d0d6f3653cdfc4b690a640c540ed1b53
"Love You Madly, Hate You Badly","⭐ Nightmare [V3]
(prod. Oliver Tree)
(Puerto Rico Idea 1)","OG Filename: Nightmare_24.07.26
Unreleased track produced during work on Love You Madly, Hate You Badly.",2:46,"Jul 26, 2024","Apr 27, 2026",OG File,CD Quality,https://pillows.su/f/146939e0d24d73e69136f76d4ecd0b0a
"Love You Madly, Hate You Badly","⭐ Nothing Really Matters
(prod. Oliver Tree)
(Central America Idea 8)","OG Filename: Central America Idea 8 V3
Unreleased track produced in 2024 during work on Love You Madly, Hate You Badly. Confirmed to be at one point titled 'Nothing Really Matters'.",2:49,,"Jun 30, 2026",OG File,CD Quality,https://pillows.su/f/b1b2880cd05682f12cef8b23a257c3b4
"Love You Madly, Hate You Badly","⭐ Picture Perfect
(prod. Oliver Tree)
(Pictures)","Partial OG Filename: For Jacob - Picture..
OG Filename: Picture Perfect - Central America Idea 1
Cut-off filename seen on Oliver's desktop in a video. Jacob refers to Jacob Dennis, the person who mixed LYMHYB, meaning it was likely intended for release at some point. Later confirmed to be titled 'Picture Perfect' after a snippet leaked.",2:33,,"Jul 5, 2026",OG File,CD Quality,https://pillows.su/f/521813c419ac9a06beaf3bc3d99367b7
"Love You Madly, Hate You Badly","Prophecy [V1]
(prod. Oliver Tree)
(Song 2)","OG Filename: Song 2 House Version 2
Earlier mix of the unreleased track Prophecy.",2:57,,"Apr 27, 2026",OG File,CD Quality,https://pillows.su/f/7fd5e2cf52627e1234a027272967b231
"Love You Madly, Hate You Badly","Prophecy [V2]
(prod. Oliver Tree)
(Song 2)","OG Filename: Song 2 (House Version) V5.2
Earlier mix of the unreleased track Prophecy.",2:57,,"Apr 27, 2026",OG File,CD Quality,https://pillows.su/f/5c41f75c19ce2f7fba24dcdde0cb04f1
"Love You Madly, Hate You Badly","✨ Prophecy [V3]
(prod. Oliver Tree)
(Song 2)","OG Filename: Song 2 (House Version) V5.3.cm
Unreleased track produced in 2024 during work on Love You Madly, Hate You Badly. Confirmed to have been titled 'Prophecy'.",2:56,,"Apr 27, 2026",OG File,CD Quality,https://pillows.su/f/1401e47162d205e65a1c56f001a522e7
"Love You Madly, Hate You Badly","🗑️ Regret It*
(prod. Oliver Tree)
(Song 16)","OG Filename: Song16_24.03.22
Seemingly untitled song produced in 2024 during work on Love You Madly, Hate You Badly.",2:54,"Mar 22, 2024","Apr 27, 2026",OG File,CD Quality,https://pillows.su/f/137d41ebcb2fbc7c2f18fb2f6c5f7345
"Love You Madly, Hate You Badly","Rooftops*
(prod. Oliver Tree)
(Song 6)","OG Filename: Song 6 V5
Seemingly untitled song produced in 2024 during work on Love You Madly, Hate You Badly.",2:48,,"Apr 27, 2026",OG File,CD Quality,https://pillows.su/f/9c6580e9d208c947d65ef0e658c5c06f
"Love You Madly, Hate You Badly","⭐ The Greatest Revenge
(prod. Oliver Tree)
(Tokyo Idea 3)","OG Filename: The Greatest Revenge - Tokyo Idea 3 V2.2
Unreleased track produced during work on Love You Madly, Hate You Badly.",2:32,,"Apr 27, 2026",OG File,Lossless,https://pillows.su/f/4b2cb2dfdebaf4b44fd255b547a5d70b
"Love You Madly, Hate You Badly","The Worlds Got Me Down [V1]
(prod. Oliver Tree)
(R Willy Diss Track)","OG Filename: song 11_24.03.16
Unreleased track produced during work on Love You Madly, Hate You Badly.",2:54,"Mar 16, 2024","Aug 26, 2026",OG File,CD Quality,https://pillows.su/f/6c0ae83877cab01096152f489cdfdf77
"Love You Madly, Hate You Badly","The Worlds Got Me Down [V2]
(prod. Oliver Tree)
(R Willy Diss Track)","OG Filename: song 11_24.03.18
Unreleased track produced during work on Love You Madly, Hate You Badly.",2:48,"Mar 18, 2024","Aug 26, 2026",OG File,CD Quality,https://pillows.su/f/d9088e5b8fe5b4c8c6fa7a5ab6e0fa6d
"Love You Madly, Hate You Badly","The Worlds Got Me Down [V3]
(prod. Oliver Tree)
(R Willy Diss Track)","OG Filename: song 11_24.03.22
Unreleased track produced during work on Love You Madly, Hate You Badly.",2:48,"Mar 22, 2024","Aug 26, 2026",OG File,CD Quality,https://pillows.su/f/29b663eeb1dfb5264ce468d775a05d9e
"Love You Madly, Hate You Badly","The Worlds Got Me Down [V4]
(prod. Oliver Tree)
(R Willy Diss Track)","OG Filename: song 11_24.03.23
Unreleased track produced during work on Love You Madly, Hate You Badly.",2:47,"Mar 23, 2024","Aug 26, 2026",OG File,CD Quality,https://pillows.su/f/a846cbd79c595f34bf605e76342de877
"Love You Madly, Hate You Badly","The Worlds Got Me Down [V5]
(prod. Oliver Tree)
(R Willy Diss Track)","OG Filename: song 11_24.03.25
Unreleased track produced during work on Love You Madly, Hate You Badly.",2:47,"Mar 25, 2024","Aug 26, 2026",OG File,CD Quality,https://pillows.su/f/4b11523fedb3f8a06b0dbf6c89718be9
"Love You Madly, Hate You Badly","The Worlds Got Me Down [V6]
(prod. Oliver Tree)
(R Willy Diss Track)","OG Filename: song 11_24.03.27
Unreleased track produced during work on Love You Madly, Hate You Badly.",2:47,"Mar 27, 2024","Aug 26, 2026",OG File,CD Quality,https://pillows.su/f/3505b9347beefc1c47f67035495a35af
"Love You Madly, Hate You Badly","Toxic Love [V1]
(prod. Oliver Tree)
(Superhero, South Africa Idea 1)","OG Filename: South Africa Idea 1 V7
Earlier mix of the unreleased track Toxic Love.",1:54,,"Apr 27, 2026",OG File,CD Quality,https://pillows.su/f/0aef81aed60e25f6d011cdb2b3ead25a
"Love You Madly, Hate You Badly","Toxic Love [V2]
(prod. Oliver Tree)
(Superhero, South Africa Idea 1)","OG Filename: Toxic Love - South Africa Idea 1 V12.2
Earlier mix of the unreleased track Toxic Love.",2:06,,"Apr 27, 2026",OG File,Lossless,https://pillows.su/f/309aa2e289e9a39e45b00276548fb030
"Love You Madly, Hate You Badly","✨ Two Halves
(prod. Oliver Tree)
(Tokyo Idea 2)","OG Filename: 2 Halfs - Tokyo Idea 2 V2.2
Unreleased track produced during work on Love You Madly, Hate You Badly.",3:00,,"Apr 27, 2026",OG File,Lossless,https://pillows.su/f/6588d0a2276f2530e300663c3d781781
"Love You Madly, Hate You Badly","⭐ Who You Are Inside*
(prod. Oliver Tree)
(Uzbekistan Idea 1)","OG Filename: Uzbekistan Idea 1 V4.5
Seemingly untitled song produced during work on Love You Madly, Hate You Badly.",2:08,,"Apr 27, 2026",OG File,CD Quality,https://pillows.su/f/10977b18ee3c489af8883d6d345401d9
"Love You Madly, Hate You Badly","Bebe Rexha - Nevermind [V1]
(prod. KIDDO, Ludvig Söderberg & Fredrik Carl Tomas Samsson)
(Nevermind, Nevermind / Nvm Nvm)","OG Filename: Babe Rexha - Nevermind (DCROUGHMIX)
Filename for an older, solo version of the song, seen on-screen in a video posted to Bebe Rexha's socials teasing a different song. This was prior to Oliver being added as a feature.",,,,Confirmed,Not Available,
"Love You Madly, Hate You Badly","✨ Bebe Rexha - Nevermind [V2] 
(feat. Oliver Tree) (prod. KIDDO, Ludvig Söderberg & Fredrik Carl Tomas Samsson) 
(Nevermind, Nevermind / Nvm Nvm)","OG Filename: Babe Rexha - Nevermind (feat. Oliver Tree)
Originally intended to drop as a solo track in 2023, Bebe Rexha's 'Nevermind' was scrapped for a while, but was revisited in 2024 with a verse by Oliver Tree added. It was at one point intended to release on May 31, 2024, under the name 'nvm nvm'. Following Oliver's passing in 2026, Bebe Rexha confirmed that the song had been intended to be included on her 2026 album 'Dirty Blonde', though it was cut for unknown reasons.",2:34,,"Jun 12, 2025",Full,CD Quality,https://imgur.gg/f/NPwxOXR
"Love You Madly, Hate You Badly",Unknown [FEDEZ Collaborations],"Throughout August 20-21 2024, FEDEZ & Alex Cologno posted several Instagram stories of them working with Oliver Tree producing music, with a few rough instrumental clips played, though none contained vocals at this point.",,,,Snippet,Recording,https://imgur.gg/f/MBNZdux
"Love You Madly, Hate You Badly",🏆 Unknown [Flume Collaboration],"OG Filename: Flume song 1
During the Higher Ground expedition to Antarctica, Flume posted a short video to his Instagram story of he and Oliver working on a song together in Ableton, with Oliver complaining about trying to record vocals on a cruise ship. The song was not heard in the clip. The filename was later seen on Oliver's desktop in a video. In an interview later, Oliver also claimed that the only real collaborator he worked with during these sessions was Flume, and that the song would never see the light of day because of a fight he and Flume got in.",,,,Confirmed,Not Available,
"Love You Madly, Hate You Badly",Unknown [NkoDrumz Collaborations],"Throughout August 18-19 2024, producer NkoDrumz posted several Instagram stories of him working on music with Oliver, with a few rough instrumental clips played, though no vocals were heard. The filename of one of them, ""IDEA 2 OLIVER,"" was also briefly shown.",,,,Snippet,Recording,"https://imgur.gg/f/MzPGDlP
https://imgur.gg/f/L9XsOV1"
"Love You Madly, Hate You Badly",Unknown [Imogen Heap Remix],"OG Filename: Imogen heap remix
Filename seen on Oliver's desktop in a video.",,,,Confirmed,Not Available,
"Love You Madly, Hate You Badly","All You Ever Wanted [V1]
(prod. Oliver Tree)","Demo mix previewed via social media on Feb 3, 2025.",,,"Feb 3, 2025",Snippet,High Quality,https://www.youtube.com/watch?v=wfJcYuihEe0
"Love You Madly, Hate You Badly","Crazy [V5]
(prod. Oliver Tree)
(Song14)","OG Filename: Crazy_Mix_24.09.08
Demo mix of Crazy.",2:03,"Sep 8, 2024","Apr 27, 2026",OG File,CD Quality,https://pillows.su/f/d9ebe159963529f66d4242eba74163d8
"Love You Madly, Hate You Badly","Crazy [V6]
(prod. Oliver Tree)
(Song14)","OG Filename: Crazy_Mix_24.09.08_02
Demo mix of Crazy.",2:03,"Sep 8, 2024","Apr 27, 2026",OG File,CD Quality,https://pillows.su/f/b997b40dce54fccb3fb71a401fbb4c1c
"Love You Madly, Hate You Badly","Crazy [V7]
(prod. Oliver Tree)
(Song14)","Demo mix previewed via social media on Mar 20, 2025. Oliver claimed in promotion for the song that it will not be included on 'Love You Madly, Hate You Badly' (though it eventually was), and deleted the snippet just a few days after it was posted. In an interview in 2026, he confirmed that this was the first song that he had made and finished for the album, and it was orignally scrapped but was brought back cause he loved it.",,,"Mar 20, 2025",Snippet,High Quality,https://www.youtube.com/watch?v=1dc7Zwws6XY
"Love You Madly, Hate You Badly","Death Ray [V1]
(prod. Oliver Tree)",Demo mix previewed via social media on Mar 27 2025.,,,"Mar 27, 2025",Snippet,High Quality,https://www.youtube.com/watch?v=F18NbLZplrE
"Love You Madly, Hate You Badly","Death Ray [V2]
(prod. Oliver Tree)",Version with slightly different mixing and no outro.,2:43,,"Apr 27, 2026",Full,CD Quality,https://pillows.su/f/499fc07804ebe9f9de66f4101aab930c
"Love You Madly, Hate You Badly","Deep End [V3]
(prod. Oliver Tree)
(Song5)","Demo mix previewed via social media on Mar 23, 2025. Has had minor changes since the previous version.",,,"Mar 23, 2025",Snippet,High Quality,https://www.youtube.com/watch?v=jzyaHTM735g
"Love You Madly, Hate You Badly","Dirty [V2]
(prod. Oliver Tree)
(Tokyo Idea 5)","OG Filename: Dirty_24.10.23
Demo mix of Dirty from 2024.",2:34,"Oct 24, 2024","Apr 27, 2026",OG File,CD Quality,https://imgur.gg/f/Dr9g72u
"Love You Madly, Hate You Badly","Dream Girl [V4]
(prod. Oliver Tree)","OG Filename: Dream Girl_24.09.16
Unreleased track produced during work on Love You Madly, Hate You Badly.",2:35,"Sep 16, 2024","Aug 12, 2026",OG File,CD Quality,https://pillows.su/f/8c4de65d072eebbe85c7fee44196b4d3
"Love You Madly, Hate You Badly","Dream Girl [V5]
(prod. Oliver Tree)","OG Filename: Dream Girl_24.09.16_2
Unreleased track produced during work on Love You Madly, Hate You Badly.",2:35,"Sep 16, 2024","Aug 12, 2026",OG File,CD Quality,https://pillows.su/f/8177aac6d353de306edee49511fe65b2
"Love You Madly, Hate You Badly","✨ Dream Girl [V6]
(prod. Oliver Tree)","OG Filename: Dream Girl_PT_24.10.23
Unreleased track produced during work on Love You Madly, Hate You Badly.",2:35,"Oct 23, 2024","Aug 12, 2026",OG File,CD Quality,https://pillows.su/f/b829619bbbff3bc18c7b3b750d13d56c
"Love You Madly, Hate You Badly","✨ Flowers On My Tombstone [V5]
(Flowers, Tokyo Idea 1)","OG Filename: Flowers On My Tombstone_24.10.23
Demo mix of Flowers with different production, a slower tempo, a new verse not present in the release, and a completely different structure. The bridge in this version is the version is the prechorus in the release.",2:47,"Oct 23, 2024","Feb 19, 2026",OG File,CD Quality,https://pillows.su/f/a1a5207e90c9921df7714a02d404fbad
"Love You Madly, Hate You Badly","Fuck The Whole World
(prod. Oliver Tree)
(Lullaby, Song 19)",Version with slightly different mixing,2:41,,"Apr 27, 2026",Full,CD Quality,https://pillows.su/f/55142c67068fcc769854678c274c07a7
"Love You Madly, Hate You Badly",Glow On [V1],"Demo mix previewed via social media on Feb 10, 2025. The first track to officially be confirmed to be on 'Love You Madly, Hate You Badly'. He later confirmed the name, 'Glow On', on his story.",,,"Feb 10, 2025",Snippet,High Quality,https://www.youtube.com/watch?v=ddiugl2IPkY
"Love You Madly, Hate You Badly","Halo [V7]
(prod. Oliver Tree)
(Central America Idea 6)","OG Filename: Halo_24.10.23
Early demo of Halo with worse mixing, and a new intro.",3:10,"Oct 23, 2024","Apr 27, 2026",OG File,CD Quality,https://pillows.su/f/c82c30836872d86d38559d4fbda76367
"Love You Madly, Hate You Badly","Halo [V8]
(prod. Oliver Tree)
(Central America Idea 6)","OG Filename: Oliver Tree - HALO
Latest demo of Halo.",2:46,,"Apr 27, 2026",OG File,CD Quality,https://pillows.su/f/6a6e60952ef68ff8412f337593258c47
"Love You Madly, Hate You Badly","Hey Shorty [V6]
(prod. Oliver Tree)
(Uzbekistan Idea 2)","OG Filename: Hey Shorty_24.09.16
Early demo before it was reworked for Love You Madly, Hate You Badly.",2:28,"Sep 16, 2024","Apr 27, 2026",OG File,CD Quality,https://pillows.su/f/b13a7d27f3a1ffafab32e0bd426bb6d7
"Love You Madly, Hate You Badly","Hey Shorty [V7]
(prod. Oliver Tree)
(Uzbekistan Idea 2)","OG Filename: Hey Shorty_PT_24.10.23
Early demo before it was reworked for Love You Madly, Hate You Badly.",2:28,"Oct 23, 2024","Mar 27, 2026",OG File,CD Quality,https://pillows.su/f/9e21b3900dd8b4aa2c3eed3747430fa0
"Love You Madly, Hate You Badly","How It Ends [V6]
(prod. Oliver Tree)
(Jamaica Idea 1)","OG Filename: How It Ends_PT_24.10.23
Early demo before it was reworked for Love You Madly, Hate You Badly.",2:13,"Oct 23, 2024","Apr 27, 2026",OG File,CD Quality,https://pillows.su/f/a85b875e3701036821086bcc06b3eb5a
"Love You Madly, Hate You Badly","I Need You [V1]
(prod. Oliver Tree)","OG Filename: I Need You_PT_24.10.23
Demo mix of I Need You.",2:39,"Oct 23, 2024","Apr 27, 2026",OG File,CD Quality,https://imgur.gg/f/Ym0Dhlz
"Love You Madly, Hate You Badly","I Need You [V2]
(prod. Oliver Tree)","Demo mix previewed via social media on Feb 10, 2025. Features less production and worse mixing compared to release.",,,"Feb 10, 2025",Snippet,High Quality,"https://www.youtube.com/watch?v=RXjG5wMAzFI
https://www.youtube.com/watch?v=E-QNrHbpXGo"
"Love You Madly, Hate You Badly","⭐ I Want You [V8]
(prod. Oliver Tree)
(Song10)","OG Filename: I Want You_24.10.23
Completely different version of the song, features a more rock-style instrumental that fit the release version of the album.",2:56,"Oct 23, 2024","Jul 17, 2026",OG File,Lossless,https://pillows.su/f/e1b83efd549643aad71d133e8cca2b9e
"Love You Madly, Hate You Badly","Joyride [V3]
(prod. Oliver Tree)","Demo mix previewed via social media on Feb 19, 2025. The music video for this song was recorded in July, with the song planned to release on August 8th. It was delayed to August 14th, and then delayed again, eventually dropping as a single on November 14th.",,,"Feb 19, 2025",Snippet,High Quality,"https://www.youtube.com/watch?v=nerBhOH4xoU
https://www.youtube.com/watch?v=gTrnc2LnjW8"
"Love You Madly, Hate You Badly","Living Hell [V3]
(prod. Oliver Tree)
(Colombia Idea 1)","OG Filename: Living Hell_24.09.16
Earlier mix of the unreleased track Living Hell.",2:10,"Sep 16, 2024","Apr 27, 2026",OG File,CD Quality,https://pillows.su/f/c3beb3129a78d26189ad3b630a70b9b6
"Love You Madly, Hate You Badly","⭐ Living Hell [V4]
(prod. Oliver Tree)
(Colombia Idea 1)","OG Filename: Living Hell_PT_24.10.23
Unreleased track produced in 2024 during work on Love You Madly, Hate You Badly. Seemingly intended to be on the album for a while and cut quite late into production.",2:10,"Oct 23, 2024","Apr 27, 2026",OG File,CD Quality,https://pillows.su/f/33a2f99b6a8d9d3362f50b940c84a755
"Love You Madly, Hate You Badly","⭐ Love Her 2 Death [V5]
(prod. Oliver Tree)
(Love U 2 Death, Kyrgyzstan Idea 1)","OG Filename: Love Her 2 Death_24.09.16
Unreleased track produced in 2024 during work on Love You Madly, Hate You Badly.",2:16,"Sep 16, 2024","Apr 27, 2026",OG File,CD Quality,https://pillows.su/f/b89e3d583a3d895f466f68fc1a452ab4
"Love You Madly, Hate You Badly",🏆 Paradise Records,"Song originally for Logic's Information Overload, the soundtrack for the Paradise Records movie. Shown off by Logic in a promotional video for Paradise Records. Won't be coming to streaming due to Logic's disliking of how streaming services have affected art. The song ended up not being featured on the soundtrack, for unknown reasons.",,,,Tagged,High Quality,https://imgur.gg/f/saOB1Ch
"Love You Madly, Hate You Badly","Someone Else
(prod. Oliver Tree)","OG Filename: Someone Else_24.09.16
Demo of Someone Else, seemingly features worse mixing compared to release.",,"Sep 16, 2024","Jul 6, 2026",Snippet,High Quality,https://pillows.su/f/4afe2f8b6b1c53cf1ae5e8591e669acb
"Love You Madly, Hate You Badly","⭐ The Worlds Got Me Down [V7]
(prod. Oliver Tree)
(R Willy Diss Track)","OG Filename: The Worlds Got Me Down_PT_24.10.07
Unreleased track produced during work on Love You Madly, Hate You Badly. Confirmed to be the og version of the R. Willy Diss Track shown off in the Sequel video.",2:41,"Oct 7, 2024","Jul 6, 2026",OG File,CD Quality,https://pillows.su/f/96d070a72277d0af1030c5d9a1754101
"Love You Madly, Hate You Badly","✨ Toxic Love [V3]
(prod. Oliver Tree)
(Superhero, South Africa Idea 1)","OG Filename: Toxic Love_24.10.08
Scrapped track produced in 2024 during work on Love You Madly, Hate You Badly, which was later reworked into the released track 'Superhero'. This version was first recorded in Cape Town, South Africa, with guitars and bass recorded in London, England, eventually being re-recorded & re-written in San Salvador, El Salvador, with aditional instruments recorded in Los Angeles.",2:17,"Oct 8, 2024","Apr 27, 2026",OG File,CD Quality,https://pillows.su/f/dfcb578acfc8b9c6f570112f4dc34048
"Love You Madly, Hate You Badly","What You Wanna Say
(prod. SMOKEASAC, Mark Anderson & Oliver Tree)","Copyright for a track named 'What You Wanna Say' was registered in 2025 with BMI, with Oliver listed as the performer. Due to the fact that Oliver's publisher isn't listed in the release, (but is on things like Nevermind, Nevermind & any other released song with Oliver involvement and vocals) it's likely that this will have no Oliver involvement when it releases. There's also a chance this is just a song that samples an Oliver song, leading to him being credited for writing credits but nothing else.",,"Apr 3, 2025",,Confirmed,Not Available,
"Love You Madly, Hate You Badly",👑 You Smell Like Shit But I Still Love You,"Said to be a song that was releasing on Love You Madly, Hate You Badly. Mentioned by Oliver in a message he sent in the Joyride premier chat. Likely he was just making a joke.",,,,Confirmed,Not Available,
"Love You Madly, Hate You Badly","All You Ever Wanted [V2]
(prod. Oliver Tree)","Demo mix previewed in an ad for Erste Bank, uploaded to Vimeo by one of the producers. Very similar to the release version.",,,"Oct 26, 2025",Snippet,High Quality,https://vimeo.com/1128499813
"Love You Madly, Hate You Badly","I Want You [V9]
(prod. Oliver Tree)
(Song10)",Snippet previewed in the second R. Willy scooter video. Unknown if it is one of the previous versions.,,,"Jan 31, 2026",Snippet,High Quality,https://www.youtube.com/watch?v=uLAA5g60ce4
"Love You Madly, Hate You Badly","The Worlds Got Me Down [V8]
(prod. Oliver Tree)
(R Willy Diss Track)","Diss track version of the song recorded by Oliver as a joke for his second R. Willy scooter video, published in January 2026.",,,"Jan 31, 2026",Snippet,High Quality,https://www.youtube.com/watch?v=uLAA5g60ce4
"Love You Madly, Hate You Badly","🏆 Love You Madly, Hate You Badly [Multiple Album Reworks]","Oliver has confirmed that he has reworked the album many times and that it has gone through many iterations. Even claiming that as of December, it still wasn't done and he was still working on it. It's unknown how drastic these changes were.",,,,Confirmed,Not Available,
"0 Total Full
0 OG File
0 Partial / Cut
2 Snippet
1 Unavailable",Post-LYMHYB,"(May 21, 2025) Oliver is confirmed to be recording new music in Mexico
(Jun 14, 2026) Oliver passes away aged 32 in a helicopter accident in Rio, Brazil",,,,,,
Post-LYMHYB,"Fuck Me With Your Sor(-row)*
(prod. Lucas Frota, Victor WAO, DUPÊ & Oliver Tree)","Partial OG Filename: Fuck Me With Your Sor-
Believed to be the final song Oliver recorded, the day before his passing. Footage of this song being recorded was posted to social media with Oliver, Lucas Frota, DUPÊ and Victor WAO present in a studio in Brazil. The full name of the song is unknown.",,"Jun 13, 2026",,Snippet,Recording,"https://imgur.gg/f/6GcZbIN
https://imgur.gg/f/m48NgUI"
Post-LYMHYB,Unknown [Whethan Collaborations],"On August 21st, Dan Awad would post a photo of Oliver & Whethan working on new music together, with the text ""were so back"". This was the first appearance of Oliver working with one of his usual producers in the past 2 years, meaning that they were likely working on something other than LYMHYB, due to it being self produced.",,"Aug 21, 2025",,Confirmed,Not Available,g
Post-LYMHYB,Unknown [Lucas Frota Collaborations],"In the final days before his passing, Oliver recorded multiple songs with Lucas Frota in a studio in Brazil. Victor WAO and DUPÊ were also present for at least some of these recordings, as well as DUPÊ's girlfriend, who posted a recording of Oliver rapping for one of the tracks. ""Fuck Me With Your Sor-*"" listed above is from these sessions. The sessions took place on June 12th & 13th 2026 - tragically, both Oliver and Lucas Frota lost their lives in a helicopter collision the following day.",,,,Snippet,Recording,https://imgur.gg/f/1fz084n
"0 Total Full
0 OG File
0 Partial / Cut
0 Snippet
0 Unavailable",Posthumous,WIP,,,,,,
Posthumous,"Slow Down* [V2]
(prod. Oliver Tree & T-Pain)","Updated mix of the T-Pain collab, previewed by T-Pain himself in memorial of Oliver's passing at his and Shaq's Electric Forest 2026 set.",,,"Jun 30, 2026",Snippet,Recording,https://youtu.be/ulm2Sb3-w7I&t=3801
