Era,Name,Notes,Length,Release Date,Type,Streaming,Link(s)
"0 OG File(s)
0 Full
0 Tagged
0 Partial
0 Snippet(s)
0 Unavailable",DREAMCAST SUMMER SONGS,,,,,,
Dreamcast Summer Songs,"#whatshappening
(#WhatsHappening)","Track 1 on Since I Left You II, part of the ""Power Stone ☀"" set. Also apart of the Devon's Tape mixtape from 2009.",2:51,"Feb 10, 2011",Album Track,No,http://dvonhendryx.bandcamp.com/track/whatshappenin
Dreamcast Summer Songs,"Your The 1
(LP, LP, Forward, LK, FP)","Track 2 on Since I Left You II, part of the ""Power Stone ☀"" set. Also apart of the Devon's Tape mixtape from 2009.",1:01,"Feb 10, 2011",Album Track,No,http://dvonhendryx.bandcamp.com/track/your-the-1
Dreamcast Summer Songs,"Ctrl-Alt-Delete
(Gameshark)","Track 3 on Since I Left You II, part of the ""Power Stone ☀"" set. Also apart of the Devon's Tape mixtape from 2009.",1:10,"Feb 10, 2011",Album Track,No,http://dvonhendryx.bandcamp.com/track/ctrl-alt-delete
Dreamcast Summer Songs,"Jets...Fool....
(Jet Grind Radio)","Track 4 on Since I Left You II, part of the ""Power Stone ☀"" set. Also apart of the Devon's Tape mixtape from 2009.",0:47,"Feb 10, 2011",Album Track,No,http://dvonhendryx.bandcamp.com/track/jets-fool
Dreamcast Summer Songs,"All Aboard
(Crazy Taxi)","Track 5 on Since I Left You II, part of the ""Power Stone ☀"" set. Also apart of the Devon's Tape mixtape from 2009.",1:24,"Feb 10, 2011",Album Track,No,http://dvonhendryx.bandcamp.com/track/all-aboard
Dreamcast Summer Songs,"⭐️ Egypt
(Full Metal Panic)","Track 6 on Since I Left You II, part of the ""Bloody Roar ☢"" set. Also apart of the Devon's Tape mixtape from 2009.",2:29,"Feb 10, 2011",Album Track,No,http://dvonhendryx.bandcamp.com/track/egypt
Dreamcast Summer Songs,"⭐️ $tack Bundle$
(Stack Bundles)","Track 7 on Since I Left You II, part of the ""Bloody Roar ☢"" set. Also apart of the Devon's Tape mixtape from 2009.",2:28,"Feb 10, 2011",Album Track,No,http://dvonhendryx.bandcamp.com/track/tack-bundle
Dreamcast Summer Songs,"Martin Luther King Day
(That-Man (Ridedou da Lightunignnnnn))","Track 8 on Since I Left You II, part of the ""Guilty Gear ☪"" set. Also apart of the Devon's Tape mixtape from 2009.",1:48,"Feb 10, 2011",Album Track,No,http://dvonhendryx.bandcamp.com/track/martin-luther-king-day
Dreamcast Summer Songs,⭐️ Symone,"Track 9 on Since I Left You II, part of the ""Guilty Gear ☪"" set. Also apart of the Devon's Tape mixtape from 2009.",3:56,"Feb 10, 2011",Album Track,No,http://dvonhendryx.bandcamp.com/track/symone
Dreamcast Summer Songs,"✨ Not Worth It
(Haruhi Hates Thunder)","Track 10 on Since I Left You II, part of the ""Phantasy Star ☫"" set. Also apart of the Devon's Tape mixtape from 2009.",0:34,"Feb 10, 2011",Album Track,No,http://dvonhendryx.bandcamp.com/track/not-worth-it
Dreamcast Summer Songs,We ♥ Nuja,"Track 11 on Since I Left You II, part of the ""Phantasy Star ☫"" set. Also apart of the Devon's Tape mixtape from 2009.",2:23,"Feb 10, 2011",Album Track,No,http://dvonhendryx.bandcamp.com/track/we-nuja
Dreamcast Summer Songs,"The Sugar Shack
(Space Channel 5)","Track 12 on Since I Left You II, part of the ""Chuchu Rocket ☃"" set. Also apart of the Devon's Tape mixtape from 2009.",2:44,"Feb 10, 2011",Album Track,No,http://dvonhendryx.bandcamp.com/track/the-sugar-shack
Dreamcast Summer Songs,"Olivia Winters
(Cannon Spike)","Track 13 on Since I Left You II, part of the ""Chuchu Rocket ☃"" set. Also apart of the Devon's Tape mixtape from 2009.",3:23,"Feb 10, 2011",Album Track,No,http://dvonhendryx.bandcamp.com/track/olivia-winters
Dreamcast Summer Songs,"⭐️ How I Met Nola Darling
(How I Met Nola Darling...)","Track 14 on Since I Left You II, part of the ""Chuchu Rocket ☃"" set. Also apart of the Devon's Tape mixtape from 2009.",4:35,"Feb 10, 2011",Album Track,No,http://dvonhendryx.bandcamp.com/track/how-i-met-nola-darling
Dreamcast Summer Songs,Ms. Robinson,"Track 15 on Since I Left You II, part of the ""Chuchu Rocket ☃"" set. Also apart of the Devon's Tape mixtape from 2009.",2:39,"Feb 10, 2011",Album Track,No,http://dvonhendryx.bandcamp.com/track/ms-robinson
Dreamcast Summer Songs,"Return To The Sugar Shack
(Buster Wolf (Are You Ok?))","Track 16 on Since I Left You II, part of the ""Code: Veronica ✖"" set.",3:03,"Feb 10, 2011",Album Track,No,http://dvonhendryx.bandcamp.com/track/return-to-the-sugar-shack
Dreamcast Summer Songs,"Congratulations ☺️
(Shenmue)","Track 17 on Since I Left You II, part of the ""Code: Veronica ✖"" set.",2:44,"Feb 10, 2011",Album Track,No,http://dvonhendryx.bandcamp.com/track/congratulations
Dreamcast Summer Songs,LOL: Lack of Love,Track 2 of Code: Veronica ✖ on Dreamcast Summer Songs.,3:13,"Feb 27, 2012",Album Track,Yes,
Dreamcast Summer Songs,"Power Stone ☀
(#WhatsHappening, LP, LP, Forward, LK, FP, Gameshark, Jet Grind Radio, Crazy Taxi)","Track 1 on Dreamcast Summer Songs, contains the first 5 tracks.",7:16,"Feb 27, 2012",Album Track,Yes,"http://dvonhendryx.bandcamp.com/track/power-stone
https://open.spotify.com/track/0wN3vbsvfs7kEEYPD05idA?si=8311fe0de9e446c3"
Dreamcast Summer Songs,"Bloody Roar ☢
(Full Metal Panic, Stack Bundles)","Track 2 on Dreamcast Summer Songs, contains the second 2 tracks.",4:56,"Feb 27, 2012",Album Track,Yes,"http://dvonhendryx.bandcamp.com/track/bloody-roar
https://open.spotify.com/track/0ff7RpC4RTB0LzZ3EvPdm6?si=45ff248f20d64927"
Dreamcast Summer Songs,"Guilty Gear ☪
(That-Man (Ridedou da Lightunignnnnn), Symone)","Track 3 on Dreamcast Summer Songs, contains the third 2 tracks.",5:43,"Feb 27, 2012",Album Track,Yes,"http://dvonhendryx.bandcamp.com/track/guilty-gear
https://open.spotify.com/track/2XUkl2vvbiwGPevqgVY41E?si=bb1d3f50233e4101"
Dreamcast Summer Songs,"Phantasy Star ☫
(Haruhi Hates Thunder, We ♥ Nuja)","Track 4 on Dreamcast Summer Songs, contains the fourth 2 tracks.",2:59,"Feb 27, 2012",Album Track,Yes,"http://dvonhendryx.bandcamp.com/track/phantasy-star
https://open.spotify.com/track/62rSX6GifhxdImvD17LsyU?si=03a948f132b24d7a"
Dreamcast Summer Songs,"Chuchu Rocket ☃
(Space Channel 5, Cannon Spike, How I Met Nola Darling..., Ms. Robinson)","Track 5 on Dreamcast Summer Songs, contains the fifth 4 tracks.",13:22,"Feb 27, 2012",Album Track,Yes,"http://dvonhendryx.bandcamp.com/track/chuchu-rocket
https://open.spotify.com/track/2C3lmUC7Zj55j0ufsgHvk2?si=125c2a45d0ff459e"
Dreamcast Summer Songs,"Code: Veronica ✖
(Buster Wolf (Are You Ok?), LOL: Lack of Love, Shenmue)","Track 6 on Dreamcast Summer Songs, contains the final 2 tracks (plus an extra one in between).",9:09,"Feb 27, 2012",Album Track,Yes,"http://dvonhendryx.bandcamp.com/track/code-veronica
https://open.spotify.com/track/4SzC4eZI5ur0wwYCjFyaub?si=26f06131e1984233"
"0 OG File(s)
0 Full
0 Tagged
0 Partial
0 Snippet(s)
0 Unavailable",Generation Y,,,,,,
Generation Y,✨ Lightbulbs,"Track 1 on Generation Y, recorded in 2009. Released as a music video on January 11th, 2011. Description on Bandcamp (March 1st, 2012) reads:

""I can promise you that as I type this right now, 15-year-old kids who have been freaking out over this album are in front of their computers, trying to make their own version of this music. We'll see how that goes. But the impulse makes sense. Lightbulbs, feels like music that comes from inside, as if the act of listening completes it.""",2:34,"Jan 11, 2011",Album Track,Yes,"http://dvonhendryx.bandcamp.com/track/lightbulbs
https://open.spotify.com/track/75HmegexgVRDT0jWM3iit9?si=adeba43bd85444ca"
Generation Y,"Operation: Kill Hannah Montana
(Operation: Kill Jesus, Hannah Montana)","Track 2 on Generation Y, recorded in 2009. Released as a music video on January 15th, 2011. Description on Bandcamp (March 1st, 2012) reads:

""His voice oozes ethereality and sophistication.The instrumentation is graceful and measured. ""Operation: Kill Hannah Montana"" A haunting number that explicitly deals with a young man's religous suicide. Though notably subdued and tinged with sadness, ""OPERATION: KILL HANNAH MONTANA"" isn't a downer. You sense an artist known in part for his detachment leaning in close to share a secret.""",2:47,"Jan 15, 2011",Album Track,Yes,"http://dvonhendryx.bandcamp.com/track/operation-kill-hannah-montana-2
https://open.spotify.com/track/1tGA3HQJjt9yNZrWIvrnFG?si=80cd964ff2214598"
Generation Y,✨ Operation: Kill Chet Haze,"Track 7 on Generation Y. Released as a music video on January 15th, 2011. Description on Bandcamp (March 1st, 2012) reads:

""Every once in a while a record appears out of the ether without clear reference points. Web details on DeVon Hendryx are sketchy, his music is similarly unknowable, in the sense that it's difficult to classify. Despite ""Operation: Kill Chet Haze's"" unique sound, the record, on one level, is not hard to pin down. What's difficult is conveying how these few everyday pieces are placed together so artfully to create something this striking and unique.""",5:07,"Jan 15, 2011",Album Track,Yes,"http://dvonhendryx.bandcamp.com/track/operation-kill-chet-haze
https://open.spotify.com/track/2l1PgYLBE55jTiJJTfI9re?si=e06b8d3ec4764457"
Generation Y,"✨ Generation Y/nilaplliK
(Generation Y, Operation: Kill Palin, nilaplliK)","Track 3 on Generation Y, recorded in 2008. Description on Bandcamp (March 1st, 2012) reads:

""Generation Y"" isn't a blast of political turmoil. Instead, it's DeVON tuning back into everyday life and micro-level personal relationships. In its brief onslaught of sneery fun, ""Generation Y"" only occasionally reaches the dizzy pop heights of some contemporary music. But it does give us the rapper DeVon who, seems to be having a blast doing what he's doing. And it's great to learn thas DeVON exist in a world full of smart-phones and stupid people. I'd sigh with relief if the thing hadn't left me breathless.""",5:39,"Jan 16, 2011",Album Track,Yes,"http://dvonhendryx.bandcamp.com/track/generation-y-nilapllik
https://open.spotify.com/track/7M84lLx2TVlOyme69ZQBCB?si=40209f139d0d4d59"
Generation Y,"⭐️ Amla Due
(Alma Due)","Track 4 on Generation Y, recorded in 2008.",4:57,"Jan 16, 2011",Album Track,Yes,"http://dvonhendryx.bandcamp.com/track/amla-due
https://open.spotify.com/track/2pEe6ZA2aOiBUcjJ7rRYoh?si=3a14207a5af94dda"
Generation Y,Monáde,Track 5 on Generation Y.,3:35,"Jan 16, 2011",Album Track,Yes,"http://dvonhendryx.bandcamp.com/track/mon-de
https://open.spotify.com/track/1CoSCQoD2J8lnAty5KiWD3?si=907dc59fbe5b4ff9"
Generation Y,Operation: Kill Luke Scott,Track 6 on Generation Y.,1:16,"Jan 16, 2011",Album Track,Yes,"http://dvonhendryx.bandcamp.com/track/operation-kill-luke-scott
https://open.spotify.com/track/5UWJgaMvJGynCOqmbgaLWj?si=c0faff0401854c29"
Generation Y,⭐️ End To The Means [V1],"Track 8 on Generation Y, recorded in 2009. Description on Bandcamp (March 1st, 2012) reads:

""The first time through, hearing ""End To The Means"" explode into this weird sing-along affair jig is a bit of a shock. Given its fragmented genesis, it's surprising how listenable and of-a-piece ""End To The Means"" is. It refracts Aquarian optimism through a modern sense of uncertainty, undercutting the loop's jovial lilt with a tricky structure and lyrics that seem confused about what will happen next. It's not easy to take a cut-up voice and make it the centerpiece of a tune, and it's harder still to sing along with it in a way that doesn't sound forced. But ""End To The Means"" sounds as natural as something that grew out of the earth.""",5:14,"Jan 16, 2011",Album Track,Yes,"http://dvonhendryx.bandcamp.com/track/end-to-the-means
https://open.spotify.com/track/6lwpN5bMjvKHXosIFfzSRj?si=2432650f76664d9e"
Generation Y,End To The Means [V2],"Remastered version of ""End To The Means"" that was released as a single on YouTube on November 4th, 2011, later uploaded onto Bandcamp on February 11th, 2012, recorded in either 2008 or 2009. Linked is a fake WAV, as no Generation Y songs existed at any higher quality than 128kbps. Description on Bandcamp (August 6th, 2012) reads:

""私の今後のミックステープオフ：世代は、y"" which translates (roughly) to ""Off my upcoming mixtape Generation Y""",3:49,"Nov 4, 2011",Single,No,"https://pillows.su/f/591bf8acbe222dec83cdaad4d7222e84
http://dvonhendryx.bandcamp.com/track/end-to-the-means-2"
Generation Y,"Bill
(Bill Hip Hop Instrumental rap beat)","Beat uploaded to the joechillworld YouTube channel and deleted at unknown dates. Only reference to it is a tweet from January 27th, 2010 linking to the video.",,2010,Other,No,https://www.youtube.com/watch?v=SsKBJIC47qY
Generation Y,✨ Sex On The Beach,"Beat uploaded to the joechillworld YouTube channel on April 24th, 2010, was up as late as 2018 and got deleted around the same time. Samples ""w.a.m.s"" by Fall Out Boy, ""Summer Boy"" by Lady Gaga and the moaning sample from ""Neon Kitchen 2"". While an audio rip survives, the actual video is lost.",3:04,"Apr 24, 2010",Other,No,"https://pillows.su/f/d1e5f87415179c189d2db308a1278d4f
https://www.youtube.com/watch?v=0uT4dVt-MYQ"
Generation Y,R.I.P. NUJABES,"Video seen on the JOECHILLWORLD Channel, could be We ♥ Nuja but it's unknown",,,Other,No,
"0 OG File(s)
0 Full
0 Tagged
0 Partial
0 Snippet(s)
0 Unavailable",JOECHILLWORLD,,,,,,
JOECHILLWORLD,"Neon Kitchen II [V1]
(Re: Neon Kitchen)","Version of ""Neon Kitchen II"" that was released as a single onto Bandcamp on June 26th, 2011, 12 whole seconds longer so most likely just silence at the end like in the video (or it doesn't transition into Operation: Kill Stormfront). Description on Bandcamp (August 6th, 2012) reads:

""私の今後のミックステープジョーチルの世界オフ""",2:24,"Jun 26, 2011",Single,No,http://dvonhendryx.bandcamp.com/track/neon-kitchen-ii
JOECHILLWORLD,⭐️ Omega Weapon [V1],"Track 8 on the first version of JOECHILLWORLD, released as a single on June 26th, 2011. Recorded in 2009. Description on Bandcamp (August 6th, 2012) reads:

""私の今後のミックステープジョーチルの世界オフ""",4:06,"Jun 26, 2011",Album Track,No,"http://dvonhendryx.bandcamp.com/track/omega-weapon
http://dvonhendryx.bandcamp.com/track/omega-weapon-2"
JOECHILLWORLD,✨The Laughing Man,"Track 1 on the first version of JOECHILLWORLD, was used as the original intro to the project until being removed and replaced with Sabbath School. Later released in the physical reissue of the project. Named after Ghost In The Shell character of the same name.",2:45,"Jul 7, 2011",Album Track,No,
JOECHILLWORLD,⭐️ Sabbath School [V1],"Track 2 on the first version of JOECHILLWORLD, recorded in 2009. Description on Bandcamp (December 30th, 2011) reads:

""Devon Hendryx grew up in the religious cult. His dad left & He and his mother lived around the world. It's the sort of story that can overwhelm a artist so completely that you never really hear their music; you only hear the story. So it's a tribute to ""Sabbath School"" that you don't need to know one word of that first paragraph to hear it as what it is: a dizzily powerful piece of work. The canniness of ""Sabbath School's"" production choices and the scuzzy depression of the lyrics and the gut-level songwriting instincts, along with everything else about the record, add up to something elusive and fascinating-- maybe even heartbreaking.""",4:12,"Jul 7, 2011",Album Track,No,http://dvonhendryx.bandcamp.com/track/sabbath-school
JOECHILLWORLD,Bully [V1],"Track 3 on the first version of JOECHILLWORLD, recorded in 2010.",5:07,"Jul 7, 2011",Album Track,No,http://dvonhendryx.bandcamp.com/track/bully
JOECHILLWORLD,⭐️ Neon Kitchen [V1],"Track 4 on the first version of JOECHILLWORLD, recorded in 2010. JulianLovesHipHop, the reviewer of the first JOECHILLWORLD Review, called the song ""Neon School"" along with Re: Neon Kitchen, unknown if those were actual names at somepoint.",5:04,"Jul 7, 2011",Album Track,No,http://dvonhendryx.bandcamp.com/track/neon-kitchen
JOECHILLWORLD,"Re: Neon Kitchen [V2]
(Neon Kitchen II)","Track 5 on the first version of JOECHILLWORLD, recorded in 2010. JulianLovesHipHop, the reviewer of the first JOECHILLWORLD Review, called the song ""Re: Neon School"" along with Neon Kitchen, unknown if those were actual names at somepoint.",2:12,"Jul 7, 2011",Album Track,No,http://dvonhendryx.bandcamp.com/track/re-neon-kitchen
JOECHILLWORLD,Operation: Kill Stormfront [V1],Track 6 on the first version of JOECHILLWORLD.,3:11,"Jul 7, 2011",Album Track,No,http://dvonhendryx.bandcamp.com/track/operation-kill-stormfront
JOECHILLWORLD,Trophy Kids [V1],Track 7 on the first version of JOECHILLWORLD. Has chimes in the beginning.,3:54,"Jul 7, 2011",Album Track,No,http://dvonhendryx.bandcamp.com/track/trophy-kids
JOECHILLWORLD,Montebello High School Prom [V1],"Track 9 on the first version of JOECHILLWORLD, recorded in 2010.",6:19,"Jul 7, 2011",Album Track,No,http://dvonhendryx.bandcamp.com/track/montebello-high-school-prom
JOECHILLWORLD,The Power of Madonna [V1],"Track 10 on the first version of JOECHILLWORLD, recorded in 2010.",5:45,"Jul 7, 2011",Album Track,No,http://dvonhendryx.bandcamp.com/track/the-power-of-madonna
JOECHILLWORLD,"⭐️ Game Of The Century [V1]
(Blue Seed)","Track 11 on the first version of JOECHILLWORLD. Released as a music video on June 28th, 2011.",6:12,"Jul 7, 2011",Album Track,No,http://dvonhendryx.bandcamp.com/track/game-of-the-century
JOECHILLWORLD,Sabbath School [V2],"Track 1 on the July 2012 version of JOECHILLWORLD, this version is shortened, slowed, and no longer features a verse. Has short monologue near the end and transitions into Bully.",2:59,"Jul 12, 2012",Album Track,No,http://dvonhendryx.bandcamp.com/track/sabbath-school
JOECHILLWORLD,Bully [V2],"Track 2 on the July 2012 version of JOECHILLWORLD, has an alternate intro.",5:06,"Jul 12, 2012",Album Track,No,http://dvonhendryx.bandcamp.com/track/bully
JOECHILLWORLD,Neon Kitchen [V2],"Track 3 on the July 2012 version of JOECHILLWORLD, has a weird fade in at the end that's not seen in any other version.",5:04,"Jul 12, 2012",Album Track,No,http://dvonhendryx.bandcamp.com/track/neon-kitchen
JOECHILLWORLD,"Game of The Century [V2]
(Blue Seed)","Track 10 on the July 2012 version of JOECHILLWORLD, slightly longer due to a short clip of maniacal laughing being added at the beginning",6:12,"Jul 12, 2012",Album Track,No,http://dvonhendryx.bandcamp.com/track/game-of-the-century
JOECHILLWORLD,"1989 (Michelle's Song) [V1]
(1989 (I Used To Know Her), LOVE ✖)","Track 11 on the July 2012 version of JOECHILLWORLD., originally released as a single onto YouTube on July 4th, 2012. Included as a bonus track. Has an intro that uses the ""LOVE ✖"" beat (""Fucking Your Girl"" instrumental).",7:30,"Jul 12, 2012",Album Track,No,https://www.youtube.com/watch?v=2-kKCjVYABk
JOECHILLWORLD,"⭐️ 1989 (I Used To Know Her) [V2]
(1989 (Michelle's Song))","Track 20 on No Shade: 3rd Summer, presented by TheGirlTheyCallEs.com, ATLjunkie.com, and 84Area.com. This version is slightly faster, omits the intro, has alternate mixing, and is instead titled ""1989 (I Used To Know Her)."" This version was later released in the physical reissue of the project.",5:10,"Jul 13, 2012",Album Track,No,https://esfamojure.bandcamp.com/track/1989-i-used-to-know-her
JOECHILLWORLD,Sabbath School [V3],"Track 1 on the November 2013 version of JOECHILLWORLD, has an alternate mix that's now back at normal speed, but is still instrumental aside from the short monologue.",2:32,"Nov 11, 2013",Album Track,Yes,"http://dvonhendryx.bandcamp.com/track/sabbath-school
https://open.spotify.com/track/6IcV5vXWdgtfBGYZRy4GE2?si=458b2864b1da49eb"
JOECHILLWORLD,Bully [V3],"Track 2 on the November 2013 version of JOECHILLWORLD, has an alternate mix with an alternate intro.",5:04,"Nov 11, 2013",Album Track,No,http://dvonhendryx.bandcamp.com/track/bully
JOECHILLWORLD,Neon Kitchen [V3],"Track 3 on the November 2013 version of JOECHILLWORLD, has an alternate mix that's shortened by nearly a minute.",4:16,"Nov 11, 2013",Album Track,Yes,"http://dvonhendryx.bandcamp.com/track/neon-kitchen
https://open.spotify.com/track/6X5NYmX9qOnp5Y066LhmuF?si=5865a4cdb5644d3c"
JOECHILLWORLD,"Neon Kitchen II [V3]
(Re: Neon Kitchen)","Track 4 on the November 2013 version of JOECHILLWORLD, has an alternate mix.",2:12,"Nov 11, 2013",Album Track,No,http://dvonhendryx.bandcamp.com/track/neon-kitchen-ii-2
JOECHILLWORLD,⭐️ Operation: Kill Stormfront [V2],"Track 5 on the November 2013 version of JOECHILLWORLD, has an alternate mix.",3:08,"Nov 11, 2013",Album Track,Yes,"http://dvonhendryx.bandcamp.com/track/operation-kill-stormfront
https://open.spotify.com/track/5aziSuc7R3gzluAOoK4PQM?si=7e02683cd4e84766"
JOECHILLWORLD,Trophy Kids [V2],"Track 6 on the November 2013 version of JOECHILLWORLD, has an alternate mix that's 10 seconds shorter and no longer features rain noises.",3:46,"Nov 11, 2013",Album Track,Yes,"http://dvonhendryx.bandcamp.com/track/trophy-kids
https://open.spotify.com/track/222X2wwIj8DsSprKk1x5G5?si=fa57008dca564190"
JOECHILLWORLD,Omega Weapon [V2],"Track 7 on the November 2013 version of JOECHILLWORLD, has an alternate mix that no longer features 30 seconds of a droning noise at the beginning.",3:35,"Nov 11, 2013",Album Track,Yes,"http://dvonhendryx.bandcamp.com/track/omega-weapon-2
https://open.spotify.com/track/3c0ZkKlyqt9Ch80Bk9zkAG?si=609ea72897f34c35"
JOECHILLWORLD,"⭐️ Montebello High School Prom [V2]
(Montobello High School Prom)","Track 8 on the November 2013 version of JOECHILLWORLD, has an alternate mix that features a slightly different arrangement and is noticably faster. Sometime in 2026, the title was renamed to ""Montobello High School Prom"" on streaming services.",6:05,"Nov 11, 2013",Album Track,Yes,"http://dvonhendryx.bandcamp.com/track/montebello-high-school-prom
https://open.spotify.com/track/4dfneUhmY1yOViVMplAMUO?si=4b185bb6c85c4325"
JOECHILLWORLD,⭐️ The Power of Madonna [V2],"Track 9 on the November 2013 version of JOECHILLWORLD, has an alternate mix that no longer fades out at the end, and now transitions into the next track.",5:36,"Nov 11, 2013",Album Track,Yes,"http://dvonhendryx.bandcamp.com/track/the-power-of-madonna
https://open.spotify.com/track/4yFyczI5dVZZVtfOY9IkLZ?si=5993909acdf24871"
JOECHILLWORLD,"🗑️ Blue Seed [V2]
(Game Of The Century)","Track 10 on the November 2013 version of JOECHILLWORLD, has an alternate mix that has been shortened to just the 40 seconds of whistling at the end, and has been renamed to ""Blue Seed"". JulianLovesHipHop may have influenced Devon to make the track short as he said in his review that Game Of The Century was far too long",0:40,"Nov 11, 2013",Album Track,Yes,"https://dvonhendryx.bandcamp.com/track/blue-seed
https://open.spotify.com/track/0BFS0DvlNetdG5XyvSuSaQ?si=9f797371a4e94bf0"
JOECHILLWORLD,Bully [V4],"Censored version of ""Bully"", reissued sometime in 2018.",5:04,"Oct 4, 2018",Album Track,Yes,"http://dvonhendryx.bandcamp.com/track/bully
https://open.spotify.com/track/0PVlZSI6iSURwlYjbwSd0S?si=a4d371c9986b4600"
JOECHILLWORLD,"⭐️ Neon Kitchen II [V4]
(Re: Neon Kitchen)","Censored version of ""Neon Kitchen II"", reissued sometime in 2018.",2:12,"Oct 4, 2018",Album Track,Yes,"http://dvonhendryx.bandcamp.com/track/neon-kitchen-ii-2
https://open.spotify.com/track/2umT1d24NZ1Kgms50QUls7?si=933e205ae6774823"
JOECHILLWORLD,"iLL Bomb Freestyle
(prod. DJ Scratch)","Freestyle from the joechillworld YouTube channel. Probably freestyled over ""Ill Bomb"" by Funkmaster Flex. Also had a video. No other info is known about it.",2:50,"Jan 17, 2011",Other,No,https://www.youtube.com/watch?v=NLxM4UyJRLw
JOECHILLWORLD,🏆 Anne Hathaway,"The biggest Devon Hendryx grail ever. Released to Bandcamp on January 28, 2011 and to YouTube and MySpace around the same time. The song is a freestyle over the song ""None of Dem"" by Robyn. Removed from Bandcamp sometime between March 1st and October 18th, 2011 and was up on his YouTube channel as late as September 19th, 2013. Enso Sinatra has said he has heard it but does not have it. Description on Bandcamp (March 1st, 2011) reads:

""It's no secret: Nowadays, most mainstream rappers aren't rappers. The majority just throw a few bars together around Christmastime before getting back to their real hustle, whether it be acting, designing clothes, or thinking about how to make Rick Ross the next Biggie Smalls while sitting behind a desk in a sharp suit. It's fitting, then, for Rapper DeVon Hendryx to randomly start rhyming over pop music smash (""None of Dem"") originally made by a Swedish pop star (Robyn) trying to pander to a nationwide audience. True, ""Anne Hathaway"" might come off a bit like a too-perfect couple who drink all night and Farmer's Market all morning, but when they invite you along, saying no kinda makes you an asshole.""

There was a possibilty that Anne Hathaway could've been recovered through MySpace, but their databases were erased from their creation to 2019.",2:29,"Jan 28, 2011",Other,No,http://dvonhendryx.bandcamp.com/track/anne-hathaway
JOECHILLWORLD,🏆 ???,"When accessing the Anne Hathaway single page, it showed that the download contains two tracks, suggesting that there is a hidden track present. There is no information about what the track could've been, possibly a different version of Anne Hathaway (instrumental, clean version, etc). Nothing else is known about this track.",,"Jan 28, 2011",Other,No,http://dvonhendryx.bandcamp.com/track/anne-hathaway
"0 OG File(s)
0 Full
0 Tagged
0 Partial
0 Snippet(s)
0 Unavailable",L.I.S.A ♥,,,,,,
L.I.S.A,"✨ We Don't ♥ Love These Hoes
(perf. Devon Hendryx) (prod. Devon Hendryx)","Track 8 on L.I.S.A, recorded in 2008. Released as a music video on August 6th, 2011.",3:55,"Aug 6, 2011",Album Track,No,
L.I.S.A,"⭐️ White Girls ♥ Dévon Hendryx
(perf. Devon Hendryx & Enso Sinatra) (prod. Devon Hendryx)","Track 2 on L.I.S.A, released as a music video on August 11th, 2011.",7:10,"Aug 11, 2011",Album Track,No,
L.I.S.A,"⭐️ Up & Down
(perf. Devon Hendryx & Enso Sinatra) (prod. Devon Hendryx)","Track 6 on L.I.S.A, released as a music video on August 20th, 2011.",4:36,"Aug 20, 2011",Album Track,No,
L.I.S.A,"L.I.S.A.
(perf. Devon Hendryx & Enso Sinatra) (prod. Enso Sinatra)",Track 1 on L.I.S.A.,3:03,"Aug 31, 2011",Album Track,No,
L.I.S.A,"⭐️ Cam Newton
(perf. Devon Hendryx & Enso Sinatra) (prod. Devon Hendryx)","Track 3 on L.I.S.A., released as a music video with only Devon's verse on August 28th, 2011. Later released by Enso Sinatra as a music video on October 5th, 2011.",4:05,"Aug 31, 2011",Album Track,No,
L.I.S.A,"Hotpockets
(perf. Devon Hendryx & Enso Sinatra) (prod. Enso Sinatra)",Track 4 on L.I.S.A.,3:48,"Aug 31, 2011",Album Track,No,
L.I.S.A,"✨ Wendy's Lunch Break (Interlude)
(perf. Enso Sinatra) (prod. Devon Hendryx)",Track 5 on L.I.S.A.,1:48,"Aug 31, 2011",Album Track,No,
L.I.S.A,"The Suburbans
(perf. Devon Hendryx & Enso Sinatra) (prod. Enso Sinatra)
(The Suburbs)",Track 7 on L.I.S.A.,2:48,"Aug 31, 2011",Album Track,No,
"0 OG File(s)
0 Full
0 Tagged
0 Partial
0 Snippet(s)
0 Unavailable",Hi-Fi,,,,,,
Hi-Fi,"QWOP
(prod. CHRIS GR3EN)","Single released onto YouTube on December 24th, 2011, made for Hi-Fi.",,"Dec 24, 2011",Single,Yes,https://www.youtube.com/watch?v=-yvhycjF9Jo
Hi-Fi,#fuckcheese,"Single released onto YouTube sometime before June 5th, 2012, made for Hi-Fi.",2:55,,Single,Yes,https://pillows.su/f/83d620f2db284f3fe9c67053fc35d6f4
Hi-Fi,🏆 Piano Baby [V1],"Original version of ""Piano Baby"" that, according to the YouTube header, features Enso Sinatra. Uploaded to the joechillworld YouTube channel on January 2nd, 2012. Unknown how much the instrumental differs from the GHОST~POP TAPE version. Enso said that he doesnt have the song, so it's probably lost forever. He also said it was his favorite.",4:47,"Jan 2, 2012",Other,No,
Hi-Fi,"⭐️ White Girl in a Lexus
(MANDY (WHITE GIRL IN A LEXUS))","Song most likely apart of Hi-Fi, exported on March 6th, 2012 at 15:43. Samples ""Candy"" by Mandy Moore and was mentioned in the WeAreDope Interview. Was also uploaded to the joechillworld YouTube channel around the same time on June 3rd, 2012 alongside ""The World Keeps Turning."" Found on August 27, 2022. Tagged with ✌ ✌ ✌ as the album title.",3:40,"Jun 3, 2012",Other,No,https://pillows.su/f/107ba2c15a8b1235a05b03d77905f809
"0 OG File(s)
0 Full
0 Tagged
0 Partial
0 Snippet(s)
0 Unavailable",THE ROCKWOOD ESCAPE PLAN,,,,,,
The Rockwood Escape Plan,"✨ Coffee With Charles Hamilton
(prod. Jules Watts)","Throwaway song with production from Jules Watts, made sometime in 2010. Uploaded onto the joechillworld YouTube channel on July 25th, 2011. Later released by Jules on her compilation tape, The Best of Jules Watts Collection, on December 12th, 2020.",4:03,"Jul 25, 2011",Other,No,https://pillows.su/f/b6e20797d65050fec4b8cb48c9f76ad6
The Rockwood Escape Plan,"DimeDon - 1994
(prod. Devon Hendryx)
(1989 (Michelle's Song), 1989 (I Used To Know Her))","DimeDon song with production from Devon Hendryx, using the ""1989 (Michelle's Song)"" instrumental.",2:39,"Nov 5, 2012",Production,No,
The Rockwood Escape Plan,"ATG - A Cold Night In Moscow
(prod. Devon Hendryx)
(Sabbath School)","DimeDon song with production from Devon Hendryx, using a slowed down version of the ""Sabbath School"" instrumental.",3:02,"Dec 9, 2012",Production,No,
The Rockwood Escape Plan,"Ivy League Spins Freestyle Cypher
(prod. Hanz)","Freestyle released onto YouTube on December 3rd, 2011.",2:30,"Dec 3, 2011",Other,No,https://pillows.su/f/43e1ca18ee91aa1481687b24351ef620
The Rockwood Escape Plan,"🏆The $treetfighters - 1:38 AM / Send Nudes
(feat. Devon Hendryx)","Lost The $treetfighters song with a feature from Devon, uploaded to Spinrilla sometime in 2012. Was up until October 2018 when someone pointed it out, after which it got deleted pretty quickly.",,~2012,Feature,No,
The Rockwood Escape Plan,"⭐️ Long Beach Gran Prix [V2]
(feat. ATG)","Devon's version of ""Long Beach Gran Prix"" uploaded to the joechillworld YouTube channel. Main differences being the inclusion of girl audio clips throughout the song and the outro. Uploaded sometime in 2012",4:35,~2012,Other,No,https://pillows.su/f/21ba9e4916f9d0bf3e9c208b2407502f
The Rockwood Escape Plan,✨ Dookie Dupstep,"Song released onto YouTube on January 2nd, 2012.",5:19,"Jan 2, 2012",Other,No,https://pillows.su/f/4f1e09f3eb1b1136427aa4627b903872
The Rockwood Escape Plan,🏆 I WANT IT ALL,"Song uploaded to YouTube on or around January 16th, 2012. Was deleted pretty quickly. Posted to the Devon Hendryx website (Tumblr) on the same day.",,"Jan 16, 2012",Other,No,https://web.archive.org/web/20120209090454/http://devonhendryx.com/
The Rockwood Escape Plan,⭐️ ジェネレーションY [V1],"Track 1 on the first version of The Rockwood Escape Plan, recorded in 2010. Description on Bandcamp (August 6th, 2012) reads:

""DRAKE TATTOOED AALIYAH ON HIS BACK
I HAVE HER TATTOOED ON MY BRAIN
GENERATION Y1989 FUCK RAP 90'S BABIES
I AM THE SEXIEST UNDERGROUND ARTIST EVER KISS MY FEET BITCHES""",2:09,"Feb 14, 2012",Album Track,No,
The Rockwood Escape Plan,⭐️ KING [V1],"Track 2 on all versions of The Rockwood Escape Plan, recorded in 2012.

“HIP HOP IS A GENRE BUILT ON CONFIDENCE. IF YOU DON’T ASSERT YOURSELF YOU’LL BE LEFT BEHIND. THERE ARE SOME THAT CAN OUT RAP ME
& SOME THAT CAN OUT FREESTYLE ME, BUT NO ONE CAN MAKE ART LIKE THE ROCKWOOD ESCAPE PLAN . I AM KING”",2:34,"Feb 14, 2012",Album Track,No,
The Rockwood Escape Plan,I ♥ You Hip Hop But I Can't Be Your Girlfriend Because That's Gay [V1],"Track 3 on all versions of The Rockwood Escape Plan, recorded in 2011. Description on Bandcamp (August 6th, 2012) reads:

""RECORDED EXACTLY ONE HOUR AFTER SHE LEFT ME..I’VE NEVER BEEN SO DEPRESSED IN MY LIFE & I HAD TO POINT THE FINGER AT SOMEONE AND IT CERTAINLY WASN’T GONNA BE MY FAULT SO I BLAMED HIP HOP....LISA LEFT ME BECAUSE I LOVED HIP HOP TOO MUCH...SO I BROKE UP WITH HER (HIP HOP) AND THIS IS THE TEXT MESSAGE.....I’M SORRY HIP HOP........WE CAN STILL BE CUT BUDDIES!""",5:07,"Feb 14, 2012",Album Track,No,
The Rockwood Escape Plan,Capcom Vs. SNK [V1],"Track 4 on all versions of The Rockwood Escape Plan, recorded in 2011. Description on Bandcamp (August 6th, 2012) reads:

""WHEN THIS BEAT WAS CREATED I WAS CERTAIN OF ONE THING.....I WAS A GODAMN GENIUS...SOOOOOOOOO BEAUTUFUL...SO MELLOW ....SOOOO GOOOOOODDDD. GENERATION Y JUICE IS OOOZING ALL OVER THIS SONG AND I’M THIRSTY AS FUCK.....90’S BABIES...SPECIAL THANKS TO RYU, KING, KYO, AND IORI.....YOU ARE MY CHILDHOOD""",4:36,"Feb 14, 2012",Album Track,No,
The Rockwood Escape Plan,✨ Quisha (Booty Call Etiquette) [V1],"Track 5 on the first version of The Rockwood Escape Plan, recorded in 2011. Has a switch up around the end that was removed in the November 2013 version. Description on Bandcamp (August 6th, 2012) reads:

""SOOOO MY DROID STOPS WORKING FOR NO REASON. SO I GO TO GET IT FIXED AND WHILE I’M WAITING IN LINE I SEE THIS BEATUIFUL CREATURE STANDING IN THE CORNER...SHE WALKS OVER IN ALL HER FINENESS AND OFFERS ME ASSISTANCE, SHE’S WEARING A NIXON WATCH.....I THINK I’M IN LOVE.....WE TALK ABOUT HOW MUCH IT SUCKS LIVING WHERE WE DO WHAT COLOR WATCH WE EACH LIKE AND I NOTICE HER TATTOOS...SOMETHINGS NOT RIGHT.....ITS TOO PERFECT...TOO GOOD THIS CAN’T BE REAL???? CAN IT.....SHE WAS A RAPPER...BLACK DIAMONDS, PINK ROBOTS..SWAGGED OIUT SHAWTY...I’M A RAPPER TOO DEVON HENDRYX, GENERATION Y..THE MOTHERFUCKING ROCKWOOD ESCAPE PLAN, SEXIEST UNDERGROUND RAPPER EVER....WHO WOULD HAVE THOUGHT WE WOULD MEET LIKE THIS? AT A PHONE STORE????? WOOOOWWWWW....MAYBE WE WILL CROSS PATHS AGAIN MAYBE ONE OF US WILL BECOME FAMOUS....MAYBE NOT.......REGARDLESS OF WHAT HAPPENS...YOUNG NISA SOLD ME AN IPONE NIGGA""",6:16,"Feb 14, 2012",Album Track,No,
The Rockwood Escape Plan,"A Song About Nothing [V1]
(feat. Enso Sinatra)","Track 6 on the first version of The Rockwood Escape Plan, recorded in 2011. Description on Bandcamp (August 6th, 2012) reads:

""CARRRRRRRRRRRRR!!!!!!!!!""",3:43,"Feb 14, 2012",Album Track,No,
The Rockwood Escape Plan,I ♥ The Illuminati [V1],"Track 7 on the first version of The Rockwood Escape Plan, recorded in 2010. Description on Bandcamp (August 6th, 2012) reads:

""OF COURSE I DOOOO!!!!! THEY TOOK ME IN FED ME AND MADE ME FILTHY RICH..I OWE EVERYTHING TO THE ILLUMINATI THANK YOU SO MUCH ILLUMINATI!!!! ANYONE ONE WHO BAD MOUTHS THE ILLUMINATI WILL DIE A HORROBLE PAINFUL AND BORDERLINE HOMOSEXUAL DEATH......JUST ASK MR. HANDS............""",2:09,"Feb 14, 2012",Album Track,No,
The Rockwood Escape Plan,⭐️ Project Birdy [V1],"Track 8 on the first version of The Rockwood Escape Plan, recorded in 2010. Description on Bandcamp (August 6th, 2012) reads:

""HAVE YOU EVER BEEN EXTREMELY HIGH AND WATCHED AN ANIME????? IT’S SOOOOOOOOOOOO GOOOOOOOOOOODDDDDDDDDD.....PROJECT BIRDY IS THE END RESULT OF .VERY LITTLE SLEEP & TREMENDOUS AMOUNTS OF COCAINE THANK YOU GODDDD.""",3:19,"Feb 14, 2012",Album Track,No,
The Rockwood Escape Plan,"⭐️ Project Birdy Pt. II [V1]
(Project Birdy Part II, Project Birdy, Pt. 2)","Track 9 on the first version of The Rockwood Escape Plan., recorded in 2011. Description on Bandcamp (August 6th, 2012) reads:

""FUHCK YOU...YOU KNOW WHO YOU ARE""",2:52,"Feb 14, 2012",Album Track,No,
The Rockwood Escape Plan,"Operation: Kill Rap [V1]
(Operation: Kill Hip Hop)","Track 10 on the first version of The Rockwood Escape Plan, recorded in 2011. Released as a music video on January 2nd, 2012. Description on Bandcamp (August 6th, 2012) reads:

YOU KNOW WHY WE HAVE MUSIC CRITICS?? BECAUSE PEOPLE ARE TOO STUPID TO FORM THEIR OWN OPINIONS, SO THEY NEED HAIRY WHITE PEOPLE TO DO IT FOR THEM. A GIRL ONCE TOLD ME “IF YOU MAKE MUSIC FOR CRITICS YOU’LL ONLY BE AS RELEVANT AS YOUR LAST REVIEW...SO DO’NT MAKE MUSIC FOR CRITICS MAKE WHATEVER KIND OF MUSIC YOU WANT TO MAKE” & I TOOK THOSE WORDS TO HEART...THAT’S WHY I’VE DECIDED I’M GONNA SPEND THE REST OF MY CAREER HUMMING BULLSHIT OVER PRETTY MUSIC LIKE TORO Y MOI.. FUCK RAP",2:38,"Feb 14, 2012",Album Track,No,
The Rockwood Escape Plan,God & Earrings [V1],"Track 11 on the first version of The Rockwood Escape Plan, recorded in 2010. Butchered mix, with different arrangement than the V2. Description on Bandcamp (August 6th, 2012) reads:

""RECORDED IN 1993 NEXT TO ARSENIO HALL AND A NIGGA NAMED STEVE. THEY BOTH WORE KANGOS""

(Don't take this guy seriously obviously.)",4:00,"Feb 14, 2012",Album Track,No,
The Rockwood Escape Plan,"Hoe$ (隙)
(add. Enso Sinatra & ???)
((隙))","Track 12 on the first version of The Rockwood Escape Plan, recorded in 2011. Features Enzo Sinatra doing a skit. Description on Bandcamp (August 6th, 2012) reads:

""WE DON'T LOVE THESE HOOOOOOOOOOOOEEEEEEEEEESSSS....BUT WE DO LOVE BTICHES!!!.....40'S UP IN MY RIIIIIIIIIIIIIIDDDEEEE...COUNTING UP MY RICHEEEESSSS...""

(Lyrics from ""We Don't ❤️ these hoes"")",1:42,"Feb 14, 2012",Album Track,No,
The Rockwood Escape Plan,"⭐️ MissingNo. [V1]
(feat. A Nigga Named Steve)","Track 13 on the first version of The Rockwood Escape Plan, recorded in 2011. A Nigga Named Steve is not a real feature, it's just Devon in with a high pitched voice. TWO CHALUPAS!!! 🗣️ Description on Bandcamp (August 6th, 2012) reads:

""SOME PEOPLE HERE THIS SONG AND HERE HAPPINESS...I HEAR DEATH I HEAR SADNESS..I HEAR PAIN....I HEAR SOMETHING AWFULLLL..EVEN AS I TYPE THIS I’M DEALING WITH BS....I HATE WHERE I AM...I WISH I COULD JUST BE FAMOUS.....I DON’T REALLY CARE ABOUT BEING THE RICHEST PERSON OR ANYTHING I JUST DON’T WANT TO DEAL WITH NORMAL PEOPLE PROBLEMS..DEALING WITH BILLS..CAR NOTES...WAKING UP AND GOING TO A JOB YOU HATE 5 DAYS A WEEK..DEALING WITH PEOPLE YOU HATE AND YOU KNOW YOUR BETTER THAN....IT’S DEPRESSING.....""",5:22,"Feb 14, 2012",Album Track,No,
The Rockwood Escape Plan,✨ Blue China [V1],"Track 14 on the first version of The Rockwood Escape Plan, recorded in 2011. Description on Bandcamp (August 6th, 2012) reads:

""RAP FANS ARE SO FUCKING STUPID...I’M SURE THEY’LL ALL SKIP THIS ONE BEACUSE THE BEAT IS “GAY” OR WHATEVER, BUT ANYWAY THE PICTURE OF DORIAN GRAY IS ONE OF MY FAVORITE BOOKS AND OSCAR WILDE WAS A FASCINATING MAN. HE ONCE SAID THAT HIS BLUE CHINA WAS EVERYTHING TO HIM KIND OF LIKE HOW MUSIC AND COCAINE IS EVERYTHING TO ME....I WOULD BE DEAD WITHOUT IT AND I’LL PROBABLY DIE BECAUSE OF IT.....DON’T JUDGE ME.""",4:22,"Feb 14, 2012",Album Track,No,
The Rockwood Escape Plan,"Pu$$y [V1]
(Pu$$y #1)","Track 15 on the first version of The Rockwood Escape Plan, recorded in 2007. Description on Bandcamp (August 6th, 2012) reads:

""ME AND HER RECORDED THIS TOGETHER I PLAYED THE INSTRUMENENTS AND SHE KISSED MY NECK....IT WAS BLISSFUL...THE SEX WE HAD AFTERWARDS WAS THE BEST THING THAT EVER HAPPENED TO ME...I WISH I COULD FEEL THAT EXACT SAME FEELING EVERY SINGLE DAY!!!....BUT ALL GOOD THINGS MUST COME TO AN END..... I GUESS.....""",2:01,"Feb 14, 2012",Album Track,No,
The Rockwood Escape Plan,"Sunday School [V1]
(Sunday School (Church of Granas))","Track 16 on the first version of The Rockwood Escape Plan, recorded in 2010. Description on Bandcamp (August 6th, 2012) reads:

""ANYONE WHO CLAIMS TO HATE GOD IS AN IDIOT...HOW CAN YOU HATE GOD?? HAVE YOU EVER MEY HIM??? DID STEAL YOUR GIRLFRIEND??? DID YOU LET HIM BORROW YOUR TOASTER AND HE NEVER RETURNED IT??? DON’T THINK SO...WHAT PEOPLE HATE IS THE WAY OTHERS REACT TO GOD..NOT GOD HIMSLEF. I DON’T HATE GOD....I’M ACTUALLY AFRAID OF HIM...I’M AFRIAD THAT ONE DAY ALL THE THINGS I’VE DONE WILL CATCH UP WITH ME AND HE’LL COME TO COLLECT HIS DUE...AS MUCH AS I FEAR HIM I WOULD NEVER SHOVE WHAT I BELIEVE DOWN ANYONES THROAT LIKE THESE CHIRSITANS DO GOD IS VERY REAL I KNOW THIS FOR A FACT..BUT I HATE ORGANZIED RELIGION BECAUSE IT TAKES THE CONCEPT OF GOD AND WORSHIP AND ADDS HUMAN ELEMENTS TO IT..THEN WE HAVE PEOPLE COMING TO CHURCH TO PICK UP BITCHES OR TO KEEP UP A REPUTATION RATHER THAN TO WORSHIP....FUCK CHURCH AND FUCK RELIGION......

R.I.P Takeshi Miyaji""",3:50,"Feb 14, 2012",Album Track,No,
The Rockwood Escape Plan,Y2K [V1],"Track 17 on the first version of The Rockwood Escape Plan, recorded in 2009. Has an outro unique to this version. Description on Bandcamp (August 6th, 2012) reads:

""ITS THE YEAR 2000 WE ARE ALL GONNA KICK THE BUCKET
OUR HANDS ARE GOING TO FALL OFF AND THE WORLD IS EXPLODING
ARE U PREPARED????? OR WILL YOU LET THE COMPUTERS ZERO YOU TO DEATH??????""",4:02,"Feb 14, 2012",Album Track,No,
The Rockwood Escape Plan,✨ Andrej Pejić (Neon Runway) [V1],"Track 18 on the first version of The Rockwood Escape Plan, recorded in 2011. The main title is the deadname of a transgender model who transitioned after this song was released. Description on Bandcamp (August 6th, 2012) reads:

""ANDREJ PEJIC IS THE MOST BEAUTFUL PERSON IN THE WORLD. EVERYTHING ABOUT HIM IS FREE NATURAL AND CONFIDENT...HE REPRESENTS GENERATION Y TO THE FULLEST HOW COULD I NOT MAKE A SONG FOR HIM???? I DON’T CARE WHAT PEOPLE THINK ANDREJ YOU ARE MY HERO ...I WISH I COULD BE HALF THE MAN YOU ARE..""",3:14,"Feb 14, 2012",Album Track,No,
The Rockwood Escape Plan,⭐️ Neon Kitchen III [V1],"Track 19 on the first version of The Rockwood Escape Plan, recorded in 2011. Description on Bandcamp (August 6th, 2012) reads:

www.homegrownfreaks.net/forums/2-mouths-1-t51698.html&hl=mouths",3:54,"Feb 14, 2012",Album Track,No,
The Rockwood Escape Plan,"The 27 Club [V1]
(feat. JOE Chill & Lipstick 411)
(DIP)","Track 20 on the first version of The Rockwood Escape Plan, recorded in 2010. Has DIP as an outro that would later be made into its own song in later releases. Description on Bandcamp (August 6th, 2012) reads:

""I KNOW LEMMY KILMISTER IS NOT 27 HE’S PRACTIALLY DEAD..BUT YOU KNOW WHAT IDGAF IT’S MY SONG AND I CAN DO WHATEVER THE HELL I WANT...SO FUCK YOU, FUCK LEMMY KILMISTER, FUCK LEMMY’S WART.. AND FUCK ALLL THESE OVERRATED ROCKSTARS THAT YOU CRACKERJACK MOTHERFUCKERS WORSHIP!!! KILL WHITEY!!!!!!!!""",6:53,"Feb 14, 2012",Album Track,No,
The Rockwood Escape Plan,⭐️ Deuce Komradz [V1],"Track 21 on the first version of The Rockwood Escape Plan, recorded in 2012. Description on Bandcamp (August 6th, 2012) reads:

""RIP TO KELLY T, DRO, SARAH AND ALL MY NIGGAS LOST IN THE STRUGGLE.....""",3:19,"Feb 14, 2012",Album Track,No,
The Rockwood Escape Plan,"⭐️ Generation Y 1989 [V1]
(feat. Rebecca)","Track 22 on the first version of The Rockwood Escape Plan, recorded in 2011. Features the same exact dialogue present in the intro of California Dreaming. Description on Bandcamp (August 6th, 2012) reads:

""IN MY YOUTH LET ME HAVE MY SELFINESS...IF IT MEANS TOMORROW I HAVE TO GIVE IT ALL AWAY“ FUNNY HOW A RANDOM CONVERSATION CAN BIRTH ONE OF THE MOST RELEVANT STATEMENTS I’VE EVER HEARD....THANK YOU REBECCA""",5:13,"Feb 14, 2012",Album Track,No,
The Rockwood Escape Plan,"✨ Toonami [V1]
(Toonami ✮)","Track 23 on the first version of The Rockwood Escape Plan, recorded in 2007 (was probably recorded after 2007 with the beat being made in that year, since the vocals sound way more recent than anything pre-2009). Has vocals—including a full verse—as well as monologue sections. Is also the longest version of the track although the mixing is ass. Description on Bandcamp (August 6th, 2012) reads:

""I’D GIVE ANYTHING TO HAVE MY YOUTH BACK.......

あなたjariaに感謝""",5:38,"Feb 14, 2012",Album Track,No,
The Rockwood Escape Plan,☁✈,"Track 24 on the first version of The Rockwood Escape Plan, this song is not found on any other release of this album. Instrumental.",1:24,"Feb 14, 2012",Album Track,No,
The Rockwood Escape Plan,I ♥ You Hip Hop But I Can't Be Your Girlfriend Because That's Gay [V2],Track 3 on the second version of The Rockwood Escape Plan. Slower compared to the version above.,4:53,"Jul 11, 2012",Album Track,No,
The Rockwood Escape Plan,"⭐️ Y2K [V2]
(feat. Manny)","Track 16 on the second version of The Rockwood Escape Plan. Has a way longer intro, alternate mixing, and omits the outro of the version above.",4:02,"Jul 11, 2012",Album Track,No,
The Rockwood Escape Plan,"Sunday School (Church Of Granas) [V2]
(Sunday School)","Track 17 on the second version of The Rockwood Escape Plan. Has a new skit in the intro (which samples the Dreamcast startup jingle) and a little skit in the outro, and was swapped with Y2K in the tracklisting.",3:50,"Jul 11, 2012",Album Track,No,
The Rockwood Escape Plan,2004年9月9日,"Track 21 on the second version of The Rockwood Escape Plan, recorded in 2004 according to Devon. This song is also not found on any other release of this album. Description on Bandcamp (August 6th, 2012) reads:

""THIS IS THE BIGGEST WIN WE'VE EVER HAD""",1:25,"Jul 11, 2012",Album Track,No,
The Rockwood Escape Plan,"Toonami ✮ [V2]
(Toonami)","Track 24 of The Rockwood Escape Plan [V2]. Removes the drums, vocals and shortens the track heavily. Has a weird droning noise at the end.",5:38,"Jul 11, 2012",Album Track,No,
The Rockwood Escape Plan,ジェネレーションY [V2],Track 1 on the November 2013 version of The Rockwood Escape Plan. Has a new mix.,2:09,"Nov 11, 2013",Album Track,Yes,https://open.spotify.com/track/2DZ04V5eLzywVp0DwA34Ml?si=5d9cc72f6e194792
The Rockwood Escape Plan,KING [V2],Track 2 on the November 2013 version of The Rockwood Escape Plan. Has a new mix.,2:34,"Nov 11, 2013",Album Track,Yes,https://open.spotify.com/track/3CSsuYdjN6iP8HmQQ9Dw9h?si=35f65632ccd74003
The Rockwood Escape Plan,"⭐️ I ♥ You Hip Hop But I Can't Be Your Girlfriend Because That's Gay [V3]
(I ♥ You Hip Hop But I Can't Be Your Girlfriend)","Track 3 on the November 2013 version of The Rockwood Escape Plan. Has a completely new beat. Samples various voice lines from Metal Gear Solid 3, some of which would later appear on JPEGMAFIA's 2015 track Robitussin.",5:34,"Nov 11, 2013",Album Track,Yes,https://open.spotify.com/track/0MnXD2qx17d05o1FYACUCs?si=db8b00efe7094c1b
The Rockwood Escape Plan,✨ Capcom Vs. SNK [V2],Track 4 on the November 2013 version of The Rockwood Escape Plan. Has a new mix without any beat pauses & a new outro.,4:36,"Nov 11, 2013",Album Track,Yes,https://open.spotify.com/track/514WcDDKWUeSuqr7tLBqKD?si=d746f537b4664b9c
The Rockwood Escape Plan,Quisha [V2],"Track 5 on the November 2013 version of The Rockwood Escape Plan. Has an alternate instrumental with less drums & no switch up at the end, as well as a new mix.",4:06,"Nov 11, 2013",Album Track,Yes,https://open.spotify.com/track/0ipW6jaX5ZfLkl0FHWx7uW?si=b8acb434341f4810
The Rockwood Escape Plan,"A Song About Nothing [V2]
(feat. Enso Sinatra)",Track 6 on the November 2013 version of The Rockwood Escape Plan. Has a shorter intro & a new mix.,3:29,"Nov 11, 2013",Album Track,Yes,https://open.spotify.com/track/50jSHJbd2FzrIXBlEKSb0s?si=17f07295b2fb4ee2
The Rockwood Escape Plan,✨ I ♥ The Illuminati [V2],Track 7 on the November 2013 version of The Rockwood Escape Plan. Has a new mix & an alternate outro.,2:10,"Nov 11, 2013",Album Track,Yes,https://open.spotify.com/track/2Jy2ZmzdqELK5oWk8gbuhd?si=2e8ee42f263241f9
The Rockwood Escape Plan,Project Birdy [V2],Track 8 on the November 2013 version of The Rockwood Escape Plan. Has a new mix & a new outro.,3:23,"Nov 11, 2013",Album Track,Yes,https://open.spotify.com/track/747GY3hKh0RIoI9oJvq4K1?si=f5972ac7b9e34e86
The Rockwood Escape Plan,"Project Birdy Part II [V2]
(Project Birdy, Pt. 2)",Track 9 on the November 2013 version of The Rockwood Escape Plan. Has a new mix.,2:50,"Nov 11, 2013",Album Track,Yes,https://open.spotify.com/track/4qhLDYX9DjKrGOmaZrYzBL?si=253bb644311642df
The Rockwood Escape Plan,"Operation: Kill Rap [V2]
(Operation: Kill Hip Hop)",Track 10 on the November 2013 version of The Rockwood Escape Plan. Has a new mix.,3:40,"Nov 11, 2013",Album Track,Yes,https://open.spotify.com/track/6y0IvV7ACWx8rjX66t9Iq4?si=96c6c676fb1a4211
The Rockwood Escape Plan,⭐️ God & Earrings [V2],Track 11 on the November 2013 version of The Rockwood Escape Plan. Has a new mix & a shorter outro.,3:40,"Nov 11, 2013",Album Track,Yes,https://open.spotify.com/track/4BeW9OUBKGW2wFBw3nLlGj?si=5c0bbeff550d4794
The Rockwood Escape Plan,"Hoe$ (隙) [V2]
(add. Enso Sinatra & ???)
((隙))","Track 12 on the November 2013 version of The Rockwood Escape Plan. Has a new mix. Later renamed to ""(隙)"" in later versions.",1:42,"Nov 11, 2013",Album Track,Yes,https://open.spotify.com/track/4JTl2FZQfmZA6Xenvwhizk?si=9482b160138740eb
The Rockwood Escape Plan,MissingNo. [V2],Track 13 on the November 2013 version of The Rockwood Escape Plan. Has a new mix without any beat pauses & a new outro.,5:33,"Nov 11, 2013",Album Track,Yes,https://open.spotify.com/track/0mb2S9m2YSCg32e4Bo0KI1?si=84c0d2a40d0544bc
The Rockwood Escape Plan,Blue China [V2],Track 14 on the November 2013 version of The Rockwood Escape Plan. Has a new mix & a shorter outro that doesn't slow down.,4:01,"Nov 11, 2013",Album Track,Yes,https://open.spotify.com/track/38XtpP4uE5KMPp58VsyqfI?si=87d853a62eb2477e
The Rockwood Escape Plan,"Pu$$y [V2]
(Pu$$y #1)",Track 15 on the November 2013 version of The Rockwood Escape Plan. Has a new mix & no drums on the outro.,1:58,"Nov 11, 2013",Album Track,Yes,https://open.spotify.com/track/6pr7FfJ64SKhm6fxW8hjMB?si=26051caf2d60460a
The Rockwood Escape Plan,Y2K [V3],"Track 16 on the November 2013 version of The Rockwood Escape Plan. Has a different instrumental with a different speed, pitch, no drums & a new outro. Also has no vocals apart from additional vocals & samples.",4:02,"Nov 11, 2013",Album Track,Yes,https://open.spotify.com/track/0qgq1ZsLQiFHHn3QboJo43?si=f7673d5c98984437
The Rockwood Escape Plan,"Sunday School [V3]
(Sunday School (Church of Granas))",Track 17 on the November 2013 version of The Rockwood Escape Plan. Has a new mix without any beat pauses & an alternate intro & outro.,3:50,"Nov 11, 2013",Album Track,Yes,https://open.spotify.com/track/6A0hm74k94XgjlcxmjAPyW?si=2a221dc7fa9a4f42
The Rockwood Escape Plan,Andrej Pejić (Neon Runway) [V2],Track 18 on the November 2013 version of The Rockwood Escape Plan. Has a new mix & no outro.,3:15,"Nov 11, 2013",Album Track,Yes,https://open.spotify.com/track/5EmmyHn4gB6U0ZgueYOq1I?si=d2dae6a498764b24
The Rockwood Escape Plan,⭐️ The 27 Club [V2],Track 19 on the November 2013 version of The Rockwood Escape Plan. Has a new mix. Intro has some tail-end reverb from the last track.,3:15,"Nov 11, 2013",Album Track,No,
The Rockwood Escape Plan,DIP,Track 20 on the November 2013 version of The Rockwood Escape Plan. Has a new mix & a shorter intro.,1:45,"Nov 11, 2013",Album Track,Yes,https://open.spotify.com/track/0BU2Vl6cOCjmn3qRWgOHLL?si=5f9c1f93f6dc4d14
The Rockwood Escape Plan,Deuce Komradz [V2],Track 21 on the November 2013 version of The Rockwood Escape Plan. Has a new mix & a shorter outro.,6:54,"Nov 11, 2013",Album Track,No,
The Rockwood Escape Plan,"Generation Y 1989 [V2]
(feat. Rebecca)","Track 22 on the November 2013 version of The Rockwood Escape Plan. Has a new mix without any beat pauses or most adlibs, as well as a longer outro.",3:19,"Nov 11, 2013",Album Track,Yes,https://open.spotify.com/track/5GCqmU52xZFSmUtjJBZxa5?si=623a0457aefb4230
The Rockwood Escape Plan,"Toonami [V3]
(Toonami ✮)",Track 23 on the November 2013 version of The Rockwood Escape Plan. Has a new mix & is shorter.,5:38,"Nov 11, 2013",Album Track,Yes,https://open.spotify.com/track/7Mo28YKgvugrjoguXXt4sH?si=e892882e350846b9
The Rockwood Escape Plan,The 27 Club [V5],"Censored version of ""The 27 Club"", updated on October 10th, 2018. Literally has one change and it's just editing out the word faggot.
(Note: This version is referred to as [V5] because this technically comes after the BBC versions. For those, check out the next tab).",4:32,"Oct 10, 2018",Album Track,Yes,https://open.spotify.com/track/4qgcHk1SdXO2KpOsIg77vg?si=9e083dd26a3d4b6c
The Rockwood Escape Plan,Deuce Komradz [V3],"Censored version of ""Deuce Komradz"", updated on December 31st, 2018. The multiple references to sensitive personal information has been removed, contains other weird pauses and distortions that mess up the groove & playability of the song. Is also 8 seconds shorter.",2:49,"Dec 31, 2018",Album Track,Yes,https://open.spotify.com/track/2Ro4HPP6VVqSUCZQy9aSif?si=37b4d39df1004089
"0 OG File(s)
0 Full
0 Tagged
0 Partial
0 Snippet(s)
0 Unavailable",♥,,,,,,
Heart Emoji EP,"Lil B - I Love You
(prod. PicheDreams)","Track 34 on Lil B's mixtape, God's Father. Produced under another name, PicheDreams. Removed from streaming alongside Lil B's entire discography in 2026.",2:59,"Feb 27, 2012",Production,No,https://lilb.bandcamp.com/track/i-love-you-2
Heart Emoji EP,✨ Edie,"Beat uploaded on the joechillworld YouTube channel supposedly on March 1st, 2012, but later deleted. Dated 2009 according to Peggy himself.",6:43,"Mar 1, 2012",Other,Yes,https://pillows.su/f/7031bccc47cf7697bf6c0d5c710cb85a
Heart Emoji EP,⭐️ GOD ☀,"Song released onto YouTube on March 2nd, 2012. Likely one of his first ambient works. Also likely released on the Ben Yuddha versions of THE GHOST~POP TAPE, but this is yet to be fully confirmed. Also the the first date that Devon Hendryx mentions in ""Ballad of a Poor Man.""",2:20,"Mar 2, 2012",Other,Yes,
Heart Emoji EP,✨ INSTAGRAM ✉,"Song released onto YouTube on March 25th, 2012. Likely one of his first ambient works.",2:26,"Mar 25, 2012",Other,No,
Heart Emoji EP,🏆 GHOST,"Song advertised to be from 2009, uploaded sometime around March 26, 2012.",,"Mar 26, 2012",Other,No,
Heart Emoji EP,🏆 ADDERALL ✪ (FREESTYLE),Deleted song from his Vimeo account with no info. Only a screenshot from the video has surrived.,,"Apr 8, 2012",Other,No,
Heart Emoji EP,"California Dreaming
(add. Rebecca)","Beat released soley on the joechillworld YouTube channel on April 8th, 2012. Has an intro from Rebecca that would later be reused as additional vocals on Generation Y 1989. Removed from the channel in 2020.",2:19,"Apr 8, 2012",Other,Yes,https://pillows.su/f/fa1fc8e4510015883166698282519846
Heart Emoji EP,"⭐️ FUCK ✞H3S3 NIGGA$ 2012 (LE1F ☼‿☼ FREESTYLE)
(prod. LE1F & Devon Hendryx)","Throwaway freestyle released onto YouTube &, at one point Vimeo, on May 21st, 2012. The first part of the song is rapped over the LE1F beat called ""☼‿☼"" from his 2012 mixtape ""Dark York"". The second beat is likely made by Devon. Found by Aviant and Zarnoxu.",4:48,"May 21, 2012",Other,Yes,https://pillows.su/f/d1ef1326465dab3706b1e2724c6466fe
Heart Emoji EP,"⭐️ The World Keeps Turning (Remix)
(prod. Cloud)
(WORLD KEEP$ TURNING, Turning)","Song made during The Rockwood Escape Plan era released on June 3rd, 2012 alongside ""White Girl in a Lexus"". Remix of the song ""Turning"" by Cloud. Was uploaded to joechillworld channel in mid-2012, but the video is now deleted. Found by Aviant and Zarnoxu. Tagged with ✌ ✌ ✌ as the album title.",3:28,"Jun 3, 2012",Other,Yes,https://pillows.su/f/359c3602d92756278ba382d32ed384ab
Heart Emoji EP,"✨ Rollin'
(feat. CHRIS GR3EN)","Song released on June 7th, 2012 with Chris Gre3n.",4:42,"Jun 7, 2012",Other,Yes,
Heart Emoji EP,"✨ Shadows
(feat. Enso Sinatra)",Song with Enso Sinatra that was uploaded to the joechillworld Youtube Channel. Would later be released on the 2024 vinyl for The Rockwood Escape Plan.,4:50,"Jun 10, 2012",Other,Yes,https://pillows.su/f/eca700da8afafa513d4aef2edc3d4024
Heart Emoji EP,"LOVE ✖
(Fucking Your Girl)","Single released onto YouTube on July 10th, 2012, used as the instrumental to ""Fucking Your Girl"". YouTube description reads: ""Directed & Produced by Devon Hendryx 私にしてくださいファック ジェネレーションY"". The song at the beginning is ""Gag"" by LE1F.
bitch imma make uuuuu gaaaaaaaagghhh",2:02,"Jul 10, 2012",Single,No,
Heart Emoji EP,"⭐️ Pizzicato Five 愛 [V1]
(add. DATPIFFMAFIA & Unknown Girl)
(Pizzicato Five Love)","Track 4 on ♥, uploaded onto YouTube on January 2nd, 2012 & later released as a single on February 11th, 2012. Recorded in 2009 & supposedly released on an earlier date on December 24th, 2009. Features DATPIFFMAFIA and an Unknown Girl talking at the end that was taken out of TGPT's Pizzicato Five Release, is the same conversation heard on Hoe$. Description on Bandcamp (August 6th, 2012) reads:

""私たちはあなたにピチカート·ファイヴを愛して""",5:00,"Jan 2, 2012",Single,Yes,"https://www.youtube.com/watch?v=cs-swkX840c
http://dvonhendryx.bandcamp.com/track/pizzicato-five
https://open.spotify.com/track/4qKbDDwsYDPcQSrVDTbOBO?si=03c1f8ff172c4939"
Heart Emoji EP,"Max Payne (間奏)
(Max Payne (Interlude), MAX PAYNE 雌犬, MAX PAYNE BITCH)","Track 5 on ♥, uploaded onto YouTube on May 25th, 2012.",2:00,"May 25, 2012",Single,Yes,https://www.youtube.com/watch?v=vwOf3sFtcpU
Heart Emoji EP,"⭐️ Charli Baltimore ✪
(add. Enso Sinatra & ???)","Track 2 on ♥, uploaded onto YouTube on June 24th, 2012. Reuses some lines from Neon Kitchen III.",5:56,"Jun 24, 2012",Single,Yes,
Heart Emoji EP,Shamoo,Track 1 on ♥.,0:42,"Sep 21, 2012",Album Track,Yes,
Heart Emoji EP,"Manny 嫌い
(I HATE MANNY, デルガドの家（マニー·ラヴ), Delgado's House (Manny Love))","Track 3 on ♥., uploaded onto YouTube sometime between June 7th & June 10th, 2012 under the name ""デルガドの家（マニー·ラヴ)"". Video version is lost.",1:40,"Sep 21, 2012",Album Track,Yes,
Heart Emoji EP,"⭐️ Fucking Your Girl
(LOVE ✖)","Track 6 on ♥, uploaded to YouTube sometime in 2012 (rumored to be May 2012). Uses the LOVE ✖ beat.",4:11,"Sep 21, 2012",Album Track,Yes,
Heart Emoji EP,"Satan ✞
(Omega Weapon)","Track 7 on ♥, released as a single sometime in 2012 (rumored to be April 2012). Slightly different version of the ""Omega Weapon"" instrumental with minor changes like arrangement and pitch, and weird background noises.",2:52,"Sep 21, 2012",Album Track,Yes,
"0 OG File(s)
0 Full
0 Tagged
0 Partial
0 Snippet(s)
0 Unavailable",THE GHOST~POP TAPE,,,,,,
THE GHOST~POP TAPE,"⭐️ Black Materia [V1]
(01000111011001010110111001100101011100100110000101110100011010010110111101101110, Generation, Seven)","Single released onto YouTube on November 15th, 2012.",3:22,"Nov 15, 2012",Single,Yes,https://open.spotify.com/track/0HrNBVOZuDBLzBRQNNlmJm?si=70d39bc90a9741bd
THE GHOST~POP TAPE,Pu$$y #3 [V1],"Single version of Pu$$y #3, released onto YouTube on November 15th, 2012. Longer than the album version, with an alternate intro. Likely one of the original beats made for the rap version of what became THE GHOST~POP TAPE before it transitioned into an R&B album, after which it was shortened into an interlude.",2:31,"Nov 16, 2012",Single,No,
THE GHOST~POP TAPE,"Silver St. Cloud
(Pardon Me Michael (Demo), Pardon Me Michelle)","Single released onto Bandcamp & YouTube on January 12th, 2013, later used as the instrumental to ""Pardon Me Michael (Demo)"". Previewed in HTBAR 9 on May 4th, 2020.",2:40,"Jan 12, 2013",Single,No,https://pillows.su/f/1446f0ab795793031ff92ec32caf930f
THE GHOST~POP TAPE,"Call Me Maybe (多分) [V1]
(Call Me Maybe, Call Me Maybe (Happy Belated Valllie's Day!))","Single version of Call Me Maybe, released onto a special Bandcamp titled The Rockwood Escape Plan on February 18th, 2013. Was also released on SoundCloud as ""Call Me Maybe (Happy Belated Valllie's Day!)"". Includes an alternate intro & outro. The Bandcamp description simply reads: ""Dedicated to NOK"". Made or recorded in 2013, according to the Granola Records cassette release utilizing the OG files. Recorded in Devon's living room & mastered in his bathroom.",4:42,"Feb 18, 2013",Single,No,https://pillows.su/f/0526cb730af37b0c2278b8d72ffe5e72
THE GHOST~POP TAPE,"Sexy Boy [V1]
(HBK)","Single version of HBK, released onto the Rockwood Escape Plan Bandcamp page on February 28th, 2013. Includes an extended intro and some arrangement differences. This intro would later be used on the remastered versions of Heart Emoji and HBK. Made or recorded in 2012, according to the Granola Records cassette release utilizing the OG files. Recorded in Devon's bathroom & mastered in his living room.",3:45,"Feb 28, 2013",Single,No,https://pillows.su/f/291fcd92b6d520c3c057a2f23e0f1413
THE GHOST~POP TAPE,"⭐️ ODB / Piano Baby Medley
(ODB (Recorded Live @ Central Station), Piano Baby (Recorded Live @ Central Station))","Original versions of ""ODB"" and ""Piano Baby"", released on March 6th, 2013. Recorded live at Central Station Downtown in B-City on May 17th, 2012, although the ambience heard on the song is fake, meaning this wasn't a live performance. ODB is practically the same, while Piano Baby is extended. The transition between them is also different.",13:20,"Mar 6, 2013",Single,No,
THE GHOST~POP TAPE,"⭐️ Air Guitar / HBK [V2]
(♥, Heart Emoji, Sexy Boy)","Original versions of both ""♥"" and ""HBK"", released onto both his Tumblr and SoundCloud on March 24th, 2013. ""Air Guitar"" has new drums & a verse, while HBK has some added production & alternate mixing.",9:19,"Mar 24, 2013",Single,No,https://pillows.su/f/68a4aa15c60af8c89d403c6c146dd413
THE GHOST~POP TAPE,"Ballad of a Poor Man [V1]
(Circles)","Track 1 on the first version of THE GHOST~POP TAPE (GenY⁵) & the second version (GHOST~POP OST). Made or recorded in 2013, according to the Granola Records cassette release utilizing the OG files. Recorded in Devon's bathroom.",3:14,"Sep 3, 2013",Album Track,Yes,https://open.spotify.com/track/6dyGMvMkHmCSCN72LUxOCB?si=05759b2ec2eb4f25
THE GHOST~POP TAPE,"♥ [V2]
(Heart Emoji, Air Guitar)","Track 2 on the first version of THE GHOST~POP TAPE (GenY⁵) & the second version (GHOST~POP OST). Guitar is credited to Devon Hendryx's Mouth. Made or recorded in 2012, according to the Granola Records cassette release utilizing the OG files. Recorded at St. Charles (a church in Japan?).",1:27,"Sep 3, 2013",Album Track,Yes,https://open.spotify.com/track/4bCuRr79Ei4vAxgOhCQDRY?si=156f682207ac4fd4
THE GHOST~POP TAPE,"HBK [V3]
(Sexy Boy)","Track 3 on the first version of THE GHOST~POP TAPE (GenY⁵) & the second version (GHOST~POP OST), removes the intro from the demo version and has alternate mixing. Written by Jim Johnston.",2:59,"Sep 3, 2013",Album Track,No,
THE GHOST~POP TAPE,"""Violent fighting to come again!"" [V1]","Track 4 on the first version of THE GHOST~POP TAPE (GenY⁵) & the second version (GHOST~POP OST). Notably, this track does not appear in the credits for the album. Made or recorded in 2013, according to the Granola Records cassette release utilizing the OG files.",0:27,"Sep 3, 2013",Album Track,No,
THE GHOST~POP TAPE,⭐️ Behold! A Pale Horse [V1],"Track 5 on the first version of THE GHOST~POP TAPE (GenY⁵) & the second version (GHOST~POP OST). Notably, the credits for this song state: 

""CENSORED AS PER REQUEST OF NOK AND THE PG ERA"".

Made or recorded in 2013, according to the Granola Records cassette release utilizing the OG files. Recorded at St. Charles (a church in Japan?). According to Devon, this is one of the only remnants from the original rap vision of this project.",3:52,"Sep 3, 2013",Album Track,Yes,https://open.spotify.com/track/4WcLn2tAzZGbW7eVXOp0Aj?si=d871fd53415549ea
THE GHOST~POP TAPE,"M.U.G.E.N. [V1]
(Holocaust)","Track 6 on the first version of THE GHOST~POP TAPE (GenY⁵) & the second version (GHOST~POP OST). Notably, the credits for this song state: ""R.I.P REUBEN KEE AKA ""REU"" THANK YOU FOR DRAGONCLAW"". Made or recorded in 2013, according to the Granola Records cassette release utilizing the OG files. Recorded at St. Charles (a church in Japan?).",1:37,"Sep 3, 2013",Album Track,Yes,https://open.spotify.com/track/74qcn11HVrjckcaEClNOcO?si=fdd7bbaf99104371
THE GHOST~POP TAPE,"[Missingimagefile_ maladaptivedaydreaming.gif] [V1]
(Porn for Percussion, Porn for Percussion (Betamax Version))","Track 7 on the first version of THE GHOST~POP TAPE (GenY⁵) & the second version (GHOST~POP OST). The OST version of the album describes this track as the Acoustic version. This version is also found as a bonus track (Track 25) on the Expanded Edition of THE GHOST~POP TAPE. Recorded in Devon's shower, likely made in the same sessions as ""Max Payne (間奏)"".",2:34,"Sep 3, 2013",Album Track,No,
THE GHOST~POP TAPE,"Untitled¹ [V1]
(Neon Kitchen II)","Track 8 on the first version of THE GHOST~POP TAPE (GenY⁵) & the second version (GHOST~POP OST), technically a reworked version of ""Neon Kitchen II"". Credits list ""SHEWHOWEDONOTSPEAKOF"" for additional vocals. This shows up as being made or recorded in 2010, according to the Granola Records cassette release utilizing the OG files. Recorded at St. Charles (a church in Japan?).",0:52,"Sep 3, 2013",Album Track,No,https://open.spotify.com/track/1yKoaMifE91yYIdRB6ZXpk?si=5faa26f196764fb3
THE GHOST~POP TAPE,God Bless My Homegirls [V1],"Track 9 on the first version of THE GHOST~POP TAPE (GenY⁵) & the second version (GHOST~POP OST). Made or recorded in 2013, according to the Granola Records cassette release utilizing the OG files. Recorded at St. Charles (a church in Japan?).",5:21,"Sep 3, 2013",Album Track,Yes,https://open.spotify.com/track/2jUWuKNmsgOoi86ih2Ftgj?si=b4efac1028fb43a0
THE GHOST~POP TAPE,"Porn for Percussion [V1]
(What Do You Want, [Missingimagefile_ maladaptivedaydreaming.gif], Missing image file., Porn for Percussion (Betamax Version))","Track 10 on the first version of THE GHOST~POP TAPE (GenY⁵) & the second version (GHOST~POP OST). Made or recorded in 2013, according to the Granola Records cassette release utilizing the OG files. Recorded on SHEWHOWEDONOTSPEAKOF's lap.",2:13,"Sep 3, 2013",Album Track,No,
THE GHOST~POP TAPE,"Untitled² [V1]
(Unititled²)","Track 11 on the first version of THE GHOST~POP TAPE (GenY⁵) & the second version (GHOST~POP OST). Interpolates the chorus to Montebello High School Prom (hell yeah). Made or recorded in 2012, according to the Granola Records cassette release utilizing the OG files. Recorded in Devon's bedroom.",2:19,"Sep 3, 2013",Album Track,No,
THE GHOST~POP TAPE,"Neon Kitchen⁴ [V1]
(Neon Kitchen IV)","Track 12 on the first version of THE GHOST~POP TAPE (GenY⁵) & the second version (GHOST~POP OST). Made or recorded in 2013, according to the Granola Records cassette release utilizing the OG files. Recorded in Devon's shower.",5:01,"Sep 3, 2013",Album Track,Yes,https://open.spotify.com/track/0KWUvOljK6VixGHify6dJJ?si=89137e3b9d7a4ebf
THE GHOST~POP TAPE,Call Me Maybe [V2],"Track 13 on the first version of THE GHOST~POP TAPE (GenY⁵) & the second version (GHOST~POP OST), has a longer alternate outro and alternate mixing. Written by Carly Rae Jepsen, Josh Ramsey & Tavish Crowe. Keyboard is credited to Nijne (or Nijine).",6:04,"Sep 3, 2013",Album Track,Yes,https://open.spotify.com/track/008OWyeDjRiRoXCM5M3Jld?si=a43ec69a8bc14b04
THE GHOST~POP TAPE,Pu$$y #3 [V2],"Track 14 on the first version of THE GHOST~POP TAPE (GenY⁵) & the second version (GHOST~POP OST). Chorus is credited to ""!!"" (???). This shows up as being made or recorded in 2013, according to the Granola Records cassette release utilizing the OG files. Recorded in Devon's bedroom.",1:46,"Sep 3, 2013",Album Track,Yes,https://open.spotify.com/track/04SQWZExDSayI8Jq9tJ7ob?si=9df7bce64a624742
THE GHOST~POP TAPE,Bubblegum Crisis [V1],"Track 15 on the first version of THE GHOST~POP TAPE (GenY⁵) & the second version (GHOST~POP OST). Background vocals are credited to ""JJ"" (Probably the same guy mentioned on Deuce Komradz). Made or recorded in 2013, according to the Granola Records cassette release utilizing the OG files. Recorded at St. Charles (a church in Japan?).",3:33,"Sep 3, 2013",Album Track,No,
THE GHOST~POP TAPE,"⭐️ O Superman [V1]
(LIARA)","Track 16 on the first version of THE GHOST~POP TAPE (GenY⁵) & the second version (GHOST~POP OST). A reversed version of LIARA with new vocals & such. Made or recorded in 2013, according to the Granola Records cassette release utilizing the OG files. Recorded in Devon's living room.",2:11,"Sep 3, 2013",Album Track,Yes,https://open.spotify.com/track/4KscP56ajumx12kuz62Zrp?si=0da9e54018794606
THE GHOST~POP TAPE,⭐️ Untitled³ [V1],"Track 17 on the first version of THE GHOST~POP TAPE (GenY⁵) & the second version (GHOST~POP OST). Additional vocals is credited to ""some white girl at the library"". Recorded in Devon's bathroom (no way). Made or recorded in 2012, according to the Granola Records cassette release utilizing the OG files.",2:03,"Sep 3, 2013",Album Track,No,
THE GHOST~POP TAPE,"ODB (Recorded Live @ Central Station) [V2]
(ODB, ODB (Live @ Central Station))",Track 18 on the first version of THE GHOST~POP TAPE (GenY⁵) & the second version (GHOST~POP OST). This version removes the entire intro & no longer transitions into Piano Baby. Additional vocals is credited to Nok.,4:56,"Sep 3, 2013",Album Track,No,
THE GHOST~POP TAPE,"⭐️ Sakura [V1]
(✿)","Track 19 on the first version of THE GHOST~POP TAPE (GenY⁵) & the second version (GHOST~POP OST). Background vocals is credited to Nok, drums are credited to Devon Hendryx's mouth. Made or recorded in 2013, according to the Granola Records cassette release utilizing the OG files. Recorded in Devon's living room.",2:03,"Sep 3, 2013",Album Track,Yes,https://open.spotify.com/track/6tWE2OefH4yqE2swmf1OkC?si=b30dd10b104e4c06
THE GHOST~POP TAPE,"Black Materia [V2]
(Seven)","Track 20 on the first version of THE GHOST~POP TAPE (GenY⁵), has no vocals and has an alternate intro.",4:05,"Sep 3, 2013",Album Track,No,
THE GHOST~POP TAPE,"⭐️ HBK [V4]
(Sexy Boy, HBK FSharp CHROM)","Track 3 on the December 14th, 2013 version of THE GHOST~POP TAPE, has an alternate instrumentation and alternate mix.",2:58,"Dec 14, 2013",Album Track,Yes,https://open.spotify.com/track/0mQk6j4LmmL13FLyaIZ4FJ?si=5e7facd127614c7e
THE GHOST~POP TAPE,"""Violent fighting to come again!"" [V2]","Track 4 on the December 14th, 2013 version of THE GHOST~POP TAPE, has an alternate instrumentation and alternate mix. Such a small difference, it's barely noticable.",0:27,"Dec 14, 2013",Album Track,Yes,https://open.spotify.com/track/0sNWqhxTjl6f0XnH9OxmBP?si=706f8cc0b7b04e83
THE GHOST~POP TAPE,"⭐️ Porn for Percussion [V1]
([Missingimagefile_ maladaptivedaydreaming.gif], Porn for Percussion (VCR Version))","Track 7 on the December 14th, 2013 version of THE GHOST~POP TAPE, replaces the guitar-based version from previous copies with a fully produced version seen in the movie. The credits and metadata label this version as the ""VCR Version"". Made or recorded in 2013, according to the Granola Records cassette release utilizing the OG files.",3:14,"Dec 14, 2013",Album Track,Yes,https://open.spotify.com/track/3bDEXfUgxIOftGAAn0Ryqi?si=c054d901c81b4902
THE GHOST~POP TAPE,Untitled² [V2],"Track 11 on the December 14th, 2013 version of THE GHOST~POP TAPE, has kick drums at the end of the song.",2:19,"Dec 14, 2013",Album Track,No,
THE GHOST~POP TAPE,⭐️ Bubblegum Crisis [V2],"Track 15 on the December 14th, 2013 version of THE GHOST~POP TAPE, has a snippet of LIARA at the end.",3:57,"Dec 14, 2013",Album Track,Yes,https://open.spotify.com/track/0anUinfzF9vNYFoXTM6CnG?si=2dc1c1bce2104505
THE GHOST~POP TAPE,⭐️ LIARA [V1],"Track 16 on the December 14th, 2013 version of THE GHOST~POP TAPE. Additional vocals are credited to ""Liara T'soni"", a character from Mass Effect. Made or recorded in 2013, according to the Granola Records cassette release utilizing the OG files. Recorded in Devon's bedroom.",3:35,"Dec 14, 2013",Album Track,Yes,https://open.spotify.com/track/5VNuqrx2pbaNvewoLvJCdw?si=6529684f05de44b5
THE GHOST~POP TAPE,"O Superman [V2]
(LIARA)","Track 17 on the December 14th, 2013 version of THE GHOST~POP TAPE, removes the outro from Bubblegum Crisis.",2:10,"Dec 14, 2013",Album Track,No,
THE GHOST~POP TAPE,Untitled³ [V2],"Track 18 on the December 14th, 2013 version of THE GHOST~POP TAPE, has a longer outro.",2:20,"Dec 14, 2013",Album Track,No,
THE GHOST~POP TAPE,"ODB (Recorded Live @ Central Station) [V3]
(ODB, ODB (Live @ Central Station))","Track 19 on the December 14th, 2013 version of THE GHOST~POP TAPE, readds the crowd intro from the medley, but is shorter.",5:11,"Dec 14, 2013",Album Track,No,
THE GHOST~POP TAPE,"Untitled¹ [V2]
(Neon Kitchen II)","Track 8 on the March 21st, 2014 version of THE GHOST~POP TAPE, adds back a portion of the intro that was heard on the Betamax Porn for Percussion.",0:53,"Mar 21, 2014",Album Track,Yes,
THE GHOST~POP TAPE,"⭐️ [Missingimagefile_ maladaptivedaydreaming.gif] [V2]
(What Do You Want, Missing image file., Porn for Percussion (Betamax Version))","Track 10 on the March 21st, 2014 version of THE GHOST~POP TAPE, removes the additional vocals near the beginning.",2:13,"Mar 21, 2014",Album Track,Yes,https://open.spotify.com/track/33JZyMGRoxSsSS95LtdkXd?si=31467b1011184c69
THE GHOST~POP TAPE,⭐️ Untitled² [V2],"Track 11 on the March 21st, 2014 version of THE GHOST~POP TAPE, no longer changes keys on the drop and has different kicks. Is also slightly shorter.",2:06,"Mar 21, 2014",Album Track,Yes,https://open.spotify.com/track/5giwJQyRx9cjLFgYR8Co0H?si=cc59c3c55e4c41bf
THE GHOST~POP TAPE,"O Superman [V3]
(LIARA)","Track 17 on the March 21st, 2014 version of THE GHOST~POP TAPE, has a longer outro.",2:21,"Mar 21, 2014",Album Track,Yes,
THE GHOST~POP TAPE,Untitled³ [V3],"Track 18 on the March 21st, 2014 version of THE GHOST~POP TAPE, includes a long period of silence at the end, followed by multiple text-to-speech voices saying ""The ghost pop tape is over"".",2:53,"Mar 21, 2014",Album Track,No,
THE GHOST~POP TAPE,"ODB (Recorded Live @ Central Station) [V4]
(ODB, ODB (Live @ Central Station))","Track 1 on Disc 2 of the March 21st, 2014 version of THE GHOST~POP TAPE, has a crowd intro identical to the medley version, including the talking. This song, alongside Sakura, were taken off of the main tracklist and made into bonus tracks.",5:41,"Mar 21, 2014",Album Track,No,
THE GHOST~POP TAPE,"🏆 ♥ [V3]
(Heart Emoji, Air Guitar)","Ben Yuddha version of ""♥"" that was hosted on the Bandcamp page, listed as track 1 on THE GHOST~POP TAPE alongside GOD.",2:08,"Mar 22, 2014",Other,No,https://web.archive.org/web/20140328165610/http://benyuddha.bandcamp.com/track/-
THE GHOST~POP TAPE,🏆 AJ Lee,"Unknown song found on the Ben Yuddha Bandcamp page, but wasn't on the album. When Zen Dash was asked about the Ben Yuddha songs, he remarks that both GOD & AJ Lee might've been previously released songs, he also says that this is likely an old song under a new name (take this with a grain of salt, it's been a decade). No link or spot on the Bandcamp feed has been found.
Song description: 私はあなたがajを愛して",,,Other,No,
THE GHOST~POP TAPE,"🏆 Ballad of A Poor Man [V2]
(Circles)","Ben Yuddha version of ""Ballad of A Poor Man"" that was hosted on the Bandcamp page, differences unknown. Not on the album copy.",,,Other,No,
THE GHOST~POP TAPE,🏆 Behold! A Pale Horse [V2],"Ben Yuddha version of ""Behold! A Pale Horse"" that was hosted on the Bandcamp page, differences unknown. Track 4 on this version of THE GHOST~POP TAPE.",,"Mar 22, 2014",Other,No,
THE GHOST~POP TAPE,🏆 Bubblegum Crisis [V3],"Ben Yuddha version of ""Bubblegum Crisis"" that was hosted on the Bandcamp page. This version is likely a version without the LIARA outro. Track 14 on this version of THE GHOST~POP TAPE.",3:48,"Mar 22, 2014",Other,No,https://web.archive.org/web/20140328165610/http://benyuddha.bandcamp.com/track/bubblegum-crisis
THE GHOST~POP TAPE,🏆 Call Me Maybe [V3],"Ben Yuddha version of ""Call Me Maybe"" that was hosted on the Bandcamp page. Track 12 on this version of THE GHOST~POP TAPE.",6:54,"Mar 22, 2014",Other,No,https://web.archive.org/web/20140328165610/http://benyuddha.bandcamp.com/track/call-me-maybe
THE GHOST~POP TAPE,🏆 GOD,"Song found on the Ben Yuddha Bandcamp page, listed as track 1 on THE GHOST~POP TAPE alongside ♥. When Zen Dash was asked about the Ben Yuddha songs, he remarks that both GOD & AJ Lee might've been previously released songs, which means this is most likely the same as the one released onto YouTube. Only the cover survived.
Song description: 神神神神神神",,"Mar 23, 2014",Other,No,
THE GHOST~POP TAPE,🏆 God Bless My Homegirls [V2],"Ben Yuddha version of ""God Bless My Homegirls"" that was hosted on the Bandcamp page, differences unknown. Track 8 on this version of THE GHOST~POP TAPE.",,"Mar 22, 2014",Other,No,
THE GHOST~POP TAPE,🏆 HBK [V5],"Ben Yuddha version of ""HBK"" that was hosted on the Bandcamp page. Track 2 on this version of THE GHOST~POP TAPE, is most likely different as the lyrics are slightly different to the released.",3:26,"Mar 22, 2014",Other,No,https://web.archive.org/web/20140328165610/http://benyuddha.bandcamp.com/track/hbk
THE GHOST~POP TAPE,🏆 LIARA [V2],"Ben Yuddha version of ""LIARA"" that was hosted on the Bandcamp page, differences unknown. Track 15 on this version of THE GHOST~POP TAPE.",,"Mar 22, 2014",Other,No,
THE GHOST~POP TAPE,"🏆 M.U.G.E.N. [V2]
(Holocaust)","Ben Yuddha version of ""M.U.G.E.N."" that was hosted on the Bandcamp page, differences unknown. Track 5 on this version of THE GHOST~POP TAPE.",,"Mar 22, 2014",Other,No,
THE GHOST~POP TAPE,"🏆 Neon Kitchen [V2]
(Neon Kitchen⁴, Neon Kitchen IV)","Ben Yuddha version of ""Neon Kitchen"" that was hosted on the Bandcamp page, differences unknown. Track 11 on this version of THE GHOST~POP TAPE.",,"Mar 22, 2014",Other,No,
THE GHOST~POP TAPE,🏆 O Superman [V4],"Ben Yuddha version of ""O Superman"" that was hosted on the Bandcamp page, differences unknown. Track 16 on this version of THE GHOST~POP TAPE.",,"Mar 22, 2014",Other,No,
THE GHOST~POP TAPE,🏆 ODB (Recorded Live @ Central Station) [V5],"Ben Yuddha version of ""ODB"" that was hosted on the Bandcamp page. From what can be gathered using inspect element, the song was uploaded on March 22nd, 2014. Track 19 on this version of THE GHOST~POP TAPE.",6:10,"Mar 22, 2014",Other,No,https://web.archive.org/web/20140327074653/http://benyuddha.bandcamp.com/track/odb-live-central-station
THE GHOST~POP TAPE,🏆 Pizzicato Five [V2],"Ben Yuddha version of ""Pizzicato Five"" that was hosted on the Bandcamp page, differences unknown. Track 21 on this version of THE GHOST~POP TAPE.",,"Mar 22, 2014",Other,No,
THE GHOST~POP TAPE,"🏆 Porn for Percussion (Betamax Version) [V3]
(What Do You Want, [Missingimagefile_ maladaptivedaydreaming.gif], Missing image file.)","Ben Yuddha version of ""[Missingimagefile_ maladaptivedaydreaming.gif]"" hosted on the Bandcamp page, not the acoustic version of ""Porn for Percussion"". Track 6 on this version of THE GHOST~POP TAPE.",3:09,"Mar 22, 2014",Other,No,
THE GHOST~POP TAPE,🏆 Porn for Percussion (VCR Version) [V2],"Ben Yuddha version of ""Porn for Percussion"" that was hosted on the Bandcamp page, differences unknown. Track 9 on this version of THE GHOST~POP TAPE.",,"Mar 22, 2014",Other,No,
THE GHOST~POP TAPE,🏆 Pu$$y #3 [V3],"Ben Yuddha version of ""Pu$$y #3"" that was hosted on the Bandcamp page, differences unknown. Track 13 on this version of THE GHOST~POP TAPE.",,"Mar 22, 2014",Other,No,
THE GHOST~POP TAPE,"🏆 Sakura [V2]
(✿)","Ben Yuddha version of ""Sakura"" that was hosted on the Bandcamp page, differences unknown. Track 20 on this version of THE GHOST~POP TAPE.",,"Mar 22, 2014",Other,No,
THE GHOST~POP TAPE,🏆 Untitled¹ [V3],"Ben Yuddha version of ""Untitled¹"" that was hosted on the Bandcamp page, differences unknown. Track 7 on this version of THE GHOST~POP TAPE.",,"Mar 22, 2014",Other,No,
THE GHOST~POP TAPE,"🏆 Unititled² [V3]
(Untitled²)","Ben Yuddha version of ""Unititled²"" that was hosted on the Bandcamp page, differences unknown. Track 10 on this version of THE GHOST~POP TAPE.",,"Mar 22, 2014",Other,No,
THE GHOST~POP TAPE,🏆 Untitled³ [V4],"Ben Yuddha version of ""Untitled³"" that was hosted on the Bandcamp page. Track 17 on this version of THE GHOST~POP TAPE.",2:38,"Mar 22, 2014",Other,No,https://web.archive.org/web/20140328165610/http://benyuddha.bandcamp.com/track/untitled-2
THE GHOST~POP TAPE,"🏆 ""Violent fighting to come again!"" [V3]","Ben Yuddha version of ""Violent fighting to come again!"" that was hosted on the Bandcamp page, differences unknown. Not on the album copy.",,,Other,No,
THE GHOST~POP TAPE,"✨ Piano Baby (Live @ Central Station) [V3]
(Piano Baby, Piano Baby (Recorded Live @ Central Station))","Track 20 on a cassette release of THE GHOST~POP TAPE & the expanded edition. Has a completely new intro, but is way shorter than the medley version. Made in 2013, according to the Granola Records cassette release utilizing the OG files.",6:45,,Album Track,Yes,https://open.spotify.com/track/5hf7oJYpYra6pdMgfYFH9G?si=71825f22bebe4684
THE GHOST~POP TAPE,"✨ Pardon Me Michelle
(Pardon Me Michael, Silver St. Cloud)","Track 22 on a cassette release of THE GHOST~POP TAPE & the expanded edition. Uses ""Silver St. Cloud"" as the instrumental. On the cassette release, the date shown is April 11th, 2015 at 04:54:33 AM. This is likely just the date the song was bounced for this release. Renamed to ""Pardon Me Michael"" on the expanded edition, reasons unknown.",2:21,,Album Track,No,https://pillows.su/f/8397ad5329a9e7fd9d2393fe8994b9ca
THE GHOST~POP TAPE,Untitled³ [V4],"Track 18 on the expanded edition of THE GHOST~POP TAPE, no longer includes the text-to-speech outro and simply ends after silence.",2:38,"Dec 31, 2019",Album Track,Yes,https://open.spotify.com/track/7n38gkX3EkK2tANCEl4ksR?si=90dc47469b6d4063
THE GHOST~POP TAPE,"ODB (Live @ Central Station) [V6]
(ODB, ODB (Recorded Live @ Central Station))","Track 19 on the expanded edition of THE GHOST~POP TAPE. This version features extremely loud crackling for seemingly no reason, no other release of the song sounded like this and it has not yet been fixed.",5:43,"Dec 31, 2019",Album Track,Yes,https://open.spotify.com/track/5vihK4M9Of8zu4NOZvohxZ?si=777d886e1f9942d3
THE GHOST~POP TAPE,"Pizzicato Five [V3]
(Pizzicato Five 愛)","Track 23 on the expanded edition of THE GHOST~POP TAPE, has alternate mixing & an alternate outro.",5:01,"Dec 31, 2019",Album Track,Yes,https://open.spotify.com/track/04MnzrzQKFiGLJVqD61Wu1?si=83089793b625438f
THE GHOST~POP TAPE,"BBTG (2011 Demo) [V1]
(babybeamerboy, mariah test rehearsal 1, BabyBitchTearGas, BasicBitchTearGas, living single)","Track 24 on the expanded edition of THE GHOST~POP TAPE, a cover of ""No Scrubs"" by TLC. Their song would later be covered again by Peggy on ""BasicBitchTearGas"" off of All My Heroes Are Cornballs.",3:17,"Dec 31, 2019",Album Track,No,https://pillows.su/f/317767b11f66b0361019a1eb9a0d2f5b
THE GHOST~POP TAPE,"Porn for Percussion (Betamax Version) [V2]
(Porn for Percussion)","Track 25 on the expanded edition of THE GHOST~POP TAPE. This version has an alternate intro that was seemingly cut off from the regular version, as well as a shorter outro. This version was originally combined with the VCR version in a cassette release.",2:34,"Dec 31, 2019",Album Track,No,
THE GHOST~POP TAPE,"Ballad of a Poor Man [V3]
(Circles)","Track 1 on the remastered version of THE GHOST~POP TAPE, higher in pitch, has alternate mixing and a Bubblegum Crisis sample on the outro.",3:20,"Oct 23, 2023",Album Track,Yes,https://open.spotify.com/track/2mscQv4sotZ8ANbnLSzKA5?si=c1014630ebde489d
THE GHOST~POP TAPE,"♥ [V4]
(Heart Emoji, Air Guitar)","Track 2 on the remastered version of THE GHOST~POP TAPE, no longer has vocals, has been brought back to its ""original key"" as heard in the Air Guitar demo, has an odd static sound in the beginning & has alternate mixing. Uses the orginal intro for ""Sexy Boy"" to transition to HBK.",1:47,"Oct 23, 2023",Album Track,Yes,https://open.spotify.com/track/5EojV2v02QyVmzjwxhQ9CE?si=590ca6d2c019417c
THE GHOST~POP TAPE,"🗑️ HBK [V6]
(Sexy Boy)","Track 3 on the remastered version of THE GHOST~POP TAPE, higher in pitch, faster, & has alternate mixing.",2:55,"Oct 23, 2023",Album Track,Yes,https://open.spotify.com/track/4gyTOmui6bcnySUfrokZW5?si=64d38aae84eb4bd5
THE GHOST~POP TAPE,"""Violent fighting to come again!"" [V4]","Track 4 on the remastered version of THE GHOST~POP TAPE, higher in pitch, faster, & has alternate mixing. Most pointless remaster",0:27,"Oct 23, 2023",Album Track,Yes,https://open.spotify.com/track/1O6VExtMcmUgL14zeRnmIq?si=9cb29ed6a8044665
THE GHOST~POP TAPE,Behold! A Pale Horse [V3],"Track 5 on the remastered version of THE GHOST~POP TAPE, faster, had a sample removed, less reverb, has a weird mixing after-effect, swaps out the hi-hats, has weird looping sample in the right ear, has the screaming vocals removed, most Devon adlibs, & has alternate mixing. Also anything that isnt the beat or Devon's main vocals are panned left or right.",4:00,"Oct 23, 2023",Album Track,Yes,https://open.spotify.com/track/3q9kbBA5mHb9q9Ukidh354?si=801bf7d001ee4ef7
THE GHOST~POP TAPE,"M.U.G.E.N. [V3]
(Holocaust)","Track 6 on the remastered version of THE GHOST~POP TAPE, slightly faster, extended, has no vocals, & has alternate mixing.",3:31,"Oct 23, 2023",Album Track,Yes,https://open.spotify.com/track/7dbu8jqVpArDgsBVPvbCBu?si=e9ad8c043b4744b9
THE GHOST~POP TAPE,"🗑️ Porn for Percussion [V3]
(Porn for Percussion (VCR Version))","Track 7 on the remastered version of THE GHOST~POP TAPE, is faster and longer, has the choir sample near the end now cut off, & has a shittier mix, the vocals are also mixed terribly.",3:29,"Oct 23, 2023",Album Track,Yes,https://open.spotify.com/track/6ocrLIIDqk40gYjV0HYbfQ?si=7cbb011938744bc7
THE GHOST~POP TAPE,"Untitled¹ [V4]
(Neon Kitchen II)","Track 8 on the remastered version of THE GHOST~POP TAPE, no longer has vocals, is pitched and sped up, & has alternate mixing. Basically just the instrumental to Neon Kitchen II now.",1:03,"Oct 23, 2023",Album Track,Yes,https://open.spotify.com/track/383oBvX7zgEYAfu69yoEnI?si=3cb2ef74cb4f4c65
THE GHOST~POP TAPE,"🗑️ God Bless My Homegirls [V3]
([Missingimagefile_ maladaptivedaydreaming.gif] [V4], Missing image file)","Track 9 on the remastered version of THE GHOST~POP TAPE, slightly faster, has no reverb, removes Devon adlibs and background vocals & has alternate mixing. The songs ""God Bless My Homegirls"" & ""[Missingimagefile_ maladaptivedaydreaming.gif]"" have been combined in this version for whatever reason.",7:25,"Oct 23, 2023",Album Track,Yes,https://open.spotify.com/track/5U3Mx9tiDvVteyWyMkw7nu?si=cc3fdfc70b6142e1
THE GHOST~POP TAPE,Untitled² [V4],"Track 10 on the remastered version of THE GHOST~POP TAPE, slightly faster, uses the OG snare, removes some vocals near the end, contains the same wrestling match sample as Call Me Maybe, & has alternate mixing.Transitions to Call Me Maybe cause Peggy took off Neon Kitchen IV cause he's dumb.",2:13,"Oct 23, 2023",Album Track,Yes,https://open.spotify.com/track/2PAPTJCz3heiPAhg3Peva3?si=0a262abccffe472d
THE GHOST~POP TAPE,Call Me Maybe [V4],"Track 11 on the remastered version of THE GHOST~POP TAPE, pitched up during the first half, removes the whistling section, & has alternate mixing.",5:24,"Oct 23, 2023",Album Track,Yes,https://open.spotify.com/track/4M6vfIUpM08O8sHJp5AsRd?si=0eb8350fbc1f4dd3
THE GHOST~POP TAPE,Pu$$y #3 [V4],"Track 12 on the remastered version of THE GHOST~POP TAPE, slightly faster, & has alternate mixing.",1:45,"Oct 23, 2023",Album Track,Yes,https://open.spotify.com/track/20i5rj4SJedH59DQbxjPN3?si=4c86dddfd00f4500
THE GHOST~POP TAPE,"🗑️ Bubblgum Crisis [V4]
(Bubblegum Crisis)","Track 13 on the remastered version of THE GHOST~POP TAPE, no longer has most of its moaning adlibs, removes the LIARA snippet at the end, removes all of its reverb, & has alternate mixing. On the Bandcamp release, the title has a typo on the bandcamp version.
(stupid peggy)",3:38,"Oct 23, 2023",Album Track,Yes,https://open.spotify.com/track/4JMUnfUJb0gSA5H0utN46M?si=0bf0832295a04fe3
THE GHOST~POP TAPE,🗑️ LIARA [V3],"Track 14 on the remastered version of THE GHOST~POP TAPE, slightly faster, has had some of its Mass Effect samples removed, & has alternate mixing that is dogshit.",3:25,"Oct 23, 2023",Album Track,Yes,https://open.spotify.com/track/5Pdx9Dv73RSO9MLW2YSTrp?si=43e8e290ff1247dd
THE GHOST~POP TAPE,O Superman [V5],"Track 15 on the remastered version of THE GHOST~POP TAPE, has alternate mixing (that's really it haha).",2:12,"Oct 23, 2023",Album Track,Yes,https://open.spotify.com/track/40KG2FQeBh6yzdyi5OBSbb?si=91272c53825b415c
THE GHOST~POP TAPE,🗑️ Untitled³ [V5],"Track 16 on the remastered version of THE GHOST~POP TAPE, has had a sample removed, removes the Devon vocals within the song, features a gunshot sound at the drop, new text-to-speech voices have been added to the end, & has alternate mixing.",2:30,"Oct 23, 2023",Album Track,Yes,https://open.spotify.com/track/6HEHzEaRfJYhYVBvxWPHBa?si=0d9ea750302f46c6
THE GHOST~POP TAPE,"✨ Sakura [V3]
(✿)","Track 17 on the remastered version of THE GHOST~POP TAPE, has a slightly different drum pattern, its outro monologue is much clearer, panned vox, significantly longer, & has alternate mixing.",2:47,"Oct 23, 2023",Album Track,Yes,https://open.spotify.com/track/6ietERuOyR0o6tjgy1RJf1?si=e7de0dc91b834f4e
THE GHOST~POP TAPE,"✨ Akello Light - FYyyAH (Demo)
(feat. Devon Hendryx) (prod. Kutmah)","Really obscure feature throwaway released on January 1st, 2013, but likely recorded sometime in early 2012. Found in the dump of an old Bandcamp API & leaked on January 18th, 2024.",1:00,"Jan 1, 2013",Feature,No,"https://youtu.be/aAqvDz-2IBo
https://akellolight9-disabled-410157153.bandcamp.com/track/fyyyah-demo-feat-devon-hendryx-beat-by-kutmah-2"
THE GHOST~POP TAPE,"Akello Light - Humans Reflect Quilphoth
(prod. Devon Hendryx)
(Silver St. Cloud)","Track from Akello Light's album, Green Tea Mint 6: Libations & Healing. Uses the Silver St. Cloud instrumental.",2:04,"Jul 23, 2013",Production,No,
THE GHOST~POP TAPE,"Bomba Lacryma - He Gets Down on Me
(prod. Devon Hendryx)
(Pu$$y #3)","Bomba Lacryma song released on August 19th, 2013 at 12:03 PM. Later renamed on SoundCloud to reflect Peggy's name change. Zen Dash did better.",2:34,"Aug 19, 2013",Production,No,https://www.soundcloud.com/lisasign/he-gets-down-on-me-beat-by
THE GHOST~POP TAPE,"Sula Bay - Four Pm
(prod. Devon Hendryx)
(Untitled²)","Track 2 on the Odabo EP by Sula Bay, later released as a single on March 17th, 2014 by INVERTED AUDIO. Beat was given to Sula by Devon himself, alongside a bunch more beats.",4:54,"Mar 17, 2014",Production,No,https://soundcloud.com/inverted-audio/four-pm-ft-ben-yuddha
"0 OG File(s)
0 Full
0 Tagged
0 Partial
0 Snippet(s)
0 Unavailable",Communist Slow Jams,,,,,,
Communist Slow Jams,⭐️ stoop [V1],"Track 1 on Communist Slow Jams. Has way louder bass, a slightly different outro, and alternate beat pauses.",2:12,"Apr 6, 2015",Album Track,No,
Communist Slow Jams,⭐️ i used to be into dope [V1],"Track 2 on Communist Slow Jams. Song starts slightly later after the TTS voice, way less compressed, and beat ends a lot later than later versions.",2:59,"Apr 6, 2015",Album Track,No,
Communist Slow Jams,⭐️ polly [V1],Track 3 on Communist Slow Jams.,4:10,"Apr 6, 2015",Album Track,No,
Communist Slow Jams,⭐️ wavves [V1],Track 4 on Communist Slow Jams.,3:16,"Apr 6, 2015",Album Track,No,
Communist Slow Jams,sweet dreams fuccboi [V1],Track 5 on Communist Slow Jams.,1:33,"Apr 6, 2015",Album Track,No,
Communist Slow Jams,reaper [V1],Track 6 on Communist Slow Jams.,1:15,"Apr 6, 2015",Album Track,No,
Communist Slow Jams,#newblack PSA [V1],Track 7 on Communist Slow Jams.,1:10,"Apr 6, 2015",Album Track,No,
Communist Slow Jams,pimps [V1],Track 8 on Communist Slow Jams.,3:01,"Apr 6, 2015",Album Track,No,
Communist Slow Jams,once they build a starbucks its ova [V1],Track 9 on Communist Slow Jams.,1:25,"Apr 6, 2015",Album Track,No,
Communist Slow Jams,⭐️ i'll never forgive hipsters for what they did to brooklyn [V1],Track 10 on Communist Slow Jams.,2:35,"Apr 6, 2015",Album Track,No,
Communist Slow Jams,swirl [V1],Track 11 on Communist Slow Jams.,1:35,"Apr 6, 2015",Album Track,No,
Communist Slow Jams,rape culture [V1],Track 12 on Communist Slow Jams.,2:51,"Apr 6, 2015",Album Track,No,
Communist Slow Jams,"japan [V1]
(feat. beyork)",Track 13 on Communist Slow Jams.,3:09,"Apr 6, 2015",Album Track,No,
Communist Slow Jams,✨ bitcoin assassination [V1],Track 14 on Communist Slow Jams.,1:47,"Apr 6, 2015",Album Track,No,
Communist Slow Jams,r.i.p ismaaiyl brinsley [V1],Track 15 on Communist Slow Jams.,0:10,"Apr 6, 2015",Album Track,No,
Communist Slow Jams,🗑️ mothers milk [V1],Track 16 on Communist Slow Jams. Has a completely different snare and less SFX. Overall just a terrible mix.,3:02,"Apr 6, 2015",Album Track,No,
Communist Slow Jams,lemmy [V1],"Track 17 on Communist Slow Jams. Interpolates Operation: Kill Stormfront, and also expands on that songs idea as a whole.",3:03,"Apr 6, 2015",Album Track,No,
Communist Slow Jams,@darkskinmanson [V1],Track 18 on Communist Slow Jams.,3:02,"Apr 6, 2015",Album Track,No,
Communist Slow Jams,"⭐️ tella swiff (shoot up da charts)
(feat. Enso Sinatra)",Track 19 on Communist Slow Jams.,3:07,"Apr 6, 2015",Album Track,No,
Communist Slow Jams,police brutality [V1],Track 20 on Communist Slow Jams.,3:25,"Apr 6, 2015",Album Track,No,
Communist Slow Jams,⭐️ prejudice musical,Track 21 on Communist Slow Jams.,2:12,"Apr 6, 2015",Album Track,No,
Communist Slow Jams,quarter life crisis,Track 22 on Communist Slow Jams.,3:33,"Apr 6, 2015",Album Track,No,
Communist Slow Jams,thot jesus,Track 23 on Communist Slow Jams.,1:38,"Apr 6, 2015",Album Track,No,
Communist Slow Jams,"show
(feat. Lawna Dell Rae)",Track 24 on Communist Slow Jams.,3:23,"Apr 6, 2015",Album Track,No,
Communist Slow Jams,police & niggaz (interlude) [V1],Track 25 on Communist Slow Jams.,0:46,"Apr 6, 2015",Album Track,No,
Communist Slow Jams,police & niggaz [V1],Track 26 on Communist Slow Jams.,3:18,"Apr 6, 2015",Album Track,No,
Communist Slow Jams,lee daniels freestyle [V1],Track 27 on Communist Slow Jams.,3:33,"Apr 6, 2015",Album Track,No,
Communist Slow Jams,⭐️ the last of us [V1],Track 28 on Communist Slow Jams.,2:15,"Apr 6, 2015",Album Track,No,
Communist Slow Jams,Zoe Saldana,Track 21 on the director's cut of Communist Slow Jams.,3:35,"Jul 8, 2015",Album Track,No,
Communist Slow Jams,I Wish PAC Was Still Here,Track 23 on the director's cut of Communist Slow Jams.,3:07,"Jul 8, 2015",Album Track,No,
Communist Slow Jams,⭐️ Stoop [V2],Track 1 on Communist Slow Jams.,2:12,"Oct 23, 2019",Album Track,No,
Communist Slow Jams,⭐️ I Used To Be Into Dope [V2],Track 2 on Communist Slow Jams.,2:59,"Oct 23, 2019",Album Track,No,
Communist Slow Jams,⭐️ Polly [V2],Track 3 on Communist Slow Jams.,4:10,"Oct 23, 2019",Album Track,No,
Communist Slow Jams,⭐️ Wavves [V2],Track 4 on Communist Slow Jams.,3:16,"Oct 23, 2019",Album Track,No,
Communist Slow Jams,⭐️ Sweet Dreams Fuccboi [V2],Track 5 on Communist Slow Jams.,1:33,"Oct 23, 2019",Album Track,No,
Communist Slow Jams,Reaper [V2],Track 6 on Communist Slow Jams.,1:15,"Oct 23, 2019",Album Track,No,
Communist Slow Jams,#Newblack PSA [V2],Track 7 on Communist Slow Jams.,1:10,"Oct 23, 2019",Album Track,No,
Communist Slow Jams,Pimps [V2],Track 8 on Communist Slow Jams.,3:01,"Oct 23, 2019",Album Track,No,
Communist Slow Jams,Once They Build a Starbucks It’s Ova [V2],Track 9 on Communist Slow Jams.,1:25,"Oct 23, 2019",Album Track,No,
Communist Slow Jams,⭐️ I’ll Never Forgive Hipsters For What They Did To Brooklyn [V2],Track 10 on Communist Slow Jams.,2:35,"Oct 23, 2019",Album Track,No,
Communist Slow Jams,Swirl [V2],Track 11 on Communist Slow Jams.,1:22,"Oct 23, 2019",Album Track,No,
Communist Slow Jams,Rape Culture [V2],Track 12 on Communist Slow Jams.,2:51,"Oct 23, 2019",Album Track,No,
Communist Slow Jams,"⭐️ Japan [V2]
(feat. beyork)",Track 13 on Communist Slow Jams.,3:09,"Oct 23, 2019",Album Track,No,
Communist Slow Jams,⭐️ Bitcoin Assassination [V2],Track 14 on Communist Slow Jams.,1:47,"Oct 23, 2019",Album Track,No,
Communist Slow Jams,R.I.P. Ismaaiyl Brinsley [V2],Track 15 on Communist Slow Jams.,0:10,"Oct 23, 2019",Album Track,No,
Communist Slow Jams,✨ Mothers Milk [V2],Track 16 on Communist Slow Jams.,3:02,"Oct 23, 2019",Album Track,No,
Communist Slow Jams,Lemmy [V2],Track 17 on Communist Slow Jams.,3:03,"Oct 23, 2019",Album Track,No,
Communist Slow Jams,⭐️ @darkskinmanson [V2],Track 18 on Communist Slow Jams.,3:02,"Oct 23, 2019",Album Track,No,
Communist Slow Jams,Police & Niggaz Interlude [V2],Track 19 on Communist Slow Jams.,0:46,"Oct 23, 2019",Album Track,No,
Communist Slow Jams,⭐️ Police & Niggaz [V2],Track 20 on Communist Slow Jams.,3:18,"Oct 23, 2019",Album Track,No,
Communist Slow Jams,Lee Daniels Freestyle [V2],Track 21 on Communist Slow Jams.,3:33,"Oct 23, 2019",Album Track,No,
Communist Slow Jams,⭐️ The Last of Us [V2],Track 22 on Communist Slow Jams.,2:15,"Oct 23, 2019",Album Track,No,
Communist Slow Jams,wu tang freestyle i made dis shit like 2 seconds ago & i ain't even mix it so whatever,Throwaway released on SoundCloud.,2:08,"May 24, 2015",Other,No,
Communist Slow Jams,⭐️ Kid Rock Freestyle 2014,"Freestyle advertised to be from 2014. Was initially uploaded on June 10th, 2016 as a standalone single. Sometime in October of 2017, the song was uploaded to the Darkskin Manson mixtape shortly before it got remastered into an EP. The video was later unlisted from his YouTube channel. You can find the original YouTube upload here.",2:41,"Jun 10, 2016",Single,No,https://pillows.su/f/3ccfbc981f3b639054b8c86bc94bb7fd
"0 OG File(s)
0 Full
0 Tagged
0 Partial
0 Snippet(s)
0 Unavailable",Darkskin Manson,,,,,,
Darkskin Manson,⭐️ Mask on the Masters,Track 1 on Darkskin Manson & track 1 on the Darkskin Manson EP.,3:17,"May 15, 2015",Album Track,No,
Darkskin Manson,"⭐️ Beautiful Pussy
(Beautiful Pu$$y)",Track 2 on Darkskin Manson & track 2 on the Darkskin Manson EP.,3:19,"May 15, 2015",Album Track,No,
Darkskin Manson,Cops are the Target Interlude,Track 3 on Darkskin Manson & track 3 on the Darkskin Manson EP.,1:23,"May 15, 2015",Album Track,No,
Darkskin Manson,⭐️ Cops are the Target,Track 4 on Darkskin Manson & track 4 on the Darkskin Manson EP.,3:03,"May 15, 2015",Album Track,No,
Darkskin Manson,⭐️ Ham Sammich,Track 5 on Darkskin Manson.,3:29,"May 15, 2015",Album Track,No,
Darkskin Manson,Flexxx,Track 6 on Darkskin Manson & track 5 on the Darkskin Manson EP.,3:37,"May 15, 2015",Album Track,No,
Darkskin Manson,Who Shot Me?,Track 7 on Darkskin Manson.,1:26,"May 15, 2015",Album Track,No,
Darkskin Manson,Get Off My Dick & Tell Yo Bitch To Come Here,Track 8 on Darkskin Manson.,2:00,"May 15, 2015",Album Track,No,
Darkskin Manson,MC Ride Just Got His Reparations,Track 9 on Darkskin Manson.,2:19,"May 15, 2015",Album Track,No,
Darkskin Manson,I Wipe My Ass With Confederate Flags,Track 10 on Darkskin Manson & track 6 on the Darkskin Manson EP.,1:05,"May 15, 2015",Album Track,No,
Darkskin Manson,"⭐️ Robitussin
(feat. :3LON)",Track 11 on Darkskin Manson. Samples various Metal Gear Solid 3 voice lines.,2:55,"May 15, 2015",Album Track,No,
Darkskin Manson,Tori Amos,Track 12 on Darkskin Manson.,1:29,"May 15, 2015",Album Track,No,
Darkskin Manson,⭐️ I Get So Lonely Without My Gat / A Different World / Space To Destroy,Track 13 on Darkskin Manson.,4:41,"May 15, 2015",Album Track,No,
Darkskin Manson,⭐️ Stephanie Rawlings-Blake,Track 14 on Darkskin Manson.,3:53,"May 15, 2015",Album Track,No,
Darkskin Manson,"⭐️ BANG (Ode to Chief Keef) [V2]
(BANG, Ode to Chief Keef)","Track 15 on Darkskin Manson, a cover of ""Bang"" by Chief Keef.",2:20,"May 15, 2015",Album Track,No,
Darkskin Manson,"[hidden]
(VHS)",A hidden track / bonus track from the Darkskin Manson EP.,1:50,"May 15, 2015",Album Track,No,
"0 OG File(s)
0 Full
0 Tagged
0 Partial
0 Snippet(s)
0 Unavailable",The Wolf Returns,,,,,,
The Wolf Returns,OR7 Clip,Track 1 off of The Wolf Returns. The only decent-ish song to come out of this EP.,1:47,"Feb 15, 2016",Album Track,No,
The Wolf Returns,🗑️ Dark Wolf Prelude,Track 2 off of The Wolf Returns,0:59,"Feb 15, 2016",Album Track,No,
The Wolf Returns,🗑️ He's Back,Track 3 off of The Wolf Returns,3:12,"Feb 15, 2016",Album Track,No,
The Wolf Returns,🗑️ Once Pon a Time,Track 4 off of The Wolf Returns,3:24,"Feb 15, 2016",Album Track,No,
The Wolf Returns,🗑️ Aware I'm a Wolf,Track 5 off of The Wolf Returns. Black Skinhead reference.,2:42,"Feb 15, 2016",Album Track,No,
The Wolf Returns,🗑️ Back From the Grave,Track 6 off of The Wolf Returns.,0:04,"Feb 15, 2016",Album Track,No,
The Wolf Returns,🗑️ Wants and Needs,Track 7 off of The Wolf Returns,0:49,"Feb 15, 2016",Album Track,No,
The Wolf Returns,🗑️ Tough Decisions,Track 8 off of The Wolf Returns,0:27,"Feb 15, 2016",Album Track,No,
The Wolf Returns,"Bounge - WIN
(feat. Dyyo Faccina & JPEGMAFIA)","Throwaway Bounge song made with JPEGMAFIA and Dyyo Faccina. Exact release date unknown, but likely around 2016.",3:12,2016?,Other,No,
"0 OG File(s)
0 Full
0 Tagged
0 Partial
0 Snippet(s)
0 Unavailable",Black Ben Carson,,,,,,
Black Ben Carson,⭐️ Drake Era [V1],"Track 1 on BBC. Features mumbling in the beginning, no iPhone ringtone in the beginning, glitchy background vocals throughout the song, and slightly different instrumentation.",3:57,"Feb 15, 2016",Album Track,No,
Black Ben Carson,"⭐️ JPEGMAFIA ALL CAPS NO SPACES [V4]
(ALL CAPS NO SPACES, JPEGMAFIA vs. The World, JPEGMAFIA VSA THE WORLD)",Track 2 on BBC. Interpolates @darkskinmanson from Communist Slow Jams. Not that much differences from V2 besides a slightly shorter length.,,"Feb 15, 2016",Album Track,No,
Black Ben Carson,"Digital Blackface [V1]
(Woo)",Track 3 on BBC. Has additional vocals and adlibs.,,"Feb 15, 2016",Album Track,No,
Black Ben Carson,"⭐️ Cuck [V2]
(Cuckold, Cuckhold, CUCK, cuck)","Track 4 on BBC. Has additional vocals and adlibs, slightly pitched vocals at the end, different song glitches, and a very interesting outro.",,"Feb 15, 2016",Album Track,No,
Black Ben Carson,⭐️ I Smell Crack [V1],Track 5 on BBC. Slightly slower and thats about it.,,"Feb 15, 2016",Album Track,No,
Black Ben Carson,"⭐️ You Think You Know [V1]
(You Think You Know More About The World Than You Actually Do)",Track 6 on BBC. Features additional vocals.,,"Feb 15, 2016",Album Track,No,
Black Ben Carson,"Motor Mouth [V1]
(Clicker, Slow Dive [?])",Track 7 on BBC. Slightly faster (?) and also features a very ominous outro that transitions into the title track.,,"Feb 15, 2016",Album Track,No,
Black Ben Carson,"Black Ben Carson [V1]
(🇯🇲)","Track 8 on BBC. Interpolates ""I ♥️ The Illuminati"" from The Rockwood Escape Plan. Has a slightly shorter outro and a less compressed mix.",,"Feb 15, 2016",Album Track,No,
Black Ben Carson,"Black Steve Austin [V1]
(Steve Austin Freestyle)",Track 9 on BBC. Features additional vocals and a slightly alternate outro.,,"Feb 15, 2016",Album Track,No,
Black Ben Carson,"Black Stacey Dash [V1]
(Black Steve Dash, Sidechick)","Track 10 on BBC. Slower, features moaning samples, and has a slightly different outro.",,"Feb 15, 2016",Album Track,No,
Black Ben Carson,"⭐️ What's Crackin' Pt. 1 & 2 [V1]
(What's Crackin')",Track 11 on BBC. Has completely alternative BPMs to the updated mix and has a short bit of sampled dialogue in the outro.,,"Feb 15, 2016",Album Track,No,
Black Ben Carson,⭐️ I Just Killed a Cop Now I'm Horny [V1],"Track 12 on BBC. Has dialogue from JPEGMAFIA in the intro skit and the intro of the actual song, a couple alternate takes, and adlibs from him and an unknown woman.",,"Feb 15, 2016",Album Track,No,
Black Ben Carson,Plastic [V1],"Track 13 on BBC. Has more dialogue and adlibs, with some being vocal bits being reversed and some being normal, and an alternate outro. I left something on at home.",,"Feb 15, 2016",Album Track,No,
Black Ben Carson,"⭐️ Boi [V1]
(feat. Butch Dawson)",Track 14 on BBC. Has a random Jay-Z sample and a little skit at the end.,,"Feb 15, 2016",Album Track,No,
Black Ben Carson,Flex The Connect,Track 15 on BBC [V1].,,"Feb 15, 2016",Album Track,No,
Black Ben Carson,⭐️ The 27 Club [V3],"Track 16 on BBC [V1]. This song is a re-done version of ""The 27 Club"" that with alternate mixing, slight beat differences, a completely different verse, and a longer run time. This version has some unreversed vocals, and a distorted and slowed down outro using the instrumental of the song and a tiny skit at the end.",,"Feb 15, 2016",Album Track,No,
Black Ben Carson,LL Cool J [V1],Track 17 on BBC [V1]. Was actually the first song made for Black Ben Carson.,,"Feb 15, 2016",Album Track,No,
Black Ben Carson,"Face Down Ass Up [V4]
(feat. Bito Sureiya, Kente of Nasa8 & Freaky)","Track 18 on BBC [V1]. Is way slower, has a little bit louder FX on Kente of Nasa8's verse and the chorus, and just louder vocals overall, and a weird outro with a more pitched down version of the song.",,"Feb 15, 2016",Album Track,No,
Black Ben Carson,"⭐️ This That Shit Kid Cudi Coulda Been [V1]
(feat. Dylijens)","Track 19 on BBC [V1], and track 17 on the streaming version. Has some intro dialogue, louder vocals, way different mixing, and a transition into ""Jerry's.""",,"Feb 15, 2016",Album Track,No,
Black Ben Carson,Jerrys,"Track 20 on BBC [V1]. Wasn't even supposed to be on the album but for some reason transitions from ""This That Shit Kid Cudi Coulda Been.""",,"Feb 15, 2016",Album Track,No,
Black Ben Carson,⭐️ 2015 Was a Great Year [V1],"Track 21 on BBC [V1], and track 18 on the streaming version. Has slightly more background vocals, lesser mixing, slightly shorter, and less glitch FX volume.",,"Feb 15, 2016",Album Track,No,
Black Ben Carson,⭐️ Try Me [V1],"Track 22 on BBC [V1], and track 19 on the streaming version. Has alot more dialogue and background vocals in the beginning and throughout the song, more instrumentation, a lack of the ""i"" chant, a little bit louder vocals,",,"Feb 15, 2016",Album Track,No,
Black Ben Carson,drake era [V2],"Track 1 on BBC. Has alternate mixing, reversed vocals near the end, and slightly updated instrumentation.",,"Feb 15, 2016",Album Track,Yes,
Black Ben Carson,"ALL CAPS NO SPACES [V5]
(JPEGMAFIA ALL CAPS NO SPACES, JPEGMAFIA VS. THE WORLD)",Track 2 on BBC. Has slightly different mixing.,,"Feb 15, 2016",Album Track,Yes,
Black Ben Carson,digital blackface [V2],Track 3 on BBC.,,"Feb 15, 2016",Album Track,Yes,
Black Ben Carson,"cuck [V3]
(Cuckold, Cuckhold, CUCK, Cuck)",Track 4 on BBC.,,"Feb 15, 2016",Album Track,Yes,
Black Ben Carson,i smell crack [V2],Track 5 on BBC.,,"Feb 15, 2016",Album Track,Yes,
Black Ben Carson,you think you know [V2],Track 6 on BBC.,,"Feb 15, 2016",Album Track,Yes,
Black Ben Carson,motor mouth [V2],Track 7 on BBC.,,"Feb 15, 2016",Album Track,Yes,
Black Ben Carson,black ben carson [V3],Track 8 on BBC.,,"Feb 15, 2016",Album Track,Yes,
Black Ben Carson,black steve austin [V2],Track 9 on BBC.,,"Feb 15, 2016",Album Track,Yes,
Black Ben Carson,"black stacey dash [V2]
(Black Steve Dash, Sidechick)",Track 10 on BBC.,,"Feb 15, 2016",Album Track,Yes,
Black Ben Carson,⭐️ whats crackin' [V2],Track 11 on BBC.,,"Feb 15, 2016",Album Track,Yes,
Black Ben Carson,i just killed a cop now i'm horny [V2],Track 12 on BBC.,,"Feb 15, 2016",Album Track,Yes,
Black Ben Carson,plastic [V2],Track 13 on BBC.,,"Feb 15, 2016",Album Track,Yes,
Black Ben Carson,"boi [V2]
(feat. Butch Dawson)",Track 14 on BBC.,,"Feb 15, 2016",Album Track,Yes,
Black Ben Carson,the 27 club [V4],"Track 16 on BBC [V1], and track 15 on the streaming version. This song is a re-done version of ""The 27 Club"" that with alternate mixing, a completely different verse, and a longer run time.",,"Feb 15, 2016",Album Track,Yes,
Black Ben Carson,"face down ass up [V5]
(feat. Bito Sureiya, Kente of Nasa8 & Freaky)","Track 18 on BBC [V1], and track 16 on the streaming version.",,"Feb 15, 2016",Album Track,Yes,
Black Ben Carson,"this that shit kid cudi coulda been [V3]
(feat. Dylijens)","Track 19 on BBC [V1], and track 17 on the streaming version.",,"Feb 15, 2016",Album Track,Yes,
Black Ben Carson,2015 was a great year [V2],"Track 21 on BBC [V1], and track 18 on the streaming version.",,"Feb 15, 2016",Album Track,Yes,
Black Ben Carson,try me [V2],"Track 22 on BBC [V1], and track 19 on the streaming version.",,"Feb 15, 2016",Album Track,Yes,
Black Ben Carson,drake era [V2],"Track 1 on BBC. Has alternate mixing, reversed vocals near the end, and slightly updated instrumentation.",,"Feb 15, 2016",Album Track,Yes,
Black Ben Carson,"ALL CAPS NO SPACES [V5]
(JPEGMAFIA ALL CAPS NO SPACES, JPEGMAFIA VS. THE WORLD)",Track 2 on BBC.,,"Feb 15, 2016",Album Track,Yes,
Black Ben Carson,digital blackface [V2],Track 3 on BBC.,,"Feb 15, 2016",Album Track,Yes,
Black Ben Carson,"cuck [V3]
(Cuckold, Cuckhold, CUCK, Cuck)",Track 4 on BBC.,,"Feb 15, 2016",Album Track,Yes,
Black Ben Carson,i smell crack [V2],Track 5 on BBC.,,"Feb 15, 2016",Album Track,Yes,
Black Ben Carson,you think you know [V2],Track 6 on BBC.,,"Feb 15, 2016",Album Track,Yes,
Black Ben Carson,motor mouth [V2],Track 7 on BBC.,,"Feb 15, 2016",Album Track,Yes,
Black Ben Carson,black ben carson [V3],Track 8 on BBC.,,"Feb 15, 2016",Album Track,Yes,
Black Ben Carson,black steve austin [V2],Track 9 on BBC.,,"Feb 15, 2016",Album Track,Yes,
Black Ben Carson,"black stacey dash [V2]
(Black Steve Dash, Sidechick)",Track 10 on BBC.,,"Feb 15, 2016",Album Track,Yes,
Black Ben Carson,⭐️ whats crackin' [V2],Track 11 on BBC.,,"Feb 15, 2016",Album Track,Yes,
Black Ben Carson,i just killed a cop now i'm horny [V2],Track 12 on BBC.,,"Feb 15, 2016",Album Track,Yes,
Black Ben Carson,plastic [V2],Track 13 on BBC.,,"Feb 15, 2016",Album Track,Yes,
Black Ben Carson,"boi [V2]
(feat. Butch Dawson)",Track 14 on BBC.,,"Feb 15, 2016",Album Track,Yes,
Black Ben Carson,the 27 club [V4],"Track 15 on BBC. This song is a re-done version of ""The 27 Club"" that with alternate mixing, a completely different verse, and a longer run time.",,"Feb 15, 2016",Album Track,Yes,
Black Ben Carson,"face down ass up [V5]
(feat. Bito Sureiya, Kente of Nasa8 & Freaky)",Track 16 on BBC.,,"Feb 15, 2016",Album Track,Yes,
Black Ben Carson,"this that shit kid cudi coulda been [V3]
(feat. Dylijens)",Track 17 on BBC.,,"Feb 15, 2016",Album Track,Yes,
Black Ben Carson,2015 was a great year [V2],Track 18 on BBC.,,"Feb 15, 2016",Album Track,Yes,
Black Ben Carson,try me [V2],Track 19 on BBC.,,"Feb 15, 2016",Album Track,Yes,
Black Ben Carson,"0 Missed Calls 
(feat. :3LON)","Single with :3LON released on Sep 14, 2015. Made for their scrapped collab EP. The single was later pulled off the streaming services after JPEG's and :3LON's ""beef"". Currently available on Apple Music under the Devon Hendryx name, but this is likely a fan upload that is still somehow up to this day.",,"Sep 14, 2015",Single,No,
"0 OG File(s)
0 Full
0 Tagged
0 Partial
0 Snippet(s)
0 Unavailable",The 2nd Amendment,,,,,,
The 2nd Amendment,⭐️ I Might Vote 4 Donald Trump [V1],"Single released on May 20th, 2016, later released as track 4 on The 2nd Amendment.",2:45,"May 20, 2016",Album Track,No,
The 2nd Amendment,"Hop Out the Pussy I'm 21
(prod. JPEGMAFIA & Freaky)",Track 1 on The 2nd Amendment.,5:59,"Jun 18, 2016",Album Track,No,
The 2nd Amendment,Lets Hit a Lick On The White House!,Track 2 on The 2nd Amendment.,3:29,"Jun 18, 2016",Album Track,No,
The 2nd Amendment,"⭐️ BUMBOPUSSYRASCLAT
(BOMBOPUSSYRASCLAT)",Track 3 on The 2nd Amendment.,5:14,"Jun 18, 2016",Album Track,No,
The 2nd Amendment,"✨ Trussmidaddi
(#Trussmidaddi)",Track 5 on The 2nd Amendment.,4:51,"Jun 18, 2016",Album Track,No,
The 2nd Amendment,"✨ Big Data  + The Internet Ain't Safe [V1]
(prod. JPEGMAFIA & Freaky)",Track 6 on The 2nd Amendment.,8:34,"Jun 18, 2016",Album Track,No,
The 2nd Amendment,"Xanny Davis Jr. [V1]
(feat. Wrongful Life)",Track 7 on The 2nd Amendment.,4:53,"Jun 18, 2016",Album Track,No,
The 2nd Amendment,"roB bankS
(feat. Butch Dawson) (prod. Butch Dawson)","Cut track from the project, track 8 on the directors cut & track 12 on the remaster.",5:30,"Jun 18, 2016",Album Track,No,
The 2nd Amendment,"⭐️ URB
(prod. Urban Shaman)",Track 9 on The 2nd Amendment.,3:30,"Jun 18, 2016",Album Track,No,
The 2nd Amendment,"⭐️ Boyz 2 Men
(feat. Butch Dawson)","Cut track from the project, track 10.",4:57,"Jun 18, 2016",Album Track,No,
The 2nd Amendment,"⭐️ Llama Mind
(feat. Hemlock Ernst)",Track 11 on The 2nd Amendment.,6:25,"Jun 18, 2016",Album Track,No,
The 2nd Amendment,"Xanny Davis Jr. [V2]
(feat. Wrongful Life)","Track 7 on the Jul 23, 2016 version of The 2nd Amendment. Now has a different outro.",5:07,"Jul 23, 2016",Album Track,No,
The 2nd Amendment,"Rinky 2K / FATAL FURY
(prod. Fridgidair Karats & JPEGMAFIA)","Song added to The 2nd Amendment on July 23rd, 2016. Replaces roB bankS, which was track 8. roB bankS was moved to track 12. Rinky 2K is such an interesting song.",6:13,"Jul 23, 2016",Album Track,No,
The 2nd Amendment,I Might Vote 4 Donald Trump [V2],,2:45,2018,Album Track,No,
The 2nd Amendment,"✨ Big Data  + The Internet Ain't Safe [V2]
(prod. JPEGMAFIA & Freaky)",,6:50,2018,Album Track,No,
The 2nd Amendment,"Rinky 2K [V1]
(prod. Fridgidair Karats)",Track 8 on The 2nd Amendment.,3:07,2018,Album Track,No,
The 2nd Amendment,⭐️ FATAL FURY [V1],"Track 9 on The 2nd Amendment. Not actually recorded in 2011, depsite the SoundCloud date, as JPEGMAFIA replaced the audio for his Re: Neon Kitchen upload to publish this song for some reason.",3:05,2018,Album Track,No,
The 2nd Amendment,I Might Vote 4 Donald Trump [V3],,,,Album Track,No,
The 2nd Amendment,"Hop Out the Pussy I'm 21 [V2]
(prod. JPEGMAFIA & Freaky)",,,,Album Track,No,
The 2nd Amendment,Lets Hit a Lick On The White House! [V2],,,,Album Track,No,
The 2nd Amendment,"BUMBOPUSSYRASCLAT [V2]
(BOMBOPUSSYRASCLAT)",,,,Album Track,No,
The 2nd Amendment,"Trussmidaddi [V2]
(#Trussmidaddi)",,,,Album Track,No,
The 2nd Amendment,"Big Data  + The Internet Ain't Safe [V3]
(prod. JPEGMAFIA & Freaky)",,,,Album Track,No,
The 2nd Amendment,"Xanny Davis Jr. [V2]
(feat. Wrongful Life)",,,,Album Track,No,
The 2nd Amendment,"Rinky 2K [V2]
(prod. Fridgidair Karats)",,,,Album Track,No,
The 2nd Amendment,FATAL FURY [V2],,,,Album Track,No,
The 2nd Amendment,"URB [V2]
(prod. Urban Shaman)",,,,Album Track,No,
The 2nd Amendment,"Llama Mind [V2]
(feat. Hemlock Ernst)",,,,Album Track,No,
The 2nd Amendment,"roB bankS [V2]
(prod. Butch Dawson)",,,,Album Track,No,
The 2nd Amendment,"Boyz 2 Men [V2]
(feat. Butch Dawson)",,,,Album Track,No,
"0 OG File(s)
0 Full
0 Tagged
0 Partial
0 Snippet(s)
0 Unavailable",Veteran,,,,,,
Veteran,Ash My Blunt On A Suspended License / Don't Ruin That Boy [V1],"Original mixing for ""Ash My Blunt On A Suspended License / Don't Ruin That Boy""",5:51,"Aug 21, 2016",Single,No,https://pillows.su/f/dcfab307b27e773fc5fc26115b9896e0
Veteran,"⭐️ FREE XXX & TEANNA
(Free Teanna)","Track 6 on NOT ON VETERAN!, released as ""Free XXX & Teanna"" on Veteran: Director's Cut as track 24 on June 6th, 2025. Reuses lyrics from 1488. Originally this song was named ""Free Teanna"" however was changed to include XXX, aluding to the now deceased rapper XXXTENTACION, this is most likely because of the charges XXX was facing in 2017.",3:08,"Dec 19, 2016",Single,Yes,
Veteran,✨ OMG [V2],Loose track originally released ahead of the posse mixtape False Positive Crew by Peggy’s then-label Deathbomb Arc.,2:50,"Mar 22, 2017",Single,No,
Veteran,⭐️ man purse,"Track 5 on NOT ON VETERAN!, released on Veteran: Director's Cut as track 23 on June 6th, 2025.",3:25,"May 20, 2017",Single,Yes,
Veteran,"✨ THIS SONG IS A SAFE SPACE
(feat. Freaky & Black Sheep Refuge)
(White People)","Track 7on NOT ON VETERAN!, also released as track 21 on Veteran: Director's Cut on June 6th, 2025. Originally called White People.",6:44,"Jun 6, 2017",Single,Yes,
Veteran,Pink Slip,DJ Snitch Bitch Exclusive SoundCloud Track,3:24,"Jun 10, 2017",Single,No,https://pillows.su/f/ba073ac87e3e61b9e655fbe734668db5
Veteran,"Enso Sinatra - Cypherites
(prod. JPEGMAFIA)","Enso Sinatra song produced by JPEGMAFIA released onto Spotify and SoundCloud but subsequently taken down. Beat possibly from the Devon Hendryx era, as it samples Y2K by Devon Hendryx. Date is the Spotify upload date, which may be later than the song's original release.",3:29,"Jun 17, 2017",Production,No,
Veteran,"⭐️ STARRCADE 97
(feat. DATPIFFMEDIA)","Track 4 on NOT ON VETERAN!, released as a single on June 20th & July 7th, 2017 & also released as track 22 on Veteran: Director's Cut on June 6th, 2025.",3:52,"Jun 21, 2017",Single,Yes,
Veteran,man purse [Music Video Version],"Music video version of ""man purse"" with an alternate outro.",3:23,"Jun 22, 2017",Other,No,
Veteran,RAT MUSIC,DJ Snitch Bitch Exclusive SoundCloud Track,2:58,"Oct 7, 2017",Single,No,https://pillows.su/f/01c59b55737ae79da299d4ee0fce6f33
Veteran,✨ Ash My Blunt On A Suspended License / Don't Ruin That Boy [V2],Track 8 on NOT ON VETERAN!. Features an alternate outro.,6:23,"Dec 23, 2017",Single,Yes,
Veteran,"Baby I'm Bleeding [V2]
(Black Kanye West)","Track 5 of Beware of Veteran. Another version of ""Baby I'm Bleeding"" that includes slightly alternate production, mixing, and ""boi"" sample usages. Used in the music video.",,"Jun 8, 2022",Album Track,No,
Veteran,"My Thoughts On Neogaf Dying (Radio Edit)
(Qie Pasa, I D C)",Track 6 of Veteran. Radio edit of My Thoughts On Neogaf Dying.,,"Jun 8, 2022",Album Track,No,
Veteran,"Libtard Anthem
(feat. Freaky)",Track 10 on Beware of Veteran. Originally intended to have a verse from JPEGMAFIA before he ultimately decided to let Freaky do his thing on this song. Has the slightest difference in mixing.,,"Jun 8, 2022",Album Track,No,
Veteran,Macaulay Culkin [V1],Track 14 on Beware of Veteran. Has alternate mixing.,,"Jun 8, 2022",Album Track,No,
Veteran,Williamsburg [V2],"Another version of Williamsburg that is featured on Beware of Veteran, includes alternate lines and mixing, as well as some censored words.",,"Jun 8, 2022",Album Track,No,
Veteran,Curb Stomp [V1],Track 19 on Beware of Veteran with alternate mixing.,,"Jun 8, 2022",Album Track,No,
Veteran,⭐️ 1539 N. Calvert [V1],Track 1 on Veteran.,,"Jan 19, 2018",Album Track,No,
Veteran,⭐️ Real Nega [V1],"Track 2 on Veteran, uses a remake of a beat called ""OOO (i'm a reel nigga)"" by chef & i. In turn samples ""Goin' Down"" by Ol' Dirty Bastard.",,"Jan 19, 2018",Album Track,No,
Veteran,"⭐️ Thug Tears [V1]
(The Pressures Of A Millennial)",Track 3 on Veteran.,,"Jan 19, 2018",Album Track,No,
Veteran,Dayum [V2],Track 4 on Veteran. Originally 3 minutes long but unfortunately ended up getting trimmed for the album release.,,"Jan 19, 2018",Album Track,No,
Veteran,"⭐️ Baby I'm Bleeding [V3]
(Black Kanye West)",Track 5 on Veteran.,,"Jan 19, 2018",Album Track,No,
Veteran,"My Thoughts on Neogaf Dying
(Qie Pasa, I D C)",Track 6 on Veteran.,,"Jan 19, 2018",Album Track,No,
Veteran,⭐️ Rock N Roll Is Dead,Track 7 on Veteran.,,"Jan 19, 2018",Album Track,No,
Veteran,"⭐️ DD Form 214
(feat. Bobbi Rush)",Track 8 on Veteran.,,"Jan 19, 2018",Album Track,No,
Veteran,Germs,Track 9 on Veteran. Even JPEGMAFIA has discussed his discomfort with this beat. Unknown who the singer is.,,"Jan 19, 2018",Album Track,No,
Veteran,"Libtard Anthem
(feat. Freaky)",Track 10 on Veteran.,,"Jan 19, 2018",Album Track,No,
Veteran,"⭐️ Panic Emoji [V2]
(😱)",Track 11 on Veteran.,,"Jan 19, 2018",Album Track,No,
Veteran,DJ Snitch Bitch Interlude,Track 12 on Veteran.,,"Jan 19, 2018",Album Track,No,
Veteran,Whole Foods,Track 13 on Veteran.,,"Jan 19, 2018",Album Track,No,
Veteran,⭐️ Macaulay Culkin,Track 14 on Veteran.,,"Jan 19, 2018",Album Track,No,
Veteran,Williamsburg [V3],"Track 15 on Veteran. Samples Travis Scott, pool balls colliding, and Undertale. Censors the ""nigga"" in the line ""Call my white niggas up"" with a classic sine wave censor sound.",,"Jan 19, 2018",Album Track,No,
Veteran,"I Cannot Fucking Wait Until Morrissey Dies [V3]
(feat. Doe B)
(I Cannot Wait Until Morrissey Dies Because He's A Huge Fucking Racist And Nobody Cares So I'm Gonna Say Something Because Everybody In The Hipster Community Is Too Pussy To Do It)","Track 16 on Veteran. Pretty short name. Features a sample from the late rapper, Doe B. For some reason replaces the ""si"" in ""pepsi"" with the vox from ""Ash My Blunt On A Suspended License / Don't Ruin That Boy"" and ends slightly shorter than [V4].",,"Jan 19, 2018",Album Track,No,
Veteran,"Rainbow Six
(feat. Yung Midpack)",Track 17 on Veteran. The only Veteran track to have absolutely NO standard release mixing changes whatsoever. Also very sad and unnerving.,,"Jan 19, 2018",Album Track,Yes,
Veteran,"1488
(Dirty Black N*gger)",Track 18 on Veteran.,,"Jan 19, 2018",Album Track,No,
Veteran,Curb Stomp [V2],"Track 19 on Veteran. Has an intro very similar to ""Untitled III"" off of The Ghost~Pop Tape.",,"Jan 19, 2018",Album Track,No,
Veteran,"⭐️ Thug Tears [V1]
(The Pressures Of A Millennial)",Track 3 on Veteran. Reduced attack on the hi-hat and other tiny sonic differences.,,"Aug 22, 2018",Album Track,Yes,
Veteran,"⭐️ Baby I'm Bleeding [V3]
(Black Kanye West)","Track 5 on Veteran. Has added ""Æ"" SFX near the end and a slightly different mix.",,"Aug 22, 2018",Album Track,Yes,
Veteran,"My Thoughts on Neogaf Dying
(Qie Pasa, I D C)",Track 6 on Veteran. Has a slightly louder hi-hat.,,"Aug 22, 2018",Album Track,Yes,
Veteran,⭐️ Rock N Roll Is Dead,Track 7 on Veteran. Removes the husky SFX and JPEG's quiet dialogue near the end.,,"Aug 22, 2018",Album Track,Yes,
Veteran,Williamsburg [V3],Track 15 on Veteran.,,"Aug 22, 2018",Album Track,Yes,
Veteran,"I Cannot Fucking Wait Until Morrissey Dies [V3]
(feat. Doe B)
(I Cannot Wait Until Morrissey Dies Because He's A Huge Fucking Racist And Nobody Cares So I'm Gonna Say Something Because Everybody In The Hipster Community Is Too Pussy To Do It)","Track 16 on Veteran. Pretty short name. Features a sample from the late rapper, Doe B.",,"Aug 22, 2018",Album Track,Yes,
Veteran,1539 N. Calvert,Track 1 on Veteran: Director's Cut. Has alternate mixing and replaces the woman YTYKM tag with the whisper tag instead. Note that every song with a YTYKM tag on here has been replaced with the whisper version besides a few outliers.,,"Jun 7, 2025",Album Track,Yes,
Veteran,Real Nega,"Track 2 on Veteran: Director's Cut. Contains alternate mixing, along with some muted adlibs.",,"Jun 7, 2025",Album Track,Yes,
Veteran,Thug Tears,"Track 3 on Veteran: Director's Cut. Contains alternate mixing, such as higher and louder clicking noises, no reversed vocals in the beginning, and uncensored words.",,"Jun 7, 2025",Album Track,Yes,
Veteran,Dayum,Track 4 on Veteran: Director's Cut. Has a different ending than the vanilla mix.,,"Jun 7, 2025",Album Track,Yes,
Veteran,Baby I'm Bleeding,Track 5 on Veteran: Director's Cut. Contains alternate mixing.,,"Jun 7, 2025",Album Track,Yes,
Veteran,My Thoughts on Neogaf Dying,Track 6 on Veteran: Director's Cut. Contains alternate mixing and a different arrangement of the snares.,,"Jun 7, 2025",Album Track,Yes,
Veteran,Rock N Roll Is Dead,Track 7 on Veteran: Director's Cut. Contains alternate mixing.,,"Jun 7, 2025",Album Track,Yes,
Veteran,"DD Form 214
(feat. Bobbi Rush)",Track 8 on Veteran: Director's Cut. Contains alternate mixing and less instrumental volume dips.,,"Jun 7, 2025",Album Track,Yes,
Veteran,Germs,Track 9 on Veteran: Director's Cut. Contains alternate mixing. Barely any sonic difference besides slightly louder and more punchy vocals (really only noticeable with GOOD headphones.),,"Jun 7, 2025",Album Track,Yes,
Veteran,"Libtard Anthem
(feat. Freaky)","Track 10 on Veteran: Director's Cut. Contains alternate mixing, slightly pitched drum sounds, uncensored Freaky vocals, and a completely different snare.",,"Jun 7, 2025",Album Track,Yes,
Veteran,😱,Track 11 on Veteran: Director's Cut. Contains alternate mixing and adds more low-pitched whispering at certain times.,,"Jun 7, 2025",Album Track,Yes,
Veteran,DJ Snitch Bitch Interlude,Track 12 on Veteran: Director's Cut. Contains alternate mixing and an added snare (?).,,"Jun 7, 2025",Album Track,Yes,
Veteran,Whole Foods,Track 13 on Veteran: Director's Cut. Contains alternate mixing. Removes some adlibs and clears up the singing part.,,"Jun 7, 2025",Album Track,Yes,
Veteran,Macaulay Culkin,Track 14 on Veteran: Director's Cut. Contains alternate mixing. Features a less aggressive phasing noise.,,"Jun 7, 2025",Album Track,Yes,
Veteran,Williamsburg [V4],Track 15 on Veteran: Director's Cut. Contains alternate mixing.,,"Jun 7, 2025",Album Track,Yes,
Veteran,"I Cannot Fucking Wait Until Morrissey Dies
(I Cannot Wait Until Morrissey Dies Because He's A Huge Fucking Racist And Nobody Cares So I'm Gonna Say Something Because Everybody In The Hipster Community Is Too Pussy To Do It)","Track 16 on Veteran: Director's Cut. Contains alternate mixing and removes the beginning dialogue from JPEGMAFIA, SFX, and some beat pauses.",,"Jun 7, 2025",Album Track,Yes,
Veteran,Rainbow Six,Track 17 on Veteran: Director's Cut. Contains alternate mixing and less beat pauses.,,"Jun 7, 2025",Album Track,Yes,
Veteran,1488,Track 18 on Veteran: Director's Cut. Contains alternate mixing and updated production (oh my lord😍…),,"Jun 7, 2025",Album Track,Yes,
Veteran,Curb Stomp,Track 19 on Veteran: Director's Cut. Contains alternate mixing and less beat pauses.,,"Jun 7, 2025",Album Track,Yes,
"0 OG File(s)
0 Full
0 Tagged
0 Partial
0 Snippet(s)
0 Unavailable",All My Heroes Are Cornballs,,,,,,
All My Heroes Are Cornballs,"⭐️ Does This Ski Mask Make Me Look Fat?
(feat. Heno.)","Track 2 on NOT ON VETERAN!, released as a single on March 2nd, 2018 & also released as track 20 on Veteran: Director's Cut on June 6th, 2025.",4:27,"Mar 2, 2018",Single,Yes,
All My Heroes Are Cornballs,Millennium Freestyle [V1],"Single released on July 10th, 2018, was featured on NOT ON VETERAN, but later remastered. Recorded in 2017.",3:23,"Jul 10, 2018",Single,No,
All My Heroes Are Cornballs,"PUFF DADDY
(prod. Kenny Beats)","Track 1 on NOT ON VETERAN!, released as a single on November 7th, 2018.",2:07,"Nov 7, 2018",Single,Yes,
All My Heroes Are Cornballs,"COLORS & JPEGMAFIA - Thug Tears
(Thug Tears - A COLORS Show)",ALL I NEED IS REST,3:18,"Dec 14, 2018",Other,Yes,
All My Heroes Are Cornballs,"Armand Hammer - Barbarians
(prod. JPEGMAFIA)",,4:15,"Dec 14, 2018",Production,Yes,
All My Heroes Are Cornballs,"AJ Suede - In the Town
(prod. JPEGMAFIA)",,,"Jan 28, 2018",Other,No,
All My Heroes Are Cornballs,"Denzel Curry - VENGEANCE | VENGEANCE
(ft. JPEGMAFIA & KillaZami)",,,"Jul 27, 2018",Other,Yes,
All My Heroes Are Cornballs,Eraserhead Fuckers - You Elected a Rapist,,,"Jan 23, 2019",Other,No,
All My Heroes Are Cornballs,"HEALTH - HATE YOU
(with JPEGMAFIA) (prod. HEALTH & JPEGMAFIA)",,,"Feb 22, 2019",Other,Yes,
All My Heroes Are Cornballs,"Flume - How to Build a Relationship
(feat. JPEGMAFIA) (prod. Flume & JPEGMAFIA)",,,"Mar 20, 2019",Other,Yes,
All My Heroes Are Cornballs,"The Who
(feat. Eyas)",,,"Apr 3, 2019",Other,Yes,
All My Heroes Are Cornballs,"Abdu Ali - Peggylude
(feat. JPEGMAFIA) (prod. Abdu Ali)",,,"Apr 19, 2019",Other,Yes,
All My Heroes Are Cornballs,"Abdu Ali - Peggylude II
(feat. JPEGMAFIA) (prod. Abdu Ali)",,,"Apr 19, 2019",Other,Yes,
All My Heroes Are Cornballs,"Injury Reserve - GTFU
(feat. JPEGMAFIA & Cakes da Killa) (prod. Parker Corey)",,,"May 17, 2019",Other,Yes,
All My Heroes Are Cornballs,"Channel Tres - Black Moses
(feat. JPEGMAFIA) (prod. Nick Sylvester)",,,"Jul 30, 2019",Other,Yes,
All My Heroes Are Cornballs,"Ho99o9 - Simon Phoenix
(feat. JPEGMAFIA) (prod. theOGM)",,,"Aug 15, 2019",Other,Yes,
All My Heroes Are Cornballs,"Tkay Maidza - Awake
(feat. JPEGMAFIA) (prod. Dan Farber)",,,"Aug 16, 2019",Other,Yes,
All My Heroes Are Cornballs,"Injury Reserve - HPNGC
(feat. JPEGMAFIA & Code Orange) (prod. Injury Reserve & Code Orange)",,,"Sep 5, 2019",Other,Yes,
All My Heroes Are Cornballs,"Jesus Forgive Me, I Am A Thot","Track 1 on All My Heroes Are Cornballs. Released as a single on August 13th, 2019.",,"Aug 13, 2019",Album Track,Yes,
All My Heroes Are Cornballs,Kenan Vs. Kel,Track 2 on All My Heroes Are Cornballs.,,"Sep 13, 2019",Album Track,Yes,
All My Heroes Are Cornballs,Beta Male Strategies,"Track 3 on All My Heroes Are Cornballs. Released as a single on September 10th, 2019.",,"Sep 10, 2019",Album Track,Yes,
All My Heroes Are Cornballs,"JPEGMAFIA TYPE BEAT
(Grimy Waifu Pt. 1)",Track 4 on All My Heroes Are Cornballs.,,"Sep 13, 2019",Album Track,Yes,
All My Heroes Are Cornballs,"Grimy Waifu
(Grimy Waifu Pt. 2)","Track 5 on All My Heroes Are Cornballs. Interpolates ""Sakura"" off of The Ghost~Pop Tape. Features flute from Buzzy Lee.",,"Sep 13, 2019",Album Track,Yes,
All My Heroes Are Cornballs,PTSD,Track 6 on All My Heroes Are Cornballs.,,"Sep 13, 2019",Album Track,Yes,
All My Heroes Are Cornballs,"Rap Grow Old & Die x No Child Left Behind
(prod. JPEGMAFIA & Vegyn)",Track 7 on All My Heroes Are Cornballs.,,"Sep 13, 2019",Album Track,Yes,
All My Heroes Are Cornballs,All My Heroes Are Cornballs,Track 8 on All My Heroes Are Cornballs.,,"Sep 13, 2019",Album Track,Yes,
All My Heroes Are Cornballs,"BBW
(add. Refined Sugar & Young Emoji)",Track 9 on All My Heroes Are Cornballs.,,"Sep 13, 2019",Album Track,Yes,
All My Heroes Are Cornballs,"PRONE!
(add. Young Emoji)",Track 10 on All My Heroes Are Cornballs.,,"Sep 13, 2019",Album Track,Yes,
All My Heroes Are Cornballs,"Lifes Hard, Here's A Song About Sorrel",Track 11 on All My Heroes Are Cornballs.,,"Sep 13, 2019",Album Track,Yes,
All My Heroes Are Cornballs,"Thot Tactics 
(add. Young Emoji)",Track 12 on All My Heroes Are Cornballs.,,"Sep 13, 2019",Album Track,Yes,
All My Heroes Are Cornballs,"Free The Frail
(feat. Helena Deland) (add. Young Emoji)",Track 13 on All My Heroes Are Cornballs. Was almost left off the album.,,"Sep 13, 2019",Album Track,Yes,
All My Heroes Are Cornballs,"Post Verified Lifestyle
(add. Young Emoji)
(Pre Verified Lifestyle x Post Verified Lifestyle x **** in the Pit)",Track 14 on All My Heroes Are Cornballs. who the FUCK is young emoji,,"Sep 13, 2019",Album Track,Yes,
All My Heroes Are Cornballs,"BasicBitchTearGas [V4]
(babybeamerboy, mariah test rehearsal 1, BabyBitchTearGas, living single)",Track 15 on All My Heroes Are Cornballs.,,"Sep 13, 2019",Album Track,Yes,
All My Heroes Are Cornballs,"DOTS FREESTYLE REMIX
(feat. Buzzy Lee & Abdu Ali)
(DOTS FREESTYLE, D.O.T.S. FRESTYLE REMIX, twerk ghost)",Track 16 on All My Heroes Are Cornballs.,,"Sep 13, 2019",Album Track,Yes,
All My Heroes Are Cornballs,BUTTERMILK JESUS TYPE BEAT,Track 17 on All My Heroes Are Cornballs.,,"Sep 13, 2019",Album Track,Yes,
All My Heroes Are Cornballs,"Papi I Missed U
(🥺)",Track 18 on All My Heroes Are Cornballs.,,"Sep 13, 2019",Album Track,Yes,
All My Heroes Are Cornballs,"Jesus Forgive Me, I Am A Thot - Extended
(Jesus Forgive Me, I Am A Thot [USB MIX])","Track 19 on All My Heroes Are Cornballs… USB Mix? Also Track 1 on the non-streaming thingy whatever of the USB Mix. Released on YouTube on March 20th, 2026, and onto streaming services a couple days after.",,"Mar 20, 2026",Album Track,Yes,https://open.spotify.com/track/3TTsS5bVACNzMTpXQAPRPX?si=v8pZYSvwRLit4CoSRfaa0w
All My Heroes Are Cornballs,"Grimy Waifu (USB MIX)
(JPEGMAFIA TYPE BEAT x Grimy Waifu, Grimy Waifu Parts 1 & 2)","Track 4 on All My Heroes Are Cornballs (USB MIX). Glues ""JPEGMAFIA TYPE BEAT"" and ""Grimy Waifu"" together as one song.",,"Feb 26, 2020",Other,No,
All My Heroes Are Cornballs,"BBW x The Lord Pt. 3 
(add. Refined Sugar & Young Emoji)","Track 8 on All My Heroes Are Cornballs (USB MIX). Features an extended outro beat named ""The Lord Pt. 3.""",,"Feb 26, 2020",Other,No,
All My Heroes Are Cornballs,"PRONE!
(add. Young Emoji)",Track 9 on All My Heroes Are Cornballs (USB MIX). Split off from the outro.,,"Feb 26, 2020",Other,No,
All My Heroes Are Cornballs,A Beauty,"Track 10 on All My Heroes Are Cornballs (USB MIX). Split off from ""PRONE.""",,"Feb 26, 2020",Other,No,
All My Heroes Are Cornballs,"Free The Frail
(feat. Helena Deland)
(add. Young Emoji)",Track 13 on All My Heroes Are Cornballs (USB MIX) Split off from the outro.,,"Feb 26, 2020",Other,No,
All My Heroes Are Cornballs,Quicksand,"Track 14 on All My Heroes Are Cornballs (USB MIX). Split off from ""Free The Frail.""",,"Feb 26, 2020",Other,No,
All My Heroes Are Cornballs,Pre Verified Lifestyle,"Track 15 on All My Heroes Are Cornballs (USB MIX). Consists of an entirely extended version of the intro to ""Post Verified Lifestyle"" with no vocals.",,"Feb 26, 2020",Other,No,
All My Heroes Are Cornballs,Post Verified Lifestyle,Track 16 on All My Heroes Are Cornballs (USB MIX). Split off from the intro and outro and is solely the core of the song.,,"Feb 26, 2020",Other,No,
All My Heroes Are Cornballs,"**** in the Pit
(Beyonce In The Pit)","Track 17 on All My Heroes Are Cornballs (USB MIX). An extended version of the outro of ""Post Verified Lifestyle"" that also features an additional beat.",,"Feb 26, 2020",Other,No,
All My Heroes Are Cornballs,BASICBITCHTEARGAS (USB MIX),Track 18 on All My Heroes Are Cornballs (USB MIX). Features an extended intro and other mixing differences.,,"Feb 26, 2020",Other,No,
All My Heroes Are Cornballs,Touched By An Angel,"When downloading All My Heroes Are Cornballs on Bandcamp, a bonus track appears after the Papi I Missed U file, was added around the same time an extended Run The Jewels came about.",1:59,"Feb 11, 2025",Other,No,
"0 OG File(s)
0 Full
0 Tagged
0 Partial
0 Snippet(s)
0 Unavailable",HOW TO BUILD A RELATIONSHIP,,,,,,
HOW TO BUILD A RELATIONSHIP,BALD! [V1],Track 1 on EP!.,3:00,"Feb 17, 2020",EP Track,No,
HOW TO BUILD A RELATIONSHIP,"COVERED IN MONEY!
(THE DEVIL WEARS PRADA!)",Track 2 on EP!.,4:09,"Feb 17, 2020",EP Track,Yes,
HOW TO BUILD A RELATIONSHIP,BODYGUARD!,Track 3 on EP!.,2:23,"Feb 17, 2020",EP Track,Yes,
HOW TO BUILD A RELATIONSHIP,"BALD! REMIX
(feat. Denzel Curry)",Track 4 on EP! & track 18 on the ONLINE version of LP!.,2:33,"Feb 17, 2020",EP Track,Yes,
HOW TO BUILD A RELATIONSHIP,CUTIE PIE!,Track 5 on EP! & track 16 on the ONLINE version of LP!.,2:25,"Feb 17, 2020",EP Track,Yes,
HOW TO BUILD A RELATIONSHIP,THE BENDS!,Track 6 on EP!.,2:55,"Feb 17, 2020",EP Track,Yes,
HOW TO BUILD A RELATIONSHIP,"ROUGH 7
(feat. Tommy Genesis)",Track 7 on EP!.,3:44,"Feb 17, 2020",EP Track,Yes,
HOW TO BUILD A RELATIONSHIP,living single,Track 8 on EP!.,2:39,"Feb 17, 2020",EP Track,Yes,
HOW TO BUILD A RELATIONSHIP,BALD! [V2],"Version of ""BALD!"" with an alternate intro, released as a single on February 26th, 2020. Later added as track 17 on the ONLINE version of LP!.",2:32,"Feb 26, 2020",Single,Yes,
HOW TO BUILD A RELATIONSHIP,LAST DANCE!,Track 9 on EP! & track 1 on EP2!.,2:17,"Nov 6, 2020",EP Track,Yes,
HOW TO BUILD A RELATIONSHIP,SUPER TUESDAY!,Track 10 on EP!.,2:58,"Nov 6, 2020",EP Track,Yes,
HOW TO BUILD A RELATIONSHIP,INTRO!,Track 2 on EP2!.This is the intro to FIX URSELF! And only appears on streaming.,0:43,"Feb 12, 2021",EP Track,Yes,
HOW TO BUILD A RELATIONSHIP,FIX URSELF!,Track 3 on EP2!.,3:06,"Feb 12, 2021",EP Track,Yes,
HOW TO BUILD A RELATIONSHIP,KELTEC!,Track 4 on EP2!.,3:04,"Feb 12, 2021",EP Track,Yes,
HOW TO BUILD A RELATIONSHIP,THIS ONES FOR US!,Track 5 on EP2!.,3:03,"Feb 12, 2021",EP Track,Yes,
HOW TO BUILD A RELATIONSHIP,"PANIC ROOM!
(prod. James Blake & JPEGMAFIA)",Track 6 on EP2!.,2:28,"Feb 12, 2021",EP Track,Yes,
HOW TO BUILD A RELATIONSHIP,FEED HER!,Track 7 on EP2!.,2:56,"Feb 12, 2021",EP Track,Yes,
HOW TO BUILD A RELATIONSHIP,"Buffa7o - Golden Gun
(feat. JPEGMAFIA & Drug Dillon) (prod. Ghostie)",Loosie released by Baltimore rapper Buffa7o on SoundCloud. Presumed to be from the Veteran era.,5:14,"Sep 14, 2019",Feature,No,https://soundcloud.com/holyhostage/golden-gun-buffa7o-ft-jpegmafia-deejcokane-prod-by-jpegmafia
HOW TO BUILD A RELATIONSHIP,"Vegyn - Nauseous / Devilish
(feat. JPEGMAFIA) (prod. Vegyn & JPEGMAFIA)",Track 2 on Only Diamonds Cut Diamonds by Vegyn,,"Sep 25, 2019",Feature,Yes,
HOW TO BUILD A RELATIONSHIP,"Danny Brown - 3 Tearz
(feat. Run the Jewels) (prod. JPEGMAFIA)",,,"Oct 1, 2019",Production,Yes,
HOW TO BUILD A RELATIONSHIP,"Clout Tokens
(Boy George)",Track 4 on Just Some Stuff by TRASHFUCK Records.,,"Oct 6, 2019",Other,No,https://trashfuckrecords.bandcamp.com/track/clout-tokens
HOW TO BUILD A RELATIONSHIP,"⭐️ Millennium Freestyle [V2]
(feat. ???)","Track 3 on NOT ON VETERAN!, was on streaming services for a bit until it was eventually taken down. Also released as track 25 on Veteran: Director's Cut on June 6th, 2025. This version is has a very different outro, consisting of a woman singing.",3:10,"Mar 20, 2020",Single,No,
HOW TO BUILD A RELATIONSHIP,"BROCKHAMPTON - chain on / hold me [V1]
(feat. JPEGMAFIA) (prod. Dom McLennon, Kevin Abstract, Kiko Merley & Romil Hemnani)
(CHAIN ON)",Orginal version of chain on that was uploaded to the BROCKHAMPTON youtube amoung other songs from TECHNICAL DIFFICULTIES. Would later release on ROADRUNNER: NEW LIGHT NEW MACHINE without the 'hold on' outro and a new verse by Dom McLennon.,,"May 30, 2020",Feature,No,
HOW TO BUILD A RELATIONSHIP,"BROCKHAMPTON - CHAIN ON [V2]
(feat. JPEGMAFIA) (prod. Dom McLennon, Kevin Abstract, Kiko Merley & Romil Hemnani)
(CHAIN ON)",Track 2 on ROADRUNNER: NEW LIGHT NEW MACHINE by BROCKHAMPTON,,,Feature,Yes,
HOW TO BUILD A RELATIONSHIP,"Lil B - My Luvv Letta
(prod. Devon Hendryx)
(1989 (Michelle's Song), 1989 (I Used To Know Her))","Track 25 on Lil B's mixtape, Bruno Wit da Pruno. Uses the instrumental to ""1989 (Michelle's Song)"" without the Miguel sample, so it's technically produced by Devon Hendryx but this was released way after Peggy stopped using the name, so that's why it's here. Removed from streaming alongside Lil B's entire discography in 2026. Bro had this in the clip since 2012.",2:52,"Jul 28, 2020",Production,No,
HOW TO BUILD A RELATIONSHIP,"FREAKYMAFIACULT - POTATO
(feat. JPEGMAFIA) (prod. TEK.LUN)",Peggy's verse was reused for SUPER TUESDAY!,,"Oct 31, 2020",Feature,No,
HOW TO BUILD A RELATIONSHIP,"Zen Dash - NEW NIGGA DOWN
(prod. JPEGMAFIA)",Track 1 on GenY⁶.,3:44,"Nov 11, 2020",Production,No,
HOW TO BUILD A RELATIONSHIP,"Zen Dash - IDC
(prod. JPEGMAFIA)","Track 2 on GenY⁶, a cover of ""My Thoughts on Neogaf Dying"" by JPEGMAFIA, could be part of the Zen Dash & FREAKYMAFIACULT version of the song, but it's not been confirmed",2:31,"Nov 11, 2020",Production,No,
HOW TO BUILD A RELATIONSHIP,"Zen Dash - FUCKING YOUR GIRL (unsanctioned)
(prod. Devon Hendryx)","Track 3 on GenY⁶, a cover of ""Fucking Your Girl"" by Devon Hendryx.",2:34,"Nov 11, 2020",Production,No,
HOW TO BUILD A RELATIONSHIP,"Zen Dash - FACE DOWN A$$ UP
(prod. JPEGMAFIA)","Track 4 on GenY⁶, a cover of ""Face Down Ass Up"" by JPEGMAFIA.",2:39,"Nov 11, 2020",Production,No,
HOW TO BUILD A RELATIONSHIP,"Zen Dash - PU$$Y #3
(add. Devon Hendryx) (prod. Devon Hendryx)","OG Filename: Pu$$y #3 (Not done but just wanted you to see I what I was doing with it or whatever)
Version of ""Pu$$y #3"" with vocals from Zen Dash & additional vocals from Devon, supposedly meant for THE GHOST~POP TAPE, but didn't make the final cut. The song was later reused by Zen Dash as track 5 on GenY⁶. Originally surfaced on the popular bootleg THE GHOST~POP TAPE PLUS, later rediscovered in lossless quality. The OG File can be found in Unreleased.",2:31,"Nov 11, 2020",Production,No,https://pillows.su/f/da9c704028bf4aba90e79dd6bb9db912
HOW TO BUILD A RELATIONSHIP,"Zen Dash - (Bonus)GBMHG_BOOTLEG VERSION
(prod. Devon Hendryx)
(God Bless My Homegirls)","Track 6 on GenY⁶, a cover of ""God Bless My Homegirls"" by Devon Hendryx. Might've been a feature or remix considered for THE GHOST~POP TAPE.",6:02,"Nov 11, 2020",Production,No,
HOW TO BUILD A RELATIONSHIP,"Zen Dash - Edie_bootleg
(prod. Devon Hendryx)
(Edie)","Track 7 on GenY⁶, a cover of ""Edie"" by Devon Hendryx. Might've been a feature considered for the song.",6:48,"Jan 16, 2021",Production,No,
"0 OG File(s)
0 Full
0 Tagged
0 Partial
0 Snippet(s)
0 Unavailable",LP!,,,,,,
LP!,TRUST! [V1],Track 1 on the OFFLINE version of LP!.,,"Oct 22, 2021",Album Track,Yes,
LP!,DIRTY! [V1],Track 2 on the OFFLINE version of LP!.,,"Oct 22, 2021",Album Track,Yes,
LP!,NEMO!,Track 3 on the OFFLINE version of LP!.,,"Oct 22, 2021",Album Track,Yes,
LP!,END CREDITS! [V1],Track 4 on the OFFLINE version of LP!.,,"Oct 22, 2021",Album Track,Yes,
LP!,WHAT KIND OF RAPPIN’ IS THIS? [V1],Track 5 on the OFFLINE version of LP!.,,"Oct 22, 2021",Album Track,Yes,
LP!,THOT’S PRAYER! [V1],Track 6 on the OFFLINE version of LP!.,,"Oct 22, 2021",Album Track,Yes,
LP!,ARE U HAPPY? [V1],Track 7 on the OFFLINE version of LP!.,,"Oct 22, 2021",Album Track,Yes,
LP!,"REBOUND! [V1]
(feat. DATPIFFMAFIA)",Track 8 on the OFFLINE version of LP!.,,"Oct 22, 2021",Album Track,Yes,
LP!,OG! [V1],Track 9 on the OFFLINE version of LP!.,,"Oct 22, 2021",Album Track,Yes,
LP!,DAM! DAM! DAM! [V1],Track 10 on the OFFLINE version of LP!.,,"Oct 22, 2021",Album Track,Yes,
LP!,"SICK, NERVOUS & BROKE! [V1]
(TIRED, NERVOUS & BROKE!)",Track 11 on the OFFLINE version of LP!.,,"Oct 22, 2021",Album Track,Yes,
LP!,"KISSY, FACE EMOJI! [V1]
(🔥, FLAME EMOJI)",Track 12 on the OFFLINE version of LP!.,,"Oct 22, 2021",Album Track,Yes,
LP!,NICE! [V1],Track 13 on the OFFLINE version of LP!.,,"Oct 22, 2021",Album Track,Yes,
LP!,BMT! [V1],Track 14 on the OFFLINE version of LP!.,,"Oct 22, 2021",Album Track,Yes,
LP!,THE GHOST OF RANKING DREAD! [V1],Track 15 on the OFFLINE version of LP!.,,"Oct 22, 2021",Album Track,Yes,
LP!,END CREDITS! [V2],"Track 4 on Mix 1 of LP!, is faster in tempo.",,"Oct 22, 2021",Album Track,No,
LP!,HAZARD DUTY PAY!,Track 5 on Mix 1 of LP!.,,"Oct 22, 2021",Album Track,Yes,
LP!,GOD DON’T LIKE UGLY! [V1],Track 6 on Mix 1 of LP!.,,"Oct 22, 2021",Album Track,No,
LP!,WHAT KIND OF RAPPIN’ IS THIS? [V2],Track 7 on Mix 1 of LP!.,,"Oct 22, 2021",Album Track,No,
LP!,THOT’S PRAYER! [V2],Track 8 on Mix 1 of LP!.,,"Oct 22, 2021",Album Track,No,
LP!,💯 [V1],Track 11 on Mix 1 of LP!.,,"Oct 22, 2021",Album Track,No,
LP!,DIKEMBE! [V1],Track 13 on Mix 1 of LP!.,,"Oct 22, 2021",Album Track,No,
LP!,UNTITLED [V1],Track 20 on Mix 1 of LP!.,,"Oct 22, 2021",Album Track,No,
LP!,DIRTY! [V2],Track 2 on Mix 2 of LP!.,,"Dec 22, 2022",Album Track,No,
LP!,END CREDITS! [V2],Track 4 on Mix 2 of LP!.,,"Dec 22, 2022",Album Track,No,
LP!,GOD DON’T LIKE UGLY! [V2],Track 6 on Mix 2 of LP!.,,"Dec 22, 2022",Album Track,No,
LP!,WHAT KIND OF RAPPIN’ IS THIS? [V3],Track 7 on Mix 2 of LP!.,,"Dec 22, 2022",Album Track,No,
LP!,THOT’S PRAYER! [V3],Track 8 on Mix 2 of LP!.,,"Dec 22, 2022",Album Track,No,
LP!,ARE U HAPPY? [V2],Track 9 on Mix 2 of LP!.,,"Dec 22, 2022",Album Track,No,
LP!,"REBOUND! [V2]
(feat. DATPIFFMAFIA)","Track 10 on Mix 2 of LP!, faster & censored.",,"Dec 22, 2022",Album Track,No,
LP!,OG! [V2],Track 12 on Mix 2 of LP!.,,"Dec 22, 2022",Album Track,No,
LP!,"TIRED, NERVOUS & BROKE! [V2]
(SICK, NERVOUS & BROKE!)",Track 14 on Mix 2 of LP!.,,"Dec 22, 2022",Album Track,No,
LP!,NICE! [V2],Track 16 on Mix 2 of LP!.,,"Dec 22, 2022",Album Track,No,
LP!,THE GHOST OF RANKING DREAD! [V2],Track 18 on Mix 2 of LP!.,,"Dec 22, 2022",Album Track,No,
LP!,DAM! DAM! DAM! [V2],Track 19 on Mix 2 of LP!.,,"Dec 22, 2022",Album Track,No,
LP!,UNTITLED [V2],Track 20 on Mix 2 of LP!.,,"Dec 22, 2022",Album Track,No,
LP!,TRUST! [V2],Track 1 on Mix 3 of LP!,,"Jul 20, 2023",Album Track,No,
LP!,DIRTY! [V3],,,"Jul 20, 2023",Album Track,No,
LP!,END CREDITS! [V3],,,"Jul 20, 2023",Album Track,No,
LP!,GOD DON’T LIKE UGLY! [V3],,,"Jul 20, 2023",Album Track,No,
LP!,WHAT KIND OF RAPPIN’ IS THIS? [V4],,,"Jul 20, 2023",Album Track,No,
LP!,THOT’S PRAYER! [V4],,,"Jul 20, 2023",Album Track,No,
LP!,ARE U HAPPY? [V3],,,"Jul 20, 2023",Album Track,No,
LP!,"REBOUND! [V3]
(feat. DATPIFFMAFIA)","Track 10 on Mix 3 of LP!, has an extended first verse & a cleaner mix.",,"Jul 20, 2023",Album Track,No,
LP!,💯 [V2],,,"Jul 20, 2023",Album Track,No,
LP!,OG! [V3],,,"Jul 20, 2023",Album Track,No,
LP!,"TIRED, NERVOUS & BROKE! [V3]
(SICK, NERVOUS & BROKE!)",,,"Jul 20, 2023",Album Track,No,
LP!,"🔥 [V2]
(KISSY, FACE EMOJI!, FLAME EMOJI!)",,,"Jul 20, 2023",Album Track,No,
LP!,NICE! [V3],,,"Jul 20, 2023",Album Track,No,
LP!,BMT! [V2],,,"Jul 20, 2023",Album Track,No,
LP!,THE GHOST OF RANKING DREAD! [V3],,,"Jul 20, 2023",Album Track,No,
LP!,DAM! DAM! DAM! [V3],,,"Jul 20, 2023",Album Track,No,
LP!,UNTITLED [V3],,,"Jul 20, 2023",Album Track,No,
LP!,DIRTY! [V4],,,,Album Track,No,
LP!,WHAT KIND OF RAPPIN’ IS THIS? [V5],,,,Album Track,No,
LP!,DIKEMBE! [V2],,,,Album Track,Yes,
LP!,"TIRED, NERVOUS & BROKE! [V4]
(SICK, NERVOUS & BROKE!)",,,,Album Track,Yes,
LP!,TRUST! [V3],,,"Sep 1, 2023",Album Track,Yes,
LP!,DIRTY! [V4],,,"Sep 1, 2023",Album Track,Yes,
LP!,END CREDITS! [V4],,,"Sep 1, 2023",Album Track,Yes,
LP!,GOD DON’T LIKE UGLY! [V4],,,"Sep 1, 2023",Album Track,Yes,
LP!,WHAT KIND OF RAPPIN’ IS THIS? [V5],,,"Sep 1, 2023",Album Track,Yes,
LP!,THOT’S PRAYER! [V5],,,"Sep 1, 2023",Album Track,Yes,
LP!,ARE U HAPPY? [V4],,,"Sep 1, 2023",Album Track,Yes,
LP!,"REBOUND! [V4]
(feat. DATPIFFMAFIA)","Track 10 on Mix 5 of LP!, has an alternate intro.",,"Sep 1, 2023",Album Track,No,
LP!,💯 [V3],,,"Sep 1, 2023",Album Track,Yes,
LP!,OG! [V4],,,"Sep 1, 2023",Album Track,Yes,
LP!,"🔥 [V3]
(KISSY, FACE EMOJI!, FLAME EMOJI!)",,,"Sep 1, 2023",Album Track,Yes,
LP!,NICE! [V4],,,"Sep 1, 2023",Album Track,Yes,
LP!,BMT! [V3],,,"Sep 1, 2023",Album Track,Yes,
LP!,THE GHOST OF RANKING DREAD! [V4],,,"Sep 1, 2023",Album Track,Yes,
LP!,DAM! DAM! DAM! [V4],,,"Sep 1, 2023",Album Track,Yes,
LP!,UNTITLED [V4],,,"Sep 1, 2023",Album Track,Yes,
LP!,"⭐️ REBOUND! [V5]
(feat. DATPIFFMAFIA)","Track 10 on Mix 6 of LP!, has an alternate intro.",,"Oct 12, 2023",Album Track,Yes,
LP!,"OPTIMUS PRIME FREESTYLE
(feat. FREAKYMAFIACULT)","Freestyle included in the LP! USB drive, added to the DEMOS folder. Teased in HTBAR 1.",,,Other,No,https://pillows.su/f/c0da80789df773f26b52c55e47518474
LP!,rehearsel session 1,,,,Other,No,
LP!,rehearsel session 2,,,,Other,No,
LP!,rehearsel session 3,,,,Other,No,
LP!,HAZARD DUTY PAY! [V2],,,"Oct 22, 2021",Album Track,Yes,
LP!,DIKEMBE! [V3],,,,Album Track,Yes,
LP!,GOD DON’T LIKE UGLY! [V5],,,"Sep 1, 2023",Album Track,Yes,
LP!,UNTITLED [V5],,,"Sep 1, 2023",Album Track,Yes,
LP!,💯 [V4],,,,Album Track,Yes,
LP!,"Heno. - Ego Death
(prod. JPEGMAFIA & Heno.)",,,"Mar 20, 2021",Production,Yes,
"0 OG File(s)
0 Full
0 Tagged
0 Partial
0 Snippet(s)
0 Unavailable",SCARING THE HOES,,,,,,
SCARING THE HOES,"Drug Dillon - Gmail Freestyle
(prod. JPEGMAFIA)","Track 13 on All Things Considered (Voice Memo Tape | Side A & B) 12/31/31 by Drug Dillon. Recorded April 28, 2020. Unknown when the beat was sent to Drug Dillon.",,"Jan 1, 2022",Production,No,
SCARING THE HOES,"Denzel Curry - John Wayne
(feat. Buzzy Lee) (prod. JPEGMAFIA)",Track 4 on Melt My Eyez See Your Future by Denzel Curry.,,"Mar 25, 2022",Production,Yes,
SCARING THE HOES,"Kenny Beats - Still
(feat. JPEGMAFIA) (prod. Kenny Beats)",Track 7 on Louie by Kenny Beats.,,"Aug 31, 2022",Feature,Yes,
SCARING THE HOES,"Y2K - DIRT
(feat. JPEGMAFIA) (prod. Y2K)",,,"Oct 28, 2022",Production,Yes,
SCARING THE HOES,"Kenny Beats - Still (Extended Edit)
(feat. JPEGMAFIA) (prod. Kenny Beats)",,,"Dec 2, 2022",Feature,Yes,
SCARING THE HOES,"⭐️ redveil - black enuff
(with JPEGMAFIA)","redveil single released on April 5th, 2023.",2:35,"Apr 5, 2023",Feature,Yes,
SCARING THE HOES,"Cero miedo (Freestyle)
(prod. Sparkheem, Spizzledoe & Mannyvelli)",,,"Feb 23, 2022",EP Track,No,
SCARING THE HOES,"Dirty30 (Freestyle)
(prod. Like)","Freestyle over Kendrick Lamar's ""Sing About Me, I'm Dying Of Thirst""",,"Feb 23, 2022",EP Track,No,
SCARING THE HOES,"All This Money 💸 (Freestyle)
(prod. DJ Premier)",,,"Feb 23, 2022",EP Track,No,
SCARING THE HOES,"IMX (Freestyle)
(prod. FranchiseDidIt)",,,"Feb 23, 2022",EP Track,No,
SCARING THE HOES,"Phone Tap (Freestyle)
(prod. Dr. Dre)",,,"Feb 23, 2022",EP Track,No,
SCARING THE HOES,"Lean Beef Patty
(with Danny Brown)","OG Filename: 1. LEAN BEAN PATTY_BECKER MASTER_SEQ2
Single released on March 13th, 2023, later released as track 1 on SCARING THE HOES.",,"Mar 13, 2023",Single,Yes,
SCARING THE HOES,"SCARING THE HOES
(with Danny Brown)
(STOP SCARING THE HOES)","OG Filename: 3. SCARING THE HOES (V2)_BECKER MASTER 2_SEQ2
Single released on March 21th, 2023, later released as track 3 on SCARING THE HOES.",,"Mar 21, 2023",Single,Yes,
SCARING THE HOES,"Steppa Pig
(with Danny Brown)","OG Filename: 2. STEPPA PIG_BECKER MASTER_SEQ2
Track 2 on SCARING THE HOES.",,"Mar 24, 2023",Album Track,Yes,
SCARING THE HOES,"⭐️ Garbage Pale Kids
(with Danny Brown)","OG Filename: 4. GARBAGE PALE KIDS_BECKER MASTER_SEQ1
Track 4 on SCARING THE HOES.",,"Mar 24, 2023",Album Track,Yes,
SCARING THE HOES,"⭐️ Fentanyl Tester
(with Danny Brown)","OG Filename: 5. FENTANYL TESTER_BECKER MASTER_SEQ1
Track 5 on SCARING THE HOES.",,"Mar 24, 2023",Album Track,Yes,
SCARING THE HOES,"⭐️ Burfict!
(with Danny Brown)
(AMEN + LEBRON)","OG Filename: 6. BURFICT! (NEW MIX)_BECKER MASTER 2_SEQ2
Track 6 on SCARING THE HOES.",,"Mar 24, 2023",Album Track,Yes,
SCARING THE HOES,"Shut Yo Bitch Ass Up / Muddy Waters
(with Danny Brown)","OG Filename: 7. SHUT YO BITCH ASS UP x MUDDY WATERS_BECKER MASTER_SEQ2
Track 7 on SCARING THE HOES.",,"Mar 24, 2023",Album Track,Yes,
SCARING THE HOES,"Orange Juice Jones
(with Danny Brown)","OG Filename: 8. ORANGE JUICE JONES_BECKER MASTER_SEQ2
Track 8 on SCARING THE HOES.",,"Mar 24, 2023",Album Track,Yes,
SCARING THE HOES,"⭐️ Kingdom Hearts Key
(with Danny Brown) (feat. redveil)","OG Filename: 9. KINGDOM HEARTS KEY_BECKER MASTER_SEQ2
Track 9 on SCARING THE HOES.",,"Mar 24, 2023",Album Track,Yes,
SCARING THE HOES,"⭐️ God Loves You
(with Danny Brown)
(FREESTYLIN 4 MY BITCH THIS MORNIN')","OG Filename: 10. GOD LOVES YOU_BECKER MASTER_SEQ2
Track 10 on SCARING THE HOES. Is this the mix those white people yell about?",,"Mar 24, 2023",Album Track,Yes,
SCARING THE HOES,"Run The Jewels [V1]
(with Danny Brown)
(DJ ASSUALT)","OG Filename: 11. RUN THE JEWELS_BECKER MASTER_SEQ2
Track 11 on SCARING THE HOES.",,"Mar 24, 2023",Album Track,Yes,
SCARING THE HOES,"Jack Harlow Combo Meal
(with Danny Brown)
(Jack Harlow Combo)","OG Filename: 12. JACK HARLOW COMBO MEAL_BECKER MASTER_SEQ2
Track 12 on SCARING THE HOES.",,"Mar 24, 2023",Album Track,Yes,
SCARING THE HOES,"HOE (Heaven On Earth)
(with Danny Brown)
(HOE (Heaven & Earth)","OG Filename: 13. HOE (HEAVEN ON EARTH)_BECKER MASTER_SEQ2
Track 13 on SCARING THE HOES.",,"Mar 24, 2023",Album Track,Yes,
SCARING THE HOES,"Where Ya Get Ya Coke From
(with Danny Brown)
(MOTHER OF GOD STEMMED)","OG Filename: 14. WHERE YA GET YA COKE FROM_BECKER MASTER_SEQ2.mp3
Track 14 on SCARING THE HOES.",,"Mar 24, 2023",Album Track,Yes,
SCARING THE HOES,"Guess What Bitch, We Back Hoe!
(with Danny Brown)",Track 1 on SCARING THE HOES: DLC PACK.,,"Jul 11, 2023",Album Track,Yes,
SCARING THE HOES,"HERMANOS
(with Danny Brown)",Track 2 on SCARING THE HOES: DLC PACK.,,"Jul 11, 2023",Album Track,Yes,
SCARING THE HOES,"Tell Me Where To Go
(with Danny Brown)",Track 3 on SCARING THE HOES: DLC PACK.,,"Jul 11, 2023",Album Track,Yes,
SCARING THE HOES,"NO! NO! NO! NO! NO! NO! NO! NO! NO! NO! NO! NO! NO! NO! NO! NO! NO! NO! NO! NO! NO! NO! NO! NO! NO! NO! NO! NO! NO! NO! NO! NO! [V1]
(with Danny Brown)
(NO! (X32))",Track 4 on SCARING THE HOES: DLC PACK.,,"Jul 11, 2023",Album Track,Yes,
SCARING THE HOES,"Run The Jewels [V2]
(with Danny Brown)","Extended version of ""Run The Jewels."" Added to the Bandcamp version of the album on February 13th, 2025. Features a new verse from each artist and a new outro.",,"Feb 13, 2025",Album Track,Yes,
SCARING THE HOES,"MANIC!
(prod. Alex Goose & JPEGMAFIA)
(TOXIC, FUCK PEGGY!)","Single released on October 17th, 2025, later used as track 19 on SCARING THE HOES: DIRECTOR'S CUT. Updated version of ""MANIC!"" from I HAVE FULFILLED MY CONTRACT that's faster & has alternate mixing.",,"Oct 17, 2025",Single,Yes,
SCARING THE HOES,"Guess What Bitch, We Back Hoe! [V2]
(with Danny Brown)",Track 1 on SCARING THE HOES: DIRECTOR'S CUT. Features an updated mix.,,"Oct 24, 2025",Album Track,Yes,
SCARING THE HOES,"Lean Beef Patty [V2]
(with Danny Brown)",Track 2 on SCARING THE HOES: DIRECTOR'S CUT. Features an updated mix.,,"Oct 24, 2025",Album Track,Yes,
SCARING THE HOES,"Steppa Pig [V2]
(with Danny Brown)",Track 3 on SCARING THE HOES: DIRECTOR'S CUT. Features an updated mix. Also switched places with the title track in the tracklist.,,"Oct 24, 2025",Album Track,Yes,
SCARING THE HOES,"SCARING THE HOES [V2]
(with Danny Brown)",Track 4 on SCARING THE HOES: DIRECTOR'S CUT. Features an updated mix.,,"Oct 24, 2025",Album Track,Yes,
SCARING THE HOES,"Garbage Pale Kids [V2]
(with Danny Brown)",Track 5 on SCARING THE HOES: DIRECTOR'S CUT. Features an updated mix.,,"Oct 24, 2025",Album Track,Yes,
SCARING THE HOES,"Fentanyl Tester [V2]
(with Danny Brown)",Track 6 on SCARING THE HOES: DIRECTOR'S CUT. Features an updated mix.,,"Oct 24, 2025",Album Track,Yes,
SCARING THE HOES,"Burfict! [V2]
(with Danny Brown)",Track 7 on SCARING THE HOES: DIRECTOR'S CUT. Features an updated mix.,,"Oct 24, 2025",Album Track,Yes,
SCARING THE HOES,"Shut Yo Bitch Ass Up / Muddy Waters [V2]
(with Danny Brown)",Track 8 on SCARING THE HOES: DIRECTOR'S CUT. Features an updated mix.,,"Oct 24, 2025",Album Track,Yes,
SCARING THE HOES,"Orange Juice Jones [V2]
(with Danny Brown)",Track 9 on SCARING THE HOES: DIRECTOR'S CUT. Features an updated mix.,,"Oct 24, 2025",Album Track,Yes,
SCARING THE HOES,"Kingdom Hearts Key [V2]
(with Danny Brown) (feat. redveil)",Track 10 on SCARING THE HOES: DIRECTOR'S CUT. Features an updated mix.,,"Oct 24, 2025",Album Track,Yes,
SCARING THE HOES,"God Loves You [V2]
(with Danny Brown)",Track 11 on SCARING THE HOES: DIRECTOR'S CUT. Features an updated mix.,,"Oct 24, 2025",Album Track,Yes,
SCARING THE HOES,"Run The Jewels [V3]
(with Danny Brown)",Track 12 on SCARING THE HOES: DIRECTOR'S CUT. Features an updated mix. Weirdly doesnt feature the extra verses.,,"Oct 24, 2025",Album Track,Yes,
SCARING THE HOES,"Tell Me Where To Go [V2]
(with Danny Brown)",Track 13 on SCARING THE HOES: DIRECTOR'S CUT. Features an updated mix.,,"Oct 24, 2025",Album Track,Yes,
SCARING THE HOES,"Jack Harlow Combo Meal [V2]
(with Danny Brown)",Track 14 on SCARING THE HOES: DIRECTOR'S CUT. Features an updated mix.,,"Oct 24, 2025",Album Track,Yes,
SCARING THE HOES,"HERMANOS [V2]
(with Danny Brown)",Track 15 on SCARING THE HOES: DIRECTOR'S CUT. Features an updated mix.,,"Oct 24, 2025",Album Track,Yes,
SCARING THE HOES,"HOE (Heaven On Earth) [V2]
(with Danny Brown)",Track 16 on SCARING THE HOES: DIRECTOR'S CUT. Features an updated mix.,,"Oct 24, 2025",Album Track,Yes,
SCARING THE HOES,"Where Ya Get Ya Coke From [V2]
(with Danny Brown)
(MOTHER OF GOD STEMMED)",Track 17 on SCARING THE HOES: DIRECTOR'S CUT. Features an updated mix.,,"Oct 24, 2025",Album Track,Yes,
SCARING THE HOES,"Danny Brown - Child's Play
(prod. JPEGMAFIA)",Track 18 on SCARING THE HOES: DIRECTOR'S CUT. Features an updated mix.,,"Oct 24, 2025",Album Track,Yes,
SCARING THE HOES,"Roaches
(with Danny Brown)",Track 20 on SCARING THE HOES: DIRECTOR'S CUT.,,"Oct 24, 2025",Album Track,Yes,
SCARING THE HOES,WHAT THE HIPHOP HELL IS THIS? [V1],,,,Other,No,
SCARING THE HOES,"MANIC!
(prod. Alex Goose & JPEGMAFIA)
(TOXIC, FUCK PEGGY!)",,,,Other,No,
SCARING THE HOES,SO SWEET!,,,,Other,No,
SCARING THE HOES,"BMT!
(NICE, BMT)",,,,Other,No,
SCARING THE HOES,MASTER BLASTER!,,,,Other,No,
SCARING THE HOES,FOR U I WILL!,,,,Other,No,
"0 OG File(s)
0 Full
0 Tagged
0 Partial
0 Snippet(s)
0 Unavailable",VULTURES 1,,,,,,
VULTURES 1,"STARS
(feat. The Hooligans) (prod. Kanye West, FNZ, SHDØW, Digital Nas, JPEGMAFIA, DJ Camper, The Legendary Traxster & Ojivolta)","Track 1 on Kanye West & Ty Dolla $ign's 2024 album VULTURES 1. Written by Kanye West, Tyrone Griffin Jr., Michael Mulé, Isaac De Boni, Samuel C. Lindley, Barrington D. Hendricks, Darhyl Camper Jr., Billy Ray Schlag, Lucien Parker, Quentin Miller, FNZ, The Legendary Traxster, JPEGMAFIA, Camper & Aver Ray. Samples ""Good Luck"" by Dijion. Interpolates the song ""Junya pt 2"" by Kanye West, Ty Dolla $ign & Playboi Carti.",1:55,"Feb 9, 2024",Album Track,Yes,
VULTURES 1,"DO IT
(feat. YG & Nipsey Hussle) (prod. Kanye West, Mustard, Wheezy, Chrishan, CuBeatz, LukasBL, DTP, The Legendary Traxster & JPEGMAFIA)",Track 7 on Kanye West & Ty Dolla $ign's 2024 album VULTURES 1.,3:45,"Feb 9, 2024",Album Track,Yes,
VULTURES 1,"FUK SUMN
(feat. Playboi Carti & Travis Scott) (prod. Digital Nas, Timbaland, SHDØW, Hubi, Chrishan & JPEGMAFIA)
(Smoking On Junt, FUKK SUMN, FUCK SUM)",Track 10 on Kanye West & Ty Dolla $ign's 2024 album VULTURES 1. Not on YouTube Music for an unknown reason.,3:29,"Feb 9, 2024",Album Track,Yes,
VULTURES 1,"BEG FORGIVENESS
(feat. Chris Brown) (prod. Kanye West, London on da Track, VITALS, Digital Nas, JPEGMAFIA, SHDØW, Anthony Kilhoffer & Aver Ray)",Track 13 on Kanye West & Ty Dolla $ign's 2024 album VULTURES 1.,6:08,"Feb 9, 2024",Album Track,Yes,
VULTURES 1,"KING
(prod. Kanye West, Lester Nowhere, Wheezy, Dez Wright, 88-Keys & JPEGMAFIA)
(STILL THE KING)",Track 16 and now turned to 15 on Kanye West & Ty Dolla $ign's 2024 album VULTURES 1.,2:36,"Feb 9, 2024",Album Track,Yes,
"0 OG File(s)
0 Full
0 Tagged
0 Partial
0 Snippet(s)
0 Unavailable",VULTURES 2,,,,,,
VULTURES 2,"🗑️ BELIEVER
(prod. Adam Vadel, BoogzDaBeast, & JPEGMAFIA)",Posted as the bonus track for VULTURES 2 DIGITAL DELUXE 2. (Garbage),3:12,"Aug 8, 2024",Album Track,No,
"0 OG File(s)
0 Full
0 Tagged
0 Partial
0 Snippet(s)
0 Unavailable",I LAY DOWN MY LIFE FOR YOU,,,,,,
I LAY DOWN MY LIFE FOR YOU,"NICK WAYNE (AEW Theme)
(with Photographic Memory & RAKE)",,,"Jul 17, 2023",Single,Yes,
I LAY DOWN MY LIFE FOR YOU,"Armand Hammer - Woke Up and Asked Siri How I'm Gonna Die
(feat. JPEGMAFIA) (prod. JPEGMAFIA)",,,"Aug 29, 2023",Feature,Yes,
I LAY DOWN MY LIFE FOR YOU,"Armand Hammer - Landlines
(prod. JPEGMAFIA)",,,"Sep 29, 2023",Production,Yes,
I LAY DOWN MY LIFE FOR YOU,"Armand Hammer - When It Doesn't Start With a Kiss
(prod. JPEGMAFIA & P.U.D.G.E.)",,,"Sep 29, 2023",Production,Yes,
I LAY DOWN MY LIFE FOR YOU,"Armand Hammer - The Key Is Under the Mat
(feat. JPEGMAFIA) (prod. JPEGMAFIA)",,,"Sep 29, 2023",Feature,Yes,
I LAY DOWN MY LIFE FOR YOU,"Armand Hammer - Gripewater
(feat. Dreamcrusher) (prod. JPEGMAFIA)",,,"Jan 25, 2024",Production,No,
I LAY DOWN MY LIFE FOR YOU,"Raveena - Junebug
(feat. JPEGMAFIA) (prod. Aaron Liao & Tyler Cole)",,,"Jun 5, 2024",Feature,Yes,
I LAY DOWN MY LIFE FOR YOU,"PlayThatBoiZay - YOO
(feat. JPEGMAFIA) (prod. Kwes Darko)",,,"Aug 23, 2024",Feature,Yes,
I LAY DOWN MY LIFE FOR YOU,i scream this in the mirror before i interact with anyone [V1],,,"Aug 1, 2024",Album Track,Yes,
I LAY DOWN MY LIFE FOR YOU,⭐️ SIN MIEDO,,,"Aug 1, 2024",Album Track,Yes,
I LAY DOWN MY LIFE FOR YOU,⭐️ I'll Be Right There,,,"Aug 1, 2024",Album Track,Yes,
I LAY DOWN MY LIFE FOR YOU,it's dark and hell is hot,,,"Aug 1, 2024",Album Track,Yes,
I LAY DOWN MY LIFE FOR YOU,"New Black History
(feat. Vince Staples)",,,"Aug 1, 2024",Album Track,Yes,
I LAY DOWN MY LIFE FOR YOU,don't rely on other men (album),,,"Aug 1, 2024",Album Track,Yes,
I LAY DOWN MY LIFE FOR YOU,vulgar display of power,,,"Aug 1, 2024",Album Track,Yes,
I LAY DOWN MY LIFE FOR YOU,Exmilitary,,,"Aug 1, 2024",Album Track,Yes,
I LAY DOWN MY LIFE FOR YOU,JIHAD JOE,,,"Aug 1, 2024",Album Track,Yes,
I LAY DOWN MY LIFE FOR YOU,"⭐️ JPEGULTRA!
(ft. Denzel Curry)",,,"Aug 1, 2024",Album Track,Yes,
I LAY DOWN MY LIFE FOR YOU,⭐️either on or off the drugs,,,"Aug 1, 2024",Album Track,Yes,
I LAY DOWN MY LIFE FOR YOU,✨loop it and leave it,,,"Aug 1, 2024",Album Track,Yes,
I LAY DOWN MY LIFE FOR YOU,"Don't Put Anything On the Bible
(feat. Buzzy Lee)",,,"Aug 1, 2024",Album Track,Yes,
I LAY DOWN MY LIFE FOR YOU,⭐️ i recovered from this [V1],,,"Aug 1, 2024",Album Track,Yes,
I LAY DOWN MY LIFE FOR YOU,i scream this in the mirror before i interact with anyone,,,,Album Track,No,
I LAY DOWN MY LIFE FOR YOU,"JPEGULTRA!
(ft. Denzel Curry)",,,,Album Track,No,
I LAY DOWN MY LIFE FOR YOU,"Don't Put Anything On the Bible
(feat. Buzzy Lee)",,,,Album Track,No,
I LAY DOWN MY LIFE FOR YOU,loop it and leave it,,,,Album Track,No,
I LAY DOWN MY LIFE FOR YOU,"New Black History (CULT STATUS)
(feat. Vince Staples)",,,,Album Track,No,
I LAY DOWN MY LIFE FOR YOU,Come & Get Me [Demo],,,,Album Track,No,
I LAY DOWN MY LIFE FOR YOU,Come & Get Me [V1],,,,Album Track,No,
I LAY DOWN MY LIFE FOR YOU,Come & Get Me [V2],,,,Album Track,Yes,
I LAY DOWN MY LIFE FOR YOU,PROTECT THE CROSS [V1],,,,Album Track,Yes,
I LAY DOWN MY LIFE FOR YOU,I.S. 231,,,,Album Track,Yes,
I LAY DOWN MY LIFE FOR YOU,PROTECT THE CROSS [V2],,,,Album Track,Yes,
I LAY DOWN MY LIFE FOR YOU,Jordan Rules,,,,Album Track,Yes,
I LAY DOWN MY LIFE FOR YOU,"⭐️CULT STATUS
(New Black History)",,,,Album Track,Yes,
I LAY DOWN MY LIFE FOR YOU,"i lay down my life for you
(feat. Buzzy lee)",,,,Album Track,Yes,
I LAY DOWN MY LIFE FOR YOU,⭐️ Boy You Should Know!,,,,Album Track,Yes,
I LAY DOWN MY LIFE FOR YOU,i recovered from this [V2],,,,Album Track,Yes,
I LAY DOWN MY LIFE FOR YOU,ALLAH,,,,Album Track,Yes,
I LAY DOWN MY LIFE FOR YOU,⭐️ what The hip hop hell is this?,,,,Album Track,Yes,
I LAY DOWN MY LIFE FOR YOU,Come & Get Me,,,,Album Track,Yes,
I LAY DOWN MY LIFE FOR YOU,"Bloodline Freestyle (2022 Demo)
(Acknowledge Me Freestyle)","Comes from SCARING THE HOES Sessions, was leaked in 2022/2023 and was brought back for the Director's Cut of ILDMLFY, unknown why Peggy would put a, at the time, three year old demo from a different era on a DC for a diff album",,,Album Track,Yes,
I LAY DOWN MY LIFE FOR YOU,"HATE
(feat. FREAKYMAFIACULT)",,,,Album Track,Yes,
I LAY DOWN MY LIFE FOR YOU,"⭐️CULT STATUS
(New Black History)",,,,Album Track,Yes,
I LAY DOWN MY LIFE FOR YOU,tour idea feb 1st 2025 (demo),,,,Album Track,Yes,
"0 OG File(s)
0 Full
0 Tagged
0 Partial
0 Snippet(s)
0 Unavailable",We Live In A Society,,,,,,
We Live In A Society,"Track 1
(with Flume)",,6:36,"Apr 24, 2025",EP Track,Yes,https://open.spotify.com/track/5Pf4hNsNZMHjuKTTwsJuYK?si=9c7ac3331b704b19
We Live In A Society,"AI Girlfriend
(with Flume)",,3:36,"May 1, 2025",EP Track,Yes,https://open.spotify.com/track/64ienLPnWyDcZheKY1Xx2H?si=1edc61377acb4291
We Live In A Society,"Is It Real?
(with Flume) (feat. Ravyn Lenae)",,2:49,"May 2, 2025",EP Track,Yes,https://open.spotify.com/track/3tYxKs4D1Xqyt9xR8soVdr?si=e02bfb1375094e38
We Live In A Society,"⭐️ The Ocean Is Fake
(with Flume)",,3:24,"May 2, 2025",EP Track,Yes,https://open.spotify.com/track/0CLhnyxjRUhM9bH1QyUZ17?si=0e2f40ab85bc4af0
We Live In A Society,⭐ Valentine's Day Freestyle '25,,2:26,"Feb 15, 2025",Single,Yes,
We Live In A Society,get em girls freestyle,"Freestyle from Peggy from On The Radar show, speculated to show up on IN THE MAFIA WE TRUST",,"Mar 28, 2026",Single,Yes,
"0 OG File(s)
0 Full
0 Tagged
0 Partial
0 Snippet(s)
0 Unavailable",EXPERIMENTAL RAP,,,,,,
EXPERIMENTAL RAP,babygirl,"Single released on April 30th, 2026, later used as track 2 on EXPERIMENTAL RAP.",2:27,"Apr 30, 2026",Single,Yes,
EXPERIMENTAL RAP,War Over Land,"Single released on May 7th, 2026, later used as track 19 on EXPERIMENTAL RAP.",2:54,"May 7, 2026",Single,Yes,
EXPERIMENTAL RAP,¥ (Yen),"Single released on May 16th, 2026, later used as track 11 on EXPERIMENTAL RAP.",2:01,"May 16, 2026",Single,Yes,
EXPERIMENTAL RAP,$ (Money),"OG File Name: 4. $ (Money) 3
Single released on May 20th, 2026, later used as track 4 on EXPERIMENTAL RAP.",2:15,"May 20, 2026",Single,Yes,
EXPERIMENTAL RAP,"投影の芸術
(The Art of Projection)",Track 1 on EXPERIMENTAL RAP.,0:57,"May 21, 2026",Album Track,Yes,
EXPERIMENTAL RAP,Burning Hammer,Track 3 on EXPERIMENTAL RAP.,3:14,"May 21, 2026",Album Track,Yes,
EXPERIMENTAL RAP,"Pop this Heat
(prod. JPEGMAFIA & Billy Ray Schlag)",Track 5 on EXPERIMENTAL RAP.,1:56,"May 21, 2026",Album Track,Yes,
EXPERIMENTAL RAP,Meet the Dealers,Track 6 on EXPERIMENTAL RAP.,2:42,"May 21, 2026",Album Track,Yes,
EXPERIMENTAL RAP,head,Track 7 on EXPERIMENTAL RAP.,1:43,"May 21, 2026",Album Track,Yes,
EXPERIMENTAL RAP,"Degenerates Prayer [Streaming Version] [V1]
(u are not alone)",Track 8 on the standard version of EXPERIMENTAL RAP.,2:13,"May 21, 2026",Album Track,Yes,
EXPERIMENTAL RAP,Degenerate's Prayer [SoundCloud Version] [V1],Track 8 on the SoundCloud version of EXPERIMENTAL RAP.,2:13,"May 21, 2026",Album Track,Yes,
EXPERIMENTAL RAP,The Ghost Of Emmett Till,"Track 9 on EXPERIMENTAL RAP. Shares the same sample as ""BUFFALO"" by Tyler, The Creator & ""Numbers on The Board"" by Pusha T.",1:56,"May 21, 2026",Album Track,Yes,
EXPERIMENTAL RAP,✨ Since I Met Ye,Track 10 on EXPERIMENTAL RAP.,1:59,"May 21, 2026",Album Track,Yes,
EXPERIMENTAL RAP,GYBB,Track 12 on EXPERIMENTAL RAP.,,"May 21, 2026",Album Track,Yes,
EXPERIMENTAL RAP,TSAR BOMBA,"Track 13 on EXPERIMENTAL RAP, was taken down due to the sample not being cleared by the original sample's artist and replaced with ""Valentine's Day Freestyle 2026"".",,"May 21, 2026",Album Track,Yes,
EXPERIMENTAL RAP,Mask On,Track 14 on EXPERIMENTAL RAP.,,"May 21, 2026",Album Track,Yes,
EXPERIMENTAL RAP,"His Will
(prod. JPEGMAFIA & Billy Ray Schlag)",Track 15 on EXPERIMENTAL RAP.,,"May 21, 2026",Album Track,Yes,
EXPERIMENTAL RAP,Lights,"Track 16 on EXPERIMENTAL RAP. Samples ""All Of The Lights"" by Kanye West",,"May 21, 2026",Album Track,Yes,
EXPERIMENTAL RAP,New Era,Track 17 on EXPERIMENTAL RAP.,,"May 21, 2026",Album Track,Yes,
EXPERIMENTAL RAP,"One Day it Will Be Over
(prod. JPEGMAFIA & Billy Ray Schlag)",Track 18 on EXPERIMENTAL RAP.,,"May 21, 2026",Album Track,Yes,
EXPERIMENTAL RAP,"Bridges on Fire
(feat. Buzzy Lee)",Track 20 on EXPERIMENTAL RAP.,,"May 21, 2026",Album Track,Yes,
EXPERIMENTAL RAP,No Strippers In Heaven,Track 21 on EXPERIMENTAL RAP.,,"May 21, 2026",Album Track,Yes,
EXPERIMENTAL RAP,"內戰
(Civil War)","Track 22 on EXPERIMENTAL RAP, apparently made in 2022",,"May 21, 2026",Album Track,Yes,
EXPERIMENTAL RAP,Chat,Track 23 on EXPERIMENTAL RAP.,,"May 21, 2026",Album Track,Yes,
EXPERIMENTAL RAP,"🗑️ The 1st Amendment
(gang violence)",Track 24 on EXPERIMENTAL RAP. Charlie Kirk mentioned.,,"May 21, 2026",Album Track,Yes,
EXPERIMENTAL RAP,"⭐️ You will always lose money chasing women, but you will never lose women chasing money",Track 25 on EXPERIMENTAL RAP.,,"May 21, 2026",Album Track,Yes,
EXPERIMENTAL RAP,"u are not alone [Streaming Version] [V2]
(Degenerates Prayer)",Version with an alternate mix.,2:14,"May 25, 2026",Album Track,Yes,
EXPERIMENTAL RAP,Degenerate's Prayer [Bandcamp Version] [V2],Version with an intro sampling a speech by DMX.,2:31,"May 25, 2026",Album Track,Yes,
EXPERIMENTAL RAP,"GOD
(TALKING TO GOD)","Apparently the BC version of Degenrates Prayer, but could be different.",,,Album Track,,https://www.youtube.com/watch?v=uxiSVSrH5GQ&list=RDuxiSVSrH5GQ&start_radio=1
EXPERIMENTAL RAP,"???
(Barbra Streisand Cover)","On JPEGMAFIA's instagram, he said he was going to cover Superman by Barbra Streisand.",,,Album Track,,
EXPERIMENTAL RAP,??? [EXPERIMENTAL RAP Songs],,,,Other,,
EXPERIMENTAL RAP,"Joey Valence & Brae - WASSUP
(feat. JPEGMAFIA) (prod. Joey Valence)",Track 7 on HYPERYOUTH by Joey Valance & Brae,,"Jun 13, 2025",Single,Yes,
EXPERIMENTAL RAP,"⭐ Kevin Abstract - NOLA
(with Ameer Vann, Love Spells, Truly Young, Diego, Drigo, JPEGMAFIA, and Quadeca) (prod. Quadeca)",Track 6 on Blush by Kevin Abstract.,3:11,"Jun 27, 2025",Feature,Yes,
EXPERIMENTAL RAP,"Geese - Trinidad
(prod. Geese & Kenneth Blume) (add. JPEGMAFIA)",Track 1 on Getting Killed by Geese.,3:44,"Jul 29, 2025",Other,Yes,
EXPERIMENTAL RAP,"Fred again.. - OK OK (Hamdi Remix)
(with Danny Brown, BEAM, PARISI, and JPEGMAFIA) (prod. Fred again.., Hamdi, Darcy Lewis & PARISI)",,3:16,"Jan 30, 2026",Feature,Yes,
EXPERIMENTAL RAP,"BTS - FYA
(prod. Diplo, Flume & NITTI) (add. JPEGMAFIA, Aldae, Kurtis Wells, Diplo, RM, Jung Kook, NITTI, Flume & SUGA)","Track 4 on ARIRANG by BTS JPEGMAFIA is citied to have writer credits on this track, no clue why",2:27,"Apr 30, 2026",Single,Yes,
EXPERIMENTAL RAP,"Kanye West - KING
(prod. Kanye West, André Troutman, Che Pope, Just Da 1, Sheffmade & The Legendary Traxster) (add. 
JPEGMAFIA, Kanye West & Wheezy)","Track 1 on BULLY by Ye. JPEGMAFIA is citied to have writer credits on this track, unknown why Peggy would write for the track given their relationship after Ye had a manic bipolar episode in 2025, however in a recent interview Peggy did defend Ye after he was banned from the UK, but he cited it as because of Ye being black and not his 2025 actions, meaning that is likely unrelated to the status of their relationship.",2:54,"Mar 28, 2026",Single,Yes,
EXPERIMENTAL RAP,"matt proxy - SORRY
(add. JPEGMAFIA)",,,,Other,Yes,
EXPERIMENTAL RAP,"matt proxy - FEEL THE SAME
(add. JPEGMAFIA)",,,,Other,Yes,
EXPERIMENTAL RAP,Valentines Day Freestyle '26,"Released after EXPERIMENTAL RAP dropped (so after Valentines Day??), ended up replacing TSAR BOMBA on all releases.",,,Other,Yes,
"0 OG File(s)
0 Full
0 Tagged
0 Partial
0 Snippet(s)
0 Unavailable",Ongoing,,,,,,
Ongoing,"Maxo Kream - Fake Jeezy
(feat. Denzel Curry & JPEGMAFIA) (prod. JPEGMAFIA)","Track 7 on O.Y.N, released as a single on January 16th 2026.",,"Jan 16, 2026",Other,Yes,
Ongoing,"Maxo Kream - Fake Jeezy [Clean]
(feat. Denzel Curry & JPEGMAFIA) (prod. JPEGMAFIA)",Clean version.,,"Jan 16, 2026",Other,Yes,
Ongoing,"Maxo Kream - Time Out
(prod. JPEGMAFIA)","Track 5 on O.Y.N, released as a single on June 12th 2026.",,"Jun 12, 2026",Other,Yes,
Ongoing,"Maxo Kream - 6 Months Clean
(prod. JPEGMAFIA)",Track 1 on O.Y.N.,,"Jun 26, 2026",Other,Yes,
Ongoing,"Maxo Kream -  O.Y.N
(prod. JPEGMAFIA)",Track 2 on O.Y.N.,,"Jun 26, 2026",Other,Yes,
Ongoing,"Maxo Kream - 30 N Dirty
(prod. JPEGMAFIA)",Track 3 on O.Y.N.,,"Jun 26, 2026",Other,Yes,
Ongoing,"Maxo Kream - This Shit Going Out
(prod. JPEGMAFIA)",Track 4 on O.Y.N.,,"Jun 26, 2026",Other,Yes,
Ongoing,"Maxo Kream - Cum Over
(feat. Isaiah Falls) (prod. JPEGMAFIA)",Track 6 on O.Y.N.,,"Jun 26, 2026",Other,Yes,
Ongoing,"Maxo Kream - How I'm Coming
(feat. Cartel Bo, KCG Josh & LoLife Blacc) (prod. JPEGMAFIA)",Track 8 on O.Y.N.,,"Jun 26, 2026",Other,Yes,
Ongoing,"Maxo Kream - How TF I'm Lucky
(prod. JPEGMAFIA)",Track 9 on O.Y.N.,,"Jun 26, 2026",Other,Yes,
Ongoing,"Denzel Curry & Kenny Beats - EVIL GRIN
(feat. JPEGMAFIA) (prod. Kenny Beats)",Track 2 on ii by Denzel Curry & Kenny Beats,2:22,,Other,Yes,
Ongoing,"Denzel Curry & Kenny Beats - CANDLELIGHT
(prod. Kenny Beats) (add. JPEGMAFIA)","Track 3 on ii by Denzel Curry & Kenny Beats, JPEGMAFIA is cited as a composer on the track",2:46,,Other,Yes,
Ongoing,"matt proxy - MEANT2B
(add. JPEGMAFIA)",,,,Other,Yes,
Ongoing,"matt proxy - MISERY
(add. JPEGMAFIA)",,,,Other,Yes,
Ongoing,"matt proxy - JEALOUSY IS A BITCH I HATE HER
(add. JPEGMAFIA)",,,,Other,,
