Era,Name,Notes,File Date,Leak Date,Full Length,BPM,Available Length,Quality,Link(s)
The Rockwood Escape Plan,Quisha,"Partial instrumental to ""Quisha"", released onto YouTube on February 25th, 2012. Would later be used as a basis for the November 2013 version.",,,,"Partial instrumental to ""Quisha"", released onto YouTube on February 25th, 2012. Would later be used as a basis for the November 2013 version.",,High Quality,
The Rockwood Escape Plan,"Lil B - I Love You
(prod. PicheDreams)","Instrumental to ""I Love You"" by Lil B, released onto YouTube on March 10th, 2012.",,,,"Instrumental to ""I Love You"" by Lil B, released onto YouTube on March 10th, 2012.",,High Quality,
THE GHOST~POP TAPE,"Black Materia
(Seven)","Instrumental to ""Black Materia,"" released on September 3rd, 2013 as part of the GenY⁵ version of THE GHOST~POP TAPE. Has an alternate intro.",,,4:05,"Instrumental to ""Black Materia,"" released on September 3rd, 2013 as part of the GenY⁵ version of THE GHOST~POP TAPE. Has an alternate intro.",,Lossless,https://pillows.su/f/18fd2026473ff658891e2fa190795395
THE GHOST~POP TAPE,Pu$$y #3,"Instrumental to ""Pu$$y #3"", released onto YouTube on November 15th, 2012. Linked is a fake .AIFF file provided by Zen Dash. Fake because when put into Spek, it shows it to be a YouTube rip.",,,,"Instrumental to ""Pu$$y #3"", released onto YouTube on November 15th, 2012. Linked is a fake .AIFF file provided by Zen Dash. Fake because when put into Spek, it shows it to be a YouTube rip.",,High Quality,
THE GHOST~POP TAPE,Pu$$y #3,"Zen Dash's acapella for ""Pu$$y #3"".",,,,"Zen Dash's acapella for ""Pu$$y #3"".",,Lossless,https://pillows.su/f/7ea0ab4f60c1cec9911351eb8694bf3c
Communist Slow Jams,like it to much (instrumental),"What might be the original instrumental for ""Florescence"" by Movakween, previewed in HTBAR 7",,,,"What might be the original instrumental for ""Florescence"" by Movakween, previewed in HTBAR 7",,CD Quality,https://pillows.su/f/ee1f29c942404602e8691d69d0f7eb57
Communist Slow Jams,Unknown [ATG70/Whale Life Productions Collaboration],"Mentioned by ATG70 in a YouTube comment under a video of his, apparently a feature. Confirmed to have never been released.",,,,"Mentioned by ATG70 in a YouTube comment under a video of his, apparently a feature. Confirmed to have never been released.",,Not Available,
Darkskin Manson,"⭐️ BANG
(Ode to Chief Keef, BANG (Ode to Chief Keef))",Included on Llamadon's The Llama Tape Volume One & Darkskin Manson Movie. Has worse mixing & less instrumentation.,,,2:24,Included on Llamadon's The Llama Tape Volume One & Darkskin Manson Movie. Has worse mixing & less instrumentation.,,High Quality,https://pillows.su/f/622beea4125f734d986656d11ac397f8
Darkskin Manson,✨ I’m broke & I want to die3,Throwaway song from supposedly 2015. Was played at HTBAR 9. The vocals are likely sampled.,,,0:40,Throwaway song from supposedly 2015. Was played at HTBAR 9. The vocals are likely sampled.,,CD Quality,https://pillows.su/f/716c441481247bb729708a3af847d990
Darkskin Manson,LL Cool J [V1],"Unfinished version of ""LL Cool J"" that was made around the time Darkskin Manson was being recorded. Mentioned in the descprition of the song in the Black Ben Carson PDF file. Exact differences unknown.",,,,"Unfinished version of ""LL Cool J"" that was made around the time Darkskin Manson was being recorded. Mentioned in the descprition of the song in the Black Ben Carson PDF file. Exact differences unknown.",,Not Available,https://imgur.com/a/Ag9v89y
Darkskin Manson,Robitussin,"Version of ""Robitussin"" without the :3LON feature. This version was used in the Darkskin Manson Movie.",,,2:53,"Version of ""Robitussin"" without the :3LON feature. This version was used in the Darkskin Manson Movie.",,CD Quality,https://pillows.su/f/0ab9bc23bfe00be9438e66c1ee39983a
Darkskin Manson,The 27 Club [Darkskin Manson Version],"A preview of the remastered instrumental found in the Darkskin Manson movie as it's likely that JPEGMAFIA was working on it at the time for his future project. Has different mixing when compared to the Black Ben Carson version, sounding closer to the The Rockwood Escape Plan Version. Unknown if the song was ever intended for Darkskin Manson.",,,,"A preview of the remastered instrumental found in the Darkskin Manson movie as it's likely that JPEGMAFIA was working on it at the time for his future project. Has different mixing when compared to the Black Ben Carson version, sounding closer to the The Rockwood Escape Plan Version. Unknown if the song was ever intended for Darkskin Manson.",,CD Quality,https://pillows.su/f/48285b30292fe0f2165b95b98ab126f7
Black Ben Carson,Black Ben Carson [Album],"Instrumentals from Black Ben Carson, available on both Bandcamp & streaming services.",,,,"Instrumentals from Black Ben Carson, available on both Bandcamp & streaming services.",,Lossless,
The 2nd Amendment,Boyz 2 Men,"Instrumental to ""Boyz 2 Men.""",,,,"Instrumental to ""Boyz 2 Men.""",,CD Quality,https://pillows.su/f/1be94f1e1cc8d9da1acf7e3d79cf7c49
The 2nd Amendment,"Hop Out the Pussy I'm 21
(prod. JPEGMAFIA & Freaky)","Instrumental to ""Hop Out the Pussy I'm 21.""",,,,"Instrumental to ""Hop Out the Pussy I'm 21.""",,CD Quality,https://pillows.su/f/edb2f5a9f65a03b9003bb6a629d729ae
The 2nd Amendment,Lets Hit a Lick On The White House!,"Instrumental to ""Lets Hit a Lick On The White House!""",,,,"Instrumental to ""Lets Hit a Lick On The White House!""",,CD Quality,https://pillows.su/f/83309d620a3ac856f3ec9edf167800a1
Veteran,"Black Kanye West [V1]
(Baby I'm Bleeding)","Original version of ""Baby I'm Bleeding"" played in a live performance from December 31st, 2016 at LITFEST. Features a slighlty different beat, which is confirmed to have been made in 2015, and a few lyric differences, some of which were probably unintentional judging by the fact he repeats them 2 or 3 times. The song title likely continued the ""Black ___"" trend from Black Ben Carson, but was also confimed by JPEG to be temporary right before the song started playing.",,"Dec 31, 2016",2:47,"Original version of ""Baby I'm Bleeding"" played in a live performance from December 31st, 2016 at LITFEST. Features a slighlty different beat, which is confirmed to have been made in 2015, and a few lyric differences, some of which were probably unintentional judging by the fact he repeats them 2 or 3 times. The song title likely continued the ""Black ___"" trend from Black Ben Carson, but was also confimed by JPEG to be temporary right before the song started playing.",,Recording,https://youtu.be/XX4WX5zTOkE
Veteran,"Boy George [V1]
(feat. Dyyo Faccina)
(Clout Tokens)","Original version of ""Clout Tokens"" with alternate mixing.",,,2:10,"Original version of ""Clout Tokens"" with alternate mixing.",,CD Quality,https://pillows.su/f/00853b184bb03bf8a0de51a48acfe6f3
Veteran,Dayum [V1],"In the INJURY RESERVE IS DISAPPOINTED video, Peggy previews an old version of Dayum where he says that this was originally ""a whole track"". Possibly the release track with some parts of the beat muted.",,"Feb 29, 2020",,"In the INJURY RESERVE IS DISAPPOINTED video, Peggy previews an old version of Dayum where he says that this was originally ""a whole track"". Possibly the release track with some parts of the beat muted.",,Recording,https://pillows.su/f/3e2b5d0c6b7202f94737a67c10dbe17f
Veteran,"⭐️ fam no autotune
(Fam)","OG Filename: fam no autotune
Throwaway song made during the Veteran sessions in 2017. Leaked on SoundCloud on September 19th, 2023 by radio/jupzn. Not much information about it.",,"Sep 19, 2023",3:25,"OG Filename: fam no autotune
Throwaway song made during the Veteran sessions in 2017. Leaked on SoundCloud on September 19th, 2023 by radio/jupzn. Not much information about it.",,High Quality,https://pillows.su/f/f49472d978cdfa4f74e39d557eac9787
Veteran,Ghost Riddim,"Instrumental shared in JPEGMAFIA's FBR Summer School GuestMix1 mix on July 27, 2017.",,"Jul 27, 2017",3:32,"Instrumental shared in JPEGMAFIA's FBR Summer School GuestMix1 mix on July 27, 2017.",,CD Quality,https://pillows.su/f/652ecddb800caa0bbac4fec52e0c2a3d
Veteran,Gold Codes,"Track mentioned in the ""thoughts.txt"" file that came with the initial release for Veteran as ""half-way or all the way written"" for the album. Unknown if it corresponds to any of the final tracks on the album, though it should be noted that the final name for DD Form 214 appears in the same file as well.",,,,"Track mentioned in the ""thoughts.txt"" file that came with the initial release for Veteran as ""half-way or all the way written"" for the album. Unknown if it corresponds to any of the final tracks on the album, though it should be noted that the final name for DD Form 214 appears in the same file as well.",,Not Available,
Veteran,I Cannot Fucking Wait Til Morrissey Dies [V1],"Possibly the original version of ""I Cannot Fucking Wait Til Morrissey Dies"" that features more developed instrumental outro and lasts 2 and a half minutes long. Was used by JPEG during the live performences at his February 18th, 2018 show in Atlanta with him freestyling a few lyrics during the outro. Released in early August 2025 on his Bandcamp, but with a slightly different mix from this version.",,"Feb 18, 2018",2:31,"Possibly the original version of ""I Cannot Fucking Wait Til Morrissey Dies"" that features more developed instrumental outro and lasts 2 and a half minutes long. Was used by JPEG during the live performences at his February 18th, 2018 show in Atlanta with him freestyling a few lyrics during the outro. Released in early August 2025 on his Bandcamp, but with a slightly different mix from this version.",,Recording,https://youtu.be/aoOB7Rw7XWc
Veteran,I Cannot Fucking Wait Til Morrissey Dies [V2],"Later, cut-down version of ""I Cannot Fucking Wait Til Morrissey Dies"". Played on the UCLA radio station in Los Angeles Cali sometime after the release of Veteran. The extended instrumental was played a few times live and was later released on vinyl.",,,1:34,"Later, cut-down version of ""I Cannot Fucking Wait Til Morrissey Dies"". Played on the UCLA radio station in Los Angeles Cali sometime after the release of Veteran. The extended instrumental was played a few times live and was later released on vinyl.",,High Quality,"https://pillows.su/f/df88e751c03d55ce83dd6f8c801942ea
https://youtu.be/D8EjnAu-Spc?t=1852"
Veteran,man purse [V1],"Rough version of Man Purse when it was a ""different song"" and only had the first part. Confirmed to have existed in an interview from January 2018",,,,"Rough version of Man Purse when it was a ""different song"" and only had the first part. Confirmed to have existed in an interview from January 2018",,Not Available,https://youtu.be/LSaaatce_6Y?t=2598
Veteran,man purse [V2],"Rough demo instrumental for ""Man Purse""",,,,"Rough demo instrumental for ""Man Purse""",,Recording,
Veteran,"Look At That Lean
(feat. Anna Notte) (prod. JPEGMAFIA & Anna Notte)",Throwaway song performed live on July 1st 2016 at The Crown in Baltimore with a feature and production from Anne Notte. Was supposed to be released sometime after the performance but it's unknown if it actually was at any time.,,"Jul 1, 2016",3:35,Throwaway song performed live on July 1st 2016 at The Crown in Baltimore with a feature and production from Anne Notte. Was supposed to be released sometime after the performance but it's unknown if it actually was at any time.,,Recording,https://youtu.be/1DfFr24itRM?si=WTdFdkSBZQDKrqpf
Veteran,New Nigga Down,"Song previewed on HTBAR 10, later rapped over by Zen Dash. Made sometime in 2016 after the release of Black Ben Carson.",,,5:34,"Song previewed on HTBAR 10, later rapped over by Zen Dash. Made sometime in 2016 after the release of Black Ben Carson.",,CD Quality,
Veteran,"Qie Pasa [V1]
(I D C, My Thoughts on Neogaf Dying)","Original version of ""My Thoughts on Neogaf Dying"" meant as a sort of instrumental to be further rapped over. In this version, the verse is pitched down like the chorus vocals are in the final version.",,,2:30,"Original version of ""My Thoughts on Neogaf Dying"" meant as a sort of instrumental to be further rapped over. In this version, the verse is pitched down like the chorus vocals are in the final version.",,Lossless,
Veteran,"Suicide Emoji [V1]
(Panic Emoji, 😱)","First known version of the Veteran track ""Panic Emoji"". Seen on an Instagram post from December 2016. Over twice the length of the final album version, perhaps just being an extended beat or containing an extended intro or outro. In the screenshot the album is labeled as ""Veteran: Th...""",,,6:05,"First known version of the Veteran track ""Panic Emoji"". Seen on an Instagram post from December 2016. Over twice the length of the final album version, perhaps just being an extended beat or containing an extended intro or outro. In the screenshot the album is labeled as ""Veteran: Th...""",,Not Available,
Veteran,"Panic Emoji [V2]
(Suicide Emoji, 😱)","Original early version of ""Panic Emoji"" that was performed live at ALL STAR LANES sometime in late 2016 or early 2017. Features an intro sample, very different lyrics and song structure, and some minor beat differences. The lyrics are almost unintelligible due to the audio quality of the recording. The song was cut slightly early due to Peggy running out of breath.",,,,"Original early version of ""Panic Emoji"" that was performed live at ALL STAR LANES sometime in late 2016 or early 2017. Features an intro sample, very different lyrics and song structure, and some minor beat differences. The lyrics are almost unintelligible due to the audio quality of the recording. The song was cut slightly early due to Peggy running out of breath.",,Recording,https://youtu.be/aFwMIVu5qlc?si=ZpnfyQ83v9leOtw7
Veteran,"The Pressures Of A Millennial [V1]
(Thug Tears)","Original version of ""Thug Tears"". Differences between this version and release besides the name are unknown. Likely recorded in 2016, as JPEG says he's 26 in the release lyrics, and he turned 27 in Oct 2016.",,,3:18,"Original version of ""Thug Tears"". Differences between this version and release besides the name are unknown. Likely recorded in 2016, as JPEG says he's 26 in the release lyrics, and he turned 27 in Oct 2016.",,Not Available,https://imgur.com/a/bhStvIl
Veteran,"The Sound Nazi's Make When You Shoot Them
(feat. Single Boy)","Shows up when searching for JPEGMAFIA via Apple Music For Artists. Was uploaded to DSPs between January and March of 2018. Was also uploaded to a Bandcamp draft alongside ""ash my blunt on a suspended license / don't ruin that boy"", which dates the song to mid-2016. Has a feature named ""Single Boy"", but it's unknown if this was an actual person or an alter-ego of JPEG. Never ended up releasing.",,,,"Shows up when searching for JPEGMAFIA via Apple Music For Artists. Was uploaded to DSPs between January and March of 2018. Was also uploaded to a Bandcamp draft alongside ""ash my blunt on a suspended license / don't ruin that boy"", which dates the song to mid-2016. Has a feature named ""Single Boy"", but it's unknown if this was an actual person or an alter-ego of JPEG. Never ended up releasing.",,Not Available,
Veteran,"The Who [V1]
(feat. Eyas)","The original version of the song was said by JPEGMAFIA to be a Veteran throwaway when the song was released. Eyas was likely on the track at this time due to her being from Baltimore, but this is not confirmed for certain.",,,,"The original version of the song was said by JPEGMAFIA to be a Veteran throwaway when the song was released. Eyas was likely on the track at this time due to her being from Baltimore, but this is not confirmed for certain.",,Not Available,https://imgur.com/a/KURp7jq
Veteran,Vote With A Dollar [V1],"A solo version of ""Vote With A Dollar"" from Deathbomb Arc's False Positive Crew",,,,"A solo version of ""Vote With A Dollar"" from Deathbomb Arc's False Positive Crew",,Not Available,
Veteran,Williamsburg [V1],"Williamsburg is said by JPEG in the Veteran liner notes to have been recorded in Bed-Stuy in Brooklyn. This likely occurred around when JPEG performed at Trans-Pecos on Oct 15, 2016.",,,,"Williamsburg is said by JPEG in the Veteran liner notes to have been recorded in Bed-Stuy in Brooklyn. This likely occurred around when JPEG performed at Trans-Pecos on Oct 15, 2016.",,Not Available,
Veteran,Williamsburg / Call Me Maybe [V2],"Cover of ""Call Me Maybe"" performed over the Williamsburg instrumental from JPEGMAFIA's performance as Ghost Pop for Baltimore's ""4 Hours of Sad"" event on December 21st, 2016. Instrumental lacks the ""Butterfly Effect"" sample of the final version, as that track had not released yet. Instrumental potentially lacks the intro of the final version, as it is uncertain what verse JPEGMAFIA is on in his cover.",,"Dec 21, 2016",,"Cover of ""Call Me Maybe"" performed over the Williamsburg instrumental from JPEGMAFIA's performance as Ghost Pop for Baltimore's ""4 Hours of Sad"" event on December 21st, 2016. Instrumental lacks the ""Butterfly Effect"" sample of the final version, as that track had not released yet. Instrumental potentially lacks the intro of the final version, as it is uncertain what verse JPEGMAFIA is on in his cover.",,Recording,https://www.youtube.com/shorts/csfB_4rJoOE
Veteran,Yours,"Track mentioned in the ""thoughts.txt"" file that came with the initial release for Veteran as ""half-way or all the way written"" for the album. Unknown if it corresponds to any of the final tracks on the album, though the final name for DD Form 214 appears in the same file as well.",,,,"Track mentioned in the ""thoughts.txt"" file that came with the initial release for Veteran as ""half-way or all the way written"" for the album. Unknown if it corresponds to any of the final tracks on the album, though the final name for DD Form 214 appears in the same file as well.",,Not Available,
Veteran,"??? [EP]
(All My Heroes Are Cornballs)","In an interview when asked about his next project JPEGMAFIA said that he has an EP in the works coming out later on in 2018 that featured a country song and a Streets Boys cover, which is most likely Millennium Freestyle. It's likely that this EP became All My Heroes Are Cornballs as JPEGMAFIA kept creating more and more material for it.",,,,"In an interview when asked about his next project JPEGMAFIA said that he has an EP in the works coming out later on in 2018 that featured a country song and a Streets Boys cover, which is most likely Millennium Freestyle. It's likely that this EP became All My Heroes Are Cornballs as JPEGMAFIA kept creating more and more material for it.",,Not Available,https://youtu.be/DAGG9Hnz5Ec?t=560
All My Heroes Are Cornballs,"100 Round Drum
(with Danny Brown, Fat Ray, and ZelooperZ)
(Row Boat Boat)","Collaborative track made by JPEGMAFIA and Danny Brown, Fat Ray, and ZelooperZ, all of whom are members of the collective Bruiser Brigade. First premiered on IG Live in November 2018 with another snippet being shared in HTBAR 7.",,,,"Collaborative track made by JPEGMAFIA and Danny Brown, Fat Ray, and ZelooperZ, all of whom are members of the collective Bruiser Brigade. First premiered on IG Live in November 2018 with another snippet being shared in HTBAR 7.",,Recording,https://pillows.su/f/b679c4340b71a3c562e67e2039b22280
All My Heroes Are Cornballs,"mariah test rehearsal 1 [V2]
(babybeamerboy, BabyBitchTearGas, BasicBitchTearGas, living single)","Possibly the original performance that turned into ""babybeamerboy"", featuring an alternate vocal take. Uploaded to JPEG's YouTube channel on February 9, 2020.",,"Feb 9, 2020",3:40,"Possibly the original performance that turned into ""babybeamerboy"", featuring an alternate vocal take. Uploaded to JPEG's YouTube channel on February 9, 2020.",,Recording,https://youtu.be/NFI4FuBsAo8?si=Gqg793MvqBaMvNn8
All My Heroes Are Cornballs,"babybeamerboy [V3]
(mariah test rehearsal 1, BabyBitchTearGas, BasicBitchTearGas, living single)","Original version of ""BasicBitchTearGas"" with a cover of Mariah Carey's ""Always Be My Baby"" instead of TLC's ""No Scrubs"" and a slightly different version of the instrumental. Listed on the original vinyl thumbnail for All My Heroes Are Cornballs, but not on the final liner notes. Performed live in full at the All My Heroes Are Cornballs album launch and a recording was included in HTBAR 1. The lyrics would go on to be reused for ""living single"".",,"Sep 21, 2020",,"Original version of ""BasicBitchTearGas"" with a cover of Mariah Carey's ""Always Be My Baby"" instead of TLC's ""No Scrubs"" and a slightly different version of the instrumental. Listed on the original vinyl thumbnail for All My Heroes Are Cornballs, but not on the final liner notes. Performed live in full at the All My Heroes Are Cornballs album launch and a recording was included in HTBAR 1. The lyrics would go on to be reused for ""living single"".",,Recording,https://youtu.be/30GjWTve0Rc?t=2162
All My Heroes Are Cornballs,Beta Male Strategies [V1],"In the lyrics booklet shared over Twitter for All My Heroes Are Cornballs, ""Beta Male Strategies"" contains two extra verses that are not on the final version. It is unclear why he decided to cut down the song by so much.",,,,"In the lyrics booklet shared over Twitter for All My Heroes Are Cornballs, ""Beta Male Strategies"" contains two extra verses that are not on the final version. It is unclear why he decided to cut down the song by so much.",,Not Available,
All My Heroes Are Cornballs,BUTTERMILK JESUS TYPE BEAT [V1],"On both the lyrics printed on the vinyl and the the lyrics booklet shared over Twitter, ""BUTTERMILK JESUS TYPE BEAT"" contains a cut verse. It is unknown if vocals have ever or never have been recorded at all though.",,,,"On both the lyrics printed on the vinyl and the the lyrics booklet shared over Twitter, ""BUTTERMILK JESUS TYPE BEAT"" contains a cut verse. It is unknown if vocals have ever or never have been recorded at all though.",,Not Available,
All My Heroes Are Cornballs,Cody Rhodes 2,"Shown on JPEG's Instagram story on March 8, 2020. Contains the album tag for JPEGMAFIA's AMHAC-era material despite the date of the story.",,,2:00,"Shown on JPEG's Instagram story on March 8, 2020. Contains the album tag for JPEGMAFIA's AMHAC-era material despite the date of the story.",,Not Available,
All My Heroes Are Cornballs,cycle demo rough,"Shown on JPEG's Instagram story on September 20, 2020.",,,2:53,"Shown on JPEG's Instagram story on September 20, 2020.",,Not Available,
All My Heroes Are Cornballs,"⭐️ DOTS FREESTYLE PEGGY [V1]
(D.O.T.S Freestyle Remix)","The original version of DOTS Freestyle previewed on Kenny Beats' The Cave: Episode 1. Later got remixed with ""twerk ghost"" to create the final track.",,,1:45,"The original version of DOTS Freestyle previewed on Kenny Beats' The Cave: Episode 1. Later got remixed with ""twerk ghost"" to create the final track.",,CD Quality,https://pillows.su/f/15dc98f7bfe989355c706208a321b8ff
All My Heroes Are Cornballs,EL PASO,Track seen on JPEGMAFIA's phone on his Nardwuar interview among a list of AMHAC-era tracks.,,,,Track seen on JPEGMAFIA's phone on his Nardwuar interview among a list of AMHAC-era tracks.,,Not Available,
All My Heroes Are Cornballs,"fed flinstone (instrumental)
(FED!)","Instrumental snippet previewed on HTBAR 2. Said to be made around the time of AMHAC in JPEGMAFIA's Nardwuar interview. Name was changed to ""FED!"" on a later iteration, but it's unknown what the era of that iteration is.",,"Mar 1, 2020",,"Instrumental snippet previewed on HTBAR 2. Said to be made around the time of AMHAC in JPEGMAFIA's Nardwuar interview. Name was changed to ""FED!"" on a later iteration, but it's unknown what the era of that iteration is.",,High Quality,https://pillows.su/f/254b0e3e43d00b30c7eabcf02fa3513f
All My Heroes Are Cornballs,Fela Kuti if he listened to (?),Track seen on JPEGMAFIA's phone on his Nardwuar interview among a list of AMHAC-era tracks.,,,,Track seen on JPEGMAFIA's phone on his Nardwuar interview among a list of AMHAC-era tracks.,,Not Available,
All My Heroes Are Cornballs,first da (?),Track seen on JPEGMAFIA's phone on his Nardwuar interview among a list of AMHAC-era tracks.,,,,Track seen on JPEGMAFIA's phone on his Nardwuar interview among a list of AMHAC-era tracks.,,Not Available,
All My Heroes Are Cornballs,"fred durst pack
(feat. Buzzy Lee)","Shown on JPEG's Instagram story on April 9, 2019. Contains the album tag for JPEGMAFIA's AMHAC-era material despite the date of the story.",,,3:36,"Shown on JPEG's Instagram story on April 9, 2019. Contains the album tag for JPEGMAFIA's AMHAC-era material despite the date of the story.",,Not Available,
All My Heroes Are Cornballs,Full MEtal Alchemy,Track seen on JPEGMAFIA's phone on his Nardwuar interview among a list of AMHAC-era tracks.,,,,Track seen on JPEGMAFIA's phone on his Nardwuar interview among a list of AMHAC-era tracks.,,Not Available,
All My Heroes Are Cornballs,"Grimy Waifu pt. 1
(JPEGMAFIA TYPE BEAT)",Appears on JPEGMAFIA's phone on his Nardwuar interview among a list of AMHAC-era tracks. Presumably JPEGMAFIA TYPE BEAT. Differences besides the name are unknown.,,,,Appears on JPEGMAFIA's phone on his Nardwuar interview among a list of AMHAC-era tracks. Presumably JPEGMAFIA TYPE BEAT. Differences besides the name are unknown.,,Not Available,
All My Heroes Are Cornballs,"Grimy Waifu pt. 2
(Grimy Waifu)",Appears on JPEGMAFIA's phone on his Nardwuar interview among a list of AMHAC-era tracks. Presumably what we know as Grimy Waifu today. Differences besides the name are unknown,,,,Appears on JPEGMAFIA's phone on his Nardwuar interview among a list of AMHAC-era tracks. Presumably what we know as Grimy Waifu today. Differences besides the name are unknown,,Not Available,
All My Heroes Are Cornballs,how long [V1],Shown on JPEG's Instagram story.,,,2:26,Shown on JPEG's Instagram story.,,Not Available,
All My Heroes Are Cornballs,"I Killed The Beatles
(3 Tearz)","Original title/demo for 3 Tearz before the beat was developed for Danny Brown's album, dating it to AMHAC era. Shown on JPEG's Instagram story on 9th April 2020. Differences between it and the release are unknown",,,1:17,"Original title/demo for 3 Tearz before the beat was developed for Danny Brown's album, dating it to AMHAC era. Shown on JPEG's Instagram story on 9th April 2020. Differences between it and the release are unknown",,Not Available,
All My Heroes Are Cornballs,make them come after me,"Track shown in a screencap of an iTunes playlist with confirmed AMHAC-era tracks posted on JPEGMAFIA's instagram story on December 12, 2019.",,,,"Track shown in a screencap of an iTunes playlist with confirmed AMHAC-era tracks posted on JPEGMAFIA's instagram story on December 12, 2019.",,Not Available,
All My Heroes Are Cornballs,making love,"Track shown in a screencap of an iTunes playlist with confirmed AMHAC-era tracks posted on JPEGMAFIA's instagram story on December 12, 2019.",,,,"Track shown in a screencap of an iTunes playlist with confirmed AMHAC-era tracks posted on JPEGMAFIA's instagram story on December 12, 2019.",,Not Available,
All My Heroes Are Cornballs,"Male Period
(with Vegyn)","Track shown in a screencap of an iTunes playlist with confirmed AMHAC-era tracks posted on JPEGMAFIA's instagram story on December 12, 2019. Potentially a version of an existing JPEGMAFIA x Vegyn track.",,,,"Track shown in a screencap of an iTunes playlist with confirmed AMHAC-era tracks posted on JPEGMAFIA's instagram story on December 12, 2019. Potentially a version of an existing JPEGMAFIA x Vegyn track.",,Not Available,
All My Heroes Are Cornballs,master splinter,"Track shown in a screencap of an iTunes playlist with confirmed AMHAC-era tracks posted on JPEGMAFIA's instagram story on December 12, 2019.",,,,"Track shown in a screencap of an iTunes playlist with confirmed AMHAC-era tracks posted on JPEGMAFIA's instagram story on December 12, 2019.",,Not Available,
All My Heroes Are Cornballs,MERRY GOING,"Track shown in a screencap of an iTunes playlist with confirmed AMHAC-era tracks posted on JPEGMAFIA's instagram story on December 12, 2019.",,,,"Track shown in a screencap of an iTunes playlist with confirmed AMHAC-era tracks posted on JPEGMAFIA's instagram story on December 12, 2019.",,Not Available,
All My Heroes Are Cornballs,new drugz,"Track shown in a screencap of an iTunes playlist with confirmed AMHAC-era tracks posted on JPEGMAFIA's instagram story on December 12, 2019.",,,,"Track shown in a screencap of an iTunes playlist with confirmed AMHAC-era tracks posted on JPEGMAFIA's instagram story on December 12, 2019.",,Not Available,
All My Heroes Are Cornballs,"no service (demo)
(No service bb)","Track shown in a screencap of an iTunes playlist with confirmed AMHAC-era tracks posted on JPEGMAFIA's instagram story on December 12, 2019. Instrumental snippet was previewed on HTBAR 4.",,"Mar 1, 2020",3:10,"Track shown in a screencap of an iTunes playlist with confirmed AMHAC-era tracks posted on JPEGMAFIA's instagram story on December 12, 2019. Instrumental snippet was previewed on HTBAR 4.",,High Quality,https://pillows.su/f/2baaa5f46a8b7e96debf6733649efa8d
All My Heroes Are Cornballs,NOFritz,"Track shown in a screencap of an iTunes playlist with confirmed AMHAC-era tracks posted on JPEGMAFIA's instagram story on December 12, 2019.",,,,"Track shown in a screencap of an iTunes playlist with confirmed AMHAC-era tracks posted on JPEGMAFIA's instagram story on December 12, 2019.",,Not Available,
All My Heroes Are Cornballs,"🏆 Papi I Missed U [V1]
(🥺)","On both the lyrics printed on the vinyl and the the lyrics booklet shared over Twitter, ""Papi I Missed U"" contains a cut verse marked as ""redacted"" from the final version. The lyrics being marked as such indicates they might never have been recorded at all though.",,,,"On both the lyrics printed on the vinyl and the the lyrics booklet shared over Twitter, ""Papi I Missed U"" contains a cut verse marked as ""redacted"" from the final version. The lyrics being marked as such indicates they might never have been recorded at all though.",,Not Available,
All My Heroes Are Cornballs,POSTMATES,"Track shown in a screencap of an iTunes playlist with confirmed AMHAC-era tracks posted on JPEGMAFIA's instagram story on December 12, 2019.",,,,"Track shown in a screencap of an iTunes playlist with confirmed AMHAC-era tracks posted on JPEGMAFIA's instagram story on December 12, 2019.",,Not Available,
All My Heroes Are Cornballs,Power Stone 2.5,"Track shown in a screencap of an iTunes playlist with confirmed AMHAC-era tracks posted on JPEGMAFIA's instagram story on December 12, 2019. Unclear if ""2.5"" is a version number or implying a sequel to the original ""Power Stone"" track on Dreamcast Summer Songs.",,,,"Track shown in a screencap of an iTunes playlist with confirmed AMHAC-era tracks posted on JPEGMAFIA's instagram story on December 12, 2019. Unclear if ""2.5"" is a version number or implying a sequel to the original ""Power Stone"" track on Dreamcast Summer Songs.",,Not Available,
All My Heroes Are Cornballs,Prophet off me bb,"Track shown in a screencap of an iTunes playlist with confirmed AMHAC-era tracks posted on JPEGMAFIA's instagram story on December 12, 2019.",,,,"Track shown in a screencap of an iTunes playlist with confirmed AMHAC-era tracks posted on JPEGMAFIA's instagram story on December 12, 2019.",,Not Available,
All My Heroes Are Cornballs,"repuatations real [v1]
(reputations, Beyonce in the Pit, **** in the Pit, Post Verified Lifestyle)","Shown on JPEG's Instagram story prior to AMHAC's release. Likely turned into ""**** In The Pit"" due to its namesake likely being the sample for that track.",,,0:55,"Shown on JPEG's Instagram story prior to AMHAC's release. Likely turned into ""**** In The Pit"" due to its namesake likely being the sample for that track.",,Not Available,
All My Heroes Are Cornballs,"reputations [v2]
(repuatations real, Beyonce in the Pit, **** in the Pit, Post Verified Lifestyle)","Second version of ""repuatations real"" shown in a screencap of an iTunes playlist with confirmed AMHAC-era tracks posted on JPEGMAFIA's instagram story on December 12, 2019. Likely the finalized cut for the segment before being incorporated into Post-Verified Lifestyle.",,,,"Second version of ""repuatations real"" shown in a screencap of an iTunes playlist with confirmed AMHAC-era tracks posted on JPEGMAFIA's instagram story on December 12, 2019. Likely the finalized cut for the segment before being incorporated into Post-Verified Lifestyle.",,Not Available,
All My Heroes Are Cornballs,riri,"Track shown in a screencap of an iTunes playlist with confirmed AMHAC-era tracks posted on JPEGMAFIA's instagram story on December 12, 2019. Presumably contains a Rihanna sample.",,,,"Track shown in a screencap of an iTunes playlist with confirmed AMHAC-era tracks posted on JPEGMAFIA's instagram story on December 12, 2019. Presumably contains a Rihanna sample.",,Not Available,
All My Heroes Are Cornballs,Rock N Roll N*****,"Track shown in a screencap of an iTunes playlist with confirmed AMHAC-era tracks posted on JPEGMAFIA's instagram story on December 12, 2019. Unknown if it corresponds to any track on AMHAC.",,,,"Track shown in a screencap of an iTunes playlist with confirmed AMHAC-era tracks posted on JPEGMAFIA's instagram story on December 12, 2019. Unknown if it corresponds to any track on AMHAC.",,Not Available,
All My Heroes Are Cornballs,"role models kill me now
(role models, 💯)","Original version of ""💯"" shown in a screencap of an iTunes playlist with confirmed AMHAC-era tracks posted on JPEGMAFIA's instagram story on December 12, 2019.",,,,"Original version of ""💯"" shown in a screencap of an iTunes playlist with confirmed AMHAC-era tracks posted on JPEGMAFIA's instagram story on December 12, 2019.",,Not Available,
All My Heroes Are Cornballs,Salata,"Track shown in a screencap of an iTunes playlist with confirmed AMHAC-era tracks posted on JPEGMAFIA's instagram story on December 12, 2019.",,,,"Track shown in a screencap of an iTunes playlist with confirmed AMHAC-era tracks posted on JPEGMAFIA's instagram story on December 12, 2019.",,Not Available,
All My Heroes Are Cornballs,Selfishness,"Track shown in a screencap of an iTunes playlist with confirmed AMHAC-era tracks posted on JPEGMAFIA's instagram story on December 12, 2019. Subsequently shown on JPEG's Instagram story on March 8, 2020.",,,2:22,"Track shown in a screencap of an iTunes playlist with confirmed AMHAC-era tracks posted on JPEGMAFIA's instagram story on December 12, 2019. Subsequently shown on JPEG's Instagram story on March 8, 2020.",,Not Available,
All My Heroes Are Cornballs,"smashing pump [V1]
(smashing pumpkinz)","Track shown on JPEG's Instagram story on April 21, 2019. Presumably contains a Smashing Pumpkins sample.",,,1:36,"Track shown on JPEG's Instagram story on April 21, 2019. Presumably contains a Smashing Pumpkins sample.",,Not Available,
All My Heroes Are Cornballs,"smashing pumpkinz [V2]
(smashing pump)","Later version of ""smashing pump"" shown in a screencap of an iTunes playlist with confirmed AMHAC-era tracks posted on JPEGMAFIA's instagram story on December 12, 2019.",,,,"Later version of ""smashing pump"" shown in a screencap of an iTunes playlist with confirmed AMHAC-era tracks posted on JPEGMAFIA's instagram story on December 12, 2019.",,Not Available,
All My Heroes Are Cornballs,"sometimes (instrumental)
(prod. JPEGMAFIA & Vegyn)","Instrumental snippet previewed on HTBAR 6. Co-produced by Vegyn. Later instagram story shows a demo with the title ""sometimes img88k"" so it was likely originally on AMHAC.",,"Apr 1, 2020",,"Instrumental snippet previewed on HTBAR 6. Co-produced by Vegyn. Later instagram story shows a demo with the title ""sometimes img88k"" so it was likely originally on AMHAC.",,High Quality,https://pillows.su/f/3f6338813e845d5d40cdfb909a1882cc
All My Heroes Are Cornballs,SUB [V1],Older version of SUB previewed on a DJ mix. Does not appear to be connected to untitled (country song).,,,4:09,Older version of SUB previewed on a DJ mix. Does not appear to be connected to untitled (country song).,,High Quality,https://youtu.be/3nZeA6Y9v_E?si=2rpSTo3t_Z6hkz_x
All My Heroes Are Cornballs,targeting hate groups for dirotos,"Track shown in a screencap of an iTunes playlist with confirmed AMHAC-era tracks posted on JPEGMAFIA's instagram story on December 12, 2019.",,,,"Track shown in a screencap of an iTunes playlist with confirmed AMHAC-era tracks posted on JPEGMAFIA's instagram story on December 12, 2019.",,Not Available,
All My Heroes Are Cornballs,The Lord Pt. 1,"Part of a series of beats JPEGMAFIA made inspired by Kanye West's turn to Christian Hip Hop. The third beat in the series turned into the outro of ""BBW"" on All My Heroes Are Cornballs, placing the creation of the first two beats in the AMHAC era as well.",,,,"Part of a series of beats JPEGMAFIA made inspired by Kanye West's turn to Christian Hip Hop. The third beat in the series turned into the outro of ""BBW"" on All My Heroes Are Cornballs, placing the creation of the first two beats in the AMHAC era as well.",,Not Available,
All My Heroes Are Cornballs,"The Lord Pt. 2 (Instrumental)
(GOD DON'T LIKE UGLY!)","Part of a series of beats JPEGMAFIA made inspired by Kanye West's turn to Christian Hip Hop. Played in HTBAR 4 and eventually was used as the instrumental for ""GOD DON'T LIKE UGLY!"" on LP!. The third beat in the series turned into the outro of ""BBW"" on All My Heroes Are Cornballs, placing the creation of the first two beats in the AMHAC era as well.",,,,"Part of a series of beats JPEGMAFIA made inspired by Kanye West's turn to Christian Hip Hop. Played in HTBAR 4 and eventually was used as the instrumental for ""GOD DON'T LIKE UGLY!"" on LP!. The third beat in the series turned into the outro of ""BBW"" on All My Heroes Are Cornballs, placing the creation of the first two beats in the AMHAC era as well.",,High Quality,https://pillows.su/f/f94f199dcafc43a2d5393f6669c50652
All My Heroes Are Cornballs,they will be the death of em pt. 2,"Track shown in a screencap of an iTunes playlist with confirmed AMHAC-era tracks posted on JPEGMAFIA's instagram story on December 12, 2019. Also shown on JPEG's Instagram story on 21st May 2020 and 24th June 2020.",,,1:59,"Track shown in a screencap of an iTunes playlist with confirmed AMHAC-era tracks posted on JPEGMAFIA's instagram story on December 12, 2019. Also shown on JPEG's Instagram story on 21st May 2020 and 24th June 2020.",,Not Available,
All My Heroes Are Cornballs,"twerk ghost
(DOTS FREESTYLE REMIX)",OG beat which eventually became DOTS Freestyle Remix. Shown on more than one occasion on JPEG's instagram story. Unknown if this version contains Buzzy Lee and Abdu Ali or any vocals at all.,,,2:04,OG beat which eventually became DOTS Freestyle Remix. Shown on more than one occasion on JPEG's instagram story. Unknown if this version contains Buzzy Lee and Abdu Ali or any vocals at all.,,Not Available,
All My Heroes Are Cornballs,"??? [V1]
(with Kenny Beats) (prod. JPEGMAFIA & Kenny Beats)","Earlier version of ""Switch the Pivot"" played on a Kenny Beats livestream.",,,,"Earlier version of ""Switch the Pivot"" played on a Kenny Beats livestream.",,Recording,
All My Heroes Are Cornballs,"🏆 ??? [V2]
(with Kenny Beats) (prod. JPEGMAFIA & Kenny Beats)","A collaborative track between JPEGMAFIA and Kenny Beats from 2019. Frequently played in snippets on Kenny Beats livestreams. Some lyrics were eventually reused for ""BALD!"", indicating that the track is likely scrapped. One of the more well known unreleased JPEGMAFIA tracks. Has no confirmed name as of now, but usually refered by fans as ''Big Buissnes"" or 'Switch The Pivot"".",,,,"A collaborative track between JPEGMAFIA and Kenny Beats from 2019. Frequently played in snippets on Kenny Beats livestreams. Some lyrics were eventually reused for ""BALD!"", indicating that the track is likely scrapped. One of the more well known unreleased JPEGMAFIA tracks. Has no confirmed name as of now, but usually refered by fans as ''Big Buissnes"" or 'Switch The Pivot"".",,Recording,https://youtu.be/EJ3ABWA7Bok?si=8iCCIB4nxn1SXcCI
All My Heroes Are Cornballs,"???
(prod. Kenny Beats)","A Kenny Beats collaboration previewed on IG live on November 7, 2018, around the time ""Puff Daddy"" released.",,"Nov 7, 2018",,"A Kenny Beats collaboration previewed on IG live on November 7, 2018, around the time ""Puff Daddy"" released.",,Recording,https://pillows.su/f/300755a86853a039c28f0853f952d082
I HAVE FULFILLED MY CONTRACT!,1st K BEAT,Shown on JPEG's Instagram story on 22nd July 2020.,,,3:24,Shown on JPEG's Instagram story on 22nd July 2020.,,Not Available,
I HAVE FULFILLED MY CONTRACT!,"australia almost killed me [V1]
(_AUS KILL ME)",Shown on JPEG's Instagram story on November 17th 2019.,,"Nov 17, 2019",2:27,Shown on JPEG's Instagram story on November 17th 2019.,,Not Available,
I HAVE FULFILLED MY CONTRACT!,ANIMAL CROSSING TYPE BEAT,Shown on JPEG's Instagram story on 2nd September 2020.,,,3:41,Shown on JPEG's Instagram story on 2nd September 2020.,,Not Available,
I HAVE FULFILLED MY CONTRACT!,"angel demon
(feat. Tommy Genesis)",Shown on JPEG's Instagram story on 11th December 2019.,,"Dec 1, 2019",2:31,Shown on JPEG's Instagram story on 11th December 2019.,,Not Available,
I HAVE FULFILLED MY CONTRACT!,back to school! (instrumental),Instrumental snippet previewed on HTBAR 8.,,"Apr 1, 2020",,Instrumental snippet previewed on HTBAR 8.,,High Quality,https://pillows.su/f/911044f518d5334d54bc6219a61fb31e
I HAVE FULFILLED MY CONTRACT!,"be with me: ghost of tsushima [V1]
(BE WITH ME!)",Shown on JPEG's Instagram story on 7th November 2020.,,,4:49,Shown on JPEG's Instagram story on 7th November 2020.,,Not Available,
I HAVE FULFILLED MY CONTRACT!,BFT BB,Shown on JPEG's Instagram story on 17th November 2019.,,,3:05,Shown on JPEG's Instagram story on 17th November 2019.,,Not Available,
I HAVE FULFILLED MY CONTRACT!,blacks for trump,"Shown on JPEG's Instagram story on September 15, 2020. Possibly has something to do with THE BENDS! and its outro, but is sizably longer than any version of that track.",,,3:27,"Shown on JPEG's Instagram story on September 15, 2020. Possibly has something to do with THE BENDS! and its outro, but is sizably longer than any version of that track.",,Not Available,
I HAVE FULFILLED MY CONTRACT!,blade runner (Instrumental),Instrumental snippet previewed on HTBAR 11.,,,,Instrumental snippet previewed on HTBAR 11.,,High Quality,https://pillows.su/f/c5123185239787ed9ed844069dc642e5
I HAVE FULFILLED MY CONTRACT!,BONO [V1],Shown on JPEG's Instagram story on 28th July 2020.,,,4:06,Shown on JPEG's Instagram story on 28th July 2020.,,Not Available,
I HAVE FULFILLED MY CONTRACT!,BODYGUARD! [V1],"Early version of the ""BODYGUARD!"" instrumental. It's also in a different pitch than release.",,,,"Early version of the ""BODYGUARD!"" instrumental. It's also in a different pitch than release.",,Recording,https://pillows.su/f/9df6d711728a97a9913a315f8c5fa270
I HAVE FULFILLED MY CONTRACT!,BODYGUARD! [V2],Version with a different vocal take and small production differences. Might not have the intro idk.,,,,Version with a different vocal take and small production differences. Might not have the intro idk.,,Recording,https://pillows.su/f/e50b89e8c45fc61a32d92ef713013bd4
I HAVE FULFILLED MY CONTRACT!,brckhmptn drum kit (instrumental),Instrumental snippet previewed on HTBAR 12. Also shown on JPEG's Instagram story.,,,3:51,Instrumental snippet previewed on HTBAR 12. Also shown on JPEG's Instagram story.,,High Quality,https://pillows.su/f/9d0be0b29185979404b8a9aab56a8386
I HAVE FULFILLED MY CONTRACT!,britney-kayla 6 (instrumental),Instrumental snippet previewed on HTBAR 8.,,"Apr 1, 2020",,Instrumental snippet previewed on HTBAR 8.,,High Quality,https://pillows.su/f/80067963b7d3b70b35d528043c867da5
I HAVE FULFILLED MY CONTRACT!,call her up (instrumental),Instrumental snippet previewed on HTBAR 6.,,"Apr 1, 2020",,Instrumental snippet previewed on HTBAR 6.,,High Quality,https://pillows.su/f/d33c031d976736f2dc77bfe31b643859
I HAVE FULFILLED MY CONTRACT!,convienice,"Shown on JPEG's Instagram story on February 8, 2020.",,,4:00,"Shown on JPEG's Instagram story on February 8, 2020.",,Not Available,
I HAVE FULFILLED MY CONTRACT!,COVERED IN MONEY! [V1],"A version of COVERED IN MONEY! that clocks in 8 seconds longer than the current version. Shown on JPEG's Instagram story on March 16th, 2020.",,"Mar 1, 2020",4:18,"A version of COVERED IN MONEY! that clocks in 8 seconds longer than the current version. Shown on JPEG's Instagram story on March 16th, 2020.",,Not Available,
I HAVE FULFILLED MY CONTRACT!,cuchi chakras,Shown on JPEG's Instagram story on 5th February 2021.,,,,Shown on JPEG's Instagram story on 5th February 2021.,,Not Available,
I HAVE FULFILLED MY CONTRACT!,DIRTY! [V1],Seen on the LP! Rehearsal Sessions,,,,Seen on the LP! Rehearsal Sessions,,Not Available,
I HAVE FULFILLED MY CONTRACT!,DIRTY! [V2],Seen on the LP! Rehearsal Sessions,,,,Seen on the LP! Rehearsal Sessions,,Not Available,
I HAVE FULFILLED MY CONTRACT!,FIX URSELF [V1],Seen on the LP! Rehearsal Sessions,,,,Seen on the LP! Rehearsal Sessions,,Recording,https://youtu.be/Y1wQ7Y8qaYQ?t=1912
I HAVE FULFILLED MY CONTRACT!,FIX URSELF [V2],Seen on the LP! Rehearsal Sessions,,,,Seen on the LP! Rehearsal Sessions,,Recording,https://youtu.be/Y1wQ7Y8qaYQ?t=1967
I HAVE FULFILLED MY CONTRACT!,For U I Will [V1],Song included as an outro on I HAVE FULFILLED MY CONTRACT!,,"Oct 10, 2023",,Song included as an outro on I HAVE FULFILLED MY CONTRACT!,,High Quality,https://pillows.su/f/eee359521068e50176455c0a2ad5ca34
I HAVE FULFILLED MY CONTRACT!,gang gang,"previewed on both HTBAR 10, and on JPEGMAFIA's Instagram story. Another artist has vocals on the track, but their identity is unknown. Unknown if JPEGMAFIA has any vocals on the track or if JPEG merely produced it.",,"May 1, 2020",,"previewed on both HTBAR 10, and on JPEGMAFIA's Instagram story. Another artist has vocals on the track, but their identity is unknown. Unknown if JPEGMAFIA has any vocals on the track or if JPEG merely produced it.",,Recording,https://pillows.su/f/be30349bb5da532deb43a23de8d1cbb2
I HAVE FULFILLED MY CONTRACT!,HAZARD DUTY PAY! [V1],Can be heard playing on JPEG's phone in HTBAR 9. Only the first chop in the song is heard,,"May 1, 2020",,Can be heard playing on JPEG's phone in HTBAR 9. Only the first chop in the song is heard,,Recording,https://pillows.su/f/a834b8e9d65f02545ff8ad6569a52c07
I HAVE FULFILLED MY CONTRACT!,HONEY DEW,Shown on JPEG's Instagram story on 17th May 2020.,,"May 1, 2020",4:57,Shown on JPEG's Instagram story on 17th May 2020.,,Not Available,
I HAVE FULFILLED MY CONTRACT!,how long [V2],"Shown on JPEG's Instagram story on May 22, 2020.",,,2:27,"Shown on JPEG's Instagram story on May 22, 2020.",,Not Available,
I HAVE FULFILLED MY CONTRACT!,i was supposed to earn her back,Shown on JPEG's Instagram story on 7th March 2020.,,"Mar 1, 2020",2:34,Shown on JPEG's Instagram story on 7th March 2020.,,Not Available,
I HAVE FULFILLED MY CONTRACT!,Jamiacan alt j,Shown on JPEG's Instagram story on 7th June 2020.,,"Jun 1, 2020",2:08,Shown on JPEG's Instagram story on 7th June 2020.,,Not Available,
I HAVE FULFILLED MY CONTRACT!,"JPEG 2020
(with Flume)",Appears on JPEG's phone on HTBAR 2 and was shown on his Instagram story on 9th April 2020.,,"Jan 1, 2020",2:58,Appears on JPEG's phone on HTBAR 2 and was shown on his Instagram story on 9th April 2020.,,Not Available,
I HAVE FULFILLED MY CONTRACT!,🏆 KIMBER! [V1],Song performed live during the EP2! Livestream. Likely was cut at the last minute from the EP.,,,3:25,Song performed live during the EP2! Livestream. Likely was cut at the last minute from the EP.,,Recording,https://pillows.su/f/a3c26fca0523433cc31eae3239fd07ff
I HAVE FULFILLED MY CONTRACT!,KIMBER! [V2],Heard on the LP! Rehearsal Sessions. Has new intro and a new outro.,,,3:22,Heard on the LP! Rehearsal Sessions. Has new intro and a new outro.,,Recording,https://pillows.su/f/e3a6436b874dd7a3906949a1556e6d23
I HAVE FULFILLED MY CONTRACT!,KIMBER! [V3],Version with a different take. Also from the LP! Rehearsal Sessions,,,,Version with a different take. Also from the LP! Rehearsal Sessions,,Recording,Link Needed
I HAVE FULFILLED MY CONTRACT!,KISSY FACE EMOJI! [V1],Seen on the LP! Rehearsal Sessions,,,,Seen on the LP! Rehearsal Sessions,,Recording,
I HAVE FULFILLED MY CONTRACT!,"⭐️ MANIC! [V1]
(prod. Alex Goose & JPEGMAFIA)
(TOXIC!, FUCK PEGGY!)","One of 5 unreleased, untitled tracks featured on an original copy of LP!. Samples ""Gönül Dağı"" by Barış Manço & Kurtalan Ekspres and ""Manic! At The Disco"" by Danny Swain. A remastered version was released on October 17th, 2025 under the name ""MANIC!.""",,"Oct 10, 2023",2:50,"One of 5 unreleased, untitled tracks featured on an original copy of LP!. Samples ""Gönül Dağı"" by Barış Manço & Kurtalan Ekspres and ""Manic! At The Disco"" by Danny Swain. A remastered version was released on October 17th, 2025 under the name ""MANIC!.""",,CD Quality,https://pillows.su/f/bad0971013c2124ec255be92d6002bb0
I HAVE FULFILLED MY CONTRACT!,mega-man (instrumental),Instrumental snippet previewed on HTBAR 10.,,"May 1, 2020",,Instrumental snippet previewed on HTBAR 10.,,High Quality,https://pillows.su/f/aca24f1e502bf39304bef3b8445f78e4
I HAVE FULFILLED MY CONTRACT!,my hero! [V1],Previewed in HTBAR 5 in it's near entirety but never saw an official release.,,"Apr 1, 2020",2:43,Previewed in HTBAR 5 in it's near entirety but never saw an official release.,,High Quality,https://pillows.su/f/f5d380c6c0d367921a7ba30977d62770
I HAVE FULFILLED MY CONTRACT!,nancy Pelosi type demo,Appears on JPEG's phone on HTBAR 2.,,"Jan 1, 2020",,Appears on JPEG's phone on HTBAR 2.,,Not Available,
I HAVE FULFILLED MY CONTRACT!,New Recording 420_01,Appears on JPEG's phone on HTBAR 2.,,"Jan 1, 2020",,Appears on JPEG's phone on HTBAR 2.,,Not Available,
I HAVE FULFILLED MY CONTRACT!,nigga where im at,Appears on JPEG's phone on HTBAR 2.,,"Jan 1, 2020",,Appears on JPEG's phone on HTBAR 2.,,Not Available,
I HAVE FULFILLED MY CONTRACT!,"peggy x ariel pink
(prod. JPEGMAFIA & Ariel Pink)","Unreleased collaboration between JPEGMAFIA and Ariel Pink, Previewed in HTBAR 10. Presumably never coming out due to Ariel Pink's subsequent political activity.",,"May 1, 2020",5:37,"Unreleased collaboration between JPEGMAFIA and Ariel Pink, Previewed in HTBAR 10. Presumably never coming out due to Ariel Pink's subsequent political activity.",,Recording,https://pillows.su/f/bc3eb541d3a7707f8f08db84b5158b85
I HAVE FULFILLED MY CONTRACT!,Pretentious [V1],Appears on JPEG's phone on HTBAR 2.,,"Jan 1, 2020",,Appears on JPEG's phone on HTBAR 2.,,Not Available,
I HAVE FULFILLED MY CONTRACT!,rando2,Shown on JPEG's Instagram story on December 14th 2019.,,"Dec 1, 2019",2:33,Shown on JPEG's Instagram story on December 14th 2019.,,Not Available,
I HAVE FULFILLED MY CONTRACT!,REAL SADNESS,Shown on JPEG's Instagram story on 5th February 2021.,,,,Shown on JPEG's Instagram story on 5th February 2021.,,Not Available,
I HAVE FULFILLED MY CONTRACT!,Ridge race scenario,"Appears on JPEG's phone on HTBAR 2. Potentially an early version of ""BALD!"" or made in the same session.",,"Jan 1, 2020",,"Appears on JPEG's phone on HTBAR 2. Potentially an early version of ""BALD!"" or made in the same session.",,Not Available,
I HAVE FULFILLED MY CONTRACT!,semi heart,Appears on JPEG's phone on HTBAR 2.,,"Jan 1, 2020",,Appears on JPEG's phone on HTBAR 2.,,Not Available,
I HAVE FULFILLED MY CONTRACT!,Sense Offenderz 4,Appears on JPEG's phone on HTBAR 2.,,"Jan 1, 2020",,Appears on JPEG's phone on HTBAR 2.,,Not Available,
I HAVE FULFILLED MY CONTRACT!,so sweet!,Instrumental snippet previewed on HTBAR 12.,,,,Instrumental snippet previewed on HTBAR 12.,,High Quality,https://pixeldrain.com/u/97w6E7Uv
I HAVE FULFILLED MY CONTRACT!,SYMPTOMS!,Shown on JPEG's Instagram story on 19th July 2020.,,"Jul 1, 2020",8:09,Shown on JPEG's Instagram story on 19th July 2020.,,Not Available,
I HAVE FULFILLED MY CONTRACT!,"The Closest I've Ever Been 
(feat. Vegyn)",Played on a Toyomansi mixcloud set in 2020. Not officially released.,,,2:23,Played on a Toyomansi mixcloud set in 2020. Not officially released.,,High Quality,https://youtu.be/S2P9VV1ZSpE?si=YgAt7HcwOV2N7xkR
I HAVE FULFILLED MY CONTRACT!,thelast (instrumental),Instrumental snippet previewed on HTBAR 6.,,"Apr 1, 2020",,Instrumental snippet previewed on HTBAR 6.,,High Quality,https://pixeldrain.com/u/ADpYRKCo
I HAVE FULFILLED MY CONTRACT!,the watchmen (instrumental),An instrumental snippet infamously accidentally left out of HTBAR 7.,,"Apr 1, 2020",,An instrumental snippet infamously accidentally left out of HTBAR 7.,,Not Available,
I HAVE FULFILLED MY CONTRACT!,time to detox,Shown on JPEG's phone on HTBAR 2 and on JPEG's Instagram story on 2nd September 2020. Has the original EP! cover.,,,4:00,Shown on JPEG's phone on HTBAR 2 and on JPEG's Instagram story on 2nd September 2020. Has the original EP! cover.,,Not Available,
I HAVE FULFILLED MY CONTRACT!,TRUST! [V1],"Original version of ""TRUST!"" with the clap continuing over the beat switch and an unfinished piano section. Played on JPEGMAFIA's story on January 28, 2020.",,"Jan 1, 2020",,"Original version of ""TRUST!"" with the clap continuing over the beat switch and an unfinished piano section. Played on JPEGMAFIA's story on January 28, 2020.",,High Quality,https://youtube.com/shorts/rikWH8kRV9s?si=wTS8dldrNgHYiNjL
I HAVE FULFILLED MY CONTRACT!,TWIST OF FATE,Shown on JPEG's Instagram story on 24th June 2020.,,"Jun 1, 2020",1:35,Shown on JPEG's Instagram story on 24th June 2020.,,Not Available,
I HAVE FULFILLED MY CONTRACT!,"🏆 optimus prime [V1]
(turok)","Uploaded to Twitter under the title ""test rehearsal 2 turok"", then later featured as a different take on HTBAR 1, titled ""OPTIMUS PRIME!"". Both snippets only feature JPEG rapping over the beat, as opposed to his recorded vocals.",,"Jan 1, 2020",1:51,"Uploaded to Twitter under the title ""test rehearsal 2 turok"", then later featured as a different take on HTBAR 1, titled ""OPTIMUS PRIME!"". Both snippets only feature JPEG rapping over the beat, as opposed to his recorded vocals.",,Recording,https://pillows.su/f/8cda4f291db7ea50ef54647974dbe2b3
I HAVE FULFILLED MY CONTRACT!,"turok [V2]
(feat. Freaky)
(optimus prime)","Shown on JPEG'S Instagram story on November 29th, 2019. Likely connected to optimus prime due to it's name when first uploaded to Twitter. Likely didnt have the outro of the version released on the LP! USB",,"Nov 1, 2019",3:09,"Shown on JPEG'S Instagram story on November 29th, 2019. Likely connected to optimus prime due to it's name when first uploaded to Twitter. Likely didnt have the outro of the version released on the LP! USB",,Not Available,https://imgur.com/a/yo1xk5y
I HAVE FULFILLED MY CONTRACT!,UNTITLED [V1],"Original version of the ""UNTITLED"" beat with samples not included in the final version and slightly different sample chopping and percussion. A snippet of the instrumental was uploaded to JPEG's Instagram story on January 19th 2020. The video itself features JPEG in his studio with Freaky and Butch Dawson.",,"Jan 19, 2020",,"Original version of the ""UNTITLED"" beat with samples not included in the final version and slightly different sample chopping and percussion. A snippet of the instrumental was uploaded to JPEG's Instagram story on January 19th 2020. The video itself features JPEG in his studio with Freaky and Butch Dawson.",,High Quality,https://pillows.su/f/78dd4c59e0edf4e9664acf6c0b5d08f6
I HAVE FULFILLED MY CONTRACT!,VICTORY 2020!,Shown on JPEG's Instagram story on 7th November 2020.,,"Nov 1, 2020",5:07,Shown on JPEG's Instagram story on 7th November 2020.,,Not Available,
I HAVE FULFILLED MY CONTRACT!,"wake up nigga ??
(prod. Channel Tres)",Snippet heard in the background during HTBAR 9.,,"May 1, 2020",,Snippet heard in the background during HTBAR 9.,,Recording,https://pixeldrain.com/u/YhBK3qyf
I HAVE FULFILLED MY CONTRACT!,walk out and talk to yourself,"Appears on JPEG's phone on HTBAR 2 and in an Instagram story from January 23, 2020. Could potentially be related to ""BALD!"" or made in the same session, as its cover art features the game disc for Ridge Racer Type 4, the game the ""BALD!"" sample is from.",,"Jan 1, 2020",,"Appears on JPEG's phone on HTBAR 2 and in an Instagram story from January 23, 2020. Could potentially be related to ""BALD!"" or made in the same session, as its cover art features the game disc for Ridge Racer Type 4, the game the ""BALD!"" sample is from.",,Not Available,
I HAVE FULFILLED MY CONTRACT!,⭐️ WHAT THE HIP HOP HELL IS THIS? [V1],"Original version of ""What the hip hop hell is this ?"", originally leaked as one of five untitled tracks on an original copy of LP!. This version is slightly faster, has completely different mixing, and an alternate outro.",,"Oct 10, 2023",2:37,"Original version of ""What the hip hop hell is this ?"", originally leaked as one of five untitled tracks on an original copy of LP!. This version is slightly faster, has completely different mixing, and an alternate outro.",,CD Quality,https://pillows.su/f/82c523b99b5411402567ab5282cb4fbc
I HAVE FULFILLED MY CONTRACT!,WHY YOU SCARRED OF THIS PUSSY,Shown on JPEG's Instagram story on 3rd July 2020.,,"Jul 1, 2020",1:38,Shown on JPEG's Instagram story on 3rd July 2020.,,Not Available,
I HAVE FULFILLED MY CONTRACT!,Will smith test,Appears on JPEG's phone on HTBAR 2.,,"Jan 1, 2020",,Appears on JPEG's phone on HTBAR 2.,,Not Available,
I HAVE FULFILLED MY CONTRACT!,"??? [V1]
(with Slowthai)
(Gang Shit)","Snippet of a collaborative track between Slowthai and JPEGMAFIA premiered on stream on November 6, 2020. Titled ""Gang Shit"" by fans. Seemingly cut from slowthai's album TYRON due to sample issues.",,"Nov 6, 2020",,"Snippet of a collaborative track between Slowthai and JPEGMAFIA premiered on stream on November 6, 2020. Titled ""Gang Shit"" by fans. Seemingly cut from slowthai's album TYRON due to sample issues.",,Recording,https://pixeldrain.com/u/ddEVoDFD
I HAVE FULFILLED MY CONTRACT!,"???
(Master Paul)","One of 5 unreleased, untitled tracks featured on an original copy of LP!. Not much information is known about this track.",,"Oct 10, 2023",4:12,"One of 5 unreleased, untitled tracks featured on an original copy of LP!. Not much information is known about this track.",,CD Quality,https://pillows.su/f/0f049a9b2c27d7d5105477a6162bbb12
I HAVE FULFILLED MY CONTRACT!,"???
(So Sweet!)","One of 5 unreleased, untitled tracks featured on an original copy of LP!. Not much information is known about this track.",,"Oct 10, 2023",2:52,"One of 5 unreleased, untitled tracks featured on an original copy of LP!. Not much information is known about this track.",,CD Quality,https://pillows.su/f/8c37a51449dd0c909135c8bbf155a4a3
I HAVE FULFILLED MY CONTRACT!,???,Beat played at the beginning of HTBAR 6 while JPEGMAFIA was in the studio with Denzel Curry. Unknown if this is even a JPEGMAFIA beat.,,,,Beat played at the beginning of HTBAR 6 while JPEGMAFIA was in the studio with Denzel Curry. Unknown if this is even a JPEGMAFIA beat.,,Recording,https://pixeldrain.com/u/HzVJZmjB
I HAVE FULFILLED MY CONTRACT!,"The Avalanches - Take Care in Your Dreaming [V1]
(feat. JPEGMAFIA, Denzel Curry, Tricky, and Samba the Great)",Peggy was originally supposed to be on the song according to various sources. Why his feature was removed is unknown.,,,,Peggy was originally supposed to be on the song according to various sources. Why his feature was removed is unknown.,,Not Available,
LP!,all the time,"Shown on JPEG's Instagram story on November 11, 2021.",,,,"Shown on JPEG's Instagram story on November 11, 2021.",,Not Available,
LP!,AXL ROSE,"Track seen in a photo of JPEGMAFIA's iTunes posted on January 28, 2022.",,,,"Track seen in a photo of JPEGMAFIA's iTunes posted on January 28, 2022.",,Not Available,
LP!,"_AUS KILL ME [V2]
(australia almost killed me)","LP! era version of ""australia almost killed me"" seen in a iTunes photo posted by JPEGMAFIA on January 28, 2022. Shorter than the original version.",,,,"LP! era version of ""australia almost killed me"" seen in a iTunes photo posted by JPEGMAFIA on January 28, 2022. Shorter than the original version.",,Not Available,
LP!,between enemies,"Shown on JPEG's Instagram story on November 18, 2021.",,,,"Shown on JPEG's Instagram story on November 18, 2021.",,Not Available,https://imgur.com/a/Pjq2wOD
LP!,"BE WITH ME! [V2]
(be with me: ghost of tsushima)","LP! era version of ""be with me: ghost of tsushima"" seen in a iTunes photo posted by JPEGMAFIA on January 28, 2022. Marked as the second iteration of the track. Shorter than the original version.",,,,"LP! era version of ""be with me: ghost of tsushima"" seen in a iTunes photo posted by JPEGMAFIA on January 28, 2022. Marked as the second iteration of the track. Shorter than the original version.",,Not Available,
LP!,BONO [V2],"LP! era version of ""BONO"" seen in a iTunes photo posted by JPEGMAFIA on January 28, 2022. Shorter than the original version.",,,,"LP! era version of ""BONO"" seen in a iTunes photo posted by JPEGMAFIA on January 28, 2022. Shorter than the original version.",,Not Available,
LP!,for u i will [V2],"LP! era version of ""FOR U I WILL"" seen in a iTunes photo posted by JPEGMAFIA on January 28, 2022.",,,1:32,"LP! era version of ""FOR U I WILL"" seen in a iTunes photo posted by JPEGMAFIA on January 28, 2022.",,CD Quality,https://pillows.su/f/0a33a4433d107a0e99708c8869c01705
LP!,GIRTH [V1],"First version of ""GIRTH"" seen on JPEG's Instagram story. Brief instrumental snippet played in HTBAR 13.",,,,"First version of ""GIRTH"" seen on JPEG's Instagram story. Brief instrumental snippet played in HTBAR 13.",,Not Available,
LP!,GIRTH [V2],"Second version of ""GIRTH"" seen in the rehearsal sessions for LP!. Nearly 7 minutes long of peggy freestyling over the looped instrumental.",,,6:11,"Second version of ""GIRTH"" seen in the rehearsal sessions for LP!. Nearly 7 minutes long of peggy freestyling over the looped instrumental.",,Low Quality,https://pillows.su/f/dc73ec1f59348666fc54a28e03c99b53
LP!,GIRTH [V3],"Third version of ""GIRTH"" seen in a iTunes photo posted by JPEGMAFIA on January 28, 2022.",,,,"Third version of ""GIRTH"" seen in a iTunes photo posted by JPEGMAFIA on January 28, 2022.",,Not Available,
LP!,HAZARD DUTY PAY! [V2],Performed live during his thereislight stream on July 6th 2021. Instrumental appears to be different from the final release,,,,Performed live during his thereislight stream on July 6th 2021. Instrumental appears to be different from the final release,,High Quality,need loooonk
LP!,"IMX freestyle 
(prod. franchisedidit)",,,,2:09,,,CD Quality,https://pillows.su/f/12bd7d4cb9daa817eb2fd0b7e8acfc9d
LP!,MY HERO! [V2],"LP! era version of ""my hero!"" seen in a iTunes photo posted by JPEGMAFIA on January 28, 2022. Presumably finished, as it lacks the ""demo"" in the filename of the original. Potentially the same as the original due to identical track times.",,,,"LP! era version of ""my hero!"" seen in a iTunes photo posted by JPEGMAFIA on January 28, 2022. Presumably finished, as it lacks the ""demo"" in the filename of the original. Potentially the same as the original due to identical track times.",,Not Available,
LP!,PRETENTIOUS [V2],"LP! era version of ""Pretentious"" seen in a iTunes photo posted by JPEGMAFIA on January 28, 2022. Noted to still be incomplete.",,,,"LP! era version of ""Pretentious"" seen in a iTunes photo posted by JPEGMAFIA on January 28, 2022. Noted to still be incomplete.",,Not Available,
LP!,PROJECT JUSTICE,"Track seen in a photo of JPEGMAFIA's iTunes posted on January 28, 2022. Noted to still be incomplete.",,,,"Track seen in a photo of JPEGMAFIA's iTunes posted on January 28, 2022. Noted to still be incomplete.",,Not Available,
LP!,"REBOUND! [V1]
(feat. DATPIFFMAFIA)","Earlier version of ""REBOUND!"" that replaces Peggy's first chorus with an extension to his first verse, has worse mixing & is at the same speed as the ONLINE & OFFLINE [Mix 1] versions.",,,3:44,"Earlier version of ""REBOUND!"" that replaces Peggy's first chorus with an extension to his first verse, has worse mixing & is at the same speed as the ONLINE & OFFLINE [Mix 1] versions.",,CD Quality,https://youtu.be/vzYcz6KD1-w?si=9fLD8wwhTf3S9h1u
LP!,SOUND OF FAUX BLACKNESS!,"Track seen in a photo of JPEGMAFIA's iTunes posted on January 28, 2022.",,,,"Track seen in a photo of JPEGMAFIA's iTunes posted on January 28, 2022.",,Not Available,
LP!,THE AVENGERS!,"Track seen in a photo of JPEGMAFIA's iTunes posted on January 28, 2022.",,,,"Track seen in a photo of JPEGMAFIA's iTunes posted on January 28, 2022.",,Not Available,
LP!,the suburbs,Very brief instrumental snippet played in HTBAR 13.,,,,Very brief instrumental snippet played in HTBAR 13.,,Not Available,NEED LINK
LP!,"Y2K - DIRT
(with JPEGMAFIA) (prod. Y2K & Sully)","Original version of ""DIRT"" by Y2K & JPEGMAFIA, reuses the bridge for the intro instead of a verse. Was being sold on LEAKEDCX as Peggy's song, said to be ""completely finished: no open verse, finished vocals and mixing, no mumble"". Sold alongside an hour long video of the session of the song.",,,3:44,"Original version of ""DIRT"" by Y2K & JPEGMAFIA, reuses the bridge for the intro instead of a verse. Was being sold on LEAKEDCX as Peggy's song, said to be ""completely finished: no open verse, finished vocals and mixing, no mumble"". Sold alongside an hour long video of the session of the song.",,CD Quality,https://pillows.su/f/1a47141b9688da7a7300fca109c01844
SCARING THE HOES,"✨ Acknowledge Me Freestyle [V1]
(Bloodline Freestyle)","Randomly leaked by the ""gp"" YouTube channel on Sep 9th, 2024. Made in 2022, later updated for  I LAY DOWN MY LIFE FOR YOU (DIRECTORS CUT). Reuses some ""God Loves You"" lyrics.",,"Sep 9, 2024",3:36,"Randomly leaked by the ""gp"" YouTube channel on Sep 9th, 2024. Made in 2022, later updated for  I LAY DOWN MY LIFE FOR YOU (DIRECTORS CUT). Reuses some ""God Loves You"" lyrics.",,High Quality,https://youtu.be/8l5Hmfe-3A0
SCARING THE HOES,AMEN + LEBRON *,"Shown on JPEG's Instagram story on January 23, 2022.",,,4:31,"Shown on JPEG's Instagram story on January 23, 2022.",,Not Available,
SCARING THE HOES,Burfict! [V1],"Original version of ""Burfict!"" previewed on NTS radio. Has a different snare when compared to release version.",,"Mar 28, 2022",,"Original version of ""Burfict!"" previewed on NTS radio. Has a different snare when compared to release version.",,High Quality,https://pillows.su/f/cceea074851f820d49da4a680213820c
SCARING THE HOES,For U I Will [V3],"Snippet of a demo shared to JPEGMAFIA's Twitter on April 10, 2022.",,"Apr 10, 2022",,"Snippet of a demo shared to JPEGMAFIA's Twitter on April 10, 2022.",,Recording,https://youtu.be/xi0PUk1uhcQ?si=s39CB2XiuJaGJo2d
SCARING THE HOES,"FREESTYLIN 4 MY BITCH THIS MORNIN' [V1]
(God Loves You)","First snippet released in a series of snippets previewed on JPEG's twitter in April 2022, this one being previewed on April 5th. He raps the hook but confirms he hasn't finished writing the track. Likely later evolved into ""God Loves You"", or could be a random song that uses the same lyrics.",,"Apr 5, 2022",1:44,"First snippet released in a series of snippets previewed on JPEG's twitter in April 2022, this one being previewed on April 5th. He raps the hook but confirms he hasn't finished writing the track. Likely later evolved into ""God Loves You"", or could be a random song that uses the same lyrics.",,Recording,https://youtu.be/NWdXnkwrWuI?si=7mLgK4xBYkZsoevK
SCARING THE HOES,"Kanye West & James Blake - Chingy [V1]
(prod. JPEGMAFIA)
(Garbage Pale Kids)","Very early version of ""Garbage Pale Kids"" that's currently just a loop, shown to Ye during a session with James Blake for WAR. Snippet posted on December 19th, 2025.",,"Dec 19, 2025",,"Very early version of ""Garbage Pale Kids"" that's currently just a loop, shown to Ye during a session with James Blake for WAR. Snippet posted on December 19th, 2025.",,Recording,https://www.reddit.com/r/GoodAssSub/comments/1pqu7u5/chingy/
SCARING THE HOES,"Kanye West & James Blake - Chingy [V2]
(prod. JPEGMAFIA)
(Garbage Pale Kids)","Version with vocals from Ye and James Blake, said to exist by yougotonemore.",,,,"Version with vocals from Ye and James Blake, said to exist by yougotonemore.",,Not Available,
SCARING THE HOES,"Garbage Pale Kids [V3]
(Chingy)","Third April Twitter snippet, also previewed on April 6th. Video shows JPEG dancing to the beat",,"Apr 6, 2022",,"Third April Twitter snippet, also previewed on April 6th. Video shows JPEG dancing to the beat",,Recording,https://youtu.be/Mm_3GgOEJ_0?si=I7deJtA6_OsmzGCL
SCARING THE HOES,"Heaven On Earth [V1]
(HOE (Heaven On Earth))","Shown on JPEG's Instagram story on January 23, 2022. Likely the original version of beat without any vocals.",,,4:44,"Shown on JPEG's Instagram story on January 23, 2022. Likely the original version of beat without any vocals.",,Not Available,
SCARING THE HOES,Where Ya Get Ya Coke From? [V1],Original solo version first previewed live on October 10th 2022. Uses the second chorus after his first verse.,,"Oct 10, 2022",1:09,Original solo version first previewed live on October 10th 2022. Uses the second chorus after his first verse.,,Recording,https://youtu.be/9ql965RRUIs
SCARING THE HOES,"MOTHER OF GOD STEMMED [V2]
(with Danny Brown)
(Where Ya Get Ya Coke From?)","**POSSIBLE** OG Filename: MOTHER OF GOD STEMMED new vjcerse
Version from JPEGMAFIA's official SoundCloud uploaded sometime in December 2022 under the name ""MOTHER OF GOD STEMMED new vjcerse"". Has a different take on Danny Brown's verse and alt mixing. Was private until he, most likely by accident, unprivated it around June 18th 2024. Was taken down a day later.",,"Jun 18, 2024",3:04,"**POSSIBLE** OG Filename: MOTHER OF GOD STEMMED new vjcerse
Version from JPEGMAFIA's official SoundCloud uploaded sometime in December 2022 under the name ""MOTHER OF GOD STEMMED new vjcerse"". Has a different take on Danny Brown's verse and alt mixing. Was private until he, most likely by accident, unprivated it around June 18th 2024. Was taken down a day later.",,CD Quality,https://pillows.su/f/68fc56d873eaae216a4c1f0d68c4e3ad
SCARING THE HOES,Peggy,Instrumental posted on STH tour site.,,,,Instrumental posted on STH tour site.,,Recording,https://pillows.su/f/c762c1e73dc06c11ef5e29b42e18737b
SCARING THE HOES,SO I HID [V1],"Snippet posted on Twitter on April 11th, 2022. Not much is known.",,"Apr 11, 2022",,"Snippet posted on Twitter on April 11th, 2022. Not much is known.",,Recording,https://youtu.be/lb8jy6PO0dw?si=4tmvtaJkNgt9SD_v
SCARING THE HOES,"⭐️ ??? [V2]
(with Slowthai)
(Gang Shit)","2022 version of the untitled track with Slowthai originally for meant Slowthai's album TYRON. Played live at a JPEGMAFIA concert on April 4, 2022 and June 8, 2022. Titled ""Gang Shit"" by fans. It is unclear what changes have been made from the original, and who is the main artist on the track.",,"Jun 8, 2022",2:53,"2022 version of the untitled track with Slowthai originally for meant Slowthai's album TYRON. Played live at a JPEGMAFIA concert on April 4, 2022 and June 8, 2022. Titled ""Gang Shit"" by fans. It is unclear what changes have been made from the original, and who is the main artist on the track.",,CD Quality,https://pillows.su/f/588beb0e0c061c9effc0469eaafc4082
SCARING THE HOES,"???
(RISE & GRIND PEOPLE!)","Second Twitter snippet previewed in April, this one being previewed on April 6th. JPEG raps over the beat playing on a Macbook but is hard to hear compared to the beat.",,"Apr 6, 2022",1:42,"Second Twitter snippet previewed in April, this one being previewed on April 6th. JPEG raps over the beat playing on a Macbook but is hard to hear compared to the beat.",,Recording,https://youtu.be/6-V3TmXu7mE?si=PAqb3HXyxztQT8FU
SCARING THE HOES,???,"Fourth April Twitter snippet, previewed on April 7th. A Gospel sampling song, which cuts off just as JPEG starts rapping",,"Apr 7, 2022",,"Fourth April Twitter snippet, previewed on April 7th. A Gospel sampling song, which cuts off just as JPEG starts rapping",,Recording,https://youtu.be/qq2X2QxgF5Y?si=e5GC4vmKFjMzvxEp
SCARING THE HOES,???,"Fifth April Twitter snippet, previewed on April 8th. Samples SUGAR by BROCKHAMPTON.",,"Apr 8, 2022",,"Fifth April Twitter snippet, previewed on April 8th. Samples SUGAR by BROCKHAMPTON.",,Recording,https://youtu.be/ihaL3H3Upyg?si=jBlSQ43epjwSYTIY
SCARING THE HOES,"Denzel Curry - John Wayne (Instrumental)
(feat. Buzzy Lee) (prod. JPEGMAFIA)","Instrumental for Denzel Curry's ""John Wayne"", previewed on NTS Radio on March 28th, 2022. The intro and outro of the song are longer than the version used by Denzel.",,"Mar 28, 2022",,"Instrumental for Denzel Curry's ""John Wayne"", previewed on NTS Radio on March 28th, 2022. The intro and outro of the song are longer than the version used by Denzel.",,High Quality,https://youtu.be/ahUqMErZOiU?si=UtpLN6bwC4SzmP9M
VULTURES,"BEG FORGIVENESS [V20]
(feat. Chris Brown) (prod. Kanye West, London on da Track, VITALS, Digital Nas, JPEGMAFIA, SHDØW, Anthony Kilhoffer, Aver Ray & SHDØW)
(BEG FOR FORGIVENESS)","Played on an instagram live on March 29th, 2024. Has alternate production from SHDØW. Unknown when made.",,"Mar 29, 2024",,"Played on an instagram live on March 29th, 2024. Has alternate production from SHDØW. Unknown when made.",,Recording,https://pillows.su/f/ae296f5dbcb74b10eebf324149e75029
VULTURES,"BEG FORGIVENESS [V21]
(feat. Chris Brown) (prod. Kanye West, London on da Track, VITALS, Digital Nas, JPEGMAFIA, SHDØW, Anthony Kilhoffer & Aver Ray)
(BEG FOR FORGIVENESS)","Version played at the Chicago listening party. Has an added Ye verse, and a beatswitch with more Ty Dolla $ign vocals.",,"Feb 8, 2024",6:09,"Version played at the Chicago listening party. Has an added Ye verse, and a beatswitch with more Ty Dolla $ign vocals.",,High Quality,https://pillows.su/f/a8a30b65ee1d6a4efb7424ec6f6dfbf7
VULTURES,"BEG FORGIVENESS [V22]
(feat. Playboi Carti) (prod. Kanye West, London on da Track, VITALS, Digital Nas, JPEGMAFIA, SHDØW, Anthony Kilhoffer & Aver Ray)
(BEG FOR FORGIVENESS)","Version with Playboi Carti vocals over the beatswitch, unknown if the original beat is attatched or if Chris Brown is featured. Likely made very late into the songs development, but nothing else is known. Played by Ty on stream December 7th, 2025.",,"Dec 7, 2025",,"Version with Playboi Carti vocals over the beatswitch, unknown if the original beat is attatched or if Chris Brown is featured. Likely made very late into the songs development, but nothing else is known. Played by Ty on stream December 7th, 2025.",,Recording,https://pillows.su/f/5ba9aca9a4afbfd19fa929be7efb2f14
VULTURES,"BEG FORGIVENESS [V23-V29]
(feat. Chris Brown) (prod. Kanye West, London on da Track, VITALS, Digital Nas, JPEGMAFIA, SHDØW, Anthony Kilhoffer & Aver Ray)
(BEG FOR FORGIVENESS)","Earlier versions proven by a filename including ""M7"" and ""Vers 2"". Most likely that they have some small mixing changes.",,,,"Earlier versions proven by a filename including ""M7"" and ""Vers 2"". Most likely that they have some small mixing changes.",,Not Available,
VULTURES,"BEG FORGIVENESS [V30]
(feat. Chris Brown) (prod. Kanye West, London on da Track, VITALS, Digital Nas, JPEGMAFIA, SHDØW, Anthony Kilhoffer & Aver Ray)
(BEG FOR FORGIVENESS)","OG Filename: BEG FORGIVENESS M7 Ye Vers V2 MT001 SPLICED-TUCCI MASTER-24BIT-48kHz
Post-release mix, leaked after a groupbuy. Has an actual outro that does not cut out prematurely, unlike release. This version was also played at the Italy and France Listening Party events.",,"Oct 17, 2024",6:28,"OG Filename: BEG FORGIVENESS M7 Ye Vers V2 MT001 SPLICED-TUCCI MASTER-24BIT-48kHz
Post-release mix, leaked after a groupbuy. Has an actual outro that does not cut out prematurely, unlike release. This version was also played at the Italy and France Listening Party events.",,Lossless,https://pillows.su/f/0d8b11cba118cacab3e6d914e0407fe5
VULTURES,"BEG FORGIVENESS [V31]
(feat. Chris Brown & The Hooligans) (prod. Kanye West, London on da Track, VITALS, Digital Nas, JPEGMAFIA, SHDØW, Anthony Kilhoffer & Aver Ray)
(BEG FOR FORGIVENESSS)","Played at the Footprint center listening event. Has added vocals from The Ultras, also known as The Hooligans.",,"Mar 10, 2024",,"Played at the Footprint center listening event. Has added vocals from The Ultras, also known as The Hooligans.",,Recording,https://pillows.su/f/92c60198fbda53d7875b3aecd2e805ae
VULTURES,"DO IT [V9]
(feat. YG & Nipsey Hussle) (prod. Kanye West, Mustard, Wheezy, Chrishan, CuBeatz, LukasBL, DTP, The Legendary Traxster & JPEGMAFIA)","OG Filename: doit8barintro
Earlier clean version. Basically same as release, but there is an 8-bar intro before the choir intro, different mixing and the song being clean. Instrumental originally leaked June 9th, 2024.",,"Sep 3, 2024",4:02,"OG Filename: doit8barintro
Earlier clean version. Basically same as release, but there is an 8-bar intro before the choir intro, different mixing and the song being clean. Instrumental originally leaked June 9th, 2024.",,Lossless,https://pillows.su/f/5c8fe3e69e2b1dc4adf75e91e8ef90e7
VULTURES,"DO IT [V10]
(feat. YG & Nipsey Hussle) (prod. Kanye West, Mustard, Wheezy, Chrishan, CuBeatz, LukasBL, DTP, The Legendary Traxster & JPEGMAFIA)","Version played at the Chicago listening party. Contains an evolved instrumental. Intro has a short Nipsey Hussle verse stemming from unreleased song ""I Just Wanna Know"". New Ty$ line in Ye's verse, which was also re-recorded. Beat switch samples ""Back That Azz Up"" - Juvenile.",,"Feb 8, 2024",4:01,"Version played at the Chicago listening party. Contains an evolved instrumental. Intro has a short Nipsey Hussle verse stemming from unreleased song ""I Just Wanna Know"". New Ty$ line in Ye's verse, which was also re-recorded. Beat switch samples ""Back That Azz Up"" - Juvenile.",,High Quality,https://pillows.su/f/7e92d73696638a5cb14b895974980be6
VULTURES,"DO IT [V11]
(feat. YG & Nipsey Hussle) (prod. Kanye West, Mustard, Wheezy, Chrishan, CuBeatz, LukasBL, DTP, The Legendary Traxster & JPEGMAFIA)","OG Filename: yetydollasignfeatyg-doit
Same as release, but clean (clean version was never released).",,"Sep 3, 2024",3:44,"OG Filename: yetydollasignfeatyg-doit
Same as release, but clean (clean version was never released).",,Lossless,https://pillows.su/f/ca6a1c8e7a23a323c47f6cfbad696e5d
VULTURES,"DO IT [V12-V17]
(feat. YG & Nipsey Hussle) (prod. Kanye West, Mustard, Wheezy, Chrishan, CuBeatz, LukasBL, DTP, The Legendary Traxster & JPEGMAFIA)","Earlier versions proven by a filename including ""M7"". Most likely that they have some small mixing changes.",,,,"Earlier versions proven by a filename including ""M7"". Most likely that they have some small mixing changes.",,Not Available,
VULTURES,"DO IT [V18]
(feat. YG & Nipsey Hussle) (prod. Kanye West, Mustard, Wheezy, Chrishan, CuBeatz, LukasBL, DTP, The Legendary Traxster & JPEGMAFIA)","OG Filename: Do It M7 24 bit
Alternative mix, leaked after a groupbuy.",,"Oct 17, 2024",3:45,"OG Filename: Do It M7 24 bit
Alternative mix, leaked after a groupbuy.",,Lossless,https://pillows.su/f/823886c12d74474fea99abe79beed43d
VULTURES,"DO IT [V19]
(feat. YG & Nipsey Hussle) (prod. Kanye West, Mustard, Wheezy, Chrishan, CuBeatz, LukasBL, DTP, The Legendary Traxster & JPEGMAFIA)","OG Filename: DO IT CLEAN M8 FLAT MT001-TUCCI MASTER-24BIT-48kHz
Post-release clean mix, leaked after a groupbuy. Has worse mixing compared to the previous version.",,"Oct 17, 2024",3:45,"OG Filename: DO IT CLEAN M8 FLAT MT001-TUCCI MASTER-24BIT-48kHz
Post-release clean mix, leaked after a groupbuy. Has worse mixing compared to the previous version.",,Lossless,https://pillows.su/f/d0f4def12f410cc790be7d7e836087a9
VULTURES,"FUK SUMN [V24]
(ref. Quavo) (feat. Playboi Carti) (prod. Digital Nas, Timbaland, SHDØW, Hubi & JPEGMAFIA)
(Smoking On Junt, FUKK SUMN, FUCK SUM)","Version with Quavo's reference verse added back with the new JPEGMAFIA production. Possibly made before the music video shoot. Snippet was posted on JPEGMAFIA's story on February 23rd, 2024, and previewed at Pitchfork Music Festival March 7th, 2024. Has no Ye vocals.",,"Mar 7, 2024",,"Version with Quavo's reference verse added back with the new JPEGMAFIA production. Possibly made before the music video shoot. Snippet was posted on JPEGMAFIA's story on February 23rd, 2024, and previewed at Pitchfork Music Festival March 7th, 2024. Has no Ye vocals.",,Recording,https://pillows.su/f/d44dd3eddeb56001c3d75d3249a6519b
VULTURES,"FUK SUMN [V25]
(ref. Travis Scott) (prod. Digital Nas, Timbaland, SHDØW, Hubi & JPEGMAFIA)
(Smoking On Junt, FUKK SUMN, FUCK SUM)","Travis Scott did a reference track for the Ye verse on ""Fuk Sumn"" which can be heard in the background on the pitched up section of the song. Snippet of the actual version of the song leaked October 14th, 2024.",,"Oct 14, 2024",,"Travis Scott did a reference track for the Ye verse on ""Fuk Sumn"" which can be heard in the background on the pitched up section of the song. Snippet of the actual version of the song leaked October 14th, 2024.",,Low Quality,"https://pillows.su/f/c693136bd7e20e80a927d2a7fdb9f402
https://pillows.su/f/a6f0290d4feafc99bfcdd94b70024551"
VULTURES,"FUK SUMN [V26]
(feat. Playboi Carti) (prod. Digital Nas, Timbaland, SHDØW, Hubi & JPEGMAFIA)
(Smoking On Junt, FUKK SUMN, FUCK SUM)",An updated version without the Quavo vocals and a beatswitch ending done by Ye. The unreleased music video was recorded over this version.,,"Jan 14, 2024",,An updated version without the Quavo vocals and a beatswitch ending done by Ye. The unreleased music video was recorded over this version.,,Recording,"https://pillows.su/f/b83f938b9fd365aa937deedb406276c2
https://pillows.su/f/bad81214f2aabb2ce3cfe3bc98404d13
https://pillows.su/f/c4904651021f5aac5c270009485cc22f"
VULTURES,"FUK SUMN [V27]
(feat. Playboi Carti & Travis Scott) (prod. Digital Nas, Timbaland, SHDØW, Hubi, Chrishan & JPEGMAFIA)
(Smoking On Junt, FUKK SUMN, FUCK SUM)",Version previewed by Ty at Club Poppy featuring alternate JPEGMAFIA production.,,"Feb 3, 2024",,Version previewed by Ty at Club Poppy featuring alternate JPEGMAFIA production.,,Low Quality,LINK NEEDED
VULTURES,"FUK SUMN [V28]
(feat. Playboi Carti & Travis Scott) (prod. Digital Nas, Timbaland, SHDØW, Hubi, Chrishan & JPEGMAFIA)
(Smoking On Junt, FUKK SUMN, FUCK SUM)","Version played at the Chicago listening party. Has alternate production, with most of the main melody removed. Contains a beatswitch with pitched up Ye vocals and a new Travis feature.",,"Feb 8, 2024",3:27,"Version played at the Chicago listening party. Has alternate production, with most of the main melody removed. Contains a beatswitch with pitched up Ye vocals and a new Travis feature.",,High Quality,https://pillows.su/f/98e3594c6e15fa0df56e98b6e5d74b8e
VULTURES,"FUK SUMN [V29-V38]
(feat. Playboi Carti & Travis Scott) (prod. Digital Nas, Timbaland, SHDØW, Hubi, Chrishan & JPEGMAFIA)
(Smoking On Junt, FUKK SUMN, FUCK SUM)","Earlier versions proven by a filename including ""M11"". Most likely that they have some small mixing changes.",,,,"Earlier versions proven by a filename including ""M11"". Most likely that they have some small mixing changes.",,Not Available,
VULTURES,"FUK SUMN [V39]
(feat. Playboi Carti & Travis Scott) (prod. Digital Nas, Timbaland, SHDØW, Hubi, Chrishan & JPEGMAFIA)","OG Filename: Fuk Sumn M11
Alternate post-release mix, leaked after a groupbuy.",,"Oct 17, 2024",3:29,"OG Filename: Fuk Sumn M11
Alternate post-release mix, leaked after a groupbuy.",,Lossless,https://pillows.su/f/6f163d8f301b8b668121c2426458d951
VULTURES,"FUK SUMN [V40]
(feat. Playboi Carti & Travis Scott) (prod. Digital Nas, Timbaland, SHDØW, Hubi, Chrishan & JPEGMAFIA)
(Smoking On Junt, FUKK SUMN, FUCK SUM)","According to Luit, a March version that is not the remix version exists, with new vocals.",,,,"According to Luit, a March version that is not the remix version exists, with new vocals.",,Not Available,N/A
VULTURES,"FUK SUMN (Remix) [V1]
(feat. Playboi Carti, Travis Scott & Quavo) (prod. Digital Nas, Timbaland, SHDØW, Hubi & JPEGMAFIA)
(FUKK SUM (Remix))","Played at the Footprint center listening event and Rolling Loud. Has alternate production, and the Quavo verse added onto the outro of the song. According to Pop this is a remix that was meant to be dropped in a pack like how VULTURES PACK and CARNIVAL PACK did. According to JoyBoy, they still had intentions to drop the remix, but it's unknown if those plans are still going to happen, due to the canceling of the YZYApp and general shifts in Ye's lifestyle. Partially played by JPEGMAFIA on his Outbreak set on June 28th, 2024.",,"Sep 2, 2024",4:05,"Played at the Footprint center listening event and Rolling Loud. Has alternate production, and the Quavo verse added onto the outro of the song. According to Pop this is a remix that was meant to be dropped in a pack like how VULTURES PACK and CARNIVAL PACK did. According to JoyBoy, they still had intentions to drop the remix, but it's unknown if those plans are still going to happen, due to the canceling of the YZYApp and general shifts in Ye's lifestyle. Partially played by JPEGMAFIA on his Outbreak set on June 28th, 2024.",,High Quality,"https://pillows.su/f/b4cd9c9e873ebdc443bbd27fb4d0f188
https://pillows.su/f/9d9ce30dcda550ddf6e9662cdaf8903a
https://pillows.su/f/e9e7700ea1d7d1638c422c88384ec045"
VULTURES,"KING [V12]
(prod. Wheezy, Lester Nowhere & JPEGMAFIA)
(STILL THE KING)",Version said to exist with finished Ye vocals and no Ty Dolla $ign.,,,,Version said to exist with finished Ye vocals and no Ty Dolla $ign.,,Not Available,N/A
VULTURES,"KING [V13-V?]
(prod. Kanye West, Lester Nowhere, Wheezy, Dez Wright, 88-Keys & JPEGMAFIA)
(STILL THE KING)",Alt production versions with finished Ye and Ty Dolla $ign vocals are said to exist.,,,,Alt production versions with finished Ye and Ty Dolla $ign vocals are said to exist.,,Not Available,N/A
VULTURES,"KING [V14]
(prod. Kanye West, Lester Nowhere, Wheezy, Dez Wright, 88-Keys & JPEGMAFIA)
(STILL THE KING)","Played at the Chicago listening party. Fully finished song about Ye overcoming his controversies. Stream was cut short due to non-sporting curfew rules in Chicago, so we don't have a full HQ rip, but there is a full recording linked alongside the partial version.",,"Feb 8, 2024",,"Played at the Chicago listening party. Fully finished song about Ye overcoming his controversies. Stream was cut short due to non-sporting curfew rules in Chicago, so we don't have a full HQ rip, but there is a full recording linked alongside the partial version.",,High Quality,"https://pillows.su/f/6bf7737d4ea8fb06ba2f55e4c6507384
https://pillows.su/f/a16b26a93f261c28c0edffdacacc520d"
VULTURES,"KING [V15-V16]
(prod. Kanye West, Lester Nowhere, Wheezy, Dez Wright, 88-Keys & JPEGMAFIA)
(STILL THE KING)","Earlier versions proven by a filename including ""M3"". Most likely that they have some small mixing changes.",,,,"Earlier versions proven by a filename including ""M3"". Most likely that they have some small mixing changes.",,Not Available,
VULTURES,"KING [V17]
(prod. Kanye West, Lester Nowhere, Wheezy, Dez Wright, 88-Keys & JPEGMAFIA)
(STILL THE KING)","OG Filename: KING M3 Flatten  MT001-TUCCI MASTER-24BIT-48kHz
Post-release mix, leaked after a groupbuy. Has better mixing.",,"Oct 17, 2024",2:36,"OG Filename: KING M3 Flatten  MT001-TUCCI MASTER-24BIT-48kHz
Post-release mix, leaked after a groupbuy. Has better mixing.",,Lossless,https://pillows.su/f/681c13e71dfa4e0e13dfdd94e342b91e
VULTURES,"KING [V18]
(prod. Kanye West, Lester Nowhere, Wheezy, Dez Wright, 88-Keys & JPEGMAFIA)
(STILL THE KING)","OG Filename: KING M3 Flatten NO OZZY MT001-TUCCI MASTER-24BIT-48kHz
Post-release mix, leaked after a groupbuy. Similar to above, but has the Ozzy sample removed and has some slight difference with vocal volume/delay compared to the above version.",,"Oct 17, 2024",2:36,"OG Filename: KING M3 Flatten NO OZZY MT001-TUCCI MASTER-24BIT-48kHz
Post-release mix, leaked after a groupbuy. Similar to above, but has the Ozzy sample removed and has some slight difference with vocal volume/delay compared to the above version.",,Lossless,https://pillows.su/f/113a40d75e6e9d41ab1a3e0a72de6757
VULTURES,"KING [V19]
(prod. Kanye West, Lester Nowhere, Wheezy, Dez Wright, 88-Keys & JPEGMAFIA)
(STILL THE KING)","Earlier version proven by a filename including ""M5"". Most likely that it has some small mixing changes.",,,,"Earlier version proven by a filename including ""M5"". Most likely that it has some small mixing changes.",,Not Available,
VULTURES,"KING [V20]
(prod. Kanye West, Lester Nowhere, Wheezy, Dez Wright, 88-Keys & JPEGMAFIA)
(STILL THE KING)","OG Filename: King M5 SAMPLE REPLAY
Post-release mix, leaked after a groupbuy. Has better mixing.",,"Oct 17, 2024",2:37,"OG Filename: King M5 SAMPLE REPLAY
Post-release mix, leaked after a groupbuy. Has better mixing.",,Lossless,https://pillows.su/f/aa32c8bab2081f7ac696ec44e12cda79
VULTURES,"PAID [V16]
(feat. K-Ci) (prod. Kanye West, Stryv, Wax Motif, Chrishan, KAYTRANADA, The Legendary Traxster, Anthony Kilhoffer & JPEGMAFIA)",Version played by JPEGMAFIA at the Pitchfork Music Festival in Mexico. Has alternate production.,,"Mar 7, 2024",3:26,Version played by JPEGMAFIA at the Pitchfork Music Festival in Mexico. Has alternate production.,,Recording,https://pillows.su/f/73dd437b5907e3bb31e7238cf3a5cec6
VULTURES,"STARS [V18]
(prod. FNZ, Ojivolta & JPEGMAFIA)
(Up In The Stars)",Version played at the Chicago listening party.,,"Feb 8, 2024",1:53,Version played at the Chicago listening party.,,High Quality,https://pillows.su/f/a439996710fa5d51aecbd56d62bbbbf1
VULTURES,"STARS [V19]
(feat. The Hooligans) (prod. Kanye West, FNZ, SHDØW, Digital Nas, JPEGMAFIA, DJ Camper, The Legendary Traxster & Ojivolta)","OG Filename: Stars
Alternate mix. Leaked after a groupbuy.",,"Oct 17, 2024",1:55,"OG Filename: Stars
Alternate mix. Leaked after a groupbuy.",,Lossless,https://pillows.su/f/224a90907fe46ee67263b6853b658ebd
VULTURES,"BELIEVER [V8]
(ref. FRE$H) (prod. Adam Vadel, JPEGMAFIA & BoogzDaBeast)","According to the filename below, an earlier version with Fre$h ref vocal exists.",,,,"According to the filename below, an earlier version with Fre$h ref vocal exists.",,Not Available,
VULTURES,"BELIEVER [V9]
(ref. FRE$H) (prod. Adam Vadel, BoogzDaBeast & JPEGMAFIA)","OG Filename: Believer Fre$h_02
FRE$H reference track. Shares the same instrumental as the LA listening party version.",,"Oct 21, 2024",3:09,"OG Filename: Believer Fre$h_02
FRE$H reference track. Shares the same instrumental as the LA listening party version.",,CD Quality,https://pillows.su/f/1893a43ef9d9ccb2073c9b07ccb99bb5
VULTURES,"BELIEVER [V10]
(prod. Adam Vadel, BoogzDaBeast, & JPEGMAFIA)","Song played during the private LA listening party for VULTURES 2 on March 9th, 2024. Features solo Ty Dolla $ign vocals and an intro sampling a Charleston White interview. Has added JPEGMAFIA drums and Boogz chops onto Adam's loop. Very similar to what was released on the digital deluxe.",,"Mar 9, 2024",1:26,"Song played during the private LA listening party for VULTURES 2 on March 9th, 2024. Features solo Ty Dolla $ign vocals and an intro sampling a Charleston White interview. Has added JPEGMAFIA drums and Boogz chops onto Adam's loop. Very similar to what was released on the digital deluxe.",,Recording,https://pillows.su/f/468be0d6758954f8b8b66c51dd09d362
VULTURES,"BELIEVER [V13]
(ref. Quentin Miller) (prod. Adam Vadel & JPEGMAFIA)","OG Filename: believer qm v1
Reference track done by Quentin Miller. Original snippet leaked October 19th, 2024. Shares the same instrumental as the LA listening party version without the Boogz chops.",,"Oct 21, 2024",1:27,"OG Filename: believer qm v1
Reference track done by Quentin Miller. Original snippet leaked October 19th, 2024. Shares the same instrumental as the LA listening party version without the Boogz chops.",,CD Quality,https://pillows.su/f/5ea287d2620dac2077ba9079fad1b8f8
VULTURES,"BELIEVER [V16]
(feat. Young Moose) (prod. Adam Vadel, JPEGMAFIA & BoogzDaBeast)","Version with Young Moose vocals exists, but was privately sold by Luit.",,,,"Version with Young Moose vocals exists, but was privately sold by Luit.",,Not Available,
VULTURES,"FUK SUMN (Remix) [V2]
(feat. Playboi Carti & Juicy J) (prod. AyoAA, BBYKOBE, Chrishan, Digital Nas, Hubi, JPEGMAFIA, SHDØW & Timbaland)
(FUKK SUM (Remix))","Version of ""FUK SUMN (Remix)"" with the Juicy J verse. Unknown what other features are on it besides him and Carti. Played by Ty on stream December 5th, 2025.",,"Dec 5, 2025",,"Version of ""FUK SUMN (Remix)"" with the Juicy J verse. Unknown what other features are on it besides him and Carti. Played by Ty on stream December 5th, 2025.",,Recording,
VULTURES,"FUKK SUM (Remix) [V3-V6]
(feat. Playboi Carti, Travis Scott, Quavo & Ant Clemons) (prod. Digital Nas, Timbaland, SHDØW, Hubi & JPEGMAFIA)
(FUK SUMN (Remix))","Earlier versions proven by a filename including ""REF 5"". Most likely that they have some small mixing changes.",,,,"Earlier versions proven by a filename including ""REF 5"". Most likely that they have some small mixing changes.",,Not Available,
VULTURES,"✨ FUKK SUM (Remix) [V7]
(feat. Playboi Carti, Travis Scott, Quavo & Ant Clemons) (prod. Digital Nas, Timbaland, SHDØW, Hubi & JPEGMAFIA)
(FUK SUMN (Remix))","OG Filename: FUKK SUM 3.18.24 ME- F REF 5 ANT
Later version of the remix with added production and a new feature from Ant Clemons, replacing a portion of Ye's pitched-up vocals. Meant for release on VULTURES 2.",,"Nov 21, 2024",3:51,"OG Filename: FUKK SUM 3.18.24 ME- F REF 5 ANT
Later version of the remix with added production and a new feature from Ant Clemons, replacing a portion of Ye's pitched-up vocals. Meant for release on VULTURES 2.",,CD Quality,https://pillows.su/f/c5c95c268b6a75ed41e1881980b4b9e6
VULTURES,"RIVER [V51]
(feat. Young Thug) (prod. AyoAA, Chrishan, Digital Nas, Gren808 & JPEGMAFIA)","Version with the entire first part of the song having alternate production from JPEGMAFIA. Was played at a San Francisco show on August 20th, 2024.",,,,"Version with the entire first part of the song having alternate production from JPEGMAFIA. Was played at a San Francisco show on August 20th, 2024.",,Not Available,
VULTURES,"??? [V2]
(feat. ???) (prod. JPEGMAFIA)
(GONE, UNTIL WE'RE GONE, STARLIGHT)","Song played during the private LA listening party for VULTURES 2 on March 9th, 2024. Features Ty$ vocals and a prominent sample of ""Bonafide Love"" by Buju Banton and Wayne Wonder. Has no Ye vocals.",,"Mar 9, 2024",,"Song played during the private LA listening party for VULTURES 2 on March 9th, 2024. Features Ty$ vocals and a prominent sample of ""Bonafide Love"" by Buju Banton and Wayne Wonder. Has no Ye vocals.",,Recording,https://pillows.su/f/2467fe0e063264a166b9243b56a3d5ed
VULTURES,"??? [V3]
(feat. ???) (prod. JPEGMAFIA)
(GONE, UNTIL WE'RE GONE, STARLIGHT)","Version with alternate lyrics, played on Ty's stream on October 4th, 2025.",,"Oct 4, 2025",,"Version with alternate lyrics, played on Ty's stream on October 4th, 2025.",,Recording,https://pillows.su/f/a9917666d53018c221d0b5a41e2ac23e
VULTURES,Unknown [Kanye West Collaborations],"On January 19th, JPEGMAFIA posted a photo of him and Kanye captioned ""VULTURES"". After the release of Volume 1, JPEGMAFIA confirmed that he produced multiple tracks on the album. On 2/20/24, via his Twitter location, which had an Arabic translation of the words ""VULTURES 2"". He later confirmed via several photos that he was in Italy with Ye. He has also stated that he has made ""too much"" work on ""VULTURES 2"".",,,,"On January 19th, JPEGMAFIA posted a photo of him and Kanye captioned ""VULTURES"". After the release of Volume 1, JPEGMAFIA confirmed that he produced multiple tracks on the album. On 2/20/24, via his Twitter location, which had an Arabic translation of the words ""VULTURES 2"". He later confirmed via several photos that he was in Italy with Ye. He has also stated that he has made ""too much"" work on ""VULTURES 2"".",,Not Available,
VULTURES,Unknown [Lil Tecca Collaborations],"JPEGMAFIA and Lil Tecca have been seen in the same studio together in Twitter and Instagram posts posted on 04/05/2024. Its also possible that ¥$ were also involved due to the Twitter caption reading ""with the vultures"".",,,,"JPEGMAFIA and Lil Tecca have been seen in the same studio together in Twitter and Instagram posts posted on 04/05/2024. Its also possible that ¥$ were also involved due to the Twitter caption reading ""with the vultures"".",,Not Available,
I LAY DOWN MY LIFE FOR YOU,"ACT 30 (ALLAH) 2 [V1]
(ALLAH)","Likely the original version of ""ALLAH"" seen in an instagram story, 4:19 in length. Likely just the beat.",,,4:19,"Likely the original version of ""ALLAH"" seen in an instagram story, 4:19 in length. Likely just the beat.",,Recording,"https://imgur.com/a/fQwlICq
https://youtu.be/qNKEVnoG35Q"
I LAY DOWN MY LIFE FOR YOU,don't rely on other men [V1],"Original version of the instrumental with a ""You Think You Know Me"" tag and a few beat differences. Played live during his Mexico performance on 2024-03-06.",,"Mar 6, 2024",,"Original version of the instrumental with a ""You Think You Know Me"" tag and a few beat differences. Played live during his Mexico performance on 2024-03-06.",,Recording,https://youtu.be/HtVCr8oHhGI?t=1662
I LAY DOWN MY LIFE FOR YOU,"ill be right there f3reason [V1]
(I'll Be Right There)","Original version of ""I'll Be Right There"" that was seen in an Instagram story screenshot, differences unknown.",,,,"Original version of ""I'll Be Right There"" that was seen in an Instagram story screenshot, differences unknown.",,Not Available,
I LAY DOWN MY LIFE FOR YOU,SCENE 1 m [V1],Track seen in an Instagram story screenshot.,,,,Track seen in an Instagram story screenshot.,,Not Available,
I LAY DOWN MY LIFE FOR YOU,TAKE AN [V1],"Instrumental previewed on Peggy's instagram story on June 29th, 2024, might be the exact same as the version that released on the Director's Cut of I LAY DOWN MY LIFE FOR YOU. Samples the ""Think"" break.",,"Jun 29, 2024",,"Instrumental previewed on Peggy's instagram story on June 29th, 2024, might be the exact same as the version that released on the Director's Cut of I LAY DOWN MY LIFE FOR YOU. Samples the ""Think"" break.",,Recording,https://pillows.su/f/2b3b85ee4aa63bb3e5efedfaf44e37ff
I LAY DOWN MY LIFE FOR YOU,VOL. 23 rec 5555 [V1],Track seen in an Instagram story screenshot.,,,,Track seen in an Instagram story screenshot.,,Not Available,
I LAY DOWN MY LIFE FOR YOU,Unknown [Denzel Curry Collaborations],Both were seen in studio photos together in pictures posted on June 1st 2024.,,,,Both were seen in studio photos together in pictures posted on June 1st 2024.,,Not Available,
EXPERIMENTAL RAP,Unknown [Danny Brown Collaborations],"Both likely working on SCARING THE HOES Vol. 2 according to a ""cryptic"" message in an Instagram post from April 27th, 2025. On the same date Danny tweeted that they ""literally just started talking about working on it yesterday""",,,,"Both likely working on SCARING THE HOES Vol. 2 according to a ""cryptic"" message in an Instagram post from April 27th, 2025. On the same date Danny tweeted that they ""literally just started talking about working on it yesterday""",,Not Available,
EXPERIMENTAL RAP,"Unknown [Denzel Curry Collaborations]
(AAR)","Both JPEGMAFIA and Denzel Curry were seen together recently and both started hinting at a collab album or collabarative songs to come soon. AAR is a supposed name for this project, teased by Peggy in an in car interview with debbiesthuglife. A few weeks after this, Peggy would make a post on Instagram which had photos of him and Denzel with the caption ""the next album must sound like war over land or else”. Denzel left a comment under the post, saying “AAR”, leaving some to speculate that could an abbreviation of the title of the project (i.e. All American Rockstar or After Action Review).",,,,"Both JPEGMAFIA and Denzel Curry were seen together recently and both started hinting at a collab album or collabarative songs to come soon. AAR is a supposed name for this project, teased by Peggy in an in car interview with debbiesthuglife. A few weeks after this, Peggy would make a post on Instagram which had photos of him and Denzel with the caption ""the next album must sound like war over land or else”. Denzel left a comment under the post, saying “AAR”, leaving some to speculate that could an abbreviation of the title of the project (i.e. All American Rockstar or After Action Review).",,Not Available,
