Era,Name,Notes,Track Length,File Date,Leak Date,Available Length,Quality,Link(s)
"0 OG File(s)
1 Full
0 Tagged
0 Partial
0 Snippet(s)
1 Unavailable","DREAMCAST SUMMER SONGS
(Devon's Tape, Since I Left You II, Since I Left II, Since I Left You Part II)","(October 22nd, 1989) (Barrington Devaughn Hendricks is born)
(2006 - 2007) (Devon joins the military)
(2007 - 2009) (Devon Hendryx starts working on Devon's Tape)
(February 27th, 2012) (Since I Left You II is re-released once again as Dreamcast Summer Songs)",,,,,,
DREAMCAST SUMMER SONGS,Edie [V1],"Version with a completely alternate undistorted mix & no vocals. Surfaced on the fake compilation tape, Hi-Fi. Might be an edit, but I don't know of any AI that can decompress audio.",6:40,,"Aug 1, 2026",Full,High Quality,https://pillows.su/f/99bf512bb603c8853d02eac5b7dc50e3
DREAMCAST SUMMER SONGS,"Code: Veronica ✖ [V1]
(Buster Wolf (Are You Ok?), Edie, LOL: Lack of Love, Shenmue)","Given that Edie was meant to be on Code: Veronica X, there is most definitly a version with it added into the Set, this can easily be recreated, however there is no official release or documentation of it thats been released.",,,,Speculation,Not Available,
DREAMCAST SUMMER SONGS,"???
(Jane's Song, All Caps Freestyle)","On The Power of Madonna, Devon mentions how his rap career started ""I tell 'em that it started with a song about Jane, a little printed paper one pen and all caps"". This could be Devon's first ever song that he made. Given that he said he wrote the lyrics on paper, it makes no sense for all caps to be there, but it's possible given Devon / JPEGMAFIA's heavily influence of MF DOOM, that his first song could've been a freestyle over DOOM's ""All Caps"" from Madvilliany, this is 100% never going to surface as there's most likely no uploads or archives whatsoever of this song, unless Peggy reveals it to the world, it's never going to be recovered.",,,,Speculation,Not Available,
DREAMCAST SUMMER SONGS,"???
(with ???)","On the P3 Soul interview from 2023, JPEGMAFIA referred to his first time really sitting down and recording being in the desert in the warehouse with his friend. It's unknown who this friend is, or if this friend ever did any vocals on this song, but this song roughly was recorded around 2007.",,,,Confirmed,Not Available,
DREAMCAST SUMMER SONGS,"??? [Pre DCSS Projects]
(Pu$$y #1, We Don't Love These Hoes, Pizzicato Five, Y2K, Sabbath School, Toonami)","There are certain songs that Devon had made that didn't fit the sound of DREAMCAST SUMEMR SONGS, such as Pizzicato Five, We Don't Love These House & Pu$$y #1, all of which were made between 2007-2009, seeing as they don't fit the sound of DCSS it is entirely possibly Devon made a seperate project or projects for songs that were made on the side of DCSS. It's unknown what they could've been.",,,,Speculation,Not Available,
"0 OG File(s)
0 Full
0 Tagged
0 Partial
0 Snippet(s)
8 Unavailable",Generation Y,"(August 26th, 2009) (Devon Hendryx releases Devon's Tape)
(January 16th, 2011) (Devon Hendryx releases Generation Y)",,,,,,
Generation Y,Amla Due [V2],"Devon planned to remaster all of Generation Y after it released, probably due to all the oddities as the album was recorded in a church by himself, since he remade Ends To The Means, it's highly likely he remastered the rest of the tracks",,,,Rumored,Not Available,
Generation Y,"Generation Y / nilaplliK [V2]
(Generation Y, nilaplliK)","Devon planned to remaster all of Generation Y after it released, probably due to all the oddities as the album was recorded in a church by himself, since he remade Ends To The Means, it's highly likely he remastered the rest of the tracks",,,,Rumored,Not Available,
Generation Y,Lightbulbs [V2],"Devon planned to remaster all of Generation Y after it released, probably due to all the oddities as the album was recorded in a church by himself, since he remade Ends To The Means, it's highly likely he remastered the rest of the tracks",,,,Rumored,Not Available,
Generation Y,Monáde [V2],"Devon planned to remaster all of Generation Y after it released, probably due to all the oddities as the album was recorded in a church by himself, since he remade Ends To The Means, it's highly likely he remastered the rest of the tracks",,,,Rumored,Not Available,
Generation Y,Operation: Kill Chet Haze [V2],"Devon planned to remaster all of Generation Y after it released, probably due to all the oddities as the album was recorded in a church by himself, since he remade Ends To The Means, it's highly likely he remastered the rest of the tracks",,,,Rumored,Not Available,
Generation Y,"Operation: Kill Hannah Montana [V2]
(Hannah Montana)","Devon planned to remaster all of Generation Y after it released, probably due to all the oddities as the album was recorded in a church by himself, since he remade Ends To The Means, it's highly likely he remastered the rest of the tracks",,,,Rumored,Not Available,
Generation Y,Operation: Kill Luke Scott [V2],"Devon planned to remaster all of Generation Y after it released, probably due to all the oddities as the album was recorded in a church by himself, since he remade Ends To The Means, it's highly likely he remastered the rest of the tracks",,,,Rumored,Not Available,
Generation Y,The Last Of Us [V1],"Beat for The Last Of Us, confirmed by Devon to exist according to a trusted source. Era unconfirmed but is said to be from 2010.",,,,Confirmed,Not Available,
"0 OG File(s)
0 Full
0 Tagged
1 Partial
1 Snippet(s)
0 Unavailable","L.I.S.A
(Collaboration with Enso Sinatra)","(July 10th, 2011) (Devon Hendryx releases JOECHILLWORLD)
(October 8th, 2011) (Devon Hendryx & Enso Sinatra release L.I.S.A)",,,,,,
L.I.S.A,Cam Newton [V1],"Unfinished version of ""Cam Newton"" beat shown to Enso Sinatra. Features an unfinished intro and really minor beat differences during the main beat pattern.",,,,Snippet,Recording,https://pillows.su/f/c4d50a8af49658d87fb6e791ec2b6e74
L.I.S.A,White Girls ♥ Dévon Hendryx [V1],"Original version of ""White Girls ♥ DeVon Hendryx"" with an open verse where Devon's 2nd verse would ended up being, no porn samples during the second part of the song and a few other minor differences. Unknown if Devon's first verse is present in this version.",,,,Partial,Recording,"https://pillows.su/f/9f271b2033f46026aa61df54480b53c5
https://pillows.su/f/ffc3187dc8cbc46d3d8d185a6e32f3d3"
"0 OG File(s)
1 Full
0 Tagged
0 Partial
1 Snippet(s)
1 Unavailable","The Rockwood Escape Plan
(The Rockwood EP)","(July 10th, 2011) (Devon Hendryx releases JOECHILLWORLD)
(February 14th, 2012) (Devon Hendryx releases The Rockwood Escape Plan)",,,,,,
The Rockwood Escape Plan,Ocarina of Time,"Song with 1 scrobble on last.fm. Was released under The Rockwood Escape Plan name. Dont know how real this is, so it's very likely to be fake",,,,Confirmed,Not Available,SOURCE NEEDED
The Rockwood Escape Plan,🏆 Pu$$y #2,"Second installment in the Pu$$y series, used as the intro song to two of Lil Debbie’s Debbies World videos. Samples a song off of the anime ""Baka & Test"". Most likely made in The Rockwood Escape Plan era, it's unknown if the song was ever intended to be used on a project. Thought to have been leaked in a fake compilation album that dropped onto streaming services on August 31st, 2026, HI-FI, but this may be a remake using the sample.",,,,Snippet,CD Quality,https://pillows.su/f/aff5c19a0e455d84e43b3e37431cda35
The Rockwood Escape Plan,"ATG - Long Beach Gran Prix [V1]
(feat. Devon Hendryx) (prod. Devon Hendryx)","Unrealeased ATG track made around January in 2012 with a Devon feature credited as ""The Rockwood Escape Plan"". Was supposed to be released for April Madness 2012 but never was. Features car themed bars and sfx. Missing the girl audio samples from the final version. Was ""leaked"" by ATG himself on January 20, 2013.",4:36,,"Jan 20, 2013",Full,High Quality,https://pillows.su/f/2df1f8925b339094e5ee9ac29c531161
The Rockwood Escape Plan,"Sula Bay - ???
(prod. Devon Hendryx)
(Andrej Pejić)",Sula Bay song recorded over the Andrej Pejić beat.,,,,Lost,Not Available,
The Rockwood Escape Plan,??? [✌ ✌ ✌ Project],"Devon marked two songs of his with ✌ ✌ ✌ as the album, which is odd given the two songs, White Girl in A Lexus & The World Keep$ Turning have similar pop style sounds, so Devon could've been making a pop sounding album between/during THE ROCKWOOD ESCAPE PLAN sessions, but it got scrapped down the line due to sound, motive and style shifts after The Heart EP",,,,Speculation,Not Available,
"2 OG File(s)
5 Full
0 Tagged
0 Partial
1 Snippet(s)
2 Unavailable","THE GHOST~POP TAPE
(Generation Y: The 5th Release From Rockwood, GenY⁵, GHOST~POP OST)","(February 14th, 2012) (Devon Hendryx releases The Rockwood Escape Plan)
(September 3rd, 2013) (Devon Hendryx releases GenY⁵)
(March 23rd, 2014) (Last update to THE GHOST~POP TAPE is released)",,,,,,
THE GHOST~POP TAPE,"Holocaust [V1]
(M.U.G.E.N.)","OG Filename: Holocaustfdheh
Original instrumental for what became ""M.U.G.E.N."" Features a longer and more developted instrumental and a different mix. This exact version was later remastered and officialy released on the GHOST~POP TAPE remaster in 2023. Originally surfaced on the popular bootleg THE GHOST~POP TAPE PLUS, later rediscovered in lossless quality.",3:27,,,OG File,Lossless,https://pillows.su/f/00c9cbd9823d6ac203dcadabb25cf367
THE GHOST~POP TAPE,"Neon Kitchen⁴ [V1]
(Neon Kitchen IV)","Early version of the ""Neon Kitchen IV"" can be heard in THE GHOST~POP TAPE movie, with Devon also recording for the song with slightly different lyrics and a different take. This version of the instrumental has drums that would later be removed.",,,"Aug 12, 2013",Snippet,Recording,https://pillows.su/f/684abf9ddbc1405490debad0f374e096
THE GHOST~POP TAPE,"⭐️ Pu$$y #3
(feat. Zen Dash)","OG Filename: Pu$$y #3 (Not done but just wanted you to see I what I was doing with it or whatever)
Version of ""Pu$$y #3"" with vocals from Zen Dash & additional vocals from Devon. Unknown if this was ever considered for THE GHOST~POP TAPE as the final album ended up having no features likely due to its highly personal nature.  Originally surfaced on the popular bootleg THE GHOST~POP TAPE PLUS, later rediscovered in lossless quality. The song was later reused by Zen Dash for his mixtape, GenY⁶, which released on November 11th, 2020.",2:31,,,OG File,Lossless,https://pillows.su/f/da9c704028bf4aba90e79dd6bb9db912
THE GHOST~POP TAPE,"🏆 1999
(BBTG)","Unknown track from the early THE GHOST~POP TAPE tracklist from April - August 2013. Could possibly be an alternate title to ""1989 (Michelle's Song)"" (less likely but possible) or ""Porn For Percussion"" (more likely due to the placement of the song). Also very likely to be ""BBTG"" as its a cover of ""No Scrubs"" by TLC, which came out in 1999. Nothing is really known about this track, but is claimed to exist by Zen Dash, who thought it was just 1989.",,,,Lost,Not Available,
THE GHOST~POP TAPE,"Air Guitar
(エアギター, ♥)","Version seen on the early GHOST~POP TAPE tracklist from April - August 2013, likely has the second half of the ambience heard in Pardon Me Michelle.",,,,Lost,Not Available,
THE GHOST~POP TAPE,"Behold! A Pale Horse
(見よ!蒼ざめた)","Version seen on the early GHOST~POP TAPE tracklist from April - August 2013, differences unknown but probably includes; ""Violent Fighting To Come Again!"" as it is not seen on this tracklist.",,,,Lost,Not Available,
THE GHOST~POP TAPE,"Bubblegum Crisis [V1]
(バブルガムクライシズ)","Version seen on the early GHOST~POP TAPE tracklist from April - August 2013, differences unknown.",,,,Lost,Not Available,
THE GHOST~POP TAPE,Bubblegum Crisis [V2],"Version of ""Bubblegum Crisis"" that was featured in THE GHOST~POP TAPE movie. Has a very shortned outro.",2:59,,"Aug 12, 2013",Full,High Quality,https://pillows.su/f/3b058a85a86e7ff4bbdbd7ba2ff44fd0
THE GHOST~POP TAPE,"Call Me Maybe
(私は多分呼び出す)","Version seen on the early GHOST~POP TAPE tracklist from April - August 2013, differences unknown.",,,,Lost,Not Available,
THE GHOST~POP TAPE,"Circles [V1]
(サークル, Ballad of A Poor Man)","Version seen on the early GHOST~POP TAPE tracklist from April - August 2013, differences unknown.",,,,Lost,Not Available,
THE GHOST~POP TAPE,"Ballad of A Poor Man [V2]
(Circles)","Version of ""Ballad of a Poor Man"" that was featured in THE GHOST~POP TAPE movie. Has a different intro with additional sounds and lacks the ""Heart Emoji"" transition.",3:14,,"Aug 12, 2013",Full,High Quality,https://pillows.su/f/b84e43bbe0522d9a05d128741784c836
THE GHOST~POP TAPE,"God Bless My Homegirls [V1]
(神祝福する私の家庭女の子)","Version seen on the early GHOST~POP TAPE tracklist from April - August 2013, differences unknown.",,,,Lost,Not Available,
THE GHOST~POP TAPE,God Bless My Homegirls [V2],"Version of ""God Bless My Homegirls"" that was featured in THE GHOST~POP TAPE movie. Lacks the outro transition from release versions.",5:32,,"Aug 12, 2013",Full,High Quality,https://pillows.su/f/aba3d24373afe07aa8a1222b1fb2139e
THE GHOST~POP TAPE,HBK,"Version seen on the early GHOST~POP TAPE tracklist from April - August 2013, differences unknown.",,,,Lost,Not Available,
THE GHOST~POP TAPE,I Wish PAC Was Still Here [V1],"Confirmed by Devon to have started off during the GHOST~POP era according to a trusted source. Possibly only contains the chorus which interpolates the same song interpolated on ""Porn For Percussion"".",,,,Confirmed,Not Available,
THE GHOST~POP TAPE,M.U.G.E.N.,"Version seen on the early GHOST~POP TAPE tracklist from April - August 2013, differences unknown.",,,,Lost,Not Available,
THE GHOST~POP TAPE,"Neon Kitchen⁴ [V2]
(ネオンキッチンIV, Neon Kitchen IV)","Version seen on the early GHOST~POP TAPE tracklist from April - August 2013, differences unknown.",,,,Lost,Not Available,
THE GHOST~POP TAPE,"🏆 Neon Kitchen⁵
(ネオンキッチンV, Neon Kitchen V)","Sequel to ""Neon Kitchen IV"" from the early THE GHOST~POP TAPE tracklist from April - August 2013. Nothing is really known about this track, but Zen Dash claims its real",,,,Lost,Not Available,
THE GHOST~POP TAPE,ODB [V1],"Version seen on the early GHOST~POP TAPE tracklist from April - August 2013, differences unknown.",,,,Lost,Not Available,
THE GHOST~POP TAPE,"Pardon Me Michelle
(私ミシェルはご容赦, Pardon Me Michael)","Version seen on the early GHOST~POP TAPE tracklist from April - August 2013, unmastered & has some ambience at the end that's meant to transition into Air Guitar (the same voice can be heard in the background of both the outro to this song and the intro to that song). Surfaced on the fake compilation tape, Hi-Fi. Might be an edit, but I don't think the source for the ambience has been found yet.",2:15,,"Aug 1, 2026",Full,High Quality,https://pillows.su/f/397a301d0b16d983e86c1f2805454acf
THE GHOST~POP TAPE,"Piano Baby
(ピアノ・ベイビー)","Version seen on the early GHOST~POP TAPE tracklist from April - August 2013, differences unknown.",,,,Lost,Not Available,
THE GHOST~POP TAPE,🏆 Pu$$y #4,"Fourth installment in the Pu$$y series, confirmed by Devon to exist according to a trusted source. Era unconfirmed.",,,,Confirmed,Not Available,
THE GHOST~POP TAPE,"Sakura
(✿)","Version seen on the early GHOST~POP TAPE tracklist from April - August 2013, differences unknown.",,,,Lost,Not Available,
THE GHOST~POP TAPE,"Untitled¹
(見知らぬ¹)","Version seen on the early GHOST~POP TAPE tracklist from April - August 2013, differences unknown.",,,,Lost,Not Available,
THE GHOST~POP TAPE,"Untitled²
(見知らぬ²)","Version seen on the early GHOST~POP TAPE tracklist from April - August 2013, differences unknown.",,,,Lost,Not Available,
THE GHOST~POP TAPE,"Untitled³
(見知らぬ³)","Version seen on the early GHOST~POP TAPE tracklist from April - August 2013, differences unknown.",,,,Lost,Not Available,
THE GHOST~POP TAPE,Untitled³,"Version of ""Untitled³"" that was featured in THE GHOST~POP TAPE movie. Has a slightly different outro compared to any other version of the song.",2:03,,"Aug 12, 2013",Full,High Quality,https://pillows.su/f/2f1b62ab034c52a932c4504d3afe36c7
THE GHOST~POP TAPE,"What Do You Want
(何が欲しいですか, [Missingimagefile_ maladaptivedaydreaming.gif])","Version seen on the early GHOST~POP TAPE tracklist from April - August 2013, differences unknown.",,,,Lost,Not Available,
"0 OG File(s)
0 Full
0 Tagged
0 Partial
1 Snippet(s)
1 Unavailable","Communist Slow Jams
(communist slow jams_)","(2013 - 2014) (Devon Hendryx begins & finishes work on Communist Slow Jams, takes on the JPEGMAFIA name around this time)
(April 2nd, 2015) (JPEGMAFIA releases Communist Slow Jams)",,,,,,
Communist Slow Jams,"like it to much (instrumental)
(Florescence)","What might be the original instrumental for ""Florescence"" by Movakween, previewed in HTBAR 7",,,,Snippet,CD Quality,https://pillows.su/f/ee1f29c942404602e8691d69d0f7eb57
Communist Slow Jams,Unknown [ATG70 / Whale Life Productions Collaboration],"Mentioned by ATG70 in a YouTube comment under a video of his, apparently a feature. Confirmed to have never been released.",,,,Confirmed,Not Available,
"0 OG File(s)
3 Full
0 Tagged
0 Partial
0 Snippet(s)
1 Unavailable","Darkskin Manson
(Darkskin Manson EP)","(April 2nd, 2015) (JPEGMAFIA releases Communist Slow Jams)
(April 18th, 2015) (The 2015 Baltimore protests begin)
(May 15th, 2015) (JPEGMAFIA releases Darkskin Manson)",,,,,,
Darkskin Manson,"⭐️ BANG
(Ode to Chief Keef, BANG (Ode to Chief Keef))",Included on Llamadon's The Llama Tape Volume One & Darkskin Manson Movie. Has worse mixing & less instrumentation.,2:24,,,Full,High Quality,https://pillows.su/f/622beea4125f734d986656d11ac397f8
Darkskin Manson,✨ I’m broke & I want to die3,Throwaway song from supposedly 2015. Was played at HTBAR 9. The vocals are likely sampled.,0:40,,,Full,CD Quality,https://pillows.su/f/716c441481247bb729708a3af847d990
Darkskin Manson,LL Cool J [V1],"Unfinished version of ""LL Cool J"" that was made around the time Darkskin Manson was being recorded. Mentioned in the descprition of the song in the Black Ben Carson PDF file. Exact differences unknown.",,,,Confirmed,Not Available,https://imgur.com/a/Ag9v89y
Darkskin Manson,Robitussin,"Version of ""Robitussin"" without the :3LON feature. This version was used in the Darkskin Manson Movie.",2:53,,,Full,CD Quality,https://pillows.su/f/0ab9bc23bfe00be9438e66c1ee39983a
"0 OG File(s)
3 Full
0 Tagged
3 Partial
1 Snippet(s)
18 Unavailable",Black Ben Carson,"(May 15th, 2015) (JPEGMAFIA releases Darkskin Manson)
(February 15th, 2016) (JPEGMAFIA releases Black Ben Carson)",,,,,,
Black Ben Carson,"🏆 Boi [V1]
(feat. Butch Dawson & :3LON)","Original version of ""Boi"" listed as having both a Butch Dawson and :3LON feature on a setlist for a now lost live performance posted on November 14, 2015. The final version features chopped-up vocals from :3LON in the background, so this version might contain the original unchopped vocal. Unknown if this was considered for the collaborative :3LON EP.",,,,Confirmed,Not Available,
Black Ben Carson,"Cuckold [V1]
(Cuckhold, Cuck)","Original version of ""Cuck"" called ""Cuckold"", Description of this song says ""This Song Is About Fucking White Girls"". This also features a longer verse instead of it being replaced with ""you ain't never safe bitch"", but it is also a little shorter than the one on streaming.",,,,Rumored,Not Available,
Black Ben Carson,"Dirty Black Nigger
(1488)","Track seen on a leaked tracklist from January 26, 2016. Presumed to be an original version of ""1488"" from Veteran due to the vocal sample found in its instrumental.",,,,Confirmed,Not Available,
Black Ben Carson,Drake Era [V1],"Track seen on a leaked tracklist from January 26, 2016.",,,,Confirmed,Not Available,
Black Ben Carson,Face Down Ass Up [V1],"Likely the original version of the song played live during his live performance at Floristree in Baltimore on October 17th, 2015. Solo JPEG and features an alternate sample outro. Could have been just made for the performance but im not sure.",1:30,,"Oct 17, 2015",Full,Recording,https://youtu.be/e1fUNboaADc?t=10
Black Ben Carson,"Face Down Ass Up [V2]
(feat. Freaky)","In the Black Ben Carson booklet, Peggy said that this song was originally just him and Freaky.",,,,Confirmed,Not Available,https://imgur.com/a/zAmentJhttps://imgur.com/a/zAmentJ
Black Ben Carson,"Face Down Ass Up [V3]
(feat. Bito & Kente of Nasa8 & Freaky)","Version of ""Face Down Ass Up"" depicted on a partial Instagram tracklist from late January 2016. Is signifcantly shorter than the version on the initial release of Black Ben Carson, but is 13 seconds longer than the version on subsequent releases. Could indicate a shortened or alternate verse, but is more likely a differently chopped outro.",4:47,,,Confirmed,Not Available,
Black Ben Carson,Hey,"Track seen on a leaked tracklist from January 26, 2016. Unknown if it corresponds to any released track.",,,,Confirmed,Not Available,
Black Ben Carson,I Hope You Die in LA [V1],"In a BLACK BEN CARSON tracklist, there contained a song called I HOPE YOU DIE IN LA ROUGH, implying a previous version of IHYDIL exists",,,,Speculation,Not Available,
Black Ben Carson,I Hope You Die in LA [V2],Track seen on a partial tracklist for Black Ben Carson posted to Instagram. Unlikely to correspond to any released track due to the track length.,2:08,,,Confirmed,Not Available,
Black Ben Carson,I Smell Crack [V1],"Original version of ""I Smell Crack"" with a different drum pattern played in a now deleted Instagram snippet from late 2015. Featured no vocals, so was likely a very early version of the beat.",,,,Confirmed,Not Available,
Black Ben Carson,"JPEGMAFIA vs. The World [V1]
(ALL CAPS NO SPACES, JPEGMAFIA ALL CAPS NO SPACES)","Original name for ""ALL CAPS NO SPACES"" as seen in a setlist of a live performance uploaded by JPEGMAFIA from January 15, 2016. The live performance contains an alternate extended sample intro not present the final version, a few minor beat differences, alternate outro and slightly alternate lyrics.",,,"Jan 15, 2016",Full,Recording,https://youtu.be/ZUcJ_f1ZURs?t=257
Black Ben Carson,"JPEGMAFIA vs. The World [V2]
(ALL CAPS NO SPACES, JPEGMAFIA ALL CAPS NO SPACES)","OG name for ALL CAPS NO SPACES as seen on a partial tracklist shared by JPEGMAFIA in late January 2016. Track time is listed as 4:48, likely including the intro heard in the live performance as well as the outro of the final version.",4:48,,,Confirmed,Not Available,
Black Ben Carson,"JPEGMAFIA ALL CAPS NO SPACES [V3]
(ALL CAPS NO SPACES, JPEGMAFIA vs. The World)","Later version, now called ""JPEGMAFIA ALL CAPS NO SPACES"", has a shorter intro and contains some beat differences. Played live on Feburary 2nd, 2016.",,,"Feb 2, 2016",Partial,Recording,https://youtu.be/Y5TUI__Tqrg?t=267
Black Ben Carson,🏆 KING,"Black Ben Carson-era version of the The Rockwood Escape Plan track ""KING"" with a different instrumental performed live and posted on Instagram as a snippet. Likely was made for Black Ben Carson just as ""The 27 Club"" was revived for the album.",,,,Snippet,Recording,https://pillows.su/f/2d69e17e0d11312919f416c44f68216e
Black Ben Carson,Motor Mouth / Slow Dive,"Seen on a leaked tracklist from January 26, 2016. Unknown if ""Slow Dive"" is an alternate name for the track, a beat switch/extended instrumental outro, or an alternate name for the title track.",,,,Confirmed,Not Available,
Black Ben Carson,OMG [V1],"Black Ben Carson version of the 2017 song ""OMG"" seen on a leaked tracklist from January 26, 2016.",,,,Confirmed,Not Available,
Black Ben Carson,"Rinky 2K [V1]
(with Freaky)","According to the DSV;KNSBD, there existed a version of Rinky 2K from BBC era, its listed as unmastered and unmixed. Unknown if it has production from Fridgidair Karats or not.",,,,Confirmed,Not Available,
Black Ben Carson,Selfy,"Track seen on a leaked tracklist from January 26, 2016. Unknown if it corresponds to any released track.",,,,Confirmed,Not Available,
Black Ben Carson,"Sidechick 
(Black Stacey Dash)","Track seen on a leaked tracklist from January 26, 2016. Likely an early name for Black Stacey Dash as the outro of the song repeats the phrase ""side chick"".",,,,Confirmed,Not Available,
Black Ben Carson,"Steve Austin Freestyle
(Black Steve Austin)","OG name for Black Steve Austin as seen on a leaked tracklist from January 26, 2016.",,,,Confirmed,Not Available,
Black Ben Carson,✨ The Papo,"Instrumental made in 2015 as shown in an Instagram story. Previewed in the HTBAR series and used in a Feb 2016 show to cover Shelley FKA DRAM's ""Cha Cha"".",2:53,,,Partial,High Quality,"https://pillows.su/f/e43779abe2e2e3d850a9d94734849594
https://pillows.su/f/48bd9a12023ceb312b458b6d1366ea92"
Black Ben Carson,"Woo
(Digital Blackface)","Track seen on a leaked tracklist from January 26, 2016. Likely the original version of Digital Blackface, as the instrumental title was revealed to be ""WOOOO"" on the 2020 deluxe release.",,,,Speculation,Not Available,
Black Ben Carson,"doppe
(with :3LON)",Throwaway song from supposedly 2015. Was played at HTBAR 8. Likely made for the EP.,1:03,,,Partial,Recording,https://pillows.su/f/17a928b1f51c6a9b55cdc0d02e8c1def
Black Ben Carson,"✨ Wi-Fi [V1]
(with :3LON and Greydolf)","Unfinished track shared in JPEGMAFIA's DSV;KNSBD mix for TinyMixTapes on May 16, 2016. A snippet was posted on Instagram in late 2015, indicating it was likely made for JPEGMAFIA and :3LON's collaborative EP or for the collaborative EP with Greydolf. Later released in a update for The 2nd Amendment (for some reason).",4:24,,"May 16, 2016",Full,CD Quality,https://pillows.su/f/276f338abd873b86f6588fed5789406e
Black Ben Carson,Unknown [:3LON Collaborations],"In an interview from November 5th 2015, JPEGMAFIA mentioned that he had a collaborative EP with :3LON in the works, meaning it's likely that there an EP worth of unheard collab songs between the two.",,,,Confirmed,Not Available,https://www.truelaurels.com/blog/2015/11/5/jpegmafia
Black Ben Carson,Unknown [Greydolf Collaborations],"During the making of the collabarative EP with :3LON, JPEGMAFIA mentioned also working with Greydolf and working on an EP with her. Wi-Fi is the only known track with Greydolf ever, so its possible nothing came out of this.",,,,Confirmed,Not Available,https://www.truelaurels.com/blog/2015/11/5/jpegmafia
"0 OG File(s)
1 Full
0 Tagged
4 Partial
1 Snippet(s)
5 Unavailable","The 2nd Amendment
(Collaboration with Freaky)","(February 15th, 2016) (JPEGMAFIA releases Black Ben Carson)
(July 18th, 2016) (JPEGMAFIA and Freaky release The 2nd Amendment)",,,,,,
The 2nd Amendment,"🏆 Boyz 2 Men [V1]
(feat. Butch Dawson & :3LON)","OG version of ""Boyz 2 Men"" listed as having both a Butch Dawson and :3LON feature. Listed on two The 2nd Amendment tracklists from July 5 and 6, 2016, but :3LON was taken off the song by July 12. Unknown if Freaky was on this version of the song or if Freaky replaced :3LON's part on the song. Likely the first version of the track made either for JPEGMAFIA's EP with :3LON or as a loose single as JPEGMAFIA already had beef with :3LON by July 2016.",,,,Confirmed,Not Available,
The 2nd Amendment,"BUMBOPUSSYRASCLAT
(BOMBOPUSSYRASCLAT)","Early version of ""BUMBOPUSSYRASCLAT"" with minor beat differences. Used in the short film The Southern Strategy.",,,,Partial,CD Quality,https://pillows.su/f/2318a2f209bd5b2c28feb2357d037275
The 2nd Amendment,"GYRO (Remix)
(with Freaky)","Track listed on a couple The 2nd Amendment tracklists. It is unclear what this track is supposed to be a remix of, if it is even a remix at all, considering there is no known Freaky or JPEGMAFIA song titled ""GYRO"". Likely contains both rappers due to it being a remix though.",,,,Confirmed,Not Available,
The 2nd Amendment,"I Might Vote 4 Donald Trump [Clean]
(with Freaky)","Official clean version of the ""I Might Vote 4 Donald Trump"" shared by Peggy on his Instagram. Doesn't seem to have been ever released. Likely made as a joke (Especially considering the fact that it was posted on April 1st).",2:46,,"Apr 1, 2017",Snippet,Recording,https://imgur.gg/f/dWZzeOq
The 2nd Amendment,"Let's Hit A Lick On The White House! [V1]
(with Freaky)
(Fuego)","OG beat for ""Let's Hit A Lick On The White House"" that's missing samples on the outro. Used in the short film The Southern Strategy.",,,,Partial,CD Quality,https://pillows.su/f/a56ac5d8793eff5c5c01137ef70f8885
The 2nd Amendment,"Fuego [V2]
(with Freaky)
(Let’s Hit A Lick on the White House!)","Track seen on a now lost early tracklist for The 2nd Amendment, heavily speculated to be ""Let's Hit A Lick On The White House"" as evident by its absence on the said tracklist, both being produced by JPEGMAFIA and Freaky saying ""Fuego"" at the end of his verse. Nothing about this track is known.",,,,Confirmed,Not Available,
The 2nd Amendment,"Llama Mind [V1]
(with Freaky)","OG demo for ""Llama Mind"" lacking Hemlock Ernst's feature and samples shared in JPEGMAFIA's DSV;KNSBD mix for TinyMixTapes on May 16, 2016.",4:26,,"May 16, 2016",Full,CD Quality,https://pillows.su/f/9ad6ad6aa7c8ffc6bd0a96205c7b3d39
The 2nd Amendment,"The Internet Ain't Safe [V1]
(with Freaky)","Early beat for ""The Internet Ain't Safe"" with a few beat differences. Used in the short film The Southern Strategy.",,,,Partial,CD Quality,https://pillows.su/f/bf263030848441cbbab2f13829270bc3
The 2nd Amendment,???,"Unknown instrumental made for The 2nd Amendment. Potentially the instrumental for ""Gyro (Remix)"", but this is unconfirmed. Used in the short film The Southern Strategy.",,,,Partial,CD Quality,https://pillows.su/f/6553e548161946572127a2737ee881e4
The 2nd Amendment,"Freaky - Llama Wit Da Dick
(prod. Freaky)","The 2nd Amendment version of the track seen on early The 2nd Amendment tracklists. Likely features no JPEGMAFIA on it, as the final version released as a DJ Snitch Bitch exclusive features no JPEGMAFIA vocals. Was likely replaced with Rinky 2K, another Freaky track with no JPEGMAFIA.",,,,Confirmed,Not Available,
The 2nd Amendment,"Scale Wop - Rinky 2K
(ft. FREAKYMAFIACULT)","According to the DSV;KNSBD tracklist, RINKY 2K used to be a song for Scale Wop that featured Freaky before it got passed to just Peggy and Freaky.",,,,Confirmed,Not Available,
"1 OG File(s)
14 Full
0 Tagged
1 Partial
6 Snippet(s)
14 Unavailable","Veteran
(2016 noise 1, Veteran: Th..., Beware of Veteran, NOT ON VETERAN!)","(February 15th, 2016) (JPEGMAFIA releases Black Ben Carson)
(January 19th, 2018) (JPEGMAFIA releases Veteran)",,,,,,
Veteran,Arch It Babe,"Track mentioned in the ""thoughts.txt"" file that came with the initial release for Veteran. Could be ""Dayum"", as JPEG notes to transition it into Baby I'm Bleeding.",,,,Confirmed,Not Available,
Veteran,"Black Kanye West [V1]
(Baby I'm Bleeding)","Original version of ""Baby I'm Bleeding"" played in a live performance from December 31st, 2016 at LITFEST. Features a slighlty different beat, which is confirmed to have been made in 2015, and a few lyric differences, some of which were probably unintentional judging by the fact he repeats them. The song title likely continued the ""Black ___"" trend from Black Ben Carson, but was also confimed by JPEG to be temporary right before the song started playing.",2:47,,"Dec 31, 2016",Full,Recording,https://youtu.be/XX4WX5zTOkE
Veteran,"Boy George [V1]
(feat. Dyyo Faccina)
(Clout Tokens)","Original version of ""Clout Tokens"" with alternate mixing.",2:10,,,Full,CD Quality,https://pillows.su/f/00853b184bb03bf8a0de51a48acfe6f3
Veteran,"Cause a Drought
(thought it was a drought?)","Instrumental shared in JPEGMAFIA's DSV;KNSBD mix for TinyMixTapes on May 16, 2016. Also briefly played in HTBAR 8 soundtracking a video from the filming of the music video for ""I Might Vote 4 Donald Trump"", indicating that it was likely made after the release of Black Ben Carson.",3:57,,"May 16, 2016",Full,CD Quality,https://youtu.be/3JmEt9m_W1A?si=YOGHOFSRtXoetqlR
Veteran,Dayum [V1],"In the INJURY RESERVE IS DISAPPOINTED video, Peggy previews an old version of Dayum where he says that this was originally ""a whole track"". Possibly the release track with some parts of the beat muted.",,,"Feb 29, 2020",Snippet,Recording,https://pillows.su/f/3e2b5d0c6b7202f94737a67c10dbe17f
Veteran,"⭐️ fam no autotune
(Fam)","OG Filename: fam no autotune
Throwaway song made during the Veteran sessions in 2017. Leaked on SoundCloud on September 19th, 2023 by radio/jupzn. Not much information about it.",3:25,,"Sep 19, 2023",OG File,High Quality,https://pillows.su/f/f49472d978cdfa4f74e39d557eac9787
Veteran,Ghost Riddim,"Instrumental shared in JPEGMAFIA's FBR Summer School GuestMix1 mix on July 27, 2017.",3:32,,"Jul 27, 2017",Full,CD Quality,https://pillows.su/f/652ecddb800caa0bbac4fec52e0c2a3d
Veteran,Gold Codes,"Track mentioned in the ""thoughts.txt"" file that came with the initial release for Veteran as ""half-way or all the way written"" for the album. Unknown if it corresponds to any of the final tracks on the album, though it should be noted that the final name for DD Form 214 appears in the same file as well.",,,,Confirmed,Not Available,
Veteran,"I Cannot Fucking Wait Til Morrissey Dies [V1]
(I Cannot Wait Until Morrissey Dies Because He's A Huge Fucking Racist And Nobody Cares So I'm Gonna Say Something Because Everybody In The Hipster Community Is Too Pussy To Do It)","Possibly the original version of ""I Cannot Fucking Wait Til Morrissey Dies"" that features more developed instrumental outro and lasts 2 and a half minutes long. Was used by JPEG during the live performences at his February 18th, 2018 show in Atlanta with him freestyling a few lyrics during the outro. Released in early August 2025 on his Bandcamp, but with a slightly different mix from this version.",2:31,,"Feb 18, 2018",Full,Recording,https://youtu.be/aoOB7Rw7XWc
Veteran,"I Cannot Fucking Wait Til Morrissey Dies [V2]
(I Cannot Wait Until Morrissey Dies Because He's A Huge Fucking Racist And Nobody Cares So I'm Gonna Say Something Because Everybody In The Hipster Community Is Too Pussy To Do It)","Later, cut-down version of ""I Cannot Fucking Wait Til Morrissey Dies"". Played on the UCLA radio station in Los Angeles Cali sometime after the release of Veteran. The extended instrumental was played a few times live and was later released on vinyl.",1:34,,,Full,High Quality,"https://pillows.su/f/df88e751c03d55ce83dd6f8c801942ea
https://youtu.be/D8EjnAu-Spc?t=1852"
Veteran,man purse [V1],"Rough version of Man Purse when it was a ""different song"" and ""only had the first part"". Confirmed to have existed in an interview from January 2018",,,,Confirmed,Not Available,https://youtu.be/LSaaatce_6Y?t=2598
Veteran,man purse [V2],"Rough demo instrumental for ""Man Purse""",,,,Snippet,Recording,https://pillows.su/f/f3640cd4b8ebb668ca38a7bb0199a7fd
Veteran,"Look At That Lean
(feat. Anna Notte) (prod. JPEGMAFIA & Anna Notte)",Throwaway song performed live on July 1st 2016 at The Crown in Baltimore with a feature and production from Anne Notte. Was supposed to be released sometime after the performance but it's unknown if it actually was at any time.,3:35,,"Jul 1, 2016",Full,Recording,https://youtu.be/1DfFr24itRM?si=WTdFdkSBZQDKrqpf
Veteran,New Nigga Down,"Song previewed on HTBAR 10, later rapped over by Zen Dash. Made sometime in 2016 after the release of Black Ben Carson.",5:34,,,Full,CD Quality,https://pixeldrain.com/u/dVHAUWho
Veteran,"Qie Pasa [V1]
(I D C, My Thoughts on Neogaf Dying)","Original version of ""My Thoughts on Neogaf Dying"" meant as a sort of instrumental to be further rapped over. In this version, the verse is pitched down like the chorus vocals are in the final version.",2:30,,,Full,Lossless,https://imgur.gg/f/4gS5eVl
Veteran,"🏆 I D C [V2]
(feat. FREAKYMAFIACULT & Zen Dash)
(Qie Pasa, My Thoughts on Neogaf Dying)","Version of ""My Thoughts on Neogaf Dying"" with features from both Zen Dash and Freaky. Likely cut from Veteran at the last minute, as Zen Dash was surprised to see both of the features cut on the final album.",2:30 (?),,,Confirmed,Not Available,
Veteran,"Suicide Emoji [V1]
(Panic Emoji, 😱)","First known version of the Veteran track ""Panic Emoji"". Seen on an Instagram post from December 2016. Over twice the length of the final album version, perhaps just being an extended beat or containing an extended intro or outro. In the screenshot the album is labeled as ""Veteran: Th...""",6:05,,,Confirmed,Not Available,https://imgur.com/a/lj8ru68
Veteran,"Panic Emoji [V2]
(Suicide Emoji, 😱)","Original early version of ""Panic Emoji"" that was performed live at ALL STAR LANES sometime in late 2016 or early 2017. Features an intro sample, very different lyrics and song structure, and some minor beat differences. The lyrics are almost unintelligible due to the audio quality of the recording. The song was cut slightly early due to Peggy running out of breath.",,,,Partial,Recording,https://youtu.be/aFwMIVu5qlc?si=ZpnfyQ83v9leOtw7
Veteran,"super tuesday freestyle 2017
(SUPER TUESDAY!)",,,,,Full,Recording,https://www.youtube.com/watch?v=AGqW1-IfcCg&list=RDAGqW1-IfcCg&start_radio=1
Veteran,Scum's Wish,"Track mentioned in the ""thoughts.txt"" file that came with the initial release for Veteran. Contained to-do instructions to ""take out some of the tags, shorten begging[sic] bring break in faster, eq 808, take out sample after 2nd bar Of break, make the under bass stand out more"". Was named after and likely sampled the 2012 melodrama anime Scum's Wish. Unknown if it corresponds to any of the final tracks on the album, though no tracks on Veteran are known to sample Scum's Wish.",,,,Confirmed,Not Available,
Veteran,"The Pressures Of A Millennial [V1]
(Thug Tears)","Original version of ""Thug Tears"". Differences between this version and release besides the name are unknown. Likely recorded in 2016, as JPEG says he's 26 in the release lyrics, and he turned 27 in Oct 2016.",3:18,,,Confirmed,Not Available,https://imgur.com/a/bhStvIl
Veteran,"🏆 The Sound Nazi's Make When You Shoot Them
(feat. Single Boy)","Shows up when searching for JPEGMAFIA via Apple Music For Artists. Was uploaded to DSPs between January and March of 2018. Was also uploaded to a Bandcamp draft alongside ""ash my blunt on a suspended license / don't ruin that boy"", which dates the song to mid-2016. Has a feature named ""Single Boy"", but it's unknown if this was an actual person or an alter-ego of JPEG. Never ended up releasing.",,,,Confirmed,Not Available,
Veteran,"The Who [V1]
(feat. Eyas)","The original version of the song was said by JPEGMAFIA to be a Veteran throwaway when the song was released. Eyas was likely on the track at this time due to her being from Baltimore, but this is not confirmed for certain.",,,,Confirmed,Not Available,https://imgur.com/a/KURp7jq
Veteran,Untitled 4,"Instrumental shared in JPEGMAFIA's DSV;KNSBD mix for TinyMixTapes on May 16, 2016.",,,,Full,High Quality,https://pillows.su/f/03abeacd51cb8b4caf9bc2a79e38264d
Veteran,Vote With A Dollar [V1],"A solo version of ""Vote With A Dollar"" from Deathbomb Arc's False Positive Crew. Not sure whether or not its real, as there is no claim of it being true.",,,,Speculation,Not Available,
Veteran,Williamsburg [V1],"Williamsburg is said by JPEG in the Veteran liner notes to have been recorded in Bed-Stuy in Brooklyn. This likely occurred around when JPEG performed at Trans-Pecos on Oct 15, 2016.",,,,Rumored,Not Available,
Veteran,Williamsburg / Call Me Maybe [V2],"Cover of ""Call Me Maybe"" performed over the Williamsburg instrumental from JPEGMAFIA's performance as Ghost Pop for Baltimore's ""4 Hours of Sad"" event on December 21st, 2016. Instrumental lacks the ""Butterfly Effect"" sample of the final version, as that track had not released yet. Instrumental potentially lacks the intro of the final version, as it is uncertain what verse JPEGMAFIA is on in his cover.",,,"Dec 21, 2016",Snippet,Recording,https://pillows.su/f/91920213f4de805ecbbcbf6855728e0c
Veteran,Yours,"Track mentioned as ""half-way or all the way written"" for the album in the ""thoughts.txt"" file that came with the initial release for Veteran. Unknown if it corresponds to any of the final tracks on the album, though the final name for DD Form 214 appears in the same file as well.",,,,Confirmed,Not Available,
Veteran,???,Unknown beat played at Llamadon pop up shop in 2016.,,,,Snippet,Recording,https://www.youtube.com/watch?v=6FuHSXf8ank
Veteran,???,Unknown beat played at Llamadon pop up shop in 2016.,,,,Snippet,Recording,https://www.youtube.com/watch?v=SKML6dPdbA8
Veteran,"???
(100 Round Drum)",Snippet previewed at the begging of the LITFEST live performance video. Later used as the beat for 100 Round Drum.,,,"Dec 31, 2016",Snippet,High Quality,https://youtu.be/kQcTUh8yb7Y
Veteran,"??? [EP]
(All My Heroes Are Cornballs)","In an interview when asked about his next project JPEGMAFIA said that he has an EP in the works coming out later on in 2018 that featured a country song and a Streets Boys cover, which is most likely Millennium Freestyle. It's likely that this EP became All My Heroes Are Cornballs as JPEGMAFIA kept creating more and more material for it.",,,,Confirmed,Not Available,https://youtu.be/DAGG9Hnz5Ec?t=560
Veteran,Unknown [Drug Dillon Collaboration],"In the ""thoughts.txt"" file that came with the initial release for Veteran, Drug Dillon is listed as a completed feature for the record, but did not make the final cut. Possibly Golden Gun?",,,,Confirmed,Not Available,
Veteran,Unknown [Samples],"In the ""thoughts.txt"" file that came with the initial release for Veteran, Peggy wrote down a bunch of song names, he likely intended to sample these songs, however it's unknown where they went, this backed up by the final song being ""sample gran tourismo""",,,,Confirmed,Not Available,
Veteran,PARTYNEXTDOOR - Freak N U (SNITCH BITCH EDIT),wip,,,,Full,High Quality,
Veteran,Kendrick Lamar - Sing About Me (SNITCH BITCH EDIT),wip,,,,Full,High Quality,
Veteran,The DX Band - My Time (SNITCH BITCH EDIT),wip,,,,Full,High Quality,
"0 OG File(s)
5 Full
0 Tagged
4 Partial
3 Snippet(s)
38 Unavailable","All My Heroes Are Cornballs
(IMG_88kHz.jpg)","(January 19th, 2018) (JPEGMAFIA releases Veteran)
(September 13th, 2019) (JPEGMAFIA releases All My Heroes Are Cornballs)",,,,,,
All My Heroes Are Cornballs,"🏆 100 Round Drum
(with Danny Brown, Fat Ray, and ZelooperZ)
(Row Boat Boat)","Collaborative track made by JPEGMAFIA and Danny Brown, Fat Ray, and ZelooperZ, all of whom are members of the collective Bruiser Brigade. First premiered on IG Live in November 2018 with another snippet being shared in HTBAR 7.",,,"Apr 19, 2020",Partial,Recording,"https://pillows.su/f/b679c4340b71a3c562e67e2039b22280
https://pillows.su/f/d0d4c723f737a9ae8ce323336cbf1ba0"
All My Heroes Are Cornballs,"mariah test rehearsal 1 [V2]
(babybeamerboy, BabyBitchTearGas, BasicBitchTearGas, living single)","Possibly the original performance that turned into ""babybeamerboy"", featuring an alternate vocal take. Uploaded to JPEG's YouTube channel on February 9, 2020.",3:40,,"Feb 9, 2020",Full,Recording,https://youtu.be/NFI4FuBsAo8?si=Gqg793MvqBaMvNn8
All My Heroes Are Cornballs,"babybeamerboy [V3]
(mariah test rehearsal 1, BabyBitchTearGas, BasicBitchTearGas, living single)","Original version of ""BasicBitchTearGas"" with a cover of Mariah Carey's ""Always Be My Baby"" instead of TLC's ""No Scrubs"" and a slightly different version of the instrumental. Listed on the original vinyl thumbnail for All My Heroes Are Cornballs, but not on the final liner notes. Performed live in full at the All My Heroes Are Cornballs album launch and a recording was included in HTBAR 1. The lyrics would go on to be reused for ""living single"".",,,"Sep 21, 2020",Full,Recording,https://youtu.be/30GjWTve0Rc?t=2162
All My Heroes Are Cornballs,Beta Male Strategies [V1],"In the lyrics booklet shared over Twitter for All My Heroes Are Cornballs, ""Beta Male Strategies"" contains two extra verses that are not on the final version. It is unclear why he decided to cut down the song by so much.",,,,Confirmed,Not Available,
All My Heroes Are Cornballs,"BLUEFACE [V1]
(prod. JPEGMAFIA, Kenny Beats)
(Big Business, Switch the Pivot)","Earlier version of ""BLUEFACE"" played on a Kenny Beats livestream. Likely didn't have the Baauer production?",,,"Apr 30, 2019",Snippet,Recording,https://pillows.su/f/b45762dbfc2b1e662f1f560d9a4c380b
All My Heroes Are Cornballs,"⭐️ Baauer - BLUEFACE [V2]
(with JPEGMAFIA) (prod. JPEGMAFIA, Kenny Beats & Baauer)","A collaborative track between Baauer, JPEGMAFIA and Kenny Beats from 2019. Frequently played in snippets on Kenny Beats livestreams. Some lyrics were eventually reused for ""BALD!"", indicating that the track is likely scrapped. Leaked in full on Septmber 7th, 2026.",,,"Sep 7, 2026",Full,CD Quality,https://pillows.su/f/c7405473a3591be61bea1c44656e0b7e
All My Heroes Are Cornballs,BUTTERMILK JESUS TYPE BEAT [V1],"On both the lyrics printed on the vinyl and the the lyrics booklet shared over Twitter, ""BUTTERMILK JESUS TYPE BEAT"" contains a cut verse. It is unknown if vocals have ever or never have been recorded at all though.",,,,Confirmed,Not Available,
All My Heroes Are Cornballs,Cody Rhodes 2,"Shown on JPEG's Instagram story on March 8, 2020. Contains the album tag for JPEGMAFIA's AMHAC-era material despite the date of the story.",2:00,,,Confirmed,Not Available,
All My Heroes Are Cornballs,cycle demo rough,"Shown on JPEG's Instagram story on September 20, 2020.",2:53,,,Confirmed,Not Available,
All My Heroes Are Cornballs,"⭐️ DOTS FREESTYLE PEGGY [V1]
(D.O.T.S Freestyle Remix)","The original version of DOTS Freestyle previewed on Kenny Beats' The Cave: Episode 1. Later got remixed with ""twerk ghost"" to create the final track.",1:45,,"Mar 1, 2019",Full,CD Quality,https://pillows.su/f/15dc98f7bfe989355c706208a321b8ff
All My Heroes Are Cornballs,EL PASO,Track seen on JPEGMAFIA's phone on his Nardwuar interview among a list of AMHAC-era tracks.,,,,Confirmed,Not Available,
All My Heroes Are Cornballs,"fed flinstone (instrumental)
(FED!)","Instrumental snippet previewed on HTBAR 2. Said to be made around the time of AMHAC in JPEGMAFIA's Nardwuar interview. Name was changed to ""FED!"" on a later iteration, but it's unknown what the era of that iteration is.",,,"Mar 1, 2020",Partial,High Quality,https://pillows.su/f/254b0e3e43d00b30c7eabcf02fa3513f
All My Heroes Are Cornballs,Fela Kuti if he listened to (?),Track seen on JPEGMAFIA's phone on his Nardwuar interview among a list of AMHAC-era tracks.,,,,Confirmed,Not Available,
All My Heroes Are Cornballs,first da (?),Track seen on JPEGMAFIA's phone on his Nardwuar interview among a list of AMHAC-era tracks.,,,,Confirmed,Not Available,
All My Heroes Are Cornballs,"fred durst pack
(feat. Buzzy Lee)","Shown on JPEG's Instagram story on April 9, 2019. Contains the album tag for JPEGMAFIA's AMHAC-era material despite the date of the story.",3:36,,,Confirmed,Not Available,
All My Heroes Are Cornballs,Full MEtal Alchemy,Track seen on JPEGMAFIA's phone on his Nardwuar interview among a list of AMHAC-era tracks.,,,,Confirmed,Not Available,
All My Heroes Are Cornballs,"Grimy Waifu pt. 1
(JPEGMAFIA TYPE BEAT)",Appears on JPEGMAFIA's phone on his Nardwuar interview among a list of AMHAC-era tracks. Presumably JPEGMAFIA TYPE BEAT. Differences besides the name are unknown.,,,,Rumored,Not Available,
All My Heroes Are Cornballs,"Grimy Waifu pt. 2
(Grimy Waifu)",Appears on JPEGMAFIA's phone on his Nardwuar interview among a list of AMHAC-era tracks. Presumably what we know as Grimy Waifu today. Differences besides the name are unknown,,,,Rumored,Not Available,
All My Heroes Are Cornballs,how long [V1],Shown on JPEG's Instagram story.,2:26,,,Confirmed,Not Available,
All My Heroes Are Cornballs,"I Killed The Beatles
(3 Tearz)","Original title/demo for 3 Tearz before the beat was developed for Danny Brown's album, dating it to AMHAC era. Shown on JPEG's Instagram story on 9th April 2020. Differences between it and the release are unknown",1:17,,,Confirmed,Not Available,
All My Heroes Are Cornballs,make them come after me,"Track shown in a screencap of an iTunes playlist with confirmed AMHAC-era tracks posted on JPEGMAFIA's instagram story on December 12, 2019.",,,,Confirmed,Not Available,
All My Heroes Are Cornballs,making love,"Track shown in a screencap of an iTunes playlist with confirmed AMHAC-era tracks posted on JPEGMAFIA's instagram story on December 12, 2019.",,,,Confirmed,Not Available,
All My Heroes Are Cornballs,"Male Period
(with Vegyn)","Track shown in a screencap of an iTunes playlist with confirmed AMHAC-era tracks posted on JPEGMAFIA's instagram story on December 12, 2019. Potentially a version of an existing JPEGMAFIA x Vegyn track.",,,,Confirmed,Not Available,
All My Heroes Are Cornballs,master splinter,"Track shown in a screencap of an iTunes playlist with confirmed AMHAC-era tracks posted on JPEGMAFIA's instagram story on December 12, 2019.",,,,Confirmed,Not Available,
All My Heroes Are Cornballs,MERRY GOING,"Track shown in a screencap of an iTunes playlist with confirmed AMHAC-era tracks posted on JPEGMAFIA's instagram story on December 12, 2019.",,,,Confirmed,Not Available,
All My Heroes Are Cornballs,new drugz,"Track shown in a screencap of an iTunes playlist with confirmed AMHAC-era tracks posted on JPEGMAFIA's instagram story on December 12, 2019.",,,,Confirmed,Not Available,
All My Heroes Are Cornballs,"no service (demo)
(No service bb)","Track shown in a screencap of an iTunes playlist with confirmed AMHAC-era tracks posted on JPEGMAFIA's instagram story on December 12, 2019. Instrumental snippet was previewed on HTBAR 4.",3:10,,"Mar 1, 2020",Snippet,High Quality,https://pillows.su/f/2baaa5f46a8b7e96debf6733649efa8d
All My Heroes Are Cornballs,NOFritz,"Track shown in a screencap of an iTunes playlist with confirmed AMHAC-era tracks posted on JPEGMAFIA's instagram story on December 12, 2019.",,,,Confirmed,Not Available,
All My Heroes Are Cornballs,"🏆 Papi I Missed U [V1]
(🥺)","On both the lyrics printed on the vinyl and the the lyrics booklet shared over Twitter, ""Papi I Missed U"" contains a cut verse marked as ""redacted"" from the final version. The lyrics being marked as such indicates they might never have been recorded at all though.",,,,Rumored,Not Available,
All My Heroes Are Cornballs,POSTMATES,"Track shown in a screencap of an iTunes playlist with confirmed AMHAC-era tracks posted on JPEGMAFIA's instagram story on December 12, 2019.",,,,Confirmed,Not Available,
All My Heroes Are Cornballs,Power Stone 2.5,"Track shown in a screencap of an iTunes playlist with confirmed AMHAC-era tracks posted on JPEGMAFIA's instagram story on December 12, 2019. Unclear if ""2.5"" is a version number or implying a sequel to the original ""Power Stone"" track on Dreamcast Summer Songs.",,,,Confirmed,Not Available,
All My Heroes Are Cornballs,Prophet off me bb,"Track shown in a screencap of an iTunes playlist with confirmed AMHAC-era tracks posted on JPEGMAFIA's instagram story on December 12, 2019.",,,,Confirmed,Not Available,
All My Heroes Are Cornballs,"repuatations real [V1]
(reputations, Beyonce in the Pit, **** in the Pit, Post Verified Lifestyle)","Shown on JPEG's Instagram story prior to AMHAC's release. Likely turned into ""**** In The Pit"" due to its namesake likely being the sample for that track.",0:55,,,Confirmed,Not Available,
All My Heroes Are Cornballs,"reputations [V2]
(repuatations real, Beyonce in the Pit, **** in the Pit, Post Verified Lifestyle)","Second version of ""repuatations real"" shown in a screencap of an iTunes playlist with confirmed AMHAC-era tracks posted on JPEGMAFIA's instagram story on December 12, 2019. Likely the finalized cut for the segment before being incorporated into Post-Verified Lifestyle.",,,,Confirmed,Not Available,
All My Heroes Are Cornballs,riri,"Track shown in a screencap of an iTunes playlist with confirmed AMHAC-era tracks posted on JPEGMAFIA's instagram story on December 12, 2019. Presumably contains a Rihanna sample.",,,,Confirmed,Not Available,
All My Heroes Are Cornballs,Rock N Roll N*****,"Track shown in a screencap of an iTunes playlist with confirmed AMHAC-era tracks posted on JPEGMAFIA's instagram story on December 12, 2019. Unknown if it corresponds to any track on AMHAC.",,,,Confirmed,Not Available,
All My Heroes Are Cornballs,"role models kill me now
(role models, 💯)","Original version of ""💯"" shown in a screencap of an iTunes playlist with confirmed AMHAC-era tracks posted on JPEGMAFIA's instagram story on December 12, 2019.",,,,Confirmed,Not Available,
All My Heroes Are Cornballs,Salata,"Track shown in a screencap of an iTunes playlist with confirmed AMHAC-era tracks posted on JPEGMAFIA's instagram story on December 12, 2019.",,,,Confirmed,Not Available,
All My Heroes Are Cornballs,Selfishness,"Track shown in a screencap of an iTunes playlist with confirmed AMHAC-era tracks posted on JPEGMAFIA's instagram story on December 12, 2019. Subsequently shown on JPEG's Instagram story on March 8, 2020.",2:22,,,Confirmed,Not Available,
All My Heroes Are Cornballs,"smashing pump [V1]
(smashing pumpkinz)","Track shown on JPEG's Instagram story on April 21, 2019. Presumably contains a Smashing Pumpkins sample.",1:36,,,Confirmed,Not Available,
All My Heroes Are Cornballs,"smashing pumpkinz [V2]
(smashing pump)","Later version of ""smashing pump"" shown in a screencap of an iTunes playlist with confirmed AMHAC-era tracks posted on JPEGMAFIA's instagram story on December 12, 2019.",,,,Confirmed,Not Available,
All My Heroes Are Cornballs,"sometimes (instrumental)
(prod. JPEGMAFIA & Vegyn)","Instrumental snippet previewed on HTBAR 6. Co-produced by Vegyn. Later instagram story shows a demo with the title ""sometimes img88k"" so it was likely originally on AMHAC.",,,"Apr 1, 2020",Partial,High Quality,https://pillows.su/f/3f6338813e845d5d40cdfb909a1882cc
All My Heroes Are Cornballs,SUB [V1],"Slightly earlier version of SUB previewed on a NTS Radio Mix. Does not appear to be connected to untitled (country song), but also could've been cut early. The audio is full of shitty NTS tags.",3:52,,,Full,High Quality,https://youtu.be/3nZeA6Y9v_E?si=2rpSTo3t_Z6hkz_x
All My Heroes Are Cornballs,targeting hate groups for dirotos,"Track shown in a screencap of an iTunes playlist with confirmed AMHAC-era tracks posted on JPEGMAFIA's instagram story on December 12, 2019.",,,,Confirmed,Not Available,
All My Heroes Are Cornballs,The Lord Pt. 1,"Part of a series of beats JPEGMAFIA made inspired by Kanye West's turn to Christian Hip Hop. The third beat in the series turned into the outro of ""BBW"" on All My Heroes Are Cornballs, placing the creation of the first two beats in the AMHAC era as well.",,,,Confirmed,Not Available,
All My Heroes Are Cornballs,"The Lord Pt. 2 (Instrumental)
(GOD DON'T LIKE UGLY!)","Part of a series of beats JPEGMAFIA made inspired by Kanye West's turn to Christian Hip Hop. Played in HTBAR 4 and eventually was used as the instrumental for ""GOD DON'T LIKE UGLY!"" on LP!. The third beat in the series turned into the outro of ""BBW"" on All My Heroes Are Cornballs, placing the creation of the first two beats in the AMHAC era as well.",,,,Partial,High Quality,https://pillows.su/f/f94f199dcafc43a2d5393f6669c50652
All My Heroes Are Cornballs,they will be the death of em pt. 2,"Track shown in a screencap of an iTunes playlist with confirmed AMHAC-era tracks posted on JPEGMAFIA's instagram story on December 12, 2019. Also shown on JPEG's Instagram story on 21st May 2020 and 24th June 2020.",1:59,,,Confirmed,Not Available,
All My Heroes Are Cornballs,"twerk ghost
(DOTS FREESTYLE REMIX)",OG beat which eventually became DOTS Freestyle Remix. Shown on more than one occasion on JPEG's instagram story. Unknown if this version contains Buzzy Lee and Abdu Ali or any vocals at all.,2:04,,,Confirmed,Not Available,
All My Heroes Are Cornballs,"???
(prod. Kenny Beats)","A Kenny Beats collaboration previewed on IG live on November 7, 2018, around the time ""Puff Daddy"" released.",,,"Nov 7, 2018",Snippet,Recording,https://pillows.su/f/300755a86853a039c28f0853f952d082
All My Heroes Are Cornballs,Unknown [Rick Rubin Collaborations],Peggy posted pictures with him and Rick Rubin together.,,,"Nov 7, 2018",Confirmed,Not Available,https://pillows.su/f/300755a86853a039c28f0853f952d082
"0 OG File(s)
12 Full
0 Tagged
9 Partial
11 Snippet(s)
42 Unavailable","HOW TO BUILD A RELATIONSHIP
(LP! [V1], EP!, EP2!)","(September 13th, 2019) (JPEGMAFIA releases All My Heroes Are Cornballs)
(November 6th, 2020) (JPEGMAFIA releases EP!)
(February 12th, 2021) (JPEGMAFIA releases EP2!)
(October 10th, 2023) (JPEGMAFIA leaks I HAVE FULIFILLED MY CONTRACT!)",,,,,,
HOW TO BUILD A RELATIONSHIP,"australia almost killed me [V1]
(_AUS KILL ME)",Shown on JPEG's Instagram story on November 17th 2019.,2:27,,"Nov 17, 2019",Confirmed,Not Available,
HOW TO BUILD A RELATIONSHIP,"angel demon
(feat. Tommy Genesis)",Shown on JPEG's Instagram story on 11th December 2019.,2:31,,"Dec 1, 2019",Confirmed,Not Available,
HOW TO BUILD A RELATIONSHIP,BFT BB,Shown on JPEG's Instagram story on 17th November 2019.,3:05,,,Confirmed,Not Available,
HOW TO BUILD A RELATIONSHIP,rando2,Shown on JPEG's Instagram story on December 14th 2019.,2:33,,"Dec 1, 2019",Confirmed,Not Available,
HOW TO BUILD A RELATIONSHIP,TRUST! [V1],"Original version of ""TRUST!"" with the clap continuing over the beat switch and an unfinished piano section. Played on JPEGMAFIA's story on January 28, 2020.",,,"Jan 1, 2020",Snippet,High Quality,https://youtube.com/shorts/rikWH8kRV9s?si=wTS8dldrNgHYiNjL
HOW TO BUILD A RELATIONSHIP,walk out and talk to yourself,"Appears on JPEG's phone on HTBAR 2 and in an Instagram story from January 23, 2020. Could potentially be related to ""BALD!"" or made in the same session, as its cover art features the game disc for Ridge Racer Type 4, the game the ""BALD!"" sample is from.",,,"Jan 1, 2020",Confirmed,Not Available,
HOW TO BUILD A RELATIONSHIP,1st K BEAT,Shown on JPEG's Instagram story on 22nd July 2020.,3:24,,,Confirmed,Not Available,
HOW TO BUILD A RELATIONSHIP,ANIMAL CROSSING TYPE BEAT,Shown on JPEG's Instagram story on 2nd September 2020.,3:41,,,Confirmed,Not Available,
HOW TO BUILD A RELATIONSHIP,babybeamerboy demo rough,"Shown on JPEG's phone in HTBAR 2, under the album ""bald ! demos"", but it's unknown why it was in said album",,,,Confirmed,Not Available,
HOW TO BUILD A RELATIONSHIP,back to school! (instrumental),Instrumental snippet previewed on HTBAR 8.,,,"Apr 1, 2020",Snippet,High Quality,https://pillows.su/f/911044f518d5334d54bc6219a61fb31e
HOW TO BUILD A RELATIONSHIP,BALD! Mix 67,"Shown on JPEG's phone in HTBAR 2, under the album ""bald ! demos"", could mean there was 66 other mixes of BALD before this one",,,,Confirmed,Not Available,
HOW TO BUILD A RELATIONSHIP,"be with me: ghost of tsushima [V1]
(BE WITH ME!)",Shown on JPEG's Instagram story on 7th November 2020.,4:49,,,Confirmed,Not Available,
HOW TO BUILD A RELATIONSHIP,blacks for trump,"Shown on JPEG's Instagram story on September 15, 2020. Possibly has something to do with THE BENDS! and its outro, but is sizably longer than any version of that track.",3:27,,,Confirmed,Not Available,
HOW TO BUILD A RELATIONSHIP,blade runner (Instrumental),Instrumental snippet previewed on HTBAR 11.,,,,Partial,High Quality,https://pillows.su/f/c5123185239787ed9ed844069dc642e5
HOW TO BUILD A RELATIONSHIP,BONO [V1],Shown on JPEG's Instagram story on 28th July 2020.,4:06,,,Confirmed,Not Available,
HOW TO BUILD A RELATIONSHIP,BODYGUARD! [V1],"Early version of the ""BODYGUARD!"" instrumental. It's also in a different pitch than release.",,,,Snippet,Recording,https://pillows.su/f/9df6d711728a97a9913a315f8c5fa270
HOW TO BUILD A RELATIONSHIP,BODYGUARD! [V2],Version with a different vocal take and small production differences. Might not have the intro idk.,,,,Snippet,Recording,https://pillows.su/f/e50b89e8c45fc61a32d92ef713013bd4
HOW TO BUILD A RELATIONSHIP,"brckhmptn drum kit (instrumental)
(BROCKHAMPTON DRUM KIT)",Instrumental snippet previewed on HTBAR 12. Also shown on JPEG's Instagram story. The name sake most definitley stems from a BROCKHAMPTON Drum Kit Peggy used for the song.,3:51,,,Snippet,High Quality,https://pillows.su/f/9d0be0b29185979404b8a9aab56a8386
HOW TO BUILD A RELATIONSHIP,britney-kayla 6 (instrumental),Instrumental snippet previewed on HTBAR 8.,,,"Apr 1, 2020",Snippet,High Quality,https://pillows.su/f/80067963b7d3b70b35d528043c867da5
HOW TO BUILD A RELATIONSHIP,call her up (instrumental),Instrumental snippet previewed on HTBAR 6.,,,"Apr 1, 2020",Snippet,High Quality,https://pillows.su/f/d33c031d976736f2dc77bfe31b643859
HOW TO BUILD A RELATIONSHIP,convienice,"Shown on JPEG's Instagram story on February 8, 2020.",4:00,,,Confirmed,Not Available,
HOW TO BUILD A RELATIONSHIP,COVERED IN MONEY! [V1],"Version that clocks in 8 seconds longer than the current version. Shown on JPEG's Instagram story on March 16th, 2020.",4:18,,"Mar 1, 2020",Confirmed,Not Available,
HOW TO BUILD A RELATIONSHIP,cuchi chakras,Shown on JPEG's Instagram story on 5th February 2021.,,,,Confirmed,Not Available,
HOW TO BUILD A RELATIONSHIP,DIRTY! [V1],Seen on the LP! Rehearsal Sessions,,,,Confirmed,Not Available,
HOW TO BUILD A RELATIONSHIP,DIRTY! [V2],Seen on the LP! Rehearsal Sessions,,,,Confirmed,Not Available,
HOW TO BUILD A RELATIONSHIP,FIX URSELF [V1],Seen on the LP! Rehearsal Sessions,,,,Full,Recording,https://youtu.be/Y1wQ7Y8qaYQ?t=1912
HOW TO BUILD A RELATIONSHIP,FIX URSELF [V2],Seen on the LP! Rehearsal Sessions,,,,Full,Recording,https://youtu.be/Y1wQ7Y8qaYQ?t=1967
HOW TO BUILD A RELATIONSHIP,For U I Will [V1],Song included as an outro on I HAVE FULFILLED MY CONTRACT!,,,"Oct 10, 2023",Full,High Quality,https://pillows.su/f/eee359521068e50176455c0a2ad5ca34
HOW TO BUILD A RELATIONSHIP,"gang gang
(feat. ???)","previewed on both HTBAR 10, and on JPEGMAFIA's Instagram story. Another artist has vocals on the track, but their identity is unknown. Unknown if JPEGMAFIA has any vocals on the track or if JPEG merely produced it.",,,"May 1, 2020",Partial,Recording,https://pillows.su/f/be30349bb5da532deb43a23de8d1cbb2
HOW TO BUILD A RELATIONSHIP,HAZARD DUTY PAY! [V1],Can be heard playing on JPEG's phone in HTBAR 9. Only the first chop in the song is heard,,,"May 1, 2020",Snippet,Recording,https://pillows.su/f/a834b8e9d65f02545ff8ad6569a52c07
HOW TO BUILD A RELATIONSHIP,HONEY DEW,Shown on JPEG's Instagram story on 17th May 2020.,4:57,,"May 1, 2020",Confirmed,Not Available,
HOW TO BUILD A RELATIONSHIP,how long [V2],"Shown on JPEG's Instagram story on May 22, 2020.",2:27,,,Confirmed,Not Available,
HOW TO BUILD A RELATIONSHIP,i was supposed to earn her back,Shown on JPEG's Instagram story on 7th March 2020.,2:34,,"Mar 1, 2020",Confirmed,Not Available,
HOW TO BUILD A RELATIONSHIP,Jamiacan alt j,Shown on JPEG's Instagram story on 7th June 2020.,2:08,,"Jun 1, 2020",Confirmed,Not Available,
HOW TO BUILD A RELATIONSHIP,"JPEG 2020
(with Flume)",Appears on JPEG's phone on HTBAR 2 and was shown on his Instagram story on 9th April 2020.,2:58,,"Jan 1, 2020",Confirmed,Not Available,
HOW TO BUILD A RELATIONSHIP,🏆 KIMBER! [V1],Song performed live during the EP2! Livestream. Likely was cut at the last minute from the EP.,3:25,,,Full,Recording,https://pillows.su/f/a3c26fca0523433cc31eae3239fd07ff
HOW TO BUILD A RELATIONSHIP,KIMBER! [V2],Heard on the LP! Rehearsal Sessions. Has new intro and a new outro.,3:22,,,Full,Recording,https://pillows.su/f/e3a6436b874dd7a3906949a1556e6d23
HOW TO BUILD A RELATIONSHIP,KIMBER! [V3],Version with a different take. Also from the LP! Rehearsal Sessions,,,,Full,Recording,Link Needed
HOW TO BUILD A RELATIONSHIP,KISSY FACE EMOJI! [V1],Seen on the LP! Rehearsal Sessions,,,,Partial,Recording,Link Needed
HOW TO BUILD A RELATIONSHIP,"⭐️ MANIC! [V1]
(prod. Alex Goose & JPEGMAFIA)
(TOXIC!, FUCK PEGGY!)","One of 5 unreleased, untitled tracks featured on an original copy of LP!. Samples ""Gönül Dağı"" by Barış Manço & Kurtalan Ekspres and ""Manic! At The Disco"" by Danny Swain. A remastered version was released on October 17th, 2025 under the name ""MANIC!.""",2:50,,"Oct 10, 2023",Full,CD Quality,https://pillows.su/f/bad0971013c2124ec255be92d6002bb0
HOW TO BUILD A RELATIONSHIP,mega-man (instrumental),Instrumental snippet previewed on HTBAR 10.,,,"May 1, 2020",Partial,High Quality,https://pillows.su/f/aca24f1e502bf39304bef3b8445f78e4
HOW TO BUILD A RELATIONSHIP,✨ my hero! [V1],Previewed in HTBAR 5 in it's near entirety but never saw an official release.,2:43,,"Apr 1, 2020",Partial,High Quality,https://pillows.su/f/f5d380c6c0d367921a7ba30977d62770
HOW TO BUILD A RELATIONSHIP,nancy Pelosi type demo,Appears on JPEG's phone on HTBAR 2.,,,"Jan 1, 2020",Confirmed,Not Available,
HOW TO BUILD A RELATIONSHIP,New Recording 420_01,Appears on JPEG's phone on HTBAR 2.,,,"Jan 1, 2020",Confirmed,Not Available,
HOW TO BUILD A RELATIONSHIP,nigga where im at,Appears on JPEG's phone on HTBAR 2.,,,"Jan 1, 2020",Confirmed,Not Available,
HOW TO BUILD A RELATIONSHIP,"peggy x ariel pink
(prod. JPEGMAFIA & Ariel Pink)","Unreleased collaboration between JPEGMAFIA and Ariel Pink, Previewed in HTBAR 10. Presumably never coming out due to Ariel Pink's subsequent political activity.",5:37,,"May 1, 2020",Partial,Recording,https://pillows.su/f/bc3eb541d3a7707f8f08db84b5158b85
HOW TO BUILD A RELATIONSHIP,Pretentious [V1],Appears on JPEG's phone on HTBAR 2.,,,"Jan 1, 2020",Confirmed,Not Available,
HOW TO BUILD A RELATIONSHIP,REAL SADNESS,Shown on JPEG's Instagram story on 5th February 2021.,,,,Confirmed,Not Available,
HOW TO BUILD A RELATIONSHIP,Ridge race scenario,"Appears on JPEG's phone on HTBAR 2. Potentially an early version of ""BALD!"" or made in the same session.",,,"Jan 1, 2020",Confirmed,Not Available,
HOW TO BUILD A RELATIONSHIP,semi heart,Appears on JPEG's phone on HTBAR 2.,,,"Jan 1, 2020",Confirmed,Not Available,
HOW TO BUILD A RELATIONSHIP,Sense Offenderz 4,Appears on JPEG's phone on HTBAR 2.,,,"Jan 1, 2020",Confirmed,Not Available,
HOW TO BUILD A RELATIONSHIP,so sweet!,Instrumental snippet previewed on HTBAR 12.,,,,Snippet,High Quality,https://pixeldrain.com/u/97w6E7Uv
HOW TO BUILD A RELATIONSHIP,SYMPTOMS!,Shown on JPEG's Instagram story on 19th July 2020.,8:09,,"Jul 1, 2020",Confirmed,Not Available,
HOW TO BUILD A RELATIONSHIP,"The Closest I've Ever Been 
(feat. Vegyn)",Played on a Toyomansi mixcloud set in 2020. Not officially released.,2:23,,,Full,High Quality,https://youtu.be/S2P9VV1ZSpE?si=YgAt7HcwOV2N7xkR
HOW TO BUILD A RELATIONSHIP,thelast (instrumental),Instrumental snippet previewed on HTBAR 6.,,,"Apr 1, 2020",Partial,High Quality,https://pixeldrain.com/u/ADpYRKCo
HOW TO BUILD A RELATIONSHIP,the watchmen (instrumental),An instrumental snippet infamously accidentally left out of HTBAR 7.,,,"Apr 1, 2020",Confirmed,Not Available,
HOW TO BUILD A RELATIONSHIP,time to detox,Shown on JPEG's phone on HTBAR 2 and on JPEG's Instagram story on 2nd September 2020. Has the original EP! cover.,4:00,,,Confirmed,Not Available,
HOW TO BUILD A RELATIONSHIP,TWIST OF FATE,Shown on JPEG's Instagram story on 24th June 2020.,1:35,,"Jun 1, 2020",Confirmed,Not Available,
HOW TO BUILD A RELATIONSHIP,"🏆 optimus prime [V1]
(turok)","Uploaded to Twitter under the title ""test rehearsal 2 turok"", then later featured as a different take on HTBAR 1, titled ""OPTIMUS PRIME!"". Both snippets only feature JPEG rapping over the beat, as opposed to his recorded vocals.",1:51,,"Jan 1, 2020",Full,Recording,https://pillows.su/f/8cda4f291db7ea50ef54647974dbe2b3
HOW TO BUILD A RELATIONSHIP,"turok [V2]
(feat. Freaky)
(optimus prime)","Shown on JPEG'S Instagram story on November 29th, 2019. Likely connected to optimus prime due to it's name when first uploaded to Twitter. Likely didnt have the outro of the version released on the LP! USB",3:09,,"Nov 1, 2019",Confirmed,Not Available,https://imgur.com/a/yo1xk5y
HOW TO BUILD A RELATIONSHIP,UNTITLED [V1],"Original version of the ""UNTITLED"" beat with samples not included in the final version and slightly different sample chopping and percussion. A snippet of the instrumental was uploaded to JPEG's Instagram story on January 19th 2020. The video itself features JPEG in his studio with Freaky and Butch Dawson.",,,"Jan 19, 2020",Snippet,High Quality,https://pillows.su/f/78dd4c59e0edf4e9664acf6c0b5d08f6
HOW TO BUILD A RELATIONSHIP,VICTORY 2020!,Shown on JPEG's Instagram story on 7th November 2020.,5:07,,"Nov 1, 2020",Rumored,Not Available,
HOW TO BUILD A RELATIONSHIP,"wake up nigga ??
(prod. Channel Tres)",Snippet heard in the background during HTBAR 9.,,,"May 1, 2020",Snippet,Recording,https://pixeldrain.com/u/YhBK3qyf
HOW TO BUILD A RELATIONSHIP,⭐️ WHAT THE HIP HOP HELL IS THIS? [V1],"Original version of ""What the hip hop hell is this ?"", originally leaked as one of five untitled tracks on an original copy of LP!. This version is slightly faster, has completely different mixing, and an alternate outro.",2:37,,"Oct 10, 2023",Full,CD Quality,https://pillows.su/f/82c523b99b5411402567ab5282cb4fbc
HOW TO BUILD A RELATIONSHIP,WHY YOU SCARRED OF THIS PUSSY,Shown on JPEG's Instagram story on 3rd July 2020.,1:38,,"Jul 1, 2020",Confirmed,Not Available,
HOW TO BUILD A RELATIONSHIP,Will smith test,Appears on JPEG's phone on HTBAR 2.,,,"Jan 1, 2020",Confirmed,Not Available,
HOW TO BUILD A RELATIONSHIP,"??? [V1]
(with Slowthai)
(Gang Shit)","Snippet of a collaborative track between Slowthai and JPEGMAFIA premiered on stream on November 6, 2020. Titled ""Gang Shit"" by fans. Seemingly cut from slowthai's album TYRON due to sample issues.",,,"Nov 6, 2020",Partial,Recording,https://pixeldrain.com/u/ddEVoDFD
HOW TO BUILD A RELATIONSHIP,"⭐️ ???
(master blaster, Don't Do Me Like That!)","One of 5 unreleased, untitled tracks featured on an original copy of LP!. Not much information is known about this track.",4:12,,"Oct 10, 2023",Full,CD Quality,https://pillows.su/f/0f049a9b2c27d7d5105477a6162bbb12
HOW TO BUILD A RELATIONSHIP,"✨ ???
(So Sweet!)","One of 5 unreleased, untitled tracks featured on an original copy of LP!. Not much information is known about this track.",2:52,,"Oct 10, 2023",Full,CD Quality,https://pillows.su/f/8c37a51449dd0c909135c8bbf155a4a3
HOW TO BUILD A RELATIONSHIP,???,Beat played at the beginning of HTBAR 6 while JPEGMAFIA was in the studio with Denzel Curry. Unknown if this is even a JPEGMAFIA beat.,,,,Partial,Recording,https://pixeldrain.com/u/HzVJZmjB
HOW TO BUILD A RELATIONSHIP,Unknown [FREAKYMAFIACULT Collaborations],,,,,Confirmed,Not Available,
HOW TO BUILD A RELATIONSHIP,Unknown [Butch Dawson Collaborations],,,,,Confirmed,Not Available,
HOW TO BUILD A RELATIONSHIP,"The Avalanches - Take Care in Your Dreaming [V1]
(feat. JPEGMAFIA, Denzel Curry, Tricky, and Samba the Great)","Track 13 on an early tracklist for We Will Always Love You by The Avalanches. Peggy was originally supposed to be on the song, according to various sources. Why his feature was removed is unknown.",,,,Confirmed,Not Available,
HOW TO BUILD A RELATIONSHIP,"The Avalanches - Take Care in Your Dreaming [V2]
(feat. Denzel Curry, Tricky, and Samba the Great)","Version featuring a sample of ""Strength of Strings"" by Gene Clarke, but they were unable to clear the sample in time.",,,,Confirmed,Not Available,
"0 OG File(s)
6 Full
0 Tagged
0 Partial
1 Snippet(s)
14 Unavailable","LP!
(LP! (OFFLINE), OFFLINE!, LP [V2])","(February 12th, 2021) (JPEGMAFIA releases EP2!)
(October 22nd, 2021) (JPEGMAFIA releases LP! & ONLINE)",,,,,,
LP!,all the time,"Shown on JPEG's Instagram story on November 11, 2021.",,,,Confirmed,Not Available,
LP!,AXL ROSE,"Track seen in a photo of JPEGMAFIA's iTunes posted on January 28, 2022.",,,,Confirmed,Not Available,
LP!,"_AUS KILL ME [V2]
(australia almost killed me)","LP! era version of ""australia almost killed me"" seen in a iTunes photo posted by JPEGMAFIA on January 28, 2022. Shorter than the original version.",,,,Confirmed,Not Available,
LP!,between enemies,"Shown on JPEG's Instagram story on November 18, 2021.",,,,Confirmed,Not Available,https://imgur.com/a/Pjq2wOD
LP!,"BE WITH ME! [V2]
(be with me: ghost of tsushima)","LP! era version of ""be with me: ghost of tsushima"" seen in a iTunes photo posted by JPEGMAFIA on January 28, 2022. Marked as the second iteration of the track. Shorter than the original version.",,,,Confirmed,Not Available,
LP!,BONO [V2],"LP! era version of ""BONO"" seen in a iTunes photo posted by JPEGMAFIA on January 28, 2022. Shorter than the original version.",,,,Confirmed,Not Available,
LP!,"內戰
(Civil War)","According to the EXPERIMENTAL RAP Booklet, civil war came from 2022, it's unknown what changes were made in the four year time span. ""Chat"" also might've been worked on 2022 because Civil War and Chat share similarities with each other.",,,,Confirmed,Not Available,
LP!,for u i will [V2],"LP! era version of ""FOR U I WILL"" seen in a iTunes photo posted by JPEGMAFIA on January 28, 2022.",1:32,,,Full,CD Quality,https://pillows.su/f/0a33a4433d107a0e99708c8869c01705
LP!,GIRTH [V1],"First version of ""GIRTH"" seen on JPEG's Instagram story. Brief instrumental snippet played in HTBAR 13.",,,,Confirmed,Not Available,
LP!,GIRTH [V2],"Second version of ""GIRTH"" seen in the rehearsal sessions for LP!. Nearly 7 minutes long of peggy freestyling over the looped instrumental.",6:11,,,Full,Low Quality,https://pillows.su/f/dc73ec1f59348666fc54a28e03c99b53
LP!,GIRTH [V3],"Third version of ""GIRTH"" seen in a iTunes photo posted by JPEGMAFIA on January 28, 2022.",,,,Confirmed,Not Available,
LP!,HAZARD DUTY PAY! [V2],Performed live during his thereislight stream on July 6th 2021. Instrumental appears to be different from the final release,,,,Full,High Quality,Link Needed
LP!,"IMX freestyle 
(prod. franchisedidit)",,2:09,,,Full,CD Quality,https://pillows.su/f/12bd7d4cb9daa817eb2fd0b7e8acfc9d
LP!,MY HERO! [V2],"LP! era version of ""my hero!"" seen in a iTunes photo posted by JPEGMAFIA on January 28, 2022. Presumably finished, as it lacks the ""demo"" in the filename of the original. Potentially the same as the original due to identical track times.",,,,Rumored,Not Available,
LP!,PRETENTIOUS [V2],"LP! era version of ""Pretentious"" seen in a iTunes photo posted by JPEGMAFIA on January 28, 2022. Noted to still be incomplete.",,,,Confirmed,Not Available,
LP!,PROJECT JUSTICE,"Track seen in a photo of JPEGMAFIA's iTunes posted on January 28, 2022. Noted to still be incomplete.",,,,Confirmed,Not Available,
LP!,"REBOUND! [V1]
(feat. DATPIFFMAFIA)","Earlier version of ""REBOUND!"" that replaces Peggy's first chorus with an extension to his first verse, has worse mixing & is at the same speed as the ONLINE & OFFLINE [Mix 1] versions.",3:44,,,Full,CD Quality,https://youtu.be/vzYcz6KD1-w?si=9fLD8wwhTf3S9h1u
LP!,SOUND OF FAUX BLACKNESS!,"Track seen in a photo of JPEGMAFIA's iTunes posted on January 28, 2022.",,,,Confirmed,Not Available,
LP!,THE AVENGERS!,"Track seen in a photo of JPEGMAFIA's iTunes posted on January 28, 2022.",,,,Confirmed,Not Available,
LP!,the suburbs,Very brief instrumental snippet played in HTBAR 13.,,,,Snippet,Not Available,Link Needed
LP!,"Y2K - DIRT
(with JPEGMAFIA) (prod. Y2K & Sully)","Original version of ""DIRT"" by Y2K & JPEGMAFIA, reuses the bridge for the intro instead of a verse. Was being sold on LEAKEDCX as Peggy's song, said to be ""completely finished: no open verse, finished vocals and mixing, no mumble"". Sold alongside an hour long video of the session of the song.",3:44,,,Full,CD Quality,https://pillows.su/f/1a47141b9688da7a7300fca109c01844
"0 OG File(s)
7 Full
0 Tagged
6 Partial
10 Snippet(s)
15 Unavailable","SCARING THE HOES
(Collaboration with Danny Brown)
(SCARING THE HOES, Vol. 1)","(October 22nd, 2021) (JPEGMAFIA releases LP!)
(March 24th, 2023) (JPEGMAFIA releases SCARING THE HOES)",,,,,,
SCARING THE HOES,"✨ Acknowledge Me Freestyle
(Bloodline Freestyle)","Randomly leaked by the ""gp"" YouTube channel on Sep 9th, 2024. Made in 2022, later updated for  I LAY DOWN MY LIFE FOR YOU (DIRECTORS CUT). Reuses some ""God Loves You"" lyrics. Has an extended outro that was later cut from the release version.",3:36,,"Sep 9, 2024",Full,High Quality,https://youtu.be/8l5Hmfe-3A0
SCARING THE HOES,"AMEN + LEBRON [V1]
(Burfict!)","Shown on JPEG's Instagram story on January 23, 2022. Was previewed in the SCARING THE HOES DOCUMENTARY and is the instrumental with Danny freestyling and JPEGMAFIA doing punch ins,",,,,Full,Recording,https://www.youtube.com/watch?v=pve7JVtlGNM
SCARING THE HOES,"AMEN + LEBRON [V2]
(Burfict!)",Later in the SCARING THE HOES Documentary JPEGMAFIA shows off an entirely different version of AMEN + LEBRON that isn't related to Burfict,,,,Snippet,Recording,https://www.youtube.com/watch?v=pve7JVtlGNM
SCARING THE HOES,Burfict! [V3],"Original version of ""Burfict!"" previewed on NTS radio. Has a different snare when compared to release version.",,,"Mar 28, 2022",Partial,High Quality,https://pillows.su/f/cceea074851f820d49da4a680213820c
SCARING THE HOES,"Birfict! [V4]
(Burfict!)","Filename seen in a list from the Lean Beef Patty music video, probably an early version.",,,,Confirmed,Not Available,
SCARING THE HOES,CANNIBAL*,"At 22:59, Danny starts playing a beat off his laptop and freestyles over it, unknown what the song is",,,,Partial,Recording,Link Needed
SCARING THE HOES,DEAR MICHAEL,Filename seen in a list from the Lean Beef Patty music video.,,,,Confirmed,Not Available,
SCARING THE HOES,"DJ ASSAULT
(Run The Jewels)","Song from an early SCARING THE HOES tracklist seen in the Lean Beef Patty music video. Could be ""Run The Jewels"" since it replaces it on the tracklist.",,,,Confirmed,Not Available,
SCARING THE HOES,EXHIBIT [V1],"OG Filename: EXHIBIT F abridged.wav
Seen in the Lean Beef Patty Music Video",,,,Confirmed,Not Available,
SCARING THE HOES,EXHIBIT [V2],"Partial OG Filename: EXHIBIT J JE...MIX V2.wav
Seen in the Lean Beef Patty Music Video",,,,Confirmed,Not Available,
SCARING THE HOES,EXHIBIT [V3],"OG Filename: EXHIBIT S MY MIX.wav
Seen in the Lean Beef Patty Music Video",,,,Confirmed,Not Available,
SCARING THE HOES,FENTANTNT,"Filename seen in a list from the Lean Beef Patty music video, probably ""Fentanyl Tester"".",,,,Confirmed,Not Available,
SCARING THE HOES,For U I Will [V3],"Snippet of a demo shared to JPEGMAFIA's Twitter on April 10, 2022.",,,"Apr 10, 2022",Snippet,Recording,https://youtu.be/xi0PUk1uhcQ?si=s39CB2XiuJaGJo2d
SCARING THE HOES,"FREESTYLIN 4 MY BITCH THIS MORNIN'
(God Loves You)","First snippet released in a series of snippets previewed on JPEG's twitter in April 2022, this one being previewed on April 5th. He raps the hook but confirms he hasn't finished writing the track. Likely later evolved into ""God Loves You"", or could be a random song that uses the same lyrics.",1:44,,"Apr 5, 2022",Partial,Recording,https://youtu.be/NWdXnkwrWuI?si=7mLgK4xBYkZsoevK
SCARING THE HOES,"Kanye West & James Blake - Chingy [V1]
(prod. JPEGMAFIA)
(Garbage Pale Kids)","Very early version of ""Garbage Pale Kids"" that's currently just a loop, shown to Ye during a session with James Blake for WAR. Snippet posted on December 19th, 2025.",,,"Dec 19, 2025",Snippet,Recording,https://www.reddit.com/r/GoodAssSub/comments/1pqu7u5/chingy/
SCARING THE HOES,"Kanye West & James Blake - Chingy [V2]
(prod. JPEGMAFIA & James Blake)
(Garbage Pale Kids)","Version with vocals from Ye and James Blake, as well as additional production from James. Said to exist by yougotonemore.",,,,Rumored,Not Available,
SCARING THE HOES,"Garbage Pale Kids [V3]
(Chingy)","Third April Twitter snippet, also previewed on April 6th. Video shows JPEG dancing to the beat",,,"Apr 6, 2022",Partial,Recording,https://youtu.be/Mm_3GgOEJ_0?si=I7deJtA6_OsmzGCL
SCARING THE HOES,"Garbage Pale Kids [V4]
(Chingy)","Instrumental previewed on SCARING THE HOES DOCUMENTARY, JPEGMAFIA does a couple punch ins",,,,Full,Recording,https://www.youtube.com/watch?v=pve7JVtlGNM
SCARING THE HOES,"Heaven On Earth [V1]
(HOE (Heaven On Earth), Heaven On Earth Killed)","Shown on JPEG's Instagram story on January 23, 2022. Likely the original version of beat without any vocals.",4:44,,,Snippet,Recording,https://www.youtube.com/watch?v=pve7JVtlGNM
SCARING THE HOES,"Heaven On Earth Killed [V2]
(HOE (Heaven On Earth), Heaven On Earth)",Filename seen in a list from the Lean Beef Patty music video.,,,,Confirmed,Not Available,
SCARING THE HOES,Where Ya Get Ya Coke From? [V1],Original solo version first previewed live on October 10th 2022. Uses the second chorus after his first verse.,1:09,,"Oct 10, 2022",Full,Recording,https://youtu.be/9ql965RRUIs
SCARING THE HOES,"MOTHER OF GOD [V2]
(with Danny Brown)
(Where Ya Get Ya Coke From?)","OG Filename: MOTHER OF GOD STEMMED new vjcerse
Version from JPEGMAFIA's official SoundCloud uploaded sometime in December 2022 under the name ""MOTHER OF GOD STEMMED new vjcerse"". Has a different take on Danny Brown's verse and alt mixing. Was private until he, most likely by accident, unprivated it around June 18th, 2024. Was taken down a day later.",3:04,,"Jun 18, 2024",Full,CD Quality,https://pillows.su/f/68fc56d873eaae216a4c1f0d68c4e3ad
SCARING THE HOES,"MOTHER OF GOD [V3]
(with Danny Brown)
(Where Ya Get Ya Coke From?)",Existence confirmed by the version below.,,,,Confirmed,Not Available,
SCARING THE HOES,"MOTHER OF GOD [V4]
(with Danny Brown)
(Where Ya Get Ya Coke From?)","OG Filename: MOG V2 JELLIS MIX r3
Filename seen in a list from the Lean Beef Patty music video.",,,,Confirmed,Not Available,
SCARING THE HOES,Peggy,Instrumental posted on STH tour site.,,,,Snippet,Recording,https://pillows.su/f/c762c1e73dc06c11ef5e29b42e18737b
SCARING THE HOES,PUSSY 89,Filename seen in a list from the Lean Beef Patty music video.,,,,Confirmed,Not Available,
SCARING THE HOES,SO I HID,"Snippet posted on Twitter on April 11th, 2022. Not much is known.",,,"Apr 11, 2022",Snippet,Recording,https://youtu.be/lb8jy6PO0dw?si=4tmvtaJkNgt9SD_v
SCARING THE HOES,"STOP SCARIN
(STOP SCARING THE HOES, SCARING THE HOES)","Filename seen in a list from the Lean Beef Patty music video, probably the title track",,,,Confirmed,Not Available,
SCARING THE HOES,🏆 SUGAR REMIX,"Fifth April Twitter snippet, previewed on April 8th. Samples SUGAR by BROCKHAMPTON.",,,"Apr 8, 2022",Snippet,Recording,https://youtu.be/ihaL3H3Upyg?si=jBlSQ43epjwSYTIY
SCARING THE HOES,TAKE AG*,"Filename seen in a list from the Lean Beef Patty music video, could be TAKE AN",,,,Confirmed,Not Available,
SCARING THE HOES,TAKE R*,"Filename seen in a list from the Lean Beef Patty music video, could be TAKE AN",,,,Confirmed,Not Available,
SCARING THE HOES,"⭐️ ??? [V2]
(with Slowthai)
(Gang Shit)","2022 version of the untitled track with Slowthai originally for meant Slowthai's album TYRON. Played live at a JPEGMAFIA concert on April 4, 2022 and June 8, 2022. Titled ""Gang Shit"" by fans. It is unclear what changes have been made from the original, and who is the main artist on the track.",2:53,,"Jun 8, 2022",Full,CD Quality,https://pillows.su/f/588beb0e0c061c9effc0469eaafc4082
SCARING THE HOES,"???
(RISE & GRIND PEOPLE!)","Second Twitter snippet previewed in April, this one being previewed on April 6th. JPEG raps over the beat playing on a Macbook but is hard to hear compared to the beat.",1:42,,"Apr 6, 2022",Snippet,Recording,https://youtu.be/6-V3TmXu7mE?si=PAqb3HXyxztQT8FU
SCARING THE HOES,???,"At 21:22, a beat starts playing that has no known name",,,,Partial,Recording,https://www.youtube.com/watch?v=pve7JVtlGNM
SCARING THE HOES,???,"Fourth April Twitter snippet, previewed on April 7th. A Gospel sampling song, which cuts off just as JPEG starts rapping",,,"Apr 7, 2022",Snippet,Recording,https://youtu.be/qq2X2QxgF5Y?si=e5GC4vmKFjMzvxEp
SCARING THE HOES,???,"At 25:09, Danny freestyles over another beat, unknown what its called",,,,Snippet,Recording,https://www.youtube.com/watch?v=pve7JVtlGNM
SCARING THE HOES,"Danny Brown - ??? [V1]
(prod. JPEGMAFIA)
(John Wayne)",Danny Brown song using the John Wayne beat.,2:40,,,Full,CD Quality,https://pillows.su/f/b5825871d6de7ab541327f0276d47fd3
SCARING THE HOES,"Denzel Curry - John Wayne [V2]
(feat. Buzzy Lee) (prod. JPEGMAFIA)","Instrumental for Denzel Curry's ""John Wayne"", previewed on NTS Radio on March 28th, 2022. The intro and outro of the song are longer than the version used by Denzel.",3:36,,"Mar 28, 2022",Partial,High Quality,https://pillows.su/f/3b21c019973f7648aae8277ad26ce189
"9 OG File(s)
7 Full
0 Tagged
7 Partial
6 Snippet(s)
13 Unavailable","VULTURES 1
(¥$ - VULTURES (Collaboration with Ye & Ty Dolla $ign) (Bad Bitch Play Book Vol. 1, VULTURES 1, VULTURES 2))","(March 24th, 2023) (JPEGMAFIA releases SCARING THE HOES)
(January 19th, 2024) (JPEGMAFIA posts a picture with himself and Ye)
(February 9th, 2024) (Ye & Ty Dolla $ign release VULTURES 1)
(April ???, 2024) (JPEGMAFIA is kicked out of VULTURES for beefing with Freddie Gibbs)
(August 1st, 2024) (JPEGMAFIA releases I LAY DOWN MY LIFE FOR YOU)
(August 2nd, 2024) (Ye & Ty Dolla $ign release VULTURES 2)",,,,,,
VULTURES 1,"BEG FORGIVENESS [V20]
(feat. Chris Brown) (prod. Kanye West, London on da Track, VITALS, Digital Nas, JPEGMAFIA, SHDØW, Anthony Kilhoffer, Aver Ray & SHDØW)
(BEG FOR FORGIVENESS)","Played on an instagram live on March 29th, 2024. Has alternate production from SHDØW. Unknown when made.",,,"Mar 29, 2024",Snippet,Recording,https://pillows.su/f/ae296f5dbcb74b10eebf324149e75029
VULTURES 1,"BEG FORGIVENESS [V21]
(feat. Chris Brown) (prod. Kanye West, London on da Track, VITALS, Digital Nas, JPEGMAFIA, SHDØW, Anthony Kilhoffer & Aver Ray)
(BEG FOR FORGIVENESS)","Version played at the Chicago listening party. Has an added Ye verse, and a beatswitch with more Ty Dolla $ign vocals.",6:09,,"Feb 8, 2024",Full,High Quality,https://pillows.su/f/a8a30b65ee1d6a4efb7424ec6f6dfbf7
VULTURES 1,"BEG FORGIVENESS [V22]
(feat. Playboi Carti) (prod. Kanye West, London on da Track, VITALS, Digital Nas, JPEGMAFIA, SHDØW, Anthony Kilhoffer & Aver Ray)
(BEG FOR FORGIVENESS)","Version with Playboi Carti vocals over the beatswitch, unknown if the original beat is attatched or if Chris Brown is featured. Likely made very late into the songs development, but nothing else is known. Played by Ty on stream December 7th, 2025.",,,"Dec 7, 2025",Snippet,Recording,https://pillows.su/f/5ba9aca9a4afbfd19fa929be7efb2f14
VULTURES 1,"BEG FORGIVENESS [V23-V29]
(feat. Chris Brown) (prod. Kanye West, London on da Track, VITALS, Digital Nas, JPEGMAFIA, SHDØW, Anthony Kilhoffer & Aver Ray)
(BEG FOR FORGIVENESS)","Earlier versions proven by a filename including ""M7"" and ""Vers 2"". Most likely that they have some small mixing changes.",,,,Confirmed,Not Available,
VULTURES 1,"BEG FORGIVENESS [V30]
(feat. Chris Brown) (prod. Kanye West, London on da Track, VITALS, Digital Nas, JPEGMAFIA, SHDØW, Anthony Kilhoffer & Aver Ray)
(BEG FOR FORGIVENESS)","OG Filename: BEG FORGIVENESS M7 Ye Vers V2 MT001 SPLICED-TUCCI MASTER-24BIT-48kHz
Post-release mix, leaked after a groupbuy. Has an actual outro that does not cut out prematurely, unlike release. This version was also played at the Italy and France Listening Party events.",6:28,,"Oct 17, 2024",Full,Lossless,https://pillows.su/f/0d8b11cba118cacab3e6d914e0407fe5
VULTURES 1,"BEG FORGIVENESS [V31]
(feat. Chris Brown & The Hooligans) (prod. Kanye West, London on da Track, VITALS, Digital Nas, JPEGMAFIA, SHDØW, Anthony Kilhoffer & Aver Ray)
(BEG FOR FORGIVENESSS)","Played at the Footprint center listening event. Has added vocals from The Ultras, also known as The Hooligans.",,,"Mar 10, 2024",Partial,Recording,https://pillows.su/f/92c60198fbda53d7875b3aecd2e805ae
VULTURES 1,"BEG FORGIVENESS [V32]
(feat. Chris Brown & The Hooligans) (prod. Kanye West, London on da Track, VITALS, Digital Nas, JPEGMAFIA, SHDØW, Anthony Kilhoffer & Aver Ray)","Played at the Footprint center listening event. Has added vocals from The Ultras, also known as The Hooligans.",,,"Mar 10, 2024",Partial,Recording,https://pillows.su/f/92c60198fbda53d7875b3aecd2e805ae
VULTURES 1,"DO IT [V8]
(feat. YG & Nipsey Hussle) (prod. Kanye West, Mustard, Wheezy, Chrishan, CuBeatz, DJ Camper, LukasBL, DTP, The Legendary Traxster, Aver Ray & JPEGMAFIA)","Version played at the Chicago listening party. Has an updated instrumental. Intro has a short Nipsey Hussle verse stemming from the unreleased song ""I Just Wanna Know"". New Ty$ line in Ye's verse, which was also re-recorded. Beat switch samples ""Back That Azz Up"" by Juvenile.",4:01,,"Feb 8, 2024",Full,High Quality,https://pillows.su/f/7e92d73696638a5cb14b895974980be6
VULTURES 1,"DO IT [V9]
(feat. YG & Nipsey Hussle) (prod. Kanye West, Mustard, Wheezy, Chrishan, CuBeatz, LukasBL, DTP, The Legendary Traxster & JPEGMAFIA)","OG Filename: doit8barintro
Earlier clean version. Basically same as release, but there is an 8-bar intro before the choir intro, different mixing and the song being clean. Instrumental originally leaked June 9th, 2024.",4:02,,"Sep 3, 2024",OG File,Lossless,https://pillows.su/f/5c8fe3e69e2b1dc4adf75e91e8ef90e7
VULTURES 1,"DO IT [V10]
(feat. YG & Nipsey Hussle) (prod. Kanye West, Mustard, Wheezy, Chrishan, CuBeatz, LukasBL, DTP, The Legendary Traxster & JPEGMAFIA)","Version played at the Chicago listening party. Contains an evolved instrumental. Intro has a short Nipsey Hussle verse stemming from unreleased song ""I Just Wanna Know"". New Ty$ line in Ye's verse, which was also re-recorded. Beat switch samples ""Back That Azz Up"" - Juvenile.",4:01,,"Feb 8, 2024",Full,High Quality,https://pillows.su/f/7e92d73696638a5cb14b895974980be6
VULTURES 1,"DO IT [V11]
(feat. YG & Nipsey Hussle) (prod. Kanye West, Mustard, Wheezy, Chrishan, CuBeatz, LukasBL, DTP, The Legendary Traxster & JPEGMAFIA)","OG Filename: yetydollasignfeatyg-doit
Same as release, but clean (clean version was never released).",3:44,,"Sep 3, 2024",OG File,Lossless,https://pillows.su/f/ca6a1c8e7a23a323c47f6cfbad696e5d
VULTURES 1,"DO IT [V12-V17]
(feat. YG & Nipsey Hussle) (prod. Kanye West, Mustard, Wheezy, Chrishan, CuBeatz, LukasBL, DTP, The Legendary Traxster & JPEGMAFIA)","Earlier versions proven by a filename including ""M7"". Most likely that they have some small mixing changes.",,,,Confirmed,Not Available,
VULTURES 1,"DO IT [V18]
(feat. YG & Nipsey Hussle) (prod. Kanye West, Mustard, Wheezy, Chrishan, CuBeatz, LukasBL, DTP, The Legendary Traxster & JPEGMAFIA)","OG Filename: Do It M7 24 bit
Alternative mix, leaked after a groupbuy.",3:45,,"Oct 17, 2024",OG File,Lossless,https://pillows.su/f/823886c12d74474fea99abe79beed43d
VULTURES 1,"DO IT [V19]
(feat. YG & Nipsey Hussle) (prod. Kanye West, Mustard, Wheezy, Chrishan, CuBeatz, LukasBL, DTP, The Legendary Traxster & JPEGMAFIA)","OG Filename: DO IT CLEAN M8 FLAT MT001-TUCCI MASTER-24BIT-48kHz
Post-release clean mix, leaked after a groupbuy. Has worse mixing compared to the previous version.",3:45,,"Oct 17, 2024",OG File,Lossless,https://pillows.su/f/d0f4def12f410cc790be7d7e836087a9
VULTURES 1,"DO IT (Remix)
(feat. YG, Nipsey Hussle & ???) (prod. Kanye West, Mustard, Wheezy, Chrishan, CuBeatz, DJ Camper, LukasBL, DTP, The Legendary Traxster, Aver Ray & JPEGMAFIA)","According to Pop, a remix exists. It's likely Tyga is on this, but this is not confirmed. Was meant to be dropped in a pack like how VULTURES PACK and CARNIVAL PACK did.",,,,Rumored,Not Available,N/A
VULTURES 1,"FUCK SUMN [V17]
(ref. Quavo) (feat. Playboi Carti) (prod. AyoAA, BBYKOBE, Che Pope, Chrishan, Digital Nas, Hubi, JPEGMAFIA, Shaun Enzo, SHDØW & Timbaland)
(Smoking On Junt, FUK SUMN, FUKK SUMN, FUK SUM)","Earlier version with Shaun Enzo production, proven by the V2 in the avaliable filename. Differences are unknown.",,,,Confirmed,Not Available,
VULTURES 1,"FUCK SUMN [V18]
(ref. Quavo) (feat. Playboi Carti) (prod. AyoAA, BBYKOBE, Che Pope, Chrishan, Digital Nas, Hubi, JPEGMAFIA, Shaun Enzo, SHDØW & Timbaland)
(Smoking On Junt, FUK SUMN, FUKK SUMN, FUK SUM)","OG Filename: FUCK SUMN V2 - Prod.ShaunEnzo...
Second version with production from Shaun Enzo and AyoAA. Unknown exactly when it was made. Posted on Instagram by Shaun Enzo himself. Longer snippet played on AyoAA's stream November 18th, 2025.",,,"Nov 18, 2025",Partial,Recording,"https://pillows.su/f/a0dffea7881a979ebc9108bee2ab9089
https://pillows.su/f/b2c269888ec7af1df69d5e59bacd0d3a"
VULTURES 1,"FUK SUMN [V19]
(ref. Quavo) (feat. Playboi Carti) (prod. AyoAA, BBYKOBE, Che Pope, Chrishan, Digital Nas, Hubi, JPEGMAFIA, SHDØW, The Legendary Traxster & Timbaland)
(Smoking On Junt, FUKK SUMN, FUCK SUM)",Version with the updated beat and Quavo's reference verse.,,,"Dec 15, 2023",Snippet,Recording,https://pillows.su/f/80f9020b8af8dd628b34a6ba9c0d67fc
VULTURES 1,"FUKK SUM [V20]
(prod. AyoAA, BBYKOBE, Che Pope, Chrishan, Digital Nas, Hubi, JPEGMAFIA, SHDØW, The Legendary Traxster & Timbaland)
(Smoking On Junt, FUK SUMN, FUCK SUM)","OG Filename: fukk sum _12.21
Filename shown on YesJulz's Snapchat story. Any differences to other versions are unknown.",2:58,,"Dec 21, 2023",Confirmed,Not Available,https://imgur.com/a/oTEYapA
VULTURES 1,"FUK SUMN [V21]
(prod. AyoAA, BBYKOBE, Che Pope, Chrishan, Digital Nas, Hubi, KAYTRANADA, JPEGMAFIA, SHDØW, The Legendary Traxster & Timbaland)
(Smoking On Junt, FUKK SUMN, FUCK SUM)",Version seen on a whiteboard with a to-do list for producers. Has added drums from KAYTRANADA.,,,,Confirmed,Not Available,https://pillows.su/f/95ea6ead26aeefe403fd4bec50fa8fb0
VULTURES 1,"FUK SUMN [V22]
(ref. Quavo) (feat. Playboi Carti) (prod. AyoAA, BBYKOBE, Che Pope, Chrishan, Digital Nas, Hubi, JPEGMAFIA, SHDØW, The Legendary Traxster & Timbaland)
(Smoking On Junt, FUKK SUMN, FUCK SUM)","Version with Quavo's reference verse added back with the new JPEGMAFIA production. Possibly made before the music video shoot. Snippet was posted on JPEGMAFIA's story February 23rd, 2024, and previewed at Pitchfork Music Festival March 7th, 2024. Has no Ye vocals.",,,"Mar 7, 2024",Partial,Recording,https://pillows.su/f/d44dd3eddeb56001c3d75d3249a6519b
VULTURES 1,"FUK SUMN [V23]
(ref. Travis Scott) (prod. AyoAA, BBYKOBE, Che Pope, Chrishan, Digital Nas, Hubi, JPEGMAFIA, SHDØW, The Legendary Traxster & Timbaland)
(Smoking On Junt, FUKK SUMN, FUCK SUM)","Travis Scott reference track for the Ye verse on ""FUK SUMN"", which can be heard in the background on the pitched up section of the song. VC record snippet of the actual version of the song leaked October 14th, 2024.",,,"Oct 14, 2024",Snippet,Low Quality,"https://pillows.su/f/c693136bd7e20e80a927d2a7fdb9f402
https://pillows.su/f/a6f0290d4feafc99bfcdd94b70024551"
VULTURES 1,"FUK SUMN [V25]
(ref. Travis Scott) (prod. Digital Nas, Timbaland, SHDØW, Hubi & JPEGMAFIA)
(Smoking On Junt, FUKK SUMN, FUCK SUM)","Travis Scott did a reference track for the Ye verse on ""Fuk Sumn"" which can be heard in the background on the pitched up section of the song. Snippet of the actual version of the song leaked October 14th, 2024.",,,"Oct 14, 2024",Snippet,Low Quality,"https://pillows.su/f/c693136bd7e20e80a927d2a7fdb9f402
https://pillows.su/f/a6f0290d4feafc99bfcdd94b70024551"
VULTURES 1,"FUK SUMN [V26]
(feat. Playboi Carti) (prod. Digital Nas, Timbaland, SHDØW, Hubi & JPEGMAFIA)
(Smoking On Junt, FUKK SUMN, FUCK SUM)",An updated version without the Quavo vocals and a beatswitch ending done by Ye. The unreleased music video was recorded over this version.,,,"Jan 14, 2024",Partial,Recording,"https://pillows.su/f/b83f938b9fd365aa937deedb406276c2
https://pillows.su/f/bad81214f2aabb2ce3cfe3bc98404d13
https://pillows.su/f/c4904651021f5aac5c270009485cc22f"
VULTURES 1,"FUK SUMN [V27]
(feat. Playboi Carti & Travis Scott) (prod. Digital Nas, Timbaland, SHDØW, Hubi, Chrishan & JPEGMAFIA)
(Smoking On Junt, FUKK SUMN, FUCK SUM)",Version previewed by Ty at Club Poppy featuring alternate JPEGMAFIA production.,,,"Feb 3, 2024",Snippet,Low Quality,LINK NEEDED
VULTURES 1,"FUK SUMN [V28]
(feat. Playboi Carti & Travis Scott) (prod. Digital Nas, Timbaland, SHDØW, Hubi, Chrishan & JPEGMAFIA)
(Smoking On Junt, FUKK SUMN, FUCK SUM)","Version played at the Chicago listening party. Has alternate production, with most of the main melody removed. Contains a beatswitch with pitched up Ye vocals and a new Travis feature.",3:27,,"Feb 8, 2024",Full,High Quality,https://pillows.su/f/98e3594c6e15fa0df56e98b6e5d74b8e
VULTURES 1,"FUK SUMN [V29-V38]
(feat. Playboi Carti & Travis Scott) (prod. Digital Nas, Timbaland, SHDØW, Hubi, Chrishan & JPEGMAFIA)
(Smoking On Junt, FUKK SUMN, FUCK SUM)","Earlier versions proven by a filename including ""M11"". Most likely that they have some small mixing changes.",,,,Confirmed,Not Available,
VULTURES 1,"FUK SUMN [V39]
(feat. Playboi Carti & Travis Scott) (prod. Digital Nas, Timbaland, SHDØW, Hubi, Chrishan & JPEGMAFIA)","OG Filename: Fuk Sumn M11
Alternate post-release mix, leaked after a groupbuy.",3:29,,"Oct 17, 2024",OG File,Lossless,https://pillows.su/f/6f163d8f301b8b668121c2426458d951
VULTURES 1,"FUK SUMN [V40]
(feat. Playboi Carti & Travis Scott) (prod. Digital Nas, Timbaland, SHDØW, Hubi, Chrishan & JPEGMAFIA)
(Smoking On Junt, FUKK SUMN, FUCK SUM)","According to Luit, a March version that is not the remix version exists, with new vocals.",,,,Rumored,Not Available,N/A
VULTURES 1,"FUK SUMN (Remix) [V1]
(feat. Playboi Carti, Travis Scott & Quavo) (prod. Digital Nas, Timbaland, SHDØW, Hubi & JPEGMAFIA)
(FUKK SUM (Remix))","Played at the Footprint center listening event and Rolling Loud. Has alternate production, and the Quavo verse added onto the outro of the song. According to Pop this is a remix that was meant to be dropped in a pack like how VULTURES PACK and CARNIVAL PACK did. According to JoyBoy, they still had intentions to drop the remix, but it's unknown if those plans are still going to happen, due to the canceling of the YZYApp and general shifts in Ye's lifestyle. Partially played by JPEGMAFIA on his Outbreak set on June 28th, 2024.",4:05,,"Sep 2, 2024",Partial,High Quality,"https://pillows.su/f/b4cd9c9e873ebdc443bbd27fb4d0f188
https://pillows.su/f/9d9ce30dcda550ddf6e9662cdaf8903a
https://pillows.su/f/e9e7700ea1d7d1638c422c88384ec045"
VULTURES 1,"KING [V9]
(prod. Wheezy, Lester Nowhere & JPEGMAFIA)
(STILL THE KING)",Version said to exist with finished Ye vocals and no Ty Dolla $ign.,,,,Rumored,Not Available,N/A
VULTURES 1,"KING [V12]
(prod. Wheezy, Lester Nowhere & JPEGMAFIA)
(STILL THE KING)",Version said to exist with finished Ye vocals and no Ty Dolla $ign.,,,,Rumored,Not Available,N/A
VULTURES 1,"KING [V13-V?]
(prod. Kanye West, Lester Nowhere, Wheezy, Dez Wright, 88-Keys & JPEGMAFIA)
(STILL THE KING)",Alt production versions with finished Ye and Ty Dolla $ign vocals are said to exist.,,,,Rumored,Not Available,N/A
VULTURES 1,"KING [V14]
(prod. Kanye West, Lester Nowhere, Wheezy, Dez Wright, 88-Keys & JPEGMAFIA)
(STILL THE KING)","Played at the Chicago listening party. Fully finished song about Ye overcoming his controversies. Stream was cut short due to non-sporting curfew rules in Chicago, so we don't have a full HQ rip, but there is a full recording linked alongside the partial version.",,,"Feb 8, 2024",Partial,High Quality,"https://pillows.su/f/6bf7737d4ea8fb06ba2f55e4c6507384
https://pillows.su/f/a16b26a93f261c28c0edffdacacc520d"
VULTURES 1,"KING [V15-V16]
(prod. Kanye West, Lester Nowhere, Wheezy, Dez Wright, 88-Keys & JPEGMAFIA)
(STILL THE KING)","Earlier versions proven by a filename including ""M3"". Most likely that they have some small mixing changes.",,,,Confirmed,Not Available,
VULTURES 1,"KING [V17]
(prod. Kanye West, Lester Nowhere, Wheezy, Dez Wright, 88-Keys & JPEGMAFIA)
(STILL THE KING)","OG Filename: KING M3 Flatten  MT001-TUCCI MASTER-24BIT-48kHz
Post-release mix, leaked after a groupbuy. Has better mixing.",2:36,,"Oct 17, 2024",OG File,Lossless,https://pillows.su/f/681c13e71dfa4e0e13dfdd94e342b91e
VULTURES 1,"KING [V18]
(prod. Kanye West, Lester Nowhere, Wheezy, Dez Wright, 88-Keys & JPEGMAFIA)
(STILL THE KING)","OG Filename: KING M3 Flatten NO OZZY MT001-TUCCI MASTER-24BIT-48kHz
Post-release mix, leaked after a groupbuy. Similar to above, but has the Ozzy sample removed and has some slight difference with vocal volume/delay compared to the above version.",2:36,,"Oct 17, 2024",OG File,Lossless,https://pillows.su/f/113a40d75e6e9d41ab1a3e0a72de6757
VULTURES 1,"KING [V19]
(prod. Kanye West, Lester Nowhere, Wheezy, Dez Wright, 88-Keys & JPEGMAFIA)
(STILL THE KING)","Earlier version proven by a filename including ""M5"". Most likely that it has some small mixing changes.",,,,Confirmed,Not Available,
VULTURES 1,"KING [V20]
(prod. Kanye West, Lester Nowhere, Wheezy, Dez Wright, 88-Keys & JPEGMAFIA)
(STILL THE KING)","OG Filename: King M5 SAMPLE REPLAY
Post-release mix, leaked after a groupbuy. Has better mixing.",2:37,,"Oct 17, 2024",OG File,Lossless,https://pillows.su/f/aa32c8bab2081f7ac696ec44e12cda79
VULTURES 1,"PAID [V16]
(feat. K-Ci) (prod. Kanye West, Stryv, Wax Motif, Chrishan, KAYTRANADA, The Legendary Traxster, Anthony Kilhoffer & JPEGMAFIA)",Version played by JPEGMAFIA at the Pitchfork Music Festival in Mexico. Has alternate production.,3:26,,"Mar 7, 2024",Full,Recording,https://pillows.su/f/73dd437b5907e3bb31e7238cf3a5cec6
VULTURES 1,"STARS [V18]
(prod. FNZ, Ojivolta & JPEGMAFIA)
(Up In The Stars)",Version played at the Chicago listening party.,1:53,,"Feb 8, 2024",Full,High Quality,https://pillows.su/f/a439996710fa5d51aecbd56d62bbbbf1
VULTURES 1,"STARS [V19]
(feat. The Hooligans) (prod. Kanye West, FNZ, SHDØW, Digital Nas, JPEGMAFIA, DJ Camper, The Legendary Traxster & Ojivolta)","OG Filename: Stars
Alternate mix. Leaked after a groupbuy.",1:55,,"Oct 17, 2024",OG File,Lossless,https://pillows.su/f/224a90907fe46ee67263b6853b658ebd
"3 OG File(s)
1 Full
0 Tagged
3 Partial
0 Snippet(s)
6 Unavailable","VULTURES 2
(Collaboration with Ty Dolla $ign as ¥$)","(February 9th, 2024) (Ye & Ty Dolla $ign release VULTURES 1)
(August 1st, 2024) (JPEGMAFIA releases I LAY DOWN MY LIFE FOR YOU)
(August 3rd, 2024) (Ye & Ty Dolla $ign release VULTURES 2)
(November 10th, 2024) (VULTURES 2 receives its last update)",,,,,,
VULTURES 2,"BELIEVER [V8]
(ref. FRE$H) (prod. Adam Vadel, JPEGMAFIA & BoogzDaBeast)","According to the filename below, an earlier version with Fre$h ref vocal exists.",,,,Confirmed,Not Available,
VULTURES 2,"BELIEVER [V9]
(ref. FRE$H) (prod. Adam Vadel, BoogzDaBeast & JPEGMAFIA)","OG Filename: Believer Fre$h_02
FRE$H reference track. Shares the same instrumental as the LA listening party version.",3:09,,"Oct 21, 2024",OG File,CD Quality,https://pillows.su/f/1893a43ef9d9ccb2073c9b07ccb99bb5
VULTURES 2,"BELIEVER [V10]
(prod. Adam Vadel, BoogzDaBeast, & JPEGMAFIA)","Song played during the private LA listening party for VULTURES 2 on March 9th, 2024. Features solo Ty Dolla $ign vocals and an intro sampling a Charleston White interview. Has added JPEGMAFIA drums and Boogz chops onto Adam's loop. Very similar to what was released on the digital deluxe.",1:26,,"Mar 9, 2024",Full,Recording,https://pillows.su/f/468be0d6758954f8b8b66c51dd09d362
VULTURES 2,"BELIEVER [V13]
(ref. Quentin Miller) (prod. Adam Vadel & JPEGMAFIA)","OG Filename: believer qm v1
Reference track done by Quentin Miller. Original snippet leaked October 19th, 2024. Shares the same instrumental as the LA listening party version without the Boogz chops.",1:27,,"Oct 21, 2024",OG File,CD Quality,https://pillows.su/f/5ea287d2620dac2077ba9079fad1b8f8
VULTURES 2,"BELIEVER [V16]
(feat. Young Moose) (prod. Adam Vadel, JPEGMAFIA & BoogzDaBeast)","Version with Young Moose vocals exists, but was privately sold by Luit.",,,,Confirmed,Not Available,
VULTURES 2,"FUK SUMN (Remix) [V2]
(feat. Playboi Carti & Juicy J) (prod. AyoAA, BBYKOBE, Chrishan, Digital Nas, Hubi, JPEGMAFIA, SHDØW & Timbaland)
(FUKK SUM (Remix))","Version of ""FUK SUMN (Remix)"" with the Juicy J verse. Unknown what other features are on it besides him and Carti. Played by Ty on stream December 5th, 2025.",,,"Dec 5, 2025",Partial,Recording,
VULTURES 2,"FUKK SUM (Remix) [V3-V6]
(feat. Playboi Carti, Travis Scott, Quavo & Ant Clemons) (prod. Digital Nas, Timbaland, SHDØW, Hubi & JPEGMAFIA)
(FUK SUMN (Remix))","Earlier versions proven by a filename including ""REF 5"". Most likely that they have some small mixing changes.",,,,Confirmed,Not Available,
VULTURES 2,"✨ FUKK SUM (Remix) [V7]
(feat. Playboi Carti, Travis Scott, Quavo & Ant Clemons) (prod. Digital Nas, Timbaland, SHDØW, Hubi & JPEGMAFIA)
(FUK SUMN (Remix))","OG Filename: FUKK SUM 3.18.24 ME- F REF 5 ANT
Later version of the remix with added production and a new feature from Ant Clemons, replacing a portion of Ye's pitched-up vocals. Meant for release on VULTURES 2.",3:51,,"Nov 21, 2024",OG File,CD Quality,https://pillows.su/f/c5c95c268b6a75ed41e1881980b4b9e6
VULTURES 2,"RIVER [V51]
(feat. Young Thug) (prod. AyoAA, Chrishan, Digital Nas, Gren808 & JPEGMAFIA)","Version with the entire first part of the song having alternate production from JPEGMAFIA. Was played at a San Francisco show on August 20th, 2024.",,,,Confirmed,Not Available,
VULTURES 2,"??? [V2]
(feat. ???) (prod. JPEGMAFIA)
(GONE, UNTIL WE'RE GONE, STARLIGHT)","Song played during the private LA listening party for VULTURES 2 on March 9th, 2024. Features Ty$ vocals and a prominent sample of ""Bonafide Love"" by Buju Banton and Wayne Wonder. Has no Ye vocals.",,,"Mar 9, 2024",Partial,Recording,https://pillows.su/f/2467fe0e063264a166b9243b56a3d5ed
VULTURES 2,"??? [V3]
(feat. ???) (prod. JPEGMAFIA)
(GONE, UNTIL WE'RE GONE, STARLIGHT)","Version with alternate lyrics, played on Ty's stream on October 4th, 2025.",,,"Oct 4, 2025",Partial,Recording,https://pillows.su/f/a9917666d53018c221d0b5a41e2ac23e
VULTURES 2,Unknown [Kanye West Collaborations],"On January 19th, JPEGMAFIA posted a photo of him and Kanye captioned ""VULTURES"". After the release of Volume 1, JPEGMAFIA confirmed that he produced multiple tracks on the album. On 2/20/24, via his Twitter location, which had an Arabic translation of the words ""VULTURES 2"". He later confirmed via several photos that he was in Italy with Ye. He has also stated that he has made ""too much"" work on ""VULTURES 2"".",,,,Confirmed,Not Available,
VULTURES 2,Unknown [Lil Tecca Collaborations],"JPEGMAFIA and Lil Tecca have been seen in the same studio together in Twitter and Instagram posts posted on 04/05/2024. Its also possible that ¥$ were also involved due to the Twitter caption reading ""with the vultures"".",,,,Confirmed,Not Available,
"0 OG File(s)
0 Full
0 Tagged
0 Partial
4 Snippet(s)
6 Unavailable",I LAY DOWN MY LIFE FOR YOU,"(March 24th, 2023) (JPEGMAFIA releases SCARING THE HOES)
(August 1st, 2024) (JPEGMAFIA releases I LAY DOWN MY LIFE FOR YOU)
(Feburary 3rd, 2025) (JPEGMAFIA releases I LAY DOWN MY LIFE FOR YOU DIRECTOR'S CUT)",,,,,,
I LAY DOWN MY LIFE FOR YOU,"ACT 30 (ALLAH) 2 [V1]
(ALLAH)","Likely the original version of ""ALLAH"" seen in an instagram story, 4:19 in length. Likely just the beat.",4:19,,,Snippet,Recording,"https://imgur.com/a/fQwlICq
https://youtu.be/qNKEVnoG35Q"
I LAY DOWN MY LIFE FOR YOU,Boy Should Know! [V1],Shown in the same video as ALLAH [V1] at 0:36,,,,Snippet,Recording,https://youtu.be/qNKEVnoG35Q
I LAY DOWN MY LIFE FOR YOU,don't rely on other men [V1],"Original version of the instrumental with a ""You Think You Know Me"" tag and a few beat differences. Played live during his Mexico performance on 2024-03-06.",,,"Mar 6, 2024",Snippet,Recording,https://youtu.be/HtVCr8oHhGI?t=1662
I LAY DOWN MY LIFE FOR YOU,"ill be right there f3reason [V1]
(I'll Be Right There)","Original version of ""I'll Be Right There"" that was seen in an Instagram story screenshot, differences unknown.",,,,Confirmed,Not Available,
I LAY DOWN MY LIFE FOR YOU,SCENE 1 m [V1],Track seen in an Instagram story screenshot.,,,,Confirmed,Not Available,
I LAY DOWN MY LIFE FOR YOU,TAKE AN [V1],"Instrumental previewed on Peggy's instagram story on June 29th, 2024, might be the exact same as the version that released on the Director's Cut of I LAY DOWN MY LIFE FOR YOU. Samples the ""Think"" break.",,,"Jun 29, 2024",Snippet,Recording,https://pillows.su/f/2b3b85ee4aa63bb3e5efedfaf44e37ff
I LAY DOWN MY LIFE FOR YOU,VOL. 23 rec 5555 [V1],Track seen in an Instagram story screenshot.,,,,Confirmed,Not Available,
I LAY DOWN MY LIFE FOR YOU,Unknown [MARC REBILLET Collaborations],"On April 7th 2024, Peggy & Marc posted pictures of them in the studio together, it's unknown what they made during this time",,,,Confirmed,Not Available,
I LAY DOWN MY LIFE FOR YOU,"Unknown [Quadeca & Kevin Abstract Collaborations]
(NOLA)","JPEGMAFIA posted some pictures of him, Quadeca & Kevin Abstract together, this was most likely for NOLA, but its possible there was further music made",,,,Confirmed,Not Available,
I LAY DOWN MY LIFE FOR YOU,"Unknown [Denzel Curry Collaborations]
(AAR, ALL AMERICAN ROCKSTAR)",Both were seen in studio photos together in pictures posted on June 1st 2024.,,,,Confirmed,Not Available,
"0 OG File(s)
0 Full
0 Tagged
0 Partial
0 Snippet(s)
0 Unavailable","We Live In A Society
(Collaboration with Flume)","(Feburary 3rd, 2025) (JPEGMAFIA releases I LAY DOWN MY LIFE FOR YOU DIRECTOR'S CUT)
(May 2nd, 2025) (JPEGMAFIA releases We Live In A Society)",,,,,,
We Live In A Society,Valentines Day Freestyle '25 [V1],On YouTube there is an unmastered version of VDF25 that was not uploaded to DSPs.,6:36,,"Apr 24, 2025",Full,CD Quality,
"0 OG File(s)
0 Full
0 Tagged
0 Partial
0 Snippet(s)
3 Unavailable",EXPERIMENTAL RAP,"(August 1st, 2024) (JPEGMAFIA releases I LAY DOWN MY LIFE FOR YOU)
(Feburary 3rd, 2025) (JPEGMAFIA releases I LAY DOWN MY LIFE FOR YOU DIRECTOR'S CUT)
(May 20th, 2026) (JPEGMAFIA releases EXPERIMENTAL RAP)",,,,,,
EXPERIMENTAL RAP,"gang violence [V1]
(The 1st Amendment)","OG Filename: gang violence demo 1
Posted to JPEGMAFIA's Twitter the day/day after Charlie Kirk got kirked in his neck, after ER dropped someone asked about T1A and Peggy said he made the song right after Kirk got shot, confirmed T1A is a more developed version of gang violence demo, it's unknown how much was changed between the versions, it is yet to surface.",,,,Confirmed,Not Available,
EXPERIMENTAL RAP,"Unknown [Danny Brown Collaborations]
(SCARING THE HOES VOL. 2)","Both likely working on SCARING THE HOES Vol. 2 according to a ""cryptic"" message in an Instagram post from April 27th, 2025. On the same date Danny tweeted that they ""literally just started talking about working on it yesterday""",,,,Confirmed,Not Available,
EXPERIMENTAL RAP,"Unknown [Denzel Curry Collaborations]
(AAR, ALL AMERICAN ROCKSTAR)","Both JPEGMAFIA and Denzel Curry were seen together recently and both started hinting at a collab album or collabarative songs to come soon. AAR is a supposed name for this project, teased by Peggy in an in car interview with debbiesthuglife. A few weeks after this, Peggy would make a post on Instagram which had photos of him and Denzel with the caption ""the next album must sound like war over land or else”. Denzel left a comment under the post, saying “AAR”, leaving some to speculate that could an abbreviation of the title of the project.",,,,Confirmed,Not Available,
"0 OG File(s)
0 Full
0 Tagged
1 Partial
0 Snippet(s)
4 Unavailable","Ongoing
(SCARING THE HOES VOL.2, ALL AMERICAN ROCKSTAR*, in the mafia we trust, W.F.E*)","(May 20th, 2026) (JPEGMAFIA releases EXPERIMENTAL RAP)
(August, 2026) (JPEGMAFIA is rumoured to be working on a new album)
(August 17th, 2026) (Peggy says his October 16th show is ""gonna be special"")",,,,,,
Ongoing,NDA,"OG Filename: 1. NDA
Shown off on JPEGMAFIA's instagram, labeled as track 1, is probably going to be on JP7 (a.k.a. W.F.E)",2:25,,"Sep 3, 2026",Confirmed,Not Available,
Ongoing,HAZARD DUTY PAY! [Live],"Shown off on JPEGMAFIA's instagram, has live cover of HAZARD DUTY PAY with live drums and guitar",0:41,,"Sep 1, 2026",Partial,Recording,https://pillows.su/f/94fa630a30c181567d70e1e22456a9c1
Ongoing,"matt proxy - MEANT2B
(feat. JPEGMAFIA)","OG Filename: meant2b peggy verse
When Maxo Cream initially teased MEANT2B, it was going to have a feature from JPEGMAFIA, but it was cut out by the time of release, instead it's replaced with Peggy shouting out Matt Proxy instead.",,,,Confirmed,Not Available,https://images.genius.com/6cc60bfb0c0fa4e1b25b3acfadad89b6.238x325x1.png
Ongoing,"Unknown [89MAFIACULT Collaborations]
(in the mafia we trust)","Peggy has teased the possibility of a collab label/group album or mixtape with 89MAFIACULT, artists or rappers on this album would be DATPIFFMAFIA, FREAKYMAFIACULT, DADDYMAFIA, ETHERNETMAFIA & TRENCHCOATMAFIA, as well as the potential to have other unknown artists too.",,,,Confirmed,Not Available,
Ongoing,Unknown [Charles Hamilton Collaborations],"In September of 2026, Charles Hamilton and JPEGMAFIA were exchanging messages with eachother, with JPEGMAFIA showing his respect to Charles, then they posted pictures of them together, with Charles captioning his post with ""Only the beginning"" indicating they could be making music together, then a few days later, Charles confirmed in a blogpost and some instagram comments that him and JPEGMAFIA have made new material after linking up.",,,,Confirmed,Not Available,
