Era,Name,Notes,Track Length,File Date,Leak Date,Available Length,Quality,Link(s)
"2 OG Files
9 Full
0 Tagged
0 Partial
0 Snippet(s)
2 Unavailable",Early Career,"(August 22, 1995) Dua Lipa is born.
(2014) Dua signs with Warner Bros. Records.",,,,,,
Early Career,All Of Me,"Cover of John Legend. Posted on Dua's Soundcloud page on January 30th, 2014.",4:33,,"Jan 30, 2014",Full,CD Quality,"https://pillows.su/f/baa98c175ea2c983e71faa5a0a00e4ae
https://imgur.gg/f/nffAsSs"
Early Career,Cocoa Butter Kisses,"Cover of Chance The Rapper. Posted on Dua's Soundcloud page on October 14th, 2013.",3:52,,"Oct 14, 2013",Full,CD Quality,"https://pillows.su/f/6fae5cf00080d7523fb13c86bd5b56a7
https://imgur.gg/f/XmZpFFR"
Early Career,Good Times (Jamie XX Rework),"Cover/rework of Jamie XX's 2015 song 'I Know There's Gonna Be (Good Times)'. Posted on Dua's YouTube channel on July 23rd, 2015.",3:11,,"Jul 23, 2015",Full,CD Quality,"https://pillows.su/f/7449da7941cba380fbbdaf37259a93d9
https://imgur.gg/f/itB8zlp"
Early Career,Hard Liquor,"Recorded in March 16th, 2013.",2:03,,"Mar 24, 2021",OG File,High Quality,"https://pillows.su/f/bfe7d00eb5456b4592e223ccd4e30ab9
https://imgur.gg/f/cQSg8UN"
Early Career,Here,"Cover of Alessia Cara. Posted on Dua's YouTube channel on June 27th, 2015.",3:26,,"Jun 17, 2015",Full,CD Quality,"https://pillows.su/f/6c9996cfb443c28c122f70d166b04892
https://imgur.gg/f/oWRWChd"
Early Career,🗑️ I Blame Money,Recorded in 2013. Concept demo. Credits are unknown with regards to this track.,2:29,,"Jul 25, 2025",OG File,CD Quality,"https://pillows.su/f/8b66f727c266a17ec0914d8482adbf9b
https://imgur.gg/f/FqurYrs"
Early Career,"Lions & Tigers & Bears [V1]
(prod. Ryan Louder)","Early demo version posted on Dua's Soundcloud page on February 22nd, 2012. Captioned as 'My first demo'. Recorded in 2012.",1:35,,"Feb 22, 2012",Full,High Quality,"https://pillows.su/f/d35751184bebd93f7299e1d5e4b83c79
https://imgur.gg/f/Wl8QAV0"
Early Career,"Lions & Tigers & Bears [V2]
(prod. Ryan Louder)",Reworked version independently by Ryan Louder in 2017 and posted on his YouTube channel.,3:37,,"Oct 27, 2019",Full,High Quality,"https://pillows.su/f/3399bb33986b5a1d4adfc8033177c89b
https://imgur.gg/f/XpyKOKM"
Early Career,"Lost In Music
(prod. Jake Gosling)",Cover of Sister Sledge. Recorded for The X Factor UK's 2013 promo spot. Also previewed in behind the scenes of the spot.,0:52,,"Aug 9, 2013",Full,Low Quality,"https://pillows.su/f/08b23885f918ce8ab35b078d8841d9b5
https://imgur.gg/f/D7sQYIF"
Early Career,"Smoke, Drink, Break Up","Cover of Mila J. Posted on Dua's Soundcloud page on June 20th, 2014.",3:05,,"Jun 20, 2014",Full,CD Quality,"https://pillows.su/f/e8029504d0d48bf2d108d90cf624d1e7
https://imgur.gg/f/NZa8Q1r"
Early Career,Stay,"Cover of Rihanna. Posted on Dua's Soundcloud page on May 28th, 2013.",4:02,,"May 28, 2013",Full,CD Quality,"https://pillows.su/f/12fa20226652f5099f31791ee37c2b21
https://imgur.gg/f/YCw2Zhz"
Early Career,Super Duper Love,"Cover of Joss Stone. One of the many covers Dua used to upload to Youtube before she became famous. Mentioned in the 2016 documentary 'See in Blue', that’s the only evidence we have, since it’s nowhere to be found and it has not leaked.",,,,Confirmed,Not Available,"N/A
N/A"
Early Career,"When It Comes To Us [V1]
(prod. RITUAL)","The song was originally Dua Lipa's track, but it was later sold and given to FRANCES. RITUAL is featured on released version of the track. Recorded in 2013. Registered in ASCAP. There was a snippet that leaked in which was confirmed to be AI.",,,,Confirmed,Not Available,"N/A
N/A"
"278 OG Files
65 Full
0 Tagged
3 Partial
5 Snippet(s)
38 Unavailable",Dua Lipa,"(2014) Dua signs with Warner Bros. Records.
(October 18th, 2018) Dua Lipa (Complete Edition) is released.",,,,,,
Dua Lipa,Bad Together [V1],"OG Filename: BAD_TOGETHER_ROUGH
Demo 1. Less production.",3:57,,"Nov 7, 2024",OG File,CD Quality,"https://pillows.su/f/a2eb578f1f3c85e0e672358d7b6b7eee
https://imgur.gg/f/k4pXHPc"
Dua Lipa,Bad Together [V2],"OG Filename: Bad Together-61715 SERBIAN
Demo 2. Bounced on June 17th, 2015.",3:56,,"Nov 7, 2024",OG File,High Quality,"https://pillows.su/f/7e7027011fb63b5067e5f3b8d6e15fba
https://imgur.gg/f/fd2ujtm"
Dua Lipa,Bad Together [V3],"OG Filename: Bad Together-JULY 2015
Demo 3. Bounced in July 2015.",3:56,,"Nov 7, 2024",OG File,Lossless,"https://pillows.su/f/f693e769c3cf3e14309b787262dfe40f
https://imgur.gg/f/bgz4IMP"
Dua Lipa,Bad Together [V?],Demo version leaked before official release. Different mix or possible downscaled file from V2 or V3.,3:56,,"Jan 7, 2017",Full,CD Quality,"https://pillows.su/f/0ff3e2cb11283d7d62263a00332aeba0
https://imgur.gg/f/3WoVctj"
Dua Lipa,Bad Together [V?],"OG Filename: Dua jfr 4
Demo version. Different mix or possible downscaled file.",4:00,,"Nov 7, 2024",Full,CD Quality,"https://pillows.su/f/72ac8756628e88d6b1a35aaa5e73e243
https://imgur.gg/f/KsbAefp"
Dua Lipa,Bang Bang [V1],"OG Filename: BangBangClassic Matty Ref2 LIM
Cover of 'Bang Bang (My Baby Shot Me Down)' by Cher. This is the classic version, a pop version was later released in the italian special edition of the album. A short sample was used in Patrizia Pepe's SS18 campaign in September 20, 2017, with no percussion.",2:34,,"Nov 7, 2024",OG File,CD Quality,"https://pillows.su/f/ee35954e6c190d51528666f707074a5c
https://imgur.gg/f/2l9IJ9F"
Dua Lipa,"Be The One [V1]
(ref. PAWWS)","OG Filename: Pawws - Be The One
Reference track/writer's demo by PAWWS.",3:33,,,OG File,CD Quality,"https://pillows.su/f/e62e766046614299718c3b311f88a629
https://imgur.gg/f/xZz96OR"
Dua Lipa,Be The One [V2],"OG Filename: be the one DUA NOT FINISHED
Unfinished demo.",1:52,,"Nov 7, 2024",OG File,CD Quality,"https://pillows.su/f/248f10334af3f403ce2a044579d4e634
https://imgur.gg/f/LemxSoe"
Dua Lipa,Be The One [V3],Demo 3. Possible fan edit.,3:24,,,Full,High Quality,"https://pillows.su/f/16cb339f220ddf5a87fb9b7368a72537
https://imgur.gg/f/gDowngZ"
Dua Lipa,Be The One [V4],"OG Filename: Be The One (DuaVox)
Demo 4.",3:26,,"Nov 7, 2024",OG File,CD Quality,"https://pillows.su/f/20debb9e4ed35b984bbf3f05e38a6bf1
https://imgur.gg/f/g1dauKB"
Dua Lipa,Be The One [V5],"OG Filename: Be The One_Dua-Lipa
Demo 5.",3:27,,"Jul 26, 2025",OG File,CD Quality,"https://pillows.su/f/b10593b9318c0bcc91aaca81363476ff
https://imgur.gg/f/pBqgRQ8"
Dua Lipa,"Begging [V1]
(ref. Cara Salimando)
(Begging Me)","OG Filename: BeggingMe_2C
Demo 1 of the reference track for ""Begging"" by Cara Salimando. Different production.",3:26,,"Nov 7, 2024",OG File,CD Quality,"https://pillows.su/f/fcfa9b6995f173a8f41c30738e380d83
https://imgur.gg/f/Hnzfudo"
Dua Lipa,"Begging [V2]
(ref. Cara Salimando)
(Begging Me)","OG Filename: Cara Salimando - Begging
Reference track/writer's demo by Cara Salimando. Has different lyrics in the second verse.",3:33,,,OG File,CD Quality,"https://pillows.su/f/3a3949562a3e89a41fe2894016187b5a
https://imgur.gg/f/avkmdcW"
Dua Lipa,"Begging [V3]
(Begging Me)","OG Filename: Begging Me WIP1
Demo 3.",313,,"Nov 7, 2024",OG File,CD Quality,"https://pillows.su/f/9cf908a62298934dc8a3a8274b810093
https://imgur.gg/f/QRMIG9H"
Dua Lipa,"Begging [V4]
(Begging Me)","OG Filename: BEGGING_koz
Demo 4. Version 3G.",3:17,,"Nov 7, 2024",OG File,High Quality,"https://pillows.su/f/fc29a2631be2f0e0943808a27485977f
https://imgur.gg/f/LJzvT39"
Dua Lipa,"Begging [V5]
(Begging Me)","OG Filename: BeggingMe_DL_4G_latestAug31st
Demo 5. Version 4G. Bounced in August 31.",3:13,,"Nov 7, 2024",OG File,CD Quality,"https://pillows.su/f/82b2f13c7b90846af159b20e385726ac
https://imgur.gg/f/1oeugyi"
Dua Lipa,"Blow Your Mind (Mwah) [V1]
(Mwah)","OG Filename: Mwah!
Demo 1. Original title is ""Mwah!"". Different lyrics.",3:03,,,OG File,CD Quality,"https://pillows.su/f/8e418cdf4d4b30495b8f3a9cfeed982c
https://imgur.gg/f/EeIAXJj"
Dua Lipa,"Blow Your Mind (Mwah) [V2]
(Mwah)",Demo 2. Concept demo.,2:37,,,Full,CD Quality,"https://pillows.su/f/25a0adb73a34ef048262b8126a8d956f
https://imgur.gg/f/KfwxKDq"
Dua Lipa,"Blow Your Mind (Mwah) [V3]
(Mwah)","OG Filename: mwah! - dua lipa - 01.04.16 ref clean
Demo 3. Original title is ""Mwah!"". Bounced in January 4, 2016.",3:05,,"Nov 7, 2024",OG File,CD Quality,"https://pillows.su/f/2f5b2a8b1f6e20716cb1a5447949acb6
https://imgur.gg/f/Jf7Wcds"
Dua Lipa,"Blow Your Mind (Mwah) [V4]
(Mwah)","OG Filename: mwah! - dua lipa - 01.04.16 ref dirty
Demo 4. Original title is ""Mwah!"". Bounced in January 4, 2016.",3:05,,"Nov 7, 2024",OG File,CD Quality,"https://pillows.su/f/cc8e7e573770617fbbdddb2fa4e2626b
https://imgur.gg/f/qdPt5uA"
Dua Lipa,"Blow Your Mind (Mwah) [V?]
(Mwah)","Demo version. Original title is ""Mwah!"". Different mix or possible downscaled file from V4.",3:05,,,Full,High Quality,"https://pillows.su/f/d9f93f95a535ac559d147848783c2329
https://imgur.gg/f/7g2L7tD"
Dua Lipa,"Blow Your Mind (Mwah)
[Radio Disney Version]","Clean version. Dua sings ""mess"" instead of ""f***"" , while in the released clean version the word is deleted.",2:58,,,Full,CD Quality,"https://pillows.su/f/f287001ee249290416e7ec250efb41a6
https://imgur.gg/f/OFNWJ34"
Dua Lipa,Dreams [V1],"OG Filename: dreams mix 1
Demo 1.",3:32,,"Nov 6, 2024",Full,CD Quality,"https://pillows.su/f/b2a930ef10f7f40c75ba7ec68292a6fb
https://imgur.gg/f/HhdVQ8J"
Dua Lipa,Dreams [V3],"OG Filename: Dreams - Tom Neville-Chelcee Grimes
Demo 2.",3:34,,"Nov 7, 2024",OG File,CD Quality,"https://pillows.su/f/a07ae3b08a10c5bae3b8327f43a133f8
https://imgur.gg/f/gvflPMn"
Dua Lipa,Dreams [V2],"OG Filename: dreams orig version mix 5
Demo 3.",3:48,,"Nov 7, 2024",OG File,CD Quality,"https://pillows.su/f/ffb27c86eb3c1cbec9c081da78b0fe8f
https://imgur.gg/f/Z4tWJIZ"
Dua Lipa,For Julian [V1],"OG Filename: for Julian-msAS_01-01
Demo 1.",2:30,,"Nov 7, 2024",OG File,High Quality,"https://pillows.su/f/26d53457feb0ae5aea5e3796dbeebaed
https://imgur.gg/f/fvCJl29"
Dua Lipa,For Julian [V2],"OG Filename: for julian-msAS_02-01
Demo 2.",4:02,,"Nov 7, 2024",OG File,High Quality,"https://pillows.su/f/09992ce440e88a7b92a4bbf4dfa83969
https://imgur.gg/f/QDbptiy"
Dua Lipa,For Julian [V3],"Demo originally posted as a recording on Dua's Facebook page on August 18, 2016 for her fans, and later posted in studio form on Dua's Soundcloud page on August 21st, 2016.",3:36,,"Aug 18, 2016",Full,High Quality,"https://pillows.su/f/7214cfb19e3bd598a0f2decb91476ca3
https://imgur.gg/f/hTGO8BB"
Dua Lipa,"Garden [V1]
(prod. Greg Wells)
(Garden of Eden)","OG Filename: Garden Of Eden - Greg Wells and Sean Douglas
Demo 1. Listed in Dua's Tap Box files.",3:55,,"Nov 7, 2024",OG File,High Quality,"https://pillows.su/f/00625813127ddf93409923712a802c61
https://imgur.gg/f/zb6rNJP"
Dua Lipa,"Garden [V2]
(prod. Greg Wells)
(Garden of Eden)","OG Filename: DUA-_GARDEN_OF_EDEN-KOZ_ref1
Demo 2. Added production by KOZ.",4:07,,"Nov 7, 2024",OG File,High Quality,"https://pillows.su/f/dda699365c1a7e1e654d1ebf29d5464c
https://imgur.gg/f/JiL42mg"
Dua Lipa,"Garden [V3]
(prod. Greg Wells)
(Garden of Eden)","OG Filename: GARDEN OF EDEN ref 2
Demo 3. More production added by KOZ.",3:57,,"Jul 26, 2025",OG File,High Quality,"https://pillows.su/f/1f83e001d72e1bc621076f369f8da6db
https://imgur.gg/f/zzvUFNC"
Dua Lipa,Genesis [V1],"OG Filename: Genesis_jmp008_01
Demo 1. Rough vocal take.",3:26,,"Nov 7, 2024",OG File,CD Quality,"https://pillows.su/f/e927d628de54dd8debcb383ce382da82
https://imgur.gg/f/3zo2vWO"
Dua Lipa,Genesis [V2],"OG Filename: Genesis_Demo
Demo 2.",3:25,,"May 24, 2017",OG File,CD Quality,"https://pillows.su/f/93307607875c8b94c2eb2c994c08ac08
https://imgur.gg/f/bVYVNGc"
Dua Lipa,Genesis [V3],"OG Filename: GENESIS (Axident v3)
Demo 3.",3:23,,"Nov 7, 2024",OG File,CD Quality,"https://pillows.su/f/2db21713723e6e48044248c72bce2a63
https://imgur.gg/f/vkzW84D"
Dua Lipa,Genesis [V4],"OG Filename: GENESIS (Axident v4)
Demo 4.",3:23,,"Nov 7, 2024",OG File,CD Quality,"https://pillows.su/f/fe5a7ff371b76d3fc8716b0b1713f9b6
https://imgur.gg/f/nXjwWLv"
Dua Lipa,"Hotter Than Hell [V?]
(Hot Like Hell)","OG Filename: Hotter Than Hell Demo 2 (4.12.14)
Bounced in April 12th, 2014 (or December 4, 2014?).",3:00,,"Nov 7, 2024",OG File,CD Quality,"https://pillows.su/f/d50a9558ab0814c7c70cb1848852f374
https://imgur.gg/f/UjSDypp"
Dua Lipa,"Hotter Than Hell [V?]
(Hot Like Hell)","OG Filename: Hotter Than Hell Demo 3 (8.12.14)
Demo version with different vocals and a slightly different instrumental. Bounced in August 12th, 2014.  OG file leaked on November 7th, 2024.",3:05,,"Dec 16, 2020",OG File,CD Quality,"https://pillows.su/f/bca3967780981fcc33850ec7cbf95e19
https://imgur.gg/f/wrUunUj"
Dua Lipa,"Hotter Than Hell [V?]
(prod. DayTrip)
(Hot Like Hell)","OG Filename: Hot Like Hell - Day Trip
Demo version from 2014, produced by DayTrip.",3:20,,"Nov 7, 2024",OG File,CD Quality,"https://pillows.su/f/1a96f4ced7d2e3d67ed6bc56608a2e8e
https://imgur.gg/f/Unp09eJ"
Dua Lipa,"Hotter Than Hell [V?]
(Hot Like Hell)","OG Filename: Hotter_Than_Hell_SG_Mix1
Demo version from 2014, produced by StarGate.",3:13,,"Nov 7, 2024",OG File,CD Quality,"https://pillows.su/f/a52d62f71eceb675c963b545187fc0e3
https://imgur.gg/f/wf2fko0"
Dua Lipa,"Hotter Than Hell [V?]
(Hot Like Hell)","OG Filename: hotterthanhelldemo
Demo version by unknown producer.",3:20,,"Nov 7, 2024",OG File,CD Quality,"https://pillows.su/f/2ec597a6c23634202748925d00dc967f
https://imgur.gg/f/TPbrgeZ"
Dua Lipa,"Hotter Than Hell [V?]
(Hot Like Hell)","OG Filename: Hot Like Hell_Prod_Scribz Riley
Demo version produced by Scribz Riley.",3:21,,"Nov 7, 2024",OG File,CD Quality,"https://pillows.su/f/57900abdabafc639b4f88ea56a63ab26
https://imgur.gg/f/SOhOi9v"
Dua Lipa,"Hotter Than Hell [V?]
(prod. RITUAL)
(Hot Like Hell)","OG Filename: HOT LIKE HELL v2 - Adam_Tom_Gez
OG Filename: DUA - HOT LIKE HELL - LADZ MIX - 1
Demo version produced by RITUAL (Adam Midgley, Tommy ""Tom"" Baxter & Gerard ""Gez"" O'Connell).",2:58,,"Nov 7, 2024",OG File,CD Quality,"https://pillows.su/f/7bc3df28468af16e6fd1975cc54e0ce6
https://imgur.gg/f/3oNXVtI"
Dua Lipa,"Hotter Than Hell [V?]
(prod. Darkchild)
(Hot Like Hell)","OG Filename: Hotter Than Hell - Darkchild Prod
OG Filename: Hotter Than Hell-10
Demo version from 2015, produced by Darkchild.",3:03,,"Nov 7, 2024",OG File,CD Quality,"https://pillows.su/f/d7f1c26731ed4f8ce446b50d918184ef
https://imgur.gg/f/L3gP9NM"
Dua Lipa,"Hotter Than Hell [V?]
(prod. Jon Levine)
(Hot Like Hell)","OG Filename: Hotter Than Hell - Jon Levine Ref 3
Demo version from 2015, produced by Jon Levine.",3:34,,"Nov 7, 2024",OG File,CD Quality,"https://pillows.su/f/f62f09d52096858f3f281930ce2e95ec
https://imgur.gg/f/QbNYheL"
Dua Lipa,"Hotter Than Hell [V?]
(prod. Jay Reynolds)
(Hot Like Hell)","OG Filename: HOT LIKE HELL - Jay Reynolds
Demo version produced by Jay Reynolds.",3:17,,"Nov 7, 2024",OG File,High Quality,"https://pillows.su/f/f592b063032c094d766439cfff3da634
https://imgur.gg/f/5YsEOUx"
Dua Lipa,"Hotter Than Hell [V?]
(prod. Tom Neville)
(Hot Like Hell)","OG Filename: hotter than hell Tom Neville mix
Demo version produced by Tom Neville.",3:01,,"Nov 7, 2024",OG File,CD Quality,"https://pillows.su/f/ebbf67072f8c598290bb21d8e2bbed71
https://imgur.gg/f/Zy93pia"
Dua Lipa,"Hotter Than Hell [V?]
(prod. KOZ)
(Hot Like Hell)","OG Filename: Hotter Than Hell-121015b
Final demo. Bounced in October 12th, 2015.",3:07,,"Nov 7, 2024",OG File,Lossless,"https://pillows.su/f/7d82daa9907760c85de9e24f38e410fd
https://imgur.gg/f/7e4QluO"
Dua Lipa,Homesick [V1],"OG Filename: Homesick Dua
Demo 1.",3:49,,"Nov 7, 2024",OG File,CD Quality,"https://pillows.su/f/59d13d6c59e48f229ed16f1e92ce6926
https://imgur.gg/f/Komewjo"
Dua Lipa,Homesick [V2],"OG Filename: Homesick - Swivel 6
Demo 2.",3:51,,"Nov 7, 2024",OG File,CD Quality,"https://pillows.su/f/aeae1fc643a9c9ffd381d15679194899
https://imgur.gg/f/IbUQxLq"
Dua Lipa,Homesick [V3],"OG Filename: HOMESICK WS new arr MonMix X 20170212N Chris Martin
Demo 3. Bounced on February 12th, 2017.",3:48,,"Nov 7, 2024",OG File,CD Quality,"https://pillows.su/f/815c5c476516dd1076c06cbe79356224
https://imgur.gg/f/U7VbOg8"
Dua Lipa,IDGAF [V1],"OG Filename: IDGAF_jmp007_01
Demo 1.",3:42,,"Nov 7, 2024",OG File,CD Quality,"https://pillows.su/f/70d44ca65a8dfaeb0fd4764f8ac1c093
https://imgur.gg/f/wjIFTbA"
Dua Lipa,IDGAF [V2],"OG Filename: IDGAF demo vp1_Dua Lipa_MNEK
Demo 2. Added production, includes a voice note on the bridge.",3:51,,"Nov 7, 2024",OG File,CD Quality,"https://pillows.su/f/d59a7538843fce12297efbe83ae06040
https://imgur.gg/f/0rslE9n"
Dua Lipa,IDGAF (French Version) [V1],French solo version.,3:36,,,Full,CD Quality,"https://pillows.su/f/e210b46e7f3c5522b387cf3c7c9682db
https://imgur.gg/f/ESyRuzG"
Dua Lipa,"IDGAF (French Version) [V2]
(feat. Maitre Gims)",French version featuring Maitre Gims intended to be released.,3:29,,,Full,CD Quality,"https://pillows.su/f/303050e8a05fa126c371503575a895c5
https://imgur.gg/f/rfTsB5b"
Dua Lipa,IDGAF (Radio Disney Version),Clean version.,3:36,,,Full,CD Quality,"https://pillows.su/f/429f73dd9b6f184e2a4930b37d1196f8
https://imgur.gg/f/QSN9jlZ"
Dua Lipa,Kiss & Make Up [V1],Early demo.,3:14,,,Full,High Quality,"https://pillows.su/f/ce564453a07134bb63af5b8de9e4b8de
https://imgur.gg/f/HyJAzGS"
Dua Lipa,Kiss & Make Up [V2],"OG Filename: Kiss & Make Up (Prod. Banx & Ranx)
Demo 2.",3:14,,"Jul 26, 2025",OG File,CD Quality,"https://pillows.su/f/94cb000ac8e8df6c9573edae7a8424f5
https://imgur.gg/f/hZNZEzT"
Dua Lipa,Kiss & Make Up [V3],"OG Filename: Kiss & Make Up (Prod. Banx & Ranx)Beat v1
Demo 2.",3:12,,"Jul 26, 2025",OG File,CD Quality,"https://pillows.su/f/cb726bb96f4dfd884c49f658a1c8b112
https://imgur.gg/f/PqrYjmb"
Dua Lipa,Kiss & Make Up [V4],Demo 4. Added production on the chorus.,3:12,,,Full,CD Quality,"https://pillows.su/f/cd2ea0a59493570a3eb2d93c7350863a
https://imgur.gg/f/g6SVnVk"
Dua Lipa,Kiss & Make Up [V5],"OG Filename: Kiss Make Up (Gemini)
Demo 5. Added production on the chorus by Gemini.",3:09,,"Nov 7, 2024",OG File,CD Quality,"https://pillows.su/f/87003439a2dcba9b829a380a8238e097
https://imgur.gg/f/zNuQ1fm"
Dua Lipa,"Kiss & Make Up [V6]
(feat. Sean Paul)",Demo version featuring Sean Paul. Second verse by Dua Lipa from the solo demo. In circulation.,?:??,,,Snippet,Low Quality,"https://pillows.su/f/fd5f661eea423b1deecc23b4706c21cc
https://imgur.gg/f/B7VVWV9"
Dua Lipa,"Kiss & Make Up [V7]
(feat. Sean Paul)",Demo version featuring Sean Paul. Second verse by Sean Paul.,3:06,,"Jul 29, 2023",Full,High Quality,"https://pillows.su/f/853832b8ce799c16f3a22bf1b7a57a68
https://imgur.gg/f/CC20jsO"
Dua Lipa,"Kiss & Make Up [V?]
(feat. Anitta)","Demo version featuring Anitta. A snippet leaked on December 23, 2025.",?:??,,,Snippet,CD Quality,"https://pillows.su/f/759ee6ff03eb6c42e25ddedd2f8dd593
https://imgur.gg/f/rOn2uoo"
Dua Lipa,Last Dance [V1],"OG Filename: Last Dance - Koz and Talay
Demo 1. Different lyrics and slight changes in production.",3:53,,"Nov 3, 2024",Full,High Quality,"https://pillows.su/f/2c983208aa7cdcbd764464363bce4385
https://imgur.gg/f/khSAMat"
Dua Lipa,Last Dance [V2],"OG Filename: LAST DANCE- KOZ PROD REF 1
Demo 2.",4:01,,"Jul 26, 2025",OG File,High Quality,"https://pillows.su/f/da9297ee82250fd318cccee3c383f131
https://imgur.gg/f/JQmGv4k"
Dua Lipa,Last Dance [V3],"OG Filename: LAST DANCE - KOZ PROD REF 2
Demo 3.",3:53,,"Jul 26, 2025",OG File,High Quality,"https://pillows.su/f/1f74eb2a582fcc2e229dd1803d77b9a6
https://imgur.gg/f/63uthf9"
Dua Lipa,Last Dance [V4],"OG Filename: LastDance Matty Ref 13 RadioEdit5 LIM
Pre-mix/radio edit version that cuts in the last chorus. OG file leaked on November 7, 2024.",3:17,,,OG File,CD Quality,"https://pillows.su/f/fdb43c99a7d76119608eeeae588c3c3d
https://imgur.gg/f/5vlF0Zv"
Dua Lipa,"Lost In Your Light [V1]
(ref. Miguel)",Reference track/writer's demo by Miguel. Has different lyrics and a new bridge.,4:07,,"Jan 15, 2018",Full,CD Quality,"https://pillows.su/f/47c923fa76d4285313c74a85fe048d71
https://imgur.gg/f/TzIwoqj"
Dua Lipa,Lost In Your Light [V2],"OG Filename: Lost_In_Your_Light_jmp005_08
Demo 1.",4:44,,"Nov 7, 2024",OG File,CD Quality,"https://pillows.su/f/14f9e7f01ec7312a63c5dd818fad06e1
https://imgur.gg/f/Hu3ugmT"
Dua Lipa,Lost In Your Light [V3],"OG Filename: Lost_In_Your_Light_KM_mix_040
Demo 2.",4:39,,"Nov 7, 2024",OG File,CD Quality,"https://pillows.su/f/c0dc8f872c9b90282851990dfac0817a
https://imgur.gg/f/qM65Gfq"
Dua Lipa,Lost In Your Light [V4],"OG Filename: Lost In Your Light - Dua Lipa ft. Miguel (DEMO)
Demo 3.",3:32,,"Jul 26, 2025",OG File,High Quality,"https://pillows.su/f/b37147104e221ea602f803c061ca1031
https://imgur.gg/f/se6X8sT"
Dua Lipa,Lost In Your Light [V5],"OG Filename: LOST IN YOUR LIGHT (Koz)
Demo 4.",3:25,,"Jul 26, 2025",OG File,High Quality,"https://pillows.su/f/d4540c80ee26af26f0e049a0a5ca7b1a
https://imgur.gg/f/fdZxH2Y"
Dua Lipa,New Love [V1],Demo version.,4:31,,"Nov 7, 2024",OG File,CD Quality,"https://pillows.su/f/14167cfd4664c68582645e9b5ae3f899
https://imgur.gg/f/W7q3fwG"
Dua Lipa,New Rules [V?],Demo version.,3:11,,,Full,CD Quality,"https://pillows.su/f/3615ad73cfdf2398d85b4f8843c55372
https://imgur.gg/f/a0kGm2b"
Dua Lipa,New Rules [V?],"OG Filename: NEW RULES ROUGH
Demo version.",3:03,,"Nov 7, 2024",OG File,CD Quality,"https://pillows.su/f/e5d103bc8227de8307c8491901f7f580
https://imgur.gg/f/LpHPDmu"
Dua Lipa,New Rules [V?],"OG Filename: New Rules-final-rough-Dec-1st
OG Filename: New Rules_dua-final-rough1_Jan19th
Demo version. Bounced in December 1, and later on January 19. They're exactly the same",3:37,,"Nov 7, 2024",OG File,High Quality,"https://pillows.su/f/034e5a2c2c2ee04054385b19a614efde
https://imgur.gg/f/dmAoRUn"
Dua Lipa,New Rules (Orchestral Version),"Demo orchestral version, possibly fan made.",3:21,,,Full,High Quality,"https://pillows.su/f/f0975e7ec029c5c21241052b8e0d09f3
https://imgur.gg/f/dfEwXKX"
Dua Lipa,New Rules (Ian Kirkpatrick Remix) [V1],Demo version of Ian Kirkpatrick's remix.,3:03,,,Full,CD Quality,"https://pillows.su/f/e304ff1f762d5fb502a571fc6b633999
https://imgur.gg/f/z0wCXy0"
Dua Lipa,No Goodbyes [V1],"OG Filename: Dua_No_Goodbyes_WIP_5
Demo 1.",3:38,,"Nov 7, 2024",OG File,High Quality,"https://pillows.su/f/6500d021754ab819c6e024906b4da6d1
https://imgur.gg/f/403bkAq"
Dua Lipa,No Goodbyes (Piano Demo),"Piano demo, possibly fan made.",3:29,,"Aug 17, 2020",Full,CD Quality,"https://pillows.su/f/a7098d94ae1f7f563c019993431e12ad
https://imgur.gg/f/fipQ8ei"
Dua Lipa,Room For 2 [V1],"OG Filename: Room For Two - Tom Neville-Autumn Rowe
Demo 1.",3:40,,"Nov 7, 2024",OG File,CD Quality,"https://pillows.su/f/bd639c48bc413ffb4f5d593e2e061cad
https://imgur.gg/f/vQXpDHo"
Dua Lipa,Room For 2 [V2],"OG Filename: Dua_Room for 2
Demo 2.",3:41,,"Nov 7, 2024",OG File,CD Quality,"https://pillows.su/f/42e7c9b830b02aa44398426eb334573d
https://imgur.gg/f/fd38B75"
Dua Lipa,Room For 2 [V3],"OG Filename: room for 2 mix 10
Demo 3.",3:25,,"Nov 7, 2024",OG File,CD Quality,"https://pillows.su/f/7d462165bfba48ddcc2c25a044a5e52d
https://imgur.gg/f/RRF281D"
Dua Lipa,Room For 2 [V4],"OG Filename: room for 2 mix 11
Demo 4.",3:28,,"Nov 7, 2024",OG File,CD Quality,"https://pillows.su/f/d3e734581719afba7163f1e45063a50c
https://imgur.gg/f/z30byAL"
Dua Lipa,Room For 2 [V5],"OG Filename: Room For 2 Latest Mix
Demo 5.",3:29,,"Nov 7, 2024",OG File,High Quality,"https://pillows.su/f/51f7e5ec84e002a6bbdd41712db62cc7
https://imgur.gg/f/BYYK4og"
Dua Lipa,Room For 2 [V6],"OG Filename: room for 2 mix 16 TB 5
Demo 6.",3:29,,"Nov 7, 2024",OG File,High Quality,"https://pillows.su/f/0f8ec3ec3326c519382377b3ade60571
https://imgur.gg/f/psn6Hv7"
Dua Lipa,Room For 2 [V7],"OG Filename: Room 4 Two Mastered for synch
Demo 7.",3:28,,"Nov 7, 2024",OG File,High Quality,"https://pillows.su/f/440b97f5eeb4966d28324efd86f5952b
https://imgur.gg/f/hqvOvND"
Dua Lipa,Running [V1],"OG Filename: Runnin ruff mix
Demo 1.",2:46,,"Nov 7, 2024",OG File,High Quality,"https://pillows.su/f/a4ea0ca76f699865a97132ace00a3720
https://imgur.gg/f/PXJa4uq"
Dua Lipa,Running [V2],"OG Filename: Running Matty Ref 2 LIM
Demo 2.",3:44,,"Jul 26, 2025",OG File,Lossless,"https://pillows.su/f/d93011285359cd28361a8af63d798bd5
https://imgur.gg/f/e20CYVf"
Dua Lipa,Running [V3],"OG Filename: Running Matty Ref 3 LIM
Demo 3.",3:44,,"Nov 7, 2024",OG File,Lossless,"https://pillows.su/f/442ae93d70c2e413c9a6ab51ef9f4fb8
https://imgur.gg/f/Zyr39ZA"
Dua Lipa,Running [V?],Demo version leaked before official release. Different mix or possible downscaled file from V2 or V3.,3:44,,"May 24, 2017",Full,CD Quality,"https://pillows.su/f/7aaea7201a07258bc277be1401105ba5
https://imgur.gg/f/bcz5Hdu"
Dua Lipa,Running [V4],"OG Filename: Running Matty Ref 4 Mastered1644
Demo 4.",3:41,,"Jul 26, 2025",OG File,Lossless,"https://pillows.su/f/9ceaf6eb854dfe8f2801aae881ea5199
https://imgur.gg/f/gD2adWC"
Dua Lipa,Running [V5],"OG Filename: RUNNING_JUNE_1
Demo 5.",3:52,,"Nov 7, 2024",OG File,High Quality,"https://pillows.su/f/5b39339a2e891a4780c97fc275deb041
https://imgur.gg/f/3A18OzC"
Dua Lipa,Running [V6],"OG Filename: RUNNING-_ref_3
Demo 6.",3:49,,"Nov 7, 2024",OG File,High Quality,"https://pillows.su/f/56281a127ec9bf211aed8911e12c2e33
https://imgur.gg/f/qsgTRGj"
Dua Lipa,Thinking 'Bout You [V1],"OG Filename: Thinking 'bout You (AcDemo) - Adam Argyll
Rough demo 1.",2:43,,"Nov 7, 2024",OG File,High Quality,"https://pillows.su/f/cd5a3883c87c47d8c328e4e20150865d
https://imgur.gg/f/F9P1bjX"
Dua Lipa,Thinking 'Bout You [V2],"Demo version with no drums, and different mixing/vocal takes, uploaded to Dua's SoundCloud and YouTube accounts in July 2015.",2:37,,"Jul 10, 2015",Full,High Quality,"https://pillows.su/f/255bd317719d164d771b4bdb6a986d6d
https://imgur.gg/f/EteQBYo"
Dua Lipa,Thinking 'Bout You [V3],"OG Filename: THINKING BOUT YOU-KOZ ref
Demo 3. Added production.",2:35,,"Nov 7, 2024",OG File,High Quality,"https://pillows.su/f/ab08a3524406c3f9649c2bb16c85b7c0
https://imgur.gg/f/fKp7kDH"
Dua Lipa,Thinking 'Bout You [V4],"OG Filename: THINKING BOUT YOU-4-rev
Demo 4. Added beat.",2:40,,"Jul 26, 2025",OG File,High Quality,"https://pillows.su/f/ad36b9fcd76cc1b4fba4a5039deeef43
https://imgur.gg/f/EAb6eVW"
Dua Lipa,Thinking 'Bout You [V5],"OG Filename: THINKING BOUT YOU-5-wip
Demo 5. Beat starts at different point.",2:40,,"Jul 26, 2025",OG File,High Quality,"https://pillows.su/f/b3aa948bbe6cc590762be8313bd18f98
https://imgur.gg/f/lijsFFn"
Dua Lipa,Thinking 'Bout You [V6],"OG Filename: THINKING BOUT YOU-6
Demo 6. Beat starts at different point.",2:38,,"Nov 7, 2024",OG File,High Quality,"https://pillows.su/f/15a581ad7a0b658969f4297fd2d1098d
https://imgur.gg/f/w4eaCPW"
Dua Lipa,"Want To [V1]
(ref. Andrew Jackson)","OG Filename: Andrew Jackson - Want To (Writers Demo)
Reference track/writer's demo by Andrew Jackson.",3:31,,,OG File,CD Quality,"https://pillows.su/f/c4124bb6ce8304f6bd202f50cf99c507
https://imgur.gg/f/ASn3p2W"
Dua Lipa,Want To [V2],"OG Filename: WantTo_03
Demo version with raw vocals and different lyrics.",3:29,,"Nov 7, 2024",OG File,CD Quality,"https://pillows.su/f/6012e2e3d48d519675278b5bf57bac1b
https://imgur.gg/f/HcQvNQZ"
Dua Lipa,Want To [V3],"OG Filename: Want To (No 2nd Verse)
Demo version with second verse in place of the bridge.",3:31,,"Jul 26, 2025",OG File,CD Quality,"https://pillows.su/f/91daa72927a9f81260f23d008984dd36
https://imgur.gg/f/NGXa5Ry"
Dua Lipa,Want To [V4],"OG Filename: Want To (no Mid8)
Demo version with no bridge.",3:31,,"Jul 26, 2025",OG File,CD Quality,"https://pillows.su/f/f7f61edc634e6e5de86999b7eae9e71b
https://imgur.gg/f/APt9jdi"
Dua Lipa,Want To [V?],Demo version leaked before official release. Different mix or possible downscaled file from V4.,3:31,,"Mar 29, 2017",Full,High Quality,"https://pillows.su/f/844eee1aaa9f940a60cb9f339db9720b
https://imgur.gg/f/mqPGkeA"
Dua Lipa,Want To [V5],Demo version with same song structure from the one released but slightly different production.,3:26,,"Feb 19, 2023",Full,High Quality,"https://pillows.su/f/eaf0e2f10ec2cce4a50897ad4d2f7205
https://imgur.gg/f/OldzJQQ"
Dua Lipa,"Calvin Harris - One Kiss [V1]
(ref. Jessie Reyes) (prod. Calvin Harris)",Jessie Reyes' version of 'One Kiss' which was then scrapped and given to Dua Lipa.,3:40,,"Nov 6, 2024",Snippet,CD Quality,"https://pillows.su/f/5f2e0ac2de613447ee50bf9496c2bcaf
https://imgur.gg/f/b14otSL"
Dua Lipa,"Florence Welsh - Baptize
(prod. Silk City)
(Electricity)","OG Filename: Florence + the Machine - Baptize (Electricity Demo)
Florence Welch's version of 'Electricity', called 'Baptize', with different lyrics and production, that was then scrapped and later given to Dua Lipa.",3:33,,"Jul 19, 2020",OG File,CD Quality,"https://pillows.su/f/1219a69ae3c7b21f7b5c7e69258bc649
https://imgur.gg/f/Cfril5b"
Dua Lipa,"Martin Garrix - Scared To Be Lonely [V1]
(ref. Troye Sivan)",Troye Sivan's version which was then scrapped and given to Dua.,3:42,,"May 25, 2020",Full,High Quality,"https://pillows.su/f/aeae4c3c81c6b117ab85ed559db93224
https://imgur.gg/f/650aC7J"
Dua Lipa,"Sean Paul - No Lie [V1]
(ref. Emily Warren)",Reference track/writer's demo by Emily Warren.,3:41,,,Full,CD Quality,"https://pillows.su/f/9a3cf4aece0a7cc15ee68a4b8184bd78
https://imgur.gg/f/gOKc1M7"
Dua Lipa,"Sean Paul - No Lie [V2]
(ref. Justine Skye)",Justine Skye's version that was then scrapped and given to Dua Lipa.,3:41,,,Full,CD Quality,"https://pillows.su/f/fdf3e42e2f65210606d07595f1d216ac
https://imgur.gg/f/7qVsRT4"
Dua Lipa,"Sean Paul - No Lie [V3]
(feat. Dua Lipa)","OG Filename: No_Lie_Dua_Lipa,_Sean_Paul,_Emily_Warren,_Andrew_Jackson,_Serm
Demo 1 with Dua Lipa.",3:44,,"Jun 13, 2025",OG File,CD Quality,"https://pillows.su/f/d94a05f7b042d408f00c252846c0f044
https://imgur.gg/f/7Kbg4Gq"
Dua Lipa,"Sean Paul - No Lie [V4]
(feat. Dua Lipa)","OG Filename: Sean_Paul_Dua_NO_LIE_FULL TIM BURNSDemo
Demo 2 with Dua Lipa.",3:41,,"Jul 26, 2025",OG File,CD Quality,"https://pillows.su/f/ac05d5d47e8018ebe99c989837f4c095
https://imgur.gg/f/rTVIW3s"
Dua Lipa,"Wale - My Love [V1]
(feat. Dua Lipa)","OG Filename: Wale - My Love - DUA Voc cgp002-01
Demo version.",4:03,,"Jul 26, 2025",OG File,CD Quality,"https://pillows.su/f/9cf5c23a2c6f7f4982280da026fd7eff
https://imgur.gg/f/bskRELX"
Dua Lipa,"⭐ 21 Grams
(prod. CJ Baran)","OG Filename: 21 Grams
Recorded in 2016. Co-written with Pawws",3:26,,"Dec 3, 2021",OG File,CD Quality,"https://pillows.su/f/10eb0a4447e5e6b6c5f63cad90297c40
https://imgur.gg/f/rhE6tDt"
Dua Lipa,"24/7
(ref. Julia Michaels) (prod. Axident & Chris Loco)",Reference demo by Julia Michaels for Dua Lipa and AWA. Recorded in 2015.,?:??,,,Confirmed,Not Available,"N/A
N/A"
Dua Lipa,"⭐ 24/7
(prod. Axident & Chris Loco)","OG Filename: 247 Dua Lipa v1
Recorded in 2015. It was later released in 2021 by singer AWA. Written by Awa Santesson-Sey, Julia Michaels, Ilsey Juber & Andreas Schuller",3:41,,"Jun 1, 2026",OG File,CD Quality,"https://pillows.su/f/81d0751f9da0daa137489321454ea06a
https://imgur.gg/f/IUvSDRJ"
Dua Lipa,"A Different Way [V1]
(ref. Ed Sheeran) (prod. Steve Mac)","Reference demo by Ed Sheeran who is a co-writer on the track. The song was likely intended for his 3rd album ""Divide"", but was ultimately scrapped and sold to other artists.",?:??,,,Confirmed,Not Available,"N/A
N/A"
Dua Lipa,"A Different Way [V2]
(ref. Zara Larsson) (prod. Steve Mac)","Zara Larsson's reference demo of A Different Way. Recorded in 2016. The song was intended for her 2nd studio album ""So Good"", but was ultimately scrapped. Unknown whether she recorded it before or after Dua Lipa's demo.",3:46,,,Full,CD Quality,"https://pillows.su/f/481bc4629280ff3e23a78c5357e8e9e8
https://imgur.gg/f/OsQtE6T"
Dua Lipa,"🏆 A Different Way [V3]
(prod. Steve Mac)","Recorded in 2016. In 2017, the song was released by artists DJ Snake & Lauv. Written by Ed Sheeran, Steve Mac, Johnny McDaid, Ilsey & Lindy Robbins.",?:??,,,Confirmed,Not Available,"N/A
N/A"
Dua Lipa,"After Light [V1]
(prod. Supa Dups & Nineteen85)
(Afterlight)",Demo version. Recorded in 2014. Was on the September 2016 version of the album. Performed live during small club gigs in late 2014. Co-written with Talay Riley and Nineteen85.,3:39,,"Jun 24, 2018",Full,CD Quality,"https://pillows.su/f/1514e2bc0a8d1474a2d54a930c8191c2
https://imgur.gg/f/CGsMlWl"
Dua Lipa,"After Light [V2]
(prod. Supa Dups & Nineteen85)
(Afterlight)","OG Filename: AfterLight-DL(Redo)v2
Demo version.",3:42,,"Jul 26, 2025",OG File,CD Quality,"https://pillows.su/f/4a6e56519fb6381b486ea297f4532040
https://imgur.gg/f/W1cTBdD"
Dua Lipa,"After Light [V3]
(prod. Supa Dups & Nineteen85)
(Afterlight)","OG Filename: After-Light-TB-mix-4-UNMASTERED
Mix 4, unmixed version.",3:41,,,OG File,Lossless,"https://pillows.su/f/f140b22d229545edeb0f41279ac6f3ce
https://imgur.gg/f/wIXqknj"
Dua Lipa,"⭐ After Light [V4]
(prod. Supa Dups & Nineteen85)
(Afterlight)","OG Filename: After_Light-DLVoxRef
Final version.",3:37,,"Nov 16, 2023",OG File,CD Quality,"https://pillows.su/f/0862bc94e2f90de92c75a7b18623278d
https://imgur.gg/f/juuvv8y"
Dua Lipa,"⭐ All I Ever Wanted Was You
(prod. Skiss)","OG Filename: AllIEverWantedWasYou DEMO
Recorded in 2015. Listed in Dua's Tap Box files. Co-written with Skiss.",2:18,,"Jul 25, 2025",OG File,CD Quality,"https://pillows.su/f/eafd7aea09d0f0dc9578bd4064857d88
https://imgur.gg/f/KybO3ie"
Dua Lipa,"All Or Nothing [V1]
(prod. Fraser T. Smith)","OG Filename: ALL OR NOTHING _ REF MIX 3 - Fraser T Smith x Dua Lipa
Demo version, mix 3, according to file name. Recorded in 2016. Co-written with Fraser T Smith.",3:52,,"Jul 26, 2025",OG File,CD Quality,"https://pillows.su/f/ea411b4b87b411583678811479b14434
https://imgur.gg/f/KZKXMsU"
Dua Lipa,"⭐ All Or Nothing [V2]
(prod. Fraser T. Smith)","Final version, mix 4.",3:54,,"Jul 28, 2020",Full,CD Quality,"https://pillows.su/f/e82d52a6bfac066718ff564ce5227d6c
https://imgur.gg/f/gLQYBaB"
Dua Lipa,"Already Gone
(prod. Jonny Lattimer)","OG Filename: Already Gone (demo m2) - Jonny Lattimer and Natalia
Recorded in 2014. Registered in ASCAP. Co-written with Jonny Lattimer",3:43,,"Jul 23, 2025",OG File,High Quality,"https://pillows.su/f/8391f4df1bd625003978f60022e0c726
https://imgur.gg/f/IaZaBA0"
Dua Lipa,"⭐ Autumn Rain
(Better Than This)","OG Filename: Autumn Rain
Recorded in 2013. Listed in Dua's Tap Box files. Credits are unknown for this track.",3:15,,"Jul 24, 2025",OG File,High Quality,"https://pillows.su/f/e290d7636ad9ec4c18bcfb4306f596df
https://imgur.gg/f/NR8inJL"
Dua Lipa,"⭐ Babylon [V1]
(prod. Mozella & Darkchild)","OG Filename: Babylon - Darkchild and Mozella
Demo of the OG version, later reworked for 'Future Nostalgia'. Recorded in 2015. Co-written with Mozella.",4:08,,"Jul 26, 2025",OG File,High Quality,"https://pillows.su/f/42bf990db2ca99b633193314e8fcaeee
https://imgur.gg/f/V9kGBjb"
Dua Lipa,"Babylon [V2]
(prod. Mozella & Darkchild)","OG Filename: Babylon - Darkchild and Mozella 106BPM
Final version of the OG 2015 version intended for self-titled.",4:11,,"Jul 24, 2025",OG File,CD Quality,"https://pillows.su/f/644d22d903b8690393b451740f47dfa3
https://imgur.gg/f/msq5cyk"
Dua Lipa,"Bad As We Wanna Be
(prod. RITUAL)","OG Filename: Dua Lipa - Bad As We Wanna Be - Demo -1
Recorded in 2014. Co-written with Adam Midgley, Tommy Baxter, Gerard O’Connell who are all members of ""RITUAL"".",2:47,,"Jul 24, 2025",OG File,CD Quality,"https://pillows.su/f/e0ab0e731071d725bf4c494c14b2fa45
https://imgur.gg/f/xcE6bDk"
Dua Lipa,"🗑️ Bad Idea
(prod. GRADES)","Recorded in 2017, after the release of DL1, but before FN era (same sessions as ""Rumors"" and ""Retrograde""). This indicates it was considered for release on the ""Dua Lipa (Complete Edition)"", since the Future Nostalgia sessions started in January 2018. Co-written with Sarah Hudson and Lindy Robbins.",3:24,,"Mar 22, 2020",Full,CD Quality,"https://pillows.su/f/a5aa097c9276f6968f092f12d483b95a
https://imgur.gg/f/HdMyoCQ"
Dua Lipa,"⭐ Be Alright
(prod. Michael Keenan)","OG Filename: BeAlright-Dua_Mikey Keenan - Autumn Rowe- Dua02
Recorded in 2015. Listed in Dua's Tap Box files. Co-written with Autumn Rowe.",2:45,,"Jul 25, 2025",OG File,CD Quality,"https://pillows.su/f/f6aaf4069d64cd11762b848114097f3c
https://imgur.gg/f/Ev8XIbR"
Dua Lipa,"⭐ Beautiful Nothing
(prod. Jonny Lattimer)","OG Filename: Beautiful Nothing (sketch) - Jonny Lattimer
Recorded in 2014. Registered in ASCAP. OG file leaked on July 26th, 2025. Co-written with Jonny Lattimer.",3:17,,"Jul 16, 2025",OG File,High Quality,"https://pillows.su/f/c5d77707735539f914e24518af2e413f
https://imgur.gg/f/137Pafc"
Dua Lipa,"⭐ Beg
(prod. Christoph Andersson)","OG Filename: Beg - Dua Lipa X Christoph Andersson (Dua Lipa Demo 2.19.16)
File date: February 19th, 2016. Listed in Dua's Tap Box files. Co-written with Lindy Robbins and Talay Riley.",3:01,,"Jul 17, 2025",OG File,High Quality,"https://pillows.su/f/3a768ec2ce04030c26c2195977e65065
https://imgur.gg/f/pFZ2ZDh"
Dua Lipa,"Beg For It [V1]
(prod. Axident & JHart)","Demo version 1, as suggested by the leaked version OG file name.",?:??,,,Confirmed,Not Available,"N/A
N/A"
Dua Lipa,"⭐ Beg For It [V2]
(prod. Axident & JHart)","OG Filename: Beg For It (v2) Axident
Version 2, according to OG file name. Recorded in 2016. OG file leaked on July 26th, 2025. Same sessions as Come Down. Co-written with Thomas Troelsen and Whitney Phillips.",2:56,,"Mar 22, 2021",OG File,CD Quality,"https://pillows.su/f/eb0bb2ac2db4e7a94e047d1bf8484383
https://imgur.gg/f/aoKmwYE"
Dua Lipa,"Berlin Summer [V1]
(ref. Erik Hassle) (prod. GRADES & MAY-A)","OG Filename: Berlin Summer v10 Edit Aug16 GRADES X ERIK HASSLE
Reference track/writer's demo by Erik Hassle. The OG file leaked on April 19th, 2025.",3:24,,"Apr 19, 2025",OG File,CD Quality,"https://pillows.su/f/1aa9b02fa6da5f4546ea5575c2f378f6
https://imgur.gg/f/7Qf66TX"
Dua Lipa,"⭐ Berlin Summer [V2]
(prod. GRADES & MAY-A)","OG Filename: DUA_LIPA_OG_FILE-DUA_-_Berlin_Summer_DT4
Recorded in 2016. Co-written with Erik Hassle.",3:24,,"Mar 22, 2020",OG File,CD Quality,"https://pillows.su/f/affcb4a5ddca2dbf67d29d72f474385f
https://imgur.gg/f/rY4lL9n"
Dua Lipa,"⭐ Between a Bullet & A Heartbreak
(prod. Florian Reutter)","OG Filename: Between A Bullet And A Heartbreake 8.12.14 - Sacha Skarbek
File date: August 12th, 2014. Co-written with Sacha Skarbek and Florian Reutter.",3:45,,"May 16, 2016",OG File,High Quality,"https://pillows.su/f/d0c8577738a8ca8de284d0c221812a1a
https://imgur.gg/f/WyS7taP"
Dua Lipa,"Bite The Bullet [V1]
(feat. Trey Campbell) (prod. ​xSDTRK)","OG Filename: DUA Lipa - Bite the Bullet + 3
Demo 1. Recorded in 2015. Co-written Trey Campbell and Starrah.",3:04,,"Dec 12, 2021",OG File,High Quality,"https://pillows.su/f/a2c4b6738f25634ecfba0f0193d0e7ab
https://imgur.gg/f/cOYvSZG"
Dua Lipa,"Bite The Bullet [V2]
(feat. Trey Campbell) (prod. ​xSDTRK)","OG Filename: Bite the Bullet - Dua Lipa
Demo 2. Slightly slower than V1. Recorded in 2015.",3:10,,"Dec 4, 2021",OG File,Lossless,"https://pillows.su/f/b1aeddabc401507161ab74346131f408
https://imgur.gg/f/r4KhNuK"
Dua Lipa,"Bite The Bullet [V3]
(feat. Trey Campbell) (prod. ​xSDTRK)","OG Filename: DUA Lipa - Bite the Bullet 9.8 with Flutter
Demo 3.",3:11,,"May 20, 2025",OG File,Lossless,"https://pillows.su/f/563bee3fbb9fff8e6ca7a212d51f071a
https://imgur.gg/f/cAQarYG"
Dua Lipa,"⭐ Bite The Bullet [V4]
(feat. Trey Campbell) (prod. ​xSDTRK)","OG Filename: SDTRK.DuaLipa.TreyCampbell.Starrah - Bite The Bullet - 10.5.15
Final version. Different song structure and different lyrics in post-chorus. File dated either on May 10th, 2015 or October 5th, 2015.",3:07,,"Dec 4, 2021",Full,CD Quality,"https://pillows.su/f/f27ea7544bc0e34914d633a105bbd2b4
https://imgur.gg/f/skNqAZF"
Dua Lipa,"⭐ Blame
(prod. Josh Record)","Blame - Dua Lipa - Josh Record
Recorded in 2015. Co-written with Josh Record.",1:26,,"Jul 25, 2025",OG File,CD Quality,"https://pillows.su/f/185f06dab0b782480541c9bb3e2dffc4
https://imgur.gg/f/RZhSbkU"
Dua Lipa,"⭐ Body [V1]
(prod. The Invisible Men)","OG Filename: Body 080616 REV 1
Demo solo version. Recorded in 2016. Co-written with Jason Pebworth, George Astasio and (former member) Jon Shave all of which make up the group ""The Invisible Men"".",4:13,,"Jul 23, 2025",OG File,High Quality,"https://pillows.su/f/9272f968323fafdc0ae85aba383147ac
https://imgur.gg/f/fCui6NO"
Dua Lipa,"Body [V2]
(prod. The Invisible Men)","OG Filename: Body 080616 REV 1 W MID 8
Demo version with an unknown singer featured on the bridge.",4:13,,"Jul 25, 2025",OG File,CD Quality,"https://pillows.su/f/2dc7e0aa7d3932a3cf4342399cfbc03f
https://imgur.gg/f/tpJFkVm"
Dua Lipa,"Body [V3]
(prod. The Invisible Men)","OG Filename: Body 080616
Final version with cut down intro and feature on the bridge.",4:10,,"Jul 25, 2025",OG File,CD Quality,"https://pillows.su/f/561b04d05ea87e8d26f578060bc21c5b
https://imgur.gg/f/rvOgkPr"
Dua Lipa,"🗑️ Burnt Sugar
(prod. Mojam)","OG Filename: Burnt Sugar - Mojam - Mac - Phil
Recorded in 2015. Listed in Dua's Tap Box files. Co-written with Matthew Holmes and Phil Leigh (Mac & Phil).",3:28,,"Jul 25, 2025",OG File,High Quality,"https://pillows.su/f/cc0a08099a54340c95f9120b6683f0b4
https://imgur.gg/f/uQ3Wgb7"
Dua Lipa,"California
(prod. RITUAL)","Recorded in 2014. A LQ partial recording leaked on December 31st, 2025. Co-written with Adam Midgley, Tommy Baxter, Gerard O’Connell who are all members of ""RITUAL"". The song samples Lana Del Rey's unreleased track ""All Smiles"", her vocals are present on the track as well.",2:11,,,Partial,Low Quality,"https://pillows.su/f/a4489ddb4f4b5c420ad955444bd5895a
https://imgur.gg/f/2NQVkh2"
Dua Lipa,"⭐ Chasing The Dragon
(prod. Jon Levine)","OG Filename: chasing the dragon - dua lipa
Recorded in 2016. Co-written with Jon Levine.",3:06,,"Dec 14, 2018",OG File,CD Quality,"https://pillows.su/f/9f9de9e0b992a5324b70761c844f5762
https://imgur.gg/f/1AvHyHz"
Dua Lipa,"Choose
(prod. Jim Eliot)","OG Filename: CHOOSE - Jim Eliot and Wayne Hector
Recorded in 2015. Listed in Dua's Tap Box files. Co-written with Jim Eliot and Wayne Hector.",2:57,,"Jul 25, 2025",OG File,High Quality,"https://pillows.su/f/4c56529d9ac87b39270a74e770c273b2
https://imgur.gg/f/lU6mive"
Dua Lipa,"⭐ Cold Blooded
(prod. Jon Levine)","OG Filename: Cold Blooded - Dua Lipa_JonLevine
Recorded in 2016. Co-written with Jon Levine.",3:29,,"Jul 16, 2025",OG File,CD Quality,"https://pillows.su/f/11fb26cf9dfa8c9c82d0d87dd4a04126
https://imgur.gg/f/NAMdlJn"
Dua Lipa,"⭐ Come Down
(prod. Axident & JHart)
(Love Will Go On) (Sleep With Me)","OG Filename: Come Down (v1)
Recorded in 2016 in the same session as ""Beg For It"". Co-written with Thomas Troelson and Whitney Phillips.",3:41,,"May 30, 2026",OG File,CD Quality,"https://pillows.su/f/388770946d0f4536eb8db61b6754f152
https://imgur.gg/f/gUtB9RK"
Dua Lipa,"⭐ ???
(prod. Ben Stephen & Boi-1da)
(Confessions Of A Broken Heart)","OG Filename: Ben Stephen beat +vocals (Boi 1da) - Amy Wadge
Rough demo. Recorded in 2014. Unconfirmed title. Fanmade title is ""Confessions of a Broken Heart"". Co-written with Ben Stephen, Boi-1da and Amy Wadge.",2:49,,"Jul 25, 2025",OG File,CD Quality,"https://pillows.su/f/c5576a1aecf5833084949b571f9b7b98
https://imgur.gg/f/c7DpGBs"
Dua Lipa,"???
(prod. Jimmy Napes)
(Crave Your Touch)","OG Filename: Dua Jimmy
Unconfirmed title. Recorded in 2015. Fanmade title is ""Crave Your Touch"". Co-written with Jimmy Napes.",1:14,,"Jul 25, 2025",OG File,CD Quality,"https://pillows.su/f/fa65b19ec692b6a7d0fe30f8d3d55ccb
https://imgur.gg/f/hRFC8vX"
Dua Lipa,"Cry Baby
(prod. Supa Dups)",Recorded in 2014. Co-written with Daniel Daley.,2:37,,"Apr 17, 2023",Full,CD Quality,"https://pillows.su/f/6371d8615bfec14cc64b6043b7e9b681
https://imgur.gg/f/5sFL33C"
Dua Lipa,"🗑️ Cryptic [V1]
(prod. Josh Record)","OG Filename: criptic very rough session bounce - Josh Record - Dua Lipa
Recorded in 2015. Co-written with Josh Record and Jacob Attwooll",2:58,,"Jul 25, 2025",OG File,CD Quality,"https://pillows.su/f/80baecac8bd74ffab50d53c62de661e9
https://imgur.gg/f/6JQYF0C"
Dua Lipa,"⭐ Cut
(prod. Tom Neville)","OG Filename: cut mix 2
Recorded in 2014. Co-writers of the track are unknown.",3:27,,"Jul 25, 2025",OG File,CD Quality,"https://pillows.su/f/389dea41653de83d72ddf711441ec359
https://imgur.gg/f/GOJII8x"
Dua Lipa,"Daddy [V1]
(prod. John Hill & Kid Harpoon)",Demo version. Co-written with John Hill and Kid Harpoon.,?:??,,,Confirmed,Not Available,"N/A
N/A"
Dua Lipa,"Daddy [V2]
(prod. John Hill & Kid Harpoon)","OG Filename: Daddy - John Hill-Kid Harpoon
Recorded in 2015.",3:47,,"Aug 8, 2021",OG File,High Quality,"https://pillows.su/f/3b384057beacf4a4ccddc126783fdd8c
https://imgur.gg/f/80aeVtz"
Dua Lipa,"⭐ Dead Weight
(prod. Jesse Shatkin)","OG Filename: Dead Weight - Coffee and Jesse Shatkin
Recorded in 2015. Listed in Dua's Tap Box files. Co-written with Jesse Shatkin and Clarence Coffee Jr.",3:19,,"Jul 25, 2025",OG File,High Quality,"https://pillows.su/f/b5751bf7e171673c4c5b500eaa4eee04
https://imgur.gg/f/6JQYF0C"
Dua Lipa,"⭐ Dear Life
(prod. T-Collar)","OG Filename: Dear Life - T Collar, Tiffany Vartanyan and Courtney Harrell
Recorded in 2015. Co-written with T-Collar, Tiffany Vartanyan and Courtney Harrell.",3:39,,"Nov 5, 2024",OG File,CD Quality,"https://pillows.su/f/3813c518f36b040d665079f14c7b2e53
https://imgur.gg/f/foDbLpc"
Dua Lipa,"⭐ Deep
(prod. ​xSDTRK)",Recorded in 2016. Co-written with xSDTRK.,3:06,,"Aug 21, 2021",Full,Lossless,"https://pillows.su/f/192b3a09338edf7216c065d0d7ece01a
https://imgur.gg/f/Rx5wtTx"
Dua Lipa,"Diamonds & Crowns [V1]
(prod. MssingNo)","OG Filename: DIAMONDS&CROWNS.DUA.MSSINGNO.PAWWS.DEMO
Demo version. Recorded in 2015. Co-written with Pawws.",3:18,,"Jul 17, 2025",OG File,CD Quality,"https://pillows.su/f/15cc2f096fe9c0fb565b82adb806472c
https://imgur.gg/f/jlCquzK"
Dua Lipa,"🏆 Diamonds & Crowns [V2]
(prod. MssingNo)","Final version with slightly different beat. A snippet leaked on August 4, 2025. Most of the song leaked on December 22nd, 2025.",?:??,,,Partial,Low Quality,"https://pillows.su/f/0eda6fa95642b1f0f7f714beacca1fc1
https://imgur.gg/f/PuVjv9a"
Dua Lipa,"⭐ Do It Again
(prod. Adam Argyle)","OG Filename: DUA DO IT AGAIN
Recorded in 2015. Co-written with Jordan Riley.",3:18,,"Jul 9, 2025",OG File,CD Quality,"https://pillows.su/f/cfa8dd4cbec3e1f04a0c6eabd3faa562
https://imgur.gg/f/OCWE5YN"
Dua Lipa,"⭐ Down Boy
(prod. Adriano Buffone)","OG Filename: Down Boy - Adj and Amy
Recorded in 2014. Registered in ASCAP. A tagged portion of the song leaked on March 5th, 2025. Co-written with Amy Wadge and Adriano Buffone.",3:13,,"Mar 19, 2025",OG File,CD Quality,"https://pillows.su/f/eee8d55a62d28bd2aa3b617b939a14bb
https://imgur.gg/f/gU4J55H"
Dua Lipa,"⭐ Drinking 
(prod. Bessem Bedziri, Jarly)","OG Filename: Drinking dua lipa v8
Recorded in 2015. File name says this is v8, suggesting there're earlier versions.",3:48,,"Nov 12, 2023",OG File,CD Quality,"https://pillows.su/f/0dc47ce2680680eef0d4f6f8054a8724
https://imgur.gg/f/dteYuaG"
Dua Lipa,⭐ Drinkspiration,"OG Filename: Drinkspiration (NOT DONE) v1 Rio Autumn Rowe
Recorded in 2015. Co-written with Autumn Rowe. Producer of the track is unknown.",3:54,,"Jul 24, 2025",OG File,CD Quality,"https://pillows.su/f/0e520c22ffe372f510eafa3c41faaddb
https://imgur.gg/f/SUKZ9ME"
Dua Lipa,"⭐ Drunken Kiss
(prod. CJ Baran)","OG Filename: Drunken-Kiss
Recorded in 2015. Co-written with Ruth Anne.",3:11,,"Nov 3, 2024",OG File,CD Quality,"https://pillows.su/f/bc8b54b3120a149ca8681c788d74738e
https://imgur.gg/f/vdav9CG"
Dua Lipa,"Elvis [V1]
(prod. RITUAL)","OG Filename: Elvis - Adam-Tommy-Gez
Demo version. Recorded in 2014. Co-written with Adam Midgley, Tommy Baxter, Gerard O’Connell who are all members of ""RITUAL"".",3:23,,"Jul 25, 2025",OG File,CD Quality,"https://pillows.su/f/f2bae691cef69bc7d7afd6c7c5935c9a
https://imgur.gg/f/oDHN7Jf"
Dua Lipa,"Elvis [V2]
(prod. RITUAL)","OG Filename: Dua Lipa - Elvis - DEMO - 2
Final version.",3:23,,"Jul 25, 2025",OG File,CD Quality,"https://pillows.su/f/54bf0042d6941af35f76c44ec48a273b
https://imgur.gg/f/EnjPlSB"
Dua Lipa,"Emergency
(prod. Jake Gosling)","OG Filename:  Emergency - Jake Gosling 
Recorded in 2014. Registered on the GEMA database in March 2020 for unknown reasons. Co-written with Jake Gosling.",2:56,,"Jan 28, 2025",OG File,CD Quality,"https://pillows.su/f/9be6d4baafa413ea7919481c08ed32e3
https://imgur.gg/f/hK5xhXo"
Dua Lipa,"Favourite Problem [V1]
(prod. Nick Hodgson)","OG Filename: Favourite Problem (day 2)
Demo version. Recorded in 2014. Co-written with Gez O' Connell and Nick Hodgson.",3:46,,"Nov 7, 2024",OG File,CD Quality,"https://pillows.su/f/bc66d4e3049543242c8aa6c044040561
https://imgur.gg/f/O9VVYiz"
Dua Lipa,"Favourite Problem [V2]
(prod. Nick Hodgson)",Final version.,3:33,,"May 26, 2019",Full,CD Quality,"https://pillows.su/f/98fa639aba973b62e992a0b5391a2c6a
https://imgur.gg/f/ap6jONq"
Dua Lipa,Find My Way,"OG Filename: Find my way (v.1) ruff vox - Step-Staz
Recorded in 2014. Credits are unknown for this track.",3:09,,"Jul 25, 2025",OG File,High Quality,"https://pillows.su/f/f4ee5459fe5268fb903b12104a093ade
https://imgur.gg/f/NAotlds"
Dua Lipa,"Follow Me [V1]
(prod. Fraser T. Smith)","OG Filename: Follow me_OTB Mix 1 mast
First demo of the track. Recorded in 2016. Co-written with Fraser T. Smith and Mele.",?:??,,,Confirmed,Not Available,"N/A
N/A"
Dua Lipa,"Follow Me [V2]
(prod. Fraser T. Smith)","OG Filename: FOLLOW ME FT REF MIX 1 - Fraser T Smith x Dua Lipa
Earlier demo with different production. Recorded in 2016. Co-written with Fraser T. Smith and Mele.",4:10,,"Jul 25, 2025",OG File,CD Quality,"https://pillows.su/f/cc75117203dee8a98b54cda615b84e0d
https://imgur.gg/f/W4vWO92"
Dua Lipa,"For You
(prod. KOZ)","OG Filename: DUA- FOR YOU-session ref
Recorded in January 2016. Co-written with Chelcee Grimes.",4:23,,"Jun 24, 2026",OG File,CD Quality,"https://pillows.su/f/ee2220a18607621959114cef4d05cd79
https://imgur.gg/f/iODMoF4"
Dua Lipa,"⭐ ???
(prod. Joe Waxy)
(Forget About You)","OG Filename: Dua x Waxy[1]
Unknown title, featuring unknown singer. Unofficial title is ""Forget About You"". Recorded in 2015. Co-writers are unknown for this track.",3:39,,"Jul 11, 2026",OG File,High Quality,"https://pillows.su/f/ccd204eae95d9925412f43be34aa4214
https://imgur.gg/f/Mtrd3O8"
Dua Lipa,"Fun [V1]
(prod. Jeff Bhasker)","OG Filename: FUN 1b_DEMO
Demo version. Recorded in 2016. Not to be confused with the 2019's unreleased song with the same name from FN sessions. Co-written with Jeff Bhasker.",2:23,,"Jul 26, 2025",OG File,High Quality,"https://pillows.su/f/834f7c8724c2445c10032a52a0de47b9
https://imgur.gg/f/i1BVPK0"
Dua Lipa,"⭐ Fun [V2]
(prod. Jeff Bhasker)","OG Filename: FUN n1
Final version.",3:02,,"Feb 24, 2025",OG File,CD Quality,"https://pillows.su/f/f9545f03522fe33a9f1a100590429702
https://imgur.gg/f/i7ZONBw"
Dua Lipa,"⭐ Funerals
(prod. Andrew Wyatt)","OG Filename: Funerals Andrew Wyatt x Coffee
Recorded in 2017. Co-written with Andrew Wyatt and Clarence Coffee Jr. Listed in Dua's Tap Box files. The track was recorded after the standard edition of the album was released, which indicated it was meant for the ""Dua Lipa Complete Edition"". The Future Nostalgia sessions began in January 2018.",3:36,,"Jul 25, 2025",OG File,CD Quality,"https://pillows.su/f/8354d8a13b64afde5e018028fc9e1b4d
https://imgur.gg/f/uKi1QOy"
Dua Lipa,"⭐ Get Arrested
(prod. RITUAL)
(Arrested)","OG Filename: arrested mastering test1
Recorded in 2015. Co-written with Adam Midgley, Tommy Baxter, Gerard O’Connell who are all members of ""RITUAL"".",3:25,,"Jul 24, 2025",OG File,High Quality,"https://pillows.su/f/6bf6ec957ba750e7e772949fb41163f7
https://imgur.gg/f/5gY4ufm"
Dua Lipa,"Good Things [V1]
(prod. Supa Dups)",Demo 1. Co-written with Daniel Daley.,?:??,,,Confirmed,Not Available,"N/A
N/A"
Dua Lipa,"Good Things [V2]
(prod. Supa Dups)",Demo 2. Recorded in 2014.,3:33,,"Aug 2, 2021",Full,CD Quality,"https://pillows.su/f/d5871aea27b8e0842bf441ca34065606
https://imgur.gg/f/RTifcX7"
Dua Lipa,"⭐ Good Things [V3]
(prod. Supa Dups)",Final version with slight instrumental changes. Recorded in 2014.,3:33,,"Aug 3, 2021",Full,CD Quality,"https://pillows.su/f/73e95c3e300c54b49a6fa00f30a12ae3
https://imgur.gg/f/pXMNbop"
Dua Lipa,"Good Things (Remix)
(prod. Supa Dups)",Remix version of 'Good Things'. Recorded in 2014.,3:34,,"Jan 4, 2022",Full,CD Quality,"https://pillows.su/f/cc4e5d6963364a95f71f26adf1667c74
https://imgur.gg/f/Wr7fymW"
Dua Lipa,"🗑️ Gravy Baby
(prod. Karma Kid)","OG Filename: Gravy Baby - Karma Kid and Tom Havelock
Recorded in 2014. Listed in Dua's Tap Box files. Co-written with Tom Havelock.",3:32,,"Jul 25, 2025",OG File,Lossless,"https://pillows.su/f/8abee03836f92af5f642cebca1f46173
https://imgur.gg/f/0KnD1T8"
Dua Lipa,"Greedy [V1]
(prod. Jason Gill, Scribz Riley)","OG Filename: Greedy - Dua Lipa, Talay Riley, Scribz Riley, Jason Gill
Earlier version with different mix. Co-written with Talay Riley, Scribz Riley and Jason Gill.",3:31,,"Jun 23, 2025",OG File,CD Quality,"https://pillows.su/f/dcf54c791952b135014e3be7fb2b9f62
https://imgur.gg/f/zj27Lj4"
Dua Lipa,"⭐ Greedy [V2]
(prod. Jason Gill, Scribz Riley)","OG Filename: Greedy Demo4 Talay Riley
Final version, demo 4 according to file name. Recorded in 2015.",3:31,,"Jul 26, 2025",OG File,CD Quality,"https://pillows.su/f/d08ddd2cbd3acf62b65b8bd431f216fd
https://imgur.gg/f/O963bfW"
Dua Lipa,"Greedy [V3]
(ref. Delacey) (prod. Henrik Michelsen)",Reference demo by Delacey. The track was reproduced by Henrik Michelsen.,?:??,,,Confirmed,Not Available,"N/A
N/A"
Dua Lipa,"Hard Work
(prod. Greg Wells)",Recorded in 2015.,3:35,,"Feb 22, 2025",Full,High Quality,"https://pillows.su/f/266a6dcbd515efccac85d7daeb4ea812
https://imgur.gg/f/qWLblUO"
Dua Lipa,"⭐ High Expectations
(prod. Teddy Geiger)","OG Filename: HIGH EXPECTATIONS ROUGH - Teddy Geiger x Joe London x Dua
Recorded in 2015. Listed in Dua's Tap Box files. Co-written with Joe London and Teddy Geiger.",2:39,,"Jul 25, 2025",OG File,CD Quality,"https://pillows.su/f/efc18e268487bd2a48a758b0205b2441
https://imgur.gg/f/JyD8VQQ"
Dua Lipa,"High, Wild & Free [V1]
(prod. Toby Gad)","Demo version. Recorded in 2016. Co-written with Sarah Hudson, Toby Gad and Blair Gormal.",3:51,,"Nov 16, 2023",Full,High Quality,"https://pillows.su/f/c7f5dcca7903ed5569a5673cde155079
https://imgur.gg/f/d6hHhjj"
Dua Lipa,"⭐ High, Wild & Free [V2]
(prod. Toby Gad)",Final version. Minor difference before the chorus drops. Temporarily appeared on streaming service Pandora in 2018 as an unofficial upload. Recorded in 2016.,3:51,,"Jul 3, 2018",Full,High Quality,"https://pillows.su/f/eef9c7f364769086f1545fee1565448f
https://imgur.gg/f/KXSMd1K"
Dua Lipa,"🗑️ Homesick
(prod. Tom Neville)","OG Filename: Homesick - Tom Neville-Autumn Rowe
Recorded in 2014. Not to be confused with the song released on DL1 with the same title. Co-written with Autumn Rowe.",4:08,,"Jul 25, 2025",OG File,CD Quality,"https://pillows.su/f/668b697da8f15f543bdfd98daee5c2b7
https://imgur.gg/f/Swe78sI"
Dua Lipa,"Hooligan [V1]
(prod. Josh Record)","OG Filename: hooligan rough session bounce - Josh Record
Demo 1. Recorded in 2015. Co-written with Josh Record and Jacob Attwooll.",3:25,,"Jul 20, 2025",OG File,CD Quality,"https://pillows.su/f/07f9dfc3c470262855c0a7fcccbac11d
https://imgur.gg/f/neMhuri"
Dua Lipa,"⭐ Hooligan [V2]
(prod. Josh Record)",Demo 2.,3:30,,"Mar 11, 2025",Full,CD Quality,"https://pillows.su/f/94554091f76e65f5b9c140f70bfb1e2e
https://imgur.gg/f/fTruCBD"
Dua Lipa,"🗑️ Hot Air
(prod. Tim Larcombe)","OG Filename: Hot Air - Tim L Hannah Blonde
Recorded in 2014. Co-written with Hannah Blonde and Tim Larcombe.",2:30,,"Feb 25, 2025",OG File,CD Quality,"https://pillows.su/f/083f869bd31ba9763ec1632e1ad10526
https://imgur.gg/f/gJEbqgC"
Dua Lipa,"⭐ How To Love
(prod. Dom Search)","OG Filename: how to love - Dom Nextmen
Recorded in 2014. Co-written with Dom Nextmen.",3:46,,"Jul 25, 2025",OG File,High Quality,"https://pillows.su/f/d27a58e6001b1f41f2e3fa0b846b0dc5
https://imgur.gg/f/VVJb0sP"
Dua Lipa,"⭐ Human
(prod. King Henry)","OG Filename: HUMAN V1
Recorded in 2016. This is not the same track as the Future Nostalgia outtake from 2018 titled ""Human"" also. Co-writers of the track are unknown. The original file of the track was leaked on June 1st, 2026.",4:32,,"Apr 16, 2021",OG File,CD Quality,"https://pillows.su/f/ad0ddd08fdfdf30dc4842ee099bbf155
https://imgur.gg/f/hcfbWGY"
Dua Lipa,⭐ Hunters,"OG Filename: Hunters - Joe London-Ruth Anne.
Recorded in 2015. Listed in Dua's Tap Box files. Co-written with Joe London and Ruth Anne. Parts of the pre-chorus was reworked into 25/8. Producer of the track is not known.",3:00,,"Jul 25, 2025",OG File,CD Quality,"https://pillows.su/f/ef70c0b5f1ec53348766716c5367c521
https://imgur.gg/f/aKZDe4b"
Dua Lipa,"I Can't Save You [V1]
(prod. Eg White)","OG Filename: I can t save you - Eg White
Demo 1. Recorded in 2014. Co-written with EG White.",2:40,,"Jul 26, 2025",OG File,High Quality,"https://pillows.su/f/7f90a75d2371042931e14d33a50490ea
https://imgur.gg/f/4vAvdJc"
Dua Lipa,"I Can't Save You [V2]
(prod. Eg White)","OG Filename: I can't save you-msAS_02-01
Demo 2. Recorded in 2014. Listed in Dua's Tap Box files.",3:23,,"Jul 25, 2025",OG File,High Quality,"https://pillows.su/f/b6e74d043dfb642249973f857b0b6d82
https://imgur.gg/f/68WaMdW"
Dua Lipa,"⭐ I Was Like
(prod. Artery)
(Lies Lies Lies)","OG Filename: LIESLIESLIESPrint - Artery
Recorded in 2014. The song is cut at the end due to an error exporting the session bounce. Co-written with Artery.",2:21,,"Jul 16, 2025",OG File,High Quality,"https://pillows.su/f/dc1a49ac84552814c4d996cadda3b98d
https://imgur.gg/f/uhMhURL"
Dua Lipa,"⭐ I'm All Yours
(prod. Steve Booker)","OG Filename: I m All Yours - Steve Booker
Recorded in 2015. Co-written with Steve Booker.",4:06,,"Jul 25, 2025",OG File,High Quality,"https://pillows.su/f/de38f91b82c35426dbe43e49ce13633b
https://imgur.gg/f/qUchiA5"
Dua Lipa,"⭐ If I Told You
(prod. Tom Neville)","OG Filename: if I told you - tom neville
Recorded in 2014. Co-writers of the track are unknown.",3:28,,"Jul 25, 2025",OG File,CD Quality,"https://pillows.su/f/a6a7e87f5135b9174e7c6c5b3761d6f2
https://imgur.gg/f/2xzFAYh"
Dua Lipa,"Irreversible
(prod. John Hill & Kid Harpoon)","OG Filename: Irreversible - John Hill and Kid Harpoon
Recorded in 2015. Co-written with John Hill and Kid Harpoon.",4:15,,"Dec 12, 2021",OG File,High Quality,"https://pillows.su/f/24073c43598a3b799ffcc5b97494f561
https://imgur.gg/f/mb58zCn"
Dua Lipa,"⭐ It's Too Late
(prod. Lovy Longomba)
(Too Late)","OG FIlename: Its To late_03
Recorded in 2015. Co-written with Emily Warren and Lovy Longomba.",3:11,,"Mar 27, 2025",OG File,CD Quality,"https://pillows.su/f/bb2447d619889121bb7bef223a47bfba
https://imgur.gg/f/horgDOn"
Dua Lipa,"Just Friends
(prod. Tom Neville)
(Just Good Friends)","OG Filename: Just Good Friends - Tom Neville-Kenzie May
Recorded in 2014. Co-written with Kenzie May.",3:17,,"Jul 25, 2025",OG File,CD Quality,"https://pillows.su/f/c603f412ed68625c9d25f6414d91332c
https://imgur.gg/f/h0cQYqQ"
Dua Lipa,"⭐ Kids
(prod. RITUAL)
(The Kids Are Not Alright) (Hit The Rythm)","OG Filename: KIDS - 60A WIP2 ROUGH
Recorded in 2014. Co-written with Adam Midgley, Tommy Baxter, Gerard O’Connell who are all members of ""RITUAL"".",3:32,,"Jul 24, 2025",OG File,High Quality,"https://pillows.su/f/75d72504cfc5ae2a54e15023ef70df52
https://imgur.gg/f/UVSKgtb"
Dua Lipa,"⭐ Kinda Like That
(prod. xSDTRK & Pierre)","OG Filename: Dua Lipa - Kinda Like that v1
Recorded in 2015. Co-written with xSDTRK and Pierre.",3:18,,"Oct 4, 2018",OG File,CD Quality,"https://pillows.su/f/7287e341c872eee21d472a9dc070dc9a
https://imgur.gg/f/knyb0z7"
Dua Lipa,"Kiss The Boys
(prod. Andrew Jackson)","OG Filename: Kiss The Boys - Dua x Matt Hales x Andrew Jackson
Recorded in 2015. Listed in Dua's Tap Box files. Co-written with Matt Hales and Andrew Jackson.",3:08,,"Jul 25, 2025",OG File,High Quality,"https://pillows.su/f/03a1ab24aa791906016a08ae86f36000
https://imgur.gg/f/wZCgHu7"
Dua Lipa,"⭐ Lights Off
(prod. Carey Willetts)","OG Filename: Lights off Demo - Carey Willetts
Recorded in 2014. Co-written with Carey Willets.",4:01,,"Jul 17, 2025",OG File,CD Quality,"https://pillows.su/f/b66d077c12d5d63ad5d15a398a295016
https://imgur.gg/f/LSQNfsJ"
Dua Lipa,"Like Me Like That [V1]
(ref. Jamie Scott) (prod. Jamie Scott & Jonny Coffer)","OG Filename: Dua_Lipa_2015__Jamie_Scott_-_Like_Me_Like_That_v0.mp3_via_Alexandra_Ziem_Kopie
Reference track/writer's demo by Jamie Scott.",3:40,,"Jun, 2024",OG File,CD Quality,"https://pillows.su/f/57fffbe0ba64a6712a9694b1c2a8aa91
https://imgur.gg/f/4LC8jSa"
Dua Lipa,"🏆 Like Me Like That [V2]
(prod. Jamie Scott & Jonny Coffer)","Co-written with Jamie Scott and Jonny Coffer. Unsure if his vocals are on the track. Recorded in May 2015. A snippet leaked on November 27th, 2025. A second snippet leaked May 12th, 2026.",?:??,,,Snippet,High Quality,"https://pillows.su/f/f5d1ef854fff7f5a79f34e2b8e0a4f20
https://imgur.gg/f/9LhMerG"
Dua Lipa,"⭐ Lipstick Blues
(prod. DayTrip)","OG Filename: Lipstick Blues (RUFF V 0.1)
Recorded in 2015. Listed in Dua's Tap Box files. Co-written with Denzel Baptiste and David Biral in which they are the duo group ""DayTrip"".",2:58,,"Jul 25, 2025",OG File,CD Quality,"https://pillows.su/f/183aa86694ccc6ef660b5b3f1c812994
https://imgur.gg/f/9LhMerG"
Dua Lipa,"⭐ Living Life
(prod. Kid Harpoon)","OG Filename: Living Lyfe demov1.0 - Kid Harpoon
Recorded in 2015. Co-written with Kid Harpoon.",2:32,,"Mar 2, 2021",OG File,High Quality,"https://pillows.su/f/f244da2382bd1c18043cadcf1ed0c190
https://imgur.gg/f/wVOXjod"
Dua Lipa,"⭐ Lonely
(prod. KOZ)","OG Filename: LONELY-ref1 Justin and Talay
Recorded in March/April 2016. Co-written with Taley Riley and Justin Tranter.",3:48,,"Feb 10, 2025",OG File,High Quality,"https://pillows.su/f/80072f8c8efef08ec97f12b9b57bab30
https://imgur.gg/f/hOzPMUg"
Dua Lipa,"🗑️ Looking For Trouble
(prod. KOZ)","OG Filename: LOOKING FOR TROUBLE-ref1 Justin T, Jenna A, Talay
Recorded in 2016. Co-written with Justin Tranter, Talay Riley and Jenna Andrews.",2:48,,"Nov 8, 2020",OG File,High Quality,"https://pillows.su/f/c6ee356a11dbea6d65b77281d0de0058
https://imgur.gg/f/O8uwpOK"
Dua Lipa,"⭐ Look So Good
(prod. Tom Neville)","OG Filename: Look So Good (demo) - Dua_Chelcee_TomNeville
Recorded in 2015. Co-written with Chelcee Grimes.",2:34,,"Jun 1, 2026",OG File,CD Quality,"https://pillows.su/f/6a0590446828bdfb1c8bc85da2257539
https://imgur.gg/f/dmZhGfy"
Dua Lipa,"🗑️ Lose My Mind
(prod. Mac & Phil)","OG Filename: Lose My Mind - Sunny J _ Mac _ Phil
Recorded in 2015. Co-written with Sunny J, Steve Mac and Phil Cook.",3:51,,"Jul 9, 2025",OG File,CD Quality,"https://pillows.su/f/939b31477b1b9aeda091e6e47cda0b97
https://imgur.gg/f/77teYF3"
Dua Lipa,"⭐ Lose Myself
(prod. The Monsters & Strangerz, E. Kidd Bogart & David Pramik)","OG Filename: Lose Myself DuaLipa Monsters Evan Bogart030416
File dated ""03.04.2016"" which could either be April 3rd, 2016 or March 4th, 2016. Later reworked by David Pramik and pitched for Disney soundtracks. Co-written with E. Kidd Bogart, Stefan Johnson and Jordan K. Johnson. Stefan Johnson and Jordan K.Johnson are the duo group ""The Monsters & Strangerz"".",3:39,,"Sep 21, 2018",OG File,CD Quality,"https://pillows.su/f/fc045b89de08e865694faca439638b5f
https://imgur.gg/f/QgUSjzX"
Dua Lipa,"🗑️ Lost In Translation
(prod. Supa Dups)
(Lost)","OG Filename: Lost In Translation-DuaLipa-DanielDaley-SupaDups
Recorded in 2014. Co-written with Daniel Daley.",2:08,,"Feb 16, 2023",OG File,CD Quality,"https://pillows.su/f/a4b28f3eb9013dacb4a4debc079347e9
https://imgur.gg/f/RGQG1fl"
Dua Lipa,"Lot To Love [V1]
(prod. Pharrell Williams)
(Lot 2 Love)","OG Filename: Lot 2 Love - Dua Lipa, Talay Riley, Pharrell
Demo version. Co-written with Talay Riley and Pharell Williams.",3:37,,"Jul 13, 2024",OG File,CD Quality,"https://pillows.su/f/39383e1fab09fcd8f1b594b89be475d8
https://imgur.gg/f/SamwVTr"
Dua Lipa,"⭐ Lot To Love [V2]
(prod. Pharrell Williams)
(Lot 2 Love)","OG Filename: LOT TO LOVE - Robin Hannibal and Talay Riley
Recorded in 2015.",3:38,,"Oct 1, 2020",OG File,CD Quality,"https://pillows.su/f/9bf28c9fa31c564a25bd521c03f021ca
https://imgur.gg/f/5y939Rd"
Dua Lipa,"⭐ Love Me Like
(prod. ADP)","OG Filename: Love Me Like - ADP and Niara
Recorded in 2014. Co-written with Niara Marley and ADP.",3:02,,"Jul 16, 2025",OG File,CD Quality,"https://pillows.su/f/07268a4c94b8fbd69664cd6cf8b82fb7
https://imgur.gg/f/BB9fokV"
Dua Lipa,"⭐ Love Me More [V1]
(prod. Frequency)","OG Filename: Love Me More - Frequency
OG version. Recorded in 2015. This song has many demos, since it was written and reworked several times from January - October 2015. Co-written with Pawws. Revealed in a leak list. Listed in Dua's Tap Box files.",3:57,,"Jul 24, 2025",OG File,High Quality,"https://pillows.su/f/91505b13f1c78f81a0eee1315613a35f
https://imgur.gg/f/zTnhlW2"
Dua Lipa,"Love Me More [V2]
(ref. Autumn Rowe) (prod. Frequency)","OG Filename: Love Me More (No Dua on Verse)
First rewrite, with Autumn Rowe on the new verses and Dua on the chorus.",3:34,,"Jul 26, 2025",OG File,High Quality,"https://pillows.su/f/998aeb3e6cbd0eb9d105b29dce2c6e0e
https://imgur.gg/f/FhTPfdK"
Dua Lipa,"Love Me More [V3]
(ref. JHart) (prod. Frequency)","Second rewrite, with JHart on the new verses and Dua on the chorus.",3:31,,"Dec 21, 2025",Full,High Quality,"https://pillows.su/f/440243a54ee14d1c59f1107b7d93fb7e
https://imgur.gg/f/z2b1lkE"
Dua Lipa,"Love Me More [V4]
(ref. JHart) (prod. Frequency)","OG Filename: Love Me More v2 w verses
Demo with JHart on the verses and Dua on the chorus. Slight lyircal difference in the first verse.",3:31,,"Dec 21, 2025",OG File,High Quality,"https://pillows.su/f/e23fc71baea95b80b1398160f3cd0c03
https://imgur.gg/f/yL8FGFz"
Dua Lipa,"Love Me More [V5]
(prod. Frequency)","OG Filename: Love Me More (Verses Bounce)
Third rewrite with Dua only in the new verses.",1:46,,"Jul 26, 2025",OG File,High Quality,"https://pillows.su/f/a498ce7d7ffaec63eacf9cbccb25591b
https://imgur.gg/f/kLgkepI"
Dua Lipa,"Love Me More [V6]
(prod. Frequency)","OG Filename: Love Me More DUA NEW VRS
Demo with Dua in the new verses and chorus.",3:33,,"Jul 17, 2025",OG File,High Quality,"https://pillows.su/f/f02118a398476588dd824847f169566a
https://imgur.gg/f/y1Jovy8"
Dua Lipa,"⭐ Love Me More [V7]
(ref. Pawws) (prod. Frequency)","OG Filename: Love Me More PRE IDEA - Dua x Pawws
Fourth rewrite, with Pawws on the new pre-chorus.",3:32,,"Jul 26, 2025",OG File,High Quality,"https://pillows.su/f/21e0abe5d0248d1171eebc4d0ec1c2f4
https://imgur.gg/f/WT3ePrU"
Dua Lipa,"Love You Better [V1]
(prod. Naughty Boy)
(Me)","OG Filename: Me (Dua Lipa, Emily Warren, Pawws, Naughty Boy)
Demo 1. Original title is 'Me'. Recorded in 2016. Co-written with Emily Warren, Pawws and Naughty Boy.",3:15,,"Dec 24, 2023",Full,CD Quality,"https://pillows.su/f/400c34050edaca30dbf5e7f3a660092c
https://imgur.gg/f/fp6dmaM"
Dua Lipa,"Love You Better [V2]
(prod. Naughty Boy)","OG Filename: DUA LIPA x NAUGHTY BOY - LOVE YOU BETTER -2016
Demo 2. Recorded in 2016.",3:30,,"Dec 3, 2021",Full,CD Quality,"https://pillows.su/f/10790e6b23b9634a56d567dddd824ff9
https://imgur.gg/f/94Ak4l9"
Dua Lipa,"Million Dollar Smile
(prod. David Biral)","OG Filename: Million Dollar Smile - David - Valentina
File dated ""8.04.2014"" which could either be August 4th, 2012 or April 8th, 2014. Listed in Dua's Tap Box files. Co-written with David Biral from ""DayTrip"".",3:48,,"Jul 25, 2025",OG File,High Quality,"https://pillows.su/f/3aac08f273df98bb74a7be6eaec15819
https://imgur.gg/f/x6FYhTF"
Dua Lipa,"⭐ More Of You
(prod. xSDTRK)",Recorded in 2015. Co-written with xSDTRK.,3:43,,"Jun 23, 2025",Full,CD Quality,"https://pillows.su/f/f6626e8213af9616a91c6d342207c05f
https://imgur.gg/f/7pHvOK2"
Dua Lipa,"Need A Cigarrette
(prod. Laleh)","OG Filename: Need A Cigarette scratch - Jesse Shatkin and Laleh
Recorded in 2015. Listed in Dua's Tap Box files. Co-written with Jesse Shatkin and Laleh.",2:39,,"Jul 25, 2025",OG File,High Quality,"https://pillows.su/f/cdd013861b3d900dc9f5d738ecb70831
https://imgur.gg/f/AuqihbO"
Dua Lipa,"⭐ Need You [V1]
(prod. Tobias Jesso Jr)
(I Need U)","OG Filename: Need You - Dua Lipa 2.1.17
File date: February 1st, 2017. Co-written with Tobias Jesso Jr.",3:22,,"Dec 3, 2021",OG File,CD Quality,"https://pillows.su/f/d27d2a7b527ee2a8bcda4b1eb894be5b
https://imgur.gg/f/5j8Vgx3"
Dua Lipa,"🗑️ New York (Mend My Broken Heart)
(prod. Florian Reutter)","Meant to be on self-titled, but leaked before release. Recorded in 2014. Co-written with Sacha Skarbek and Fliran Reutter.",4:09,,"Sep 1, 2016",Full,High Quality,"https://pillows.su/f/d41c8e522dea25d23688a7e2f8d241be
https://imgur.gg/f/VTzD4iE"
Dua Lipa,"⭐ Nothing But The Lights On
(prod. RITUAL)","OG Filename: Dua Lipa - Nothing But The Lights On - demo day 1
Recorded in 2014. Co-written with Adam Midgley, Tommy Baxter, Gerard O’Connell who are all members of ""RITUAL"".",3:14,,"Jul 17, 2025",OG File,CD Quality,"https://pillows.su/f/f33bfe125b96aa791272fa40e6a71105
https://imgur.gg/f/RY14dAX"
Dua Lipa,⭐ Nothing I Wouldn't Do,"OG Filename: Nothing I Wouldn't Do - Dua Lipa Sarah Hudson
Recorded in 2017. Co-written with Sarah Hudson. Producer of the track is unknown.",2:55,,"Feb 27, 2025",OG File,High Quality,"https://pillows.su/f/ed5e646828cfaf3b66c8f031acc2c92b
https://imgur.gg/f/YAYc5dF"
Dua Lipa,"Numb
(prod. Nick Hodgson)","OG Filename: Numb (day 1) - Nick and Gez
Recorded in 2014. Co-written with Gez O'Connell and Nick Hodgson.",2:03,,"Jul 25, 2025",OG File,CD Quality,"https://pillows.su/f/4d15ae8cb77cbe4b8e8f408709c977d5
https://imgur.gg/f/Np2zDOw"
Dua Lipa,"🗑️ O.B.E.Y.
(prod. TMS)
(Obey)","OG Filename: O.B.E.Y. v3 - TMS x Dua Lipa
Concept demo. Track title says ""V3"", so there's possibly more versions. Recorded in 2016. Co-written with Benjamin Kohn and Pete 'Merf' Kelleher, both of which are in the duo production team ""TMS"".",1:54,,"Feb 20, 2025",OG File,CD Quality,"https://pillows.su/f/53c6a2cec08b5d123247dda18cc4109f
https://imgur.gg/f/a7xYnGU"
Dua Lipa,"⭐ On My Own
(feat. Tinie Tempah) (prod. Artery)","OG Filename: On My Own - Artery
The male vocalist featured on the track is most likely Tinie Tempah, but it's yet to be confirmed. Recorded in 2014. Co-written with Artery and Tinie Tempah.",3:36,,"Dec 3, 2021",OG File,High Quality,"https://pillows.su/f/21aeae7ffeffaad3219d55f23b9b34b0
https://imgur.gg/f/MiJWHie"
Dua Lipa,"One For The Night [V1]
(prod. Kid Harpoon)","OG Filename: One For The Night WIP 071114 KH
Demo 1. Recorded on November 7th, 2014. Co-written with Kid Harpoon.",4:00,,,Confirmed,Not Available,"N/A
N/A"
Dua Lipa,"⭐ One For The Night [V2]
(prod. Kid Harpoon)","OG Filename: One For The Night - Kid Harpoon
Demo 2. Recorded in November 21st, 2014.",4:09,,"Sep 30, 2020",OG File,High Quality,"https://pillows.su/f/612d04a6fa48b8db774cf3ddecd0f13d
https://imgur.gg/f/UYGCp2L"
Dua Lipa,"One For The Night [V3]
(prod. Kid Harpoon)","OG Filename: One For The Night KH 080515 V3
Final, version 3, according to OG file name. Different lyrics and vocals. File date: August 5th, 2015.",4:07,,"Jul 25, 2025",OG File,High Quality,"https://pillows.su/f/6c21d045dc132502452affc6a7f2243f
https://imgur.gg/f/RgqkWKg"
Dua Lipa,"One More River [V1]
(ref. Jojo) (prod. Steve Mac)",Written by Ina Wroldsen and Steve Mac. Jojo recorded a demo of the track in October 2014 and was later sent to Dua Lipa to record a demo in 2015.,?:??,,,Confirmed,Not Available,"N/A
N/A"
Dua Lipa,"🗑️ One More River [V2]
(prod. Steve Mac)","OG Filename: One More River
Written by Ina Wroldsen and Steve Mac. Recorded on September 9th, 2015. After Dua Lipa recorded her demo, the song was later sold and released by singer Melo in 2018.",3:40,,"Jul 25, 2025",OG File,CD Quality,"https://pillows.su/f/48f500356ecb9f2cbe8b78e201aa418a
https://imgur.gg/f/lup5hO9"
Dua Lipa,"🗑️ Overflow
(prod. Al Shux)","OG Filename: dua ovrflo- rough 1st day
Rough demo recorded in 2015. Co-written with Kittie Harloe and AI Shux.",3:20,,"Dec 3, 2021",OG File,CD Quality,"https://pillows.su/f/cad783686950c53381e2a24d902389ac
https://imgur.gg/f/9hNE429"
Dua Lipa,"⭐ OWE
(prod. Jim Eliot)
(Owe)","OG Filename: OWE (DEMO)
Co-written with Wayne Hector and recorded in 2015. Dua posted the lyrics as a caption on Instagram on June 30th, 2015.",3:26,,"Nov 3, 2024",OG File,High Quality,"https://pillows.su/f/7ac51516f1a7d9c02b32939450690122
https://imgur.gg/f/jR7CLEh"
Dua Lipa,"⭐ Painkiller
(prod. Adam Argyle)","OG Filename: Painkiller (StrippedDemo) - Adam Argylle
Recorded in 2014. Co-written with Adam Argylle.",3:02,,"Jul 25, 2025",OG File,CD Quality,"https://pillows.su/f/3c601921a1635896bb1f3f64301eef01
https://imgur.gg/f/SED4dvo"
Dua Lipa,"Pieces [V1]
(prod. xSDTRK)","OG Filename: Pieces [ xSDTRK Session Version ] 
Demo version. Recorded in 2015. Co-written with xSDTRK and Ross Golan.",4:21,,"Jul 26, 2025",OG File,CD Quality,"https://pillows.su/f/a0f99eba5befd6dc42283197fd1c182a
https://imgur.gg/f/xuDour9"
Dua Lipa,"🗑️ Pieces [V2]
(prod. xSDTRK)","OG Filename: CHIIILD , DUA LIPA , ROSS GOLAN - Pieces
Final version.",3:54,,"May 20, 2025",OG File,Lossless,"https://pillows.su/f/b5c0b942a45a3ee980d778f79ca8c367
https://imgur.gg/f/eASbHC0"
Dua Lipa,"Pour Me A Lie
(prod. Kid Harpoon)","OG Filename: Pour Me A Lie rework v1.0 - Kid Harpoon
Recorded in 2015. Co-written with Kid Harpoon",2:18,,"Oct 1, 2020",OG File,High Quality,"https://pillows.su/f/e52cbd4967910824e237ba8f62fb48c5
https://imgur.gg/f/8sZ2ORP"
Dua Lipa,"⭐ Private Lies
(prod. Tim Larcombe)","OG Filename: Private Lies - Tim L and Andy J
Recorded in 2014. Co-written with TIm Larcombe and Andy J.",1:20,,"Jul 25, 2025",OG File,CD Quality,"https://pillows.su/f/fb4e40ffb27d5ca9761a4793d0948942
https://imgur.gg/f/TWdNchY"
Dua Lipa,"Queen Of Hearts [V1]
(prod. RITUAL)","Version 1. Recorded in 2014. Co-written with Adam Midgley, Tommy Baxter, Gerard O’Connell who are all members of ""RITUAL"".",?:??,,,Confirmed,Not Available,"N/A
N/A"
Dua Lipa,"⭐ Queen Of Hearts [V2]
(prod. RITUAL)","OG Filename: QUEEN OF HEARTS - Staz - Adam Midgley - BLANK V2
Version 2, according to OG file name, suggesting an earlier demo exists.",2:56,,"Jul 25, 2025",OG File,High Quality,"https://pillows.su/f/e07343635981b2da88fd25bc17abbe16
https://imgur.gg/f/Pyuab5m"
Dua Lipa,"⭐ Quiet Moment [V1]
(prod. Cutfather, IDA & Blank & Jones)","OG Filename: Quiet Moment rough mix_Dua_IDA_Andrew Jackson_Cutfather
Demo version recorded in Janurary 2017. Co-written with Andrew Jackson. The song was later sold to and recorded by JoJo.",3:15,,"Jul 17, 2025",OG File,High Quality,"https://pillows.su/f/345549bc0bdde3f5cc78eca50a683639
https://imgur.gg/f/zaCReJD"
Dua Lipa,"Quiet Moment [V2]
(prod. Cutfather, IDA & Blank & Jones)",Final version from March 2017. Its rumored that the song was also reworked in 2018 during FN sessions for pitching to other artists.,?:??,,,Confirmed,Not Available,"N/A
N/A"
Dua Lipa,"Quiet Moment [V3]
(ref. Jojo) (prod. Cutfather, IDA & Blank & Jones)",Co-written with Andrew Jackson. Reference demo by Jojo in which she recorded her demo of the track in 2018 after Dua Lipa's final demo.,?:??,,,Confirmed,Not Available,"N/A
N/A"
Dua Lipa,"Remember Me
(prod. Eg White)","OG Filename: remember me - Eg White
Recorded in 2014. Co-written with EG White.",3:26,,"Jul 25, 2025",OG File,High Quality,"https://pillows.su/f/47beab4c239d3cf9ae705108a0d8a5f1
https://imgur.gg/f/1zXi649"
Dua Lipa,"Requiem Lights [V1]
(prod. Jim Duguid)","OG Filename: DUA Requiem RESCUE PIANO demo
Piano version. A fake snippet leaked on March 2nd, 2025.",3:28,,,Confirmed,Not Available,"N/A
N/A"
Dua Lipa,"Requiem Lights [V2]
(prod. Jim Duguid)","OG Filename: DUA L oRequiem Lights
Demo 2. Recorded in 2014.",2:25,,,Confirmed,Not Available,"N/A
N/A"
Dua Lipa,"⭐ Requiem Lights [V3]
(prod. Jim Duguid)",2014 final version. Listed on Dua's Songfile.,4:15,,"Mar 1, 2025",Full,CD Quality,"https://pillows.su/f/3cdb204e23bdefc78c3dc4800af3102c
https://imgur.gg/f/RzDIREa"
Dua Lipa,"🗑️ Retrograde
(prod. Major Lazer, King Henry, Jr. Blender)","Dua's version of the Aleyna Tilki's song. Most probably written for a Diplo's project. Recorded in 2017. Co-written with Clarence Coffee Jr.,  Sarah Hudson and Jr. Blender.  This indicates it was considered for release on the ""Dua Lipa (Complete Edition)"", since the Future Nostalgia sessions started in January 2018.",2:35,,"Nov 13, 2024",Full,High Quality,"https://pillows.su/f/d2e20b34767c5f906e24c4ca54186237
https://imgur.gg/f/vG027lO"
Dua Lipa,"Roses & Fire [V1]
(prod. Supa Dups & Nineteen85)",Demo version. Recorded in 2014. Co-written with Talay Riley and Nineteen85.,4:00,,"Mar 24, 2021",Full,CD Quality,"https://pillows.su/f/a3f60c358dca47c7e795f78c8253c7f0
https://imgur.gg/f/4kkcgEH"
Dua Lipa,"⭐ Roses & Fire [V2]
(prod. Supa Dups & Nineteen85)","OG Filename: Roses__Fire-DLVoxRef
Different mix with small production changes. Recorded in 2014.",3:54,,"Feb 19, 2021",Full,CD Quality,"https://pillows.su/f/e51a3cc167006807289695ab76ab9af7
https://imgur.gg/f/oQmmnRH"
Dua Lipa,"Roses & Fire [V3]
(prod. Supa Dups & Nineteen85)","OG Filename: Roses & Fire - Supa Dups_1985_Talay
Final version. Recorded in 2014.",3:54,,"Aug 2, 2025",OG File,CD Quality,"https://pillows.su/f/24b04f483278b804cccd251da8f0feb3
https://imgur.gg/f/byuphyu"
Dua Lipa,"⭐ Rule Number 4
(prod. Kinetics & One Love)
(Wise Men) (High Supply) (Feel Alive)","OG Filename: Rule Number 4 (Kinetics & One Love, Dua Lipa)
Recorded in 2015. Co-written with Kinetics and One Love.",3:51,,"Mar 29, 2021",OG File,CD Quality,"https://pillows.su/f/de83a7882b497451c40ae1dfa29f6e02
https://imgur.gg/f/Q8bIQvy"
Dua Lipa,"⭐ Rumors [V1]
(prod. Diplo, Jr. Blender & King Henry)","OG Filename: rumors v1
Demo 1. Later sold to Sasha Alex Sloan but never released. Recorded in 2017. This indicates it was considered for release on the ""Dua Lipa (Complete Edition)"", since the Future Nostalgia sessions started in January 2018. Co-written with Jr. Blender, Clarence Coffee Jr. and Sarah Hudson.",3:05,,"Jun 23, 2025",OG File,High Quality,"https://pillows.su/f/524363c05d2055a2c8dbdb8e06f0beb5
https://imgur.gg/f/U7EZBA0"
Dua Lipa,"Rumors [V2]
(ref. Sasha Alex Sloan) (prod. Diplo, Jr. Blender & King Henry)",Reference demo by Sasha Alex Sloan.,?:??,,,Confirmed,Not Available,"N/A
N/A"
Dua Lipa,"🗑️ Runaway Child
(prod. Eg White)","OG Filename: Runaway Child - Eg White
Recorded in 2014. Co-written with EG White.",3:11,,"Jul 16, 2025",OG File,High Quality,"https://pillows.su/f/704e73b86e5ad701391bd10cb61b27d7
https://imgur.gg/f/TtK9RGO"
Dua Lipa,"Satisfied [V1]
(prod. Ammo & Joe London)","OG Filename: Satisfied_JOE_LND
Demo version. Recorded on May 24th, 2016. Co-written with Joe London, Emily Warren, Scott Harris and Ammo.",3:55,,"Jul 17, 2024",OG File,CD Quality,"https://pillows.su/f/c2389143bf0fc449aea603e517763d66
https://imgur.gg/f/7vPinKx"
Dua Lipa,"⭐ Satisfied [V2]
(prod. Ammo & Joe London)",Dua's version of the Galantis feat. MAX song with different production. Recorded in 2016.,3:53,,"May 10, 2021",Full,CD Quality,"https://pillows.su/f/ebe3da27d4558383142a593b7225d200
https://imgur.gg/f/BV1CNdk"
Dua Lipa,"Save Someone [V1]
(prod. Tom Neville)","OG Filename: Save Someone - Tom Neville and Autumn Rowe.
Demo 3. Recorded in 2014. Dua perfomed part of the song in Portsmouth, England in December 2014. Co-written with Autumn Rowe.",3:52,,"Nov 16, 2023",OG File,CD Quality,"https://pillows.su/f/00ed74be6179ba9884be1cb57ddc496a
https://imgur.gg/f/VRPprV3"
Dua Lipa,"🗑️ Save Someone [V2]
(prod. Tom Neville)","Final version, apparently demo 7.",3:37,,"Jan, 2020",Full,CD Quality,"https://pillows.su/f/dea139ae9a8c68d066cfb9829f86e20f
https://imgur.gg/f/qLpkTh9"
Dua Lipa,"⭐ Say It Back
(prod. The Monsters & Strangerz)","OG Filename: Say It Back_DuaLipa_030317B
File date: March 3rd, 2017. Co-written with Madison Love, Stefan Johnson and Jordan K. Johnson. Stefan Johnson and Jordan K. Johnson are the production and songwriting ""The Monsters & Strangerz"".",3:35,,"Mar 1, 2025",OG File,CD Quality,"https://pillows.su/f/fe93e8378f886445f9e7b52cea5fad1c
https://imgur.gg/f/ch4hwps"
Dua Lipa,"Say It Back
(ref. Madison Love) (prod. The Monsters & Strangerz)","OG Filename: Say It Back_032517_Alt
Madison Love demo. File date: March 25th, 2017.",3:35,,"Mar 1, 2025",OG File,CD Quality,"https://pillows.su/f/df41a224f40d70e8d87a5457bd339e3d
https://imgur.gg/f/yzfoSnB"
Dua Lipa,"Set Myself On Fire
(prod. Adriano Buffone)","OG Filename: Set Myself On Fire - Adj and Jin Jin 
The song is from the same producer as ""Down Boy"", ""Super Villain"" and ""Tattoos"".
Recorded in 2014. Co-written with Adriano Buffone and Jin Jin.",3:35,,"Jul 25, 2025",OG File,CD Quality,"https://pillows.su/f/8bef2ee66e460063c265db5250487c19
https://imgur.gg/f/flq3dAf"
Dua Lipa,"Shoulda, Woulda, Coulda
(prod. Tim Larcombe)
(Should've, Would've, Could've)","OG Filename: Should,Woulda,Coulda - Tim Larcombe and Caroline Allin
Recorded in 2014. Co-written with Caroline Ailin and Tim Larcombe.",4:21,,"Jul 25, 2025",OG File,CD Quality,"https://pillows.su/f/cdb6002b8bd25526b25a0a44be3b7e07
https://imgur.gg/f/AbxnESc"
Dua Lipa,"⭐ Six Feet Under
(prod. Fred Ball)","OG Filename: SIX FEET UNDER demo
File date: May 8th, 2015. Co-written with Teemu Brunila and Fred Ball.",3:34,,"Dec 3, 2021",OG File,High Quality,"https://pillows.su/f/2d5712d0ba00b9adc652ae88306e74b6
https://imgur.gg/f/8DDVWcd"
Dua Lipa,"⭐ Someone You're Not
(prod. Adam Argylle)","OG Filename: Someone You re Not Mix 3
Mix 3, according to file name. Recorded in 2015. Co-written with Lain James.",3:10,,"Mar 11, 2025",OG File,CD Quality,"https://pillows.su/f/8aca398c96d118c7b0b6f275cca01929
https://imgur.gg/f/rpG6PY8"
Dua Lipa,"⭐ Spilt Milk
(prod. Tobias Karlsson)","OG Filename: Spilt Milk - Tobias Karlsson
Recorded in 2015. Listed in Dua's Tap Box files. Co-written with Tobias Karlsson.",2:47,,"Jul 25, 2025",OG File,High Quality,"https://pillows.su/f/430a25b2b54c2684ff7b15e474213946
https://imgur.gg/f/oA70Bfm"
Dua Lipa,"⭐ Spirit
(prod. Happy Perez)","OG Filename: SPIRIT - Dua x Happy Perez x Andrew Jackson ref 1.1 10.8.15
File dated ""10.8.15"" which could either be October 18th, 2015 or August 10th, 2015. Written by Happy Perez & Andrew Jackson. Listed in Dua's Tap Box files. Co-written with Andrew Jackson and Happy Perez.",3:32,,"Jul 24, 2025",OG File,CD Quality,"https://pillows.su/f/0b048e80fa3a1f70de7b8129e88044d3
https://imgur.gg/f/qoqIkaQ"
Dua Lipa,"Stand My Ground [V1]
(prod. Jayson DeZuzio)",Dua's version of the Tobias Vorwerk's song. Recorded in 2015. Listed in Dua's Tap Box files. Co-written with Karen Poole and Jayson DeZuzio.,?:??,,,Confirmed,Not Available,"N/A
N/A"
Dua Lipa,"Stand My Ground [V2]
(prod. Jayson DeZuzio)",Dua's version of the Tobias Vorwerk's song. Recorded in 2015. Listed in Dua's Tap Box files.,?:??,,,Confirmed,Not Available,"N/A
N/A"
Dua Lipa,"Stand My Ground [V3]
(prod. Jayson DeZuzio)",Dua's version of the Tobias Vorwerk's song. Recorded in 2015. Listed in Dua's Tap Box files.,?:??,,,Confirmed,Not Available,"N/A
N/A"
Dua Lipa,"⭐ Stand My Ground [V4]
(prod. Jayson DeZuzio)","OG Filename: Stand My Ground - Jayson Dezuzio - Karen Poole
Dua's version of the Tobias Vorwerk's song. Recorded in 2015. Listed in Dua's Tap Box files. A snippet with the vocals on top of a fake instrumental leaked on March 22nd, 2025.",3:37,,"Jul 24, 2025",OG File,High Quality,"https://pillows.su/f/382bc4b9fcbe51376b9727950c34c8bd
https://imgur.gg/f/HMvad5A"
Dua Lipa,"Stand My Ground [V5]
(prod. Jayson DeZuzio)",Dua's version of the Tobias Vorwerk's song. Recorded in 2015. Listed in Dua's Tap Box files.,?:??,,,Confirmed,Not Available,"N/A
N/A"
Dua Lipa,"Stand My Ground [V6]
(prod. Jayson DeZuzio)",Dua's version of the Tobias Vorwerk's song. Recorded in 2015. Listed in Dua's Tap Box files.,?:??,,,Confirmed,Not Available,"N/A
N/A"
Dua Lipa,"🗑️ Stuck [V1]
(prod. Chris Loco & Moon Willis)
(Be The One)","OG Filename: Stuck v1
Demo 1. File date: May 25th, 2016. Co-written with Emily Warren, Chris Loco and Moon Willis.",2:56,,"Mar 19, 2025",OG File,CD Quality,"https://pillows.su/f/d714e5800d9cd7b3fa0d1589aeda1f74
https://imgur.gg/f/hnCNnbH"
Dua Lipa,"🗑️ Stuck [V2]
(prod. Chris Loco & Moon Willis)
(Be The One)","OG Filename: Stuck v2 - Lipa_Emily_Loco_Moon
Demo 2. File date: June 9th, 2016.",2:53,,"Jul 25, 2025",OG File,CD Quality,"https://pillows.su/f/1867ac127ec06a32c6330100614bb9f8
https://imgur.gg/f/XgWsfSR"
Dua Lipa,"🗑️ Stuck [V3]
(prod. Chris Loco & Moon Willis)
(Be The One)","OG Filename: Stuck v3 Chris Loco Emily Warren
Final version.",3:14,,"Mar 12, 2025",OG File,CD Quality,"https://pillows.su/f/4d790ca03584410d18abed72058a0d3d
https://imgur.gg/f/cF82iHe"
Dua Lipa,"🗑️ Sunday School
(prod. Rami)","OG Filename: Sunday School - Rami
Recorded in 2014. Listed in Dua's Tap Box files. Co-written with Rami Yacoub.",3:19,,"Jul 25, 2025",OG File,High Quality,"https://pillows.su/f/517fdf15fe2989d17a3b7f7fc2bc1770
https://imgur.gg/f/9QFBs3w"
Dua Lipa,"⭐ Super Villain
(prod. Adriano Buffone)
(Supervillain)","OG Filename: DUA_LIPA_Super_Villain__demo_
Recorded in 2014. Features backing vocals from co-writers Amy Wadge & Adriano ""Adj"" Buffone.",3:18,,"Nov 5, 2024",OG File,CD Quality,"https://pillows.su/f/ef7e15929eb32f8481414d6121f1d701
https://imgur.gg/f/P5e6H0M"
Dua Lipa,"⭐ Superhuman
(prod. Carey Willetts)","OG Filename: Superhuman Demo - Carey Willetts
Recorded in 2014. Co-written with Carey Willetts.",3:17,,"Jul 25, 2025",OG File,CD Quality,"https://pillows.su/f/fa559358684ac043a35537976d8fa528
https://imgur.gg/f/huLTcJy"
Dua Lipa,"⭐ Superstitious
(prod. KOZ)","OG Filename: SUPERSTITIOUS-ref1 Sarah and J Hart
Recorded in 2016. Co-written with Sarah Hudson, JHart and KOZ.",4:07,,"Aug 17, 2023",OG File,High Quality,"https://pillows.su/f/0f8ce874b825f4e95499507b16a707c7
https://imgur.gg/f/3GkvI7M"
Dua Lipa,"Swing In Motion
(prod. Shy Luv)","OG Filename: Swing In Motion - Shy Luv and Tom Aspaul
Recorded in 2014. A photo of Dua on studio recording the song was revealed. Co-written with Tom Aspaul, Sam Knowles and Jake Norma. Sam Knowles is notably known as ""Karma Kid"" and Jake Norma is notably known as ""Armeria"", both of which are part of the duo songwriting and production team ""Shy Luv"".",3:22,,"Jul 25, 2025",OG File,CD Quality,"https://pillows.su/f/434269f3920ca9844ac1fdeda9343b7c
https://imgur.gg/f/2r5Kkt5"
Dua Lipa,"⭐ Talk About It
(prod. Tom Neville)
(Get Over You)","OG Filename: talk about it demo - Chelcee - Tom Neville
Recorded in 2015. Not to be confused with the 2019's unreleased song with the same name from FN sessions. Co-written with Chelcee Grimes.",3:12,,"Oct, 2020",OG File,CD Quality,"https://pillows.su/f/05e5dce71576795c623b6cfba74a7bff
https://imgur.gg/f/DVlLHfs"
Dua Lipa,"⭐ Talk Myself (Out Of It)
(prod. xSDTRK)","OG Filename: Talk myself out of it - Lindy + Talay
Recorded in 2015. Co-written with Lindy Robbins, xSDTRK and Talay Riley",3:09,,"Mar 24, 2021",OG File,Lossless,"https://pillows.su/f/a94c0191b84a888fe856d5e9558c6a78
https://imgur.gg/f/Sf55yYp"
Dua Lipa,"🗑️ Tattoos
(prod. Adriano Buffone)","OG Filename: Tattoos - Amy-Adj
Recorded in 2014. Co-written with Amy Wadge and Adriano Buffone.",3:02,,"Jul 24, 2025",OG File,CD Quality,"https://pillows.su/f/72318f790d988f1858f5441310703365
https://imgur.gg/f/2g4OmOC"
Dua Lipa,"⭐ Tears On The Dancefloor
(prod.  Ian Kirkpatrick)","OG Filename: totdf1-ruf
Recorded in 2016. Co-written with Ian Kirkpatrick.",3:42,,"Jun 1, 2026",OG File,High Quality,"https://pillows.su/f/6f5d6c4faedb9952e197b304c9d9c91e
https://imgur.gg/f/fzLnCJG"
Dua Lipa,"Tell Me
(prod. Sham & Coffee)","OG Filename: TELL ME - Sham and Coffee
Recorded in 2015. Co-written with Shama Joseph.",4:50,,"Feb 20, 2025",OG File,High Quality,"https://pillows.su/f/07c8ce9d931060fca8a4194127152f14
https://imgur.gg/f/1s6gNLj"
Dua Lipa,"Telling It Like It Is [V1]
(prod. Nick Hodgson)","First demo (Day 1). Dua's version of Kygo' feat. Zara Larsson & Tyga song 'Like It Is', with different production. Recorded in 2014, later reworked using OG vocals during FN era for pitching. Co-written with Gex O' Connell.",3:20,,"Dec 21, 2025",Full,CD Quality,"https://pillows.su/f/d6b2c0f03f5d5881adc5afa3e6956570
https://imgur.gg/f/ytRrSZf"
Dua Lipa,"Telling It Like It Is [V2]
(prod. Nick Hodgson)","OG Filename: Telling It Like It Is (day 2) - Nick Hodgson
Demo 2.",3:53,,"Jul 26, 2025",OG File,CD Quality,"https://pillows.su/f/f950920e0379d90f679291fb4da4457d
https://imgur.gg/f/nxFilfN"
Dua Lipa,"Telling It Like It Is [V3]
(prod. Nick Hodgson & Gez)","OG Filename: Telling It Like It Is (day 3) - Nick Hodgson and Gez
Demo 3.",3:53,,"Jul 26, 2025",OG File,CD Quality,"https://pillows.su/f/1902d895925de00574400dcd5352c149
https://imgur.gg/f/29lRUOg"
Dua Lipa,"Telling It Like It Is [V4]
(prod. Nick Hodgson)","OG Filename: Telling It Like It Is (day 5)
Demo 4.",3:52,,"Jul 26, 2025",OG File,CD Quality,"https://pillows.su/f/90ecf1d9538c889492b0fc4f53a2a10c
https://imgur.gg/f/RlbkPoE"
Dua Lipa,"Telling It Like It Is [V5]
(prod. Nick Hodgson)","OG Filename: Telling It Like It Is (new verse) - Nick Hodgson and Gez
Demo 5.",3:53,,"Jul 26, 2025",OG File,High Quality,"https://pillows.su/f/395bbf72cf90266b2762169b77c675b5
https://imgur.gg/f/1K9lEjK"
Dua Lipa,"⭐ Telling It Like It Is [V6]
(prod. Nick Hodgson)","OG Filename: Telling It Like It Is (new edit)
Final version.",3:27,,"May 26, 2019",Full,CD Quality,"https://pillows.su/f/ffbda308dde1427a1d1f92b4074e5fec
https://imgur.gg/f/4WhxD6Z"
Dua Lipa,"⭐ Terms And Conditions
(prod. Kinetics & One Love)",Recorded in 2015.,3:56,,"Aug 6, 2021",Full,CD Quality,"https://pillows.su/f/54a49b69d913c08fad9d899dc26c5a6b
https://imgur.gg/f/u9E45xT"
Dua Lipa,"🏆 Thank You Very Much
(prod. BloodPop®)","The song was later given to Molly Kate Kestner, but she didn't release it. Recorded in 2016. The leaked studio phone recording from Lauren Christy (writer) was the only version known in circulation. However it is confirmed that the original file of the song is in circulation now and is out there.",3:28,,"Nov 5, 2024",Full,Recording,"https://pillows.su/f/b6b1be4998c9e1d130e243788941b0e4
https://imgur.gg/f/PC0unKd"
Dua Lipa,"Thank You Very Much
(ref. Molly Kate Kestner) (prod. BloodPop®)",Reference demo by Molly Kate Kestner sent from Dua Lipa. It is assumed the producer of the track would be BloodPop as well.,?:??,,,Confirmed,Not Available,"N/A
N/A"
Dua Lipa,"That Girl At The Party [V1]
(prod. KOZ)","OG Filename: That girl at the party - dua ref
Demo 1. Recorded in 2015. Co-written with KOZ and Chelcee Grimes.",4:54,,"Nov 6, 2024",OG File,High Quality,"https://pillows.su/f/ec93434550c60c38379815d91161513e
https://imgur.gg/f/ieZzR7O"
Dua Lipa,"That Girl At The Party [V2]
(prod. KOZ)","OG Filename: THAT GIRL AT THE PARTY-ref1
Demo 2, from 2016.",3:43,,"Nov 6, 2024",OG File,High Quality,"https://pillows.su/f/dd181ed7f395ff7cc5b3d6ea7baa45ba
https://imgur.gg/f/VlGsgfK"
Dua Lipa,"That Girl At The Party [V3]
(prod. KOZ)","OG Filename: THAT GIRL AT THE PARTY- ref 2-no ride
Demo 3, file date: March 15th, 2016.",3:40,,"Jul 26, 2025",OG File,High Quality,"https://pillows.su/f/a4290ff1c87ae78d5d9dac3494e0dcc4
https://imgur.gg/f/zADsyCo"
Dua Lipa,"That Girl At The Party [V4]
(prod. KOZ)","OG Filename: THAT GIRL AT THE PARTY- ref 3-no ride
Demo 4, file date: March 21st, 2016.",3:49,,"Jul 26, 2025",OG File,High Quality,"https://pillows.su/f/f549f7fef241c4b8843b7358d1754011
https://imgur.gg/f/272FA0q"
Dua Lipa,"That Girl At The Party [V5]
(prod. KOZ)","OG Filename: THAT GIRL AT THE PARTY- ref 4
Demo 5, file date: March 21st, 2016.",3:40,,"Jul 26, 2025",OG File,High Quality,"https://pillows.su/f/ed559c0ec2de5a6a2433e37b28ed77ff
https://imgur.gg/f/pWi904w"
Dua Lipa,"That Girl At The Party [V6]
(prod. KOZ)","OG Filename: That girl at the party-APR 3
Demo 6, from 2016.",3:40,,"Jul 26, 2025",OG File,High Quality,"https://pillows.su/f/8abe4a439db5f505796f1be1990343e3
https://imgur.gg/f/ps0htmY"
Dua Lipa,"That Girl At The Party [V7]
(prod. KOZ)","OG Filename: TGATP APR 13-1
Demo 7, from 2016.",3:43,,"Jul 26, 2025",OG File,High Quality,"https://pillows.su/f/9262fb60739c5e706ca1b543d9440b7b
https://imgur.gg/f/Y9LeB3H"
Dua Lipa,"That Girl At The Party [V8]
(prod. KOZ)","OG Filename: TGATP APR 13-2
Demo 8, from 2016.",3:37,,"Jul 26, 2025",OG File,High Quality,"https://pillows.su/f/36626de4e384e220676494a219a5a4ad
https://imgur.gg/f/KRC2JP8"
Dua Lipa,"That Girl At The Party [V9]
(prod. KOZ)","OG Filename: TGATP APR 19
Demo 9, from 2016.",3:49,,"Jul 26, 2025",OG File,High Quality,"https://pillows.su/f/4f2cb20a32540bdf2e5668efce1087ea
https://imgur.gg/f/33gW4Fz"
Dua Lipa,"That Girl At The Party [V10]
(prod. KOZ)","OG Filename: 16. That Girl At The Party Latest Mix
Demo 10, from 2016.",3:41,,,Full,High Quality,"Link Needed
Link Needed"
Dua Lipa,"That Girl At The Party [V11]
(prod. KOZ)","OG Filename: GAIN PACIFIC REACALL5
Demo 11, from 2016.",3:41,,,Full,High Quality,"Link Needed
Link Needed"
Dua Lipa,"That Girl At The Party [V12]
(prod. KOZ)","OG Filename: That Girl At the Party Alt
Demo 12, from 2016. Stripped version.",3:41,,"Nov 16, 2023",Full,CD Quality,"https://pillows.su/f/9997c1504a8d3a847af39663ab8ffbb7
https://imgur.gg/f/uITCwrm"
Dua Lipa,"⭐ That Girl At The Party [V13]
(prod. KOZ)","OG Filename: That Girl at the Party Main-MixMastered1644
Final version. Was on the September 2016 version of the album. Recorded in 2016.",3:40,,"Dec 21, 2022",OG File,Lossless,"https://pillows.su/f/c12557801b630b205fc7d06f30cb6545
https://imgur.gg/f/P2IOEqz"
Dua Lipa,"⭐ Think I'm Gonna Go
(prod. Adam Argyle)","OG Filename: Think I'm Gonna Go_NB 1
Recorded in 2014. Listed in Dua's Tap Box files. Co-written with Adam Argyle.",3:16,,"Jul 25, 2025",OG File,CD Quality,"https://pillows.su/f/0e3a16f372533d1a9e78047bcc1b6c31
https://imgur.gg/f/hFoXiEG"
Dua Lipa,"This Is How You Leave Me
(prod. Shy Luv & Ed Thomas)","OG Filename: This is How You Leave Me  - Shy Luv and Ed Thomas
Recorded in 2014. Co-written with Ed Thomas, Sam Knowles and Jake Norman. Sam Knowles is notably known as ""Karma Kid"" and Jake Norman is notably known as ""Armeria"", both of which are part of the duo songwriting and production team ""Shy Luv"".",3:33,,"Jul 25, 2025",OG File,CD Quality,"https://pillows.su/f/4ce2c24137478280d671c3d0d403638a
https://imgur.gg/f/4D3CcEy"
Dua Lipa,"Timber (Who's Laughing Now)
(prod. Jock-E)","OG Filename: Timber (Who's Laughing Now) - Jock-E, Kenzie May
Listed in Dua's Tap Box files. Co-written with Kenzie May and Jock E.",3:50,,"Jul 9, 2025",OG File,CD Quality,"https://pillows.su/f/5ccd2f70619ec94375954a99e655a099
https://imgur.gg/f/cRyALJb"
Dua Lipa,"⭐ Too Cool
(prod. Tom Neville)
(Too Cool For Me)","OG Filename: Too Cool For Me (demo) - Dua_Chelcee_TomNeville
Recorded in 2015. Co-written with Chelcee Grimes.",3:43,,"Jun 1, 2026",OG File,CD Quality,"https://pillows.su/f/31a7fac6fd618514b34161d95519112b
https://imgur.gg/f/0ybiaPm"
Dua Lipa,"⭐ Top Dollar
(prod. Justin Parker & Fred Ball)","OG Filename: TOP DOLLAR ref1
Recorded in February 2017. Co-written with Justin Parker, Fred Ball and Andrew Jackson",3:52,,"Jul 27, 2020",OG File,High Quality,"https://pillows.su/f/45871c9724e4b0c01dd6ea154711ad34
https://imgur.gg/f/FGfycbO"
Dua Lipa,"🏆 Touching Bodies
(feat. Drake)
(prod. TMS)","TMS took vocals from Drake's 2013 song ""Wu Tang Forever"" and featured it in the song. Recorded in 2016. Snippets of this song have leaked on June 10th, 2025 & June 13th, 2025. A longer snippet leaked on August 4th, 2025. A low quality partial recording leaked on December 31st, 2025. Co-written with Benjamin Kohn and Pete 'Merf' Kelleher, both of which are the production and songwriting duo ""TMS"".",?:??,,,Partial,Low Quality,"https://pillows.su/f/1d091ddc2461a488723079dc3fed41ae
https://imgur.gg/f/HEHeObi"
Dua Lipa,"Try [V1]
(ref. Justin Bieber) (prod. Axident & JHart)","It was confirmed that Justin Bieber recorded a reference demo of the track and was sent to Dua Lipa afterwards. His recorded reference demo was recorded in his ""Purpose"" era.",?:??,,,Confirmed,Not Available,"N/A
N/A"
Dua Lipa,"Try [V2]
(prod. Axident & JHart)","OG Filename: 01 TRY ROUGH
Rough demo of Dua's version of the Lost Kings feat. SAFE song with different lyrics in the bridge and different instrumental production. Was on the February 2017 version of the album. Recorded on October 18th, 2016. Co-written with John Ryan, JHart and Axident.",2:18,,"Jul 25, 2025",OG File,CD Quality,"https://pillows.su/f/10b4d1a69a0d7dd2e2863890b3199204
https://imgur.gg/f/qMnStSr"
Dua Lipa,"⭐ Try [V3]
(prod. Axident & JHart)","OG Filename: Try V4 Demo
""V4 Demo"" which is ""Version 2"". Recorded on November 3rd, 2016.",3:27,,"Jul 26, 2025",OG File,CD Quality,"https://pillows.su/f/2d5623ae608830379dc7d4871bae9918
https://imgur.gg/f/ZKZErjb"
Dua Lipa,"Try [V4]
(prod. Axident & JHart)","OG Filename: Try (Dua v6)
""Try (Dua v6)"" confirmed to be the third demo of the track.",3:35,,"Jul 11, 2026",OG File,CD Quality,"https://pillows.su/f/8532aa34023bfe39bad31a7348e57eed
https://imgur.gg/f/dgKGHBc"
Dua Lipa,"Try [V5]
(prod. Axident & JHart)","OG Filename: Try (Dua v7)
""Try (Dua v7)"" confirmed to be the fourth demo of the track.",3:27,,"Jul 11, 2026",OG File,CD Quality,"https://pillows.su/f/ab9dce098644934c38a4f7d86ea361b4
https://imgur.gg/f/2KyggED"
Dua Lipa,"Try [V6]
(prod. Axident & JHart)","""Version 1.1"" which is ""Version 5"". File date: February 17th, 2017.",3:43,,,Confirmed,Not Available,"N/A
N/A"
Dua Lipa,"Try [V7]
(prod. Axident & JHart)","""Version 1.2"" which is ""Version 6"". File date: February 17th, 2017.",3:43,,,Confirmed,Not Available,"N/A
N/A"
Dua Lipa,"⭐ Try [V8]
(prod. Axident & JHart)","OG Filename: Try v1.4
""Version 1.4"" which is ""Version 5"". File date: February 17th, 2017. OG file surfaced online on July 12th, 2026.",3:43,,"Aug 17, 2020",OG File,High Quality,"https://pillows.su/f/5339de9f80f29fdf3fce40b0781b034d
https://imgur.gg/f/sxDnBLA"
Dua Lipa,"🏆 Try [V9]
(prod. Axident & JHart)","""Version 2.2"" which is ""Version 6"" is also known as the ""final version"". File date: March 17th, 2017. Co-written with John Ryan.",3:40,,,Confirmed,Not Available,"N/A
N/A"
Dua Lipa,"Twisted Paradise [V1]
(prod. xSDTRK)","OG Filename: DUA LIPA - Twisted Paradise [Oct-26]
File date: October 26th, 2015. Co-written with xSDTRK, Lindy Robbins and Trey Campbell.",4:02,,"Jul 11, 2026",OG File,CD Quality,"https://pillows.su/f/6a69159f2c9e4a09ef86f6ad5d32d0df
https://imgur.gg/f/niGOKtX"
Dua Lipa,"⭐ Twisted Paradise [V2]
(prod. xSDTRK)","OG Filename: TWISTED PARADISE - Lindy Robbins + Trey
Version 2.2 according to OG file. Recorded in 2015.",3:42,,"Dec 4, 2021",OG File,Lossless,"https://pillows.su/f/601a571298166bbc772cb540c34e61e6
https://imgur.gg/f/wCEj3Q9"
Dua Lipa,"⭐ Under The Lights
(prod. Nick Ruth)","OG Filename: Under The Lights (NR 7.23) PRod Demo Nick Ruth - Dua Lipa - Soaky Siren
Recorded in 2015. Co-written with Nick Ruth and Soaky Siren.",3:50,,"Dec 3, 2021",OG File,CD Quality,"https://pillows.su/f/9cde4369ee089fbbaec1541834263c7c
https://imgur.gg/f/Dlp5UPV"
Dua Lipa,"Use Me [V1]
(prod. Robin Hannibal)
(Use Me Up)",Demo 1. Said to not have that many production differences.,?:??,,,Confirmed,Not Available,"N/A
N/A"
Dua Lipa,"⭐ Use Me [V2]
(prod. Robin Hannibal)
(Use Me Up)","OG Filename: USE ME - Robin Hannibal - Jenn DeCilveo
Recorded in 2014. Listed in Dua's Tap Box files. Co-written with Robin Hannibal and Jennifer Decilveo. According to insiders, this version is said to be the final version and that there is one other file that is mostly likely the demo. The demo is said to not have many production differences.",4:15,,"Jul 25, 2025",OG File,CD Quality,"https://pillows.su/f/5013343000a5c63fa020d8046f84efae
https://imgur.gg/f/aiMSWRT"
Dua Lipa,"Used To You [V1]
(prod. Digital Farm Animals)
(Just Tell Me)","OG Filename: Used To You (Demo) - Just Tell Me
Demo version of 'Used to You', also titled 'Just Tell Me'. Co-written with Pawws.",3:12,,"Jun 14, 2024",OG File,High Quality,"https://pillows.su/f/1467aab72da53b68526c13ebe0c3056c
https://imgur.gg/f/OTwOD15"
Dua Lipa,"⭐ Used To You [V2]
(prod. Digital Farm Animals)","OG Filename: Used To You
Dua's version of the Annalisa's song. Recorded in 2015.",3:35,,"Sep 28, 2021",OG File,CD Quality,"https://pillows.su/f/2125aa2bf7a451d59783cb02091674d1
https://imgur.gg/f/3Iltqko"
Dua Lipa,"Used To You [V3]
(prod. Digital Farm Animals)","Snippets of a ""final demo"", used as a final pitch for Annalisa leaked on September 26th and 29th, 2024.",?:??,,,Snippet,CD Quality,"https://pillows.su/f/205b6c265dafb6119db0c7a8d2beca79
https://imgur.gg/f/2v90WFN"
Dua Lipa,"⭐ Voodoo [V1]
(prod. Josh Record)","OG Filename: voodoo demo t1
Recorded in 2015. Co-written with Josh Record.",4:00,,"Apr 16, 2016",OG File,CD Quality,"https://pillows.su/f/b423d6d4f22edbf47fca452e328a315e
https://imgur.gg/f/c0TGchb"
Dua Lipa,"⭐ We Die Differently
(prod. Oskar Sikow)","OG Filename: We Die Differently 2 LRmast - Dua - Andrew Jackson - Oskar Sikow
Recorded in 2015. A tagged full version of the song leaked on March 20, 2025. Co-written with Andrew Jackson and Oskar Sikow.",3:53,,"Mar 21, 2025",OG File,CD Quality,"https://pillows.su/f/bb14d342ea49d2c4249d3bb7625fd658
https://imgur.gg/f/1jDvHlO"
Dua Lipa,"🗑️ Who Do You Love
(prod. Andrew Wyatt)","OG Filename: Who Do You Love - Andrew Wyatt and Emile
Recorded in 2015. Same session as ""New Love"". This is not the same track as the Future Nostalgia outtake ""Who Do You Love"" from 2019. Co-written with Andrew Wyatt and Emile Haynie.",3:33,,"Jul 25, 2025",OG File,Lossless,"https://pillows.su/f/57c18684797d3003dc4b25fa1f0e8a26
https://imgur.gg/f/KFs01i1"
Dua Lipa,"Wicked & Wild [V1]
(ref. Becky G) (prod. John Hill, Kid Harpoon & STINT)",Confirmed demo recorded by Becky G. Unknown whether it was recorded before or after Dua Lipa's version.,?:??,,,Confirmed,Not Available,"N/A
N/A"
Dua Lipa,"Wicked & Wild [V1]
(prod. John Hill, Kid Harpoon & STINT)","Demo version with different instrumental production and beat drop. Rumored to have 7 versions in circulation. Recorded in 2015. Co-written with John Hill, STINT and Kid Harpoon.",4:04,,"Dec 12, 2021",Full,CD Quality,"https://pillows.su/f/32eea475cac0f92e0038a80b8aa31fc0
https://imgur.gg/f/WIK2Lym"
Dua Lipa,"Wicked & Wild [V2]
(prod. John Hill, Kid Harpoon & STINT)","OG Filename: DL-Wicked & Wild-FV
Final version before being reworked months later in the same year.",3:28,,"May 22, 2025",OG File,CD Quality,"https://pillows.su/f/d2013733d42bebee523b2a1328596f3b
https://imgur.gg/f/8qYtVyf"
Dua Lipa,"⭐ Wicked & Wild [V3]
(prod. John Hill, Kid Harpoon & STINT)","OG Filename: Wicked & Wild
Reworked final version.",3:48,,"May 11, 2021",OG File,CD Quality,"https://pillows.su/f/d2c7f817887f1c3a18774f23f47e6926
https://imgur.gg/f/YbM411P"
Dua Lipa,⭐ Wild Imagination,"OG Filename: WI not ready
Recorded in 2015. Credits are unknown with regards to this track however, Autumn Rowe could have possibly been a writer on the track considering the filename is similar to the filename of ""Drinkspiration"".",3:36,,"Jun 2, 2026",OG File,CD Quality,"https://pillows.su/f/d40f91e819061ee896e1babb2d1f29ad
https://imgur.gg/f/X7XaaoJ"
Dua Lipa,"⭐ Worst Enemy [V1]
(prod. Bessem Bedzeri & Jarly)","OG Filename: Worst Enemy - Bessum and Jarly
Original version intended for self-titled, later reworked in 2023. Recorded in 2015. Co-written with Jarly and Bessum Bedzeri.",3:46,,"Nov 23, 2023",OG File,CD Quality,"https://pillows.su/f/1d6715c692a8342a826ed2ad8601cc8d
https://imgur.gg/f/S4N7zzc"
Dua Lipa,"You Boy [V1]
(prod. Jon Levine)",Leaked version file name suggests there's probably earlier versions recorded by Dua. Co-written with Jon Levine and Lauren Christy.,?:??,,,Confirmed,Not Available,"N/A
N/A"
Dua Lipa,"⭐ You Boy [V2]
(prod. Jon Levine)","OG Filename: YOU BOY DL 2.1
Version 2.1 according to OG file name. Recorded in 2015. Registered on Dua's Songfile.",3:24,,"Mar 9, 2025",OG File,CD Quality,"https://pillows.su/f/2900fd23fd4c96608304d6d82320a031
https://imgur.gg/f/jWmTUY2"
Dua Lipa,"🗑️ You The One
(prod. Phil Cook)","OG Filename: You The One 09.01.14
Recorded on September 1st, 2014. The full tagged song leaked on January 28th, 2025. Co-written with Phil Cook and Chelcee Grimes.",3:06,,"Mar 1, 2025",OG File,CD Quality,"https://pillows.su/f/67050995a98b512de378e764d00453f7
https://imgur.gg/f/tdHUrjy"
Dua Lipa,"⭐ Yours [V1]
(prod. TMS)","OG Filename: Yours - Vox 9 
Demo 1 (??).  Co-written with Benjamin Kohn and Pete 'Merf' Kelleher, both of which are the production and songwriting duo ""TMS"".",3:37,,"Sep 7, 2018",Full,High Quality,"https://pillows.su/f/26fdd4a8b2940b4601b5e5a62b55c89b
https://imgur.gg/f/m4S1LiM"
Dua Lipa,"Yours [V2]
(prod. TMS)","OG Filename: Yours - Vox 15
Demo 2.",3:36,,"Nov 7, 2024",OG File,CD Quality,"https://pillows.su/f/bb8cdbb19ee3465e60d2b1193519124f
https://imgur.gg/f/vNtnVo0"
Dua Lipa,"Yours [V3]
(prod. TMS & KOZ)","OG Filename: YOURS-WIP 1 KOZ
Final/Reworked version. Recorded in 2016.",3:34,,"Jul 25, 2025",OG File,High Quality,"https://pillows.su/f/9bc6e13256636081d523167bd164aa9f
https://imgur.gg/f/c0SDapz"
Dua Lipa,"Yours [V4]
(prod. TMS)
(Do More)","""Do More"", one of multiple re-writes of the song for a scrapped Pepsi campaign.",3:34,,"Aug 18, 2020",Full,CD Quality,"https://pillows.su/f/1ad6e87979a3eea39cbcedc13986c9cc
https://imgur.gg/f/NLAvCNP"
Dua Lipa,"⭐ Yours [V5]
(prod. TMS)
(Want It All)","""Want It All"", one of multiple re-writes of the song for a scrapped Pepsi campaign.",3:34,,"Aug 18, 2020",Full,CD Quality,"https://pillows.su/f/545f61d9b8778cca4cc526dd667db841
https://imgur.gg/f/XCXRXev"
Dua Lipa,"???
(prod. Knoxx Brown)",Co-written with Knoxx Brown.,?:??,,,Confirmed,Not Available,"N/A
N/A"
Dua Lipa,"???
(prod. Stephan Moccio)","Co-written with Stephan Moccio. Recorded on February 14th, 2017.",?:??,,,Confirmed,Not Available,"N/A
N/A"
Dua Lipa,"???
(prod. Kamille)",Recorded in 2016.,?:??,,,Confirmed,Not Available,"N/A
N/A"
Dua Lipa,"???
(prod. ???)",Co-written with Ed Drewette.,?:??,,,Confirmed,Not Available,"N/A
N/A"
Dua Lipa,"???
(prod. Two Inch Punch)",Co-written with Two Inch Punch.,?:??,,,Confirmed,Not Available,"N/A
N/A"
Dua Lipa,"???
(prod. Bloodpop)",Co-written with Noonie Bao.,?:??,,,Confirmed,Not Available,"N/A
N/A"
Dua Lipa,"???
(prod. Dan Nigro)","Dan confirmed in an interview having had a session with Dua in 2014 where they wrote ""a bad song"" and he realised she was a superstar. Co-written with Dan Nigro. Recorded in 2014",?:??,,,Confirmed,Not Available,"N/A
N/A"
Dua Lipa,"⭐ Avicii - True Believer
(feat. Dua Lipa) (prod. Avicii)","OG Filename: True Believer_DUA LIPA_LEGRuff_v2
Dua's version of the Avicii song, released without Dua's vocals, but with Chris Martin instead on October 2nd, 2015. File date: July 16th, 2015. The lossless file that leaked is said to be an upscale. Co-written with Chris Martin.",4:32,,"Oct 4, 2024",OG File,CD Quality,"https://pillows.su/f/b78d68f0d8977c870b0069550091993a
https://imgur.gg/f/pg4d2ff"
Dua Lipa,"🗑️ David Guetta - She Knows How To Love Me [V1]
(with Dua Lipa, Muni Long & ??) (prod. David Guetta, J.R. Rotem, Giorgio Tuinfort, Priscilla Renea & Teal Douville)","OG Filename: She Knows - DUA Voc cgp001 3rd Verse ref
Recorded in 2016 for David Guetta's album '7'. Released with Jess Glynne & Stefflon Don vocals in 2018. The OG full song features 2 other vocalists, rumored to be Muni Long & Jin Jin (songwriter), and leaked along with Dua's verse. Co-written with Jess Glynne, Muni Long, Jin Jin and PnB Rock.",3:31,,"Dec 20, 2025",OG File,CD Quality,"https://pillows.su/f/077bd979978d916dbaa1d38fae365d0e
https://imgur.gg/f/2JSQv9Z"
Dua Lipa,"⭐ Kygo - Carry On
(feat. Dua Lipa & Charlie Puth) (prod. Kygo & AFSHEEN)","OG Filename: KYGO CARRY ON - DUA Voc both verses
Dua Lipa and Charlie Puth's version of the Kygo feat. Rita Ora song. There's also a version said to feature Dua Lipa & Swae Lee. Other demo versions include Charlie Puth (solo), Kelly Rowland and Conrad Sewell. Co-written with Josh Cumbee, Natalie Dunn, Kyrre Gørvell-Dahll, Ilan Kidron and Afshin Salmani.",3:46,,"May 24, 2020",OG File,CD Quality,"https://pillows.su/f/6557f82abd11b42c9ad00fd383b4b321
https://imgur.gg/f/iJ3TlHK"
Dua Lipa,"🗑️ Talking Body
(prod. ???)","OG Filename: Talking Body Cover
This is a cover of Tove Lo's song ""Talking Body"" which was released in 2014 and included on Tove Lo's debut studio album ""Queen Of The Clouds"". Recorded by Dua in 2015.",3:26,,"Jul 25, 2025",OG File,CD Quality,"https://pillows.su/f/2c9a7473274e4c435d181c19bd5fc087
https://imgur.gg/f/gLYxVrw"
Dua Lipa,"🗑️ The Chainsmokers - Wake Up Alone [V1]
(feat. Dua Lipa) (prod. The Chainsmokers)","OG Filename: wake up alone - Dua
Dua's version of The Chainsmokers feat. Jhené Aiko song. Recorded in 2016 for The Chainsmokers' album 'Memories... Do Not Open'. Co-written with Scott Harris, Emily Warren and Andrew Taggart.",2:11,,"Jun 1, 2026",OG File,CD Quality,"https://pillows.su/f/c99247e557aa66ea1b95e5b0ddfebf8c
https://imgur.gg/f/PhxXbgO"
Dua Lipa,"Dynamite
(ref. ???)","OG FIlename: DYNAMITE-reffer
Reference demo by unknown artist. Recorded in 2016.",3:50,,"Jul 11, 2026",OG File,High Quality,"https://pillows.su/f/81b183a7d040726ebd733b32d2268beb
https://imgur.gg/f/qeP4bSA"
Dua Lipa,"Making The Most Of The Night
(ref. Sia) (prod. The High Street)","OG Filename: Sia demo for Dua - Making The Most Of The Night
Based on the OG filename, the song was sent to Dua Lipa in 2014 to record, in which she passed on the opportunity. The date of the file is dated April 3rd, 2014. Co-written with Sia, Carly Rae Jepsen, Samuel Dixon
Emre Ramazanoglu and HAIM. The song was released by Carly Rae Jepsen in 2015 on her album ""Emotion"". Listed in Dua Lipa's TAP Box files.",3:59,,"Jul 26, 2025",OG File,High Quality,"https://pillows.su/f/3e0c822476de0f0ff3094188d6fc7b0d
https://imgur.gg/f/ivskbdW"
Dua Lipa,"Smoke & Mirrors
(ref. Chelcee Grimes?) (prod. )
(Running Out)",The writer is rumored to be Chelcee Grimes. Pitched to Dua Lipa in 2015. The producer of the track is unknown.,3:08,,"Nov 10, 2024",Full,CD Quality,"https://pillows.su/f/408406a919e65794051f3eff76431d6e
https://imgur.gg/f/uduPYlJ"
Dua Lipa,"Too Close
(ref. Sizzy Rocket) (prod. Gladius, JHart)",Co-written with Koko LaRoo and Sizzy Rocket. Recorded in 2015. A writer's demo was recorded by Sizzy Rocket. It is rumored that Dua Lipa has not recorded a demo of the song and is only a co-writer. The songwriting credits and song title were published on BMI and ASCAP.,?:??,,,Confirmed,Not Available,"N/A
N/A"
Dua Lipa,"Unfixable 
(ref. Christoph Andersson) (prod. Christoph Andersson)","OG Filename: Unfixable (Christoph.Dua Demo)
Recorded on December 21st, 2016. It is said that the song was pitched to Dua Lipa, but was confirmed that she has not recorded it.",3:29,,"Jul 26, 2025",OG File,CD Quality,"https://pillows.su/f/ee64ed0845f285132a8d3b0e45cd1e87
https://imgur.gg/f/TqPBZPc"
Dua Lipa,"Where Do We Go From Here
(ref. Chelcee Grimes) (prod. DISCIPLΞS)",Co-written with Chelcee Grimes. Recorded in 2016. A writer's demo from Chelcee Grimes exists as Dua Lipa has not recorded the song since she lost her voice in this studio session. The songwriting credits and song title were published on BMI and ASCAP.,?:??,,,Confirmed,Not Available,"N/A
N/A"
"189 OG Files
21 Full
0 Tagged
0 Partial
12 Snippet(s)
43 Unavailable","Future Nostalgia
(Glass House)","(October 18th, 2018) Dua Lipa (Complete Edition) is released.
(March 26th, 2021) Future Nostalgia (Moonlight Edition) is released.",,,,,,
Future Nostalgia,"Boys Will Be Boys [V1]
(Dark Pop Version) (Disco Demo)","OG Filename: Boys Will Be Boys - Ruff
First demo known as ""Dark Pop Version"". OG file leaked on November 6th, 2024 among other ""BWBB"" demos. Bounced on January 29th, 2019.",3:02,,"May 7, 2024",OG File,CD Quality,"https://pillows.su/f/bdb3916f2aeb7b8b88fb9ce41bd27371
https://imgur.gg/f/XgKb2M9"
Future Nostalgia,Boys Will Be Boys [V2],"OG Filename: BOYS WILL BE BOYS and GIRLS WILL BE WOMEN (STRIPPED)_1
Demo 2. Bounced on February 4th, 2019.",2:52,,"Nov 6, 2024",OG File,CD Quality,"https://pillows.su/f/9ade93f7a0a3691c6a7b542b30c3d330
https://imgur.gg/f/TiW5uOt"
Future Nostalgia,Boys Will Be Boys [V3],"OG Filename: Boys4
Demo 3. Bounced on March 26th, 2019.",2:38,,"Nov 6, 2024",OG File,CD Quality,"https://pillows.su/f/eca7253713416d255fc40df6f379c02e
https://imgur.gg/f/5kyq7FY"
Future Nostalgia,Boys Will Be Boys [V4],"OG Filename: Boys Will Be Boys - 2
OG Filename: Boys- 2
Demo 3 with different instrumental production. Leaked on 'Future Nostalgia' 1 year anniversary. Two OG files leaked on November 6, 2024 among other ""BWBB"" demos, although they're technicaly the same. Bounced on July 16 & 17, 2019 (files are equal).",2:59,,"Mar 26, 2021",OG File,High Quality,"https://pillows.su/f/ebc779dfaa62867c6607cb9889705d26
https://imgur.gg/f/d6j2T56"
Future Nostalgia,Boys Will Be Boys [V5],"OG Filename: Boys -5- with full gtr intro
Final demo.",2:54,,"Nov 6, 2024",OG File,CD Quality,"https://pillows.su/f/28fe6ffe358fa23b39480e1cfeaa0776
https://imgur.gg/f/tQwN1mR"
Future Nostalgia,Break My Heart [V1],Early demo. Raw production and Dua trying different lyrics and mumbling.,1:07,,,Full,High Quality,"https://pillows.su/f/8b9628e85332e18443db46de96120358
https://imgur.gg/f/eZ7xTSi"
Future Nostalgia,Break My Heart [V2],"OG Filename: Break My Heart (Demo 1) 1.1.45
Demo version. Different lyrics and mumble in the second verse.",3:39,,,OG File,High Quality,"https://pillows.su/f/8ebcf1cdf03995a6efa009cea1697caa
https://imgur.gg/f/mMe5qyD"
Future Nostalgia,Break My Heart [V?],Demo version. Might be fanmade.,3:46,,,Full,High Quality,"https://pillows.su/f/8c93734cb5cabe8cf00fb424569a5705
https://imgur.gg/f/HkfMkUa"
Future Nostalgia,Break My Heart [V?],"Demo version. It was leaked before official release. Slight production differences, has 17 seconds of silence in the end.",3:57,,,Full,CD Quality,"https://pillows.su/f/2aee61fd601699545c841ae0cc8057be
https://imgur.gg/f/kEUtIUZ"
Future Nostalgia,Break My Heart [V?],"OG Filename: BREAK MY HEART_[DUA_WATT_M&S_AT)1.5
Demo version 1.5. Corrupted file. Bounced in August 27th, 2019.",?:??,,,Confirmed,Not Available,"N/A
N/A"
Future Nostalgia,Break My Heart [V?],"OG Filename: 01 BREAK MY HEART_[DUA_WATT_M&S_A
Demo version. Bounced on September 4th, 2019.",3:39,,,OG File,CD Quality,"https://pillows.su/f/fdd7097cc7eba49e1b6fada8f98ebeef
https://imgur.gg/f/Vs9BMLs"
Future Nostalgia,Break My Heart [V?],"OG Filename: 01 BREAK MY HEART_[DUA_WATT_M&S_A 2
Demo version 2. Bounced on September 20th, 2019.",3:46,,,OG File,CD Quality,"https://pillows.su/f/020483e92d479305d6eafb0102f152f4
https://imgur.gg/f/auTeDZ4"
Future Nostalgia,Break My Heart [V?],"OG Filename: BREAK MY HEART_[DUA_WATT_M&S_AT)2.6
Demo version 2.6.",3:57,,"Jul 26, 2025",OG File,Lossless,"https://pillows.su/f/d08c11d2c26db6c771c39339d7132943
https://imgur.gg/f/Ea2jGg1"
Future Nostalgia,Break My Heart [V?],"OG Filename: BREAK MY HEART SPIKE REF 6 LIM
Demo 6.",3:40,,"Jul 26, 2025",OG File,CD Quality,"https://pillows.su/f/f648db2bbfd3dd82ebfcc19dd69c7940
https://imgur.gg/f/CJst1hS"
Future Nostalgia,Break My Heart [V?],"OG Filename: BREAK MY HEART SPIKE REF 12
Demo 12.",3:42,,"Jul 27, 2025",OG File,CD Quality,"https://pillows.su/f/c0f7f0ba99f088821cd21a431a24e31d
https://imgur.gg/f/4dckjf0"
Future Nostalgia,Cool [V1],Reference track/writer's demo by Tove Lo. Features only vocals by Tove Lo.,?:??,,,Confirmed,Not Available,"N/A
N/A"
Future Nostalgia,Cool [V2],"OG Filename: Cool - Vox Record v2.3
Early demo in a higher key, has different instrumental production and some lyrical differences throughout the song. Bounced on March 1st, 2019.",3:30,,"Nov 8, 2024",OG File,CD Quality,"https://pillows.su/f/53946eb5991b585c1e1ba624bab56645
https://imgur.gg/f/kwaXMdF"
Future Nostalgia,Cool [V3],"OG Filename: Cool - Vox Record v10.1
Demo version that was track 6 on the July 17th, 2019 version of the album. Same lyrical differences as earlier demo, but more production and different vocal take. OG file leaked on November 8th, 2024. Bounced on July 15th, 2019.",3:39,,"Mar 27, 2021",OG File,CD Quality,"https://pillows.su/f/cad91228f1b8720fb677362f8ebb322b
https://imgur.gg/f/YhlbnZi"
Future Nostalgia,Cool [V4],"OG Filename: Cool_RX3m v3
Final demo. Bounced on October 3rd, 2019.",3:37,,"Jul 26, 2025",OG File,CD Quality,"https://pillows.su/f/3156d59061bff7bcbec4ec34a3731579
https://imgur.gg/f/q6xwkts"
Future Nostalgia,"Don't Start Now [V1]
(ref. Emily Warren)","OG Filename: Emily Warren - Don't Start Now (Demo)
Reference track/writer's demo by Emily Warren.",3:05,,,OG File,High Quality,"https://pillows.su/f/37eb427ee021fd13c2aa937f3784d409
https://imgur.gg/f/SnMshdf"
Future Nostalgia,Don't Start Now [V2],"OG Filename: dsndua-COMp
Demo 1. Bounced in July 2nd, 2019 and July 15th, 2019 (files are equal).",3:07,,"Nov 6, 2024",OG File,High Quality,"https://pillows.su/f/fdce001fd71491851f978da0e21b0af2
https://imgur.gg/f/ldr5AJe"
Future Nostalgia,Don't Start Now [V3],"OG Filename: 2. Dont Start Now
Demo version that was track 2 on the July 17th, 2019 version of the album.",2:59,,"Jul 26, 2025",OG File,High Quality,"https://pillows.su/f/0eaab1dbde54daf884c6d48665e4cadc
https://imgur.gg/f/TXmQngR"
Future Nostalgia,Don't Start Now [V4],"OG Filename: dua-dsn-nb4-jn
Demo 3 from September 11th, 2019.",3:01,,"Nov 6, 2024",OG File,High Quality,"https://pillows.su/f/091a8b2105144035c89ff60b1b37d382
https://imgur.gg/f/Z5UaqGr"
Future Nostalgia,Don't Start Now [V5],"OG Filename: Don t Start Now_04 Gudwin mix alt strings
Demo 4. Bounced on October 3rd, 2019.",3:03,,"Jul 26, 2025",OG File,High Quality,"https://pillows.su/f/e8c4afbe52482436a816b148d7b5e533
https://imgur.gg/f/LYK3i1J"
Future Nostalgia,Don't Start Now [V6],"OG Filename: Don t Stop Now_04 Gudwin mix (mastered)
Final demo. Bounced on October 3rd, 2019.",3:03,,"Jul 26, 2025",OG File,High Quality,"https://pillows.su/f/818308e5dcc74f35fdcfbc050292453a
https://imgur.gg/f/LYK3i1J"
Future Nostalgia,Don't Start Now [V?],Demo with slight production differences.,3:07,,"Mar 27, 2021",Full,High Quality,"https://pillows.su/f/2f712f681d82fc13daf21cacf2aebd67
https://imgur.gg/f/JnQY6eM"
Future Nostalgia,Don't Start Now [V?],"Different version, possibly fanmade. A snippet leaked on July 6th, 2025.",?:??,,,Snippet,Low Quality,"https://pillows.su/f/e202931797edd6da32c74ebf772d7930
https://imgur.gg/f/2ho1LQj"
Future Nostalgia,"Fever [V1]
(ref. Julia Michaels)",Writer's demo by Julia Michaels. Only has first verse and chorus.,0:58,,"Jan 30, 2021",Full,CD Quality,"https://pillows.su/f/95ceca8fad5d8ad36e60813f4bb85a13
https://imgur.gg/f/3WlBvXC"
Future Nostalgia,Fever [V2],"OG Filename: fevertmp
Solo demo version. Longer outro. Bounced in October 2nd, 2019.",2:28,,"Jul 26, 2025",OG File,High Quality,"https://pillows.su/f/e0a410650bb5c902facd7cfa0330899f
https://imgur.gg/f/i83H7RM"
Future Nostalgia,Fever [V3],"OG Filename: Fever - worktape 4
OG Filename: dl-fever-ruf1
Solo demo version. Files are equal.",2:19,,"Jun 21, 2025",OG File,CD Quality,"https://pillows.su/f/ec10b37d54753028120967f3e515b623
https://imgur.gg/f/Zb9cEx3"
Future Nostalgia,⭐ Fever [V4],Solo demo version.,2:25,,"Jan 17, 2021",Full,CD Quality,"https://pillows.su/f/86647344a8ef3721dbe1eadf0eb18d77
https://imgur.gg/f/fSwJ4Lh"
Future Nostalgia,"Fever [V5]
(feat. Angèle)","OG Filename: FEVER.1  with Angele (demo1)
Demo version. Bounced in June 1st, 2020.",2:32,,"Jul 26, 2025",OG File,CD Quality,"https://pillows.su/f/237f1b26c65164aa3adaef634f66f0d6
https://imgur.gg/f/2P1fSvl"
Future Nostalgia,Future Nostalgia [V1],"OG Filename: Future Nostalgia 1
Demo version with rough production. Bounced on February 15th, 2019.",3:05,,"Nov 8, 2024",OG File,CD Quality,"https://pillows.su/f/8f3a9e1d5fdf2214c85af3fab316bc0a
https://imgur.gg/f/YgzBg2V"
Future Nostalgia,Future Nostalgia [V2],"OG Filename: FUTURE NOSTALGIA (05) GUDWIN MIX 1st Pass
Demo version with rough production.",3:06,,,OG File,CD Quality,"https://pillows.su/f/0369b6953a84a880860d1ca7009ee6a7
https://imgur.gg/f/ewU8yey"
Future Nostalgia,"Good In Bed [V1]
(ref. UPSAHL)",Reference track/writer's demo by UPSAHL. A snippet leaked with the stem render of UPSAHL's backing vocals.,?:??,,,Snippet,High Quality,"Link Needed
Link Needed"
Future Nostalgia,Good In Bed [V2],"OG Filename: Good In Bed_DUA_v2
Demo 1. Bounced on June 17th, 2019.",3:38,,"Jul 26, 2025",OG File,High Quality,"https://pillows.su/f/600edee21487b17a15757a20cb2898a7
https://imgur.gg/f/v8FTvIu"
Future Nostalgia,Good In Bed [V3],"OG Filename: Good In Bed_DUA_v3
Demo version that was track 7 on the July 17th, 2019 version of the album. Big production differences. Bounced on July 15th, 2019.",3:38,,"Nov 6, 2024",OG File,CD Quality,"https://pillows.su/f/60aa08f4cc9c58f7074b13bfc85656dd
https://imgur.gg/f/TL2oAX7"
Future Nostalgia,Hallucinate [V1],"OG Filename: Hallucinate DL SG SC V1.3B
Demo 1. Bounced on September 2nd, 2019.",3:03,,"Jul 26, 2025",OG File,CD Quality,"https://pillows.su/f/d34bef83d49efc9c2089a473f58f848b
https://imgur.gg/f/Dgdd7MB"
Future Nostalgia,Hallucinate [V2],"OG Filename: Hallucinate DL SG SC 1.13
Demo 2. Bounced on October 30th, 2019.",3:28,,"Jul 26, 2025",OG File,CD Quality,"https://pillows.su/f/261f81186b0cfab991934ca8b63045c1
https://imgur.gg/f/HPSc5An"
Future Nostalgia,"If It Ain't Me [V1]
(Woman Like Me)","OG Filename: Woman_Like_Me._Dua_Rough
Demo 1, titled ""Woman Like Me"". Different bridge that interpolates Donna Summer 's song 'Bad Girls'.",3:18,,"Nov 6, 2024",OG File,CD Quality,"https://pillows.su/f/9f2a8bbd964bad998e3b85a1dd581a02
https://imgur.gg/f/yZx8h70"
Future Nostalgia,"If It Ain't Me [V2]
(Sad Disco)","OG Filename: Sad Disco Oliver Prod 091819
Demo 2, titled ""Sad Disco"". Bounced in September 18th, 2019. More production on the same different bridge.",3:18,,"Nov 6, 2024",OG File,CD Quality,"https://pillows.su/f/becd124789325fac97433a97e95bba72
https://imgur.gg/f/JhF1OM6"
Future Nostalgia,"If It Ain't Me [V3]
(Sad Disco)","OG Filename: Sad Disco 111119
Demo 3, titled ""Sad Disco"". Bounced in November 11th, 2019.",3:13,,"Jul 26, 2025",OG File,CD Quality,"https://pillows.su/f/2e3b19bbf1a13b22f8bb95831e20c9b3
https://imgur.gg/f/lWljPoi"
Future Nostalgia,"If It Ain't Me [V4]
(Sad Disco)","OG Filename: Sad Disco (Early Mix)
Demo 4, titled ""Sad Disco"". Early mix of the final version. Slightly faster with some production differences, louder background vocals. Very similar to the released version. OG file leaked on November 7th, 2024.",3:12,,"Nov 7, 2024",OG File,High Quality,"https://pillows.su/f/57a4ce3d1107ab64472ca22618ccb0f7
https://imgur.gg/f/rVUMBNh"
Future Nostalgia,If It Ain't Me [V5],"OG Filename: If It Ain't Me (OG)
Demo 5. Leaked days before official release of the solo version, with different production on the last chorus.",3:15,,"Jan 18, 2021",OG File,CD Quality,"https://pillows.su/f/3e1690d8e68418ff3e562d13bb7cb094
https://imgur.gg/f/Zmpy2hy"
Future Nostalgia,"⭐ If It Ain't Me [V6]
(feat. Normani)","OG Filename: IF_IT_AINT_ME_FEAT_NORMANI_SPIKE_REF_1
Demo 6, featuring Normani. Version originally intended to be released, but scrapped due to artists. OG file leaked on July 26th, 2025.",3:15,,"Jan 6, 2020",OG File,CD Quality,"https://pillows.su/f/c7fd1a3281d9ddd71cc885ea0527dce6
https://imgur.gg/f/gcvzZfC"
Future Nostalgia,Levitating [V?],"OG Filename: M X DUA - LEVITATING
Demo version with pretty big production differences, different vocal takes and additional vocals, and a different outro with the talkbox vocal instrument seen a few times in the final song.",3:32,,"Mar 26, 2021",OG File,High Quality,"https://pillows.su/f/9615b0f6182d23f394ef88767007a610
https://imgur.gg/f/8cYJGD2"
Future Nostalgia,Levitating [V2],"OG Filename: LEVITATING-demo2
Demo 2. Some parts are shorter while others are longer. Bounced on September 13th, 2018.",3:14,,"Jul 26, 2025",OG File,High Quality,"https://pillows.su/f/0057ef939bd2e430d2fa618a6c8be189
https://imgur.gg/f/hPMTsc9"
Future Nostalgia,Levitating [V3],"OG Filename: LEVITATING_RX2b[1] Stuart Price x Koz
Demo version that was track 4 on the July 17th, 2019 version of the album. Bounced on July 2nd and July 15th, 2019 (files are equal).",3:12,,"Jul 26, 2025",OG File,CD Quality,"https://pillows.su/f/f499b57e7cfa91ff2b8d3f32de23e66e
https://imgur.gg/f/KA1QLmL"
Future Nostalgia,Levitating [V?],"Dua confirmed in an interview having been in a studio with Nile Rodgers in 2019. Said to be contributions on the ""Levitating"" instrumental, and maybe other tracks, but Dua ended up not using it in the album.",?:??,,,Confirmed,Not Available,"N/A
N/A"
Future Nostalgia,"Levitating (Remix) [V1]
(feat. DaBaby)",Demo version with different verse by DaBaby.,?:??,,,Snippet,CD Quality,"https://pillows.su/f/8a1bdac5b3d88fea2b67e3cf0684e263
https://imgur.gg/f/KMTMzPO"
Future Nostalgia,"Levitating (The Blessed Madonna Original Remix)
(feat. Madonna)","Different mix with Madonna on the 3rd verse interpolating lyrics from her song ""Lucky Star"" instead of Missy Elliott's verse.",3:52,,,Full,High Quality,"https://pillows.su/f/6cafb5ea3f0713163a09253a759404cf
https://imgur.gg/f/6bCaPaK"
Future Nostalgia,Love Again [V1],"OG Filename: LOVE AGAIN ref 1
Early demo with different instrumental production, different lyrics and different vocal takes. OG file leaked on November 8, 2024. Bounced on February 8th, 2019. Same session as ""Oh My Gosh"".",4:06,,"Mar 26, 2021",Full,High Quality,"https://pillows.su/f/7c80a1f83aa5112c1961e45797035d1e
https://imgur.gg/f/n6TyZE1"
Future Nostalgia,Love Again [V2],"OG Filename: LOVE AGAIN 6[1]
Demo version that was track 9 on the July 17th, 2019 version of the album. Bounced on July 15th, 2019.",4:07,,"Nov 8, 2024",OG File,High Quality,"https://pillows.su/f/59f9d47418d7b37ddd8f1bcf96bc518b
https://imgur.gg/f/BfKi6BB"
Future Nostalgia,Not My Problem [V1],"OG Filename: NOT MY PROBLEM-demo
Solo demo version with raw vocals and different bridge. Bounced on September 13th, 2018.",2:42,,"Mar 26, 2021",OG File,High Quality,"https://pillows.su/f/c1895f02f21a9818c0b7f10f76ca2572
https://imgur.gg/f/9TrVCa7"
Future Nostalgia,"Not My Problem [V2]
(feat. Thomas Theron)","OG Filename: Theron_X_NOT_MY_PROBLEM_2vrs
Demo version with Thomas Theron on the second verse.",2:40,,"Nov 6, 2024",OG File,High Quality,"https://pillows.su/f/b583b622a3ac57bc50d9f289d0570488
https://imgur.gg/f/vQC7Z36"
Future Nostalgia,"Not My Problem [V3]
(feat. JID)","OG Filename: 01 NotMyProblem Matty Ref 4 LIM
Demo version with JID similar to the version released.",2:23,,"Jul 26, 2025",OG File,High Quality,"https://pillows.su/f/3aadb512c89eab62c3b73cfbb3349717
https://imgur.gg/f/9TrVCa7"
Future Nostalgia,"Not My Problem [V4]
(feat. JID)","OG Filename: Not My Problem- no talking- halftime rap
Demo version with JID with added production on his verse and no talking on the 2nd verse.",2:26,,"Jul 26, 2025",OG File,High Quality,"https://pillows.su/f/31f3c186c78911d255d9193c6a6aa0c0
https://imgur.gg/f/OpnpyMb"
Future Nostalgia,Physical [V1],"OG Filename: Physical RF 1 Jason Evigan x Coffee
Demo 1. Rough version. Bounced in November 8th, 2018.",3:17,,"Jul 26, 2025",OG File,CD Quality,"https://pillows.su/f/b91d5ded5d508c4360aa6da5a5430b84
https://imgur.gg/f/eqYfeLu"
Future Nostalgia,Physical [V2],"OG Filename: PHYSICAL SPIKE REF 2 LIM
Demo version that was track 1 on the July 17th, 2019 version of the album. Featured on the Director’s Cut of music video. Extra production and louder background vocals on the last chorus. Bounced on July 15th, 2019. OG file leaked on July 26th, 2025.",3:19,,"Feb 21, 2020",OG File,CD Quality,"https://pillows.su/f/6304df2157b6bd66f6ef0eb50f4e06c3
https://imgur.gg/f/DbHL7yx"
Future Nostalgia,"Physical (Remix) [V1]
(feat. Hwa Sa)","Demo of the remix version featuring Hwa Sa. A snippet leaked on March 22th, 2025, unsure if it's real.",?:??,,,Snippet,CD Quality,"https://pillows.su/f/e0b987c06809d42e2575071733ccebd2
https://imgur.gg/f/K8AmyM2"
Future Nostalgia,"Pretty Please [V1]
(ref. Julia Michaels)",Reference demo by Julia Michaels.,?:??,,,Confirmed,Not Available,"N/A
N/A"
Future Nostalgia,Pretty Please [V1],"OG Filename: prettyplease-ROUGH
Demo 1 with slight stem changes and a different outro. Bounced on September 13th, 2019.",2:34,,"Sep 4, 2021",OG File,High Quality,"https://pillows.su/f/74d07c2e1cefb5bb135fa741823feb1d
https://imgur.gg/f/XuJW0U0"
Future Nostalgia,Pretty Please [V2],"OG Filename: prettyplease-ROUGH2
Demo 2.",3:15,,"Jul 26, 2025",OG File,CD Quality,"https://pillows.su/f/41832deae27710c8133cf2b4619ff142
https://imgur.gg/f/XuJW0U0"
Future Nostalgia,Swan Song [V1],"OG Filename: SwanSong Dua vp - verse 2 option1
Demo version.",3:03,,"Nov 6, 2024",OG File,CD Quality,"https://pillows.su/f/68daa22daa03f1b2ec931b1260ead7e6
https://imgur.gg/f/lJzTWLF"
Future Nostalgia,"That Kind of Woman [V1]
(ref. ?)
(Like I Don't Want Her)","Writer reference track titled ""Like I Don't Want Her"".",3:44,,"Nov 7, 2024",Full,CD Quality,"https://pillows.su/f/60571cb15d6fd312f7fe3cfd82b69a5e
https://imgur.gg/f/YUgVouU"
Future Nostalgia,That Kind of Woman [V?],"OG Filename: that kind of woman 3 lim
Demo. Bounced on March 18th, 2019.",3:42,,,OG File,CD Quality,"https://pillows.su/f/1621f346502922e43ff6b10c03bfce1c
https://imgur.gg/f/gMCFzcl"
Future Nostalgia,That Kind of Woman [V?],"OG Filename: that kind of woman 4
Demo. Bounced on April 3rd, 2019.",3:42,,,OG File,CD Quality,"https://pillows.su/f/b2e2399d472d63f110b30ced85ef7df8
https://imgur.gg/f/NAsjOZr"
Future Nostalgia,That Kind of Woman [V?],"OG Filename: THAT-KIND-OF-WOMAN-5
Demo version with more raw vocals from Dua, slight production changes and a minor lyrical difference in chorus.",3:25,,"Apr 1, 2021",OG File,High Quality,"https://pillows.su/f/7404e54f8342ffeea169233bec398890
https://imgur.gg/f/mXCy0nH"
Future Nostalgia,That Kind of Woman [V?],"OG Filename: That kind of woman 9 LIM
Demo",3:26,,"Nov 7, 2024",OG File,CD Quality,"https://pillows.su/f/5af6f4b465e65408874041431efe64f6
https://imgur.gg/f/4kBmhCC"
Future Nostalgia,That Kind of Woman [V?],"OG Filename: That kind of woman 9.1 LIM
Demo version that was track 8 on the July 17, 2019 version of the album.",3:26,,"Nov 7, 2024",OG File,CD Quality,"https://pillows.su/f/e922fad3b537351f8fa44bb563c38b14
https://imgur.gg/f/OAilmAl"
Future Nostalgia,That Kind of Woman [V?],"OG Filename: That kind of woman 9.1.1 LIM
Demo",3:26,,"Nov 7, 2024",OG File,CD Quality,"https://pillows.su/f/67699c44fc1c0204f10050b2dcd9fcab
https://imgur.gg/f/RgdYZRN"
Future Nostalgia,That Kind of Woman [V?],"OG Filename: That kind of woman 9.1.2 LIM
Demo",3:26,,"Nov 7, 2024",OG File,CD Quality,"https://pillows.su/f/80190f4e12a2ddb4324d514ac69e7ba7
https://imgur.gg/f/hhwTHhA"
Future Nostalgia,That Kind of Woman [V?],"OG Filename: ThatKindOfWoman_RX2d
Demo",3:19,,"Jul 26, 2025",OG File,CD Quality,"https://pillows.su/f/93a65b07de3f567632a77da8eb21f563
https://imgur.gg/f/8oXGcjV"
Future Nostalgia,That Kind of Woman [V?],"Demo version that was released before 'Moonlight Edition', with different mixing instrumental in some bits and slightly faster than final version. Probably edited.",3:18,,"Aug 11, 2020",Full,High Quality,"https://pillows.su/f/08f1fa83128fd3e046edcefe72ee145e
https://imgur.gg/f/BbWbD8C"
Future Nostalgia,We're Good [V1],Demo 3.,2:39,,"Nov 6, 2024",OG File,CD Quality,"https://pillows.su/f/5dcc087b3820adb4b9fe02f620030bfb
https://imgur.gg/f/LFrs1hc"
Future Nostalgia,We're Good [V2],Demo 3.5.,2:46,,"Nov 6, 2024",OG File,CD Quality,"https://pillows.su/f/c3fbe68a872e1f9c53f2717467ec09cc
https://imgur.gg/f/pn9RTwg"
Future Nostalgia,We're Good [V3],"OG Filename: we're good DL 3
Mix 3. Bounced in July 15th, 2019.",2:48,,"Jul 26, 2025",OG File,CD Quality,"https://pillows.su/f/874f425fd5ab56c645279b39417300a0
https://imgur.gg/f/35qVX1S"
Future Nostalgia,We're Good [V4],"OG Filename: 3. We're good - DL 5
Demo version that was track 3 on the July 17th, 2019 version of the album. Bounced on July 17th, 2019.",2:44,,"Mar 25, 2025",OG File,CD Quality,"https://pillows.su/f/8ab2a6a6476c494df54896ca77335137
https://imgur.gg/f/pCJ2vUo"
Future Nostalgia,We're Good [V5],"OG Filename: We're good Mix ref 4
Final mix 4. Higher pitch. Bounced in September 11th, 2019.",2:48,,"Jul 26, 2025",OG File,CD Quality,"https://pillows.su/f/c12d8886251c099174180988984940c7
https://imgur.gg/f/mYM0En1"
Future Nostalgia,We're Good [V6],"OG Filename: We're good radio edit
Radio edit. Similar to mix 4, but with clean lyrics.
Bounced in September 11th, 2019.",2:48,,"Jul 26, 2025",OG File,CD Quality,"https://pillows.su/f/a64d26dd066dff2a2b33f5f72293ba0a
https://imgur.gg/f/hWEbsUl"
Future Nostalgia,Shawn Mendes - Prisoner [V1],"Demo version with Shawn Mendes' vocals. It may have been a throway before being given to Miley, a duet or a reference track for Miley. A snippet leaked on March 3rd, 2021.",?:??,,,Snippet,CD Quality,"https://pillows.su/f/dba0659419cea2751dcd0474b9e14500
https://imgur.gg/f/ngbhkYg"
Future Nostalgia,Miley Cyrus - Prisoner [V1],Solo version with Miley's vocals and slight different lyrics.,2:48,,"Mar 10, 2022",Full,CD Quality,"https://pillows.su/f/6e1fbc4b125502abd7964916d6d9df31
https://imgur.gg/f/dev2IjC"
Future Nostalgia,Miley Cyrus - Prisoner [V3],"OG Filename: MC PRISONER 128 open verse 2019
Demo version with open verse, before Dua provided vocals for the feature.",2:50,,"Aug 21, 2025",OG File,CD Quality,"https://pillows.su/f/1da010134422300b421591cd20f3fad8
https://imgur.gg/f/VPnHXDO"
Future Nostalgia,"Tainy - Un Dia (One Day) [V1]
(with J Balvin & Tory Lanez)","OG Filename: Balvin & Tory Lanez - ONE DAY NEW REF
Version of the song with Tory Lanez instead of Dua's vocals, and no Bad Bunny.",4:38,,"Jul 14, 2024",OG File,CD Quality,"https://pillows.su/f/6851ff5ce795c2eed7b47680a52607b9
https://imgur.gg/f/ifrSnKZ"
Future Nostalgia,"Tainy - Un Dia (One Day) [V2]
(ref. Claudia Valentina) (with J Balvin)","OG Filename: ONE DAY CV REF 4
Version of the song with Claudia Valentina instead of Dua's vocals, and no Bad Bunny.",3:55,,"Jan 12, 2026",OG File,CD Quality,"https://pillows.su/f/d21dcd9f6af0f54d2af80c25ddf065c1
https://imgur.gg/f/if0edOh"
Future Nostalgia,"Tainy - Un Dia (One Day) [V3]
(with J Balvin & Normani)","Version of the song with Normani instead of Dua's vocals, and no Bad Bunny. A snippet leaked on April 19, 2023.",?:??,,,Snippet,CD Quality,"https://pillows.su/f/ee85f25bc3febd6879be7fb81d833953
https://imgur.gg/f/TZbKKI1"
Future Nostalgia,"⭐ 25/8
(prod. MNEK & MAY-A)","OG Filename: 25_8
Recorded in 2018. Co-written with Clarence Coffee Jr., Sarah Hudson, MNEK and KOZ.",3:33,,"Mar 22, 2020",OG File,High Quality,"https://pillows.su/f/d283d8e660a7b5e885f121d8dff4c0a9
https://imgur.gg/f/c6kcygn"
Future Nostalgia,"Act Of God [V1]
(feat. Ant Clemons) (prod. Gerard O’Connell & Tommy Baxter)","OG Filename: DUA LIPA_ACT OF GOD_TCB PROD1 - ADM1- ANT MASTER
Demo version with slightly less production. Recorded in 2019. Co-written with Gez O' Connell, Tommy Baxter and Ant Clemons.",3:22,,"Oct 1, 2021",OG File,CD Quality,"https://pillows.su/f/2acc6e7a36c19c19b89548c6bd1a2fec
https://imgur.gg/f/6mBmRHl"
Future Nostalgia,"Act Of God [V2]
(feat. Ant Clemons) (prod. Gerard O’Connell & Tommy Baxter)","OG Filename: DUA LIPA ACT OF GOD 1
Second demo.",3:22,,"Oct 4, 2020",OG File,CD Quality,"https://pillows.su/f/48fc20d0babaad9382062b0d50979754
https://imgur.gg/f/P4xk8Df"
Future Nostalgia,"All The Money In The World
(prod. Jason Evigan)","OG Filename: All The Money In The World RF 1 Jason Evigan Justin Tranter Kennedi
Recorded in 2018. Leaked in low quality on January 14th, 2024 and later in CDQ. Co-written with Justin Tranter and Kennedi.",3:06,,"Nov 3, 2024",OG File,CD Quality,"https://pillows.su/f/17b54302642e4784b664a430d44bf58b
https://imgur.gg/f/8iHhiw7"
Future Nostalgia,"⭐ All To Myself
(prod. Danja)","OG Filename: ALL TO MYSELF_LAGO REF2
Recorded in 2019. File dated August 8th, 2019. Co-written Sarah Hudson.",2:56,,"Aug 11, 2020",OG File,High Quality,"https://pillows.su/f/27ec5376be697d3dd7e752902a0bb850
https://imgur.gg/f/pnRLYjg"
Future Nostalgia,"⭐Baby
(prod. Jack & Cole)","OG Filename: DUA_LIPA_BABY_R1-1
Recorded in 2019. Co-written with Jack & Coke, Carl Mo and Rodney Terry. It samples 'My Boo' by Ghost Town DJ’s.",3:01,,"Nov 5, 2024",OG File,CD Quality,"https://pillows.su/f/9898a7ec1301b32d2417ad82d1943bb6
https://imgur.gg/f/GbTHBF7"
Future Nostalgia,"Bad Self [V1]
(prod. GRADES & KOZ)","OG Filename: Bad Self (Session Bounce) Koz
Demo version. Recorded in 2018. Co-written with Dayyon Alexander and Clarence Coffee Jr.",3:35,,"Nov 6, 2024",OG File,CD Quality,"https://pillows.su/f/a5430e2daf5e6bce6dbb5f8fcf56b05c
https://imgur.gg/f/4XpZQbC"
Future Nostalgia,"⭐ Bad Self [V2]
(prod. GRADES & KOZ)","OG Filename: BAD SELF V2
Final version.",3:31,,"Nov 6, 2024",OG File,High Quality,"https://pillows.su/f/1069c48899a0bfb35e9f7e9fe396236e
https://imgur.gg/f/v59A6V2"
Future Nostalgia,"Ball & Chain [V1]
(prod. GRADES & MAY-A)",First Demo. Co-written with Clarence Coffee Jr. and Sarah Hudson.,?:??,,,Confirmed,Not Available,"N/A
N/A"
Future Nostalgia,"Ball & Chain [V2]
(prod. GRADES & MAY-A)","OG Filename: Ball & Chain (Session Bounce) v2
Demo 2 with different vocals and slightly different production.",3:44,,"Sep 4, 2021",OG File,High Quality,"https://pillows.su/f/e4ab29bcc54e30b07f39fdf2971da2a5
https://imgur.gg/f/potjmOp"
Future Nostalgia,"Ball & Chain [V3]
(prod. GRADES & MAY-A)",Third demo.,?:??,,,Confirmed,Not Available,"N/A
N/A"
Future Nostalgia,"⭐ Ball & Chain [V4]
(prod. GRADES & MAY-A)","OG Filename: Ball & Chain v4
Final mix v4. Considered as a collab with Katy Perry. Recorded in 2019.",3:42,,"Mar 22, 2020",OG File,CD Quality,"https://pillows.su/f/bd5685c780d3c6f4c8d5c702e7827208
https://imgur.gg/f/aOIpXfO"
Future Nostalgia,"Better This Way [V1]
(prod. Danja)",Demo 1. Co-written with Sarah Hudson and Theron Thomas.,?:??,,,Confirmed,Not Available,"N/A
N/A"
Future Nostalgia,"Better This Way [V2]
(prod. Danja)",Demo 2.,?:??,,,Confirmed,Not Available,"N/A
N/A"
Future Nostalgia,"⭐ Better This Way [V3]
(prod. Danja)","OG Filename: BETTER THIS WAY_LAGO MIX3
Recorded in 2019. File date: August 8th, 2019.",3:31,,"Aug 6, 2021",OG File,High Quality,"https://pillows.su/f/629d4df0322a3127e00064f7fbe6b93f
https://imgur.gg/f/7DuX2cs"
Future Nostalgia,"⭐ Bite The Peach
(prod. KOZ & MNEK)","OG Filename: BITE THE PEACH-demo1
Recorded in September 2018. Bounced on September 13, 2018. Co-written with KOZ, Sarah Hudson and MNEK.",3:18,,"Jul 24, 2025",OG File,High Quality,"https://pillows.su/f/86514bc4c8c49afc4e315d3d799df815
https://imgur.gg/f/egeUeZK"
Future Nostalgia,"Borderline [V1]
(prod. The Struts)","OG Filename: Borderline S1.8 B
Demo version from 2018, file dated November 26th, 2018. According to an insider, Lipa’s version was considered 4 times for release, from the FN's 'Moonlight Edition' to an unknown movie soundtrack. Tove Lo, who co-wrote the track decide to release the track on her album ""Dirt Femme"" in 2023. Co-written with Tove Lo, The Struts and Jakob Jerlström.",3:18,,"Nov 8, 2024",OG File,CD Quality,"https://pillows.su/f/896a0c2537a37f0446092b562613b62b
https://imgur.gg/f/sF9Ce8f"
Future Nostalgia,"⭐ Borderline [V2]
(prod. The Struts)","OG Filename: Dua Borderline Tis 1.6
Final version from Dua recorded in 2019. File date: April 20th, 2019.",3:18,,"Jan 14, 2024",OG File,CD Quality,"https://pillows.su/f/cca8570cafbf7a9834b4f135f80c78bb
https://imgur.gg/f/srtTan0"
Future Nostalgia,"Broken Hearted [V1]
(prod. KOZ)","OG Filename: BROKEN HEARTED-original demo
Demo version. Recorded in November 2018. Co-written with KOZ and Clarence Coffee Jr.",3:55,,"Jul 24, 2025",OG File,High Quality,"https://pillows.su/f/8308236b691b84c00abcadb7ba9c37e7
https://imgur.gg/f/1zvayoi"
Future Nostalgia,"⭐ Broken Hearted [V2]
(prod. KOZ)","OG Filename: BROKEN HEARTED- alt SAY-_BROKEN
Final version.",3:18,,"Jul 25, 2025",OG File,High Quality,"https://pillows.su/f/8db846c03e67d2faa0d1d2301847624f
https://imgur.gg/f/CQTSMXX"
Future Nostalgia,"Celebration Cry
(prod. Fred Ball)
(Fading)","OG Filename: CELEBRATION CRY ref1
Co-written with Tove Lo. Recorded in 2019. Co-written with Fred Ball, Tove Lo and Sarah Hudson.",3:26,,"Jan 14, 2024",OG File,CD Quality,"https://pillows.su/f/699175bfda898e1120f12ffa196fb3eb
https://imgur.gg/f/C74fwqW"
Future Nostalgia,"⭐ Cherry
(prod. GRADES, KOZ, MNEK & MAY-A)","OG Filename: DUA- CHERRY-demo
Recorded in January 2018. Co-written with Sarah Hudson and MNEK.",3:29,,"Mar 22, 2020",OG File,CD Quality,"https://pillows.su/f/785c0f3ed54d99594d1e06739da37d5c
https://imgur.gg/f/NOJaJHS"
Future Nostalgia,"⭐ Choose You Again
(prod. Jason Evigan)","OG Filename: Choose You Again RF 1
Recorded in 2019. Co-written with Jason Evigan, Justin Tranter and Kennedi.",2:46,,"Jan 8, 2024",OG File,CD Quality,"https://pillows.su/f/7772624298d04e6823f22c9d97e72146
https://imgur.gg/f/JMx4Ymy"
Future Nostalgia,"Complicated
(prod. Jeff Bhasker)","OG Filename: 01 Complicated day 1
Recorded in 2019. Co-written with Jeff Bhasker.",2:41,,"Nov 3, 2021",OG File,CD Quality,"https://pillows.su/f/d2df7528d1d643b3cbb00032a51673dd
https://imgur.gg/f/ciyTGrb"
Future Nostalgia,"⭐ Crocodile Tears 
(prod. OZGO)","OG Filename: Crocodile Tears_1.0
Recorded in 2018. Co-written with Elof Loelv, OZGO and Erik Hassle.",3:14,,"Nov 29, 2022",OG File,CD Quality,"https://pillows.su/f/a43fc8a55b3343c85f00c4e61b87603c
https://imgur.gg/f/pYxhGJq"
Future Nostalgia,"🗑️ Cry
(feat. Pharrell Williams) (prod. Pharrell Williams)","OG Filename: Dua Lipa Cry 2.3 Conway 5.30.19
Demo version 2.3, suggesting there's probably more versions. Recorded in 2019. Co-written with Pharrell Williams.",3:57,,"Feb 16, 2023",OG File,CD Quality,"https://pillows.su/f/a3473e5af74cd4adf1ce44e2a557ef24
https://imgur.gg/f/wkDC6Zg"
Future Nostalgia,"⭐ Dancing With a Ghost
(prod. Fred Ball)","OG Filename: DANCING WITH A GHOST ref1
Co-written with Tove Lo. Recorded in 2019. Co-written with Tove Lo and Fred Ball.",3:06,,"Jan 14, 2024",OG File,CD Quality,"https://pillows.su/f/df896b7b5fcd92585ff96e048ea8fc15
https://imgur.gg/f/hvwV3Kd"
Future Nostalgia,"Delicious [V1]
(ref. Jessie Ware) (prod. Fred Ball)
(Body To Body)","Intended for Jessie Ware's third studio album ""Glasshouse"". Original version of ""Delicious"". The instrumental was re-used by Fred Ball for the Future Nostalgia sessions where Fred Ball, Dua Lipa, Dayyon Alexander and Clarence Coffee Jr. wrote the ""Delicious"" lyrics over it and reworked the track. Possibly recorded in January 2016. Encoded with Logic 10.20.0.",3:12,,"Jun 8, 2026",Full,High Quality,"https://pillows.su/f/a23e5d208e5bf5d6bf841573e61b94e5
https://imgur.gg/f/y9T6TUG"
Future Nostalgia,"⭐ Delicious [V2]
(prod. Fred Ball)","OG Filename: DELICIOUS ref1
Recorded in 2019. The song has similarities to Jessie Ware's unreleased track ""Body To Body"" which is an outtake from her 3rd studio album ""Glasshouse"". Co-written with Clarence Coffee Jr., Dayyon Alexander and Fred Ball.",3:08,,"Jul 20, 2021",OG File,High Quality,"https://pillows.su/f/0fec814018db7a6a3cbfd3b24076b751
https://imgur.gg/f/XPtO2G9"
Future Nostalgia,"⭐ Don't Wait For Me
(prod. Jason Evigan & Justin Tranter)","OG Filename: Dont Wait For Me JE Dua Lipa Justin Tranter Sarah Hudson Clarence Coffee Jr
Recorded in 2019. Co-written with Justin Tranter, Sarah Hudson and Clarence Coffee Jr.",3:15,,"Jul 30, 2023",OG File,CD Quality,"https://pillows.su/f/5478e0340aee439f29d899aed4eb8ce0
https://imgur.gg/f/PH2Yde0"
Future Nostalgia,"Exhale [V1]
(Ref. Tinashe)(prod. Ojivolta & The Monsters & Strangerz)","OG Filename: T-Exhale-Reference.2-6.24.19
Writers demo by Tinashe.",2:10,,"Feb 15, 2025",OG File,CD Quality,"https://pillows.su/f/88caed9339c26b71157b0e88abc39556
https://imgur.gg/f/XW7i6Kd"
Future Nostalgia,"⭐ Exhale [V2]
(prod. Ojivolta & The Monsters & Strangerz)","OG Filename: Exhale DL v4
Rough demo recorded in 2019. Co-written Casey Smith and Ojivolta. Later recorded by Tinashe and released by Kenzie & Sia.",1:46,,"Feb 16, 2025",OG File,High Quality,"https://pillows.su/f/7e09bb8695aab11038bba84e33da48a3
https://imgur.gg/f/xEbe9EV"
Future Nostalgia,"🏆 Exhale [V3]
(prod. Ojivolta & The Monsters & Strangerz)",Final version.,2:42,,,Confirmed,Not Available,"N/A
N/A"
Future Nostalgia,"⭐ Fire From The Start
(prod. Andrew Wyatt)","OG Filename: Fire From The StartRUFF3
Recorded in January 2018. Co-written with Andrew Wyatt and Ilsey Juber. Leaked version file name suggests earlier versions may exist.",4:16,,"Nov 4, 2024",OG File,CD Quality,"https://pillows.su/f/818317264158e33677f019a8cdb45318
https://imgur.gg/f/kaLFhKC"
Future Nostalgia,"Firestarter [V1]
(prod. GRADES & KOZ)","OG Filename: FIRESTARTER (Session Bounce) Koz Coffee
Demo version. Co-written with KOZ, Clarence Coffee Jr. and Dayyon Alexander.",3:07,,"Nov 8, 2024",OG File,CD Quality,"https://pillows.su/f/a089b94551a29e13dcfebddc7e4c386d
https://imgur.gg/f/E9LbPIl"
Future Nostalgia,"⭐ Firestarter [V2]
(prod. GRADES & KOZ)","OG Filename: FIRESTARTER V2
Recorded in 2018.",3:13,,"Mar 2, 2021",OG File,CD Quality,"https://pillows.su/f/97b23ca42638a1462a541a5521dc19b6
https://imgur.gg/f/y3LFHW6"
Future Nostalgia,"Fool's Paradise
(ref. Sia) (prod. Greg Kurstin)",Confirmed by an insider that Sia recorded a reference demo of the track.,?:??,,,Confirmed,Not Available,"N/A
N/A"
Future Nostalgia,"⭐ Fool's Paradise
(prod. Greg Kurstin)","OG Filename: Fool s Paradise GK1
Recorded in 2018. Written by Sia and Greg Kurstin.",3:38,,"Jan 14, 2024",OG File,CD Quality,"https://pillows.su/f/4bd23fd3e4e6bca78c317805f0cd1bab
https://imgur.gg/f/9EcYSMq"
Future Nostalgia,"⭐ Forgiveness
(prod. KOZ & MNEK)","OG Filename: DL_FORGIVENESS_demo1
Recorded in January 2018. Co-written with Clarence Coffee Jr., KOZ and MNEK.",4:13,,"Nov 8, 2020",OG File,High Quality,"https://pillows.su/f/951641008a620a3cc1887dab9635d56a
https://imgur.gg/f/kdueZHK"
Future Nostalgia,"⭐ Fun
(prod. Max Martin & Ali Payami)","OG Filename: Fun 1.3
Bounced on January 22, 2018. Not to be confused with the 2016's unreleased song with the same name from sef-titled sessions. Co-written with Ali Payami, Max Martin and Savan Kotecha.",3:29,,"Jan 14, 2024",OG File,CD Quality,"https://pillows.su/f/582901357e3e446f5b00d086424cc6b6
https://imgur.gg/f/ULLQRj0"
Future Nostalgia,"Future
(prod. King Henry)","OG Filename: Future_Dua V1
Rough Demo, Recorded in Janurary 2018. Recorded in the same session as ""Watch My Mouth"". Co-written with Caroline Ailin and Sasha Alex Sloan.",3:00,,"Mar 1, 2025",OG File,High Quality,"https://pillows.su/f/3401cbb26730563532fc455f89775ec5
https://imgur.gg/f/esMiNpS"
Future Nostalgia,"⭐ Gettin' Good
(prod. KOZ)","OG Filename: GETTIN' GOOD-vox demo
Recorded in August 2018. Same session as ""Levitating"" (Demo 2), ""Where'd The Magic Go"", ""Narcissist"", ""Bite The Peach"" and ""Not My Problem"" (demo).  Bounced on September 13th, 2018. Co-written with Caroline Ailin, Clarence Coffee Jr. and KOZ.",3:22,,"Mar 27, 2025",OG File,High Quality,"https://pillows.su/f/693fd71c0990148cdf67e455030cca01
https://imgur.gg/f/QEmDtje"
Future Nostalgia,"⭐ Good Luck
(prod. KOZ)
(Better Than Me)","OG Filename: Good Luck V3.3
Version 3.3. Recorded in Janurary 2019. Same session as ""Ugly"". Co-written with Dayyon Alexander, KOZ and Elof Loely.",3:04,,"Jan 14, 2024",OG File,CD Quality,"https://pillows.su/f/ccee7f900561b81b319b8bbbf307b076
https://imgur.gg/f/llwTyAw"
Future Nostalgia,"Good Luck (Remix)
(prod. KOZ)",Remix of 'Good Luck' by the song's producer KOZ.,2:28,,"Jan 15, 2024",Full,CD Quality,"https://pillows.su/f/8033061e305131a5699dcbe1310c8338
https://imgur.gg/f/EcG9jBX"
Future Nostalgia,"Guilty [V1]
(prod. Danja)","OG Filename: Guilty
Demo version with slightly different production. Recorded in 2019. File date: June 19th, 2019. Co-written with Chloe George, Danja and Sarah Hudson.",2:35,,"Jul 19, 2021",OG File,CD Quality,"https://pillows.su/f/bb56293275d0d89f34bfd7a585ab90ff
https://imgur.gg/f/8rkTymf"
Future Nostalgia,"⭐ Guilty [V2]
(prod. Danja)","OG Filename: GUILITY_LAGO MIX 1
Final version. File date: August 8th, 2019.",2:37,,"Mar 23, 2021",OG File,CD Quality,"https://pillows.su/f/8f29d84900e65c0dc56c277dfddde66c
https://imgur.gg/f/OIfBjqf"
Future Nostalgia,"Hard Days [V1]
(prod. Danja & Marcella Araica)","OG Filename: Hard Days
Demo version. Recorded in 2019. File date: June 19th, 2019. Co-written with Danja and Marcella Araica.",4:17,,"Nov 6, 2024",OG File,CD Quality,"https://pillows.su/f/fcdcc74aa98b3e21e3d8f2c4f732f5e7
https://imgur.gg/f/4uIl7aM"
Future Nostalgia,"⭐ Hard Days [V2]
(prod. Danja & Marcella Araica)","OG Filename: Hard Days_LAGO MIX 2
Final version. File date: August 8th, 2019.",4:13,,"Aug 15, 2021",OG File,CD Quality,"https://pillows.su/f/48dfcd396ec9a3a1f95ccfd5b23d557e
https://imgur.gg/f/Zw81vF4"
Future Nostalgia,"Hi [V1]
(ref. Troye Sivan) (feat. Pharrell Williams) (prod. Pharrell Williams)
(I Won't Cry)","OG Filename: Troye I Won't Cry 2.2 Conway 3.4.18
Original version of what became Dua's 'Hi', recorded by Troye Sivan in 3.4.2018 during sessions for his second album, 'Bloom'. Uses the same instrumental and unfinished chorus by Pharrell Williams.",4:42,,"Dec 25, 2023",OG File,High Quality,"https://pillows.su/f/8b2ea74c58e095e340ade173556bf110
https://imgur.gg/f/Ek9ObmP"
Future Nostalgia,"🗑️ Hi [V2]
(feat. Pharrell Williams) (prod. Pharrell Williams)","OG Filename: Dua_Lipa_Hi_1.3_Conway_5.31.19
Version 1.3. File date: May 31st, 2019. Co-written with Pharrell Williams.",4:05,,"Dec 24, 2023",OG File,CD Quality,"https://pillows.su/f/0c9047bc63d7594adbb14ed27f1b6847
https://imgur.gg/f/lJ6N6pY"
Future Nostalgia,"Human
(ref. Sia) (prod. Greg Kurstin)",Reference demo recorded by Sia. Confirmed by a reliable insider.,?:??,,,Confirmed,Not Available,"N/A
N/A"
Future Nostalgia,"⭐ Human
(prod. Greg Kurstin)","OG Filename: Human Gk1
Recorded in December 2018. Co-written with Greg Kurstin and Sia. This is not the same track as the track ""Human"" from 2016 from Dua Lipa's Debut Self Titled sessions.",3:46,,"Nov 10, 2024",OG File,CD Quality,"https://pillows.su/f/4db381834891e26528959d4dac6eb343
https://imgur.gg/f/EuOhROj"
Future Nostalgia,"⭐ I Wish I Never Met You
(prod. Ging & Louis Bell)","OG Filename: I Wish I Never Met You (4.9.19) (Version 1)
File date: April 9th, 2019. Co-written with Ali Tamposi, Louis Bell and Frank Dukes.",3:07,,"Jan 14, 2024",OG File,CD Quality,"https://pillows.su/f/0917f596699a8b7c54af33b4d93c2cd1
https://imgur.gg/f/7mT17Fc"
Future Nostalgia,"Jealousy [V1]
(prod. MNEK & GRADES)","OG Filename: JEALOUSY-demo
Demo version. Recorded in January 2018. Co-written with Clarence Coffee Jr., KOZ, MNEK and Sarah Hudson.",3:16,,"Jul 26, 2025",OG File,High Quality,"https://pillows.su/f/30144434ae3c0598a2e8e7022a84835f
https://imgur.gg/f/qvo6Stt"
Future Nostalgia,"⭐ Jealousy [V2]
(prod. MNEK & GRADES)","OG Filename: DUA- JEALOUSY-2
Final version.",3:22,,"Mar 22, 2020",OG File,High Quality,"https://pillows.su/f/5336ab5392df9376dbe9aa1f913cb7e0
https://imgur.gg/f/YxIr4wW"
Future Nostalgia,"🗑️ Jump On It 
(with Calvin Harris) (prod. Calvn Harris)
(The Truth)","OG Filename: JumpOnIt DEMO
Alternate (final) version of 'The Truth', with different melodies and production. File date: March 25th, 2019. Co-written with Calvin Harris, Tove Lo and Dayyon Alexander.",3:33,,"Jul 25, 2025",OG File,CD Quality,"https://pillows.su/f/81d9c7426471f6ee75556e96a3637d4d
https://imgur.gg/f/QKX6kvK"
Future Nostalgia,"Lion [V1]
(prod. GRADES, MNEK & KOZ)","OG Filename: LION demo
Demo version. Recorded in January 2018. Co-written with Clarence Coffee Jr. and Sarah Hudson.",3:14,,"Jul 26, 2025",OG File,High Quality,"https://pillows.su/f/b4931ced9519527a5e96238740c8ca3d
https://imgur.gg/f/vIwJAJq"
Future Nostalgia,"⭐ Lion [V2]
(prod. GRADES, MNEK & KOZ)","OG Filename: DUA- LION demo 2
Final version.",3:12,,"Nov 24, 2022",OG File,High Quality,"https://pillows.su/f/14d871134e5a4ca50b85b55200922ff5
https://imgur.gg/f/7HdKej5"
Future Nostalgia,"⭐ Little Things
(prod. Joel Little)","OG Filename: Little Things_ruff_Feb1.mp3
Recorded in 2019. Lyrics leaked online in August 2025. Co-written with Tove Lo and Sarah Hudson. (Link)",3:22,,"Jun 19, 2026",OG File,High Quality,"https://pillows.su/f/4d2f5890b55fadc235a5a47bc4258044
https://imgur.gg/f/VB7bwJm"
Future Nostalgia,"⭐ Looked At Me
(prod. Ian Kirkpatrick)
(Look At Me)","OG Filename: dua-emily-lookatme
Recorded in 2019. Same session as ""Pretend I Don't Exist"" & ""Rich"". Co-written with Emily Warren and Ian Kirkpatrick.",2:22,,"Jun 19, 2026",OG File,CD Quality,"https://pillows.su/f/67442519e61e7892d5b1608198598275
https://imgur.gg/f/UARaEQF"
Future Nostalgia,"Love Is Religion [V1]
(prod. GRADES & KOZ)","Demo 1. Recorded in Janurary 2018. A remix of this track was released in 'Club Future Nostalgia'. It was also considered to be apart of ""The Moonlight Edition"" of Future Nostalgia. Co-written with Clarence Coffee Jr, Sarah Hudson, MNEK, GRADES and KOZ.",?:??,,,Confirmed,Not Available,"N/A
N/A"
Future Nostalgia,"Love Is Religion [V2]
(prod. GRADES & KOZ)","OG Filename: DUA- LOVEISRELIGION-2
Demo 2.",3:12,,"Mar 22, 2020",OG File,High Quality,"https://pillows.su/f/4258ac6eb046509ca179d9a56f58bfaa
https://imgur.gg/f/lJ5WTt8"
Future Nostalgia,"⭐ Love Is Religion [V3]
(prod. GRADES & KOZ)","OG Filename: DL-Love Is Religion_Main_(ALL VOX -1dB)
Final Version.",3:07,,"Jun 10, 2025",OG File,Lossless,"https://pillows.su/f/f52a6f2fdf9d19c94d47e8556ebe583d
https://imgur.gg/f/A5WmZj6"
Future Nostalgia,"⭐ Make A Wish
(prod. Ali Payami)","OG Filename: Make A Wish (Rough 1.0)
Recorded in 2019. Co-written with Ali Payami, Klas Ahlund and Clarence Coffee Jr.",2:52,,"Oct 6, 2024",OG File,CD Quality,"https://pillows.su/f/0f0e7369a42b06403b7014a31bdeb905
https://imgur.gg/f/UAdEUjZ"
Future Nostalgia,"⭐ Making Me Think
(prod. Ian Kirkpatrick)
(Think About Him)","OG Filename: Making Me Think
Recorded in January 2018. Intended for early edition of ""Future Nostalgia"", then titled Glass House. Same session as ""Worst Days"". Co-written with Caroline Allin and Ian Kirkpatrick.",2:36,,"Jul 17, 2025",OG File,High Quality,"https://pillows.su/f/37e6acf9417043a5313731b173962c5e
https://imgur.gg/f/chh7WVi"
Future Nostalgia,"⭐ Me & The Music
(prod. KOZ)","OG Filename: Dua Lipa - ME THE MUSIC-ref1
Recorded in 2018. From the same session as ""Tragedy"". Co-written with  Tayla Parx and Lowell.",2:49,,"Nov 13, 2024",OG File,High Quality,"https://pillows.su/f/42e00e05e9e0d88d987984f52e7111c8
https://imgur.gg/f/NveBvlL"
Future Nostalgia,"Naked [V1]
(prod. Danja)","OG Filename: Naked
Demo version. Recorded in 2019. File date: June 19th, 2019. Co-written with Chloe Goerge, Sarah Hudson and Danja.",3:12,,"Nov 6, 2024",OG File,CD Quality,"https://pillows.su/f/4335a066a5a5fd3a6412e4395abef4ce
https://imgur.gg/f/PfpEqUs"
Future Nostalgia,"⭐ Naked [V2]
(prod. Danja)","OG Filename: NAKED_LAGO MIX2
Final version. File date: August 8th, 2019.",3:13,,"Mar 27, 2021",OG File,CD Quality,"https://pillows.su/f/ac06aa8880839a8df9241b377ac0018b
https://imgur.gg/f/xuYO69Y"
Future Nostalgia,"⭐ Narcissist
(prod. KOZ & MNEK)
(All About Him)","OG Filename: NARCISSIST-demo
Recorded in August-September 2018. Bounced on September 13th, 2018. Co-written with Clarence Coffee Jr. and Sarah Hudson.",3:18,,"Jan 14, 2024",OG File,CD Quality,"https://pillows.su/f/0be774b067774ec66e6534507828ed27
https://imgur.gg/f/Nn1jDnH"
Future Nostalgia,"No Problem [V1]
(prod. Emile Haynie)","Demo 1. Recorded in 2019. Same sessions as ""Out of Chaos"". Co-written with Clarence Coffee Jr., Caroline Ailin and Emile Haynie.",?:??,,,Confirmed,Not Available,"N/A
N/A"
Future Nostalgia,"No Problem [V2]
(prod. Emile Haynie)",Demo 2.,?:??,,,Confirmed,Not Available,"N/A
N/A"
Future Nostalgia,"🗑️ No Problem [V3]
(prod. Emile Haynie)","OG Filename: No Problem Rough v3
Version 3, according to OG file name, suggesting earlier versions exist.",3:18,,"Jul 25, 2025",OG File,CD Quality,"https://pillows.su/f/de6a8d190efe2aabd8778d223517c5ab
https://imgur.gg/f/5gVhqK9"
Future Nostalgia,"⭐ No Return
(prod. Ricky Reed)
(Point of No Return)","OG Filename: NO RETURN RR 1
Recorded on January 12th, 2019. Same session as ""Swim"" (despite having different producers). Co-written with Ricky Reed, Dayyon Alexander and Nija.",2:59,,"Jul 24, 2025",OG File,CD Quality,"https://pillows.su/f/f37e8320a018ba4dcb36e11b76caa37a
https://imgur.gg/f/2al3iXm"
Future Nostalgia,"⭐Not Over You
(prod. KOZ & MNEK)","OG Filename: NOT OVER YOU-demo1
Recorded in Janurary 2018. Co-written with MNEK and KOZ.",3:25,,"Jan 5, 2022",OG File,CD Quality,"https://pillows.su/f/2c17561d7c0d9ff092a1d006126c84f2
https://imgur.gg/f/rsnHwFa"
Future Nostalgia,"Oh My Gosh [V1]
(prod. KOZ)","Demo 1. Recorded in 2018. Co-written with Chelcee Grimes, Clarence Coffee Jr., Felix Button and Simon Ratcliffe.",?:??,,,Confirmed,Not Available,"N/A
N/A"
Future Nostalgia,"Oh My Gosh [V2]
(prod. KOZ)",Demo 2.,?:??,,,Confirmed,Not Available,"N/A
N/A"
Future Nostalgia,"Oh My Gosh [V3]
(prod. KOZ)","OG Filename: OH MY GOSH-3 (1)
Demo 3 from 2018, according to OG file name, suggesting earlier demos exist. It samples Basement Jaxx's song ""Oh My Gosh"".",4:03,,"Nov 6, 2024",OG File,High Quality,"https://pillows.su/f/c1a2aeba40ecc83730bc0ce7332843b2
https://imgur.gg/f/CTMZ0ip"
Future Nostalgia,"⭐ Oh My Gosh [V4]
(prod. KOZ)","OG Filename: OH MY GOSH-4-new vox
Final version from 2019. Recorded in the same session as ""Love Again"" (Original Demo).",4:00,,"Nov 6, 2024",OG File,High Quality,"https://pillows.su/f/6298db9e30c3a9a56c44e2ba9bf44125
https://imgur.gg/f/0J7KazG"
Future Nostalgia,"Out Of Chaos [V1]
(prod. Emile Haynie)","Demo 1. Recorded in 2019. Same sessions as ""No Problem"". Co-written with Clarence Coffee Jr. and Caroline Ailin.",?:??,,,Confirmed,Not Available,"N/A
N/A"
Future Nostalgia,"Out Of Chaos [V2]
(prod. Emile Haynie)",Demo 2.,?:??,,,Confirmed,Not Available,"N/A
N/A"
Future Nostalgia,"Out Of Chaos [V3]
(prod. Emile Haynie)",Demo 3.,?:??,,,Confirmed,Not Available,"N/A
N/A"
Future Nostalgia,"⭐ Out Of Chaos [V4]
(prod. Emile Haynie)","OG Filename: Out Of Chaos v4
Final, version 4, according to OG file name, suggesting earlier demos exist. A very low quality recording of the song leaked on February 15, 2025.",3:14,,"Jul 24, 2025",OG File,CD Quality,"https://pillows.su/f/a0559b6744e3b866a0057ebbb3bc724f
https://imgur.gg/f/3DedSoM"
Future Nostalgia,"⭐ Paranoid
(prod. The Struts)","OG Filename: Dua Paranoid 1.0 SessionBounce
Recorded in Feburary 2019. Co-written with Tove Lo. Co-written Tove Lo, Ludvig Sogerberg and Jakob Jeristrom.",3:13,,"Nov 6, 2024",OG File,CD Quality,"https://pillows.su/f/b23500bf2039b099645e92679e3a3d6c
https://imgur.gg/f/P5xw9Xh"
Future Nostalgia,"Party All The Time [V1]
(ref. ZALE) (prod. ZALE & KOZ)","OG Filename: KOZ_ZALE_ROOK -PARTY ALL THE TIME
Writer's demo by ZALE. Co-written with ZALE, Rook and KOZ.",3:27,,"Jan 31, 2025",OG File,CD Quality,"https://pillows.su/f/799352f5a201867ba9e00fce9ddb72b3
https://imgur.gg/f/9Li4kmr"
Future Nostalgia,"Party All The Time [V2]
(feat. Zale) (prod. ZALE & KOZ)","OG Filename: DUA_PARTY ALL THE TIME
Contains vocals from writer ZALE. Recorded in January 2018.",3:15,,"Jan 21, 2024",OG File,CD Quality,"https://pillows.su/f/39355b333e35e77e6dfc71d9c0bf5d35
https://imgur.gg/f/pJkDviO"
Future Nostalgia,"⭐ Pressure
(prod. Ian Kirkpatrick)
(Presha)","OG Filename: presha-ruff1
Recorded in 2019. Co-written with Tove Lo and Sarah Hudson.",3:16,,"Jan 21, 2024",OG File,CD Quality,"https://pillows.su/f/229b222e9a75000466b9242e79dbbd5c
https://imgur.gg/f/hwvsWLt"
Future Nostalgia,"⭐ Pretend I Don't Exist
(prod. Ian Kirkpatrick)
(P.I.D.E.) (Pretend)","OG Filename: Pretend - worktape 2
Rough demo, Recorded in 2019. Same session as ""Rich"". Co-written with Caroline Ailin, Ian Kirkpatrick and Emily Warren.",2:35,,"Aug 6, 2021",OG File,High Quality,"https://pillows.su/f/d5d07c7b09f1a877f69f63b73b3a0859
https://imgur.gg/f/BGD3z9s"
Future Nostalgia,"⭐ Protect Me From What I Want
(prod. Jason Evigan & Justin Tranter)
(Protect Me) (Protect Me (From What I Want))","OG Filename: Protect Me From What I Want RF
Recorded in 2019. Co-written with Jason Evigan, Justin Tranter and Kennedi.",2:58,,"Jul 30, 2023",OG File,CD Quality,"https://pillows.su/f/50dc69f0da54eaa099eea5a6701fcdce
https://imgur.gg/f/6YiAJ3q"
Future Nostalgia,"🗑️ Rich
(prod. Ian Kirkpatrick)","OG Filename: Rich - worktape 1
Rough demo. Recorded in 2019. Same Session as ""Pretend I Don't Exist"". Co-written with Caroline Ailin and Ian Kirkpatrick.",2:21,,"Mar 1, 2023",OG File,High Quality,"https://pillows.su/f/03f07019126e0af6ab6a1086e327201d
https://imgur.gg/f/ieed3Bb"
Future Nostalgia,"🗑️ Run Together
(prod. Danja)","OG Filename: Run Together_LAGO Mix2
Recorded in 2019. File date: August 8th, 2019. Co-written with Danja.",3:17,,"Sep 1, 2021",OG File,CD Quality,"https://pillows.su/f/b4e3af10085e34947f8edf4e1c8734e6
https://imgur.gg/f/qWY0nNl"
Future Nostalgia,"⭐ Save My Life
(prod. Greg Kurstin)
(Saved My Life)","OG Filename: Save My Life GK1
Recorded in 2018. Co-written with Greg Kurstin and Sia.The song was later released by Sia as a single on May 2nd, 2020.",3:53,,"Feb 20, 2025",OG File,CD Quality,"https://pillows.su/f/1b9babb598dd390f2505e333171d2d06
https://imgur.gg/f/ZzDHAyn"
Future Nostalgia,"Secrets [V1]
(prod. John Hill)","OG Filename: Secrets 062119 [ref-bnc] 112
Demo version. It has slightly less production and work on vocals. Bounced in June 21st, 2019. Co-written with John Hill.",3:10,,"Dec 7, 2020",OG File,CD Quality,"https://pillows.su/f/1075966766f6d900acc081fd573e14ee
https://imgur.gg/f/bqZ2Y9l"
Future Nostalgia,"⭐ Secrets [V2]
(prod. John Hill)","OG Filename: Secrets 62619 [ref-bnc] 112
Final version. Bounced in June 26th, 2019.",3:12,,"Oct 5, 2020",OG File,CD Quality,"https://pillows.su/f/6fce67e1e99d15289f25a53575e93eea
https://imgur.gg/f/BQwMP4d"
Future Nostalgia,"⭐ Selfish
(prod. Ed Thomas)","OG Filename: Dua_-_Selfish_ET
Recorded on June 11th, 2019. Unfinished concept demo, mostly instrumental. Co-written with Ed Thomas.",1:02,,"Jun 19, 2026",OG File,CD Quality,"https://pillows.su/f/0672187b025eec5372ac15e98222b607
https://imgur.gg/f/G7YRnDr"
Future Nostalgia,"⭐ Shine (On Sad World)
(prod. Ali Payami)
(Shine On) (Shine On Sad World) (Shine On Sad World (Gonna Shine))","OG Filename: Shine on (Rough1.0)
Originally intended as track 13 of an early version of 'Future Nostalgia'. Recorded in 2019. There's rumors of a later version 2.5, making this not the final version. Co-written with Ali Payami, Clarence Coffee Jr and Klas Ahlund.",2:50,,"Nov 30, 2022",OG File,CD Quality,"https://pillows.su/f/f8f6da2701e3abb6597ffb26d6ab9316
https://imgur.gg/f/KyCkG7C"
Future Nostalgia,"Sleep No More [V1]
(ref. Camila Cabello) (feat. Pharrell Williams (prod. Pharrell Williams)
(Come When I Call)","""Come When I Call"" is the first ever demo of ""Sleep No More"" which features different lyrics, but has the same instrumental. The track was meant for Camila Cabello's self titled debut studio album ""Camila"". It was later given to Dua Lipa in which she reworked the track with different lyrics, but was also scrapped from her second studio album ""Future Nostalgia"".",3:11,,"Sep 2, 2020",Full,CD Quality,"https://pillows.su/f/7facd78462efa60c8586c580ac71d5f7
https://imgur.gg/f/i6AKsQM"
Future Nostalgia,"Sleep No More [V2]
(prod. Pharrell Williams)
(Your Lies)","OG Filename: Sleep No More 1.3 Conway 3.21.19
Recorded on March 21st, 2019. Contains the same instrumental from Camila Cabello’s unreleased song, 'Come When I Call'. A snippet of the song first leaked under the title “Your Lies"". Co-written with Pharell Williams.",3:42,,"Mar 20, 2023",OG File,CD Quality,"https://pillows.su/f/189b5490d47acd9f5a77d49336858d22
https://imgur.gg/f/z6dkT3f"
Future Nostalgia,"⭐ Sleep No More [V3]
(prod. Pharrell Williams)
(Your Lies)","OG Filename: Dua Lipa Sleep No More 3.0 Conway 5.31.19.
Recorded on May 31st, 2019. Final version.",3:42,,"Nov 8, 2024",OG File,CD Quality,"https://pillows.su/f/0e33479a0f094179868dd17ab145b35c
https://imgur.gg/f/N4WRj8i"
Future Nostalgia,"⭐ Stop
(prod. SLY)","OG Filename: Stop 2 rough
Recorded in August 2019. Same session as ""Think It Over"" & ""We're Good"". Co-written with SLY.",3:27,,"Feb 10, 2025",OG File,CD Quality,"https://pillows.su/f/25ab9a27d7e524b197cb167a2f57856e
https://imgur.gg/f/FrKlKf1"
Future Nostalgia,"⭐ Sweet Tooth
(prod. Danja)","OG Filename: SWEET TOOTH_LAGO MIX 2
Recorded in 2019. File date: August 8th, 2019. Co-written with Sarah Hudson.",2:58,,"Aug 16, 2021",OG File,High Quality,"https://pillows.su/f/0cf2c9de721e32d4e2bc2e19872727c5
https://imgur.gg/f/NGt4Xbi"
Future Nostalgia,"🗑️ Swim [V1]
(prod. Hit-Boy)","OG Filename: Swim 01.12.19
Recorded on January 12th, 2019. Same session as ""No Return"" (despite having different producers).",3:32,,"Jul 24, 2025",OG File,High Quality,"https://pillows.su/f/02b2e0b63058289dfb3584a322a69914
https://imgur.gg/f/d1UWZeD"
Future Nostalgia,"🗑️ Swim [V2]
(prod. Hit-Boy)","OG Filename: Swim_open_verses_hit_dua_lipa_-_Db_-_92
Later version with open verses that was pitched to Juice WRLD. It is unlikely he recorded the song however. Despite being made after the previous version, this version is noticeably more incomplete.",3:32,,"Jan 26, 2026",OG File,CD Quality,"https://pillows.su/f/1725354c1fb357c8e36a5ccf674d505c
https://imgur.gg/f/R7MgD5g"
Future Nostalgia,"Talk About It [V1] 
(prod. Ging & Louis Bell)","OG Filename: Talk About It (3.23.19) (Version 1)
Demo version. File date: March 23rd, 2019. Co-written with Ali Tamposi, Frank Dukes and Louis Bell.",3:30,,,OG File,CD Quality,"https://pillows.su/f/77ebc27e5a6b4909b3d0ef337796d6c4
https://imgur.gg/f/iEfqFWU"
Future Nostalgia,"⭐ Talk About It [V2] 
(prod. Ging & Louis Bell)","OG Filename: Talk About It (4.13.19) (Version 2)
Final version with slight production differences. File date: April 13, 2019.",3:31,,"Oct 5, 2020",OG File,CD Quality,"https://pillows.su/f/eb94a038f7119540b675edf21fe68aca
https://imgur.gg/f/MjfcL8r"
Future Nostalgia,"The Truth [V1]
(with Calvin Harris) (prod. Calvin Harris)","Leaked version file name suggests an earlier version exists. Co-written with Calvin Harris, Tove Lo and Dayyon Alexander.",?:??,,,Confirmed,Not Available,"N/A
N/A"
Future Nostalgia,"⭐ The Truth [V2]
(with Calvin Harris) (prod. Calvin Harris)","OG Filename: The Truth v2
Version 2 according to OG file name. Recorded in Janurary 2019.",3:34,,"Mar 12, 2025",OG File,CD Quality,"https://pillows.su/f/0349693241944da68bd641fb9127b0c1
https://imgur.gg/f/ax24DZZ"
Future Nostalgia,"⭐ Think It Over
(prod. Sly)","OG Filename: Dua think it over 2
Recorded in July & August 2019. It was recorded in the same session as ""Stop"" & ""We're Good"". Co-written with Clarence Coffee Jr. and Sly.",2:11,,"Dec 17, 2025",OG File,CD Quality,"https://pillows.su/f/bd6d2c7cce51c91e1980da81157f2f59
https://imgur.gg/f/j3zmV9I"
Future Nostalgia,"⭐ Tijuana
(feat. Pharrell Williams) (prod. Pharrell Williams)","OG Filename: Tijuana 2.5 Conway 5.31.19
Version 2.5. File date: May 31st, 2019. Co-written with Pharrell Williams.",3:19,,"Feb 16, 2023",OG File,High Quality,"https://pillows.su/f/325e4122451394650562d0c325e6a2c4
https://imgur.gg/f/hoZBPLv"
Future Nostalgia,"⭐ Tragedy
(prod. KOZ & Tayla Parx)","OG Filename: TRAGEDY demo
Rough demo, recorded in December 2018. Co-written with Tayla Parx, Lowell and KOZ.",1:58,,"Jan 21, 2024",OG File,CD Quality,"https://pillows.su/f/b7359b3c93a809940ca9212147c8f94e
https://imgur.gg/f/eZ8XIDX"
Future Nostalgia,"Tumbling [V1]
(prod. Oscar Holter)",Earlier version recorded by Dua. Recorded in 2018. Co-written with Priscilla Renea and Oscar Holter.,3:27,,"Jan 14, 2024",Confirmed,Not Available,"N/A
N/A"
Future Nostalgia,"Tumbling [V2]
(prod. Oscar Holter)
(Tumbeling)","OG Filename: Tumbeling V2.5
Version 2.5 according to OG file name, suggesting there's probably earlier versions recorded by Dua. Recorded in 2018.",3:27,,"Jan 14, 2024",OG File,CD Quality,"https://pillows.su/f/35b372cb74d563474278fe88483e07df
https://imgur.gg/f/Edn5MQB"
Future Nostalgia,"⭐ Ugly
(prod. KOZ)","OG Filename: Ugly (Rough Idea)
Recorded in 2019. Same session as ""Good Luck"". Short concept demo, under 1 min. Co-written with KOZ.",0:54,,"Feb 15, 2025",OG File,High Quality,"https://pillows.su/f/833988dbb049f0f6fa6015ed5a3bcbc6
https://imgur.gg/f/hED5Qyp"
Future Nostalgia,"Waiting For [V1]
(prod. KOZ & MAY-A)","OG Filename: WAITING FOR-demo
Demo version. Recorded in December 2018. Co-written with KOZ, MAY-A and Clarence Coffee Jr.",?:??,,,Confirmed,Not Available,"N/A
N/A"
Future Nostalgia,"Waiting For [V2]
(prod. KOZ & MAY-A)",Second demo.,?:??,,,Confirmed,Not Available,"N/A
N/A"
Future Nostalgia,"⭐ Waiting For [V3]
(prod. KOZ & MAY-A)","OG Filename: MAYA - WAITING FOR v3
Final version.",3:07,,"Jul 9, 2025",OG File,CD Quality,"https://pillows.su/f/aad4238821c279a379d598f38d4bb208
https://imgur.gg/f/k8ovViI"
Future Nostalgia,"⭐ Watch My Mouth
(prod. King Henry)","OG Filename: Watch My Mouth Dua V1
Recorded in January 2018. Recorded in the same session as ""Future"". Co-written with Caroline Ailin and Sasha Alex Sloan.",3:12,,"Feb 22, 2025",OG File,High Quality,"https://pillows.su/f/406780741cf5f108e80269a1803225f6
https://imgur.gg/f/R3FeLzM"
Future Nostalgia,"What Are The Odds [V1]
(prod. OZGO & Shellback)","OG Filename: DUA_LIPA_What_are_the_odds_1.5
Version 1.5. Recorded in 2019. Rumored to have been considered for 'Charlie's Angels' soundtrack. File date: March 28th, 2019. Co-written with Tove Lo, OZGO and Shellback.",3:11,,"Nov 4, 2024",OG File,CD Quality,"https://pillows.su/f/359a4c7421bdcf9496799632ec69cd2b
https://imgur.gg/f/pNm5TQK"
Future Nostalgia,"⭐ What Are The Odds [V2]
(prod. OZGO & Shellback)","OG Filename: DUA_LIPA_What_are_the_odds_1.7
Final version 1.7. It has very slight mixing changes. File date: May 28th, 2019.",3:11,,"Nov 4, 2024",OG File,CD Quality,"https://pillows.su/f/49178e27eeb8eb910f1ed34ad7658786
https://imgur.gg/f/q6iyyyw"
Future Nostalgia,"⭐ What I Like
(prod. Danja)","OG Filename: WHAT I LIKE_LAGO MIX1
Recorded in 2019. File date: August 8th, 2019. Co-written with Danja.",3:20,,"Jul 18, 2021",OG File,CD Quality,"https://pillows.su/f/30bc968557eb193b7dee3c0e9459d8e9
https://imgur.gg/f/gaK0M2a"
Future Nostalgia,"What The People Say [V1]
(prod. Rick Nowels, John Feldman)","OG Filename: DUA_LIPA_WHAT_THE_PEOPLE_SAY_JF038
Version 38. Recorded in 2019. Co-written with Rick Nowels, Dayyon Alexander, John Feldman and Madison Love.",3:27,,"Nov 4, 2024",OG File,CD Quality,"https://pillows.su/f/40d0b4cdbebc29a8d78c425939dd9515
https://imgur.gg/f/UNMfN3N"
Future Nostalgia,"⭐ What The People Say [V2]
(prod. Rick Nowels, John Feldman)","OG Filename: DUA_LIPA_WHAT_THE_PEOPLE_SAY_JF051_piano_v_voc_up1dB
Final version 51. Only difference is vocals are 1dB louder than v38.",3:27,,"Nov 4, 2024",OG File,CD Quality,"https://pillows.su/f/e0345e2a9fe2cc8a2bc027a21a987746
https://imgur.gg/f/aYsXHTv"
Future Nostalgia,"⭐ When Ur Sober
(prod. The Struts)
(When You're Sober)","OG Filename: Dua  - When Ur Sober D7.1
Recorded in Feburary 2019. Co-written with Tove Lo, Ludwig Soderberg and Jakob Jerlstrom.",3:31,,"Jan 14, 2024",OG File,CD Quality,"https://pillows.su/f/ed813d8503ba35e14c90fe3570edc6a0
https://imgur.gg/f/yfcfVWB"
Future Nostalgia,"Where'd The Magic Go [V1]
(ref. Samm Henshaw) (prod. KOZ)","OG Filename: KOZ_CC_SH_WHERE'D THE MAGIC GO-REF
Pitch demo by Samm Henshaw for Dua Lipa to use for Future Nostalgia & Later, Rihanna for R9.",3:57,,"Dec 15, 2025",OG File,High Quality,"https://pillows.su/f/66f009a5fb75af6382254e4beba507ae
https://imgur.gg/f/n01MEiQ"
Future Nostalgia,"🗑️ Where'd The Magic Go [V2]
(prod. KOZ)","OG Filename: WHERE'D THE MAGIC GO-vox demo
Duas demo recorded in 2018 for FN. Pitched and recorded by Rihanna for R9, her version was recorded & registered to BMI in 2019. Co-written with Sarah Hudson, Koz, Clarence Coffee Jr., Fernando Garibay, Samm Henshaw",4:00,,"Dec 17, 2025",OG File,High Quality,"https://pillows.su/f/992474f98ee9b6173c0453a3a21f6756
https://imgur.gg/f/eXFPA1g"
Future Nostalgia,"Where'd The Magic Go [V3]
(Ref. Rihanna) (prod. KOZ)
(Where D The Magic Go)","Given and recorded by Rihanna in 2019 for R9 after Dua scrapped it. Registered in BMI as ""Where D The Magic Go.""",?:??,,,Confirmed,Not Available,"N/A
N/A"
Future Nostalgia,"⭐ Who Do You Love
(prod. Cirkut & Jason Evigan)","OG Filename: Who Do You Love RF 2
Recorded in November 2018. Not to be confused with the DL1 outtake ""Who Do You Love"" from 2015. Co-written with Sarah Hudson, Clarence Coffee Jr and Cirkut.",3:19,,"Jul 30, 2023",OG File,CD Quality,"https://pillows.su/f/9245398370c40e6d8e53ee8da2096572
https://imgur.gg/f/pRNJThS"
Future Nostalgia,"⭐ Will I Ever
(prod. Greg Kurstin)","OG Filename: Will I Ever GK1
Recorded in 2018. Co-written with Greg Kurstin, Sarah Hudson and Andrew Wyatt.",2:59,,"Nov 6, 2024",OG File,CD Quality,"https://pillows.su/f/4fb5df14cd66f595bf981dc28fc091d5
https://imgur.gg/f/Eoj4Xkb"
Future Nostalgia,"🗑️ Worst Days
(prod. Ian Kirkpatrick)","OG Filename: Worst Days
Recorded in January 2018. Same session as ""Making Me Think"". Co-written with Ian Kirkpatrick, Justin Tranter and Skyler Stonestreet.",3:09,,"Jul 25, 2025",OG File,High Quality,"https://pillows.su/f/ae53ca9d572d98140363e88d1a1824ed
https://imgur.gg/f/Vx9n8AJ"
Future Nostalgia,"⭐ Wrong Number [V1]
(prod. Sam De Jong, KOZ)","OG Filename: Wrong Number (Dua Lipa, Emily Warren, Chloe George, Sam)
Demo version that was track 6 on the July 17th, 2019 version of the album.  Co-written with Emily Warren, KOZ, Chloe George and Sam De Jong.",3:36,,"Aug 3, 2021",OG File,CD Quality,"https://pillows.su/f/ebe028f19bd9ab7460e0f9cd2362f482
https://imgur.gg/f/JfYQ3pj"
Future Nostalgia,"Wrong Number [V2]
(prod. Sam De Jong, KOZ)","OG Filename: Wrong Number - 6
Demo 2.",3:27,,"Aug 3, 2021",OG File,High Quality,"https://pillows.su/f/1c976f076460930c4d7466f03eae2d3d
https://imgur.gg/f/BxCAyVC"
Future Nostalgia,"🏆 Wrong Number [V3]
(prod. Sam De Jong, KOZ)",Final version.,3:27,,,Confirmed,Not Available,"N/A
N/A"
Future Nostalgia,"???
(prod. Andrew Wyatt)","Co-written with Andrew Wyatt. Recorded on May 28th, 2019.",?:??,,,Confirmed,Not Available,"N/A
N/A"
Future Nostalgia,"???
(prod. Andrew Wyatt)","Co-written with Andrew Wyatt. Recorded on June 16th, 2019.",?:??,,,Confirmed,Not Available,"N/A
N/A"
Future Nostalgia,"???
(prod. Billy Walsh)","Co-written with Billy Walsh. Recorded on March 18th, 2019",?:??,,,Confirmed,Not Available,"N/A
N/A"
Future Nostalgia,"???
(prod. Jenna Andrews)",Co-written with Jenna Andrews.,?:??,,,Confirmed,Not Available,"N/A
N/A"
Future Nostalgia,"???
(prod. John Ryan)","Co-written with John Ryan. Recorded on August 16th, 2019",?:??,,,Confirmed,Not Available,"N/A
N/A"
Future Nostalgia,"🏆 ???
(prod. Metro Boomin')","Co-written with Sarah Hudson and Jozzy (Jocelyn Donald). Recorded on August 12th, 2019.",?:??,,,Confirmed,Not Available,"N/A
N/A"
Future Nostalgia,"🏆 ???
(prod. Ricky Reed)","Co-written with Teddy Geiger. Recorded on February 3rd, 2019.",?:??,,,Confirmed,Not Available,"N/A
N/A"
Future Nostalgia,"🏆 ???
(prod. Ricky Reed)","Co-written with Teddy Geiger. Recorded on February 4th, 2019.",?:??,,,Confirmed,Not Available,"N/A
N/A"
Future Nostalgia,"???
(prod. ???)","Co-written with Sarah Hudon and Kennedi. Recorded on June 12th, 2019.",?:??,,,Confirmed,Not Available,"N/A
N/A"
Future Nostalgia,"Ariana Grande - Bad To You [V1]
(ref. James Fauntleroy) (prod. Max Martin, ILYA)","Reference track by James Fauntleroy. Intended for Ariana Grande's 4th studio album ""Sweetener "" and meant to feature Dua Lipa.",2:58,,,Full,CD Quality,"https://pillows.su/f/e4c4bf0e03c54c0530ca0dad7ac50309
https://imgur.gg/f/5d14Blo"
Future Nostalgia,"Ariana Grande - Bad To You [V2]
(prod. Max Martin, ILYA)","OG Filename: Bad To You 1.0
Ariana's solo demo of the track 'Bad To You', has a vocal glitch.",3:24,,"Jul 4, 2023",OG File,CD Quality,"https://pillows.su/f/3e9e2d181fa14faf6368289c0831ab3e
https://imgur.gg/f/25tC1da"
Future Nostalgia,"Ariana Grande - Bad To You [V3]
(prod. Max Martin, ILYA)","OG Filename: Bad To You 1.1
Ariana's solo demo of the track 'Bad To You'.",3:13,,"Aug 20, 2023",OG File,CD Quality,"https://pillows.su/f/d9b885ff78615c318a1f6ff9f600d077
https://imgur.gg/f/p6xH70k"
Future Nostalgia,"Ariana Grande - Bad To You [V4]
(prod. Max Martin, ILYA)","OG Filename: Bad To You 1.2
Ariana's solo demo of the track 'Bad To You' fixes vocal glitch.",3:13,,"Aug 20, 2023",OG File,CD Quality,"https://pillows.su/f/c796bb371983a8a5ef55ba3ad3d3d259
https://imgur.gg/f/yfh0lCA"
Future Nostalgia,"Ariana Grande - Bad To You [V5]
(feat. Dua Lipa) (prod. Max Martin, ILYA)","OG Filename: Bad To You 1.8
Demo of the track 'Bad To You'. The track was not intended for Dua Lipa's Future Nostalgia album, however it was intended to be on ""Sweetener"" by Ariana Grande and the Charlie's Angels Soundtrack.",3:13,,"Aug 20, 2023",OG File,CD Quality,"https://pillows.su/f/03ec538f5dac6dff8204d7358ec9afc6
https://imgur.gg/f/5kZZxsG"
Future Nostalgia,"Ariana Grande - Bad To You [V6]
(feat. Dua Lipa) (prod. Max Martin, ILYA)","OG Filename: Bad To You 2.2
Demo of the track 'Bad To You'.",3:13,,"Aug 20, 2023",OG File,CD Quality,"https://pillows.su/f/479b81858229ca83bd240e008279d962
https://imgur.gg/f/0AzbkSh"
Future Nostalgia,"Ariana Grande - Bad To You [V7]
(feat. Dua Lipa) (prod. Max Martin, ILYA)","Demo of the track ""Bad To You"". The track was released without Dua Lipa's vocals but her backing vocals were kept in the released version with Normani and Nicki Minaj,",3:20,,"Feb 11, 2023",Full,High Quality,"https://pillows.su/f/d1e05e2c794bd91e1bd24a36ad47ba38
https://imgur.gg/f/TyT6Yti"
Future Nostalgia,"Ariana Grande - Bad To You [V8]
(feat. Dua Lipa) (prod. Max Martin, ILYA)","Demo of the track 'Bad To You'. Co-written with Max Martin, ILYA, Danny Schofield (DannyBoyStyles) and Brandon ""Bizzy"" Hollemon.",3:13,,"Feb 11, 2023",Full,CD Quality,"https://pillows.su/f/fe34e9b02a055e015e537bc6b55a9393
https://imgur.gg/f/DUFQqDY"
Future Nostalgia,"⭐ Ariana Grande - Bad To You [V9]
(feat. Dua Lipa) (prod. Max Martin, ILYA)","OG Filename: Ariana Grande-BAD TO YOU Main-V3.1
Mastered version of 'Bad To You'. It was later recorded and released featuring Normani and Nicki Minaj for the Charlie's Angels soundtrack.",3:13,,"Jun 30, 2023",OG File,CD Quality,"https://pillows.su/f/83c74f4cedb8b0bd7eabb957eaae8c02
https://imgur.gg/f/Ag6Ep1q"
Future Nostalgia,"⭐ Calvin Harris & Dua Lipa - Dreams [V1]
(prod. Calvin Harris)","OG Filename: Calvin Harris x Dua Lipa - Dreams (AT) O 2 (VOCALDEMO) [LoudMaster]
Demo/Remix version. Intended for release in the summer of 2019, as a follow up to 'One Kiss', but was ultimately scrapped from Future Nostalgia because of scheduling issues/due to Dua wanting it to be a solo project. Parts of the song were reworked and reused for 'Lovers in the Past', released in 2024 by Calvin Harris and Rag'n'bone Man. A snippet leaked on June 11th, 2022 by a fan with the caption “I present you an unreleased by Dua Lipa that you will not get anywhere.”. The demo version is longer and has more instrumental parts than vocal parts.",3:36,,"Jun 19, 2026",OG File,Lossless,"https://pillows.su/f/4de1733a7dfea2b25aa534c58643993c
https://imgur.gg/f/1e7oIz0"
Future Nostalgia,"Calvin Harris & Dua Lipa - Dreams [V2]
(prod. Calvin Harris)",Demo 2 of Dreams. Co-written with Caroline Ailin and Calvin Harris.,?:??,,,Confirmed,Not Available,"N/A
N/A"
Future Nostalgia,"Calvin Harris & Dua Lipa - Dreams [V3]
(prod. Calvin Harris)",Demo 3 of Dreams,?:??,,,Confirmed,Not Available,"N/A
N/A"
Future Nostalgia,"Calvin Harris & Dua Lipa - Dreams [V4]
(prod. Calvin Harris)",Demo 4 of Dreams,?:??,,,Confirmed,Not Available,"N/A
N/A"
Future Nostalgia,"Calvin Harris & Dua Lipa - Dreams [V5]
(prod. Calvin Harris)",Demo 5 of Dreams,?:??,,,Confirmed,Not Available,"N/A
N/A"
Future Nostalgia,"Calvin Harris & Dua Lipa - Dreams [V6]
(prod. Calvin Harris)",Demo 6 of Dreams,?:??,,,Confirmed,Not Available,"N/A
N/A"
Future Nostalgia,"Calvin Harris & Dua Lipa - Dreams [V7]
(prod. Calvin Harris)",Demo 7 of Dreams,?:??,,,Confirmed,Not Available,"N/A
N/A"
Future Nostalgia,"Calvin Harris & Dua Lipa - Dreams [V8]
(prod. Calvin Harris)",Demo 8 of Dreams,?:??,,,Confirmed,Not Available,"N/A
N/A"
Future Nostalgia,"Calvin Harris & Dua Lipa - Dreams [V9]
(prod. Calvin Harris)",Demo 9 of Dreams,?:??,,,Confirmed,Not Available,"N/A
N/A"
Future Nostalgia,"⭐ Calvin Harris & Dua Lipa - Dreams [V10]
(prod. Calvin Harris)","OG Filename: Dua_Lipa___Calvin_Harris_-_Dreams_Mix10
Final version. This version was uploaded in Dua's cloud from her old management.",2:58,,"Nov 13, 2024",OG File,CD Quality,"https://pillows.su/f/562326ff12d19ff9bb4f9bc4eec9c553
https://imgur.gg/f/6LLSDvN"
Future Nostalgia,"Calvin Harris & Dua Lipa - Dreams [V11]
(ref. Caroline Ailin) (prod. Calvin Harris)","Writer's demo actually recorded after Dua's version, intended for pitching to other artists. A snippet leaked on February 16th, 2025.",?:??,,,Snippet,CD Quality,"Link Needed
Link Needed"
Future Nostalgia,"FKA twigs - Why Don't You Love Me [V1]
(feat. Dua Lipa)","There are several demos of this song. First teased during Dua’s Studio 2054 virtual concert on November 27th, 2020. This version only has FKA twigs' verses.",2:07,,"Nov 27, 2020",Full,CD Quality,"Link Needed
Link Needed"
Future Nostalgia,"⭐ FKA twigs - Why Don't You Love Me [V2]
(feat. Dua Lipa)","OG Filename: Why Don't You Love Me - jgl010
Alternative demo version with Dua verse.",3:25,,"Aug 28, 2023",OG File,CD Quality,"https://pillows.su/f/da85982fdd46f1bef9b3279f380b650b
https://imgur.gg/f/LPHFVNB"
Future Nostalgia,"🏆 FKA twigs - Why Don't You Love Me [V3]
(feat. Dua Lipa)","Final version. Snippets leaked on January 5th, 9th and 16th, 2024. A partial LQ version leaked on August 26th, 2025.",3:15,,,Snippet,Low Quality,"https://pillows.su/f/4d539659c4675fe58a9cba2bc92d72b3
https://imgur.gg/f/fOaQ4cO"
Future Nostalgia,"I'm Free
(prod. Zach Witness, J Moon & Yves Saint Laurent)",Cover of Rolling Stones. Recorded for Yves Saint Laurent 'Libre' fragrance 2019 campaign. Issued on limited promotional LP in 2019.,?:??,,"Aug 21, 2019",Snippet,High Quality,"https://pillows.su/f/513484fbca6534ece4f9d5b64bc57942
https://imgur.gg/f/e2FvJny"
Future Nostalgia,"Kanye West - Law Of Attraction
(ref. Dua Lipa)","OG Filename: Law Of Attraction Dua Lipa ref - 03.16.19
Dua Lipa reference track/demo for Kanye West's 'Law of Attraction' intended for West's unreleased album 'Yandhi'. Later released as 'Use This Gospel' on West's album 'Jesus Is King' without Dua. File date: March 16th, 2019.",2:03,,"Oct 19, 2020",OG File,CD Quality,"https://pillows.su/f/4f10a6162616b09fae0ac057d640adc6
https://imgur.gg/f/uCE3vsp"
Future Nostalgia,"Kanye West - On God
(ref. Dua Lipa)","OG Filename: ON GOD - Dua Lipa-grid ref 03.28.19
Dua Lipa reference track/demo for Kanye West's 'On God' intended for West's unreleased album 'Yandhi'. Later released on West's album 'Jesus Is King' without Dua. Recorded in 2019.",2:04,,"Oct 24, 2020",OG File,CD Quality,"https://pillows.su/f/1bd624e2f91663a3707526a37069894c
https://imgur.gg/f/Bh3lwbR"
Future Nostalgia,"⭐ Miley Cyrus - L.A. Money
(with Dua Lipa) (prod. Digital Farm Animals & Andrew Wyatt)","OG Filename: LA MONEY-Dua 3_
Miley Cyrus & Dua Lipa version of the ALMA's song.",3:05,,"Nov 15, 2020",OG File,High Quality,"https://pillows.su/f/ab596a09ad99487d3fb6b3f6dcd06ad4
https://imgur.gg/f/sH5QMss"
Future Nostalgia,"Tease Me [V1]
(ref. ???) (prod. Danja)","Writer's demo recorded in 2019 and produced by Danja. The track was previously given to Keri Hilson for her unreleased album, L.I.A.R. Dua Lipa has never recorded vocals for this track. The song's instrumental was leaked in full on November 16, 2023. A snippet of the writers demo was leaked on Janurary 27th, 2026.",?:??,,,Snippet,CD Quality,"https://pillows.su/f/12330f9dce33c5758d098c54513cbd73
https://imgur.gg/f/Gpx4yiW"
Future Nostalgia,"⭐Babylon [V3]
(prod. Darkchild)","OG Filename: Babylon 2018 (Ruff 5)
First rework made in 2018 for 'Future Nostalgia', by Darkchild intended for pitching to other artists.",3:37,,"Jun 30, 2024",OG File,CD Quality,"https://pillows.su/f/8b947b23cd48ee98c976fa8fc246c841
https://imgur.gg/f/cDGrZaL"
Future Nostalgia,🏆 Babylon [V4],"Second rework made in 2020. Reworked by several producers over the years with no involvement from Dua, possibly for pitching. A snippet of this version leaked on April 19th, 2023.",?:??,,,Snippet,CD Quality,"https://pillows.su/f/707632d77ce43714bc10304cc03b82fa
https://imgur.gg/f/OXiE6nZ"
Future Nostalgia,"⭐ Cryptic [V2]
(prod. Jacob Attwooll & Josh Record)","OG Filename: Cryptic [2]
Reworked version from 2019 by Jacob Attwooll with intention to pitch the song to South Korean market.",2:54,,"Dec 6, 2021",OG File,CD Quality,"https://pillows.su/f/54a69420b82c45e4c5ba53d81c3067fa
https://imgur.gg/f/7ZpRMUf"
Future Nostalgia,"Follow Me [V3]
(prod. Fraser T. Smith)","OG Filename: Follow Me_Ref Mix 7
Said to be a reworked version from 2018 most likely done by Fraser T. Smith. Intended for pitching.",?:??,,,Confirmed,Not Available,"N/A
N/A"
Future Nostalgia,"⭐ Follow Me [V4]
(prod. Fraser T. Smith)","OG Filename: Follow Me_Ref Mix 8
Reworked version from 2018 done by Fraser T. Smith. Intended for pitching.",3:30,,"Oct 20, 2020",Full,CD Quality,"https://pillows.su/f/7e8340a0a95c1165dea6afc236f7085e
https://imgur.gg/f/zP9hygV"
Future Nostalgia,"⭐ Hooligan [V3]
(prod. Jacob Attwooll & Josh Record)",Reworked version from 2019 by Jacob Attwooll with intention to pitch the song to South Korean market. Later released by k-pop band TWICE as 'Behind the Mask'.,3:41,,"Oct 29, 2024",Full,CD Quality,"https://pillows.su/f/38d911cb0c0de4dfe81db1fc57a6ab02
https://imgur.gg/f/QZBOAnw"
Future Nostalgia,"⭐ I Need U [V2]
(prod. Tobias Jesso Jr)
(Need You)","OG Filename: I Need U ROUGH
Rework from January 2018, meant for pitching to others artists.",3:16,,"Jul 26, 2025",OG File,High Quality,"https://pillows.su/f/38e2af3b03606e9328d8c94cec9c1bc3
https://imgur.gg/f/lA0IVIF"
Future Nostalgia,"⭐ Love You Better [V3]
(prod. Naughty Boy)","OG Filename: Love You Better latest
2018 rework with different production. File was created on May 11th, 2018. The file was modified on July 8th, 2018. Meant for Naughty Boy's shelved 2018 album.",3:18,,"Dec 23, 2023",OG File,CD Quality,"https://pillows.su/f/23c147b99ea0d3c3f5d0a953eecd85d3
https://imgur.gg/f/ZAcUUDt"
Future Nostalgia,"⭐ Telling It Like It Is [V4]
(prod. Nick Hodgson?)",Reworked version used to pitch to Zara Larsson and Tyga. The producer of the reworked track is assumed to be Nick Hodgson. Rework done in 2019.,?:??,,,Full,High Quality,"https://pillows.su/f/5c0b6480f1ddebded7bbb519161701aa
https://imgur.gg/f/OYBhi7h"
Future Nostalgia,"⭐ Voodoo [V2]
(prod. Josh Record)","OG Filename: Dua Lipa - voodoo demo t2
2018 Rework of the song ""Voodoo"" that was originally made in the self titled sessions in 2015 intended for pitching to other artists.",2:33,,"Jan 25, 2025",OG File,High Quality,"https://pillows.su/f/c90006bbc75b81614b18d938d8965542
https://imgur.gg/f/rNxM2Ni"
Future Nostalgia,"Yours [V6]
(prod. KOZ)","Rework from 2018. A snippet of the instrumental of the track leaked on July 1st, 2026. Meant for pitching to other artists.",?:??,,,Snippet,High Quality,"https://pillows.su/f/84fd5caecc84e94d2dcfa7393cd7ad65
https://imgur.gg/f/TTTs0yo"
"1 OG Files
1 Full
0 Tagged
0 Partial
3 Snippet(s)
6 Unavailable",Radical Optimism,"(March 26th, 2021) Future Nostalgia (Moonlight Edition) is released.
(May 3rd, 2024) Radical Optimism is released.",,,,,,
Radical Optimism,"Dance The Night [V1]
(Dance Through an Earthquake)","Dua revealed in an interview an earlier version of 'Dance The Night' with different and darker lyrics called 'Dance Through an Earthquake' exists. A snippet leaked on July 5th, 2026.",?:??,,,Snippet,High Quality,"https://pillows.su/f/4e539ab8313625afc4b721e9d6bac399
https://imgur.gg/f/15xSGBN"
Radical Optimism,"Two Hearts [V1]
(prod. Danny L Harle)","Danny confirmed he originally wrote the song during RO sessions, via an article by The Line of Best Fit. The song was later reworked & released as track 10 from Danny L Harle's album Cerulean. Contrary to popular belief, it was not originally intended for FN. Recorded in 2022.",?:??,,,Confirmed,Not Available,"N/A
N/A"
Radical Optimism,"Easy
(prod. ???)",Said to be in circulation. Rumored title.,?:??,,,Rumored,Not Available,"N/A
N/A"
Radical Optimism,"🏆 Fantasy Girl
(prod. Jason Evigan)
(Fantasy Girlfriend)","OG Filename: Fantasy Girl Vocal tracking .1 - R
Recorded in 2021. A snippet leaked on Februrary 19th, 2026. Said to have Multiple demos of the track. Rumored to be produced by Jason Evigan.",3:23,,,Snippet,CD Quality,"https://pillows.su/f/6a2c91b49282c11b24418b20cdba05e9
https://imgur.gg/f/OyVSkym"
Radical Optimism,"🏆 Only Love Can Break Your Heart
(prod. Andrew Wyatt)",Revealed during an interview with Zane Lowe. Recorded in November 2021. Described as rough unfinished ballad with lazy vocals,?:??,,,Confirmed,Not Available,"N/A
N/A"
Radical Optimism,"Satisfy Her 
(prod. ???)",Recorded in 2022. Produced by an unknown DJ. The track is said to be terrible sounding track by an insider.,?:??,,,Confirmed,Not Available,"N/A
N/A"
Radical Optimism,"🏆 Synesthesia
(prod. Jason Evigan)","OG Filename: Synesthesia - Rough 2
Recorded in 2021. The first snippet leaked on February 19th, 2026 and the second snippet leaked on March 4th, 2026. Rumored to be produced by Jason Evigan.",4:00,,,Snippet,CD Quality,"https://pillows.su/f/28168a3456c92902b286ae6a8ce6cbe7
https://imgur.gg/f/tbuXmmf"
Radical Optimism,[81 Songs],"Dua confirmed she wrote a total of 97 songs for Radical Optimism, 11 of them were released on the album.",,,,Confirmed,Not Available,"N/A
N/A"
Radical Optimism,"Calvin Harris & Dua Lipa - ? 
(prod. Calvin Harris)",Recorded in 2022.,?:??,,,Confirmed,Not Available,"N/A
N/A"
Radical Optimism,Freedom! '90,Cover of George Michael. Recorded for Yves Saint Laurent 'Libre' fragance 2022 campaign.,3:04,,"Dec 20, 2025",Full,CD Quality,"https://pillows.su/f/042a831849540739c02abbe6ea429240
https://imgur.gg/f/c1au5CX"
Radical Optimism,"⭐ Worst Enemy [V2]
(prod. Bessem Bedzeri & Jarly)","OG Filename: Worst Enemy 2.0
Reworked version in 2023 by the producer without Dua Lipa's knowledge. This rework was requested by a fan to the producer in which this rework was not intended for pitching nor for any project. Thus the track was not intended for the ""Radical Optimism"" album.",3:13,,"Nov 23, 2023",OG File,CD Quality,"https://pillows.su/f/c61d834108168b450377086554ee013a
https://imgur.gg/f/chzMarg"
"0 Full
0 Tagged
0 Partial
3 Snippet
3 Unavailable",DL4,"(May 3, 2024) Radical Optimism is released.
(Ongoing)",,,,,,
DL4,"Popstar
(prod. lostboy)","Snippet leaked on July 5th, 2026. Recorded in July 2025. Link not available due to copyright issues.",?:??,,,Snippet,CD Quality,"N/A
N/A"
DL4,React,Said to be in circulation.,?:??,,,Rumored,Not Available,"N/A
N/A"
DL4,"Saturn's Return
(prod. lostboy)","Recorded in April 2025. Most likely same session as ""Popstar"".",?:??,,,Confirmed,Not Available,"N/A
N/A"
DL4,Think,"Cover of Aretha Franklin. Recorded for Yves Saint Laurent 'Libre: Free at Heart' fragrance 2025 campaing, released August 15, 2025.",?:??,,,Snippet,CD Quality,"https://pillows.su/f/7a2d3764724521d873398b7455e0b407
https://imgur.gg/f/7M0GWew"
DL4,TM,A title acronym for a DL4 song said to have snippets circulating,?:??,,,Rumored,Not Available,"N/A
N/A"
DL4,???,"Snippets of 7 songs leaked on July 5th, 2026. Links not available due to copyright issues.",?:??,,,Snippet,CD Quality,"N/A
N/A"
