Era,Name,Notes,Length,Release Date,Type,Streaming,Link(s)
"23 Total
1 Other
1 Single
1 Single / Album Track
20 Album Track",Exclusive Audio Footage,"(1994) (Clipse is formed with No Malice)
(04/28/1999) (""Exclusive Audio Footage"" intended release date, got shelved instead)
(04/29/2022) (""Exclusive Audio Footage"" is released on streaming for a moment)",,,Other,,
Exclusive Audio Footage,"Freestyle (Live On 103 Jamz)
(feat. Pharrell Williams) (prod. The Neptunes)",103 Jamz freestyle done in 1998.,2:40,1998,Other,No,https://pillows.su/f/75d7083d5badb924ff2117309111e156
Exclusive Audio Footage,"Got Caught Dealin Pt. II
(feat. Pharrell Williams & Tammy Lucas) (prod. The Neptunes)","Track 1 on the ""Got Caught Dealin' Pt. 2 (We Get Money)"" single.",4:08,1998,Single,No,https://pillows.su/f/e65cd5c8ab629f4bb96757d6e6b3dd40
Exclusive Audio Footage,"The Funeral
(prod. The Neptunes)","The first and only single that came out of ""Exclusive Audio Footage"", it gained little success, leading to the Elektra label shelving the album and dropping Clipse. Later re-released in 2022. Track 21 on ""Exclusive Audio Footage"".",3:31,1999,Other,Yes,https://open.spotify.com/track/1DJenkzMeRp0o5QDh1FtUa?si=d76a818f266b4870
Exclusive Audio Footage,"Prayer
(prod. The Neptunes)","Track 1 on ""Exclusive Audio Footage"".",1:02,"Apr 29, 2022",Album Track,No,
Exclusive Audio Footage,"Hear Me Out
(prod. The Neptunes)","Track 2 on ""Exclusive Audio Footage"".",2:54,"Apr 29, 2022",Album Track,No,
Exclusive Audio Footage,"Power
(prod. The Neptunes)","Track 3 on ""Exclusive Audio Footage"".",3:57,"Apr 29, 2022",Album Track,No,
Exclusive Audio Footage,"Interlude
(prod. The Neptunes)","Track 4 on ""Exclusive Audio Footage"".",1:18,"Apr 29, 2022",Album Track,No,
Exclusive Audio Footage,"You Don't Even Know
(feat. Kelis) (prod. The Neptunes)","Track 5 on ""Exclusive Audio Footage"". Features uncredited vocals from Pharrell Williams.",4:07,"Apr 29, 2022",Album Track,No,
Exclusive Audio Footage,"Breakfast In Cairo
(feat. Kurupt & N.O.R.E.) (prod. The Neptunes)","Track 6 on ""Exclusive Audio Footage"".",4:09,"Apr 29, 2022",Album Track,No,
Exclusive Audio Footage,"Interlude 2
(prod. The Neptunes)","Track 7 on ""Exclusive Audio Footage"".",1:39,"Apr 29, 2022",Album Track,No,
Exclusive Audio Footage,"Hostage
(prod. The Neptunes)","Track 8 on ""Exclusive Audio Footage"".",4:25,"Apr 29, 2022",Album Track,No,
Exclusive Audio Footage,"Wild Cowboy
(feat. Markita) (prod. The Neptunes)","Track 9 on ""Exclusive Audio Footage"".",4:15,"Apr 29, 2022",Album Track,No,
Exclusive Audio Footage,"Got Caught Dealin'
(prod. The Neptunes)","Track 10 on ""Exclusive Audio Footage"". Features uncredited vocals from Pharrell Williams.",4:16,"Apr 29, 2022",Album Track,No,
Exclusive Audio Footage,"Interlude 3
(prod. The Neptunes)","Track 11 on ""Exclusive Audio Footage"".",0:13,"Apr 29, 2022",Album Track,No,
Exclusive Audio Footage,"Taiwan To Texas
(prod. The Neptunes)","Track 12 on ""Exclusive Audio Footage"". Features uncredited vocals from Pharrell Williams.",4:07,"Apr 29, 2022",Album Track,No,
Exclusive Audio Footage,"Interlude 4
(prod. The Neptunes)","Track 13 on ""Exclusive Audio Footage"".",0:14,"Apr 29, 2022",Album Track,No,
Exclusive Audio Footage,"Stick Girl
(prod. The Neptunes)","Track 14 on ""Exclusive Audio Footage"".",3:59,"Apr 29, 2022",Album Track,No,
Exclusive Audio Footage,"You Can't Touch Me
(feat. Lee Harvey & Fam-Lay) (prod. The Neptunes)","Track 15 on ""Exclusive Audio Footage"".",4:53,"Apr 29, 2022",Album Track,No,
Exclusive Audio Footage,"Feel Like Me
(prod. The Neptunes)","Track 16 on ""Exclusive Audio Footage"". Features uncredited vocals from Pharrell Williams.",3:41,"Apr 29, 2022",Album Track,No,
Exclusive Audio Footage,"Bodysnatchers
(feat. Pharrell Williams) (prod. The Neptunes)","Track 17 on ""Exclusive Audio Footage"".",4:49,"Apr 29, 2022",Album Track,No,
Exclusive Audio Footage,"Diana Ross
(prod. The Neptunes)","Track 18 on ""Exclusive Audio Footage"".",4:21,"Apr 29, 2022",Album Track,No,
Exclusive Audio Footage,"Watch Over Me
(prod. The Neptunes)","Track 19 on ""Exclusive Audio Footage"".",4:01,"Apr 29, 2022",Album Track,No,
Exclusive Audio Footage,"Interlude 5
(prod. The Neptunes)","Track 20 on ""Exclusive Audio Footage"".",2:15,"Apr 29, 2022",Album Track,No,
"37 Total
3 Feature / Single
17 Feature
1 Other
1 OST Track
9 Album Track
4 Single / Album Track
2 Bonus Track",Lord Willin',"(04/28/1999) (""Exclusive Audio Footage"" intended release date, got shelved instead)
(08/20/2002) (""Lord Willin'"" is released)",,,Other,,
Lord Willin',"Kelis - Good Stuff
(feat. Terrar) (prod. The Neptunes)","Track 2 on ""Kaleidoscope"" by Kelis. Later became a single on June 5, 2000. Pusha T is featured under a previous stage name ""Terrar"".",3:52,"Dec 7, 1999",Other,Yes,https://open.spotify.com/track/6E2K2I89maFIMR7Zqx57aE?si=20aaf0a057484ff8
Lord Willin',"All Saints - Black Coffee (The Neptunes Remix)
(feat. Terrar) (prod. The Neptunes)","The Neptunes remix of ""Black Coffee"", featured on the ""Black Coffee"" single. Also featured as track 14 on Austrailian issues of ""Saints & Sinners"" by All Saints. Pusha T is uncredited, but is there. ts feature so buns bro.",4:43,"Oct 2, 2000",Feature,Yes,https://open.spotify.com/track/5K3rXWDlQoQlYxRQwDq4lr?si=416a239d64da4d64
Lord Willin',"504 Boyz - D-Game
(feat. Master P, Pharrell Williams, Terrar & Krazy) (prod. The Neptunes)","Track 18 on ""Goodfellas"" by 504 Boyz.",2:57,"May 2, 2000",Feature,Yes,https://open.spotify.com/track/7adI8qDp0IsI9OQrncKNwA?si=89c100b25fb847de
Lord Willin',"Angie Stone - Everyday (Neptunes Remix)
(feat. Pusha T) (prod. The Neptunes)","Released sometime in 2000 as part of the ""Everyday"" single by Angie Stone. Track 26 on the deluxe edition of ""Black Diamond"" by Angie Stone.",4:20,2000,Feature,Yes,https://open.spotify.com/track/5PpqxX00uWWeByn7ti4I82?si=8943b565dba54a7c
Lord Willin',"Backstreet Boys - The Call (Neptunes Remix)
(feat. Clipse) (prod. The Neptunes)","Part of the remixes for the single ""The Call"" by the Backstreet Boys. Track 16 on European limited editions of ""Black & Blue"" by Backstreet Boys. Clipse isn't credited.",3:55,"Feb 6, 2001",Feature,No,https://pillows.su/f/949137dae8c100cda54407c70bb142b1
Lord Willin',"Ray J - Formal Invite (Remix)
(feat. Busta Rhymes, Ludacris, Clipse & Boobonic) (prod. The Neptunes)","Track 17 on UK issues of ""This Ain't a Game"" by Ray J.",6:25,"Jun 19, 2001",Feature,No,
Lord Willin',"N.E.R.D - Lapdance [V1]
(feat. Lee Harvey & Vita) (prod. The Neptunes)","Single released on May 21, 2001. Track 1 on ""In Search Of..."" by N.E.R.D. Malice has writing credits, so it is here.",3:33,"May 21, 2001",Other,No,https://pillows.su/f/c3899e97e5ccd4d8281ddbff8bc11b11
Lord Willin',"N.E.R.D. - Truth or Dare [V1]
(feat. Kelis & Terrar) (prod. The Neptunes)","Track 6 on ""In Search Of..."" by N.E.R.D. Referred as Terrar in the tracklist.",4:51,"Aug 6, 2001",Feature,No,https://pillows.su/f/c406595d94d8352aea24c00122bfa977
Lord Willin',"N.E.R.D. - Am I High? [V1]
(feat. Malice) (prod. The Neptunes)","Track 11 on ""In Search Of..."" by N.E.R.D.",5:00,"Aug 6, 2001",Feature,No,https://pillows.su/f/e736f863e80e5b87066ee10d54fa9668
Lord Willin',"Philly's Most Wanted - Street Tax
(feat. Clipse) (prod. The Neptunes)","Track 16 on ""Get Down or Lay Down"" by Philly's Most Wanted.",4:12,"Aug 7, 2001",Feature,Yes,https://open.spotify.com/track/4GYu6WM7j794nB66BvICw5?si=ca0272ba36c346bd
Lord Willin',"Philly's Most Wanted - Cross the Border (J.B.M. Remix)
(feat. Terrar & Fabulous) (prod. The Neptunes)","Track 18 on ""Get Down or Lay Down"" by Philly's Most Wanted.",3:34,"Aug 7, 2001",Feature,Yes,https://open.spotify.com/track/2jJaW4WS2D82QxGplWRkfO?si=4e305166daae4393
Lord Willin',"Guns N' Roses
(prod. The Neptunes)","Track 12 on the ""Training Day"" film soundtrack.",3:38,"Sep 11, 2001",Other,No,https://pillows.su/f/e044d49f4087a7bafb7c3e55615490fd
Lord Willin',"Kelis - Popular Thug
(feat. Pusha T) (prod. The Neptunes)","Track 4 on ""Wanderland"" by Kelis.",4:13,"Oct 17, 2001",Feature,Yes,https://open.spotify.com/track/5hVsaD1Ev21WThiZ4Nlkzb?si=38583d15cbaf41a5
Lord Willin',"Kelis - Daddy
(feat. Malice) (prod. The Neptunes)","Track 5 on ""Wanderland"" by Kelis.",3:50,"Oct 17, 2001",Feature,Yes,https://open.spotify.com/track/5CvQFtv43kydVS2RitEuBF?si=7755304c83214e51
Lord Willin',"Let's Talk About It
(with Jermaine Dupri) (feat. Pharrell Williams) (prod. The Neptunes)","Track 14 on ""Instructions"" by Jermaine Dupri. Also track 11 on ""Lord Willin'"", but omitted from the clean version. Written by Jermaine Dupri, Pusha T, Malice, Pharrell Williams & Chad Hugo. Mixed by Phil Tan & Jermaine Dupri. Recorded by Andrew ""Drew"" Coleman. Assistant mix engineer from John Horesco IV.",5:22,"Oct 30, 2001",Album Track,Yes,https://open.spotify.com/track/0wQ6PyMALZhXBbiYa41qFO?si=c9217f88b21c4c30
Lord Willin',"Ice Cube - In the Late Night Hour
(feat. Pusha T) (prod. The Neptunes)
(Late Night Hour)","Track 17 on Ice Cube's ""Greatest Hits"", being one of two tracks exclusive to this compilation album. Also released as a promotional single.",3:56,"Dec 4, 2001",Feature,Yes,https://open.spotify.com/track/4skUqgLP6SEL0iNyJRkzcK?si=4ec3a70490ca43ec
Lord Willin',"Nivea - Run Away (I Wanna Be with U) [V2]
(feat. Pusha T) (prod. The Neptunes)","Single released on December 20, 2001. Track 7 on ""Nivea"" by Nivea.",3:43,"Dec 20, 2001",Other,Yes,https://open.spotify.com/track/2KdxpuQmbSi6eIcTUjy5GB?si=73106fd0d3984706
Lord Willin',"Eric Benet - Love Don't Love Me (Neptunes Remix)
(feat. Pharrell Williams & Clipse) (prod. The Neptunes)","The Neptunes remix of ""Love Don't Love Me"" by Eric Benet.",4:26,2001,Feature,No,https://pillows.su/f/c06c02a91a583a450f3a66fd2444cabc
Lord Willin',"Nivea - Run Away (I Wanna Be with U) [V1]
(feat. Pusha T) (prod. The Neptunes)","Version of ""Run Away (I Wanna Be with You)"" that has worse production. Available through the first pressings of ""Nivea"".",3:43,"Feb 18, 2002",Feature,No,
Lord Willin',"N.E.R.D. - Truth or Dare [V2]
(feat. Kelis & Pusha T) (prod. The Neptunes)","Track 6 on the 2002 rock version of ""In Search Of..."" by N.E.R.D.",4:51,"Mar 12, 2002",Feature,Yes,https://open.spotify.com/track/2BGSZEEWJeR0PAo7V5clSY?si=8dbe32945aa14b7b
Lord Willin',"N.E.R.D. - Am I High? [V2]
(feat. Malice) (prod. The Neptunes)","Track 11 on the 2002 rock version of ""In Search Of..."" by N.E.R.D.",5:00,"Mar 12, 2002",Feature,Yes,https://open.spotify.com/track/3zkmQhBVMUTcGcTx6HdwhP?si=8d13290bd88b4da7
Lord Willin',"Grindin'
(prod. The Neptunes)","Released as Clipse's debut single, and the first single for the album, on May 14, 2002. Track 4 on ""Lord Willin'"". Written by Pusha T, Malice, Pharrell Williams & Chad Hugo. Mixed by Phil Tan. Engineered by Andrew ""Drew"" Coleman.",4:24,"May 14, 2002",Other,Yes,https://open.spotify.com/track/3XrvEifl0hIzgBGUa5jBLS?si=b8a3166b5bc641f5
Lord Willin',"Jermaine Dupri - Let's Talk About It 2
(feat. R.O.C. & Clipse) (prod. The Neptunes)","Track 5 on the ""So So Def Presents: Definition of a Remix"" compilation.",3:58,"Jul 2, 2002",Feature,Yes,https://open.spotify.com/track/0R99QzTeBBjTQT0XfImp1O?si=d41fb9b700a6451a
Lord Willin',"Skillz - Crew Deep (The V.A. Remix) 
(feat. Pharrell Williams, Clipse & Missy Elliott) (prod. Hi-Tek)","Single released in 2002 sometime after ""Grindin'"" due to Skillz' line referencing it.",,2002,Other,No,https://www.youtube.com/watch?v=b1c2UmkCI9I
Lord Willin',"When the Last Time
(prod. The Neptunes)","Released as the second single for the album on July 30, 2002. Track 8 on ""Lord Willin'"".Written by Pusha T, Malice, Pharrell Williams & Chad Hugo. Mixed by Phil Tan. Engineered by Andrew ""Drew"" Coleman.",4:14,"Jul 30, 2002",Other,Yes,https://open.spotify.com/track/0EXm0iaB0CzqtsB3VaupXj?si=33cfda547e9849d2
Lord Willin',"Intro
(prod. The Neptunes)","Track 1 on ""Lord Willin'"". Written by Pusha T, Malice, Pharrell Williams & Chad Hugo. Mixed by Phil Tan. Engineered by Andrew ""Drew"" Coleman.",2:16,"Aug 20, 2002",Album Track,Yes,https://open.spotify.com/track/07H9mwJYoTQdOoaOKxBH5z?si=a738da3276c447b5
Lord Willin',"Young Boy
(prod. The Neptunes)","Track 2 on ""Lord Willin'"". Written by Pusha T, Malice, Pharrell Williams & Chad Hugo. Mixed by Phil Tan. Engineered by Andrew ""Drew"" Coleman.",4:25,"Aug 20, 2002",Album Track,Yes,https://open.spotify.com/track/5fuckUyGUsTPJEugfXNsjw?si=9d4795aa30a444dd
Lord Willin',"Virginia
(prod. The Neptunes)","Track 3 on ""Lord Willin'"". Written by Pusha T, Malice, Pharrell Williams & Chad Hugo. Mixed by Phil Tan. Engineered by Andrew ""Drew"" Coleman.",3:57,"Aug 20, 2002",Album Track,Yes,https://open.spotify.com/track/7dpFJmdFiahlgzzEmgUwoN?si=8579b9f5b1fb45ff
Lord Willin',"Hot Damn
(feat. Ab-Liva & Roscoe P. Coldchain) (prod. The Neptunes)
(Cot Damn, God Damn)","Track 5 on ""Lord Willin'"". Later released as the final single on April 29, 2003 as ""Hot Damn"" while the name on streaming is ""Cot Damn"". Written by Pusha T, Malice, Pharrell Williams & Chad Hugo. Mixed by Phil Tan. Engineered by Andrew ""Drew"" Coleman.",5:01,"Aug 20, 2002",Other,Yes,https://open.spotify.com/track/3LPNfzKa0VYlNedCY4MuBy?si=7f42356749914f29
Lord Willin',"Ma, I Don't Love Her
(feat. Faith Evans) (prod. The Neptunes)","Track 6 on ""Lord Willin'"". Later released as the third single on December 3, 2002. Written by Pusha T, Malice, Pharrell Williams & Chad Hugo. Mixed by Phil Tan. Engineered by Andrew ""Drew"" Coleman.",4:17,"Aug 20, 2002",Other,Yes,https://open.spotify.com/track/3VbPE4nMEkIB9PWWquCSGB?si=b8ccbb233be24802
Lord Willin',"FamLay Freestyle
(perf. Fam-Lay) (prod. The Neptunes)","Track 7 on ""Lord Willin'"". Written by FamLay, Pharrell Williams & Chad Hugo. Mixed by Phil Tan. Engineered by Andrew ""Drew"" Coleman.",1:57,"Aug 20, 2002",Album Track,Yes,https://open.spotify.com/track/4Q59zRTLtgIPQy7AVdoXk2?si=aa49f867383442bc
Lord Willin',"Ego
(prod. The Neptunes)","Track 9 on ""Lord Willin'"". Written by Pusha T, Malice, Pharrell Williams & Chad Hugo. Mixed by Phil Tan. Engineered by Andrew ""Drew"" Coleman.",2:48,"Aug 20, 2002",Album Track,Yes,https://open.spotify.com/track/6DL5BiRTkVqd7K0BoWtN9c?si=bd268340cb2d4beb
Lord Willin',"Comedy Central
(feat. Fabolous) (prod. The Neptunes)","Track 10 on ""Lord Willin'"". Written by Pusha T, Malice, Pharrell Williams, Chad Hugo & Fabolous. Mixed by Phil Tan. Engineered by Andrew ""Drew"" Coleman.",4:33,"Aug 20, 2002",Album Track,Yes,https://open.spotify.com/track/6QS5NvckK1XyzcJY6Jtkzg?si=c110cc7cae984600
Lord Willin',"Gangsta Lean
(prod. The Neptunes)","Track 12 on ""Lord Willin'"". Written by Pusha T, Malice, Pharrell Williams & Chad Hugo. Mixed by Phil Tan. Engineered by Andrew ""Drew"" Coleman.",5:20,"Aug 20, 2002",Album Track,Yes,https://open.spotify.com/track/7fhxlqe6RvHhAsQOcJPTIv?si=1e20faf8de7b435f
Lord Willin',"I'm Not You
(feat. Jadakiss, Styles P and Roscoe P. Coldchain) (prod. The Neptunes)","Track 13 on ""Lord Willin'"". Written by Pusha T, Malice, Pharrell Williams, Chad Hugo, Jadakiss & Styles P. Mixed by Phil Tan. Engineered by Andrew ""Drew"" Coleman.",4:18,"Aug 20, 2002",Album Track,Yes,https://open.spotify.com/track/4h1xaUGnbHp867AZ4mBM3m?si=ee56563456c649ca
Lord Willin',"Grindin' (Remix)
(feat. Birdman, Lil Wayne & N.O.R.E.) (prod. The Neptunes)","Track 14 on ""Lord Willin'"". Written by Pusha T, Malice, Pharrell Williams, Chad Hugo, N.O.R.E., Birdman & Lil Wayne. Mixed by Phil Tan. Engineered by Andrew ""Drew"" Coleman.",4:16,"Aug 20, 2002",Other,Yes,https://open.spotify.com/track/0Ui78PRAfc3QUHtbQVwPUA?si=610f0c2756034f92
Lord Willin',"Grindin' (Selector Remix)
(feat. Sean Paul, Bless and Kardinal Offshall) (prod. The Neptunes)","Track 15 on ""Lord Willin'"". Written by Pusha T, Malice, Pharrell Williams, Chad Hugo, Sean Paul, Bless & Kardinal Offshall. Mixed by Phil Tan. Engineered by Andrew ""Drew"" Coleman.",3:47,"Aug 20, 2002",Other,Yes,https://open.spotify.com/track/484UepK5sQ6a6hudHIIWj4?si=8470b6f71763404e
"85 Total
8 Feature / Single
16 Feature
11 Album Track
1 Single
1 OST Track
2 Mixtape
43 Mixtape Track
1 Remix
2 Single / Album Track",Hell Hath No Fury,"(08/20/2002) (""Lord Willin'"" is released)
(09/28/2006) (""Hell Hath No Fury"" is released)",,,Other,,
Hell Hath No Fury,"Justin Timberlake - Like I Love You
(feat. Clipse) (prod. The Neptunes)","Single released on September 26, 2002. Track 2 on ""Justified"" by Justin Timberlake.",4:43,"Sep 16, 2002",Other,Yes,https://open.spotify.com/track/6W2Ef5Ph6ILTUAedoQ3QIv?si=61f60ada61594c01
Hell Hath No Fury,"Justin Timberlake - Like I Love You (Extended Club Mix I)
(feat. Clipse) (prod. The Neptunes)","Extended club mix of ""Like I Love You"" by Justin Timberlake.",5:39,"Sep 16, 2002",Other,No,https://pillows.su/f/abfc715fce3e2a6a90ed453a6b4f5f3f
Hell Hath No Fury,"Justin Timberlake - Like I Love You (Extended Club Mix II)
(feat. Clipse) (prod. The Neptunes)","Second extended club mix of ""Like I Love You"" by Justin Timberlake.",7:08,"Sep 16, 2002",Other,No,https://pillows.su/f/e6662487e1b30590137f8ed57b287b48
Hell Hath No Fury,"702 - Star
(feat. Clipse) (prod. The Neptunes)","Single released on October 21, 2002. Track 2 on ""Star"" by 702, oddly the Spotify streaming edition shows the Clipse featured version of ""Star"" as track 17.",4:03,"Oct 21, 2002",Other,Yes,https://open.spotify.com/track/1FhagjsmYU1nJg8rsnObnI?si=d0c12ccc9a0d466f
Hell Hath No Fury,"Birdman - What Happened To That Boy?
(feat. Clipse) (prod. The Neptunes)","Released as a single some time in 2002. Track 10 on ""Birdman"" by Birdman/Baby. It's rumored that this song is what sparked the beef between Pusha T and Cash Money and Young Money.",4:18,"Nov 26, 2002",Other,Yes,https://open.spotify.com/track/20Sp7dNLM3NjIu3TInDqjq?si=94f389414cb94a72
Hell Hath No Fury,"Royce Da 5'9"" - Mr. Baller
(feat. Clipse, Pharrell Williams & Tre Little) (prod. The Neptunes)","Track 2 on the Version 2.0 release of ""Rock City"" by Royce Da 5'9"".",4:25,"Nov 26, 2002",Feature,Yes,https://open.spotify.com/track/2W5GutGRsEyxJGLZ6IR17N?si=8b6057fa019f4898
Hell Hath No Fury,"I'm Serious
(prod. Paperchase Inc.)",Track 10 on the Cradle 2 The Grave soundtrack.,4:12,"Feb 18, 2003",Album Track,Yes,https://open.spotify.com/track/58qMwJKNDGUOzC8RpfUMMC?si=054986b23e194061
Hell Hath No Fury,"Ginuwine - Hell Yeah (Remix)
(feat. Birdman & Clipse) (prod. R. Kelly)","Part of the single for ""Hell Yeah"". Track 15 on ""The Senior"" by Ginuwine.",4:28,"Apr 8, 2003",Other,Yes,https://open.spotify.com/track/5DLkPmyenHS2uJclC8nPCA?si=d6f88b8da3cd44b4
Hell Hath No Fury,"MC Lyte - 12 O' Clock
(feat. Pharrell Williams & Clipse) (prod. The Neptunes)","Track 2 on the ""Shit I Never Dropped"" compilation album by MC Lyte.",2:14,"Aug 12, 2003",Feature,No,https://pillows.su/f/d843f0727092f89397619ccfc24d5ff9
Hell Hath No Fury,"The Neptunes - Hot
(with Rosco P. Coldchain) (feat. Pusha T & Boo-Bonic) (prod. The Neptunes)","Track 8 on ""The Neptunes Presents... Clones"" by The Neptunes.",3:34,"Aug 19, 2003",Feature,Yes,https://open.spotify.com/track/1G7fpNLQwni9rYy2oNUEnB?si=ddfc134bce8049ed
Hell Hath No Fury,"Kelis - Milkshake (Remix)
(feat. Pharrell Williams & Pusha T) (prod. The Neptunes)","Remix of ""Milkshake"" by Kelis featuring Pharrell Williams and Pusha T. Released on August 25, 2003. Only the radio mix is on DSPs.",4:46,"Aug 25, 2003",Other,No,https://pillows.su/f/80d134d62c5368494b26c21bb327e14d
Hell Hath No Fury,"E-40 - Quarterbackin'
(feat. Clipse) (prod. The Almighty E-A-Ski & CMT)","Track 4 on ""Breakin News"" by E-40. Was a single at some point.",4:44,"Sep 9, 2003",Other,Yes,https://open.spotify.com/track/2yvkSpzcAERwZlJyuQepwn?si=671012b3a8cc4eda
Hell Hath No Fury,"E-40 - Quarterbackin' (DJ Quik Remix)
(feat. Clipse) (prod. DJ Quik)","Track 18 on ""Breakin News"" by E-40.",4:03,"Sep 9, 2003",Feature,Yes,https://open.spotify.com/track/4FtWY7zxoF0SekJ2pS4MQf?si=fd99206475ac4ff9
Hell Hath No Fury,"Nelly - #1
(feat. Clipse & Postaboy) (prod. Wally Yaghnam)","Remix of ""#1"" by Nelly from ""Nellyville"". Track 14 on ""Da Derrty Versions: The Re-invention"" by Nelly.",5:07,"Nov 25, 2003",Feature,Yes,https://open.spotify.com/track/6rdcgacHGY5eOMunDvhx83?si=078d07ccc46f4789
Hell Hath No Fury,"I'm Lovin' It
(feat. Justin Timberlake) (prod. The Neptunes)","Used in McDonalds commercials, though this isn't the version included on the single.",1:00,2003,Single,No,https://www.youtube.com/watch?v=dI-xHMM8wXE
Hell Hath No Fury,"Justin Timberlake - Rock Your Body (T-Town Remix)
(feat. Pharrell Williams, Clipse & Vanessa Marquez) (prod. The Neptunes)","Remix of ""Rock Your Body"" by Justin Timberlake.",5:24,2003,Feature,No,https://pillows.su/f/abdebce5811599de432a675292c96578
Hell Hath No Fury,"Pussy
(perf. Clipse) (prod. The Neptunes)",Track 4 on the Barbershop 2: Back in Business movie soundtrack album.,3:47,"Feb 3, 2004",Other,Yes,https://open.spotify.com/track/0f9IGQxWkd07N4QxnIOluU?si=9746cef470ce460f
Hell Hath No Fury,"The Re-Up Gang - We Got It 4 Cheap, Volume 1 [Mixtape]","""We Got It 4 Cheap, Volume 1"" is a 25-track mixtape released on April 3, 2004 by the Re-Up Gang (Pusha T, Malice, Ab-Liva & Sandman) with Pharrell Williams featuring on tracks 2 and 24. Tracks produced by Clinton Sparks and The Neptunes (Pharrell Williams and Chad Hugo). Hosted by DJ Clinton Sparks. Only available on Apple Music and TIDAL.",61:15,"Apr 3, 2004",Other,Yes,https://music.apple.com/us/album/we-got-it-4-cheap-vol-1-feat-re-up-gang/1793082152
Hell Hath No Fury,"Intro
(prod. Clinton Sparks)","Track 1 on ""We Got It 4 Cheap, Volume 1"" by Re-Up Gang. Uses the closing theme from The Wire (""The Fall""). Spoken word from Pusha T.",0:44,"Apr 3, 2004",Mixtape Track,Yes,https://music.apple.com/us/song/intro-feat-re-up-gang/1793082153
Hell Hath No Fury,"You'll See
(feat. Pharrell Williams) (prod. Diddy & Stretch Armstrong)","Track 2 on ""We Got It 4 Cheap, Volume 1"" by Re-Up Gang. Uses the instrumental for ""You'll See"" by The Notorious B.I.G. & The LOX.",3:41,"Apr 3, 2004",Mixtape Track,Yes,https://music.apple.com/us/song/youll-see-feat-re-up-gang/1793082154
Hell Hath No Fury,"Coast to Coast
(prod. Kanye West)","Track 3 on ""We Got It 4 Cheap, Volume 1"" by Re-Up Gang. Uses the instrumental for ""The Whole City Behind Us"" by The Game.",2:39,"Apr 3, 2004",Mixtape Track,Yes,https://music.apple.com/us/song/coast-to-coast-feat-re-up-gang/1793082155
Hell Hath No Fury,Interlude [#1],"Track 4 on ""We Got It 4 Cheap, Volume 1"" by Re-Up Gang. Spoken word by Pusha T.",0:19,"Apr 3, 2004",Mixtape Track,Yes,https://music.apple.com/us/song/interlude-feat-re-up-gang-pt-1/1793082156
Hell Hath No Fury,"I Shot Ya
(prod. Trackmasters)","Track 5 on ""We Got It 4 Cheap, Volume 1"" by Re-Up Gang. Uses the instrumental for ""I Shot Ya"" by LL COOL J.",2:53,"Apr 3, 2004",Mixtape Track,Yes,https://music.apple.com/us/song/i-shot-ya-feat-re-up-gang/1793082157
Hell Hath No Fury,"Re-Up Anthem
(prod. Timbaland)","Track 6 on ""We Got It 4 Cheap, Volume 1"" by Re-Up Gang. Uses the instrumental for ""Shake That (Remix)"" by Ray & B2K.",3:42,"Apr 3, 2004",Mixtape Track,Yes,https://music.apple.com/us/song/re-up-anthem-feat-re-up-gang/1793082158
Hell Hath No Fury,"You Know My Style
(prod. Salaam Remi)","Track 7 on ""We Got It 4 Cheap, Volume 1"" by Re-Up Gang. Uses the instrumental for ""You Know My Style"" by Nas.",3:50,"Apr 3, 2004",Mixtape Track,Yes,https://music.apple.com/us/song/you-know-my-style-feat-re-up-gang/1793082159
Hell Hath No Fury,Interlude [#2],"Track 8 on ""We Got It 4 Cheap, Volume 1"" by Re-Up Gang.",0:16,"Apr 3, 2004",Mixtape Track,Yes,https://music.apple.com/us/song/interlude-feat-re-up-gang-pt-2/1793082160
Hell Hath No Fury,"Drop It Like It's Hot
(prod. The Neptunes)","Track 9 on ""We Got It 4 Cheap, Volume 1"" by Re-Up Gang. Uses the instrumental for ""Drop It Like It's Hot"" by Snoop Dogg.",3:52,"Apr 3, 2004",Mixtape Track,Yes,https://music.apple.com/us/song/drop-it-feat-re-up-gang/1793082161
Hell Hath No Fury,Niggas Know,"Track 10 on ""We Got It 4 Cheap, Volume 1"" by Re-Up Gang.",3:41,"Apr 3, 2004",Mixtape Track,Yes,https://music.apple.com/us/song/n-z-know-feat-re-up-gang/1793082162
Hell Hath No Fury,"Stay from Around Me
(prod. Kanye West)","Track 11 on ""We Got It 4 Cheap, Volume 1"" by Re-Up Gang. Uses the instrumental for ""I Got a Love"" by Jin.",3:22,"Apr 3, 2004",Mixtape Track,Yes,https://music.apple.com/us/song/stay-from-around-me-feat-re-up-gang/1793082163
Hell Hath No Fury,"Interlude [#3]
(feat. Hussan & Voice of Reason)","Track 12 on ""We Got It 4 Cheap, Volume 1"" by Re-Up Gang.",0:26,"Apr 3, 2004",Mixtape Track,Yes,https://music.apple.com/us/song/interlude-feat-re-up-gang-pt-3/1793082164
Hell Hath No Fury,"Stuntin' Y'all
(feat. Pharrell Williams) (prod. The Neptunes)","Track 13 on ""We Got It 4 Cheap, Volume 1"" by Re-Up Gang. Originally intended for ""Hell Hath No Fury"".",3:48,"Apr 3, 2004",Mixtape Track,Yes,https://music.apple.com/us/song/studin-yall-feat-re-up-gang/1793082165
Hell Hath No Fury,Interlude [#4],"Track 14 on ""We Got It 4 Cheap, Volume 1"" by Re-Up Gang. Spoken word by Pusha T.",0:24,"Apr 3, 2004",Mixtape Track,Yes,https://music.apple.com/us/song/interlude-feat-re-up-gang-pt-4/1793082166
Hell Hath No Fury,"Radical (Sandman Freestyle)
(perf. Sandman)","Track 15 on ""We Got It 4 Cheap, Volume 1"" by Re-Up Gang.",2:00,"Apr 3, 2004",Mixtape Track,Yes,https://music.apple.com/us/song/radical-solo-feat-re-up-gang-freestyle/1793082167
Hell Hath No Fury,"Don't Let Me Die (Ab-Liva Freestyle)
(perf. Ab-Liva) (prod. Tone, R. Kelly & Spanador)","Track 16 on ""We Got It 4 Cheap, Volume 1"" by Re-Up Gang. Uses the instrumental for ""Don't Let Me Die"" by JAY-Z & R. Kelly.",2:27,"Apr 3, 2004",Mixtape Track,Yes,https://music.apple.com/us/song/dont-let-me-die-feat-re-up-gang-freestyle/1793082168
Hell Hath No Fury,Interlude [#5],"Track 17 on ""We Got It 4 Cheap, Volume 1"" by Re-Up Gang. Spoken word by Pusha T.",0:22,"Apr 3, 2004",Mixtape Track,Yes,https://music.apple.com/us/song/interlude-feat-re-up-gang-pt-5/1793082259
Hell Hath No Fury,"Just a B-Boy
(perf. Sandman)","Track 18 on ""We Got It 4 Cheap, Volume 1"" by Re-Up Gang.",3:58,"Apr 3, 2004",Mixtape Track,Yes,https://music.apple.com/us/song/just-a-b-boy-feat-re-up-gang/1793082260
Hell Hath No Fury,Interlude [#6],"Track 19 on ""We Got It 4 Cheap, Volume 1"" by Re-Up Gang. Spoken word by Pusha T.",0:22,"Apr 3, 2004",Mixtape Track,Yes,https://music.apple.com/us/song/interlude-feat-re-up-gang-pt-6/1793082261
Hell Hath No Fury,"The Sermon
(perf. Ab-Liva) (prod. Darrell 'Digga' Branch)","Track 20 on ""We Got It 4 Cheap, Volume 1"" by Re-Up Gang.",3:43,"Apr 3, 2004",Mixtape Track,Yes,https://music.apple.com/us/song/the-sermon-feat-re-up-gang/1793082262
Hell Hath No Fury,"Nothing Like It
(prod. Kanye West)","Track 21 on ""We Got It 4 Cheap, Volume 1"" by Re-Up Gang. Uses the instrumental for ""Nothing Like It"" by Beanie Sigel.",2:38,"Apr 3, 2004",Mixtape Track,Yes,https://music.apple.com/us/song/nothing-like-feat-re-up-gang/1793082263
Hell Hath No Fury,"Queen Bitch
(prod. Carlos Broady & Nashiem Myrick)","Track 22 on ""We Got It 4 Cheap, Volume 1"" by Re-Up Gang. Uses the instrumental for ""Queen Bitch"" by Lil' Kim.",3:24,"Apr 3, 2004",Mixtape Track,Yes,https://music.apple.com/us/song/queen-bitch-feat-re-up-gang/1793082264
Hell Hath No Fury,"Cross the Border
(prod. The Neptunes)","Track 23 on ""We Got It 4 Cheap, Volume 1"" by Re-Up Gang. Uses the instrumental for ""Cross the Border (Remix)"" by Philly's Most Wanted.",3:15,"Apr 3, 2004",Mixtape Track,Yes,https://music.apple.com/us/song/cross-the-border-feat-re-up-gang/1793082265
Hell Hath No Fury,"Pussy (Remix)
(prod. The Neptunes)","Track 24 on ""We Got It 4 Cheap, Volume 1"" by Re-Up Gang. Remix of ""Pussy"" containing verses from Ab-Liva & Sandman.",4:11,"Apr 3, 2004",Mixtape Track,Yes,https://music.apple.com/us/song/p-y-feat-re-up-gang-remix/1793082266
Hell Hath No Fury,Outro,"Track 25 on ""We Got It 4 Cheap, Volume 1"" by Re-Up Gang. Uses the closing theme from The Wire (""The Fall"").",1:18,"Apr 3, 2004",Mixtape Track,Yes,https://music.apple.com/us/song/outro-feat-re-up-gang/1793082267
Hell Hath No Fury,"Guy Sebastian - Out With My Baby (Clipse Remix)
(perf. Malice) (prod. Pro Jay)","Part of the ""Out With My Baby"" single by Guy Sebastian.",4:10,"Sep 27, 2004",Other,No,
Hell Hath No Fury,"C-Murder - My Life
(feat. Clipse) (prod. KLC)","Track 2 on ""The Truest Shit I Ever Said"" by C-Murder.",3:50,"Mar 22, 2005",Feature,Yes,https://open.spotify.com/track/09YJcUTZ7LFnfcdtiHsols?si=19ace0bf1046484e
Hell Hath No Fury,"Faith Evans - Goin' Out
(feat. Pharrell Williams & Pusha T) (prod. The Neptunes)","Track 1 on ""The First Lady"" by Faith Evans.",4:06,"Apr 5, 2005",Feature,Yes,https://open.spotify.com/track/2nVEioo5ZG7GPpToc0c21D?si=f78acdc7e0884057
Hell Hath No Fury,"Ol' Dirty Bastard - Operator
(feat. Clipse) (prod. The Neptunes)","Track 3 on ""A Son Unique"" by Ol' Dirty Bastard.",4:02,"Jun 21, 2005",Feature,No,
Hell Hath No Fury,"Slim Thug - Click Clack
(feat. Pusha T) (prod. The Neptunes)","Track 7 on ""Already Platinum"" by Slim Thug.",3:32,"Jul 12, 2005",Feature,Yes,https://open.spotify.com/track/6nqjMcAnchyUoANSHyt7WU?si=7fe392acd313424a
Hell Hath No Fury,"The Notorious B.I.G. - Just a Memory
(feat. Clipse) (prod. DJ Scram Jones & Clipse)","Track 20 on ""Duets: The Final Chapter"" by The Notorious B.I.G.",4:30,"Nov 18, 2005",Feature,Yes,https://open.spotify.com/track/22FOSWqyYCTKlxVsGwI3NF?si=c4ba8cc056b64cc7
Hell Hath No Fury,"We Got It 4 Cheap, Volume 2 [Mixtape]","An 18-track mixtape serving as a sequel to ""We Got It 4 Cheap, Volume 1"".",60:48,"Dec 31, 2005",Other,Yes,
Hell Hath No Fury,Previously on We Got It 4 Cheap,"Track 1 on ""We Got It 4 Cheap, Volume 2"".",1:00,"Dec 31, 2005",Mixtape Track,Yes,
Hell Hath No Fury,Re-Up Intro,"Track 2 on ""We Got It 4 Cheap, Volume 2"". Uses the instrumental for ""Intro"" by Ludacris.",3:51,"Dec 31, 2005",Mixtape Track,Yes,
Hell Hath No Fury,"What's Up
(feat. Pharrell Williams) (prod. Timbaland & Danja)","Track 3 on ""We Got It 4 Cheap, Volume 2"". Uses the instrumental for ""Put You on the Game"" by The Game.",4:56,"Dec 31, 2005",Mixtape Track,Yes,
Hell Hath No Fury,"Run This Shit
(prod. Michael 'Punch' Harper)","Track 4 on ""We Got It 4 Cheap, Volume 2"". Uses the instrumental for ""So Seductive"" by Tony Yayo.",3:27,"Dec 31, 2005",Mixtape Track,Yes,
Hell Hath No Fury,"Roll with the Winners
(prod. Scott Storch)","Track 5 on ""We Got It 4 Cheap, Volume 2"". Uses the instrumental for ""Get Ya Shit Together"" by T.I.",3:13,"Dec 31, 2005",Mixtape Track,Yes,
Hell Hath No Fury,"Mic Check
(prod. Neo da Matrix)","Track 6 on ""We Got It 4 Cheap, Volume 2"". Uses the instrumental for ""Mic Check"" by Juelz Santana.",2:55,"Dec 31, 2005",Mixtape Track,Yes,
Hell Hath No Fury,Interlude,"Track 7 on ""We Got It 4 Cheap, Volume 2"". Spoken word by Pusha T.",1:17,"Dec 31, 2005",Mixtape Track,Yes,
Hell Hath No Fury,"Zen
(prod. Clinton Sparks)","Track 8 on ""We Got It 4 Cheap, Volume 2"".",2:58,"Dec 31, 2005",Mixtape Track,Yes,
Hell Hath No Fury,"Hate It or Love It
(feat. Pharrell Williams) (prod. Cool & Dre, & Dr. Dre)","Track 9 on ""We Got It 4 Cheap, Volume 2"". Uses the instrumental for ""Hate It or Love It"" by The Game.",4:31,"Dec 31, 2005",Mixtape Track,Yes,
Hell Hath No Fury,"Play Your Part
(feat. Pharrell Williams) (prod. Havoc)","Track 10 on ""We Got It 4 Cheap, Volume 2"". Uses the instrumental for ""Cobra"" by Mobb Deep.",4:40,"Dec 31, 2005",Mixtape Track,Yes,
Hell Hath No Fury,"Monopoly
(prod. Showbiz)","Track 11 on ""We Got It 4 Cheap, Volume 2"". Uses the instrumental for ""Next Level (Nyte Time Mix)"" by Showbiz & A.G.",3:17,"Dec 31, 2005",Mixtape Track,Yes,
Hell Hath No Fury,"The Corner
(prod. Kanye West)","Track 12 on ""We Got It 4 Cheap, Volume 2"". Uses the instrumental for ""The Corner"" by Common.",4:26,"Dec 31, 2005",Mixtape Track,Yes,
Hell Hath No Fury,"I'm a Hustla
(prod. Swizz Beatz)","Track 13 on ""We Got It 4 Cheap, Volume 2"". Uses the instrumental for ""I'm a Hustla"" by Cassidy.",3:27,"Dec 31, 2005",Mixtape Track,Yes,
Hell Hath No Fury,"Daytona 500
(prod. RZA)","Track 14 on ""We Got It 4 Cheap, Volume 2"". Uses the instrumental for ""Daytona 500"" by Ghostface Killah.",2:05,"Dec 31, 2005",Mixtape Track,Yes,
Hell Hath No Fury,Maybe Interlude,"Track 15 on ""We Got It 4 Cheap, Volume 2"". Spoken word from Pusha T.",1:16,"Dec 31, 2005",Mixtape Track,Yes,
Hell Hath No Fury,"Maybe
(feat. Pharrell Williams) (prod. Outkast)","Track 16 on ""We Got It 4 Cheap, Volume 2"". Uses the instrumental for ""Elevators (Me & You)"" by Outkast.",4:11,"Dec 31, 2005",Mixtape Track,Yes,
Hell Hath No Fury,"One Thing
(prod. Rich Harrison)","Track 17 on ""We Got It 4 Cheap, Volume 2"". Uses the instrumental for ""1 Thing"" by Amerie.",4:03,"Dec 31, 2005",Mixtape Track,Yes,
Hell Hath No Fury,"Ultimate Flow
(prod. Fabian Hamilton)","Track 18 on ""We Got It 4 Cheap, Volume 2"". Uses the instrumental for ""Drugs"" by Lil' Kim.",5:35,"Dec 31, 2005",Mixtape Track,Yes,
Hell Hath No Fury,"Pharrell Williams & DJ Drama - Come Go With Me
(feat. Clipse) (prod. DJ Drama)","Track 12 on ""In My Mind: The Prequel"" by Pharrell Williams & DJ Drama. Remix of ""Incarcerated Scarfaces"" by Raekwon.",4:08,"Apr 4, 2006",Feature,No,https://pillows.su/f/e36591537490476ff06237756b15407c
Hell Hath No Fury,"Mr. Me Too
(feat. Pharrell Williams) (prod. The Neptunes)","Released as the first single on May 23, 2006. Track 3 on ""Hell Hath No Fury"".",3:41,"May 23, 2006",Other,Yes,https://open.spotify.com/track/6cAldqwmbUwpM8D17FWtPL?si=852f4b4dd27d4ab8
Hell Hath No Fury,"Donell Jones - I'm Gonna Be (Remix)
(feat. Clipse) (prod. Tim & Bob)","Track 15 on ""Journey of a Gemini"" by Donell Jones.",4:46,"Jun 19, 2006",Feature,Yes,https://open.spotify.com/track/1CqFhOkDk0bZvfx0kBTU3f?si=e77c12998e1f4ce5
Hell Hath No Fury,"DJ Khaled - Where You At
(feat. Clipse & Freeway) (prod. DJ Khaled)","Track 13 on ""Listennn... the Album"" by DJ Khaled.",3:52,"Jun 6, 2006",Feature,No,
Hell Hath No Fury,"Pharrell Williams - Stay With Me
(feat. Pusha T) (prod. Pharrell Williams)","Track 11 on ""In My Mind"" by Pharrell Williams.",4:07,"Jul 25, 2006",Feature,Yes,https://open.spotify.com/track/1ikbkFrVs9HDd22MxOcPP3?si=cc62662e645e4df3
Hell Hath No Fury,"Dre - Chevy Ridin' High (Remix)
(feat. Pusha T, DJ Khaled, Rick Ross, Fat Joe, The Game & Dirtbag) (prod. Cool & Dre)","A remix of ""Chevy Ridin' High"" by Dre released on August 2, 2006.",4:46,"Aug 2, 2006",Feature,No,
Hell Hath No Fury,"We Got It for Cheap (Intro)
(prod. The Neptunes)","Track 1 on ""Hell Hath No Fury"".",3:41,"Sep 28, 2006",Album Track,Yes,https://open.spotify.com/track/3YKR7Wglf9JvWg5O7xdA5g?si=286f7156fe9f4bff
Hell Hath No Fury,"Momma I'm So Sorry
(prod. The Neptunes)
(I'm So Obnoxious)","Track 2 on ""Hell Hath No Fury"".",3:57,"Sep 28, 2006",Album Track,Yes,https://open.spotify.com/track/6klcfLeLG0gv64vGjs05FL?si=42735724711047c9
Hell Hath No Fury,"Wamp Wamp (What It Do)
(feat. Slim Thug) (prod. The Neptunes)","Track 4 on ""Hell Hath No Fury"". Later released as the second and final single on October 31, 2006.",4:00,"Sep 28, 2006",Other,Yes,https://open.spotify.com/track/50Z0VBnnFU4h2xZkod0m7e?si=32029f70da6942f6
Hell Hath No Fury,"Ride Around Shining
(feat. Ab-Liva) (prod. The Neptunes)","Track 5 on ""Hell Hath No Fury"".",3:56,"Sep 28, 2006",Album Track,Yes,https://open.spotify.com/track/40RYtDQwVLnfH4WzhxEqOQ?si=65946416cacb4bc9
Hell Hath No Fury,"Dirty Money
(prod. The Neptunes)","Track 6 on ""Hell Hath No Fury"".",3:46,"Sep 28, 2006",Album Track,Yes,https://open.spotify.com/track/05eHuxWbt05SkgTq2QvJWN?si=46a8dc2feb804760
Hell Hath No Fury,"Hello New World
(prod. The Neptunes)","Track 7 on ""Hell Hath No Fury"".",4:12,"Sep 28, 2006",Album Track,Yes,https://open.spotify.com/track/5yQrDTZQWPbhbpGW7acvmm?si=b3b39234ef8443df
Hell Hath No Fury,"Keys Open Doors
(prod. The Neptunes)","Track 8 on ""Hell Hath No Fury"".",3:19,"Sep 28, 2006",Album Track,Yes,https://open.spotify.com/track/0MIyU9W5yGG11uMeBdm80J?si=5ad70f014cbc4f75
Hell Hath No Fury,"Ain't Cha
(feat. Re-Up Gang) (prod. The Neptunes)","Track 9 on ""Hell Hath No Fury"".",4:42,"Sep 28, 2006",Album Track,Yes,https://open.spotify.com/track/7fS6emd0HfVz5DZCPBH2VW?si=2c8d724f99a949e5
Hell Hath No Fury,"Trill
(prod. The Neptunes)","Track 10 on ""Hell Hath No Fury"".",4:43,"Sep 28, 2006",Album Track,Yes,https://open.spotify.com/track/3yAm2Q4FA2Tb8iGORHPvFA?si=150814576d6c40c5
Hell Hath No Fury,"Chinese New Year
(feat. Roscoe P. Coldchain) (prod. The Neptunes)","Track 11 on ""Hell Hath No Fury"".",3:54,"Sep 28, 2006",Album Track,Yes,https://open.spotify.com/track/2F38A3ce3ORI7tyi8IPdku?si=4af2eff3c4f147db
Hell Hath No Fury,"Nightmares
(feat. Bilal & Pharrell Williams) (prod. The Neptunes)","Track 12 on ""Hell Hath No Fury"".",4:50,"Sep 28, 2006",Album Track,Yes,https://open.spotify.com/track/37HUD7Mr1zOIDW1QuOgaZH?si=22193f0c82f94db2
"61 Total
3 Feature / Single
12 Feature
2 Mixtape
31 Mixtape Track
3 Single / Album Track
10 Album Track",Til the Casket Drops,"(09/28/2006) (""Hell Hath No Fury"" is released)
(12/08/2009) (""Til the Casket Drops"" is released)
(2010) (Clipse splits)",,,Other,,
Til the Casket Drops,"Natasha - So Sick
(feat. Clipse) (prod. Rodney 'Darkchild' Jerkins)","Single released on January 23, 2007.",4:31,"Jan 23, 2007",Other,Yes,https://open.spotify.com/track/1JTwz38gkYCBF5KKHnbFr4?si=6c34ad5d3bb44a7d
Til the Casket Drops,"John Legend - Heaven (Remix)
(feat. Pusha T, Jessyca Wilson & Vaughn Anthony) (prod. John Legend & Kanye West)","Remix of ""Heaven"" by John Legend, with a new feature from Pusha T. Released as part of the ""Heaven"" single on February 6th, 2007.",4:16,"Feb 6, 2007",Other,Yes,https://open.spotify.com/track/317DyUwUEDoHV3AJILnMVD?si=e3f9127d57634f8a
Til the Casket Drops,"Fabolous - Joke's On You
(feat. Pusha T) (prod. Don Cannon)","Track 13 on ""From Nothin' to Somethin'"" by Fabolous.",4:31,"Jun 12, 2007",Feature,Yes,https://open.spotify.com/track/0g3ogPMSbwCgFpzDz38YWP?si=df7b246f162f4b08
Til the Casket Drops,"Drake - Do What U Do (Remix)
(feat. Malice & Nickelus F) (prod. Boi-1da)","Track 16 on ""Comeback Season"" by Drake. Apparently released as a single at some point.",2:56,"Sep 1, 2007",Feature,No,
Til the Casket Drops,"Rick Ross - B.L.O.W. (Block Life Is Our Way)
(feat. Clipse) (prod. Om'Mas Keith)","Track 9 on the compilation album ""Rise to Power"" by Rick Ross.",4:15,"Sep 18, 2007",Feature,No,
Til the Casket Drops,"DJ Drama - Cheers
(feat. Clipse & Pharrell Williams) (prod. Khao)","Track 21 on ""Gangsta Grillz The Album"" by DJ Drama. Also track 20 on ""We Got It 4 Cheap, Volume 3"".",4:52,"Dec 3, 2007",Feature,Yes,https://open.spotify.com/track/2YxZ2m2fFNN77w6E7ySvRd?si=7cd74811d3934a33
Til the Casket Drops,"We Got It 4 Cheap, Volume 3 [Mixtape]",A 20-track mixtape serving as the final volume in the We Got It 4 Cheap series.,72:13,"Feb 5, 2008",Other,No,
Til the Casket Drops,Here's What They Think About You Interlude,"Track 1 on ""We Got It 4 Cheap, Volume 3"". Interpolates ""No Vaseline"" by Ice Cube which in turn interpolates ""Turn Off The Radio"" by Ice Cube and ""Message To B.A."" by N.W.A.",2:18,"Feb 5, 2008",Mixtape Track,No,
Til the Casket Drops,"Re-Up Gang Intro
(prod. J.U.S.T.I.C.E. League)","Track 2 on ""We Got It 4 Cheap, Volume 3"". Uses the instrumental for ""I Hustle"" by B.G.",3:59,"Feb 5, 2008",Mixtape Track,No,
Til the Casket Drops,"Show You How to Hustle
(prod. Pharrell Williams)","Track 3 on ""We Got It 4 Cheap, Volume 3"". Uses the instrumental for ""Show You How to Hustle"" by Pharrell Williams.",4:04,"Feb 5, 2008",Mixtape Track,No,
Til the Casket Drops,"Roc Boys
(prod. Diddy, Skyz Muzik & The Hitmen)","Track 4 on ""We Got It 4 Cheap, Volume 3"". Uses the instrumental for ""Roc Boys (And the Winner Is)..."" by JAY-Z.",3:40,"Feb 5, 2008",Mixtape Track,No,
Til the Casket Drops,20k Intro,"Track 5 on ""We Got It 4 Cheap, Volume 3"".",0:57,"Feb 5, 2008",Mixtape Track,No,
Til the Casket Drops,"20k Money Making Brothers on the Corner
(prod. Dame Grease)","Track 6 on ""We Got It 4 Cheap, Volume 3"".",3:51,"Feb 5, 2008",Mixtape Track,No,
Til the Casket Drops,"Dey Know Yayo
(prod. Balis Beats & Born Immaculate)","Track 7 on ""We Got It 4 Cheap, Volume 3"". Uses the instrumental for ""Dey Know"" by Shawty Lo.",4:22,"Feb 5, 2008",Mixtape Track,No,
Til the Casket Drops,500 Birds Interlude,"Track 8 on ""We Got It 4 Cheap, Volume 3"".",0:34,"Feb 5, 2008",Mixtape Track,No,
Til the Casket Drops,"Scenario 2008
(prod. Swizz Beatz)","Track 9 on ""We Got It 4 Cheap, Volume 3"". Uses the instrumental for ""Scenario 2000"" by Eve.",3:37,"Feb 5, 2008",Mixtape Track,No,
Til the Casket Drops,"Good Morning
(prod. Kanye West)","Track 10 on ""We Got It 4 Cheap, Volume 3"". Uses the instrumental for ""Good Morning"" by Kanye West.",4:35,"Feb 5, 2008",Mixtape Track,No,
Til the Casket Drops,"Rainy Dayz
(prod. RZA)","Track 11 on ""We Got It 4 Cheap, Volume 3"". Uses the instrumental for ""Rainy Dayz"" by Raekwon.",4:50,"Feb 5, 2008",Mixtape Track,No,
Til the Casket Drops,"Emotionless
(prod. Chink Santana)","Track 12 on ""We Got It 4 Cheap, Volume 3"". Uses the instrumental for ""Emotionless"" by Jim Jones.",4:42,"Feb 5, 2008",Mixtape Track,No,
Til the Casket Drops,"Fuck You
(prod. Swizz Beatz)","Track 13 on ""We Got It 4 Cheap, Volume 3"". Uses the instrumental for ""Fuck You"" by The LOX.",4:17,"Feb 5, 2008",Mixtape Track,No,
Til the Casket Drops,"Bring It Back
(prod. Ron Browz)","Track 14 on ""We Got It 4 Cheap, Volume 3"". Uses the instrumental for ""Bring It Back"" by Jae Millz.",4:22,"Feb 5, 2008",Mixtape Track,No,
Til the Casket Drops,"Hand on My Glock
(perf. La the Darkman & Willie the Kid)","Track 15 on ""We Got It 4 Cheap, Volume 3"". Uses the instrumental for ""Streetz on Lock"" by Hot Dollar.",3:28,"Feb 5, 2008",Mixtape Track,No,
Til the Casket Drops,"Cry Now
(prod. Witt & Pep)","Track 16 on ""We Got It 4 Cheap, Volume 3"". Uses the instrumental for ""Cry Now"" by Obie Trice.",4:10,"Feb 5, 2008",Mixtape Track,No,
Til the Casket Drops,"Sand Solo
(prod. Just Blaze)","Track 17 on ""We Got It 4 Cheap, Volume 3"". Uses the instrumental for ""Return of the Hustle"" by Fabolous.",2:29,"Feb 5, 2008",Mixtape Track,No,
Til the Casket Drops,"Liva Solo
(prod. Dr. Dre)","Track 18 on ""We Got It 4 Cheap, Volume 3"". Uses the instrumental for ""Come & Go"" by 50 Cent.",1:51,"Feb 5, 2008",Mixtape Track,No,
Til the Casket Drops,"Real Niggas
(prod. Dr. Dre & Cold 187um)","Track 19 on ""We Got It 4 Cheap, Volume 3"". Uses the instrumentals for ""Deep Cover"" & ""Nuthin' but a ""G"" Thang"" by Dr. Dre, ""Black Superman"" by Above the Law & ""Gin and Juice"" by Snoop Dogg.",5:13,"Feb 5, 2008",Mixtape Track,No,
Til the Casket Drops,"N.E.R.D. - Everybody Nose (All The Girls Standing In The Line For The Bathroom) (Remix)
(feat. Kanye West, Lupe Fiasco & Pusha T) (prod. The Neptunes)","Remix of ""Everybody Nose"". Track 14 on ""Seeing Sounds"" by N.E.R.D.",3:49,"May 18, 2008",Feature,Yes,https://open.spotify.com/track/0VVJkld0IvkEXAAOsx70sh?si=1697100635bb4424
Til the Casket Drops,"Wale - The Heavy Song
(feat. Pusha T, Tre & Bun B) (prod. Best Kept Secret)","Track 3 on ""The Mixtape About Nothing"" by Wale.",3:36,"May 30, 2008",Feature,Yes,https://open.spotify.com/track/7kO7bcVHHUHJvOJI8rzgTq?si=2486be8ec0104abb
Til the Casket Drops,"The Game - Game's Pain (Remix)
(feat. Pusha T, Jadakiss, Bun B, Fat Joe, Young Buck, Queen Latifah & Keyshia Cole) (prod. Knobody & Dahoud Darien)","A remix of ""Game's Pain"" by The Game released on June 28, 2008.",5:32,"Jun 28, 2008",Feature,No,
Til the Casket Drops,"Kardinal Offishall - Set It Off
(feat. Clipse) (prod. Boi-1da)","Released as a single on July 15, 2008. Track 2 on ""Not 4 Sale"" by Kardinal Offishall.",4:27,"Jul 15, 2008",Other,Yes,https://open.spotify.com/track/7fc8w7soBXsGBIpjI1LRjg?si=c76b5e2af82240e8
Til the Casket Drops,Road to Til the Casket Drops [Mixtape],"Mixtape released to promote ""Til the Casket Drops"", released on December 8, 2008.",,"Dec 1, 2008",Other,No,
Til the Casket Drops,"Intro
(prod. Reefa)","Track 1 on ""Road to Til the Casket Drops"". Freestyle over ""Gangsta Don't Play"" by Fabolous.",,"Dec 1, 2008",Mixtape Track,No,
Til the Casket Drops,"The Haters Wish
(prod. Don Cannon)","Track 2 on ""Road to Til the Casket Drops"". Freestyle over ""The Art of Storytellin' Part 4"" by DJ Drama.",,"Dec 1, 2008",Mixtape Track,No,
Til the Casket Drops,"Big Dreams
(prod. Cool & Dre)","Track 3 on ""Road to Til the Casket Drops"". Freestyle over ""Big Dreams"" by The Game.",,"Dec 1, 2008",Mixtape Track,No,
Til the Casket Drops,Lauren London Interlude,"Track 4 on ""Road to Til the Casket Drops"". Vocals from Lauren London.",,"Dec 1, 2008",Mixtape Track,No,
Til the Casket Drops,"So Fly (Now We've Had Her)
(prod. Oddz N Endz, Justin ""Jay Houston"" Harris & Nick ""Nino"" Lazzeri)","Track 5 on ""Road to Til the Casket Drops"". Freestyle over ""So Fly"" by Slim.",,"Dec 1, 2008",Mixtape Track,No,
Til the Casket Drops,"Addiction
(prod. Ryan Leslie)","Track 6 on ""Road to Til the Casket Drops"". Freestyle over ""Addiction"" by Ryan Leslie.",,"Dec 1, 2008",Mixtape Track,No,
Til the Casket Drops,"Pop Champagne
(feat. Ab-Liva) (prod. Ron Browz)","Track 7 on ""Road to Til the Casket Drops"". Freestyle over ""Pop Champagne"" by Jim Jones & Ron Browz.",,"Dec 1, 2008",Mixtape Track,No,
Til the Casket Drops,"Numb It Down
(prod. Soundtrakk)","Track 8 on ""Road to Til the Casket Drops"". Freestyle over ""Dumb It Down"" by Lupe Fiasco.",,"Dec 1, 2008",Mixtape Track,No,
Til the Casket Drops,"S.L.U
(feat. Ab-Liva) (prod. Kanye West & Mike Caren)","Track 9 on ""Road to Til the Casket Drops"". Freestyle over ""Swagga Like Us"" by T.I.",,"Dec 1, 2008",Mixtape Track,No,
Til the Casket Drops,"Swing Ya Rag
(prod. Swizz Beatz & The Individualz)","Track 10 on ""Road to Til the Casket Drops"". Freestyle over ""Swing Ya Rag"" by T.I.",,"Dec 1, 2008",Mixtape Track,No,
Til the Casket Drops,Lil Willie Interlude,"Track 11 on ""Road to Til the Casket Drops"". Vocals from Lil Willie.",,"Dec 1, 2008",Mixtape Track,No,
Til the Casket Drops,"Feds Taking Pictures
(prod. Dame Grease)","Track 12 on ""Road to Til the Casket Drops"". Freestyle over ""Feds Takin' Pictures"" by DJ Drama.",,"Dec 1, 2008",Mixtape Track,No,
Til the Casket Drops,"Ghostface Killah - Kilo (Remix)
(feat. Malice & Raekwon) (prod. MoSS)","Track 1 on the ""GhostDeini the Great"" compilation album by Ghostface Killah.",6:03,"Dec 16, 2008",Feature,Yes,https://open.spotify.com/track/5E2NY2XBEMh9BrXrBqUBOK?si=ec17f9ed37ba45db
Til the Casket Drops,"Teriyaki Boyz - TOKYO DRIFT (Remix)
(feat. Pusha T & Fam-Lay) (prod. The Neptunes)","Track 14 on ""SERIOUS JAPANESE"" by Teriyaki Boyz.",3:00,"Feb 3, 2009",Feature,No,https://pillows.su/f/9a13afbc3f9b743d499e7105bcd4293a
Til the Casket Drops,"My Hood
(feat. Clipse, Tha Dogg Pound, Maino & Uncle Murda) (prod. SPK)","Track 14 on ""Channel 10"" by Capone-N-Noreaga.",6:07,"Mar 17, 2009",Feature,Yes,https://open.spotify.com/track/0KFeOJgWgXuQ0HyKIfjBLz?si=90eead6c53f7421d
Til the Casket Drops,"Kinda Like a Big Deal
(feat. Kanye West) (prod. DJ Khalil & Chin Injeti)","Released as the first single on April 20, 2009. Track 3 on ""Til the Casket Drops"".",3:26,"Apr 20, 2009",Other,Yes,https://open.spotify.com/track/7kXEraNzzctTNCJ2Ta6FU4?si=5bea17531e7d4a2c
Til the Casket Drops,"I'm Good
(feat. Pharrell Williams) (prod. The Neptunes)","Released as the second single on June 11, 2009. Track 5 on ""Til the Casket Drops"".",4:21,"Jun 11, 2009",Other,Yes,https://open.spotify.com/track/4dna9pp213lAcnSrbj3xGn?si=981fc7cd229f4609
Til the Casket Drops,"The Alchemist - Lost Your Life
(with Snoop Dogg, Jadakiss & Pusha T) (prod. The Alchemist)","Track 3 on ""Chemical Warfare"" by The Alchemist.",4:28,"Jul 7, 2009",Feature,Yes,https://open.spotify.com/track/6OR35QKTFhyROHPO0KDUOj?si=2299911ae40c4f53
Til the Casket Drops,"Popular Demand (Popeyes)
(feat. Cam'ron & Pharrell Williams) (prod. The Neptunes)","Released as the third and final single on October 23, 2009. Track 2 on ""Til the Casket Drops"".",4:20,"Oct 23, 2009",Other,Yes,https://open.spotify.com/track/2h8qcBOJA5rwykIXBck24Z?si=caf7dea497ea4da5
Til the Casket Drops,"Ryan Leslie - Something That I Like
(feat. Pusha T) (prod. Ryan Leslie)","Track 2 on ""Transition"" by Ryan Leslie.",4:08,"Nov 3, 2009",Feature,Yes,https://open.spotify.com/track/6bfUYZCNWVl5RMtzjhG045?si=a680df4da7884fd4
Til the Casket Drops,"Freedom
(prod. Sean C & LV)","Track 1 on ""Til the Casket Drops"".",3:46,"Dec 8, 2009",Album Track,Yes,https://open.spotify.com/track/5ZQD7TsRb5yAVLRTzjETj6?si=204630aa5c4348cd
Til the Casket Drops,"Showing Out
(feat. Yo Gotti) (prod. The Neptunes)","Track 4 on ""Til the Casket Drops"".",3:38,"Dec 8, 2009",Album Track,Yes,https://open.spotify.com/track/1Wqt6HNfWtRuauomYNqvPS?si=4aa93b17a9114440
Til the Casket Drops,"There Was a Murder
(prod. DJ Khalil & Chin Injeti)","Track 6 on ""Til the Casket Drops"".",3:36,"Dec 8, 2009",Album Track,Yes,https://open.spotify.com/track/1JB7c0LZeDobTQMhT4KBdf?si=d59b1c28775c41bb
Til the Casket Drops,"Door Man
(prod. The Neptunes)","Track 7 on ""Til the Casket Drops"".",5:08,"Dec 8, 2009",Album Track,Yes,https://open.spotify.com/track/6EMuv1LrVLvdvw2ySo4vyE?si=95993be3171540f8
Til the Casket Drops,"Never Will It Stop
(feat. Ab-Liva) (prod. Sean C & LV)","Track 8 on ""Til the Casket Drops"".",3:21,"Dec 8, 2009",Album Track,Yes,https://open.spotify.com/track/7Ex6cGoPO6tVHvyqIJ9ZPm?si=28ce2d56ad464588
Til the Casket Drops,"All Eyes on Me
(feat. Keri Hilson) (prod. The Neptunes)","Track 9 on ""Til the Casket Drops"".",3:50,"Dec 8, 2009",Album Track,Yes,https://open.spotify.com/track/0aOp92L0KjfLH3zamn8Vdv?si=18d2879754a24a09
Til the Casket Drops,"Counseling
(feat. Nicole Hurst) (prod. The Neptunes)","Track 10 on ""Til the Casket Drops"".",3:17,"Dec 8, 2009",Album Track,Yes,https://open.spotify.com/track/7ez8U85ixKivaBuznMVwkV?si=1149a621f1b645e9
Til the Casket Drops,"Champion
(prod. The Neptunes)","Track 11 on ""Til the Casket Drops"".",4:14,"Dec 8, 2009",Album Track,Yes,https://open.spotify.com/track/5QK9cufc92Az7YYuIaXlom?si=aef71a9daeee45fa
Til the Casket Drops,"Footsteps
(prod. DJ Khalil)","Track 12 on ""Til the Casket Drops"".",4:21,"Dec 8, 2009",Album Track,Yes,https://open.spotify.com/track/1VTEytDGit9t6bZgIA75jk?si=71c30121b9dc4bbe
Til the Casket Drops,"Life Change
(prod. The Neptunes)","Track 13 on ""Til the Casket Drops"".",4:27,"Dec 8, 2009",Album Track,Yes,https://open.spotify.com/track/0P1ecEPIq13098gwcy9vIP?si=8e7cab7e91c647b7
"27 Total
9 Feature / Single
5 Feature
1 Intro
12 Mixtape Track","Fear Of God
(by Pusha T)","(12/08/2009) (""Til the Casket Drops"" is released)
(2010) (Clipse splits, Pusha T signs to G.O.O.D Music)
(03/21/2011) (""Fear Of God"" releases)",,,Other,,
Fear Of God,"Kanye West - G.O.O.D Friday
(feat. Common, Pusha T, Kid Cudi, Big Sean & Charlie Wilson) (prod. Kanye West)","Released as a single on September 10, 2010, as part of Kanye's GOOD Fridays.",5:12,"Sep 10, 2010",Other,No,https://pillows.su/f/44f4d287e5d26fa0fc0524be7e9b5828
Fear Of God,"Kanye West - So Appalled
(feat. JAY-Z, Pusha T, Cyhi the Prynce, Swizz Beatz & RZA) (prod. Kanye West, No I.D. & Mike Dean)","Single released on September 24, 2010, as part of Kanye's GOOD Fridays. Track 7 on ""My Beautiful Dark Twisted Fantasy"" by Kanye West.",6:38,"Sep 24, 2010",Other,Yes,https://open.spotify.com/track/6K07Ahf6V7CAQn0ikrOztl?si=baa497aab0184d95
Fear Of God,"Kanye West - Christian Dior Denim Flow [V1]
(feat. Kid Cudi, Pusha T, John Legend, Lloyd Banks & Ryan Leslie) (prod. Kanye West)","Released as a single on October 1st, 2010, as part of Kanye's GOOD Fridays series. Also includes an extended Ryan Leslie verse. Samples the song ""Living Together Is Keeping Us Apart"" by Clarence Reid.",6:50,"Oct 1, 2010",Other,No,https://pillows.su/f/4585148280a9af5a759d20da9c0ad9b3
Fear Of God,"Kanye West - Christian Dior Denim Flow [V2]
(feat. Kid Cudi, Pusha T, John Legend, Lloyd Banks & Ryan Leslie) (prod. Kanye West)","Released as an update to the original version. Unknown when this version was released. Different vocal effects on ""all the models to the floor right now"" lines. Also includes an extended Ryan Leslie verse. Samples the song ""Living Together Is Keeping Us Apart"" by Clarence Reid.",7:03,,Other,No,https://pillows.su/f/d2115deae0f69202b643bf889e55fbf8
Fear Of God,"Kanye West - Runaway
(feat. Pusha T, The WRLDFMS Tony Williams & The-Dream) (prod. Kanye West, Jeff Bhasker, MIKE DEAN & Emile)","Single released on October 4, 2010. Track 9 on ""My Beautiful Dark Twisted Fantasy"" by Kanye West. Samples ""The Basement"" by Pete Rock & C.L. Smooth, ""Mary Jane (Live in Long Beach, July 1981)"" by Rick James, ""Funky President (People It's Bad)"" by James Brown, and ""Expo '83"" by The Backyard Heavies.",9:08,"Oct 4, 2010",Other,Yes,https://open.spotify.com/track/3DK6m7It6Pw857FcQftMds
Fear Of God,"Kanye West - Runaway (Single Version)
(feat. Pusha T, The WRLDFMS Tony Williams & The-Dream) (prod. Kanye West, Jeff Bhasker, MIKE DEAN & Emile)","Similar to the album version, but lacks the outro and has a shorter piano intro. Has other minor differences.",5:39,"Oct 4, 2010",Other,Yes,"https://www.youtube.com/watch?v=LN8WTAQiVHw&ab_channel=RandomHDMusic
https://open.spotify.com/track/50HCj9kEXIonBwRLXFWCr8?si=0e4d3df662f243d5"
Fear Of God,"Kanye West - Take One For The Team
(feat. Keri Hilson, Pusha T & CyHi) (prod. Kanye West & MIKE DEAN)","Released as a single on October 15th, 2010, as part of Kanye's GOOD Fridays series.",6:16,"Oct 15, 2010",Other,No,https://pillows.su/f/440e0b0a84978867d59ded5a9b5d956c
Fear Of God,"Kanye West - Looking For Trouble
(feat. Pusha T, CyHi, Big Sean & J. Cole) (prod. Kanye West)","Released as a single on November 5th, 2010, as part of Kanye's GOOD Fridays series.",5:37,"Nov 5, 2010",Other,No,https://pillows.su/f/b5e3a5d6434b711e7d3d678fbafa8d80
Fear Of God,"OJ Da Juiceman - Money in My Pocket
(feat. Pusha T) (prod. ???)","Track 11 on ""Gangsta and a Gentleman"" by OJ Da Juiceman.",3:42,"Oct 3, 2010",Feature,No,
Fear Of God,"Joe Budden - Dessert For Thought
(feat. Pusha T & Styles P) (prod. David ""Boom"" Pinks)","Track 7 on the non-streaming release of ""Mood Muzik 4: A Turn 4 The Worst"" by Joe Budden.",3:59,"Oct 26, 2010",Feature,No,
Fear Of God,"Lloyd Banks - Home Sweet Home
(feat. Pusha T) (prod. Nick Speed)","Track 4 on ""H.F.M. 2 (The Hunger for More 2)"" by Lloyd Banks.",3:59,"Nov 22, 2010",Feature,Yes,https://open.spotify.com/track/52lwJ5QyRdDeXEViXKy5lT?si=553589cc581c490c
Fear Of God,"Tabi Bonney - Make a Killin'
(feat. Pusha T) (prod. ???)","Track 1 on ""Fresh"" by Tabi Bonney.",3:30,"Nov 23, 2010",Feature,Yes,https://open.spotify.com/track/6Hj7J8ZjxfhBTw1W6FfSba?si=bc24262f1a83499c
Fear Of God,"Kanye West - Christmas In Harlem (GOOD Fridays)
(feat. Cam'ron, Jim Jones, Vado, CyHi, Pusha T, Musiq Soulchild, Teyana Taylor & Big Sean) (prod. Hit-Boy)",Released as a single in December 2010 as part of Kanye's GOOD Fridays series.,6:32,"Dec 17, 2010",Other,No,https://pillows.su/f/37f4475ebae8c3e778b5bc04c992c518
Fear Of God,"2 Chainz - Kitchen
(feat. Pusha T & Young Jeezy) (prod. ???)","Track 14 on ""Codeine Cowboy"" by 2 Chainz.",4:47,"Feb 22, 2011",Feature,Yes,https://open.spotify.com/track/0JJGghrVTud5Mk5qotEO1u?si=dd02ea5cc7eb4fa7
Fear Of God,Intro,"Track 1 on ""Fear Of God"". Samples the movie ""Scarface"".",0:30,"Mar 21, 2011",Other,No,
Fear Of God,"My God
(prod. Deezy & Hit-Boy)","Track 2 on ""Fear Of God"". Also track 10 on ""Fear Of God II: Let Us Pray"". Later became a single on March 29, 2012. Written by Pusha T, Deezy & Hit-Boy.",3:33,"Mar 21, 2011",Mixtape Track,Yes,https://open.spotify.com/track/786RIdCS75NpZjmXNEOcwz?si=a330a49a37124211
Fear Of God,"I Still Wanna
(feat. Ab-Liva & Rick Ross) (prod. Lee Major)","Track 3 on ""Fear Of God"". Also track 11 on ""Fear Of God II: Let Us Pray"". Written by Pusha T, Rick Rock, Lee Major, J. Mollings & L. Mollings.",4:16,"Mar 21, 2011",Mixtape Track,Yes,https://open.spotify.com/track/2ouLZeJyn14jqtqPfV4Q1A?si=b17273d1a64f4f71
Fear Of God,"Money on My Mind (Freestyle)
(prod. The Runners, DJ Nasty & L.V.M.)","Track 4 on ""Fear Of God"". Freestyle over ""Money On My Mind"" by Lil Wayne.",2:20,"Mar 21, 2011",Mixtape Track,No,
Fear Of God,"Feeling Myself
(feat. Kevin Cossom) (prod. Tha Bizness)","Track 5 on ""Fear Of God"". Also track 8 on ""Fear Of God II: Let Us Pray"". Written by Pusha T, Kevin Cossom, Chris Whitacre & Justin Henderson.",3:34,"Mar 21, 2011",Mixtape Track,Yes,https://open.spotify.com/track/5ed8ZcYje30UBLvCrIE0AM?si=9e9b3da2f9274623
Fear Of God,Blow (Freestyle),"Track 6 on ""Fear Of God"".",2:16,"Mar 21, 2011",Mixtape Track,No,
Fear Of God,"Cook It Down (Freestyle)
(prod. Boi-1da & D10)","Track 7 on ""Fear Of God"". Freestyle over ""Put It Down"" by Bun B.",3:06,"Mar 21, 2011",Mixtape Track,No,
Fear Of God,"Open Your Eyes
(prod. Nottz)","Track 8 on ""Fear Of God"". Samples ""Bohemian Rapshody"" by Queen.",3:03,"Mar 21, 2011",Mixtape Track,No,
Fear Of God,"Can I Live (Freestyle)
(prod. Irv Gotti)","Track 9 on ""Fear Of God"". Freestyle over ""Can I Live"" by JAY-Z.",2:52,"Mar 21, 2011",Mixtape Track,No,
Fear Of God,"Raid [V1]
(feat. Pharrell Williams & 50 Cent) (prod. The Neptunes)","Track 10 on ""Fear Of God"". Written by Pusha T, 50 Cent, Pharrell Williams & Chad Hugo.",3:46,"Mar 21, 2011",Mixtape Track,No,https://pillows.su/f/ef27ea00dac7f9a17d852e9439fb52cb
Fear Of God,"Touch It
(feat. Kanye West) (prod. Kanye West)","Track 11 on ""Fear Of God"".",3:23,"Mar 21, 2011",Mixtape Track,No,
Fear Of God,"Speakers Going Hammer (Freestyle)
(prod. Boi-1da)","Track 12 on ""Fear Of God"". Freestyle over ""Speakers Going Hammer"" by Soujia Boy.",2:03,"Mar 21, 2011",Mixtape Track,No,
Fear Of God,"Alone in Vegas
(prod. Nottz)","Track 13 on ""Fear Of God"". Also track 12 on ""Fear Of God II: Let Us Pray"". Written by Pusha T & Nottz.",4:31,"Mar 21, 2011",Mixtape Track,Yes,https://open.spotify.com/track/2IDBEnkg139IIjmhSICmGQ?si=1d2bff1ee123440f
"19 Total
2 Feature
4 Single / Album Track
6 Interlude
7 Album Track","Hear Ye Him
(by Malice under No Malice)","(12/08/2009) (""Til the Casket Drops"" is released)
(2009-2010) (Clipse splits)
(08/18/2013) (""Hear Ye Him"" releases)",,,Other,,
Hear Ye Him,"Lecrae - Darkest Hour
(feat. No Malice) (prod. ThaInnaCircle)","Track 8 on ""Church Clothes"" by Lecrae. Omitted from the streaming ""EP"" version.",2:37,"May 10, 2012",Feature,No,
Hear Ye Him,"June
(feat. Eric David) (prod. J-Maxx)","Released as the first single on June 19, 2012. Track 13 on ""Hear Ye Him"".",3:23,"Jun 19, 2012",Other,Yes,https://open.spotify.com/track/2y1zP1CijfGNSSXvyUiEGI?si=79fe460a17804c47
Hear Ye Him,"Unforgettable
(feat. Life Dutchee) (prod. Grip Productions)","Released as the second single on July 24, 2012. Track 6 on ""Hear Ye Him"".",3:04,"Jul 24, 2012",Other,Yes,https://open.spotify.com/track/3Pf8yIo14opzH64945MW7Q?si=8561dc4da8a14e94
Hear Ye Him,"Smoke & Mirrors
(feat. Ab-Liva) (prod. Illmind)","Released as the third single on January 15, 2013. Track 2 on ""Hear Ye Him"".",3:47,"Jan 15, 2013",Other,Yes,https://open.spotify.com/track/3CoGOEmsCJYyEdeqvcKMtX?si=1f150250553c47ff
Hear Ye Him,"Bizzle - Soldier
(feat. No Malice) (prod. Dilemma)","Track 12 on ""The Good Fight"" by Bizzle.",3:35,"May 7, 2013",Feature,Yes,https://open.spotify.com/track/4xodYIPX2IDnIznayS7FOh?si=1c256375db804f21
Hear Ye Him,"Bury That
(feat. Jon Bibbs) (prod. The Profound Sounds)","Released as the fourth and final single on Jun 4, 2013. Track 12 on ""Hear Ye Him"".",3:02,"Jun 4, 2013",Other,Yes,https://open.spotify.com/track/3jyl5yceJQeu64AUz8Pqng?si=3659b108e9b84b57
Hear Ye Him,Illusions (Interlude),"Track 1 on ""Hear Ye Him"".",0:11,"Aug 18, 2013",Other,Yes,https://open.spotify.com/track/61pbsmAhUUGTc8WUZH8kb6?si=45e8aa480cee4f78
Hear Ye Him,"Blasphemy
(feat. Fam-Lay) (prod. Cam Caloway)","Track 3 on ""Hear Ye Him"".",2:56,"Aug 18, 2013",Album Track,Yes,https://open.spotify.com/track/4i7p0VpUNMfZk7c7k02Y8Y?si=ede6cbe720a341e6
Hear Ye Him,Ain't Beggin' (Interlude),"Track 4 on ""Hear Ye Him"".",0:08,"Aug 18, 2013",Other,Yes,https://open.spotify.com/track/6R4EipSuoSZnEgSg3UpMLP?si=c785a8d10ff04421
Hear Ye Him,"Hear Ye Him
(prod. The Profound Sounds)","Track 5 on ""Hear Ye Him"".",3:33,"Aug 18, 2013",Album Track,Yes,https://open.spotify.com/track/6RwEHi7MS7nC9cVKilbjmi?si=31500e59460c4b2d
Hear Ye Him,Cheap Dolla (Interlude),"Track 7 on ""Hear Ye Him"".",0:07,"Aug 18, 2013",Other,Yes,https://open.spotify.com/track/3k4nxvPO9Ro6VtSr9uyrId?si=563f745bcedb4a61
Hear Ye Him,"Bow Down No Mo'
(prod. Nando Pro)","Track 8 on ""Hear Ye Him"".",3:40,"Aug 18, 2013",Album Track,Yes,https://open.spotify.com/track/2JhOO3oO5q3LyDPGDFacYh?si=b23a73a5aac74bc7
Hear Ye Him,Refiner's Fire (Interlude),"Track 9 on ""Hear Ye Him"".",0:15,"Aug 18, 2013",Other,Yes,https://open.spotify.com/track/1MM2S2qKFnpQPkZCMarxiP?si=2aa882bba66c4d13
Hear Ye Him,"Shame the Devil
(feat. Pusha T) (prod. S1 & Greg Fears Jr.)","Track 10 on ""Hear Ye Him"".",3:38,"Aug 18, 2013",Album Track,Yes,https://open.spotify.com/track/6OOiErBsbuMQIoEZTzEkNz?si=3c66412aca854bc6
Hear Ye Him,Separate (Interlude),"Track 11 on ""Hear Ye Him"".",0:09,"Aug 18, 2013",Other,Yes,https://open.spotify.com/track/50DDQkrukWtx8iFoUb325I?si=77e5747e9c6e4958
Hear Ye Him,"Still Got Love
(feat. Ishod) (prod. Michael Etheridge)","Track 14 on ""Hear Ye Him"".",3:55,"Aug 18, 2013",Album Track,Yes,https://open.spotify.com/track/6RqMdhny8J7fPIUePgWurD?si=b744d38d456e4ce7
Hear Ye Him,"Different
(feat. PK Oneday & Bn) (prod. PK Oneday)","Track 15 on ""Hear Ye Him"".",3:41,"Aug 18, 2013",Album Track,Yes,https://open.spotify.com/track/0gZ73mVRNUMGjYvSG1k9Rm?si=f91f97bceea3466a
Hear Ye Him,Goin' There (Interlude),"Track 16 on ""Hear Ye Him"".",0:17,"Aug 18, 2013",Other,Yes,https://open.spotify.com/track/27NSWZNaIde01305XXbEjP?si=9242bf9908164e51
Hear Ye Him,"No Time
(feat. Jaeson Ma) (prod. Chad Hugo)","Track 17 on ""Hear Ye Him"".",7:19,"Aug 18, 2013",Album Track,Yes,https://open.spotify.com/track/7lAXUs6VvYYmwbZk0QIdUl?si=ccff46a33e104ba9
"23 Total
10 Feature
3 Single / Album Track
3 Single
2 Feature / Single
5 Album Track","Fear Of God II: Let Us Pray
(by Pusha T)","(03/21/2011) (""Fear Of God"" releases)
(11/08/2011) (""Fear Of God II: Let Us Pray"" releases)",,,Other,,
Fear Of God II,"Mateo - Power
(feat. Pusha T & Ab-Liva) (prod. ???)","Track 5 on ""Love & Stadiums"" by Mateo.",,"Mar 30, 2011",Feature,No,
Fear Of God II,"Trae tha Truth - So Far to Go
(feat. Pusha T & Meek Mill) (prod. Track Bangas)","Track 11 on ""Undisputed"" by Trae the Truth.",4:00,"May 23, 2011",Feature,No,
Fear Of God II,"Cyhi the Prynce - A Thousand Poundz
(feat. Pusha T & Pill) (prod. Paperboy Fabe)","Track 5 on ""Royal Flush 2"" by Cyhi the Prynce.",4:47,"Jun 14, 2011",Feature,No,
Fear Of God II,"Big Sean - 100 Keys
(feat. Pusha T & Rick Ross) (prod. WrighTrax)","Track 16 on the deluxe edition of ""Finally Famous"" by Big Sean.",3:49,"Jun 28, 2011",Feature,Yes,https://open.spotify.com/track/4Ccczpsq59ci35Wrom40Pl?si=3b4fddded8a7453b
Fear Of God II,"Trouble On My Mind
(feat. Tyler, the Creator) (prod. The Neptunes)","First single for ""Fear Of God II: Let Us Pray"" released on July 12, 2011. Track 3 on ""Fear Of God II: Let Us Pray"". Written by Pusha T, Tyler, the Creator, Pharrell Williams & Chad Hugo.",3:32,"Jul 12, 2011",Other,Yes,https://open.spotify.com/track/3DzlR0kXE6shimFVhSwI4A?si=40fdd2a3b3044bfa
Fear Of God II,"Swizz Beatz - Bang Bang
(feat. Pusha T & Pharrell Williams) (prod. Swizz Beatz)","Track 2 on ""Monster Mondays, Vol. 1"" by Swizz Beatz.",,"Jul 12, 2011",Feature,No,https://pillows.su/f/3923f193f95b86f3aa216c45753d1e03
Fear Of God II,"John West - Lovely
(feat. Pusha T) (prod. Christian Rich)",Track 1 on the self-titled EP by John West.,4:05,"Aug 2, 2011",Feature,Yes,https://open.spotify.com/track/79yWccSmF4jrsWo5hESfTB?si=b508c716a61f4d04
Fear Of God II,"Ace Hood - Go n Get It (Remix)
(feat. Pusha T, Styles P, Beanie Sigle & Busta Rhymes) (prod. Lex Luger)","Track 17 on the deluxe edition of ""Blood, Sweat & Tears"" by Ace Hood, omitted from streaming services.",6:06,"Aug 9, 2011",Feature,No,
Fear Of God II,"Tinie Tempah - Till I'm Gone (Remix)
(feat. Pusha T, Wiz Khalifa & Jim Jones) (prod. Drumma Boy)","Remix of ""Till I'm Gone"" by Tinie Tempah released on Augyst 29, 2011. Track 5 on ""Happy Birthday"" by Tinie Tempah.",3:49,"Aug 29, 2011",Feature,No,
Fear Of God II,"Amen
(feat. Kanye West & Young Jeezy) (prod. Shawty Redd)","Second single for ""Fear Of God II: Let Us Pray"" released on September 13, 2011. Track 2 on ""Fear Of God II: Let Us Pray"". Written by Pusha T, Kanye West, Young Jeezy & Shawty Redd.",4:36,"Sep 13, 2011",Other,Yes,https://open.spotify.com/track/3axVR1ayqtT1UIqjsRtOqp?si=b003366e040642d4
Fear Of God II,"Don't Fuck With Me
(prod. Noah ""40"" Shebib)","Freestyle over Drake's ""Dreams Money Can Buy"". Currently lost.",,"Sep 27, 2011",Single,No,
Fear Of God II,"XV - Awesome
(feat. Pusha T) (prod. Seven)","Single released on September 30, 2011. Track 1 on the ""Awesome EP!"" by XV. Also track 6 on ""Zero Heroes"" by XV.",3:49,"Sep 30, 2011",Other,Yes,https://open.spotify.com/track/3bvDG7rviJPGSg4eJm4pz9?si=abbc6e1272454be5
Fear Of God II,"Gilbere Forte - HOT [IN THIS BITCH] (REMIX)
(feat. Pusha T & Jim Jones) (prod. Benngiie & RAAK)","Track 5 on ""Some Dreams Never Sleep"" by Gilbere Forte.",4:05,"Oct 4, 2011",Feature,Yes,https://open.spotify.com/track/2GFjDdqPRoR5SZLpCQ9DPD?si=8cc4c77de73b41ba
Fear Of God II,"DJ Drama - Everything That Glitters
(feat. Pusha T & French Montana) (prod. A-Traxx)","Track 6 on ""Third Power"" by DJ Drama.",3:29,"Oct 11, 2011",Feature,Yes,https://open.spotify.com/track/5AO1FWuCvXgc0np5iS1CKy?si=a3cf64af0bd14dec
Fear Of God II,"Peso (Freestyle)
(prod. ASAP Ty Beats)","Freestyle over the instrumental for ""Peso"" by A$AP Rocky. Posted on Pusha T's SoundCloud on October 31, 2011.",1:09,"Oct 31, 2011",Single,No,
Fear Of God II,"Pixie Lott - What Do You Take Me For?
(feat. Pusha T) (prod. Rusko)","Single released on November 4, 2011. Track 3 on ""Young Foolish Happy"" by Pixie Lott.",2:55,"Nov 4, 2011",Other,Yes,https://open.spotify.com/track/4Gtz9QWYVj6PhjRslJQrc4?si=c9f7f90fb513444d
Fear Of God II,"Tony Montana (Freestyle)
(prod. Will-A-Fool)","Freestyle over Future's ""Tony Montana"".",2:35,"Nov 7, 2011",Single,No,
Fear Of God II,"Changing of the Guards
(feat. Diddy) (prod. Rico Beats)","Track 1 on ""Fear Of God II: Let Us Pray"". Written by Pusha T, Diddy & Rico Beats.",2:29,"Nov 8, 2011",Album Track,Yes,https://open.spotify.com/track/6uENKO9nFAdhDCwAzcSIbw?si=6ccf4e72a4bb4f78
Fear Of God II,"What Dreams Are Made Of
(prod. The VIPs)","Track 4 on ""Fear Of God II: Let Us Pray"". Written by Pusha T.",3:35,"Nov 8, 2011",Other,Yes,https://open.spotify.com/track/2W1DTub8PzVmZoAkgWEgyg?si=940da0d8b8564f35
Fear Of God II,"Body Work
(feat. Juicy J, Meek Mill & French Montana) (prod. Rico Beats)","Track 5 on ""Fear Of God II: Let Us Pray"". Written by Pusha T, Rico Beats, Juicy J, Meek Mill & French Montana.",4:29,"Nov 8, 2011",Album Track,Yes,https://open.spotify.com/track/0hoLOtGo7DfKO8R3HsBySf?si=2543f98f10d14d71
Fear Of God II,"Everything That Glitters
(feat. French Montana) (prod. A-Traxx)","Track 6 on ""Fear Of God II: Let Us Pray"". Written by Pusha T, French Montana & A-Traxx.",3:29,"Nov 8, 2011",Album Track,Yes,https://open.spotify.com/track/4UF6FOu2gL3WLdWg27BdCN?si=82a4b894dd5e4573
Fear Of God II,"So Obvious
(prod. Bangladesh & Rashid ""Ray the Astronaut"" Anthony)","Track 7 on ""Fear Of God II: Let Us Pray"". Written by Pusha T, Bangladesh & Rashid ""Ray the Astronaut"" Anthony.",3:15,"Nov 8, 2011",Album Track,Yes,https://open.spotify.com/track/0VbWbwWb3zUkylGX8oa66S?si=a14a877f4a2549ad
Fear Of God II,"Raid [V2]
(feat. Pharrell Williams & 50 Cent) (prod. The Neptunes)","Track 9 on ""Fear Of God II: Let Us Pray"". Has alternate mixing.",3:45,"Nov 8, 2011",Album Track,Yes,https://open.spotify.com/track/1NNuYlIzCB4uzvGy83mMoi?si=d8427475cea641d8
"67 Total
17 Feature / Single
32 Feature
3 Single
2 Other
5 Single / Album Track
1 OST Track
7 Album Track","My Name Is My Name
(by Pusha T)","(11/08/2011) (""Fear Of God II: Let Us Pray"" releases)
(01/28/2013) (""Wrath of Caine"" releases)
(10/08/2013) (""My Name Is My Name"" releases)",,,Other,,
My Name Is My Name,"N.O.R.E. - Scared Money
(feat. Pusha T & Meek Mill) (prod. Hazardis Soundz)","Single released on November 11, 2011. Track 1 on the ""Scared Money"" EP by N.O.R.E.",3:33,"Nov 11, 2011",Other,Yes,https://open.spotify.com/track/7zB8VSyQCnKACKx2rB9wX6?si=c5495ecd78664dce
My Name Is My Name,"Fred the Godson - Doves Fly
(feat. Pusha T) (prod. Charlemagne)","Track 7 on ""City of God"" by Fred the Godson.",4:03,"Nov 11, 2011",Feature,Yes,https://open.spotify.com/track/0xLyDBnDV9XQEn3trwasy7?si=8cab45f6e0d048b8
My Name Is My Name,"Oooh
(feat. Hodgy Beats, Ab-Liva & Tyler, The Creator) (prod. Tyler, The Creator)
(Chewbacca)","Non-album single. Originally meant for Tyler, the Creator's album ""Wolf"" in 2010.",3:34,"Nov 30, 2011",Single,No,https://pixeldrain.com/u/oUTaD6oS
My Name Is My Name,"Vybz Kartel - Half On A Baby (Remix)
(feat. Pusha T) (prod. Dre Skull)","Remix of ""Half On A Baby"" by Vybz Kartel released on December 8, 2011.",3:38,"Dec 8, 2011",Feature,Yes,https://open.spotify.com/track/63N1nL4dhzxOEbQusN8hYM?si=44a112e4133d45fa
My Name Is My Name,"T.I. - I'll Show You
(feat. Pusha T) (prod. ???)","Track 16 on ""Fuck da City Up"" by T.I.",3:32,"Jan 1, 2012",Feature,Yes,https://open.spotify.com/track/4jo4ayBAdu99KQUDftAa0d?si=27952c4a66d3413b
My Name Is My Name,"Sweet (Freestyle)
(prod. Common & No I.D.)","Freestyle over Common's ""Sweet"".",1:48,"Jan 10, 2012",Single,No,
My Name Is My Name,"DJ Absolut - Untouchable
(feat. Ace Hood, Pusha T, French Montana & Nathaniel) (prod. Slimm Gem & DJ Absolut)","Released as a single on January 28, 2012 by DJ Absolut.",3:44,"Jan 28, 2012",Other,Yes,https://music.apple.com/us/song/untouchable/499684983
My Name Is My Name,"Mercy.1
(perf. Kanye West, Pusha T, Big Sean & 2 Chainz) (prod. Lifted & Kanye West)
(Mercy)","Released as the first single to ""Cruel Summer"" on April 3, 2012. Track 3 on ""Cruel Summer"". Samples ""Diamonds from Sierra Leone"" by Kanye West, ""Dust a Sound"" by Super Beagle, ""Cuh Oonuh"" by Reggie Stepper, ""Lambo"" by Yung Bizzle and ""Tony's Theme"" by Giorgio Morodor. Interpolates ""Dance (A$$)"" by Earlly Mac and SayItAintTone.",5:26,"Apr 3, 2012",Other,Yes,https://open.spotify.com/track/671XaUBmifTMXDbZK5CB1M?si=a02c38dd63e84b14
My Name Is My Name,"Don't Like.1
(perf. Kanye West, Chief Keef, Pusha T, Big Sean & Jadakiss) (prod. Young Chop, Kanye West, The Twilite Tone & Goldstein)
(I Don't Like (Remix))","A remix of Chief Keef's ""I Don't Like"" released on May 1, 2012. Track 12 on ""Cruel Summer"". Samples ""Under Mi Sensi"" by Barrington Levi, ""Cold"" by Kanye West and DJ Khaled, and ""Also Sprach Zarathustra"" by Jim Johnson.",4:43,"May 1, 2012",Other,Yes,https://open.spotify.com/track/2rJvc7nSYWBKAuNUMx1Cr2?si=c5f62ffb71994fc8
My Name Is My Name,"Don't Like.1 (New Pusha T Verse Only)
(perf. Chief Keef, Pusha T) (prod. Young Chop, Kanye West, The Twilite Tone & Goldstein)
(I Don't Like (Remix))",Version of Don't Like.1 that only contains an extended Pusha T verse.,0:54,"May 3, 2012",Other,No,
My Name Is My Name,"Don't Like.1 (Pusha Extended Verse Only)
(perf. Chief Keef, Pusha T) (prod. Young Chop, Kanye West, The Twilite Tone & Goldstein)
(I Don't Like (Remix))",Version of Don't Like.1 that only contains an even more extended Pusha T verse.,1:01,"May 4, 2012",Other,No,
My Name Is My Name,"Exodus 23:1
(feat. The-Dream) (prod. Rico Beats)","Non-album single released on May 24, 2012. Samples ""What's Beef?"" by The Notorious B.I.G. Although Pusha T has denied it, it is assumed this is a diss track towards Lil Wayne and Drake.",4:09,"May 24, 2012",Single,No,
My Name Is My Name,"Goldie Boutilier - Strangers
(feat. Pusha T) (prod. Ryan Tedder)","Track 5 on the ""My Name Is Kay"" EP by Goldie Boutilier, released under the name Kay. Also track 5 on the ""My Name Is Kay"" LP by Goldie Boutilier, release under the name Kay. Later released as a single released on July 4, 2012.",3:09,"Feb 28, 2012",Other,Yes,https://open.spotify.com/track/5Gg4x7ZOQZIljXquD7yfOT?si=1fa9bc573c814663
My Name Is My Name,"King Louie - My Hoes They Do Drugs
(feat. Pusha T) (prod. Juicy J)","Track 7 on ""Drilluminati"" by King Louie.",4:40,"May 1, 2012",Feature,Yes,https://open.spotify.com/track/1UAJLtNqdT59MAW5bZdHCJ?si=e5330f82244843b5
My Name Is My Name,"Colin Munroe - The Fight of My Life
(feat. Pusha T) (prod. ???)","Single released on July 13, 2012. Track 1 on ""Unsung Hero"" by Colin Munroe.",5:11,"Jul 13, 2012",Other,No,
My Name Is My Name,"New God Flow [V1]
(perf. Kanye West & Pusha T) (prod. Kanye West, Boogz & Tapez, Killhoffer)
(New God Flow.1)","Released as the third single to ""Cruel Summer"" on July 21, 2012. Doesn't feature Ghostface Killah like on the final track.",4:45,"Jul 21, 2012",Other,Yes,https://open.spotify.com/track/1DbeslBYnckTqqTcc1Y2Tg?si=aa3f5e5a59874ca2
My Name Is My Name,"The-Dream - Dope Bitch
(feat. Pusha T) (prod. The-Dream)","Single released on July 24, 2012. Track 3 on the ""Climax"" EP by The-Dream.",4:35,"Jul 24, 2012",Other,Yes,https://open.spotify.com/track/5qxjA98W7L4hfemokWIWt4?si=55e6d941e66c4a2e
My Name Is My Name,"Alley Boy - Your Favorite Rapper
(feat. Pusha T) (prod. The Empire)","Non-album single released on August 6, 2012.",4:07,"Aug 6, 2012",Other,Yes,https://open.spotify.com/track/15bOH4yNshuIo7gTC44r2L?si=5bf37f862f2c4f4a
My Name Is My Name,"New God Flow.1 [V2]
(perf. Kanye West, Pusha T & Ghostface Killah) (prod. Kanye West, Boogz & Tapez, Killhoffer)
(New God Flow)","Track 4 on ""Cruel Summer"". Samples ""Bôdas De Sangue"" by Marcos Valle, ""Synthetic Substitution"" by Melvin Bliss, ""Funky President (People It's Bad)"" by James Brown and ""Mighty Healthy"" by Ghostface Killah. Interpolates ""Sound Off (The Duckworth Chant)"" by Private Willie Duckworth, ""A Sermon Fragment"" by Rev. G.I. Townset, ""Don't Like.1"" by Kanye West, Pusha T, Chief Keef, Big Sean and Jadakiss, and ""My God"" by Pusha T.",5:57,"Sep 14, 2012",Feature,Yes,https://open.spotify.com/track/2Fq5o2kLhNssLiRATRcPFT?si=9669eb3a0a914617
My Name Is My Name,"The Morning
(perf. Raekwon, Pusha T, Common, 2 Chainz, Cyhi the Prynce, Kid Cudy & D'banj) (prod. Kanye West, !llmind, Bhasker & Travis Scott)","Track 5 on ""Cruel Summer"". Samples ""Bonus Track"" by IZI, ""Back Again"" by Maruego and ""At What Kost"" by Henry Draw. Interpolates ""New God Flow.1"" by Kanye West, Pusha T and Ghostface Killah, ""I'm Getting Married"" by Yellowman, ""Funky Drummer"" by James Brown and ""A Sermon Fragment"" by Rev. G.I. Townsel.",4:35,"Sep 14, 2012",Feature,Yes,https://open.spotify.com/track/6KdwBL0OFecxLc1cSV9WVp?si=018e2c89158948cb
My Name Is My Name,"Higher
(perf. The-Dream, Pusha T, Mase & Cocaine 80s) (prod. Hit-Boy, Kanye West & Mike Dean)","Track 7 on ""Cruel Summer"".",4:34,"Sep 14, 2012",Feature,Yes,https://open.spotify.com/track/3yldvwyhm4WKrPyoJHSx99?si=6d4a4c687c0c48c3
My Name Is My Name,"Fat Joe - Pride N Joy (Remix)
(feat. Trey Songz, Pusha T, Ashanti & Miguel) (prod. Bink!)","A remix of ""Pride N Joy"" by Fat Joe released on September 17, 2012",4:50,"Sep 17, 2012",Other,Yes,https://open.spotify.com/track/1XepYePXLCkS0NchjOQLT0?si=e46a59e2962c4dfe
My Name Is My Name,"DJ Drama - Clouds
(feat. Pusha T, Rick Ross, Miguel & Curren$y) (prod. V12 the Hitman)","Track 6 on ""Quality Street Music"" by DJ Drama.",4:05,"Oct 2, 2012",Feature,Yes,https://open.spotify.com/track/2vix2Nsj0tQTybfMYHOvzK?si=458a74c0cdf548e1
My Name Is My Name,"Pain
(feat. Future) (prod. Kanye West & No I.D.)","The first single released on October 9, 2012. Track 11 on ""My Name Is My Name"". Written by Pusha T, Future, Kanye West, A. Bakshi & L. Pyarelal. Additional vocals by Shawn ""Pecas"" Costner. Mixed by Noah Goldstein. Recorded by Anthony Kilhoffer, Noah Goldstein & Keith Parry. Additional instruments by Jeff Bhasker. Programmed by Che Pope & Noah Goldstein. Samples ""My Name Is Anthony Gonsalves"" by Kismore Kumar and ""Bôdas De Sangue"" by Marcos Valle. Interpolates ""Hot Sex"" by A Tribe Called Quest.",4:11,"Oct 9, 2012",Other,Yes,https://open.spotify.com/track/5oXO6utw8aNtgWgIX1iyS4?si=123208c801204c3a
My Name Is My Name,"Tick, Tock
(with Raekwon, Joell Ortiz & Danny Brown) (prod. Frank Dukes & S1)","Track 11 on the soundtrack album to the film ""The Man with the Iron Fists"".",6:18,"Oct 22, 2012",Other,Yes,https://open.spotify.com/track/2vzKXHuncOKm655tmT1xDV?si=6f7e7fe796954f54
My Name Is My Name,"Fabolous - Life Is So Exciting
(feat. Pusha T) (prod. The Arsenals & Sarah J)","Track 8 on ""The S.O.U.L. Tape 2"" by Fabolous.",4:04,"Nov 22, 2012",Feature,No,
My Name Is My Name,"Pure - Infatuated
(feat. Pusha T) (prod. ???)","Single released on Novemebr 27, 2012.",3:06,"Nov 27, 2012",Feature,No,
My Name Is My Name,"The Game - Name Me King
(feat. Pusha T) (prod. Sap)","Track 6 on ""Jesus Piece"" by The Game.",4:01,"Dec 22, 2012",Feature,Yes,https://open.spotify.com/track/5JTVb3jMpZAvkinKenvp7t?si=00b082369c124611
My Name Is My Name,"Troy Ave - Concrete Jungle
(feat. Pusha T) (prod. Reefa)","Track 8 on ""White Christmas"" by Troy Ave.",4:11,"Dec 25, 2012",Feature,Yes,https://open.spotify.com/track/0C7vULFH4T48KClyUE0Rz8?si=91a6b2922bcf4e91
My Name Is My Name,"Mayalino - This Feelin'
(feat. Pusha T) (prod. ???)","Track 7 on ""Bird Day"" by Mayalino.",3:55,"Jan 3, 2013",Feature,Yes,https://open.spotify.com/track/0vKDoEuZMtqaQrzah4Stj3?si=39e92c6752a84446
My Name Is My Name,"N.O.R.E. - Tadow
(feat. French Montana, 2 Chainz & Pusha T) (prod. Illa & Infa)","Single released on January 5, 2013. Track 3 on ""Student Of The Game"" by N.O.R.E., aka P.A.P.I.",4:09,"Jan 5, 2013",Other,Yes,https://open.spotify.com/track/3t1otMBvf03cSoeKFBDbBn?si=3f492c3f7f5e48e4
My Name Is My Name,"Gunplay - Bet That
(feat. Pusha T) (prod. ???)","Track 2 on ""Cops & Robbers"" by Gunplay.",4:09,"Jan 8, 2013",Feature,No,
My Name Is My Name,"Gillie Da Kid - Tryna Get Me One
(feat. Pusha T) (prod. ???)","Non-album single released on February 5, 2013.",4:57,"Feb 5, 2013",Other,Yes,https://open.spotify.com/track/2ny7GnbJzS7PxfaGgPmHj2?si=bd40902b24ba43f9
My Name Is My Name,"Rebel Rose - Bad Girl
(feat. Pusha T) (prod. ???)","Released as a single on February 5, 2013.",5:16,"Feb 5, 2013",Other,No,
My Name Is My Name,"Wink Loc - Give 'Em Hell
(feat. Pusha T & Ra Diggs) (prod. Rico Beats)","Track 9 on ""Locomotive 3"" by Wink Loc.",3:22,"Feb 20, 2013",Feature,No,
My Name Is My Name,"Bangladesh - 100
(feat. Pusha T, Jadakiss & 2 Chainz) (prod. Bangladesh)","Track 5 on ""Ponzi Scheme"" by Bangladesh.",3:30,"Mar 3, 2013",Feature,No,
My Name Is My Name,"Bangladesh - Buy
(feat. Pusha T, Tom Foolery, 2 Chainz & Fast Life) (prod. Bangladesh)","Track 16 on ""Ponzi Scheme"" by Bangladesh.",3:27,"Mar 3, 2013",Feature,No,
My Name Is My Name,"Brianna Perry - Red Cup
(feat. Pusha T) (prod. ???)","Track 5 on ""Symphony No. 9: The B Collection"" by Brianna Perry.",3:28,"Mar 8, 2013",Feature,No,
My Name Is My Name,"Cassie - Take Care of Me Baby
(feat. Pusha T) (prod. Mike WiLL Made-It & Rob Holladay)","Track 3 on ""RockaByeBaby"" by Cassie.",3:05,"Apr 11, 2013",Feature,No,
My Name Is My Name,"King Los - Dope
(feat. Pusha T & Yo Gotti) (prod. Harry Fraud)","Track 10 on ""Becoming King"" by King Los.",3:05,"Apr 25, 2013",Feature,No,
My Name Is My Name,"Red Cafe - Boss Bitches and Fast Cars
(feat. Pusha T & Fabolous) (prod. Poston)
(BBFC)","Single released on April 26, 2013. Track 16 on ""American Psycho II"" by Red Cafe.",3:27,"Apr 26, 2013",Feature,Yes,https://open.spotify.com/track/6nRFGpMvkmgDqXBkVl3lu5?si=3c64a8f9ef7a409f
My Name Is My Name,"Mayalino - Street Religion
(feat. Pusha T) (prod. Cash Jordan)","Track 5 on ""K.I.L.O.S."" by Mayalino.",4:17,"May 9, 2013",Feature,Yes,https://open.spotify.com/track/1VbnWYaLoPa5oAGJ7pgRUZ?si=e21a1e181daa4678
My Name Is My Name,"Mayalino - Mobster Dinner
(feat. Pusha T) (prod. QB)","Track 12 on ""K.I.L.O.S."" by Mayalino.",3:27,"May 9, 2013",Feature,Yes,https://open.spotify.com/track/6yoBCMkcEVxPGaMKNCHdrF?si=f30154dbbe234188
My Name Is My Name,"Numbers On The Boards
(prod. Don Cannon, Kanye West & 88-Keys)","The second single released on May 10, 2013. Track 2 on ""My Name Is My Name"". Written by Pusha T, Kanye West, Don Cannon, 88-Keys, JAY-Z, A. King, B. Sigler, DJ Premier & J. Matthews. Mixed by Noah Goldstein. Recorded by Anthony Kilhoffer & Don Cannon. Samples ""Shake Your Booty"" by Bunny Sigler, ""Intro: A Million And One Questions / Rhyme No More"" by JAY-Z and ""Pots N' Pans"" by Luke Vibert. Interpolates ""Ignorant Shit"" by JAY-Z.",2:43,"May 10, 2013",Other,Yes,https://open.spotify.com/track/4XkXgUNDVBMj3oJoE8yspZ?si=bdeea539f4ab4e02
My Name Is My Name,"Eve - She Bad Bad (Remix)
(feat. Pusha T & Juicy J) (prod. Jukebox)","Track 12 on ""Lip Lock"" by Eve.",3:04,"May 14, 2013",Feature,No,
My Name Is My Name,"Vado - Kopy
(feat. Pusha T, French Montana & Chinx Drugz) (prod. Schife & Ben Billions)","Track 3 on the non-streaming version of ""Slime Flu 4"" by Vado.",4:30,"May 15, 2013",Feature,No,
My Name Is My Name,"Machine Gun Kelly - Pe$o
(feat. Pusha T & Meek Mill) (prod. Burd & Keyz)","Single released on May 22, 2013. Track 3 on ""Black Flag"" by Machine Gun Kelly.",3:14,"May 22, 2013",Other,No,
My Name Is My Name,"Ludacris - Mad Fo
(feat. Pusha T, Chris Brown, Meek Mill, Swizz Beatz) (prod. Remo the Hitmaker)","Track 10 on ""#IDGAF"" by Ludacris.",6:38,"May 24, 2013",Feature,No,
My Name Is My Name,"The-Dream - Pussy
(feat. Pusha T & Big Sean) (prod. The-Dream)","Track 4 on ""IV Play"" by The-Dream.",3:58,"May 28, 2013",Feature,Yes,https://open.spotify.com/track/3i2wELwp7xhxMwXAdoVA54?si=40e0bee4ac884183
My Name Is My Name,"Trouble - Thank U Lord
(feat. Pusha T) (prod. ???)","Track 20 on ""The Return of December 17th"" by Trouble.",2:58,"Jun 7, 2013",Feature,Yes,https://open.spotify.com/track/4K68GiQHPBZx2ayeKvkvjT?si=bc3ffcc57bb84176
My Name Is My Name,"Kelly Rowland - Street Life
(feat. Pusha T) (prod. Pharrell Williams)","Track 11 on ""Talk a Good Game"" by Kelly Rowland.",3:44,"Jun 18, 2013",Feature,Yes,https://open.spotify.com/track/6eJhYB3WFSFjl8tCRJzfHU?si=41f6f1d65cae4c79
My Name Is My Name,"Sterling Simms - I Know Love
(feat. Pusha T) (prod. The Fisticuffs)","Single released on June 25, 2013. Planned to be on ""11 Missed Calls"" by Sterling Simms.",3:53,"Jun 25, 2013",Other,Yes,
My Name Is My Name,"DMP - How Many Tear's
(feat. Pusha T) (prod. ???)","Track 2 on ""God Made Durt"" by DMP.",3:53,"Jul 2, 2013",Feature,Yes,https://open.spotify.com/track/1lIyfLK76bie6Rw345yjj5?si=f99df1c732c34c1c
My Name Is My Name,"Omarion - Know You Better
(feat. Pusha T & Fabulous) (prod. Rock City & The CoCaptains)","Single released on August 20, 2013. Track 9 on the ""Self-Made Vol. 3"" compilation album by Omarion.",4:47,"Aug 20, 2013",Other,Yes,https://open.spotify.com/track/4on9QW1gRc1etKGIubQzWn?si=c3c25d335036442c
My Name Is My Name,"Chase & Status - Machine Gun
(feat. Pusha T) (prod. Chase & Status)","Released on Chase & Status' SoundCloud on August 21, 2013. Track 6 on ""Brand New Machine"" by Chase & Status.",3:15,"Aug 21, 2013",Other,Yes,https://open.spotify.com/track/4qu4cW8RbAHX7x2y9AgUA3?si=fbd2c68719f4464f
My Name Is My Name,"Sweet Serenade
(feat. Chris Brown) (prod. Kanye West & Swizz Beatz)","The third single released on September 4, 2013. Written by Pusha T, Kanye West, Chris Brown & Swizz Beatz. Mixed by Anthony Kilhoffer & Kyle Ross. Recorded by Pail Bailey. Track 3 on ""My Name Is My Name"". Samples ""Also Sprach Zarathustra"" by Jim Johnston.",3:39,"Sep 4, 2013",Other,Yes,https://open.spotify.com/track/4nwxCitFgnLugXCl0JFNTJ?si=4b31a354bb214dce
My Name Is My Name,"King Chip - Vortex
(feat. Pusha T & Kid Cudi) (prod. ???)","Track 11 on ""44108"" by King Chip.",3:50,"Sep 4, 2013",Feature,Yes,https://open.spotify.com/track/6wsKS5mEpg1dqgiONXGTxh?si=7957c9f9bcab47c1
My Name Is My Name,"2 Chainz - Live And Learn (It Will)
(feat. Pusha T & Dolla Boy) (prod. V Don)","Track 16 on the deluxe edition of ""B.O.A.T.S. II: Me Time"" by 2 Chainz.",4:28,"Sep 10, 2013",Feature,Yes,https://open.spotify.com/track/6edtsPWWhNnjQm00il0EYy?si=87876e1ecddf4f9b
My Name Is My Name,"King Push
(prod. Kanye West & Sebastian Sartor)","Track 1 on ""My Name Is My Name"". Written by Pusha T, Kanye West & Sebastian Sartor. Samples ""New Slaves"" by Kanye West.",2:52,"Oct 8, 2013",Album Track,Yes,https://open.spotify.com/track/1WRV8yp08cYHcvdEwuS0cU?si=70a071846e754b09
My Name Is My Name,"Hold On
(feat. Rick Ross) (prod. Kanye West & Hudson Mohawke)","Track 4 on ""My Name Is My Name"". Written by Pusha T, Rick Rock, Kanye West, Hudson Mohawke, J. Hutson, J. Reaves, L. Hutson, M. Hawkins, & W. Norman. Mixed by Noah Goldstein. Recorded by Noah Goldstein. Keyboards by Darryl ""DJ"" Camper. Samples ""Ghet-To-Funk"" by Duralcha and ""Giving Love"" by The Voices of East Harlem.",4:45,"Oct 8, 2013",Album Track,Yes,https://open.spotify.com/track/6dIzXA6IMEGYCW4Rgsj2Pg?si=631535cb91974f8e
My Name Is My Name,"Suicide
(feat. Ab-Liva) (prod. Pharrell Williams)","Track 5 on ""My Name Is My Name"". Written by Pusha T, Ab-Liva & Pharrell Williams. Mixed by Mike Larson & Aleks White. Recorded by Mike Larson, Paul Bailey, Gennaro Schiano & Matthew Desrameaux. Arranged & edited by Mike Larson.",3:42,"Oct 8, 2013",Album Track,Yes,https://open.spotify.com/track/1XpdbfDAQi4tt0pMss2oUR?si=9ecc0c8eb4c24d90
My Name Is My Name,"40 Acres
(feat. The-Dream) (prod. Rico Beats & The-Dream)","Track 6 on ""My Name Is My Name"". Written by Pusha T, The-Dream & Rico Beats. Mixed by Noah Goldstein. Recorded by Patrick Thrall.",4:42,"Oct 8, 2013",Album Track,Yes,https://open.spotify.com/track/2B6NMtdXWY2W76tZulV3v4?si=bffed24692314ea7
My Name Is My Name,"No Regrets
(feat. Jeezy & Kevin Cossom) (prod. Hudson Mohawke & Beewirks)","Track 7 on ""My Name Is My Name"". Written by Pusha T, Kevin Cossom, Jeezy, Hudson Mohawke & Beewirks. Mixed by Anthony Kilhoffer, Noah Goldstein & Kyle Ross. Recorded by Noah Goldstein, Paul Bailey & Tony Rey.",4:48,"Oct 8, 2013",Album Track,Yes,https://open.spotify.com/track/2HE9zZNEhqezTbswI0xacA?si=8e1fd7ae40464a04
My Name Is My Name,"Let Me Love You
(feat. Kelly Rowland) (prod. The-Dream & Glass John)","Track 8 on ""My Name Is My Name"". Later released as the fourth single on November 12, 2013. Written by Pusha T, Glass John, J. Thybo, N. Johnsen & The-Dream. Mixed by Noah Goldstein. Recorded by Bart Schoudel. Samples ""Audition"" by The Robotboys.",3:43,"Oct 8, 2013",Other,Yes,https://open.spotify.com/track/6LK47MtqebIvJVyHWXleNV?si=a326b06ed3b447db
My Name Is My Name,"Who I Am
(feat. 2 Chainz & Big Sean) (prod. Kanye West & Mano)","Track 9 on ""My Name Is My Name"". Written by Pusha T, 2 Chainz, Big Sean, Kanye West, Mano, S. Kwesi & D. Scroggins. Mixed by Anthony Kilhoffer & Kyle Ross. Recorded by Noah Goldstein & Finis ""KY"" White. Samples ""Long Red"" by Mountain, ""UFO"" by ESG and ""Lgoyh."" by Kwes.",3:41,"Oct 8, 2013",Album Track,Yes,https://open.spotify.com/track/7rjzgYVrmVSxiHLPS8iX0d?si=ac10189185724b26
My Name Is My Name,"Nosetalgia
(feat. Kendrick Lamar) (prod. Nottz, Kanye West, The Twilite Tone)","Track 10 on ""My Name Is My Name"". Later released as the fifth and final single on February 3, 2014. Written by Pusha T, Kendrick Lamar, Kanye West, Nottz, The Twilite Tone, Malcolm McLaren, Homer Banks, Carl Hampton, DJ Scott La Rock, KRS-One, Raymond Jackson & Trevor Horn. Samples ""(If Loving You Is Wrong) I Don't Want To Be Right"" by Bobby ""Blue"" Bland, ""D'ya Like Scratchin"" by Malcolm McLaren and ""The Bridge Is Over"" by Boogie Down Productions. Interpolates ""Trouble On My Mind"" by Pusha T and dialogue from the movie Rocky IV.",3:36,"Oct 8, 2013",Other,Yes,https://open.spotify.com/track/7aK5rlTVxSgcqShPMI1TTH?si=ab91f34383f84b7d
My Name Is My Name,"S.N.I.T.C.H
(feat. Pharrell Williams) (prod. Pharrell Williams)","Track 12 on ""My Name Is My Name"". Written by Pusha T & Pharrell Williams. Mixed by Mike Larson & Aleks White. Recorded by Mke Larson, Paul Bailey, Gennaro Schiano & Matthew Desrameaux.",4:03,"Oct 8, 2013",Album Track,Yes,https://open.spotify.com/track/4s6nWWZuEXIhmFcejmsXwi?si=e2d337fafa01433f
"11 Total
10 Mixtape Track
1 Single / Mixtape Track","Wrath of Caine
(by Pusha T)","(11/11/2012) (""Wrath of Caine"" is announced)
(01/28/2013) (""Wrath of Caine"" releases)",,,Other,,
Wrath of Caine,"Intro
(prod. Dready)","Track 1 on ""Wrath of Caine"".",1:57,"Jan 28, 2013",Mixtape Track,No,
Wrath of Caine,"Millions
(feat. Rick Ross) (prod. Southside, TM88, Kanye West, Mike Dean & Rico Beats)
(Millions to the Ceilin')","Track 2 on ""Wrath of Caine"". Later released as a single on January 29, 2013.",5:06,"Jan 28, 2013",Other,Yes,https://open.spotify.com/track/7clUOYJb0WsAgFQEgDxSIT?si=217d72e79388468f
Wrath of Caine,"Doesn't Matter
(feat. French Montana) (prod. The Renegades)
(It Doesn't Matter)","Track 3 on ""Wrath of Caine"". french montana feature god help us all",3:54,"Jan 28, 2013",Mixtape Track,No,
Wrath of Caine,"Blocka
(feat. Popcaan & Travis Scott) (prod. Young Chop, Mike Dean & Travis Scott)","Track 4 on ""Wrath of Caine"".",3:34,"Jan 28, 2013",Mixtape Track,No,
Wrath of Caine,"Road Runner
(feat. Troy Ave) (prod. Harry Fraud)","Track 5 on ""Wrath of Caine"".",3:03,"Jan 28, 2013",Mixtape Track,No,
Wrath of Caine,"Revolution
(prod. The Neptunes)","Track 6 on ""Wrath of Caine"".",1:42,"Jan 28, 2013",Mixtape Track,No,https://pillows.su/f/6cc960a2973f52983fb6897ca37bb568
Wrath of Caine,"Only You Can Tell It
(feat. Wale) (prod. Boogz N Tapez)","Track 7 on ""Wrath of Caine"".",4:10,"Jan 28, 2013",Mixtape Track,No,
Wrath of Caine,"Trust You
(feat. Kevin Gates) (prod. $K & Arthur McArthur)","Track 8 on ""Wrath of Caine"".",4:34,"Jan 28, 2013",Mixtape Track,No,
Wrath of Caine,"Take My Life
(feat. Andrea Martin) (prod. Jake One)","Track 9 on ""Wrath of Caine"".",3:07,"Jan 28, 2013",Mixtape Track,No,
Wrath of Caine,"Re-Up Gang Motivation
(perf. Ab-Liva) (prod. !llmind)
(Burned Down)","Track 10 on ""Wrath of Caine"".",1:41,"Jan 28, 2013",Mixtape Track,No,
Wrath of Caine,"I Am Forgiven
(prod. Bink)","Track 11 on ""Wrath of Caine"".",3:28,"Jan 28, 2013",Mixtape Track,No,
"14 Total
1 Feature
3 OST Track
3 Single / Album Track
7 Album Track","Let the Dead Bury the Dead
(by Malice under No Malice)","(08/18/2013) (""Hear Ye Him"" releases)
(08/18/2017) (""Let the Dead Bury the Dead"" releases)",,,Other,,
Let the Dead Bury the Dead,"Ab-Liva & Ican - Where Do We Go?
(feat. No Malice) (prod. ???)","Track 3 on ""Y.E.$, Vol. 1 (Yen Euro Dollar)"" by Ab-Liva & Ican.",3:50,"Nov 14, 2014",Feature,Yes,https://open.spotify.com/track/2BV3pOhgvN0FfUQZnjpMgW?si=0b2dcbc09701489b
Let the Dead Bury the Dead,"Guilty
(prod. ???)","Track 1 on ""Movin' Weight"" soundtrack.",,"Mar 25, 2016",Other,No,
Let the Dead Bury the Dead,"Best Believe It
(feat. MD Uno) (prod. ???)","Track 5 on ""Movin' Weight"" soundtrack.",,"Mar 25, 2016",Other,No,
Let the Dead Bury the Dead,"Can't Let Go
(prod. ???)","Track 10 on ""Movin' Weight"" soundtrack.",,"Mar 25, 2016",Other,No,
Let the Dead Bury the Dead,"Jesus Christ
(prod. Ray Baker & Lee Major)","OG Filenames: Jesus Christ Final & Jesus Christ Final Clean-2
Released as a clean single on June 29, 2016. Track 4 on ""Let the Dead Bury the Dead"".",3:04,"Jun 29, 2016",Other,Yes,https://open.spotify.com/track/3OIjiHA2LU5bFomEk2kvuR?si=6f0b7e7399d54bf0
Let the Dead Bury the Dead,"Fake News
(prod. The Profound Sounds)","Released as the second single on May 25, 2017. Track 2 on ""Let the Dead Bury the Dead"".",3:08,"May 25, 2017",Other,Yes,https://open.spotify.com/track/6Rz2O8PCoF8s75975fhREv?si=aa23aa3b7b4b4594
Let the Dead Bury the Dead,"So Woke
(prod. Ray Baker & Lee Major)","Released as the third single on June 23, 2017. Track 5 on ""Let the Dead Bury the Dead"".",3:50,"Jun 23, 2017",Other,Yes,https://open.spotify.com/track/2XwbXMrLu2RYThw8thcDGF?si=97d0c6f90ee94ad7
Let the Dead Bury the Dead,"#Ltdbtd (Intro)
(prod. ???)","Track 1 on ""Let the Dead Bury the Dead"".",2:17,"Aug 18, 2017",Album Track,Yes,https://open.spotify.com/track/6wnMjwPJS2OFZ5BCOnlojV?si=c23ba5b9cce34b9e
Let the Dead Bury the Dead,"Lu. 4:5
(prod. Stupid Genius)","Track 3 on ""Let the Dead Bury the Dead"".",3:37,"Aug 18, 2017",Album Track,Yes,https://open.spotify.com/track/5Y8IwvDSIEfy7RQK4BE0rV?si=90c2622cbdaf444b
Let the Dead Bury the Dead,"Why Cry
(prod. ???)","Track 6 on ""Let the Dead Bury the Dead"".",3:16,"Aug 18, 2017",Album Track,Yes,https://open.spotify.com/track/3GTGUNyIeFuZA5CzNjZJ1s?si=6e121169d3f14049
Let the Dead Bury the Dead,"Sky Crack
(prod. The Profound Sounds)","Track 7 on ""Let the Dead Bury the Dead"".",2:41,"Aug 18, 2017",Album Track,Yes,https://open.spotify.com/track/7eUgoRUkvf2tikea19UNYK?si=d75448c9de194a94
Let the Dead Bury the Dead,"Done and Said
(prod. ???)","Track 8 on ""Let the Dead Bury the Dead"".",2:33,"Aug 18, 2017",Album Track,Yes,https://open.spotify.com/track/7jVmHb4rvoS8uhoj1DXzhF?si=e13add93be7b4c96
Let the Dead Bury the Dead,"Shame on Me
(prod. Ray Baker & Lee Major)","Track 9 on ""Let the Dead Bury the Dead"".",3:21,"Aug 18, 2017",Album Track,Yes,https://open.spotify.com/track/6zvOamcFKdatQPRzfBIpl3?si=9605433311894f43
Let the Dead Bury the Dead,"Let's Die
(prod. ???)","Track 10 on ""Let the Dead Bury the Dead"".",2:46,"Aug 18, 2017",Album Track,Yes,https://open.spotify.com/track/6PM93ArwExEtVgXYRrKsEA?si=f0714c705ecc41ed
"36 Total
4 Feature / Single
16 Feature
1 Album
2 Single
9 Album Track
1 OST Track
3 Single / Album Track","King Push – Darkest Before Dawn: The Prelude
(by Pusha T)","(10/08/2013) (""My Name Is My Name"" releases)
(12/18/2015) (""King Push – Darkest Before Dawn: The Prelude"" releases)",,,Other,,
King Push: The Prelude,"Linkin Park - I'LL BE GONE (Vice Remix)
(feat. Pusha T) (prod. Mike Shinoda & Rick Rubin)","A remix of Linkin Park's ""I'LL BE GONE"" from ""LIVING THINGS"". Released as a single on October 23, 2013. Track 5 on ""RECHARGED"" by Linkin Park.",4:00,"Oct 23, 2013",Other,Yes,https://open.spotify.com/track/6n7zWyWIs43JsKwSe2qzhI?si=b24cd0a5ab8e4892
King Push: The Prelude,"Jeezy - Pure
(feat. Pusha T, Doughboyz Cashout & Big K.R.I.T.) (prod. Cam Wallace)","Track 4 on ""#ItsThaWorld Vol. 2"" by Jeezy.",3:21,"Nov 28, 2013",Feature,Yes,https://open.spotify.com/track/4VjE8mFd6S3zVJpiavYxdV?si=3db41e270c524a0d
King Push: The Prelude,"Justin Timberlake - TKO (Black Friday Remix)
(feat. Pusha T, J. Cole & A$AP Rocky) (prod. Justin Timberlake, Timbaland & Jerome 'J-Roc' Harmon)","Black Friday remix of ""TKO"" by Justin Timberlake released on December 11, 2013.",4:32,"Dec 11, 2013",Feature,Yes,https://open.spotify.com/track/7AzunAhx3JfoHxYS5N6KVx?si=8099db429b1e49f7
King Push: The Prelude,"Kid Ink - Murda
(feat. Pusha T) (prod. SHAMA ""SAK PASE"" JOESPH & Lasanna ""ACE"" Harris)","Track 8 on ""My Own Lane"" by Kid Ink.",3:37,"Jan 7, 2014",Feature,Yes,https://open.spotify.com/track/1BpJq6GrMDaYhJPg5IZQ8l?si=468a87e830e64c00
King Push: The Prelude,"Future - Move That Dope
(feat. Pusha T, Pharrell Williams & Casino) (prod. Mike WiLL Made-It & P-Nasty)
(Move That Doh)","Single released on February 6, 2014. Track 3 on ""Honest"" by Future. Additional vocals by P-Nasty.",5:42,"Feb 6, 2014",Other,Yes,https://open.spotify.com/track/7GEidxhfGNteiW9n0kLyxH?si=968fb003d92a4b4e
King Push: The Prelude,"Yogi - Burial
(feat. Pusha T) (prod. ???)","Single released on March 17, 2014. Track 1 on the ""Buriel EP"" by Yogi.",3:44,"Mar 17, 2014",Other,Yes,https://open.spotify.com/track/3MaOnlr7tP12hHd94cvm6f?si=5b093fdb996f4f53
King Push: The Prelude,"August Alsina - FML
(feat. Pusha T) (prod. Drumma Boy & The Exclusives)","Track 7 on ""Testimony"" by August Alsina.",3:37,"Apr 15, 2014",Feature,Yes,https://open.spotify.com/track/069LcVIw6y6rTM1FltcDWT?si=167f66ba8d71444c
King Push: The Prelude,"Ateyaba - Black Card
(feat. Pusha T) (prod. Leknifrug & Blastar)","Track 3 on ""Ateyaba"" by Ateyaba, previously Joke.",2:46,"Jun 2, 2014",Feature,Yes,https://open.spotify.com/track/0OvLIFlrCXwW3b0NRozXKC?si=9f839402f5f942c9
King Push: The Prelude,Spotify Sessions [Album],"An album all live from Spotify SXSW 2014 containing 11 tracks, all of which are from tracks and features he has done in the past in ""My Name Is My Name"", GOOD Music's ""Cruel Summer"", ""Wrath of Caine"" and Kanye West's ""My Beautiful Dark Twisted Fantasy"".",24:12,"Jun 10, 2014",Other,Yes,https://open.spotify.com/album/7e51fH5KpL87BCIVO068fh?si=a2M_Q6ntT9qUOaHb1mNQqA
King Push: The Prelude,"Popcaan - Hustle
(feat. Pusha T) (prod. Dre Skull)","Track 6 on ""Where We Come From"" by Popcaan.",2:53,"Jun 10, 2014",Feature,Yes,https://open.spotify.com/track/7FU7OHWc4v9K6rDLOCf2Xf?si=63af0603f9024e2e
King Push: The Prelude,"Teyana Taylor - Maybe
(feat. Pusha T & Yo Gotti) (prod. The Order Music, Jaramye Daniels & Kyle ""KO"" Owens)","Single released on June 16, 2014. Track 8 on ""VII"" by Teyana Taylor.",4:05,"Jun 16, 2014",Other,Yes,https://open.spotify.com/track/3773p0NrC1NGHKJrf2XaIB?si=8e3236a030e74378
King Push: The Prelude,"Rae Sremmurd - No Flex Zone (Remix)
(feat. Pusha T & Nicki Minaj) (prod. Mike WiLL Made-It & A+)","A remix of ""No Flex Zone"" by Rae Sremmurd released on July 15, 2014.",5:19,"Jul 15, 2014",Feature,Yes,https://open.spotify.com/track/32a5eLrlrKiXrqb1D16CUY?si=2b759b3c3d754a27
King Push: The Prelude,"Janine - Hold Me
(feat. Pusha T) (prod. ???)","Track 6 on the ""Dark Mind EP"" EP by Janine.",4:08,"Nov 4, 2014",Feature,Yes,https://open.spotify.com/track/7nERqY8pZIR43dplaO7OwD?si=d7e97116236a414f
King Push: The Prelude,"Ab-Liva & Ican - Who's Better
(feat. Pusha T) (prod. ???)","Track 6 on ""Y.E.$, Vol. 1 (Yen Euro Dollar)"" by Ab-Liva & Ican.",3:26,"Nov 14, 2014",Feature,Yes,https://open.spotify.com/track/3k9bKKuoxolIyGB7pagEoy?si=2bdd27809e20443a
King Push: The Prelude,"Stromae - Meltdown
(feat. Lorde, Pusha T, Q-Tip & Halm) (prod. Stromae, Thomas Azier & Aron Ottingnon)","Track 1 on the soundtrack album for The Hunger Games: Mockingjay - Part 1. Uses the instrumental for the Stromae song ""Merci"".",4:02,"Nov 17, 2014",Feature,Yes,https://open.spotify.com/track/2y7OQv0Pm4220sk2KXv5mz?si=21d1c038a2514f63
King Push: The Prelude,"Lunch Money
(prod. Kanye West)","Non-album single released on November 19, 2014. Samples ""E.V.A."" by Jean-Jacques Perrey.",2:51,"Nov 19, 2014",Single,Yes,https://open.spotify.com/track/6jRp7SGnoItclMhFktX6Ia?si=9765766d4a24431a
King Push: The Prelude,"Hudson Mohawke - Chimes (Remix)
(feat. Pusha T, Future, Travis Scott & French Montana) (prod. Hudson Mohawke)
(Heart Is So Cold)","A remix of ""Chimes"" by Hudson Mohawke released on November 21, 2014.",3:12,"Nov 21, 2014",Single,Yes,https://open.spotify.com/track/0gRMsJJ7AhBoraxpmv7BfW?si=ecc6645f872c458c
King Push: The Prelude,"Chris Brown & Tyga - D.G.I.F.U.
(feat. Pusha T) (prod. D.A. Got That Dope & Jess Jackson)","Track 7 on ""Fan of a Fan: The Album"" by Chris Brown & Tyga.",3:44,"Feb 20, 2015",Feature,Yes,https://open.spotify.com/track/3RpNsrSqHf3QOGz6SRLh3p?si=0c5637edde4b4bd1
King Push: The Prelude,"Trey Songz - How Could You Forget
(feat. Pusha T) (prod. Triple B.)","Track 7 on ""Intermission I & II"" by Trey Songz.",4:46,"May 18, 2015",Feature,Yes,https://open.spotify.com/track/36Ray6zIYX0s0NVNy2N9AF?si=5327d1fc37ae40fc
King Push: The Prelude,"Major Lazer - Night Riders
(feat. Pusha T, Mad Cobra, 2 Chainz & Travis Scott) (prod. Andrew Swanson & Diplo)","Track 8 on ""Peace Is The Mission"" by Major Lazer.",3:53,"Jun 1, 2015",Feature,Yes,https://open.spotify.com/track/1mJ9xZPxojUJk1s1EmRsXX?si=8448280f81ec4454
King Push: The Prelude,"Future - Like I Never Left
(feat. Diddy, Pharrell Williams, Pusha T, Ludacris & Casino)","Documentary audio. Track 19 on the deluxe edition of ""DS2"" by Future, exclusive to Spotify.",25:49,"Jul 17, 2015",Album Track,Yes,https://open.spotify.com/track/1H2KZ21IWEEhjoVyqS10S8?si=491df8394f1b4c0d
King Push: The Prelude,"Break Yourself
(with Hook N Sling & Far East Movement) (prod. Hook N Sling)","Track 3 on the soundtrack for the film ""We Are Your Friends"".",3:21,"Aug 24, 2015",Other,Yes,https://open.spotify.com/track/0KrUkg9eGG8T8jY1f0fW5l?si=7820217072964d9e
King Push: The Prelude,"Dave East - I Can't Complain
(feat. Pusha T) (prod. ???)","Track 8 on ""Hate Me Now"" by Dave East.",3:24,"Oct 2, 2015",Feature,Yes,https://open.spotify.com/track/20QnhNHKtz2yBITwPthghp?si=b48e7123be9e4efa
King Push: The Prelude,"Diddy - Everyday (Amor)
(feat. Pusha T, Jadakiss, Styles P & Tish Hyman) (prod. ???)","Track 4 on ""MMM"" by Diddy.",4:35,"Nov 4, 2015",Feature,Yes,https://open.spotify.com/track/2eVXGoFgpxk70bCm9ypd8X?si=58af9eca695f43cf
King Push: The Prelude,"Untouchable
(prod. Timbaland & Milli Beatz)","The first single released on November 12, 2015. Track 2 on ""King Push – Darkest Before Dawn: The Prelude"". Samples ""Think Big"" by The Notorious B.I.G.",3:12,"Nov 12, 2015",Other,Yes,https://open.spotify.com/track/4AHZRMJCpscmxygCNtC2Qq?si=e015836bfc704351
King Push: The Prelude,"Yellow Claw - Nightmare
(feat. Pusha T & Barrington Levy) (prod. Yellow Claw & Max Oude Weernink)","Track 4 on ""Blood For Mercy"" by Yellow Claw.",4:06,"Nov 20, 2015",Album Track,Yes,https://open.spotify.com/track/06slB3FZOoscRMzOZpiNsE?si=ae4c62e1c3d941c8
King Push: The Prelude,"Chris Brown - Holy Angel
(feat. Pusha T) (prod. DJ Chose)","Track 4 on ""Before the Party"" by Chris Brown.",4:40,"Nov 27, 2015",Feature,No,
King Push: The Prelude,"M.F.T.R
(feat. The-Dream) (prod. Boi-1da, Frank Dukes, Hudson Mohawke & The-Dream)","The second single released on December 8, 2015. Track 3 on ""King Push – Darkest Before Dawn: The Prelude"".",4:10,"Dec 8, 2015",Other,Yes,https://open.spotify.com/track/4eeFwDF1OjhZtvPwhqhcr5?si=8749b98d09f54bbc
King Push: The Prelude,"Crutches, Crosses, Caskets
(prod. Puff Daddy, Mario Winans, Sean C & LV, Honorable C.N.O.T.E & Yung Dev)","The third and final single released on December 11, 2015. Track 4 on ""King Push – Darkest Before Dawn: The Prelude"".",2:26,"Dec 11, 2015",Other,Yes,https://open.spotify.com/track/3884MR68JMA2yh4p8pUEVd?si=27ca19e6e67e46ca
King Push: The Prelude,"Intro
(prod. Metro Boomin, Puff Daddy, G Koop)","Track 1 on ""King Push – Darkest Before Dawn: The Prelude"".",2:33,"Dec 18, 2015",Album Track,Yes,https://open.spotify.com/track/6iLgI1bt8nZ8JAls44sxDp?si=09ac2e3fcf454ac4
King Push: The Prelude,"M.P.A
(feat. Kanye West, A$AP Rocky & The-Dream) (prod. Kanye West, Che Pope & J. Cole)","Track 5 on ""King Push – Darkest Before Dawn: The Prelude"". Samples ""Konklusjon"" by Good News.",4:46,"Dec 18, 2015",Album Track,Yes,https://open.spotify.com/track/09W3YKEDiMFsX7QxWJm2zX?si=16ebf6f210df4fab
King Push: The Prelude,"Got Em Covered
(feat. Ab-Liva) (prod. Timbaland & Milli Beatz)","Track 6 on ""King Push – Darkest Before Dawn: The Prelude"". Interpolates ""Squeeze 1st"" by JAY-Z.",3:16,"Dec 18, 2015",Album Track,Yes,https://open.spotify.com/track/2dyhNwlwm8Uo0aOvp5hW3K?si=d48c20eddbf44393
King Push: The Prelude,"Keep Dealing
(feat. Bernie Sigel) (prod. Puff Daddy, Nashiem Myrick & Donald Davidson)","Track 7 on ""King Push – Darkest Before Dawn: The Prelude"".",4:11,"Dec 18, 2015",Album Track,Yes,https://open.spotify.com/track/2FIoph70SOhRNuhTaiJrKp?si=80cd454647bd406e
King Push: The Prelude,"Retribution
(feat. Kehlani) (prod. Timbaland & Deafh Beats)","Track 8 on ""King Push – Darkest Before Dawn: The Prelude"".",3:20,"Dec 18, 2015",Album Track,Yes,https://open.spotify.com/track/00SlXYapXP5KuDarLc2hUJ?si=a0428f54829b46ef
King Push: The Prelude,"F.I.F.A
(prod. Q-Tip)","Track 9 on ""King Push – Darkest Before Dawn: The Prelude"".",2:19,"Dec 18, 2015",Album Track,Yes,https://open.spotify.com/track/1aTcSexcnZdzTqdOFlmFQ0?si=6116b9c8b6c24f69
King Push: The Prelude,"Sunshine
(feat. Jill Scott) (prod. Baauer, Kanye West & Mano)","Track 10 on ""King Push – Darkest Before Dawn: The Prelude"". Interpolates ""Workin My Way"" by Alexander.",3:13,"Dec 18, 2015",Album Track,Yes,https://open.spotify.com/track/4K1GDzY8LhwBvSJ6V7uP01?si=62f297b5cd7b4544
"44 Total
17 Feature
14 Feature / Single
3 Single
2 OST Track
1 Other
7 Album Track","DAYTONA
(by Pusha T)
(Blowbama, Blobama, King Push)","(12/18/2015) (""King Push – Darkest Before Dawn: The Prelude"" releases)
(05/25/2018) (""DAYTONA"" releases)",,,Other,,
DAYTONA,"Yo Gotti - Hunnid
(feat. Pusha T) (prod. Da Honorable C.N.O.T.E.)","Track 13 on the deluxe edition of ""The Art of Hustle"" by Yo Gotti.",3:52,"Feb 19, 2016",Feature,Yes,https://open.spotify.com/track/3tWlMND2vBl4alTGCoyYsH?si=7f535ec1bdd34ddc
DAYTONA,"Baauer - Kung Fu
(feat. Pusha T & Future) (prod. Baauer)","Track 11 on ""Aa"" by Baauer.",2:39,"Mar 18, 2016",Feature,Yes,https://open.spotify.com/track/1sWl9GuGdN3ANmO29sxRHS?si=7ce349b3843d49c0
DAYTONA,"Royce da 5'9"" - Layers
(feat. Pusha T & Rick Ross) (prod. Mr. Porter)","Single released on April 2, 2016. Track 14 on ""Layers"" by Royce da 5'9"".",4:20,"Apr 2, 2016",Other,Yes,https://open.spotify.com/track/75d8slzsZjFRqIZhGP3crR?si=f0a8a311ad0341ae
DAYTONA,"Shyne - Meyer Lanksy
(feat. Pusha T) (prod. ???)","Track 7 on ""Gangland"" by Shyne.",3:37,"May 22, 2016",Feature,Yes,https://open.spotify.com/track/02bFTb22nngqQSADiIu07J?si=77652ec4b4814279
DAYTONA,"Tiga - Bugatti
(feat. Pusha T) (prod. Tiga & Jori Hulkkonen)","Single released on May 26, 2016.",3:30,"May 26, 2016",Other,Yes,https://open.spotify.com/track/64ekXhjECmsMd27YY3lRxq?si=2a64efdd429b48b3
DAYTONA,"Tiga - Bugatti (Jauz Remix)
(feat. Pusha T & Jauz) (prod. Tiga & Jori Hulkkonen)","Remix of ""Bugatti"" as part of the ""Bugatti"" single featuring Jauz.",3:32,"May 26, 2016",Other,Yes,https://open.spotify.com/track/3DP5fICdP83RtHfL5LQncK?si=ee7e1dc2ccb74125
DAYTONA,"Tiga - Bugatti (Zed Bias Dub)
(feat. Pusha T & Zed Bias) (prod. Tiga & Jori Hulkkonen)","Remix of ""Bugatti"" as part of the ""Bugatti"" single featuring Zed Bias.",3:04,"May 26, 2016",Other,Yes,https://open.spotify.com/track/1MOEACkpzuQEHIUjELgfM3?si=cbefb83606a34262
DAYTONA,"Tiga - Bugatti (Big Dope P Remix)
(feat. Pusha T & Big Dope P) (prod. Tiga & Jori Hulkkonen)","Remix of ""Bugatti"" as part of the ""Bugatti"" single featuring Big Dope P.",2:29,"May 26, 2016",Other,Yes,https://open.spotify.com/track/0tcBRPZnYh9DUmPjrHREZf?si=4389174cd7c84c91
DAYTONA,"Tiga - Bugatti (Jauz Extended Remix)
(feat. Pusha T & Jauz) (prod. Tiga & Jori Hulkkonen)","Extended remix of ""Bugatti"" as part of the ""Bugatti"" single featuring Jauz.",5:30,"May 26, 2016",Other,Yes,https://open.spotify.com/track/6QpVBp8pLCVJh14JfdOJNO?si=06dcf701be6147b0
DAYTONA,"Tiga - Bugatti (Zed Bias Extended Dub)
(feat. Pusha T & Zed Bias) (prod. Tiga & Jori Hulkkonen)","Extended remix of ""Bugatti"" as part of the ""Bugatti"" single featuring Zed Bias. STOP MAKING MORE BUGATTI REMIXES NOBODY GAF",4:52,"May 26, 2016",Other,Yes,https://open.spotify.com/track/0J0Dk93y4H9rSkbDOKjDmm?si=a857aa0f335f4c6f
DAYTONA,"Drug Dealers Anonymous
(feat. JAY-Z) (prod. DJ Dahi)","Non-album single released on May 31, 2016. Interpolates ""Bling Bling"" by B.G.",3:36,"May 31, 2016",Single,Yes,https://open.spotify.com/track/1b6rmL3VXBgYTbn61kM8wT?si=5d8b6006b1d14df2
DAYTONA,"Logic - Wrist
(feat. Pusha T) (prod. Logic & 6ix)","Single released on June 24, 2016. Track 6 on ""Bobby Tarantino"" by Logic.",3:26,"Jun 24, 2016",Other,Yes,https://open.spotify.com/track/7qT7NUDywO7vNJNTNxqWiN?si=f7af5e8e1f0946e6
DAYTONA,"Desiigner - Jet
(feat. Pusha T) (prod. Ignorvnce)","Track 11 on ""New English"" by Desiigner.",3:32,"Jun 26, 2016",Feature,Yes,https://open.spotify.com/track/5VcFJRpsNYR6R61oEo3w58?si=2b91903a7cd841fd
DAYTONA,"Villz - Drugs
(feat. Pusha T) (prod. Fade Majah & Syk Sense)","Single released on June 28, 2016.",3:36,"Jun 28, 2016",Other,No,
DAYTONA,"Paid
(with Jeremih) (prod. Dr. Luke, Cirkut, & LunchMoney Lewis)","Track 2 on the soundtrack to the 2016 film ""The Land"".",3:43,"Jul 29, 2016",Other,Yes,https://open.spotify.com/track/7kbTKjk1PsyaXgLoVSe0mP?si=a1045639dc844ebd
DAYTONA,"Black Moses
(with Meek Mill) (feat. Priscilla Renea) (prod. Jesse ""Corparal"" Wilson)","Track 2 on the ""The Birth of a Nation: The Inspired By Album"" compilation album.",4:03,"Sep 30, 2016",Other,Yes,https://open.spotify.com/track/04ylFi2OxZ1yrN3azXLMQn?si=719e9c59b4274bb0
DAYTONA,"H.G.T.V Freestyle
(prod. Mike WiLL Made-It)","Non-album single released on October 14, 2016.",2:08,"Oct 14, 2016",Single,Yes,https://open.spotify.com/track/4wWddaStqsjdHbuoMFhj6l?si=d2b028f1638441d8
DAYTONA,"Zeds Dead - Too Young
(feat. Pusha T & Rivers Cuomo) (prod. Zeds Dead)","Track 4 on ""Northern Lights"" by Zeds Dead.",3:00,"Oct 14, 2016",Feature,Yes,https://open.spotify.com/track/1fR961e0W4W2eeRdjfcrNn?si=f1406f851e5c4e1d
DAYTONA,"Circles
(feat. Ty Dolla $ign & Desiigner) (prod. Vinylz, Allen Ritter, Ging & Boi-1da)","Non-album single released on October 28, 2016.",4:21,"Oct 28, 2016",Single,Yes,https://open.spotify.com/track/7qKlSVDr0IAAVF6q8DPWWB?si=987584d7a3b44c73
DAYTONA,"Meek Mill - Two Wrongs
(feat. Pusha T & Guordon Banks) (prod. Nick Verruto)","Track 12 on ""DC4"" by Meek Mill.",3:47,"Oct 28, 2016",Feature,Yes,https://open.spotify.com/track/5OWI8KlWLgfdx1OdwOhza2?si=01d1cc01c84d452d
DAYTONA,"Thirdstory - G Train
(feat. Pusha T) (prod. Malay & Thirdstory)","Non-album single by Thirdstory released on November 18, 2016.",4:12,"Nov 18, 2016",Other,Yes,https://open.spotify.com/track/0q4seS2K9tSOX2wYlQaqmu?si=ae5b03177c154ff3
DAYTONA,"Flume - Enough
(feat. Pusha T) (prod. Flume)","Track 1 on the ""Skin Companion EP II"" EP by Flume.",3:12,"Feb 17, 2017",Feature,Yes,https://open.spotify.com/track/4EhgbAj3rGALFlqFKigUQd?si=b4df438304b549a1
DAYTONA,"Tracy T - Choices
(feat. Pusha T & Rick Ross) (prod. YG! Beats)","Track 8 on ""Millionaire Nightmares"" by Tracy T.",3:16,"Feb 24, 2017",Feature,Yes,https://open.spotify.com/track/1SkT59KmsWQNTLyj1KTfwR?si=685ceec026624bf2
DAYTONA,"Gorillaz - Let Me Out
(feat. Pusha T & Mavis Staples) (prod. Gorillaz)","Single released on April 6, 2017. Track 14 on ""Humanz"" by Gorillaz.",2:55,"Apr 6, 2017",Other,Yes,https://open.spotify.com/track/44PelqgstAM0lb8rHPKfHq?si=a6137358311841e3
DAYTONA,"Linkin Park - Good Goodbye
(feat. Pusha T & Stormzy) (prod. Brad Delson, Mike Shinoda, Jesse Shatkin & Andrew Bolooki)","Promotional single released on April 13, 2017. Track 2 on ""One More Light"".",3:31,"Apr 13, 2017",Other,Yes,https://open.spotify.com/track/650OeHTLxZAQmb4aEbGmaA?si=4bb0266b178a41cc
DAYTONA,"Vic Mensa - OMG
(feat. Pusha T) (prod. Pharrell Williams)","Track 2 on the ""The Manuscript"" EP by Vic Mensa.",3:50,"Jun 8, 2017",Feature,Yes,https://open.spotify.com/track/5talKQEfkRMQPUjXcf62sU?si=75c242f51ad345a6
DAYTONA,"DJ Khaled - Good Man
(feat. Pusha T & Jadakiss) (prod. DJ Khaled & 808-Key)","Track 15 on ""Grateful"" by DJ Khaled.",3:38,"Jun 22, 2017",Feature,Yes,https://open.spotify.com/track/5DRgbbdTpvqOe9QwhpFV6S?si=7a67a14a421c4475
DAYTONA,"Quentin Miller - Gambles
(feat. Pusha T) (prod. J. LBS)","Track 5 on ""Falco"" by Quentin Miller.",2:49,"Jun 26, 2017",Feature,Yes,https://open.spotify.com/track/1QwLCzaH6UmKdEfk08RYIK?si=05260a1364f94d82
DAYTONA,"Axwell /\ Ingrosso - This Time
(prod. Sebastian Ingrosso & Axel Hedfers)","Track 3 on ""More Than You Know"" by Axwell /\ Ingrosso. Features additional vocals and songwriting credits from Pusha T, so it is here.",3:37,"Jul 28, 2017",Other,Yes,https://open.spotify.com/track/2CEYIgQM8cloUeNaFOwT1C?si=810dbdf724744af9
DAYTONA,"Belly - Alcantara
(feat. Pusha T) (prod. Boi-1da & Frank Dukes)","Track 8 on ""Mumble Rap"" by Belly.",3:07,"Oct 6, 2017",Feature,Yes,https://open.spotify.com/track/7Efz4qL6h9FeVh8lf77Mvi?si=26bbf42c895f4d41
DAYTONA,"Steve Angello - Freedom
(feat. Pusha T) (prod. Steve Angello)","Single released on October 13, 2017. Track 13 on ""HUMAN"" by Steve Angello.",3:42,"Oct 13, 2017",Other,Yes,https://open.spotify.com/track/16ma3ETktFh3CiU2hRBPfp?si=4a15734fd87c48cb
DAYTONA,"Cyhi the Prynce - No Dope On Sundays
(feat. Pusha T) (prod. Razjah, Shawty Redd, Novel, Mark Byrd & Lex Luger)","Track 2 on ""No Dope On Sundays"" by Cyhi the Prynce.",6:22,"Nov 17, 2017",Feature,Yes,https://open.spotify.com/track/6U1u6TTra52FfMDwqFdnqm?si=3a924702948a4639
DAYTONA,"Berner - Loose Lips
(feat. Pusha T, Conway & Fresh) (prod. Scott Storch)","Track 5 on ""The Big Pescado"" by Berner.",3:19,"Jan 16, 2018",Feature,Yes,https://open.spotify.com/track/7GYBi4CDIPpDtZWhcyerW1?si=b19344b52853405e
DAYTONA,"Valee - Miami
(feat. Pusha T) (prod. Rio Mac)","Single released on February 16, 2018. Track 3 on the ""GOOD Job, You Found Me"" EP by Valee.",2:59,"Feb 16, 2018",Other,Yes,https://open.spotify.com/track/0DSXAjnNFpc22v31I4MX2S?si=d9bec6aa92b44a5e
DAYTONA,"Don Q - Words of Wisdom
(feat. Pusha T) (prod. Rell Ruger)","Track 3 on ""Don Talk"" by Don Q.",2:41,"Mar 28, 2018",Feature,Yes,https://open.spotify.com/track/2FYJIkfKFiMWIr7z3oIcm8?si=93df02620a8a4419
DAYTONA,"Royce Da 5'9"" - Summer On Lock
(feat. Pusha T, Fabolous, Agent Sasco (Assassin) & Jadakiss) (prod. ???)","Track 12 on ""Book of Ryan"" by Royce Da 5'9"".",3:44,"May 4, 2018",Feature,Yes,https://open.spotify.com/track/79hyMM5MImiA3MQ8TPnPvs?si=6594ad9511c14122
DAYTONA,"If You Know You Know
(prod. Kanye West, Plain Pat & Noah Goldstein)","Track 1 on ""DAYTONA"". Samples ""Twelve O'Clock Satanial"" by Air.",3:22,"May 25, 2018",Album Track,Yes,https://open.spotify.com/track/6bGwKHXHNLmTy6yt147FPh?si=a5bbf89a11354e44
DAYTONA,"The Games We Play
(prod. Kanye West & Andrew Dawson)
(Games We Play, Chop 1)","Track 2 on ""DAYTONA"". Samples ""Heart 'N Soul"" by Booker T. Averheart. Interpolates ""Politics As Usual"" by JAY-Z.",2:46,"May 25, 2018",Album Track,Yes,https://open.spotify.com/track/7iEoaTyBCqLaAwJnOP1BTn?si=ba9502c9ed914b12
DAYTONA,"Hard Piano
(feat. Rick Ross & The WRLDFMS Tony Williams) (prod. Kanye West, Andrew Dawson & MIKE DEAN)","Track 3 on ""DAYTONA"". Samples ""High As Apple Pie Slice II"" by Charlie Wright & The Watts 103rd Street Rhythm Band.",3:15,"May 25, 2018",Album Track,Yes,https://open.spotify.com/track/3HgA5R5alihocnOYE9ihpS?si=8866f3cd2bf34f92
DAYTONA,"Come Back Baby
(prod. Kanye West & Andrew Dawson)","Track 4 on ""DAYTONA"". Samples ""The Truth Shall Make You Free"" by King Hannibal and ""I Can't Do Without You"" by George Jackson.",3:26,"May 25, 2018",Album Track,Yes,https://open.spotify.com/track/2BuBXn15gj4MNYZydyWgrk?si=ca4145649eff4a7b
DAYTONA,"Santeria
(feat. 070 Shake) (prod. Kanye West & MIKE DEAN)","Track 5 on ""DAYTONA"". Samples ""Bumpy's Lament"" by Soul Mann & The Brothers.",2:56,"May 25, 2018",Album Track,Yes,https://open.spotify.com/track/4LKSaRoKNnlpKXTT663BrT?si=88810b57821b443a
DAYTONA,"What Would Meek Do?
(feat. Kanye West) (prod. Kanye West)
(Bitch I Love, How Do You Respond, Queen Bitch)","Track 6 on ""DAYTONA"". Samples ""Heart Of The Sunrise"" by Yes. Interpolates ""Hail Mary"" by 2Pac.",2:33,"May 25, 2018",Album Track,Yes,https://open.spotify.com/track/5vnuJ8EopkP5dHukpOmT3L?si=20841fd56ec944ef
DAYTONA,"Infrared
(prod. Kanye West)","Track 7 on ""DAYTONA"". Contains disses towards Drake. Samples ""I Want To Make Up"" by The 24-Caret Block. Interpolates ""Prelude"" by JAY-Z, ""What More Can I Say"" by JAY-Z and ""COLOR BLIND!"" by TERVVVV.",2:50,"May 25, 2018",Album Track,Yes,https://open.spotify.com/track/6cpsixIHI63L0hwh3CwZg3?si=b7452da3aaa04b9d
DAYTONA,"Zaytoven - Go Get The Money
(feat. Pusha T, Rick Ross, T.I. & Yo Gotti) (prod. Zaytoven)","Track 3 on ""Trapholizay"" by Zaytoven.",3:59,"May 25, 2018",Feature,Yes,https://open.spotify.com/track/5ADrk0HbbM0dRhXBnHjbzU?si=779d3edbd9a34041
"41 Total
6 Single
15 Feature
3 Feature / Single
1 Remix
1 Feature / Bonus Track
3 Other
4 Single / Album Track
8 Album Track","It's Almost Dry
(by Pusha T)","(05/25/2018) (""DAYTONA"" releases)
(04/22/2022) (""It's Almost Dry"" releases)",,,Other,,
It's Almost Dry,"The Story of Adidon
(prod. JAY-Z & No I.D)","OG Filename: Adidon_Main
Non-album single released on May 29, 2018, uses the instrumental from ""The Story of O.J."" by JAY-Z. A response to Drake's ""Duppy Freestyle"".",3:09,"May 29, 2018",Single,No,
It's Almost Dry,"KIDS SEE GHOSTS - Feel The Love
(feat. Pusha T) (prod. Kanye West, Benny Blanco, Mike Dean, Plain Pat, Evan Mast, Justin Vernon, Francis and the Lights, Cashmere Cat & Noah Goldstein)","Track 1 on ""KIDS SEE GHOSTS"" by KIDS SEE GHOSTS, a duo made up of Kid Cudi and Kanye West. Samples ""Waves"" by Velvet Negroni.",2:45,"Jun 8, 2018",Feature,Yes,https://open.spotify.com/track/3aUFrxO1B8EW63QchEl3wX?si=79bb2d1a68964b6d
It's Almost Dry,"Reese LAFLARE - Mood Ring
(feat. Pusha T) (prod. Bobby Johnson Beats)","Track 12 on ""Reese LaFlare"" by Reese LAFLARE.",3:50,"Aug 17, 2018",Feature,Yes,https://open.spotify.com/track/21wl5Mf5T1cMkUg4wYLK3r?si=0c0dd646c4524a8d
It's Almost Dry,"No Problem
(prod. TODAY & JMIKE)","Promotional single released on October 5, 2018 for the 2018 film ""Venom"".",2:17,"Oct 5, 2018",Single,Yes,https://open.spotify.com/track/0ClBboASDA2VBYPKRuQ67S?si=302d98b6710f435e
It's Almost Dry,"Swizz Beatz - Cold Blooded
(feat. Pusha T) (prod. Swizz Beatz)","Track 7 on ""POISON"" by Swizz Beatz.",3:47,"Nov 2, 2018",Feature,Yes,https://open.spotify.com/track/2I9ERcG5EDQcvPmXfjY6tQ?si=5feca34309b04353
It's Almost Dry,"Anderson .Paak - Brother's Keeper
(feat. Pusha T) (prod. Anderson .Paak, Jairus ""J-Mo"" Mozee & Dem Jointz)","Track 9 on ""Oxnard"" by Anderson .Paak.",4:14,"Nov 16, 2018",Feature,Yes,https://open.spotify.com/track/7GvKDZP30uHX0p8y3Kn6BM?si=aac0151f91e748cd
It's Almost Dry,"Goldlink - Cokewhite
(feat. Pusha T) (prod. Sean Momberger, Kurtis McKenzie, Fwdslxsh, MD$ & P2J)","Track 7 on ""Diaspora"" by GoldLink.",3:25,"Jun 12, 2019",Feature,Yes,https://open.spotify.com/track/1jCzgZFEl8RCUxDRvAGWUF?si=68900b93a9da4cbd
It's Almost Dry,"Benny The Butcher - 18 Wheeler
(feat. Pusha T) (prod. DJ Shay)","Single released on June 14, 2019. Track 6 on ""The Plugs I Met"" by Benny The Butcher.",2:41,"Jun 14, 2019",Other,Yes,https://open.spotify.com/track/0r2aLoohhPKNZ9z6WkaYyp?si=969f709550524aa2
It's Almost Dry,"Freddie Gibbs - Palmolive
(feat. Pusha T & Killer Mike) (prod. Madlib)","Track 6 on ""Bandana"" by Freddie Gibbs.",4:05,"Jun 28, 2019",Feature,Yes,https://open.spotify.com/track/0w9aWiDqZPCOCOtRTLkTPd?si=f9c8dfb9610a4118
It's Almost Dry,"Cordae - Nightmares Are Real
(feat. Pusha T) (prod. Bazexx, Kid Culture, Slim & Illuid Haller)","Track 12 on ""The Lost Boy"" by Cordae.",2:47,"Jul 26, 2019",Feature,Yes,https://open.spotify.com/track/0LMgvEwpTKbo2fHS7Qcypy?si=0f8f187b90504114
It's Almost Dry,"Sociopath
(feat. Kash Doll) (prod. Kanye West, Noah Goldstein & Pharrell Williams)","Non-album single released on August 26, 2019.",2:42,"Aug 26, 2019",Single,Yes,https://open.spotify.com/track/4xR7m33ECxSjY1nXyWmAx0?si=6b15ccc1a9104597
It's Almost Dry,"Coming Home
(feat. Lauryn Hill) (prod. Kanye West & Charlie Heat)","Non-album single released on August 28, 2019. Samples ""After You"" by Roberta Flack. Interpolates ""Reaper"" by Sia.",3:29,"Aug 28, 2019",Single,Yes,https://open.spotify.com/track/0TGyMhttuNwKab2XJMJ1rl?si=809b9587a5504478
It's Almost Dry,"IDK - Porno
(feat. Pusha T & JID) (prod. Rascal & IDK)","Track 7 on ""Is He Real?"" by IDK.",3:21,"Sep 4, 2019",Feature,Yes,https://open.spotify.com/track/192boLjFXYWZ0ADjtvhaJT?si=69af55d2e9df475d
It's Almost Dry,"Nicholas Britell - Puppets (Succession Remix)
(with Pusha T) (prod. Nicholas Britell)","Pusha T's remix of ""Puppets"" by Nicholas Britell released on October 4, 2019.",2:17,"Oct 4, 2019",Other,Yes,https://open.spotify.com/track/7vAkKCODYbpF2b6brNLzqo?si=4f3b7b2b90514185
It's Almost Dry,"DJ Shadow - Been Use Ta
(feat. Pusha T) (prod. DJ Shadow)","Track 13 on ""Our Pathetic Age"" by DJ Shadow.",2:24,"Nov 15, 2019",Other,Yes,https://open.spotify.com/track/678SR6ylVkYZYmtpJP42Ox?si=069db7fa1f95480c
It's Almost Dry,"Dame 6
(feat. Pharrell Williams) (prod. Pharrell Williams)","Single released exclusively on YouTube on February 13, 2020. Promotion for NBA player Damian Lillard.",1:29,"Feb 13, 2020",Single,No,https://www.youtube.com/watch?v=F8m1h3UK6Ts
It's Almost Dry,"Jadakiss - Huntin Season
(feat. Pusha T) (prod. Khardier Da God, Shroom, S. Dot, & Buda and Grandz)","Track 2 on ""Ignatius"" by Jadakiss.",4:38,"Mar 6, 2020",Feature,Yes,https://open.spotify.com/track/3Avv8zUJUDR19bkviNSQTP?si=d489a585928549ed
It's Almost Dry,"Joey Bada$$ - No Explanation
(feat. Pusha T) (prod. Sean C & LV & Swizz Beats)","Track 2 on the ""The Light Pack"" EP by Joey Bada$$.",3:24,"Jul 17, 2020",Feature,Yes,https://open.spotify.com/track/7FW4HUo39yRwGVxEoHqTa4?si=03afeab762fe4569
It's Almost Dry,"Black Thought - Good Morning
(feat. Pusha T, Swizz Beats & Killer Mike) (prod. Sean C, LV & Sal Deli)","Single released on August 20, 2020. Track 3 on ""Streams of Thought, Vol. 3: Cane & Able"" by Black Thought.",3:20,"Aug 20, 2020",Other,Yes,https://open.spotify.com/track/6kkKmXPMYBXUkzH381H7wq?si=c03b1b04da274451
It's Almost Dry,"DIVINE - Jungle Mantra
(feat. Pusha T & Vince Staples) (prod. Karan Kanchan)","Single released on January 15, 2021.",3:40,"Jan 15, 2021",Feature,Yes,https://open.spotify.com/track/2bpdLGinxI9Dqt5fi8zVxF?si=629496dd947d4568
It's Almost Dry,"Pop Smoke - Tell The Vision
(with Kanye West) (feat. Pusha T) (prod. Boogz, FnZ, Kanye West, Rico Beats & SethInTheKitchen)","Track 3 on ""Faith"" by Pop Smoke.",3:35,"Jul 16, 2021",Feature,Yes,https://open.spotify.com/track/2UwALqx6yOsXTFt7zRxnts?si=8fe0eb4b860e41d7
It's Almost Dry,"Pop Smoke - Top Shotta
(feat. Pusha T, TRAVI & BEAM) (prod. The Neptunes)","Track 7 on ""Faith"" by Pop Smoke.",4:19,"Jul 16, 2021",Feature,Yes,https://open.spotify.com/track/7ClZUuzhHULLKjjrHEz6HF?si=ce9052b649d0426e
It's Almost Dry,"Kanye West - Ok Ok
(feat. Lil Yachty & JHE Rooga) (prod. Kanye West, Boi 1da & Fya Man)
(I'm Not Ok)","Track 8 on ""Donda"" by Kanye West. Pusha T has songwriting credits, so it is here.",3:25,"Aug 29, 2021",Other,Yes,https://open.spotify.com/track/5LuXsO34x6KVlL8OWsxRqk?si=d47e498c80d948ea
It's Almost Dry,"Kanye West - Junya
(feat. Playboi Carti) (prod. Kanye West, Digital Nas, Ojivolta, Roark Bailey & Twisco)
(Godspeed, Junya Watanabe)","Track 9 on ""Donda"" by Kanye West. Pusha T has songwriting credits, so it is here.",2:28,"Aug 29, 2021",Other,Yes,https://open.spotify.com/track/1jgcODbfAL3tV7tikF6n1j?si=e0d9cff7eed24e8e
It's Almost Dry,"Ye - Life Of The Party
(feat. André 3000) (prod. Kanye West, Allday, BoogzDaBeast, The Twilite Tone, Federico Vindever, Ojivolta, Dem Jointz & Fonzworth Bently)","Single released on November 15, 2021. A clean version is available as track 2 on the deluxe version of ""Donda"" by Kanye West. Pusha T has songwriting credits, so it is here.",6:31,"Nov 15, 2021",Other,Yes,https://open.spotify.com/track/7n4YpQcocaRfXRlEl07klO?si=736f3ffeff484979
It's Almost Dry,"Alicia Keys - Plentiful (Originals)
(feat. Pusha T) (prod. Alicia Keys)","Track 1 on ""KEYS"" by Alicia Keys.",3:08,"Dec 10, 2021",Feature,Yes,https://open.spotify.com/track/5kpMJZx9jseAlheN36Orfm?si=7febde8ba39d46b3
It's Almost Dry,"Freddie Gibbs - Miami Vice
(feat. Pusha T & Kevin Cossom) (prod. 30 Roc & Landstrip Chip)","Released through the Grand Theft Auto 5 radio with The Contract update. Samples ""Lady, Lady, Lady"" by Joe ""Bean"" Esposito.",3:46,"Dec 15, 2021",Feature,No,https://pillows.su/f/7b3ef0f431896cab509d26b0a1801362
It's Almost Dry,"Misfit Toys
(perf. Pusha T & Mako) (prod. Alex Seaver of Mako & Sebastien Najand)","Single released on December 20, 2021.Track 7 on the ""Arcane: League of Legends"" original soundtrack.",3:09,"Dec 20, 2021",Single,Yes,https://open.spotify.com/track/7vAkKCODYbpF2b6brNLzqo?si=4f3b7b2b90514185
It's Almost Dry,"Babyface Ray - Dancing with the Devil
(feat. Pusha T & Landstrip Chip) (prod. OG Parker & Romano)","Single released on January 14, 2022. Track 15 on ""FACE"" by Babyface Ray and track 23 on the deluxe version of ""FACE"" by Babyface Ray.",2:49,"Jan 14, 2022",Other,Yes,https://open.spotify.com/track/1siBeqPJIFu48T8ZihxeuN?si=9dc8b67ae30e481f
It's Almost Dry,"Diet Coke
(prod. Ye & 88-Keys)","The first single released on February 8, 2022. Track 6 on ""It's Almost Dry"".",3:00,"Feb 8, 2022",Other,Yes,https://open.spotify.com/track/2qDTVDLjK4PctCvC8Mg19x?si=0ca7df087ca84f52
It's Almost Dry,"Hear Me Clearly
(with Nigo) (prod. Ye, Nigo, BoogzDaBeast, Starz, ThaMyind)","The second single released on March 3, 2022. Track 10 on ""It's Almost Dry"" and track 8 on ""I Know NIGO!"" by Nigo. Interpolates ""Free Mason"" by Rick Ross.",2:21,"Mar 3, 2022",Other,Yes,https://open.spotify.com/track/0fOpKW6soqAbK8lvRXjhPg?si=9ea9e8095747458d
It's Almost Dry,"Neck & Wrist
(feat. JAY-Z & Pharrell Williams) (prod. Pharrell Williams)","The third single released on April 6, 2022. Track 4 on ""It's Almost Dry"".",3:29,"Apr 6, 2022",Other,Yes,https://open.spotify.com/track/7kQJCw0ZkvHgfJqRwPblmG?si=78d0a93fd19e49d5
It's Almost Dry,"Brambleton
(prod. Pharrell Williams)","Track 1 on ""It's Almost Dry"". Written by Pusha T & Pharrell Williams. Mixed by Manny Marroquin & Trey Station. Recorded by Mike Larson & Morgan David. Mastered by Michelle Mancini.",2:50,"Apr 22, 2022",Album Track,Yes,https://open.spotify.com/track/7qQMtg44hxQ0ga7NhyyNxR?si=9a43c0ce23aa4832
It's Almost Dry,"Let the Smokers Shine the Coupes
(prod. Pharrell Williams & Ojivolte)","Track 2 on ""It's Almost Dry"". Written by Pusha T. Mixed by Manny Marroquin & Trey Station. Recorded by Mike Larson, Morgan David & Denes Redly. Mastered by Michelle Mancini. Choir by Budapest Scoring Choir & Balint Sapszon. Conductor by Marton Toth. Orchestrated by Ojivolta & Shelly Berg. Programmed by Shelly Berg.",2:30,"Apr 22, 2022",Album Track,Yes,https://open.spotify.com/track/3XyNi4ARXWBgzeDFKoJPqy?si=604baebbdb0a4941
It's Almost Dry,"Dreamin of the Past
(feat. Kanye West) (prod. Kanye West)","Track 3 on ""It's Almost Dry"". Samples ""Jealous Guy"" by Donny Hathaway.",2:53,"Apr 22, 2022",Album Track,Yes,https://open.spotify.com/track/3Wx98ijEDnsxyMYePCuFNI?si=84271929c9a44467
It's Almost Dry,"Just So You Remember
(prod. FnZ, Kanye West & BoogzDaBeast)","Track 5 on ""It's Almost Dry"". Samples ""Six Day War"" by Colonel Bagshot.",2:58,"Apr 22, 2022",Album Track,Yes,https://open.spotify.com/track/6XC3zX8dEiFTpd2hPpOA9y?si=5fe82545603947f6
It's Almost Dry,"Rock N Roll
(feat. Kanye West & Kid Cudi) (prod. Kanye West, Pharrell Williams & Ojivolte)","Track 7 on ""It's Almost Dry"". Samples ""1+1"" by Beyoncé.",3:53,"Apr 22, 2022",Album Track,Yes,https://open.spotify.com/track/1ZM8toCOlnfBKJdvR8GqUq?si=a21626c90b6c4841
It's Almost Dry,"Call My Bluff
(prod. Pharrell Williams)","Track 8 on ""It's Almost Dry"".",2:48,"Apr 22, 2022",Album Track,Yes,https://open.spotify.com/track/1oFYibU1RzB4OKE5iI3SyR?si=013f3484a1f04233
It's Almost Dry,"Scrape It Off
(feat. Lil Uzi Vert & Don Toliver) (prod. Pharrell Williams)","Track 9 on ""It's Almost Dry"". Later released as the fourth and final single on May 10, 2022.",2:32,"Apr 22, 2022",Other,Yes,https://open.spotify.com/track/1dp8aQANyTRKssDeAYPiZe?si=a3dc2bed915449dd
It's Almost Dry,"Open Air
(prod. Pharrell Williams)","Track 11 on ""It's Almost Dry"".",2:12,"Apr 22, 2022",Album Track,Yes,https://open.spotify.com/track/5JURxzoZ0r9FP6N01XRAAi?si=5d6090a5aea84031
It's Almost Dry,"I Pray for You
(feat. Labrinth & Malice) (prod. Labrinth & Kanye West)","Track 12 on ""It's Almost Dry"".",4:21,"Apr 22, 2022",Album Track,Yes,https://open.spotify.com/track/7HsG7U7aQhafXqa41dBxlK?si=1f1810fc46f94378
"27 Total
1 Remix
7 Feature
1 Mixtape Track
3 Other
3 Single / Album Track
12 Album Track",Let God Sort 'Em Out,"(12/08/2009) (""Til the Casket Drops"" is released)
(10/25/2019) (Clipse reunites on ""JESUS IS KING"")
(07/11/2025) (""Let God Sort 'Em Out"" releases)",,,Other,,
Let God Sort 'Em Out,"I'm Good (Remix)
(feat. Pharrell Williams & Rick Ross) (prod. The Neptunes)","Remix of ""I'm Good"" now featuring Rick Ross.",4:34,"Mar 29, 2010",Other,No,https://pillows.su/f/07c967b7bdfbd6d4e1293332d3e93cb6
Let God Sort 'Em Out,"Jeezy - Ill'in
(feat. Clipse) (prod. The Alchemist)","Track 7 on ""Trap or Die 2: By Any Means Necessary"" by Jeezy.",4:43,"May 4, 2010",Feature,Yes,https://open.spotify.com/track/1gnHPSaPEzoVhd5yjB1dGb?si=4a141b433739405d
Let God Sort 'Em Out,"Vinnie Paz - Street Wars
(feat. Clipse & Block McCloud)","Track 8 on ""Season of the Assassin"" by Vinnie Paz.",4:11,"Jun 21, 2010",Feature,Yes,https://open.spotify.com/track/1e9yFiSKi7bn5uzfMkGpZ1?si=5b30b4fc254f4367
Let God Sort 'Em Out,"Fat Joe - Kilo
(feat. Clipse & Cam'ron) (prod. Infamous & Laurent ""Slick"" Cohen)","Track 4 on ""The Darkside Vol. 1"" by Fat Joe.",4:01,"Jul 27, 2010",Feature,Yes,https://open.spotify.com/track/7kcGkYAS3FSli1rxP5cP1S?si=92669a20327b4fad
Let God Sort 'Em Out,"Come N Get It
(prod. Travis Barker & Pharrell Williams)","Track 2 on ""Let the Drummer Get Wicked"" by Travis Barker & DJ Whoo Kid.",2:40,"Feb 21, 2011",Mixtape Track,No,https://pillows.su/f/6a8fe4a73d8cfe138e22ddd5ce4445f2
Let God Sort 'Em Out,"Travis Barker - City Of Dreams
(feat. Clipse & Kobe) (prod. Travis Barker)","Track 15 on the deluxe edition of ""Give The Drummer Some"" by Travis Barker.",4:46,"Mar 15, 2011",Feature,Yes,https://open.spotify.com/track/37VfNM0Ff0biDu6cFDtB2L?si=f9e44a3a59704ce2
Let God Sort 'Em Out,"Kanye West - Selah
(prod. Kanye West, E*vax, BoogzDaBeast, Vindver, Benny Blanco & Francis Starlite)","Track 2 on ""JESUS IS KING"" by Kanye West. Pusha T and Malice (then No Malice) have songwriting credits, so this is here.",2:45,"Oct 25, 2019",Other,Yes,https://open.spotify.com/track/39JRmdKFka1Oe09FoOCPI4?si=89b7be94e4664823
Let God Sort 'Em Out,"Kanye West - Closed on Sunday
(prod. Kanye West, Lopez, AllDay, Vindver, Timbaland)","Track 4 on ""JESUS IS KING"" by Kanye West. Pusha T and Malice (then No Malice) have songwriting credits, so this is here.",2:32,"Oct 25, 2019",Other,Yes,https://open.spotify.com/track/3JWiDGQX2eTlFvKj3Yssj3?si=fd64f715850744a5
Let God Sort 'Em Out,"Kanye West - Use This Gospel
(feat. Clipse & Kenny G) (prod. Kanye West, Lopez, DrtWrk, Vindver, Timbaland, BoogzDaBeast & Bourne)","Track 10 on ""JESUS IS KING"" by Kanye West. Samples ""Costume Party"" by Two Door Cinema Club.",3:34,"Oct 25, 2019",Feature,Yes,https://open.spotify.com/track/0oPOuDmmkVp3h6puekhs6P?si=745f4143bd564106
Let God Sort 'Em Out,"Vinnie Paz - Street Wars (Remix)
(feat. Clipse & Block McCloud)","Track 28 on the Diamante Edition of ""Season of the Assassin"" by Vinnie Paz.",3:58,"Aug 28, 2020",Feature,Yes,https://open.spotify.com/track/2IjG0fiL8mp5gYvyih3DY6?si=caf45c77e2664573
Let God Sort 'Em Out,"Kanye West - Up From The Ashes
(feat. Sunday Service Choir) (prod. Kanye West, Sean Leon, Alex Ernewein, Federico Vindver, Angel Lopez & Timbaland)","Track 11 on the deluxe version of ""Donda"" by Kanye West. Pusha T and Malice (then No Malice) have songwriting credits, so this is here.",2:42,"Nov 15, 2021",Other,Yes,https://open.spotify.com/track/6MTtOV150uwitRZz4anI2h?si=69df6a720e064cc6
Let God Sort 'Em Out,"Nigo - Punch Bowl
(feat. Clipse) (prod. Nigo & The Neptunes)","Track 3 on ""I Know NIGO!"" by Nigo.",3:01,"Mar 22, 2022",Feature,Yes,https://open.spotify.com/track/1NxZp8uYShqpkxcyaaLUKs?si=1cde06763da54e85
Let God Sort 'Em Out,"Ace Trumpets
(prod. Pharrell Williams)","The first single for the album ""Let God Sort 'Em Out"" released on May 30, 2025. Track 5 on ""Let God Sort 'Em Out"". ""Yellow diamonds look like pee pee""",2:34,"May 30, 2025",Other,Yes,https://open.spotify.com/album/5UpGXA1S5pwj2ZMC4sH97y?si=3oY2BN_NTyqP0DNRF-3EmQ
Let God Sort 'Em Out,"So Be It
(prod. Pharrell Williams)","Single released on June 17, 2025. Replaced ""So Be It Pt. II"" as track 4 on ""Let God Sort 'Em Out"" shortly after release. Is not included in original KAWS and Verdy physical editions. Interpolates “Maza Akool” by Talal Maddah.",3:19,"Jun 17, 2025",Other,Yes,https://open.spotify.com/track/0xaQ86cGRgcF8wwP1SkXsb?si=b8a8a85cc1b14d8e
Let God Sort 'Em Out,"Chains & Whips
(feat. Kendrick Lamar) (prod. Pharrell Williams)","Track 2 on ""Let God Sort 'Em Out"". The Kendrick Lamar feature would lead to a dispute between UMG and Clipse where the former wanted the feature removed while the latter kept it, leading to paying money to be dropped from the label, Clipse joined Roc Nation afterwards. Released early on Apple Music.",4:03,"Jul 10, 2025",Album Track,Yes,https://open.spotify.com/track/3znSvEwBq09We4cxxmwlZM?si=ece3ee48611d42c4
Let God Sort 'Em Out,"So Far Ahead
(feat. Pharrell Williams) (prod. Pharrell Williams)","Track 11 on ""Let God Sort 'Em Out"". Released early during the Apple Music listening party.",3:22,"Jul 10, 2025",Album Track,Yes,https://open.spotify.com/track/6kIwGkZQksciLIjIbM0NFo?si=c7f3ba18e7784abe
Let God Sort 'Em Out,"The Birds Don't Sing
(feat. John Legend & Voices of Fire) (prod. Pharrell Williams)
(Birds Don't Sing. They Screech In Pain, Birds)","Track 1 on ""Let God Sort 'Em Out"". Later became a single on September 30, 2025.",4:00,"Jul 11, 2025",Other,Yes,https://open.spotify.com/track/6L3i4jdNnk0a9kMT3qIqTG?si=ad438df1e1f64ace
Let God Sort 'Em Out,"P.O.V. [V1]
(prod. Pharrell Williams)
(POV)","Track 3 on original KAWS and Verdy physical editions of ""Let God Sort 'Em Out"", which has no Tyler, the Creator feature.",,"Jul 11, 2025",Album Track,No,
Let God Sort 'Em Out,"P.O.V. [V2]
(feat. Tyler, the Creator) (prod. Pharrell Williams)
(POV)","Track 3 on ""Let God Sort 'Em Out"". Interpolates ""The Streets of San Francisco"" by Patrick Williams.",4:18,"Jul 11, 2025",Album Track,Yes,https://open.spotify.com/track/0mwlZQjUxspUTpAzLwexw7?si=7eaad60f327a4c9f
Let God Sort 'Em Out,"So Be It Pt. II
(prod. Pharrell Williams)","Track 4 on ""Let God Sort 'Em Out"" before being replaced by ""So Be It"" shortly after release due to the sample being cleared.",3:16,"Jul 11, 2025",Album Track,No,
Let God Sort 'Em Out,"All Things Considered
(feat. The-Dream & Pharrell Williams) (prod. Pharrell Williams)","Track 6 on ""Let God Sort 'Em Out"".",3:09,"Jul 11, 2025",Album Track,Yes,https://open.spotify.com/track/3iXd1ZXMPJYAp37hCr441H?si=4b0cb7c8e3d844de
Let God Sort 'Em Out,"M.T.B.T.T.F.
(prod. Pharrell Williams)
(Mike Tyson, Mike Tyson Blow to the Face)","Track 7 on ""Let God Sort 'Em Out"".",2:36,"Jul 11, 2025",Album Track,Yes,https://open.spotify.com/track/3fZd2UtWZMntClCSnJ7PDY?si=d14b75c6eab349b0
Let God Sort 'Em Out,"E.B.I.T.D.A.
(feat. Pharrell Williams) (prod. Pharrell Williams)","Track 8 on ""Let God Sort 'Em Out"".",1:59,"Jul 11, 2025",Album Track,Yes,https://open.spotify.com/track/3J4lO2oyDMLEYGdHgRcJHW?si=c6152400999c4fd6
Let God Sort 'Em Out,"F.I.C.O.
(feat. Stove God Cooks) (prod. Pharrell Williams)
(FICO)","Track 9 on ""Let God Sort 'Em Out"".",3:21,"Jul 11, 2025",Album Track,Yes,https://open.spotify.com/track/6X5sXeRwqbqPsZ8FFFae0F?si=c680a661e5594561
Let God Sort 'Em Out,"Inglorious Bastards
(feat. Ab-Liva) (prod. Pharrell Williams)","Track 10 on ""Let God Sort 'Em Out"". Samples Jesse Jackson’s 1972 Wattstax Music Festival Opening Speech.",2:33,"Jul 11, 2025",Album Track,Yes,https://open.spotify.com/track/6vh3knkD2m9behBKvuKePP?si=e2d710e0eea84d31
Let God Sort 'Em Out,"Let God Sort Em Out/Chandeliers
(feat. Nas) (prod. Pharrell Williams)","Track 12 on ""Let God Sort 'Em Out"". Samples the “Sarge” TV theme by David Shire.",2:32,"Jul 11, 2025",Album Track,Yes,https://open.spotify.com/track/2x2IOYqWknW8JWr32cg6JX?si=27f75bcff09e4915
Let God Sort 'Em Out,"By The Grace Of God
(feat. Pharrell Williams) (prod. Pharrell Williams)","Track 13 on ""Let God Sort 'Em Out"".",3:06,"Jul 11, 2025",Album Track,Yes,https://open.spotify.com/track/5XhsQnSiO6JPuiG4RPTugh?si=157842bf4929408b
"23 Total
16 Feature / Single
6 Feature
1 Single","PT5
(by Pusha T)","(04/22/2022) (""It's Almost Dry"" releases)
(Ongoing)",,,Other,,
PT5,"Al-Doms - HAHA
(feat. Pusha T) (prod. bennygotbass, N-I-N-E & Coop The Truth)","Single released on June 16, 2022. Track 3 on ""PRESCRIBED OVERDOSE"" by Al-Doms.",2:09,"Jun 16, 2022",Other,Yes,https://open.spotify.com/track/1Plk9xtZa5nKwdzjrB2CLf?si=19cae64c83f54a52
PT5,"Calvin Harris - Day One
(with Pusha T & Pharrell Williams) (prod. Calvin Harris)","Track 14 on ""Funk Wav Bounces Vol. 2"" by Calvin Harris.",3:20,"Aug 5, 2022",Feature,Yes,https://open.spotify.com/track/2wgbyESBZ7xBkxYN2bSDOL?si=c684e6ae71ab4281
PT5,"Symba & DJ Drama - Never End Up Broke, Pt. 2
(feat. Pusha T) (prod. Dem Jointz)","Single released on August 10, 2022. Track 3 on ""Results Take Time"" by Symba & DJ Drama.",2:42,"Aug 10, 2022",Other,Yes,https://open.spotify.com/track/368Apyaugfr6ha9GWU7igk?si=ebccf2d3887f4508
PT5,"The Game - No Man Falls
(feat. Pusha T & 2 Chainz) (prod. Big Duke)","Track 13 on ""DRILLMATIC Heart vs. Mind"" by The Game.",4:09,"Aug 12, 2022",Feature,Yes,https://open.spotify.com/track/3zgGFL8coxU5Ce6W4EbnOL?si=a9431bda69c14d06
PT5,"Freddie Gibbs - Gold Rings
(feat. Pusha T) (prod. Sevn Thomas, Sean Momberger & Jahaan Sweet)","Single released on September 29, 2022. Track 12 on ""$oul $old $eparately"" by Freddie Gibbs.",3:42,"Sep 29, 2022",Other,Yes,https://open.spotify.com/track/2L5FjwGluXOyaeqn775Va0?si=49ae2b9aa42c44c5
PT5,"White Lines (Cocaine Bear Remix)
(prod. Sylvia Robinson, Melle Mel & Joey Robinson Jr.)","Pusha T remix of ""White Lines (Don't Don't Do It)"" by Melle Mel made for the 2023 movie ""Cocaine Bear"", because if Push sees anything involving cocaine, he is going to be there.",3:02,"Feb 24, 2023",Single,Yes,https://open.spotify.com/track/3SMOSARVK8MKeW8yPwCJ7x?si=4c6befa6296c433d
PT5,"Khi Infinite - LIGHTS PLEASE
(feat. Pusha T & CHASE B) (prod. Tyree Hawkins, Nathan Butts & CHASE B)","Non-album single released on April 5, 2023",2:51,"Apr 5, 2023",Other,Yes,https://open.spotify.com/track/4jBgHb0atp2yyIa78MnsF8?si=15e7d386f3594ee3
PT5,"Phoenix - All Eyes On Me
(feat. Pusha T, BENEE & Chad Hugo) (prod. Phoenix & Chad Hugo)","Single released on October 11, 2023.",2:26,"Oct 11, 2023",Other,Yes,https://open.spotify.com/track/4r48NKo5H3NHpe5nmxDFvv?si=c5ab3b14d67f4210
PT5,"CyHi - Mr. Put That Shit On
(feat. Pusha T) (prod. Edsclusive, Finesse, Ghostage, Ike Carter, Ben 10k, OJI Volta, SAK PASE, Roark Bailey, Tane Runo, PRODUCT, TJ Elias, David Whild & Lamarquis Jefferson)","Single released on October 27, 2023.",5:48,"Oct 27, 2023",Other,Yes,https://open.spotify.com/track/4r2pxdCocBEyQ93xbsaYof?si=252c65ac4fc04ec7
PT5,"Wyclef Jean - Paper Right
(feat. Pusha T, Lola Brooke, Capella Grey, & Flau'jae) (prod. Wyclef Jean)","Single released on January 26, 2024.",3:12,"Jan 26, 2024",Other,Yes,https://open.spotify.com/track/6pAzGyJYVYanvbO1GcXIHd?si=0a05d5bf35a24ba9
PT5,"Wyclef Jean - Paper Right (Extended)
(feat. Pusha T, Lola Brooke, Capella Grey, & Flau'jae) (prod. Wyclef Jean)","Extended version released as part of the ""Paper Right"" single.",3:52,"Jan 26, 2024",Other,Yes,https://open.spotify.com/track/1LARA2FoBarx2nVoddCf6T?si=d78458b1e4134c8e
PT5,"Ray Vaughn - Problems
(feat. Pusha T) (prod. Rayo & Wizzle)","Single released on February 21, 2024.",3:46,"Feb 21, 2024",Other,Yes,https://open.spotify.com/track/0MtL7xAEQuJJ4WQZmxzsCw?si=94915ffd9a2c4ecb
PT5,"Ray Vaughn - Problems (Triangle Park Mix)
(feat. Pusha T) (prod. Rayo & Wizzle)","Part of the ""Problems"" single by Ray Vaughn. Has a different instrumental that interpolates ""C.R.E.A.M (Cash Rules Everything Around Me)"" by Wu-Tang Clan.",4:05,"Feb 21, 2024",Other,Yes,https://open.spotify.com/track/75AoC7T5bVnXweBDzDCkAJ?si=75432322768c454e
PT5,"Kid Cudi - EVERYBODY LIKE
(feat. Pusha T) (prod. E. Vax)","Track 8 on the NITRO MEGA edition of ""INSANO"" by Kid Cudi.",3:12,"Feb 23, 2024",Feature,Yes,https://open.spotify.com/track/2nT0qgUbjnDVmKmnNP3vSp?si=0b0eacfba8b3480e
PT5,"ALXS - Callin'
(feat. Pusha T) (prod. ALXS, illadaproducer, Kent Jones & Pusha T)","Single released on December 6, 2024. Track 3 on the ""TRIPLE LEO"" EP by ALXS.",2:27,"Dec 6, 2024",Other,Yes,https://open.spotify.com/track/1ALTf3Mo8kAG1sAHsPtBnA?si=eaba2b39a0d24489
PT5,"YSN Capo - BIG HEADED
(feat. Pusha T) (prod. Brett Coates)","Track 8 on ""GEMINI CAP VOL3"" by YSN Capo.",2:54,"May 15, 2025",Feature,Yes,https://open.spotify.com/track/5mPqSjVyanbLX2ngkFhCQM?si=0621ea15eff54c76
PT5,"Danger Danger
(with Jadakiss & Swizz Beatz) (prod. Swizz Beatz, Avenue Beatz & Beat Butcha)","Second single released for ""Godfather of Harlem: Season 4"" on April 15, 2025. Track 2 on ""Godfather of Harlem: Season 4"".",3:45,"Apr 15, 2025",Other,Yes,https://open.spotify.com/track/1DMVz3uuxeoSD5yKrgSpG3?si=92aa7aca58bb43ca
PT5,"Culture Jam - Damage Control
(feat. Wale & Pusha T) (prod. Don Cannon & Sean Momberger)","Single released on July 25, 2025. Track 3 on ""Legend in My Hood"" by Culture Jam.",2:12,"Jul 25, 2025",Other,Yes,https://open.spotify.com/track/2FG4U2M9Yts1aH0JTuU8CF?si=9140e269a2c04a2f
PT5,"Tiga - Bugatti (Benny Benassi & Laherte Remix)
(feat. Pusha T, Benny Benassi & Laherte) (prod. Tiga)","Remix released on October 31, 2025 for the single ""Bugatti"" by Tiga.",3:18,"Oct 31, 2025",Other,Yes,https://open.spotify.com/track/7nUFalVIU4NyswnyiVPOi3?si=24e2ec204f6a48b9
PT5,"Tiga - Bugatti (Benny Benassi & Laherte Extended Remix)
(feat. Pusha T, Benny Benassi & Laherte) (prod. Tiga)","Extended remix released on October 31, 2025 for the single ""Bugatti"" by Tiga. Kill yourself Tiga.",5:12,"Oct 31, 2025",Other,Yes,https://open.spotify.com/track/3WIDuPJL3gXiSufdd4LLH7?si=d28ce3bcb573452d
PT5,"IDK - LiFE 4 A LiFE
(feat. Pusha T) (prod. IDK, KAYTRANADA, Eden Eliah Nagar, Calin Enache & Mike Bozzi)","Single released by IDK on January 9, 2025. Track 13 on ""e.t.d.s. A Mixtape by .idk."" by IDK.",2:59,"Jan 9, 2026",Other,Yes,https://open.spotify.com/track/6CrpAztWyhMb4Ve2kcg5sK?si=8182a46207774bc5
PT5,"YG - OMG
(feat. Pusha T) (prod. IsThatTrey & Low the Great)","Track 2 on ""THE GENTLEMEN'S CLUB"" by YG.",2:26,"Jun 19, 2026",Feature,Yes,https://open.spotify.com/track/52GRbtHCnZnPOy85U22TY3?si=95b5238cac8c4c8a
PT5,"THE-DREAM - Powder Coat
(feat. Pusha T & Swizz Beatz) (prod. The-Dream & Laney Stewart)","Track 6 on ""Love/Hate II"" by THE-DREAM.",3:53,"Jul 10, 2026",Feature,Yes,https://open.spotify.com/track/5B9T3hG2iiSwUN8uoqT3QR?si=c98369f21a4148ba
"3 Total
2 Feature
1 Single","M3
(by Malice)","(08/18/2017) (""Let the Dead Bury the Dead"" releases)",,,Other,,
M3,"Statik Selektah - Pull the Curtain Back
(feat. No Malice) (prod. Statik Selektah)","Track 16 on ""8"" by Statik Selektah.",1:47,"Dec 8, 2017",Feature,Yes,https://open.spotify.com/track/2fyOa2qIVbdSPPGZQB37Yy?si=3cfe2917d59a44d3
M3,"Give 'Em Game
(prod. The Almighty E-A-Ski)","Single released on July 6, 2018.",3:08,"Jul 6, 2018",Single,Yes,https://open.spotify.com/track/2BGfAByiBFlAAGfWYqyTwC?si=isLSNUYYT2mlXb2mPdaJHQ
M3,"Erick Sermon - Go
(feat. No Malice) (prod. Erick Sermon)","Track 5 on ""Vernia"" by Erick Sermon.",3:36,"Apr 19, 2019",Feature,Yes,https://open.spotify.com/track/3DLhhLvdYMAjQJmCoHIpWX?si=634ce4706f9b4f99
"3 Total
1 Feature
2 Feature / Single",C5,"(07/11/2025) (""Let God Sort 'Em Out"" releases)
(Ongoing)",,,Other,,
C5,"JID - Community
(feat. Clipse) (prod. Frankie P & Mario Luciano)","Track 4 on ""God Does Like Ugly"" by JID.",4:25,"Aug 8, 2025",Feature,Yes,https://open.spotify.com/track/3LXxHFZWt6OHdBsgucSIjJ?si=c2f45156469f4117
C5,"Mobb Deep - Look At Me
(feat. Clipse) (prod. Havoc)","Single released on October 9, 2025. Track 4 on ""Infinite"" by Mobb Deep.",3:29,"Oct 9, 2025",Other,Yes,https://open.spotify.com/track/0HQrzSGRnLgOgTPzcZWIxP?si=58baa5f5bdf145cc
C5,"Kehlani - No Such Thing
(feat. Clipse) (prod. Pop & Oak)","Single released on April 23, 2026. Track 3 on ""Kehlani"" by Kehlani.",3:40,"Apr 23, 2026",Other,Yes,https://open.spotify.com/track/4juXNV2tlVXBmqlDjraYcm?si=7865ec0fca5d49d6
