Era,Name,Notes,Track Length,File Date,Leak Date,Available Length,Quality,Link(s)
"2 Full
0 Tagged
0 Partial
0 Snippet(s)
2 Unavailable",Exclusive Audio Footage,"(1994) (Clipse is formed with No Malice)
(04/28/1999) (""Exclusive Audio Footage"" intended release date, got shelved instead)",,,,,,
Exclusive Audio Footage,"Thief in the Night
(feat. Pharrell Williams & Tracy) (prod. The Neptunes)","Apparently one of the first songs rapped by Pusha T and Malice, featuring vocals from Pharrell Williams and ""this girl named Tracy"". Recorded at what was Chad's house at this time.

""One day, my brother was there at Chad’s house and he decided that he was going to take a stab at rapping. We did a song together and it was called “Thief in the Night.” The song featured me, my brother, Pharrell, and this girl named Tracy. We thought it was a really good song. What really sparked the fire was the fact that – when we did our first few songs – we would go to New York to shop them to record companies and talk to A&Rs and just to be on the verge of getting a yes or no from them was a high for us.""",,,,Confirmed,Not Available,https://daily.redbullmusicacademy.com/2015/04/origin-stories-the-neptunes
Exclusive Audio Footage,??? [First Few Songs],"Likely based on the Neptunes Origin Story interview, there are more earlier songs, it's unknown if any of these were put on ""Exclusive Audio Footage"".",,,,Confirmed,Not Available,https://daily.redbullmusicacademy.com/2015/04/origin-stories-the-neptunes
Exclusive Audio Footage,"Latrelle - I Want U
(feat. Terrar) (prod. The Neptunes)","Recorded in 1998 for her shelved debut album 'Dirty Girl, Wrong Girl, Bad Girl'. Features a then-unknown Pusha T (under his previous alias Terrar). Leaked on September 6, 2012.",4:52,,"Sep 6, 2012",Full,High Quality,https://pillows.su/f/339bec6964d2e17982d2353d6c207ac3
Exclusive Audio Footage,"Latrelle - You Don't Even Know (Da Da Da)
(prod. The Neptunes)
(You Don't Even Know)","For Latrelle's shelved debut ""Dirty Girl, Wrong Girl, Bad Girl"". Same beat as ""You Don't Even Know"" from ""Exclusive Audio Footage"".",3:54,,,Full,High Quality,https://pillows.su/f/e9af3bda081936e169952561d1823ac9
"1 Full
0 Tagged
0 Partial
0 Snippet(s)
6 Unavailable",Lord Willin',"(04/28/1999) (""Exclusive Audio Footage"" intended release date, got shelved instead)
(08/20/2002) (""Lord Willin'"" is released)",,,,,,
Lord Willin',"God Damn [V1]
(prod. The Neptunes)
(Cot Damn, Hot Damn)","""Cot Damn"" was originally ""God Damn"" before they would 'remix' the track featuring Ab-Liva & Rosco P. Coldchain and changed the name to ""Cot Damn"". They opted on this because the name was ""trying to get the record played in the bible belt.""",,,,Confirmed,Not Available,https://www.complex.com/music/a/insanul-ahmed/pusha-t-essentials-songs
Lord Willin',"JAY-Z - ??? [V1]
(prod. The Neptunes)
(Grindin')","Originally, the beat for ""Grindin'"" would've been given to JAY-Z if Clipse didn't get to the studio. Revealed in a Complex interview.

""I remember being at home and Pharrell saying, ‘Listen, I got this record and if you don’t come to the studio right now I’m gonna give this record to Jay-Z.’""",,,,Confirmed,Not Available,https://www.complex.com/music/a/insanul-ahmed/pusha-t-essentials-songs
Lord Willin',"Grindin' [V2-V4]
(prod. The Neptunes)","Pusha T stated in a Complex interview: ""I think I wrote [Grindin'] at least three times.""",,,,Confirmed,Not Available,https://www.complex.com/music/a/insanul-ahmed/pusha-t-essentials-songs
Lord Willin',"I'm Not You [V1]
(feat. Jadakiss & Styles P) (prod. The Neptunes)","In a June 3, 2002 MTV article, the tracklist shows I'm Not You having only Jadakiss & Styles P.",,,,Confirmed,Not Available,https://web.archive.org/web/20100323050321/http://www.mtv.com/news/articles/1454978/20020603/clipse.jhtml
Lord Willin',Who Shot Ya '02 (Freestyle),"Freestyle over ""Who Shot Ya"" by The Notorious B.I.G.",1:49,,,Confirmed,Not Available,
Lord Willin',"N.E.R.D - Lapdance
(ref. Malice) (prod. The Neptunes)","Malice is listed as a writer alongside Pharrell Williams & Chad Hugo, likely having written Lee Harvey's verse, meaning a reference track likely exists.",,,,Confirmed,Not Available,
Lord Willin',"Philly's Most Wanted - Cocoa Leaf
(feat. Clipse, Rosco P. Coldchain & Fam-Lay) (prod. The Neptunes)
(No Relief)","Throwaway made during the sessions for ""Get Down or Lay Down"".",4:27,,,Full,CD Quality,https://pillows.su/f/de85c77933b1af1f1dac594b94c6c527
"9 Full
0 Tagged
1 Partial
0 Snippet(s)
11 Unavailable",Hell Hath No Fury,"(08/20/2002) (""Lord Willin'"" is released)
(09/28/2006) (""Hell Hath No Fury"" is released)",,,,,,
Hell Hath No Fury,"Hell Hath No Fury [V1]
(prod. The Neptunes)","An earlier version of ""Hell Hath No Fury"" exists, but was scrapped after label turmoil.",,,,Confirmed,Not Available,
Hell Hath No Fury,"Keys Open Doors [V1]
(prod. The Neptunes)","""Keys Open Doors"" originally had no hook.",,,,Confirmed,Not Available,https://www.complex.com/music/a/insanul-ahmed/pusha-t-essentials-songs
Hell Hath No Fury,"Itchin' To Get Ya
(feat. Rosco P. Coldchain & Pharrell Williams) (prod. The Neptunes)","Possibly for the original version of ""Hell Hath No Fury"". Released on June 13, 2006 through the ""We Got The Remix"" mixtape.",2:52,,,Full,High Quality,https://pillows.su/f/67a59ec5fe021e9a5da7c0f6182e4319
Hell Hath No Fury,"Lil' G's
(feat. Pharrell Williams & Philly's Most Wanted) (prod. The Neptunes)","Possibly from the earlier version of ""Hell Hath No Fury"". Released on June 13, 2006 through the ""We Got The Remix"" mixtape.",2:23,,"Jun 13, 2006",Full,High Quality,https://pillows.su/f/c1c1be55b2b46397d5d51ed07b0ec1d6
Hell Hath No Fury,"JAY-Z - ??? [V1]
(prod. The Neptunes)
(I'm So Obnoxious, Momma I'm So Sorry)","The beats for ""Momma I'm So Sorry"", ""Ride Around Shining"", ""We Got It For Cheap"" and ""Chinese New Year"" were intended for JAY-Z. Unknown if he ever recorded on them.",,,,Confirmed,Not Available,https://www.complex.com/music/a/insanul-ahmed/pusha-t-essentials-songs
Hell Hath No Fury,"I'm So Obnoxious [V2]
(prod. The Neptunes)
(Momma I'm So Sorry)","In an article, Pusha T mentioned that ""Momma I'm So Sorry"" was originally called ""I'm So Obnoxious"".",,,,Confirmed,Not Available,https://ew.com/article/2005/12/16/clipses-comeback-what-expect/
Hell Hath No Fury,Say It Is,"Throwaway during ""Hell Hath No Fury"" sessions.",1:05,,"Jun 26, 2021",Full,CD Quality,https://pillows.su/f/9bfa11d210ea45bd8bc7ea1dc5d959a0
Hell Hath No Fury,"???
(prod. Kanye West)",Said by Consequence to exist. A beat made for Clipse that had an uncleared sample.,,,,Confirmed,Not Available,https://www.youtube.com/watch?v=DUffZkIJ6jU
Hell Hath No Fury,"88-Keys - ??? [V1]
(prod. 88-Keys)
(Diet Coke)","The beat for ""Diet Coke"" was made 18 years ago by 88-Keys for their album, ""The Makings of Crack-Cocaine.""

“I made the beat [for ""Diet Coke""] 18 years ago. It was an interlude that I made for my beat tape,” “And the name of my beat tape was ""The Makings Of Crack-Cocaine"".""",,,,Confirmed,Not Available,https://hiphopdx.com/news/id.67892/title.producer-88-keys-reveals-18-year-old-origin-of-pusha-ts-diet-coke-beat
Hell Hath No Fury,"Aura Jackson - Crazy [V2]
(feat. Kanye West & Clipse) (prod. Kanye West)
(Fuck The Money)","Song by Taura made in 2002 featuring Kanye and Clipse. Samples the song ""River"" by Joni Mitchell. Was supposed to be released as Aura's first single, but Joni Mitchell wouldn't clear the sample and it ended up never releasing. The beat would later be given to B.o.B for the song ""Fuck The Money"".",,,,Full,High Quality,
Hell Hath No Fury,"JAY-Z - ??? [V1]
(prod. The Neptunes)
(Ride Around Shining)","The beats for ""Momma I'm So Sorry"", ""Ride Around Shining"", ""We Got It For Cheap"" and ""Chinese New Year"" were intended for JAY-Z. Unknown if he ever recorded on them.",,,,Confirmed,Not Available,https://www.complex.com/music/a/insanul-ahmed/pusha-t-essentials-songs
Hell Hath No Fury,"JAY-Z - ??? [V1]
(prod. The Neptunes)
(We Got It For Cheap)","The beats for ""Momma I'm So Sorry"", ""Ride Around Shining"", ""We Got It For Cheap"" and ""Chinese New Year"" were intended for JAY-Z. Unknown if he ever recorded on them.",,,,Confirmed,Not Available,https://www.complex.com/music/a/insanul-ahmed/pusha-t-essentials-songs
Hell Hath No Fury,"JAY-Z - ??? [V1]
(prod. The Neptunes)
(Chinese New Year)","The beats for ""Momma I'm So Sorry"", ""Ride Around Shining"", ""We Got It For Cheap"" and ""Chinese New Year"" were intended for JAY-Z. Unknown if he ever recorded on them.",,,,Confirmed,Not Available,https://www.complex.com/music/a/insanul-ahmed/pusha-t-essentials-songs
Hell Hath No Fury,"Justin Timberlake - Like I Love You [V1]
(feat. Clipse) (ref. Pharrell Williams) (prod. The Neptunes)",Reference track done by Pharrell Williams for Justin Timberlake.,,,,Full,Recording,https://pillows.su/f/4e46c43aedb4a571d1faf56b9cfad156
Hell Hath No Fury,"Justin Timberlake - Like I Love You [V2]
(feat. Clipse) (prod. The Neptunes)","An open verse version of Justin Timberlake was done in ""three or four hours"".",,,,Confirmed,Not Available,https://www.revolt.tv/article/2020-06-12/75236/studio-sessions-andrew-coleman-on-helping-make-the-neptunes-classics-missy-elliotts-creativity-and-more
Hell Hath No Fury,"Kardinal Offshore - Set It Off (Remix)
(feat. Dr. Dre & Clipse) (prod. Boi-1da)","Remix of ""Set It Off"" by Kardinal Offishore with Dr. Dre on the second verse and a combined Pusha T & Malice verses as the third. Remixed by Dre after being sent the music video by DJ Skee. Slim The Mobster does backing vocals during Dre's verse.",4:20,,"Dec 15, 2008",Full,High Quality,https://pillows.su/f/55c5d06ed5051975d5e7cbfd067e5655
Hell Hath No Fury,"N.E.R.D. - ???
(feat. Pusha T)","Track made during the ""In My Mind"" sessions, said by Gamma to go under a fake name.",,,,Rumored,Not Available,N/A
Hell Hath No Fury,"Ol' Dirty Bastard - Operator [V1]
(prod. The Neptunes)","Original version of ""Operator"" by Ol' Dirty Bastard with two extra verses, which would later be replaced by Clipse on the released version.",,,,Full,CD Quality,https://www.youtube.com/watch?v=OhVzMa3GAcs
Hell Hath No Fury,"Pharrell Williams - Frontin' (Remix #1)
(feat. Malice) (prod. The Neptunes)","Version of ""Frontin'"" by Pharrell Williams featuring Malice, performed at BET in 2003. Partial footage was shown on December 7, 2024 via ditc4eva94returns' Instagram. Unknown if a studio version exists or if this is even a remix or a version before JAY-Z got on the track.",,,"Dec 7, 2024",Partial,Recording,https://pillows.su/f/8659edf428dad9984e47a5a9289566d4
Hell Hath No Fury,"Rosco P. Coldchain - New Banger (Exclusive)
(feat. Pharrell Williams, Pusha T & Boo-Bonic) (prod. The Neptunes)
(Hot, This Beat Is Hot)","Track for Rosco P. Coldchain's shelved debut album ""Hazardous Life"". Later added to ""The Neptunes Presents... Clones"" without Pharrell's verse.",5:56,,,Full,CD Quality,https://pillows.su/f/fbbc4452f77d9e5f2e4ea6b3cfa6cab1
Hell Hath No Fury,"Rosco P. Coldchain - Don't Take It Personal
(feat. Pusha T) (prod. The Neptunes)","Track for Rosco P. Coldchain's shelved debut album ""Hazardous Life"".",4:23,,,Full,CD Quality,https://pillows.su/f/7bdf103eacfc6c468b0ce49e1a35e2bf
"3 Full
0 Tagged
1 Partial
0 Snippet(s)
5 Unavailable",Til the Casket Drops,"(09/28/2006) (""Hell Hath No Fury"" is released)
(12/08/2009) (""Til the Casket Drops"" is released)",,,,,,
Til the Casket Drops,"All Eyes On Me
(feat. Pharrell Williams & Keri Hilson) (prod. The Neptunes)",Has a proper intro and alternate mixing.,3:36,,,Full,High Quality,https://pillows.su/f/60e720a81e17d291864891c86ade4034
Til the Casket Drops,"??? [V1]
(prod. DJ Khalil)
(Kinda Like a Big Deal)",The original instrumental was 10 minutes long and was chopped to make the actual beat.,,,,Confirmed,Not Available,https://www.youtube.com/watch?v=kBzVn0ivlu8&t=80s
Til the Casket Drops,"Kinda Like a Big Deal [V2-V4]
(feat. Kanye West) (prod. DJ Khalil & Chin Injeti)","Different mixes exist as it was ""hard to mix"" and they had to mix it four different times, two mixes are from Mike Dean and Steve Baughman. DJ Khalil did the final mix.",,,,Confirmed,Not Available,https://www.youtube.com/watch?v=CJ82n-Sb4Rw&t=3133s
Til the Casket Drops,"Raid
(feat. 50 Cent & Pharrell Williams) (prod. The Neptunes)","A DJ Whoo Kid interview revealed ""Raid"" was finished prior to ""Fear Of God"". Unknown what differences it had.",,,,Confirmed,Not Available,https://theneptunes.org/2011/03/pusha-t-s-raid-is-a-former-50-cent-tune-from-2007/
Til the Casket Drops,"Showing Out (Remix)
(feat. Drake) (prod. The Neptunes)","Remix of Showing Out, featuring Drake. At a 2009 Sony media event, Clipse revealed information about ""Til the Casket Drops"", revealing outside production from The Neptunes and features, which included Drake. The album on release does not have a Drake feature, likely due to issues between Clipse and Young Money.",,,,Confirmed,Not Available,"https://www.xxlmag.com/clipse-to-drop-casket-in-october/
https://theneptunes.org/2010/01/clipse-at-the-playboy-mansion-on-nye/"
Til the Casket Drops,"Common - Touch It [V1]
(ref. Kanye West) (prod. Kanye West)","OG Filename: Touch It Kanye Ref Hook RUFF
Hook reference intended for ""Finding Forever"" by Common. Pusha T later rapped over this file on ""Fear Of God"". Bounced on iTunes v6.0.4, meaning it was made before March 1, 2006.",3:31,,"Dec 22, 2022",OG File,CD Quality,
Til the Casket Drops,"Common - Touch It [V2]
(ref. Kanye West) (prod. Kanye West)","OG Filename: Touch It Ruff
Alternate mix of V1.",3:31,"Feb 3, 2006","Jul 15, 2025",OG File,Lossless,
Til the Casket Drops,"Kanye West - Touch It [V3]
(prod. Kanye West)","Title seen in the music video for ""Good Morning"" by Kanye West. Differences unknown.",,,,Confirmed,Not Available,
Til the Casket Drops,"Fam-Lay - No Time For No's
(feat. Pharrell Williams & Clipse) (prod. The Neptunes)","Meant for Fam-Lay's second shelved debut album ""Dat Missile"", leaked on June 29, 2007.",4:25,,"Jun 29, 2007",Full,High Quality,https://pillows.su/f/84cabc177187a6a3571797bd4214b11a
Til the Casket Drops,"Kanye West - Flashing Lights (Clipse Remix)
(feat. Clipse & Dwele) (prod. Kanye West)","An early remix from the ""Graduation EP"" of ""Flashing Lights"" that featured Clipse and Dwele. Clipse vocals later used for ""Mic Check"".",5:43,,,Full,CD Quality,https://pillows.su/f/560903206c823c5f3d62fea892fa728b
Til the Casket Drops,"N.E.R.D. - Everybody Nose (All The Girls Standing In The Line For The Bathroom) (Remix) 
(feat. Kanye West, Lupe Fiasco & Pusha T) (prod. The Neptunes)","Early version of ""Everybody Nose (Remix) in a recording by Consequence. ""On fire"" line is missing and the synth is missing on Pusha T's verse.",,,,Partial,Recording,https://www.youtube.com/watch?v=2ZY-8Botk28&ab_channel=ConstotheQuence
"3 Full
2 Tagged
0 Partial
4 Snippet(s)
9 Unavailable","Fear Of God
(by Pusha T)","(12/08/2009) (""Til the Casket Drops"" is released)
(2010) (Clipse splits, Pusha T signs to G.O.O.D Music)
(03/21/2011) (""Fear Of God"" releases)",,,,,,
Fear Of God,"Kanye West - Blame Game [V5]
(feat. Pusha T & John Legend)","Pusha T being featured on ""Blame Game"" was mentioned in a promotional CD tracklist for ""My Beautiful Dark Twisted Fantasy"", confirmed by the October 2010 tracklist on iTunes.",,,,Confirmed,Not Available,"https://hypebeast.com/2018/11/bonus-tracks-added-to-my-beautiful-dark-twisted-fantasy 
https://www.billboard.com/music/music-news/kanye-west-fantasy-tracklist-leaked-on-itunes-952499/"
Fear Of God,"Kanye West - Christian Dior Denim Flow
(feat. Kid Cudi, Pusha T, John Legend, Lloyd Banks & Ryan Leslie) (prod. Kanye West)",Full OG file for a throwaway track.,7:03,,"Nov 9, 2020",OG File,CD Quality,https://pillows.su/f/850fd7868836817253c9ba39fc6620e7
Fear Of God,"Kanye West - Hard Horn Nightmare [V3]
(feat. Pusha T) (prod. Kanye West)
(Live Fast, Die Young)","A version of ""Hard Horn Nightmare"" with Pusha T is said to exist by Alek.",,,,Confirmed,Not Available,N/A
Fear Of God,"Kanye West - Lost In The World [V5]
(ref. Pusha T) (feat. Bon Iver) (prod. Kanye West & Jeff Bhasker)","Pusha T said he recorded for ""Lost in the World"" in a November 2011 interview.",,,,Confirmed,Not Available,https://web.archive.org/web/20111108030605/http://pusha-t.com/2011/11/pusha-t-talks-the-difference-between-working-with-kanye-and-pharrell-and-writing-his-im-so-appalled-verse/
Fear Of God,Kanye West - Runaway [V9-V50+],"It's said that there are ""over 50 OG versions"" in the sessions for ""Runaway"" with different bounces, alongside unused Kid Cudi vocals and Pusha T. Snippet leaked on May 31, 2024.",,,"May 31, 2024",Snippet,Lossless,https://pillows.su/f/28833a360adeadf77c1cc7d247ed200c
Fear Of God,"Kanye West - Runaway [V51]
(feat. Pusha T & The WRLDFMS Tony Williams) (prod. Kanye West)","OG Filename: Runaway 4.4 RUFF
Early rough mix with alternate production and alternate Pusha T verse.",5:53,"Apr 4, 2010","Jan 9, 2024",Full,CD Quality,https://pillows.su/f/7c0d978a4a9c48cc64f7c63e0726b9ba
Fear Of God,"Kanye West - Runaway [V52-V55]
(feat. Pusha T)","Pusha T had to record his verse four times because Kanye didn't think he was being ""mean enough"" for the concept of the track.",,,,Confirmed,Not Available,https://youtu.be/HzeelIaXDS0?t=136
Fear Of God,"Kanye West - Runaway [V56]
(feat. Pusha T, The WRLDFMS Tony Williams & The-Dream) (prod. Kanye West, Jeff Bhasker, MIKE DEAN & Emile)",Unfinished and unmastered leak.,5:38,,,Full,CD Quality,https://pillows.su/f/f359ae5ce84ba54dd1a706ef876947cb
Fear Of God,"Kanye West - Runaway [V57]
(feat. Pusha T, The WRLDFMS Tony Williams & The-Dream) (prod. Kanye West, Jeff Bhasker, MIKE DEAN & Emile)","Demo version included within the Record4Hype zip. Similar to the previously leaked demo, but has the vocoder outro.",9:11,,"Jul 27, 2020",Tagged,High Quality,https://pillows.su/f/7214986b590502207abdbd6d445b4835
Fear Of God,"Kanye West - Runaway [V58]
(feat. Pusha T, The WRLDFMS Tony Williams & The-Dream) (prod. Kanye West, Jeff Bhasker, MIKE DEAN & Emile)","OG Filename: Runaway Feat. Pusha T - KW
Version seen on the tracklist shown by @dp16.",9:02,,,Confirmed,Not Available,N/A
Fear Of God,"Kanye West - I'm So Appalled [V4]
(feat. Pusha T) (prod. No I.D.)
(So Appalled)","Version confirmed to exist by Pusha T and CyHi, which only had Pusha T. Likely had open verses, and was the version CyHi recorded over. It's possible that this could be the same as the Record4Hype version, but that remains unknown.",,,,Confirmed,Not Available,https://hiphopdx.com/news/id.21630/title.pusha-t-says-his-verse-on-kanye-wests-so-appalled-is-his-personal-favorite
Fear Of God,"Kanye West - So Appalled [V5]
(ref. CyHi) (feat. Pusha T) (prod. No I.D.)
(I'm So Appalled)","CyHi was supposed to record a ""short hook"", but recorded a verse instead, while Kanye was asleep. Was recorded on the version with only Pusha T vocals.",,,,Confirmed,Not Available,https://www.youtube.com/watch?v=zrpMihSD3uI
Fear Of God,"Kanye West - So Appalled [V6]
(feat. Pusha T, RZA & CyHi) (prod. No I.D.)
(I'm So Appalled)","Demo found in the Record4Hype zip folder. Doesn't include Swizz's or JAY-Z's parts, while CyHi's ""fuckin' ridiculous"" part is a bit rougher. There is a different vocal take on Pusha T's verse, and Kanye raps part of RZA's outro.",4:41,,"Jul 27, 2020",Tagged,High Quality,https://pillows.su/f/cdbaacd6064393e1299dadc07ee9f4c1
Fear Of God,"Lloyd Banks - Start It Up [V3]
(feat. Fabolous, Kanye West, Swizz Beats, Ryan Leslie & Pusha T) (prod. Cardiak)",Version with a scrapped Pusha T verse. Previewed by DJ Kast One on Hot97 radio in October 2010.,,,"Oct 17, 2010",Snippet,High Quality,"https://web.archive.org/web/20200811131342/http://www.missinfo.tv/index.php/exclusive-pusha-ts-lost-verse-on-lloyd-banks-start-it-up-dj-kast-one-debut/
https://pillows.su/f/806ca149e6aa8b95f6903844f68595f5"
Fear Of God,"Kanye West - Take One For The Team
(feat. Pusha T & Kid Cudi)",Early version with Kid Cudi that was not on release. Snippet leaked August 13th 2024.,,,"Aug 13, 2024",Snippet,CD Quality,https://pillows.su/f/8e48495bb84b9f54ea79f1912398009b
Fear Of God,"Kareem - Arm Piece
(ref. Pusha T) (feat. Pharrell Williams) (prod. The Neptunes)","Recorded in 2009. The track was thought to be a track Pusha T made for Fear Of God but it would eventually be revealed by Steven Victor, in two now deleted tweets, that the track was made for Kareem, one of the people who produced Vashtie's Us Placers music video. Interpolates 'Who Is He (And What Is He to You)?' by Bill Withers. Tagged version leaked 10/19/2010 then, untagged version leaked the day after. I doubt he recorded anything on it but who knows. true art btw.",3:20,,"Oct 20, 2010",Full,CD Quality,https://pillows.su/f/fb797604296a3ce673281192f48f9871
Fear Of God,"Kid Cudi - ???
(feat. Pusha T)","Finished throwaway featuring Pusha T said to have been made during the Sessions for ""Man On The Moon II: The Legend of Mr. Rager."" Snippet shared by Designer.",,,,Snippet,High Quality,https://pillows.su/f/031f4bffeceb0fc76a4595e2cb7572c8
Fear Of God,Unknown [Kanye West Collaborations],"Pusha T said he did 7 verses, 2 of which were kept. He may be referring to either of these songs, which actually account for 8 verses:
* ""Runaway""
* ""So Appalled""
* ""Lost In The World""
* ""Blame Game""
* ""Take One For The Team""
* ""Good Friday""
* ""Christian Dior Denim Flow""
* ""Looking For Trouble""",,,,Confirmed,Not Available,N/A
Fear Of God,Unknown [Ryan Leslie Collaboration],"Pusha T posted a studio picture with him, Ryan Leslie & a few others. Unknown if anything came out of this.",,,,Rumored,Not Available,https://web.archive.org/web/20110312104812/http://pusha-t.com/2011/03/06/studio-with-ryan-leslie/
"0 Full
0 Tagged
0 Partial
0 Snippet(s)
1 Unavailable","Hear Ye Him
(by Malice under No Malice)","(12/08/2009) (""Til the Casket Drops"" is released)
(2009-2010) (Clipse splits)
(08/18/2013) (""Hear Ye Him"" releases)",,,,,,
Hear Ye Him,"Bow Down No Mo' [V1]
(feat. Bun B) (prod. Nando Pro)","In an XXL interview, No Malice is quoted that ""Bow Down No Mo'"" is going to be a single featuring Bun B, but on release, Bun B was never featured. Unknown if he ever recorded.",,,,Confirmed,Not Available,https://www.xxlmag.com/no-malice-talks-here-ye-him-solo-album/
"1 Full
0 Tagged
0 Partial
0 Snippet(s)
0 Unavailable","Fear Of God II: Let Us Pray
(by Pusha T)","(03/21/2011) (""Fear Of God"" releases)
(11/08/2011) (""Fear Of God II: Let Us Pray"" releases)",,,,,,
Fear Of God II: Let Us Pray,"Tyler, the Creator - Chewbacca [V1]
(feat. Hodgy Beats) (prod. Tyler, the Creator)
(Oooh)","Original version of ""Oooh"" with no Ab-Liva and a second Hodgy Beats verse.",3:41,,"Dec 28, 2022",Full,High Quality,https://pixeldrain.com/u/A3q1zfUk
"1 Full
0 Tagged
0 Partial
0 Snippet(s)
10 Unavailable","My Name Is My Name
(by Pusha T)","(2011) (""My Name Is My Name"" recording sessions start)
(01/28/2013) (""Wrath of Caine"" releases)
(10/08/2013) (""My Name Is My Name"" releases)",,,,,,
My Name Is My Name,"I Am [V1]
(feat. The Weeknd) (prod. Travis Scott, Mano & Kanye West)
(Who I Am)","Said to exist by Pusha T - ""The Weeknd recorded [for] it, but ended up not being on it"".",,,,Confirmed,Not Available,N/A
My Name Is My Name,"I Am [V2]
(feat. 2 Chainz, Big Sean & Kanye West) (prod. Travis Scott, Mano & Kanye West)
(Who I Am)","Mentioned by Pusha T in an interview with HOT 107.9 before the release of My Name Is My Name, saying that he was ""waiting for Ye to finish his verse"". Confirmed by Pharaohxx afterwards to have production from Travis Scott, which is unknown if it ever went on the final track. Most likely originated as Kanye's track first, but what exactly that version was is unknown and unconfirmed.",,,,Confirmed,Not Available,"https://hiphopdx.com/news/id.23417/title.pusha-t-confirms-my-name-is-my-name-single-features-kanye-west-reacts-to-lil-wayne-seizures
https://imgur.com/Bwa5XRc"
My Name Is My Name,"Nosetalgia [V1]
(prod. Kanye West, Nottz & The Twilite Tone)",Solo version said to exist by Pusha T.,,,,Confirmed,Not Available,N/A
My Name Is My Name,"Numbers on the Boards [V1]
(prod. Don Cannon & 88-Keys)","Pusha T has said that ""the second verse was [originally] the first verse. The song originally started with the [JAY-Z - Rhyme No More] sample. This was all manipulated after I gave Ye the record"".",,,,Confirmed,Not Available,N/A
My Name Is My Name,"Pain [V1]
(prod. Kanye West & No I.D.)","Version said to exist by Pusha T, ""the verses were switched and chopped. There were bars before '18 wheeler gorillas!' I don't even remember the first line. It was a lot [of chopping]"". Was made before Future got on the track.",,,,Confirmed,Not Available,https://genius.com/2488555
My Name Is My Name,"Pain [V2]
(ref. Kanye West) (prod. Kanye West & No I.D.)",Future said a mumble Kanye demo was recorded.,,,,Confirmed,Not Available,https://www.youtube.com/watch?v=vvJ1CLVHayQ
My Name Is My Name,"Pain [V3]
(feat. Future) (prod. Kanye West & No I.D.)","Future said he freestyled over the beat, in a session at Kanye's house.",,,,Confirmed,Not Available,https://www.youtube.com/watch?v=vvJ1CLVHayQ
My Name Is My Name,"Pain [V4]
(feat. Future) (prod. Kanye West & No I.D.)","Future said the intro was a lot simpler originally, but Kanye added some some harsher piano and made the intro a lot ""darker"".",,,,Confirmed,Not Available,https://www.youtube.com/watch?v=vvJ1CLVHayQ
My Name Is My Name,"Pain [V5]
(feat. Future) (prod. Kanye West & No I.D.)","OG Filename: Pain M 3.2
Has different drums to release.",4:10,"Feb 3, 2012","Dec 23, 2022",OG File,CD Quality,https://pillows.su/f/cf11e4f7e9c93537029f48cb38f4c2c9
My Name Is My Name,"Sweet Serenade [V1]
(ref. ???) (prod. Kanye West & Swizz Beatz)","According to Pusha T, Swizz Beatz had someone do a reference for the chorus, later replaced with Chris Brown.",,,,Confirmed,Not Available,N/A
My Name Is My Name,"Sweet Serenade [V2]
(feat. Chris Brown) (prod. Kanye West & Swizz Beatz)","Version with a different take on the hook, unmixed vocals, and different mixing on the drums.",3:39,,,Full,CD Quality,https://pillows.su/f/d88d662b5352026c61304e15ccbbc741
My Name Is My Name,Unknown [Kid Cudi Collaborations],A somewhat trustworthy insider of Kid Cudi stated there are unheard collaborations between Pusha T & Kid Cudi.,,,,Rumored,Not Available,
"3 Full
0 Tagged
0 Partial
1 Snippet(s)
25 Unavailable","Wrath of Caine
(by Pusha T)","(11/08/2011) (""Fear Of God II: Let Us Pray"" releases)
(11/20/2012) (""Wrath of Caine"" is announced)
(01/28/2013) (""Wrath of Caine"" releases)",,,,,,
Wrath of Caine,"310
(feat. Kanye West)","OG Filename: 310 Feat. Kanye
Screenshot of Pusha T's Wrath of Caine mixtape shows a track with a cut Kanye feature. Posted to Twitter on January 2013.",2:45,,,Confirmed,Not Available,https://x.com/PUSHA_T/status/292503719822639104
Wrath of Caine,"51,000 FEET","OG Filename: 51,000 FEET
Throwaway from Wrath of Caine. Solo track.",3:44,,,Confirmed,Not Available,https://x.com/PUSHA_T/status/292503719822639104
Wrath of Caine,Ain't Em,"OG Filename: Aint' eM
Wrath of Caine-era rough throwaway.",3:43,,,Confirmed,Not Available,https://x.com/PUSHA_T/status/292503719822639104
Wrath of Caine,"Burned Down
(feat. Ab-Liva)","OG Filename: 10 Liva - Burned Down
Could an earlier version of ""Re-Up Gang Motivation"" due to similar length and an Ab-Liva feature.",1:39,,,Confirmed,Not Available,https://x.com/PUSHA_T/status/292503719822639104
Wrath of Caine,"It Doesn't Matter
(feat. French Montana)
(Doesn't Matter)","OG Filename: 4 It Doesn't Matter - French (Don...
Possibly rough version of It Doesn't Matter.",3:27,,,Confirmed,Not Available,https://x.com/PUSHA_T/status/292503719822639104
Wrath of Caine,"Mercy
(prod. Bink)","OG Filename: Bink - Mercy
Track that is listed on the January 18, 2013 copy of ""Wrath of Caine"", unknown if its an earlier version of ""I Am Forgiven"" or if its an entirely different track.",3:34,,,Confirmed,Not Available,https://x.com/PUSHA_T/status/292503719822639104
Wrath of Caine,"Millions in the Ceilin'
(Millions)","OG Filename: 2 Millions in the Ceilin'
Unknown why, but this version is 4 seconds longer.",5:10,,,Confirmed,Not Available,https://x.com/PUSHA_T/status/292503719822639104
Wrath of Caine,Plush Lives [V1],"Version with the tag, may or may not exist according to the OG filename for ""Plush Lives"" [V2].",,,,Confirmed,Not Available,https://x.com/PUSHA_T/status/292503719822639104
Wrath of Caine,"Plush Lives [V2]
(prod. S1)","OG Filename: S1 - Plush Lives no tag
Possible Wrath of Caine-era throwaway. Likely contains production from S1.",3:0?,,,Confirmed,Not Available,https://x.com/PUSHA_T/status/292503719822639104
Wrath of Caine,"Power
(prod. Dreddy)","OG Filename: 1 Dreddy Power Bounce (Rough)
Wrath of Caine-era unfinished throwaway.",1:52,,,Confirmed,Not Available,https://x.com/PUSHA_T/status/292503719822639104
Wrath of Caine,"Ready
(feat. Manny Fresh)","OG Filename: Ready - Feat. Manny Fresh Beat...
Wrath of Caine-era throwaway. Features Manny Fresh.",3:46,,,Confirmed,Not Available,https://x.com/PUSHA_T/status/292503719822639104
Wrath of Caine,Revolution,"OG Filename: Pusha Revolution CH 12.5.11...
A solo version of ""Revolution"" dated December 5, 2011. Could be either track 21 or 22.",1:42?,"Dec 5, 2012",,Confirmed,Not Available,https://x.com/PUSHA_T/status/292503719822639104
Wrath of Caine,"Take My Life
(feat. Andrea Martin) (prod. Jake One)","OG Filename: Pusha Andrea Jake1 (Done Rough...
Possible rough version of ""Take My Life"". A little longer than the released version.",3:24,,,Confirmed,Not Available,https://x.com/PUSHA_T/status/292503719822639104
Wrath of Caine,"🥇 Wrath of Caine [January 18, 2013 Copy]",A 22-track copy of Wrath of Caine shown on Twitter before it was cut down to simply 11 tracks.,~80:00,,,Confirmed,Not Available,https://x.com/PUSHA_T/status/292503719822639104
Wrath of Caine,"???
(prod. Rico Beats)
(BANG808)","OG Filename: BANG808
Unnamed Wrath of Caine-era throwaway that is simply titled BANG808. Tagged artist is Rico Beats, who produced ""Millions"" on the final release.",4:14,,,Confirmed,Not Available,https://x.com/PUSHA_T/status/292503719822639104
Wrath of Caine,"???
(WWAR)","OG Filename: WWAR
Unknown Wrath of Caine-era throwaway.",3:53,,,Confirmed,Not Available,https://x.com/PUSHA_T/status/292503719822639104
Wrath of Caine,"???
(siz56)","OG Filename: siz56
Unknown Wrath of Caine-era throwaway.",,,,Confirmed,Not Available,https://x.com/PUSHA_T/status/292503719822639104
Wrath of Caine,"???
(SIZZ EFX IDEA)","OG Filename: SIZZ EFX IDEA...
Unknown Wrath of Caine-era throwaway. Might be similar to ""siz56"".",,,,Confirmed,Not Available,https://x.com/PUSHA_T/status/292503719822639104
Wrath of Caine,???,"There are 22 songs on the January 18, 2013 copy of ""Wrath of Caine"" with two tracks being completely unseen on the tracklist itself, but the current track playing is not shown and could be either track 21 or 22, leaving one other song completely unknown.",,,,Confirmed,Not Available,https://x.com/PUSHA_T/status/292503719822639104
Wrath of Caine,"Kanye West - Clique [V2]
(perf. Big Sean, Pusha T & ???) (prod. Hit-Boy)","Hit-Boy stated in a Genius annotation that Pusha T originally had a verse on ""Clique"". The verse was later reused for Hit-Boy's song ""Bussin Moves"" released in 2015. Unknown who else is featured on this version, but it most likely contains at least Big Sean.",,,,Confirmed,Not Available,https://genius.com/7730311
Wrath of Caine,"Kanye West - Don't Like.1 [V2]
(perf. Kanye West, Chief Keef & Pusha T) (prod. Young Chop, Kanye West, The Twilite Tone & Noah Goldstein)","Has no verses from Jadakiss or Big Sean. Snippet leaked December 22nd, 2022.",,,"Dec 22, 2022",Snippet,Lossless,https://pillows.su/f/9289738528fb2277c8c395e91d11a560
Wrath of Caine,"Kanye West - Don't Like.1 [V3]
(perf. Pusha T & Kanye West) (feat. Chief Keef & Jadakiss) (prod. Young Chop, Kanye West, The Twilite Tone & Noah Goldstein)","Version without the Big Sean feature. Unknown who else is featured on this version, but it most likely contains the released roster.",,,,Confirmed,Not Available,https://hiphopdx.com/news/id.22034/title.big-sean-says-grade-a-rappers-contributed-to-clique-i-dont-like-remix-but-didnt-make-it
Wrath of Caine,"Kanye West - Don't Like.1 [V4]
(perf. Pusha T, Kanye West & Big Sean) (feat. Chief Keef & Jadakiss) (prod. Young Chop, Kanye West, The Twilite Tone & Noah Goldstein)",Extended demo with a longer Pusha T verse.,4:58,,,Full,CD Quality,https://pillows.su/f/6d857e31ce3e66270ef35260abdab34a
Wrath of Caine,"Kanye West - Mercy [V2]
(with Big Sean & Pusha T) (prod. Kanye West & Lifted)
(Mercy.1)","Version from January 2012, with only Big Sean and Pusha T vocals. Said to exist by Lifted.",,,,Confirmed,Not Available,https://www.xxlmag.com/production-credit-lifted-talks-mercy-signing-to-g-o-o-d-music-first-meeting-with-kanye/
Wrath of Caine,"Kanye West - Mercy [V3]
(with Big Sean & Pusha T) (feat. 2 Chainz) (prod. Kanye West & Lifted)
(Mercy.1)","Version with only Big Sean, Pusha T and 2 Chainz vocals. Kanye was the last to record. Said to exist by Lifted.",,,,Confirmed,Not Available,https://www.xxlmag.com/production-credit-lifted-talks-mercy-signing-to-g-o-o-d-music-first-meeting-with-kanye/
Wrath of Caine,"Kanye West - New God Flow [V1]
(with Pusha T) (prod. Kanye West)","Has a slightly different beat and is a Pusha T solo, rapping Kanye's lines that take place during Pusha verses. Debuted in the Cruel Summer film",3:13,,,Full,Recording,https://pillows.su/f/24929afde38adaba91505bedea835465
Wrath of Caine,"Kanye West - New God Flow [V2]
(with Kanye West & Pusha T) (prod. Kanye West, Anthony Kilhoffer & Boogz & Tapez)","OG Filename: New God Flow 14.3
Demo, has a slightly different mix.",4:54,"Mar 14, 2012","Dec 23, 2022",OG File,CD Quality,https://pillows.su/f/4bab33fe2035fb17a0049b86fc580d52
Wrath of Caine,"Kanye West - The Morning (Lunice Remix)
(with Raekwon, Pusha T, Common, 2 Chainz, CyHi, Kid Cudi, D'Banj & Andrea Martin) (feat. Kanye West) (prod. Lunice)",Official Lunice remix.,3:20,,,Full,Lossless,https://pillows.su/f/edd309299bf6f10ce5e397ffa3d1cc9d
Wrath of Caine,"Kanye West - Trash Bags
(with Pusha T & Big Sean) (feat. Common) (prod. Lifted)","Cut ""Cruel Summer"" track mentioned by Pusha T in an interview. Probably unrelated to the 2016 song ""Spaceship"" which has a line that uses the words ""trash bags"".",,,,Confirmed,Not Available,https://web.archive.org/web/20121028175936/http://www.hiphopdx.com/index/news/id.21656/title.pusha-t-says-cruel-winter-is-a-q-tip-Kanye-thing
Wrath of Caine,Unknown [Scrapped Cruel Summer Verses],"Pusha T stated in an interview that he recorded 20 verses for ""Cruel Summer"". Pusha T has 6 verses on the album and was on one known scrapped song, so there were many more verses recorded that were scrapped from songs or made from completely unheard tracks.",,,,Confirmed,Not Available,https://web.archive.org/web/20121028175936/http://www.hiphopdx.com/index/news/id.21656/title.pusha-t-says-cruel-winter-is-a-q-tip-kanye-thing
"3 Full
0 Tagged
1 Partial
1 Snippet(s)
5 Unavailable","King Push – Darkest Before Dawn: The Prelude
(by Pusha T)","(10/08/2013) (""My Name Is My Name"" releases)
(12/18/2015) (""King Push – Darkest Before Dawn: The Prelude"" releases)",,,,,,
King Push – Darkest Before Dawn: The Prelude,"After You [V8]
(feat. John Legend) (prod. Dom $olo)
(Afta U, Coming Home, Reaper)","OG Filename: After You Rough_01
Version with John Legend doing the hook, later replaced by Lauryn Hill when the song was revisited in 2019. Potentially a reference track for Kanye that was repurposed as Pusha's song later on.",3:39,,"Aug 16, 2020",OG File,CD Quality,https://pillows.su/f/7be90ea56ba91c9168d610774f7559c3
King Push – Darkest Before Dawn: The Prelude,"Kendrick Lamar - Black Ambition
(feat. Pharrell Williams) (prod. Pharrell Williams)","OG Filename: Kendrick Lamar Black Ambiton b2b 1.0 Conway 11.2.14 KL REF
Kendrick's extremely unfinished version of Pusha T's unreleased song. Dated November 2nd, 2014. Likely recorded around the same time as ScHoolboy Q's ""Groceries"".",5:28,"Nov 2, 2014","Apr 17, 2023",OG File,CD Quality,https://pillows.su/f/f33f045ac5eb3e498c3d12922c31b8fb
King Push – Darkest Before Dawn: The Prelude,"Black Ambition [V2]
(feat. Pharrell Williams) (prod. Pharrell Williams)","Version of ""Black Ambition"" shown in the credits for the Darkest Before Dawn film.",,,"Dec 17, 2015",Partial,Lossless,https://pillows.su/f/43f799c7c8748e1fce469953b6759b37
King Push – Darkest Before Dawn: The Prelude,"Coming Home [V9]
(prod. Dom $olo & Keyon Christ)
(Afta U, After You, Reaper)","OG Filename (?): Coming Home MTS
Version with additional production by Keyon Christ. Partial snippet for an edit added the Pusha T version's vocals by stems leaked Dec 19th 2019.",3:05,"May 1, 2014","Mar 11, 2024",Stem Bounce,Lossless,https://pillows.su/f/2b70fe97a51a55b06c935fd64e5cabf5
King Push – Darkest Before Dawn: The Prelude,"Heart Is So Cold [V1]
(feat. Future) (prod. Hudson Mohawke)
(Chimes RMX)","OG Filename: Pusha-T ft. Future - Heart Is So Cold
OG Version of Chimes RMX by Hudson Mohawke. This has no Travis Scott or French Montana on it. OG File possibly renamed.",2:29,,"Mar 9, 2026",OG File,CD Quality,https://pillows.su/f/62e5bf35710349f4cfece9c856c2cbd5
King Push – Darkest Before Dawn: The Prelude,"Heart Is So Cold [V2]
(with Future & Kanye West) (prod. Hudson Mohawke)
(Chimes RMX)","OG Filename: Heart Is So Cold Ref (8.15.13)
Pusha T and Future song intended for Cruel Winter. Later released on Hudson Mohawke's Soundcloud in November 2014 with different Future vocals and features from French Montana and Travis Scott, which were also likely recorded during these sessions.",2:29,"Oct 15, 2013","Apr 27, 2026",OG File,CD Quality,https://pillows.su/f/22d274432a84a2f4dc7d4084f3758829
King Push – Darkest Before Dawn: The Prelude,"M.P.A. [V2]
(feat. Kanye West) (prod. Kanye West)
(Money Pussy Alcohol)","OG Filename: MPA - Rough 1
2014 version with mostly different lyrics throughout.",3:30,,"Jun 23, 2024",Full,CD Quality,https://pillows.su/f/2614dfa5b30ea3e1bd695772b5286a9c
King Push – Darkest Before Dawn: The Prelude,"M.P.A. [V3]
(feat. The-Dream, A$AP Rocky & Kanye West) (prod. Kanye West, Che Pope & J. Cole)
(Money Pussy Alcohol)","Originally, the beat on the third verse was not flipped. Pusha T asked J. Cole to flip it, wanting a ""darker"" sound.",,,,Confirmed,Not Available,N/A
King Push – Darkest Before Dawn: The Prelude,"Road To Riches [V1]
(feat. Future) (prod. Baauer)
(Kung Fu)","OG version of the released Baauer song ""Kung Fu"" with a different structure and longer runtime. OG Filename possibly renamed.",3:26,,"Mar 9, 2026",Full,CD Quality,https://pillows.su/f/2e28b3a67258f3d1dd3608f2a1cd4496
King Push – Darkest Before Dawn: The Prelude,"Santeria [V1]
(prod. Kanye West)","OG Filename: Santeria Spanish PushaT Westlake D
Original version intended for King Push. Has an incredibly bare bones instrumental, using basically nothing more than the sample. Samples ""É preciso dar um jeito meu amigo"" by Erasmo Carlos.",3:41,"Mar 8, 2015","Jul 2, 2020",OG File,CD Quality,https://pillows.su/f/e6e8af6918678e5541017a5cf3f88e16
King Push – Darkest Before Dawn: The Prelude,"Santeria [V2]
(prod. Charlie Heat & Kanye West)","Version said to exist by Alek, similar to previous version, but has Charlie Heat drums.",,,,Rumored,Not Available,N/A
King Push – Darkest Before Dawn: The Prelude,"Kanye West - 2 Rihannas [V6]
(ref. Pusha T) (prod. Keyon Christ)
(Mitus Touch)","Version with Pusha T punch-ins replacing vocals explicitly for Rihanna, including the opening line being changed from ""that new Rihanna in the front"" to ""I got two Rihannas out front"". According to a trusted source, this was intended for Kanye's album and no longer Rihanna's song. Title confirmed by a leaked stem from the song. Played at Glastonbury 2015 immediately after ""Pressure"".",,,"Jun 27, 2015",Snippet,Recording,https://pillows.su/f/80122ef20fc2ef076f9b2be3f5e15d5a
King Push – Darkest Before Dawn: The Prelude,"Kanye West - 2 Rihannas [V7]
(ref. Pusha T) (prod. Keyon Christ)
(Mitus Touch)","OG Filename: KW - 2 Rihannas Ref 1 (12.18.15)
Version played for Keyon Christ. Features Pusha T reference vocals that he mistook for a feature, as well as the sample from ""FML"" being worked into the track. Leaked as a bonus for the finished ""Maintenance"" groupbuy.",3:45,"Dec 18, 2015","May 17, 2023",OG File,High Quality,https://pillows.su/f/d9167c70ab850b6345c956b98fd48f58
King Push – Darkest Before Dawn: The Prelude,"Kanye West - Mind Power [V6]
(ref. Pusha T) (feat. The-Dream) (prod. 88-Keys & MIKE DEAN)
(Start Time, Star Time, The Mind Is Powerful)","OG Filename: Mind Power - Push Ref 1
Pusha T reference track. Is open otherwise. Leaked after a groupbuy.",2:45,,"Apr 17, 2025",OG File,CD Quality,https://pillows.su/f/67894607fe5fb0ef40d73937238f22b9
King Push – Darkest Before Dawn: The Prelude,"Trey Songz - How Could You Forget
(feat. Pusha T) (prod. Triple B)",,,,,Full,CD Quality,
King Push – Darkest Before Dawn: The Prelude,"Tyler, the Creator - KEEP DA O'S
(feat. Pharrell Williams & Pusha T)","Version of ""KEEP DA O'S"" with a Pusha T feature, might not have been recorded. Mentioned on the freeperm archive in April 2014.",,,,Confirmed,Not Available,https://docs.google.com/spreadsheets/d/1j4u95WiI9Zdv1T8_9M4RTb7Kkn5RjBZGoX-3v-8WFvw/edit?gid=979784336#gid=979784336&range=B6790
King Push – Darkest Before Dawn: The Prelude,"Unknown [""Albums-Worth of Material""]","According to Gamma, Pusha T did 'albums worth' of material back in 2015 during the King Push sessions. Only track that is known from these sessions is Black Ambition.",,,,Rumored,Not Available,
King Push – Darkest Before Dawn: The Prelude,Unknown [Kanye West Collaborations],"In a January 2015 interview, Consequence confirmed Pusha T was working on So Help Me God.",,,,Confirmed,Not Available,https://www.complex.com/music/2015/03/consequence-interview-kanye-west-pusha-t-squashing-beef-premiere
"1 Full
0 Tagged
0 Partial
0 Snippet(s)
0 Unavailable","Let the Dead Bury the Dead
(by Malice under No Malice)","(08/18/2013) (""Hear Ye Him"" releases)
(08/18/2017) (""Let the Dead Bury the Dead"" releases)",,,,,,
"23 Full
0 Tagged
1 Partial
6 Snippet(s)
40 Unavailable","DAYTONA
(by Pusha T)
(Blowbama, Blobama, King Push)","(12/18/2015) (""King Push – Darkest Before Dawn: The Prelude"" releases)
(05/25/2018) (""DAYTONA"" releases)",,,,,,
DAYTONA,Blowbama [Album Copy],"OG Filename: Blowbama
Early copy of ""Blowbama"". Has 11 tracks. Leaked on 5/16/24 as part of a groupbuy.",33:39,"Jul 17, 2017","May 16, 2024",OG File,CD Quality,https://pillows.su/f/5ca8815e7763518779b7c144b2d76ca3
DAYTONA,"2 Glass Ass
(feat. Pharrell Williams) (prod. Pharrell Williams)","Apparently exists. Presumably no vocals from Pusha T. Pharrell has a decent amount of vocals, the rest being open verse.",,,,Rumored,Not Available,
DAYTONA,"Bad Mon [V1]
(prod. Plain Pat)","OG Filename - Bad Man OG Beat open hook
Likely the earliest version of ""Bad Mon"", contains an open hook, but finished verses.",,,"Dec 26, 2023",OG File,CD Quality,https://pillows.su/f/7302e8913dec19702f4fc4c5b382b2ce
DAYTONA,"Bad Mon [V2]
(prod. Plain Pat)","OG Filename: badmon new808-test
description",,,"Dec 26, 2023",OG File,CD Quality,https://pillows.su/f/28e817ca051004567c1f01f9d42a117b
DAYTONA,"Bad Mon [V3]
(prod. Plain Pat)","OG Filename: Bad Mon_ref 3.19.17
March 19 version of ""Bad Mon"".",,"Mar 19, 2017","Dec 26, 2023",OG File,CD Quality,https://pillows.su/f/77d8533598ab67196030495e18ae7143
DAYTONA,"Bad Mon [V4]
(ref. Quentin Miller) (prod. Plain Pat)","OG Filename: Bad Mon Pat_QM ref 04.13.17
Quentin Miller reference track.",,"Apr 13, 2017","Dec 26, 2023",OG File,CD Quality,https://pillows.su/f/bc8ac701966e82430f2ff8358876d41b
DAYTONA,"Bad Mon [V5]
(prod. Plain Pat)","OG Filename: Bad Mon_ref for QM 04.18.17
Reference track for Quentin Miller.",,"April 18, 2017","Dec 26, 2023",OG File,CD Quality,https://pillows.su/f/bcdf7ef12219ca5ff64e8629235af27d
DAYTONA,"⭐ Bad Mon [V6]
(prod. Plain Pat)","OG Filename: Bad Mon_07.17.17 ref
Throwaway made during sessions when the title was still ""Blobama"", basically finished. Interpolates the Bad Boys theme from the TV show ""Cops"".",3:00,"Jul 17, 2017","May 15, 2024",OG File,CD Quality,https://pillows.su/f/c8df8941104619c81529190fb7e2b2d5
DAYTONA,Childish [V1],"OG Filename: Childish_ref 01.05.17
Earliest known version of ""Childish""",,"Jan 5, 2017","Dec 26, 2023",Full,CD Quality,https://pillowcase.su/f/7e3375a356aee9b0a0dc31c3e1b885b3
DAYTONA,"Childish [V2]
(feat. The-Dream)","OG Filename: Childish Dream Hook Ref 1
Reference by The-Dream for the hook of Childish, likely made in the same session as ""Gold"".",,,"Dec 26, 2023",Full,CD Quality,https://pillowcase.su/f/6eac66052768108be088165fcc59ae70
DAYTONA,"Childish [V3]
(feat. The-Dream)","OG Filename: Childish_ref 03.19.17
Version of Childish from Marcb 19, 2017",,"Mar 19, 2017","Dec 26, 2023",Full,CD Quality,https://pillowcase.su/f/d8ca5087649fc47ab5c99268438e45cc
DAYTONA,"Childish [V4]
(ref. VIC MENSA)","OG Filename: Childish_9 vic hook
Reference by Vic Mensa for the hook of Childish",,,"Dec 26, 2023",Full,CD Quality,https://pillowcase.su/f/7bb061034502795f737dde0307415464
DAYTONA,Childish [V5],"OG Filename: Childish_ref for QM 04.18.17
Reference for Quentin Miller for Childish",,"Apr 18, 2017","Dec 26, 2023",Full,CD Quality,https://pillowcase.su/f/c8db2d705a1d7fd7710ce7491abd6a42
DAYTONA,"Childish [V6]
(ref. Quentin Miller)","OG Filename: Childish _QM ref 04.22.17
Quentin Miller reference track for Childish",,"Apr 22, 2017","Dec 26, 2023",Full,CD Quality,https://pillowcase.su/f/d8ca5087649fc47ab5c99268438e45cc
DAYTONA,"Childish [V7]
(feat. VIC MENSA) (prod. Pharrell Williams)","OG Filename: CHILDISH-VIC_REF
Version with a Vic Mensa hook and a 4 count Pharrell intro.",,,"May 16, 2024",Full,CD Quality,https://pillowcase.su/f/fae6e2a4458f826a3f45022e1b044e11
DAYTONA,"Cold Blooded [V1]
(prod. Kanye West)","Said to exist by Waterfalls. Confirmed to be on the same beat as the Teyana Taylor version, likely given to to Pusha T after her, since in a jeen-yuhs deleted scene it appears the instrumental was made for her originally. Potentially the song on an early Blobama / DAYTONA tracklist from July 2017. Unknown of the differences from V1 or if this is the exact same track.",,,,Rumored,Not Available,N/A
DAYTONA,"Cold Blooded [V2]
(ref. Kanye West) (feat. Swizz Beatz) (prod. Kanye West & Swizz Beatz)","OG Filename: Cold Blooded_kw bb ref
Recorded sometime in 2017, per the metadata. Has Kanye beatboxing a reference drum pattern over the track, and a cut outro, but otherwise seems to be the exact same as the track released by Swizz Beatz on November 2nd, 2018.",3:46,,"Sep 29, 2023",OG File,CD Quality,https://pillows.su/f/f8f771278ce967da7c8c089e23f1d41c
DAYTONA,"Cold Blooded [V3]
(feat. Swizz Beatz) (prod. Hudson Mohawke)","OG Filename: HM Pusha Cold Blooded V1
Has production from Hudson Mohawke.",3:46,,"May 15, 2024",OG File,CD Quality,https://pillows.su/f/8ac218f06bf3633a59fb2d648c318952
DAYTONA,"Come Back Baby [V1]
(prod. Kanye West)","OG Filename: Come Back Baby Chop (10.1.17)
Original chop done by Kanye.",4:37,"Oct 1, 2017","Sep 29, 2023",Beat Only,CD Quality,https://pillows.su/f/a115b8cf9bbe87b051403982576f3b06
DAYTONA,"Come Back Baby [V2]
(prod. Kanye West)","According to Alek, Pusha T wanted the ""2 Rihannas"" sample on this song, which was also used on versions of ""FML"". This sample was in the Protools Session, but it's unknown if it was actually made or just an idea.",,,,Rumored,Not Available,N/A
DAYTONA,"Come Back Baby [V3]
(prod. Kanye West)","OG Filename: Come Back Baby ref 1 1.18.18
First version with Pusha T vocals.",3:15,"Jan 18, 2018","Sep 21, 2023",OG File,CD Quality,https://pillows.su/f/75a1b38f521568b671632cf32b8453fd
DAYTONA,"Come Back Baby [V4]
(prod. Kanye West)","OG Filename: Come Back Baby 2 ref 1 1.23.18
Features alternate verses and production. VC snippet originally leaked January 31st, 2021",3:22,"Jan 23, 2018","Sep 29, 2023",OG File,CD Quality,https://pillows.su/f/a2b24fd4f812170c1b037583cf3c3c9a
DAYTONA,Devil's Work,Seen on an early Blobama tracklist. Nothing else is known.,,,,Confirmed,Not Available,
DAYTONA,"Drug Dealers Anonymous [V1]
(prod. DJ Dahi)","Open verse version. Confirmed to exist when Pusha T stated that he showed the initial version to Kanye West, and that he wanted JAY-Z on it. He sent the open verse version with this email: ""The news reporter that called you a 14-year drug dealer, this was the inspiration behind it. Here’s my verse. I left some extra beat for you. Let me know what you think either way.""",,,,Confirmed,Not Available,https://www.hotnewhiphop.com/463815-pusha-t-recalls-the-email-exchange-with-jay-z-that-led-to-drug-dealers-anonymous-news
DAYTONA,"Ghosts
(prod. Kanye West)
(Afraid Of Ghosts)","Throwaway made during the Blobama sessions, and featured on a tracklist for it.",3:09,,"May 15, 2024",OG File,CD Quality,https://pillows.su/f/610b8533c96540268ef9a5137b6587f8
DAYTONA,"Gold [V1]
(feat. The-Dream) (prod. Plain Pat)","OG Filename: Gold_ref 03.18.17
Blobama-era Pusha T throwaway. Pusha's second verse would be reused on ""Feel The Love"".",2:57,"Mar 18, 2017","Dec 20, 2022",OG File,CD Quality,https://pillows.su/f/a56b69ab64ceb3908bc074b062c40956
DAYTONA,"Gold [V2]
(prod. Plain Pat)","OG Filename: Gold_open hook bridge ref
Demo with an open hook and bridge. Unknown when this was made.",3:12,,,OG File,CD Quality,https://pillows.su/f/9f6c0c07f6916f7f7a0c2f483498aea0
DAYTONA,"Gold [V3]
(feat. The-Dream) (prod. Plain Pat)","OG Filename: Gold_open hook bridge ref
Replaces Push's second verse with open. Potentially made since Push's second verse would be reused for ""Feel The Love.""",2:57,,,OG File,CD Quality,https://pillows.su/f/8499d61cc51d4a9f054cad8109743a06
DAYTONA,"Gold [V4]
(feat. Gunna) (prod. Plain Pat)","Version which features Gunna instead of The-Dream, but still contains the vocals reused for ""Feel The Love"". Unsure if this came before or after The-Dream's version. Snippet leaked on December 19th, 2022.",,,"Dec 19, 2022",Snippet,CD Quality,https://pillows.su/f/fc817121b2ed5ecf8ec1d468f6121eb1
DAYTONA,"Hard Piano [V1]
(prod. Kanye West)","OG Filename: Hard Piano ref 1 (1.18.18)
Solo Pusha T. Contains alternate lyrics and less effects on the beat. Only has 45 seconds of vocals followed by an open verse.",2:20,"Apr 1, 2018","Sep 21, 2023",OG File,CD Quality,https://pillows.su/f/1c04ea82e441da56934fa88d99e791f1
DAYTONA,"Hard Piano [V2]
(feat. Rick Ross & Kanye West) (prod. Kanye West, Drew Drucker & Andrew Dawson)","OG Filename: Pusha_Hard Piano Hook Ref (5.10.18)
Has Kanye mumble the hook. Has minor beat and lyric differences. Leaked as a bonus for the ""Skeletons"" groupbuy.",4:02,"May 5, 2018","Jun 27, 2022",OG File,Lossless,https://pillows.su/f/8a5a38709f20d59cc0fa8bf4ce4591ad
DAYTONA,"Hard Piano [V3]
(feat. Rick Ross & The-Dream) (prod. Kanye West, Drew Drucker & Andrew Dawson)","More finished demo, featuring The-Dream on the hook.",6:14,,"Nov 17, 2019",Full,CD Quality,https://pillows.su/f/706d26f19ad3a61d3c0e0e8aa6869dcb
DAYTONA,"Hard Piano [V4]
(feat. The WRLDFMS Tony Williams) (prod. Kanye West)","More finished version with a much longer Pusha T verse, as well as Tony Williams background vocals. Snipped leaked November 18th, 2022.",,,"Nov 18, 2022",Snippet,CD Quality,https://pillows.su/f/f0ef9098dac43235a547e94cf3efd2a3
DAYTONA,Hard Piano [V5],"OG Filename: HOWL (41)
Version owned by a trusted source. Nothing else is known.",,,,Rumored,Not Available,N/A
DAYTONA,"Hidin' Money [V1]
(ref. Pharrell Williams) (prod. Pharrell Williams)","Original version of ""Hidin' Money"" with unfinished Pharrell verses and Pusha T vox on the hook. Leaked September 30, 2023.",3:31,,"Sep 30, 2023",Full,CD Quality,https://pillows.su/f/0e649fd2e80867d7789e4d6a31f297fc
DAYTONA,"Hidin' Money [V2]
(feat. Pharrell Williams) (prod. Pharrell Williams)","Features Pharrell on the hook. Leaked September 30, 2023.",4:43,,"Sep 30, 2023",Full,CD Quality,https://pillows.su/f/b32de06ddfd85d3cc4513ab58a097345
DAYTONA,"If You Know You Know [V1]
(prod. Charlie Heat & BNYX)","Version with some mumble vocals, said to exist by Alek. Was recorded in November 2016.",,,,Rumored,Not Available,N/A
DAYTONA,"If You Know You Know [V2]
(prod. Charlie Heat & BNYX)","Early version of the song, pre-Kanye. Originally recorded in November 2016, and production was added in January 2017.",3:27,,"Dec 23, 2019",Full,High Quality,https://pillows.su/f/31a2d52058c910ddff1d224437ce12ac
DAYTONA,"If You Know You Know [V3]
(prod. Charlie Heat & BNYX)","A ""much updated version"" was said to be in the ProTools session by Alek. Has drums re-done by Charlie Heat, as well as a different structure.",,,,Rumored,Not Available,N/A
DAYTONA,"If You Know You Know [V4]
(feat. The-Dream) (prod. Charlie Heat & BNYX)",Alternate version of the Charlie Heat version with a The-Dream feature. The-Dream recorded in March.,,,,Snippet,High Quality,https://pillows.su/f/67a442aa96dab037855ea4e3f6087fb8
DAYTONA,"If You Know [V5]
(feat. The-Dream) (prod. Charlie Heat & BNYX)
(If You Know You Know)","OG Filename: If You Know_ref 03.18.17
Last known version with the original beat. Features The-Dream, but is mixed quieter and is cut-down from the previous version.",3:18,"Mar 18, 2017","Sep 20, 2023",OG File,CD Quality,https://pillows.su/f/8384b9dc1e473519fe1eccc2085d393e
DAYTONA,"You Know [V6]
(ref. Kanye West) (prod. Kanye West)
(If You Know You Know)","OG Filename: You Know Bass Line
Kanye does a reference for the bassline. Has him moaning the beat unlike beatboxing for ""Infrared"".",2:02,"Apr 2, 2017","May 15, 2024",OG File,Lossless,https://pillows.su/f/c9429e1fe218fdebbeff4aa41e936841
DAYTONA,"If You Know [V7]
(prod. Kanye West)
(If You Know You Know)","OG Filename: If You Know Ref (4.23.17)
Similar to release, but with different mixing. Appears to be the version used to make V8 based on the mixing.",3:24,"Apr 23, 2017","Sep 29, 2023",OG File,CD Quality,https://pillows.su/f/b3a38dd33cf161a69ff546a2ac2321eb
DAYTONA,"If You Know [V8]
(prod. Kanye West)
(If You Know You Know)","OG Filename: If You Know String Intro Ref (4.23.17)
Has an extended intro with alternate production. Was seen in a list of OG filenames leaked in October 2022.",3:35,"Apr 23, 2017","Sep 20, 2023",OG File,CD Quality,https://pillows.su/f/e17c75e649c52d3791774a0d2a446ca1
DAYTONA,"You Know You Know [V9]
(prod. Kanye West & Plain Pat)
(If You Know You Know)","OG Filename: You Know you Know M 7 REF 01
Similar to the following version, but with the outro cut. According to Alek, Plain Pat is labelled on ""most of"" the stems, including the drums. However, he is not credited on the released version. Leaked as a bonus for the ""Skeletons"" groupbuy.",3:19,,"Jun 27, 2022",OG File,Lossless,https://pillows.su/f/2ae26742993354710ab7c9a545344630
DAYTONA,"If You Know You Know [V10]
(prod. Kanye West, Plain Pat & Noah Goldstein)","Nearly identical to the released version, but with a rougher mix.",3:29,,"Aug 19, 2021",Full,High Quality,https://pillows.su/f/03cb1297c0db0d392427eb2ad1fd05cc
DAYTONA,"Infrared [V1]
(ref. Kanye West)","OG Filename: Kw Beat Box Infrared
Kanye beat box reference track.",0:40,"Apr 21, 2017","Jun 27, 2022",OG File,Lossless,https://pillows.su/f/2b9109a7187b9dde9c15ebde3beb4bd0
DAYTONA,"Infrared [V2]
(ref. Kanye West)","OG Filename: Infrared Sub Bass Ref
Kanye sub bass reference track.",0:17,"Apr 21, 2017","Jun 27, 2022",OG File,Lossless,https://pillows.su/f/81250bb8af05977d32fa19b6d81d96fa
DAYTONA,"Infrared [V3]
(prod. Kanye West)","OG Filename: Infrared_ref 04.22.17
Unknown what differences are present. Seen on a file list shared by Waterfalls. Alek has stated that released ""Infrared"" was an unfinished track, that the Protools session marks it as ""temporary ending"", but a second verse was not recorded.",,"Apr 22, 2017",,Rumored,Not Available,N/A
DAYTONA,"Infrared [V4]
(prod. Kanye West)","OG Filename: Infrared Ref 2 kw drums (4.23.17)
Unknown what differences are present. Seen on a file list shared by Waterfalls.",,"Apr 23, 2017",,Rumored,Not Available,N/A
DAYTONA,"Infrared [V5]
(feat. ???) (prod. Kanye West)","OG Filename: Infrared_07.17.17 ref new VA ad libs
An early very Production is stripped back in comparison to release, only containing the sample chop. Contains ad-libs that weren't featured in the final release.",2:17,"Jul 17, 2017","May 15, 2024",OG File,Lossless,https://pillows.su/f/4e49df1bb94dc0f22f5b2055f4d76f62
DAYTONA,"Infrared [V6]
(feat. ???) (prod. Kanye West)","OG Filename: Infrared_new VA ad libs
Unknown what differences are present. Seen on a file list shared by Waterfalls.",,,,Rumored,Not Available,N/A
DAYTONA,"Infrared [V7]
(prod. Kanye West)","OG Filename: Infrared @ 83.5 BPM
Unknown what differences are present. Seen on a file list shared by Waterfalls.",,,,Rumored,Not Available,N/A
DAYTONA,"Lord Forgive 'Em [V1]
(prod. Kanye West)","OG Filename: Lord Forgive Em_ref 1
Song from 2017 made during the King Push and Daytona sessions. Samples ""Lucifer"" by JAY-Z and ""If I've Done Anything Wrong"" by North Wind of Cleveland, Ohio.",1:55,,"Sep 29, 2023",OG File,CD Quality,https://pillows.su/f/ad46c5b5244981ca65eaf6948d4e18c2
DAYTONA,"Lord Forgive 'Em [V2]
(prod. Kanye West)","OG Filename: Lord Forgive Em_ref 2
Has alternate production.",2:40,,"Sep 20, 2023",OG File,CD Quality,https://pillows.su/f/968425c37117e9630cab1e5009f74adc
DAYTONA,"Lord Forgive 'Em [V3]
(prod. Kanye West)",Alternate mix of the previous version.,2:40,,"Apr 11, 2023",Snippet,CD Quality,"https://pillows.su/f/bed83158b767e2626a3e49e283a1c315
https://pillows.su/f/e338eb96bc9aada908119f015ccef365"
DAYTONA,"No. 1
(prod. Pharrell Williams)","OG Filename: P + T No1_ref 04.11.17
Song produced by Pharrell in 2017 with Pusha T on a hook, possibly meant for someone else.",4:57,"Apr 11, 2017",,OG File,CD Quality,https://pillows.su/f/f4be2958a6d7096ad6ce2c076ecd9b3e
DAYTONA,"The Way It Seems [V1]
(prod. Kanye West)
(Objects In The Mirror)","OG Filename: The Way It Seems_ref 04.22.17
Earlier version, with an open verse that was cut.",3:00,"Apr 22, 2017","May 15, 2024",OG File,CD Quality,https://pillows.su/f/0fb051ce6c09d604d519ad4aeab187f0
DAYTONA,"Objects In The Mirror [V2]
(prod. Kanye West)
(The Way It Seems)","OG Filename: Objects In The Mirror_ref 07.17.17
Blowbama-era finished throwaway.",2:18,"Jul 17, 2017","Sep 19, 2023",OG File,CD Quality,https://pillows.su/f/207b12e91583534c87c7dfcaedf208d2
DAYTONA,"Real Gon' Come Out [V1]
(ref. Quentin Miller)
(Real Gon' Come)","OG Filename: Real Gon Come Out_ref 02.20.17
First known version, includes the original beat and reference vocals.",2:32,"Feb 20, 2017","Sep 20, 2023",OG File,CD Quality,https://pillows.su/f/99b83b9ff132fad06dfa666ec5391ad0
DAYTONA,"Real Gon' Come [V2]
(feat. Fabolous)
(Real Gon' Come Out)","OG Filename: Real Gon Come_07.17.17 OG beat
Blobama-era finished throwaway. Uses the original beat prior to Kanye reworking it.",2:36,"Jul 17, 2017","Sep 21, 2023",OG File,CD Quality,https://pillows.su/f/ddf7597094702165ce1d88f051946a76
DAYTONA,"Real Gon' Come [V3]
(feat. Fabolous) (prod. Kanye West)
(Real Gon' Come Out)","OG Filename: Real Gon Come_07.17.17 KW utah beat
Blobama-era finished throwaway. Original snippet leaked in July 2023.",2:38,"Jul 17, 2017","Sep 21, 2023",Full,CD Quality,https://pillows.su/f/618fae43c18b92dbb13d1f9e394e72e2
DAYTONA,"Santeria [V3]
(feat. Neon Hitch) (prod. Kanye West & Metro Boomin)","Alternate version of the demo, with a massively reworked beat. Has Neon Hitch interpolating the vocals of the sample.",3:41,,"Jul 2, 2020",Full,High Quality,https://pillows.su/f/dc07509df9ac582d09bec8523abf44de
DAYTONA,"Santeria [V4]
(feat. Kid Cudi) (prod. Kanye West)","According to Alek, Kid Cudi recorded his vocals over the sample beat in December 2016. A file from the session, ""Cudi Vox 1_01"", is available in the Stems section.",,,,Rumored,Not Available,https://pillows.su/f/a1888a0fe8107a13b4863658cc1b2d96
DAYTONA,Santeria [V5],"According to Alek, a version which chops ""OOOUUU"" by Young M.A into the beat exists.",,,,Rumored,Not Available,N/A
DAYTONA,"Santeria [V6]
(prod. Kanye West)","OG Filename: Santeria_ref 03.19.17
Version with the first sample beat that would later end up on the release version. Still contains the original sample chop from 2015. Drums heavily differ from release.",3:19,"Mar 19, 2017","May 15, 2024",OG File,CD Quality,https://pillows.su/f/c1403c0af07a6cbb1e9022c4137c35ba
DAYTONA,"Santeria [V7]
(feat. Kanye West) (prod. Kanye West)","According to Alek, Kanye recorded his vocals on May 7th, 2018.",,"May 7, 2018",,Rumored,Not Available,N/A
DAYTONA,"Santeria [V8]
(prod. Kanye West)","OG Filename: Santeria Ref for Tony 5.10.18
Has the first verse, no vocals on the beatswitch, and later open verses, meant for Tony Williams.",4:01,"May 10, 2018","Feb 5, 2023",OG File,CD Quality,https://pillows.su/f/c0da4acdacb89685206c93366afdfaae
DAYTONA,"Santeria [V9]
(feat. Kanye West) (prod. Kanye West)","OG Filename: Santeria Ref w KW Vocal 5.10.18
Has Kanye mumbling the hook.",2:55,"May 10, 2018","Jun 23, 2019",OG File,CD Quality,https://pillows.su/f/4d12121aaab5e2f4884a340b08cf15c7
DAYTONA,"Santeria [V10]
(feat. Kanye West) (prod. Kanye West)",Has finished Kanye vocals.,2:57,,"Jun 18, 2019",Full,High Quality,https://pillows.su/f/87c61ee5c462cda990861673801823d2
DAYTONA,"Santeria [V11]
(feat. Kanye West & Kid Cudi) (prod. Kanye West)",Has poorly mixed Kid Cudi vocals on the hook.,2:46,,"Jul 12, 2019",Full,High Quality,https://pillows.su/f/e57cadefa4c33c78ff4077cd9188bc84
DAYTONA,"Santeria [V12]
(feat. 070 Shake) (prod. Kanye West, MIKE DEAN, & Pi'erre Bourne)",Original 070 Shake take on the interpolated hook.,,"May 24, 2018",,Confirmed,Not Available,
DAYTONA,"Santeria [V13]
(feat. 070 Shake) (prod. Kanye West, MIKE DEAN, & Pi'erre Bourne)","070 Shake originally used the same interpolated hook as the previous hook, but had to completely redo the hook the night before the album released because of clearance issues.",,"May 31, 2018",,Confirmed,Not Available,https://genius.com/a/070-shake-had-to-redo-her-verse-on-pusha-t-s-santeria-the-night-before-its-release?utm_source=home_recent_stories
DAYTONA,"Sisters and Brothers
(prod. Kanye West)",Blobama-era throwaway.,3:17,,"May 15, 2024",Full,CD Quality,https://pillows.su/f/ed71c9dbb055a71ada0f83210eb6ea3f
DAYTONA,"Sociopath [V1]
(prod. Kanye West)","OG Filename: Pusha - Sociopath 8.9.17
Earliest known version.",2:47,"Aug 9, 2017","Sep 29, 2023",OG File,CD Quality,https://pillows.su/f/a232f787e1ef8b58854eb548b5d3a22c
DAYTONA,"Sociopath [V2]
(prod. Kanye West)","OG Filename: Sociopath 9-15
Filename shown by Waterfalls. Any differences are unknown.",,"Sep 15, 2017",,Rumored,Not Available,N/A
DAYTONA,"Sociopath [V3]
(feat. BIA) (prod. Kanye West)","OG Filename: Pusha T Sociopath 2.2 add Bia
Featuring rapper BIA rather than Kash Doll. BIA raps the lines from Pusha T from 1:34 - 1:47.",2:47,,"Sep 29, 2023",OG File,CD Quality,https://pillows.su/f/aec1c89a2d7c4d55fea456b6cae215f9
DAYTONA,"Sociopath [V4]
(feat. BIA) (prod. Kanye West)","OG Filename: Pusha T Sociopath 2.3 add Bia OG end
Possibly a reference for Kash Doll's eventual verse, but this is unconfirmed. Features the OG ending that was omitted in the previous version.",,,,Rumored,Not Available,N/A
DAYTONA,"Sociopath [V5]
(feat. Kash Doll) (prod. Kanye West)","OG Filename: Pusha T Sociopath_ATL_Kash Doll ref 1
Differences unknown.",,,,Rumored,Not Available,N/A
DAYTONA,"Sociopath [V6]
(feat. Kash Doll) (prod. Kanye West)","OG Filename: Pusha T_Sociopath_ATL Kash Edit 2_THIS ONE
Differences unknown.",,,,Rumored,Not Available,N/A
DAYTONA,"Spaceship [V1]
(feat. Kanye West, Yo Gotti & Desiigner)","OG Filename: Spaceship pusha ref 11.15.16
Has a mumble verse from Kanye and ad-libs from Desiigner taken directly from his track ""Panda"". Likely made during the same session as ""Castro."" Filename indicates an earlier version exists without Pusha T. Samples ""You Brought The World To My Door"" by The Hues Corporation.",4:06,"Nov 15, 2016","Jun 26, 2023",OG File,High Quality,https://pillows.su/f/236568ab67dcd3a52ff72426494927eb
DAYTONA,"Kanye West - Spaceship [V2]
(feat. Yo Gotti & Desiigner)","OG Filename: Spaceship_ref 03.19.17
Has an open verse, possibly for Kanye to re-record a new verse over. Original snippet leaked on June 11th, 2021.",4:34,"Mar 19, 2017","Sep 29, 2023",OG File,CD Quality,https://pillows.su/f/4c59b6fff468eddf5e7e202fd97a6708
DAYTONA,"Kanye West - Spaceship [V3]
(feat. Kanye West & Yo Gotti)",Version from when King Push was called Blobama. Lacks the Desiigner ad-libs from previous versions. Unknown what other differences are present.,,,,Rumored,Not Available,https://genius.com/a/did-pusha-t-rename-his-next-album-blobama
DAYTONA,"Kanye West - Spaceship [V4]
(feat. Yo Gotti & Desiigner)","OG Filename: Spaceship_new arr
Has a different verse/chorus arrangement.",4:34,,"Sep 29, 2023",OG File,CD Quality,https://pillows.su/f/bf9fda1fa091ce66748fc4c7df9d5abe
DAYTONA,Success and Nightmares,Seen on an early Blobama tracklist. Nothing else is known.,,,,Confirmed,Not Available,
DAYTONA,"Games We Play [V1]
(prod. Kanye West)
(The Games We Play, Chop 1)","OG Filename: KW Chop 1 (9.5.17)
Filename said to exist by Waterfalls. Any differences are unknown. Most likely just the first chop.",,"Sep 5, 2017",,Rumored,Not Available,N/A
DAYTONA,"Games We Play [V2]
(prod. Kanye West)
(The Games We Play, Chop 1)","OG Filename: KW Chop 1 (9.5.17) Loop
Filename said to exist by Waterfalls. Any differences are unknown. Most likely the chop looped to be an actual instrumental's length.",,"Sep 5, 2017",,Rumored,Not Available,N/A
DAYTONA,"Games We Play [V3]
(prod. Kanye West)
(The Games We Play, Chop 1)","OG Filename: KW Chop 1_Pusha ref 1 (11.1.17)
Originally previewed in a post by Steven Victor on November 2nd, 2017.",2:46,"Nov 1, 2017","Sep 29, 2023",OG File,CD Quality,https://pillows.su/f/79dc6c3513a5a0347e96dcc7ad996718
DAYTONA,"Games We Play [V4]
(prod. Kanye West)
(The Games We Play, Chop 1)","OG Filename: KW Chop 1_tk grid attempt 1
Filename said to exist by Waterfalls. Any differences are unknown.",,,,Rumored,Not Available,N/A
DAYTONA,"The Games We Play [V5]
(prod. Kanye West)","OG Filename: Games We Play AK Ref 1
Has no sub bass throughout the track, and small lyric/take differences.",2:46,,"Aug 19, 2021",OG File,High Quality,https://pillows.su/f/5e063f82f9cc3a855844fe4755010fd5
DAYTONA,"Treat You Good [V1]
(prod. Kanye West)","OG Filename: Treat You Good (7.29.17)
The original sample chop, lacks vocals.",2:32,"Jul 29, 2017","Sep 29, 2023",OG File,CD Quality,https://pillows.su/f/148cfaab9d47011a79601b1a8f3d5188
DAYTONA,"Treat You Good [V2]
(prod. Kanye West)","OG Filename: Treat You Good _ref 1
First known version with Pusha T vocals. Was seen in a list of OG filenames leaked in October 2022.",2:23,,"Sep 20, 2023",OG File,CD Quality,https://pillows.su/f/11f62ee248a85a3bc5ffd7952ea2546e
DAYTONA,"Treat You Good [V3]
(feat. Kanye West) (prod. Kanye West)","OG Filename: Treat You Good.2
Originally claimed to be a Kanye song, but this was later proven false. Features no Pusha T vocals and long pauses between lines. Samples ""I'm Gonna Treat You Good"" by The Donations. Beat later given to Abstract Mindstate.",3:02,,"Sep 20, 2023",OG File,CD Quality,https://pillows.su/f/f209c0120f4b93be1d5cbd4589014184
DAYTONA,"Treat You Good [V4]
(feat. Kanye West) (prod. Kanye West)","OG Filename: Treat You Good _ref 3
Was seen in a list of OG filenames leaked in October 2022. Pusha T has some vocals, but it's mostly Kanye with open parts.",3:02,,"Sep 19, 2023",OG File,CD Quality,https://pillows.su/f/a7a3289b5544493a3e3964dc6599de49
DAYTONA,"Treat You Good [V5]
(ref. Ab-Liva) (prod. Kanye West)","OG Filename: 01 Treat You Good Liva and Pusha
Ab-Liva reference track.",3:53,,"Jan 7, 2023",OG File,CD Quality,https://pillows.su/f/48e36c552634db24edad7df159ab9630
DAYTONA,"Treat You Good [V6]
(ref. Ab-Liva) (prod. Kanye West)","OG Filename: Treat You Good_Liva and Pusha Ref 1.1
Alternate mix.",3:53,,"Sep 29, 2023",OG File,CD Quality,https://pillows.su/f/5628de9c2262cf9a2fa81ed9bedfcbf3
DAYTONA,"Kanye West - Queen Bitch [V1]
(prod. Kanye West)
(How Do You Respond?, What Would Meek Do?)","Fully solo version featuring almost 5 minutes of Kanye vocals without an open. Has lines that were later reused for ""I Love It"". Recorded the same day as the ""K Flows"" version. Unclear whose song it was, at this time. Original snippet leaked on November 18th, 2022. Leaked along with the Protools sessions.",4:43,"Nov 1, 2017","Nov 14, 2023",Full,Lossless,https://pillows.su/f/c0e89ce8cba14082d23524bbbf5929d6
DAYTONA,"Kanye West - Queen Bitch [V2]
(prod. Kanye West)
(How Do You Respond?, What Would Meek Do?)","OG Filename: Queen Bitch K Flows (11.1.17)
Cut-down of the previous version.",1:50,"Nov 1, 2017","Mar 10, 2021",OG File,High Quality,https://pillows.su/f/406f53e9d845ef9bc20b75facc1a2432
DAYTONA,"Queen Bitch [V3]
(feat. Kanye West) (prod. Kanye West)
(How Do You Respond?, What Would Meek Do?)","Version where Pusha T has some different and missing lines, more vocals at the start, and a different vocal take. Kanye has a different verse that was later reused for ""I Love It"", and uses lines that'd soon be used for ""Wouldn't Leave"". The version available is not the full song, but a cut-down version. Recorded in 2017.",8:??,,"Apr 4, 2020",Partial,CD Quality,https://pillows.su/f/0f8f8f376a1c6d31361573503c42683b
DAYTONA,"How Do You Respond? [V4]
(prod. Kanye West)
(Queen Bitch, What Would Meek Do?)","OG Filename: How Do You Respond ref 1 (11.21.17)
Solo Pusha T version with an open verse.",3:17,"Nov 21, 2017","Sep 21, 2023",OG File,CD Quality,https://pillows.su/f/ec1888c6074353fd69eee7b9850f9c4f
DAYTONA,"How Do You Respond? [V5]
(feat. Kanye West) (prod. Kanye West)
(Queen Bitch, What Would Meek Do?)","OG Filename: How Do You Respond Ref (2.24.18)
Later version.",2:42,"Feb 24, 2018","Nov 14, 2023",OG File,CD Quality,https://pillows.su/f/5ee58c8a2d54dc612919ef03b6b37f6d
DAYTONA,"How Do You Respond? [V6]
(feat. Kanye West) (prod. Kanye West)
(Queen Bitch, What Would Meek Do?)","OG Filename: How Do You Respond Ref.6 (5.4.18)
Protools files from May 4th, 2018 show the file. No other information is known.",,"May 4, 2018",,Rumored,Not Available,N/A
DAYTONA,"What Would Meek Do? [V7]
(feat. Kanye West) (prod. Kanye West)","Has a beatswitch. Not an actual bounce, but bounced from the ProTools session.",,,"Nov 18, 2022",Snippet,CD Quality,https://pillows.su/f/8eb9e5e286a74460ebab91497f6c3fe0
DAYTONA,"What Would Meek Do? [V8]
(feat. Kanye West) (prod. Kanye West)","Has alternate Kanye lyrics, not present in the released version, where he name drops J. Cole and Drake.",3:11,,"Jun 17, 2019",Full,CD Quality,https://pillows.su/f/bc693f2dcf5d7223eba539e9c68782cd
DAYTONA,"What Would Meek Do? [V9]
(feat. Kanye West) (prod. Kanye West)","Early version, with the only difference seemingly being Pusha T doing his intro instead of Kanye.",2:34,,,Full,High Quality,https://pillows.su/f/0e5697a051187e8a6c21652375e18d80
DAYTONA,"Kanye West - Circle
(with Pusha T & Ty Dolla $ign) (prod. Boi-1da, Vinylz, Allen Ritter & Frank Dukes)","OG Filename: PUSHA TC TY DOLLA CIRCLE REF 7.24.16
Early version without Desiigner. Rumored to have originated as a Cruel Winter song before being released by Pusha T. Pusha sings Desiigner's hook on this version.",4:08,"Jul 24, 2016",,OG File,CD Quality,https://pillows.su/f/bdaa2291adb242c382af9bf55f33a406
DAYTONA,Unknown [Dom $olo Collaborations],"According to a trusted source, Dom $olo claimed to have music with Pusha T and Kanye, likely from Cruel Winter.",,,,Rumored,Not Available,N/A
DAYTONA,Anderson .Paak - Brother's Keeper [V1],"Likely open verse version for ""Brother's Keeper"" sent to Pusha T to record over. Likely lacks the beat switch as well.",,,,Confirmed,Not Available,
DAYTONA,"Gorillaz - Let Me Out [V1]
(feat. Mavis Staples)",Piano demo of Let Me Out seen in RFI,,,,Snippet,Recording,https://youtu.be/FdQnnS_ILV4?si=I1y0URTW_r6J-Jg4
DAYTONA,"Gorillaz - Let Me Out [V2-V5]
(feat. Mavis Staples)",At least 4 earlier versions are proven to exist by the filename below.,,,,Rumored,Not Available,
DAYTONA,"Gorillaz - Let Me Out [V6]
(feat. Mavis Staples)","OG Filename: LetMeOut ref6
Leaked May 8, 2020 along with Let Me Out [V2] and the ProTools sessions for the song. Has an extended instrumental with a synth solo and open verses for Pusha T to record his verses",3:44,,"May 8, 2020",Full,CD Quality,https://pixeldrain.com/u/fDSR6ZwN
DAYTONA,"Gorillaz - Let Me Out [V7]
(feat. Mavis Staples & Pusha T)","Leaked May 8, 2020 features an early instrumental and still has the synth from V2 with only half of Pusha T's vocals Recorded",,,,Full,CD Quality,https://pixeldrain.com/u/fDSR6ZwN
DAYTONA,"Gorillaz - Let Me Out [V8]
(feat. Mavis Staples & Pusha T)","OG filename: LET ME OUT - PUSHA VERSES
Leaked May 8, 2020. Features an early instrumental, no Damon, alternate lines by Mavis and an unheard Pusha T verse. Recorded in early 2016.",2:53,,"May 8, 2020",Full,CD Quality,https://pixeldrain.com/u/xWffPqHG
DAYTONA,"Kanye West - Monstas & Villains
(with Pusha T & Desiigner)",The released Desiigner track was originally meant for Cruel Winter. Is longer and contains a Pusha T feature. Uses the same hook as the short released version.,,,,Rumored,Not Available,https://youtu.be/JQ4PYy2d0fA
DAYTONA,"Kanye West - Mitus Touch [V9]
(ref. Pusha T) (prod. Keyon Christ)
(2 Rihannas)","Keyon Christ stated that this song was considered for TurboGrafx16. He said that it was a ""Pusha and Ye only"" version. It's possible that the version considered was an earlier version of the song.",,,,Confirmed,Not Available,https://pillows.su/f/afd3b0c7e70933ba0bd250d4a4001617
DAYTONA,"Rich The Kid - Can't Afford It
(feat. Pusha T) (prod. Kanye West)","OG Filename: Can-t Afford It Pusha ref_1
Song from 2017 made during the Blobama sessions.",2:53,,"Sep 21, 2023",OG File,CD Quality,https://pillows.su/f/9e8cd0783687d9511dbb6a03b1f6fcae
DAYTONA,"Summer On Lock [V1]
(prod. STREETRUNNER & Tarik Azzouz)",Original solo open verse demo.,?:??,,,Confirmed,Not Available,https://youtu.be/k79D-C3HWKc?si=5-XRa15wRHKmYzdY&t=936
DAYTONA,"Summer On Lock [V2]
(feat. Pusha T) (prod. STREETRUNNER & Tarik Azzouz)",Pusha T was the first artist to record for the song since Jadakiss has a small part during the hook before his verse meaning it was already there when it was sent to him.,?:??,,,Confirmed,Not Available,https://youtu.be/k79D-C3HWKc?si=5-XRa15wRHKmYzdY&t=936
DAYTONA,"Summer On Lock [V3]
(feat. Pusha T & Jadakiss) (prod. STREETRUNNER & Tarik Azzouz)","Jadakiss was the first artist to send back the song with a verse. This was also the version sent to Fabolous to get him ""excited"".",?:??,,,Confirmed,Not Available,https://youtu.be/k79D-C3HWKc?si=5-XRa15wRHKmYzdY&t=936
DAYTONA,"Summer On Lock [V4]
(feat. Pusha T, Jadakiss & Fabolous) (prod. STREETRUNNER & Tarik Azzouz)",Version of the song sent back to Royce with a verse from Fab.,?:??,,,Confirmed,Not Available,https://youtu.be/k79D-C3HWKc?si=5-XRa15wRHKmYzdY&t=936
DAYTONA,"Summer On Lock [V5]
(feat. Pusha T, Jadakiss, Fabolous & Agent Sasco) (prod. STREETRUNNER & Tarik Azzouz)",Agent Sasco (also known as Assassin) was the last person to record for the song as evident by the way Fabolous comes into the song and how Royce described working with the artists.,?:??,,,Confirmed,Not Available,https://youtu.be/k79D-C3HWKc?si=5-XRa15wRHKmYzdY&t=936
DAYTONA,"Summer On Lock [V6]
(feat. Pusha T, Jadakiss, Fabolous & Agent Sasco) (prod. STREETRUNNER & Tarik Azzouz)","OG Filename: SUMMER ON LOCK_7 & SUMMER ON LOCK_FULL MIX UPDATED
Has no sample or intro SFX.",3:48,"Jan 6, 2018",,Confirmed,Not Available,
DAYTONA,"Tyler, the Creator - KEEP DA O'S [V1]
(feat. Pusha T & Pharrell Williams) (prod. Tyler, the Creator)","On Tyler's freeperm in April 2014, Tyler mentioned wanting Pusha T and Pharrell Williams on ""KEEP DA O'S"".",,,,Confirmed,Not Available,
"15 Full
2 Tagged
1 Partial
4 Snippet(s)
24 Unavailable","It's Almost Dry
(by Pusha T)","(05/25/2018) (""DAYTONA"" releases)
(04/22/2022) (""It's Almost Dry"" releases)",,,,,,
It's Almost Dry,🏆 Unknown [Madlib Collab Album],"A Pusha T and Madlib collab album was confirmed to be in the works in an interview and Pusha T said it was more of a ""bucket list thing"". It's unknown if this album will see the light of day.",,,,Confirmed,Not Available,https://www.thefader.com/2022/04/24/pusha-t-madlib-album
It's Almost Dry,"Coming Home [V10]
(feat. Ms. Lauryn Hill) (prod. Kanye West, Charlie Heat, Keyon Christ & MIKE DEAN)
(Afta U, After You, Reaper)",A version that contains alternate vocal takes from Lauryn Hill and a much longer outro. There are also slight instrumental differences. Leaked a few months before the song's official release.,6:01,,"Jun 17, 2019",Full,High Quality,https://pillows.su/f/f91615c91613e86168a988ff4de9d6e4
It's Almost Dry,"Coming Home [V11-V?]
(feat. Ms. Lauryn Hill) (prod. Kanye West, Charlie Heat, Keyon Christ & MIKE DEAN)
(Afta U, After You, Reaper)","Pusha T said that ""the song went through at least nine different renditions, but [Lauryn Hill] managed to do so many different takes"". Unknown if he is referring only to the ""renditions"" made after he was given the track.",,,,Confirmed,Not Available,https://www.rollingstone.com/music/music-news/pusha-t-lauryn-hill-coming-home-interview-877915/
It's Almost Dry,"Diet Coke [V2]
(ref. Kanye West) (prod. Kanye West & 88-Keys)","Pusha T said on Twitter that Kanye wanted to convinced him to use the beat, so Kanye ""got in front of the mic, and rapped the whole melody...he just hummed the actual whole melody of the verse"", and told Pusha, ""stick to that"". Unknown exactly when it was recorded, but it was likely during the Donda sessions as Donda and It's Almost Dry were recorded around the same time. Potentially recorded in April 2021 along with ""Shotta"" & ""I Pray For You"".",,,,Confirmed,Not Available,https://twitter.com/TwitterMusic/status/1517571227455561729
It's Almost Dry,"Diet Coke [V3]
(prod. Kanye West & 88-Keys)","In the Paris listening to Diet Coke, the second verse continues on from ""Pierce your car window"" with a new line.",~2:05,,,Full,Recording,https://www.youtube.com/watch?v=SMIM2BLFDrQ
It's Almost Dry,"Dreamin Of The Past [V2]
(prod. Kanye West)
(Dreaming Of The Past)","According to Pusha T, there is a solo version from before Ye recorded his short feature. Pusha's third verse has been speculated to be a reference for Ye. According to a trusted source, at the February 2022 Paris IT'S NOT DRY YET listening party, a version with an open verse was played. A low quality recording of this event is said to be in circulation.",,,,Confirmed,Not Available,https://www.youtube.com/watch?v=sfvWIff2uwc&t=1349s
It's Almost Dry,"I Pray For You [V1]
(feat. Kanye West & Labrinth)","OG Filename: 210426 Gallery Freestyles pt 2 - Labrinth Ye Ref 1
First bounce of the Kanye freestyle, cutting the song at 40 seconds. Features the same Labrinth vocals as the release version.",0:40,"Apr 26, 2021","Oct 14, 2023",OG File,CD Quality,https://pillows.su/f/b51b6a849321f6e1c9da1c4b74e11272
It's Almost Dry,"I Pray For You [V2]
(feat. Kanye West & Labrinth)","OG Filename: 210426 Gallery Freestyles pt 2 - Labrinth Ye Ref 2_full
Second bounce of the Kanye freestyle, this time containing the full song. Features the same Labrinth & Pusha T vocals as the release version.",3:57,"Apr 26, 2021","Oct 14, 2023",OG File,CD Quality,https://pillows.su/f/a3d0c18596367e8e9b9010070baee74c
It's Almost Dry,"Puppets (Succession Remix) [V1]
(prod. Nicholas Brittell)","According to Pusha T, he tweaked a few of the lyrics to not give away too many of the plot's details for the show ""Succession"" since it would released before the season's finale.",,,,Confirmed,Not Available,https://www.vulture.com/2019/10/succession-pusha-t-remix.html
It's Almost Dry,"Rock N Roll [V1]
(feat. Kanye West)","A Kanye mumble verse can be heard in the vocal bleed of the Don Toliver reference track. Possibly a reference track for Don Toliver, but it may be an early version of his feature. It's unclear.",,,,Snippet,Low Quality,https://pillows.su/f/fd1585c07792097c7e1aa4506b26f33d
It's Almost Dry,"Rock N Roll [V2]
(ref. Don Toliver) (prod. Jason White)
(Livin It Up)","OG Filename: 210429 Gallery JW DT - Rock N Roll_DT better-St
Original reference track by Don Toliver. This reference track, with added production, ended up being turned into a song titled ""Livin It Up"".",2:23,"Apr 29, 2021","Oct 14, 2023",OG File,High Quality,https://pillows.su/f/a9feddd047e61f7b73f0756e07539742
It's Almost Dry,"Rock N Roll [V3]
(ref. Don Toliver) (prod. Jason White)
(Livin It Up)","OG Filename: kw gallery with jw 3
Rougher, untuned bounce of Don's reference.",2:32,"May 17, 2021","Oct 10, 2023",OG File,CD Quality,https://pillows.su/f/53f158c00f925c037785ea00dc0faf3b
It's Almost Dry,"Rock N Roll [V4]
(ref. Don Toliver) (prod. Jason White, Rico Nichols & Darius Woodley
(Livin It Up)","OG Filename: Rock N Roll - 21.05.18 RxD_edit 3
First version of the Don Toliver reference track with production from Rico Nichols & Darius Woodley. Has a slightly different vocal arrangment and different production from ""Livin It Up"".",2:25,"May 18, 2021","Oct 14, 2023",OG File,CD Quality,https://pillows.su/f/7f25997f783d94d7a89805bcab42cd82
It's Almost Dry,"Rock N Roll [V5-V7]
(feat. Kanye West & Kid Cudi) (prod. Kanye West)","Pusha T mentions in an interview that Cudi did ""like, three or four different references"" and they got to pick which one they used. Pharrell hadn't redone the drums at this point since Kanye was just chopping up the sample.",,,,Confirmed,Not Available,https://www.youtube.com/watch?v=5EUhJExon6I
It's Almost Dry,"Rock N Roll [V8]
(ref. Rhymefest) (prod. Kanye West)","OG Filename: Rock N Roll - Rhymefest Ref
According to a trusted source, Rhymefest recorded.",,,,Rumored,Not Available,N/A
It's Almost Dry,"Scrape It Off [V1]
(feat. Don Toliver & Kanye West)",Early version with a mumble Kanye verse.,,,"Mar 11, 2024",Snippet,Recording,https://pillows.su/f/db632a5fdfa77439ad0b44dceb1acc78
It's Almost Dry,"Shotta [V2]
(feat. Kanye West) (prod. BoogzDaBeast & Kanye West)
(Hear Me Clearly)","OG Filename: 210426 Gallery Freestyles pt 2 - Shotta Ye Ref 1
Rough Kanye verse, with Pusha T on the hook. Unknown if this verse was a reference for himself, or Pusha T.",2:07,"Apr 26, 2021","Oct 14, 2023",OG File,CD Quality,https://pillows.su/f/54aa6f267f54f76eb6ed634f50168f69
It's Almost Dry,"???
(feat. Anderson .Paak) (prod. Hit-Boy)
(Lift You Up)","Unnamed song with Anderson .Paak, made in 2020. It's unknown if this song was Pusha's or Anderson's. Open verse for either Anderson .Paak or another feature.

A 2020 Pusha T x Anderson .Paak song produced by Hit-Boy. Unknown whether it's Anderson's or Pusha's song. Has an open verse, likely for Anderson or another feature.",2:15,,2020,Full,CD Quality,https://pillows.su/f/d998a92f509504c49b9b6f663650c6c3
It's Almost Dry,"Kanye West - Alien [V30]
(ref. Pusha T) (feat. Ant Clemons) (prod. Pi'erre Bourne)
(Space X)","OG Filename: 04.09.19 Pusha Ref
Pusha T reference track. Has 1:30 of Pusha T vocals which is the same exact amount of Kanye vocals on V1 with his verse. Was being sold on TheSource with the snippet being posted Sep 27th 2020. Another LQ snippet leaked Aug 27th 2024. Leo would finally leak the song.",2:40,"Apr 9, 2019","Feb 1, 2025",OG File,CD Quality,https://pillows.su/f/3e36517d6d5927deba66eaa891850721
It's Almost Dry,"Kanye West - All Dreams Real [V25]
(ref. Pusha T) (prod. Calabasas, Federico Vindver & Angel Lopez)","OG Filename: All Dreams Real - 09.08.19 Clipse
Solo Pusha T reference track, though labeled as ""Clipse"". Original snippet leaked April 15th, 2026.",3:13,"Sep 8, 2019","Apr 18, 2026",OG File,CD Quality,https://pillows.su/f/2f1a24da649a01ffaf68a92af6e49a80
It's Almost Dry,"Kanye West - All Dreams Real [V26]
(ref. Pusha T) (prod. Calabasas, Federico Vindver & Angel Lopez)","OG Filename: All Dreams Real - 09.10.19 Clipse
Alternate mix of the previous version.",3:13,"Sep 10, 2019","Apr 18, 2026",OG File,CD Quality,https://pillows.su/f/ee7b4a36cf2ffbb8fae5b24416be81d8
It's Almost Dry,"Kanye West - Blood Of The Lamb [V17]
(feat. Pusha T, Marsha Ambrosius & Consequence) (prod. Dr. Dre & FnZ)
(Donda, They Were Overcome)","Version with production from Dr. Dre and a verse from Pusha T. It's unknown when this was made, but due to direct references from Pusha T to his mother's death in November 2021, and 2022, it's safe to assume the verse was recorded sometime in 2022. Has more production and sound effects in the intro.",4:23,,"Sep 25, 2023",Full,CD Quality,https://pillows.su/f/ef4cc568402ee11f3a3482294f688b2b
It's Almost Dry,"Kanye West - Closed On Sunday [V14]
(ref. Pusha T) (prod. Timbaland & AllDay)","Pusha T reference track, said to exist by Waterfalls. Further confirmed through writing credits.",,,,Rumored,Not Available,N/A
It's Almost Dry,"Kanye West - Everything We Need [V34]
(ref. Pusha T) (feat. Ty Dolla $ign & Ant Clemons)
(Jeet, The Storm, We Begin, XXX, We Begin After The Storm Inside)","OG Filename: Everything We Need - 10.20.19 OG v1 w Eve v2
Has a single Pusha T reference line punch-in and an extended outro with Ty Dolla $ign vocals. Has less effects on the Kanye vocal take.",2:12,"Oct 20, 2019","Jan 31, 2023",OG File,Lossless,https://pillows.su/f/40abda62bcf4d0f3032dd92574cb8825
It's Almost Dry,"Kanye West - Everything We Need [V37]
(ref. Pusha T) (feat. Ty Dolla $ign & Ant Clemons)
(Jeet, The Storm, We Begin, XXX, We Begin After The Storm Inside)",Version with a different vocal take on second verse. Pusha T punches in for Kanye on the first verse. Has much harder hitting drums. Was played at the LA listening party.,,,"Oct 25, 2019",Full,Recording,https://pillows.su/f/6a56acecd523107e712cadb4a633e9fa
It's Almost Dry,"Kanye West - I Love It [V2]
(feat. Pusha T & Lil Pump)
(Sluts Are Awesome)","Earliest known version of ""I Love It"", with vocals from Pusha T, and Lil Pump doing his verse that was later be reused on his song ""Be Like Me"". Missing Valee's verse from later versions. Has the same Kanye verse as release.",1:50,,"Jul 20, 2025",Full,CD Quality,https://pillows.su/f/d7c49bd28078c5a9ec1635b77ec419fb
It's Almost Dry,"Kanye West - Life Of The Party [V4]
(ref. Pusha T) (prod. AllDay)",Pusha T reference track. Covers the original Kanye verses and the verses played at Vegas with some alternate lyrics.,2:47,"Jul 26, 2020","Sep 20, 2023",OG File,CD Quality,https://pillows.su/f/78a0e7168616f58ab06ba8220a6faec4
It's Almost Dry,"Kanye West - Off The Grid [V7]
(ref. Pusha T) (prod. 30 Roc)","OG Filename: OFF THE GRID - DEM JOINTZ MIX THREE (Working On Ye's Verse)
Pusha T reference track. Was used in an unreleased trailer for the Dame Dash film Stoned.",1:38,,"Aug 6, 2021",OG File,CD Quality,https://pillows.su/f/2fe5038471b7f1da012174cc5854e515
It's Almost Dry,"Kanye West - Alien [V39]
(ref. ???) (feat. Ant Clemons, Kid Cudi, 2 Chainz, Quavo, Pusha T & Jaden) (prod. RONNY J, BoogzDaBeast, FNZ, BONGO ByTheWay & Andrew Dawson)
(Space X)","OG Filename: Alien ALL Mix
""Alien"" posse cut. Has the Kanye punch-in verse from previous version and cut-down verses from Kid Cudi, 2 Chainz, Quavo, Pusha T & Jaden Smith. Kid Cudi has an alternate vocal take. Dubbed ""Grailien"" due to the amount of artists on it.",3:13,,"Sep 17, 2022",OG File,CD Quality,https://pillows.su/f/43283817ca7523736636512bda08eeed
It's Almost Dry,"Kanye West - Alien [V40]
(ref. ???) (feat. Ant Clemons, Kid Cudi, 2 Chainz, Quavo, Pusha T, Jaden & Dem Jointz) (prod. RONNY J, BoogzDaBeast, FNZ, BONGO ByTheWay, Andrew Dawson & Dem Jointz)
(Space X)",Mix one of the Dem Jointz version proven to exist by the filename below.,,,,Confirmed,Not Available,
It's Almost Dry,"Kanye West - Alien [V41]
(ref. ???) (feat. Ant Clemons, Kid Cudi, 2 Chainz, Quavo, Pusha T, Jaden & Dem Jointz) (prod. RONNY J, BoogzDaBeast, FNZ, BONGO ByTheWay, Andrew Dawson & Dem Jointz)
(Space X)","OG Filename: Alien (Dem Jointz MIX TWO)
Final known version, with completely different Ant Clemons vocals & new production and backing vocals from Dem Jointz. Overall, just a better version of the ""ALL Mix."" Has a beatswitch at the end.",3:32,"Oct 23, 2020","Sep 17, 2023",OG File,CD Quality,https://pillows.su/f/43a53ed17fd8278dc896b53678b8e6d2
It's Almost Dry,"Kanye West - Lord I Need You [V16]
(ref. Pusha T) (feat. SAINt JHN) (prod. E.VAX, FnZ & BoogzDaBeast)
(Lord, Lord I Need You Right Now, Lord I Need You To Wrap Your Arms Around Me, Wrap Your Arms Around Me)","OG Filename: - REF - Lord Saint Dawson Work.1 (INST) 1 01
First known version with Saint JHN vocals. Has more Saint JHN vocals than later versions of the song.",4:51,"Sep 17, 2020","Sep 17, 2023",OG File,High Quality,https://pillows.su/f/709b0aec34444ebdc8eb6f0cec844506
It's Almost Dry,"Kanye West - Lord I Need You [V17]
(ref. Pusha T) (feat. SAINt JHN) (prod. E.VAX, FnZ & BoogzDaBeast)
(Lord, Lord I Need You Right Now, Lord I Need You To Wrap Your Arms Around Me, Wrap Your Arms Around Me)","OG Filename: - Lord I Need You V1
Version with more Pusha T & SAINt JHN vocals, which would be removed from later versions.",3:51,"Sep 18, 2020","Sep 17, 2023",OG File,CD Quality,https://pillows.su/f/c00fd0a0d9aeee269ba0b0099dce6309
It's Almost Dry,"Kanye West - Lord I Need You [V18]
(ref. Pusha T) (feat. SAINt JHN) (prod. E.VAX, FnZ & BoogzDaBeast)
(Lord, Lord I Need You Right Now, Lord I Need You To Wrap Your Arms Around Me, Wrap Your Arms Around Me)","OG Filename: - Lord I Need You V2
Has production not seen on production with harder hitting drums not from Wheezy and different melodies. Alternate mix of the previous version, with more silence at the end.",4:02,"Sep 19, 2020","Sep 17, 2023",OG File,CD Quality,https://pillows.su/f/93cee8fdd789b06e44417670b2187037
It's Almost Dry,"Kanye West - Off The Grid [V8]
(ref. Pusha T) (feat. 2 Chainz) (prod. 30 Roc)","OG Filename: Off The Grid - 8.21.20 2 Chainz
Original 2 Chainz version.",2:31,"Aug 21, 2020","Sep 17, 2023",OG File,High Quality,https://pillows.su/f/840b032d61e9cb5e50f73fca963aafed
It's Almost Dry,"Kanye West - Off The Grid [V9]
(ref. Pusha T) (feat. 2 Chainz) (prod. 30 Roc, BoogzDaBeast & FnZ)","OG Filename: Off The Grid V1
Version with Pusha T, 2 Chainz and production from BoogzDaBeast & FnZ.",2:31,"Sep 13, 2020","Sep 17, 2023",OG File,CD Quality,https://pillows.su/f/5d45fb36e2b8ae43d14b64e86a427095
It's Almost Dry,"Kanye West - Off The Grid [V10]
(ref. Pusha T) (feat. 2 Chainz) (prod. 30 Roc, BoogzDaBeast & FnZ)","OG Filename: Off The Grid V2 (clap added)
Similar to the previous version, but with an added clap and better mixing.",2:31,"Sep 13, 2020","Sep 17, 2023",OG File,CD Quality,https://pillows.su/f/5806e0e63042a43beb24b36571e931c6
It's Almost Dry,"Kanye West - Off The Grid [V11]
(ref. Pusha T) (feat. 2 Chainz) (prod. 30 Roc, BoogzDaBeast & FnZ)","OG Filename: Off The Grid V3
Version featuring 2 Chainz with a new beat.",2:24,"Sep 13, 2020","Sep 17, 2023",OG File,CD Quality,https://pillows.su/f/f9d1ddfb12c9ce78732c9e479961a11b
It's Almost Dry,"Kanye West - Off The Grid [V12]
(ref. Pusha T) (feat. 2 Chainz) (prod. 30 Roc, BoogzDaBeast & FnZ)","OG Filename: Off The Grid V4
Similar to the previous version, but the production and structure is more finalized.",2:31,"Sep 13, 2020","Sep 17, 2023",OG File,CD Quality,https://pillows.su/f/13e8e76d573862c7c30d59acb6bf07f4
It's Almost Dry,"Kanye West - Believe What I Say [V9]
(ref. Pusha T) (prod. Dem Jointz, BoogzDaBeast, FnZ & Antman Wonder)","Pusha T reference track, said to exist by Waterfalls.",,,,Rumored,Not Available,Source Needed
It's Almost Dry,"Kanye West - Believe What I Say [V16]
(ref. Pusha T) (feat. Dem Jointz & Buju Banton) (prod. Dem Jointz, BoogzDaBeast, FNZ & Antman Wonder)","Pusha T reference track, said to exist by Waterfalls, with crave later releasing a snippet on March 3rd, 2026.",,,"Mar 3, 2026",Snippet,CD Quality,https://pillows.su/f/92302e01446c946fbd004fafce284618
It's Almost Dry,"Kanye West - Lord I Need You [V21]
(ref. Pusha T) (feat. SAINt JHN & Sunday Service Choir) (prod. Ojivolta, BoogzDaBeast, FnZ & Dem Jointz)
(Lord, Lord I Need You Right Now, Lord I Need You To Wrap Your Arms Around Me, Wrap Your Arms Around Me)","OG Filename: Lord I Need You OjiVolta DEM JOINTZ MIX 1 11.25.20 no st john
Has new drums and has faint vocoder vocals of SAINt JHN.",3:22,"Nov 25, 2020","Sep 18, 2023",OG File,CD Quality,https://pillows.su/f/8056b272d860df299e938ce9cff4a8a2
It's Almost Dry,"Kanye West - Lord I Need You [V22]
(ref. Pusha T) (feat. SAINt JHN & Sunday Service Choir) (prod. Ojivolta, BoogzDaBeast, FnZ & Dem Jointz)
(Lord, Lord I Need You Right Now, Lord I Need You To Wrap Your Arms Around Me, Wrap Your Arms Around Me)","OG Filename: Lord I Need You OjiVolta DEM JOINTZ MIX 2 11.30.20
Leaked from an July 2021 Donda copy. Has more Sunday Service vocals and a brighter mix compared to the previous version.",3:22,"Nov 30, 2020","Oct 1, 2023",OG File,CD Quality,https://pillows.su/f/923e6ae8ef9935307ad048c6823f6b66
It's Almost Dry,"Kanye West - Lord I Need You [V23]
(ref. Pusha T) (feat. SAINt JHN & Sunday Service Choir) (prod. Wheezy, BoogzDaBeast & FnZ)
(Lord, Lord I Need You Right Now, Lord I Need You To Wrap Your Arms Around Me, Wrap Your Arms Around Me)","OG Filename: Lord I Need You Wheezy Import 12.1.20
Version with a Pusha T reference verse and SAINt JHN on the chorus with the choir. Reused for June 2021 and played at the Las Vegas listening party.",3:22,"Dec 1, 2020","Jan 5, 2023",OG File,Lossless,https://pillows.su/f/55e11a6e2dd2c84b2937bd7e35830b77
It's Almost Dry,"Kanye West - Lord I Need You [V24]
(ref. Pusha T) (feat. SAINt JHN & Sunday Service Choir) (prod. Wheezy, BoogzDaBeast & FnZ)
(Lord, Lord I Need You Right Now, Lord I Need You To Wrap Your Arms Around Me, Wrap Your Arms Around Me)","OG Filename: Lord I Need You Wheezy Import  Edit 4 12.2.20
Unknown version seen on the December 2nd, 2020 iTunes tracklist. Unsure what the differences are, but Pusha T and SAINt JHN are most likely featured.",3:23,"Dec 2, 2020",,Confirmed,Not Available,
It's Almost Dry,"Kanye West - Praise God [V18]
(ref. Pusha T) (feat. Dem Jointz & Travis Scott) (prod. 30 Roc, Dem Jointz, E.VAX & Zentachi)
(Praise)","OG Filename: PRAISE GOD Donda Speaks Edit 6 11.23.20
Similar to the Dem Jointz mix, but at normal tempo as well as some mixing differences. Has Dem Jointz drums and production seen in only a few versions. Features an added Donda speech at the start that would carry on to later versions.",1:48,"Nov 23, 2020","Sep 19, 2023",OG File,CD Quality,https://pillows.su/f/4d40ba0a522197fdbcec3c1fba965120
It's Almost Dry,"Kanye West - Praise God [V21]
(ref. Pusha T) (feat. Dem Jointz & Travis Scott) (prod. 30 Roc, Dem Jointz, E.VAX & Zentachi)
(Praise)","OG Filename: PRAISE GOD Edit 2 12.5.20
Version used on a December 12th album copy. Removes some drums found in earlier versions and has Dem Jointz production seen in only a few versions. Leaked after a groupbuy.",1:55,"Dec 5, 2020","Mar 19, 2022",OG File,CD Quality,https://pillows.su/f/68abdc224a4910d37e40cc3eae83a27c
It's Almost Dry,"Kanye West - Praise God [V22]
(ref. Pusha T) (feat. Dem Jointz & Travis Scott) (prod. 30 Roc, Dem Jointz, E.VAX & Zentachi)
(Praise)","OG Filename: PRAISE GOD Donda Speaks Edit 6 12.06.20 _Orthodox
Version used on a December 12th album copy. Likely very similar to 11/23/20 version. ""Orthodox"" possibly refers to a choir sample.",,"Dec 6, 2020",,Confirmed,Not Available,N/A
It's Almost Dry,"Kanye West - Praise God [V23]
(ref. Pusha T) (feat. Travis Scott) (prod. Ojivolta)
(Praise)",Drumless version.,2:30,"Dec 22, 2020","Sep 18, 2021",Full,Lossless,"https://pillows.su/f/32ed4a2690310fdcb7d51ad526ca35a1
Lossless Needed"
It's Almost Dry,"Kanye West - South Carolina [V13]
(ref. Pusha T) (feat. STALONE & Sunday Service Choir)
(Donda, Glory, Donda's Glory)","OG Filename: South Carolina - 12.11.20 Ye Verse Pusha Fill Ins
Version used on a January album copy. First version with a proper verse, has punch-in lines from Pusha T. Leaked after a groupbuy.",4:31,"Dec 11, 2020","Mar 1, 2022",OG File,CD Quality,https://pillows.su/f/6bf7256b554d2405fa97e9257bd96668
It's Almost Dry,"Kanye West - South Carolina [V14]
(ref. Pusha T) (feat. STALONE & Sunday Service Choir) (prod. Che Pope)
(Donda, Glory, Donda's Glory)","Version with production from Che Pope. Samples ""In The World Of Fantasy"" by Smoke City. Unknown when it leaked.",,,,Partial,CD Quality,https://pillows.su/f/b7b5ddff42cb7cf80af7815a39780d57
It's Almost Dry,"Kanye West - Eternal Life [V17]
(ref. Really Doe & Pusha T) (prod. BoogzDaBeast)
(Ambitious, Devil Weak, The Devil Is Weak, We Got Eternal Life)","OG Filename: Eternal Life - Ye x Doe x Push
Version seen on June tracklists. This version is likely the same as versions listed below, but with different drums. Likely originally recorded in JESUS IS LORD era.",2:39,,,Rumored,Not Available,N/A
It's Almost Dry,"Kanye West - Eternal Life [V18]
(ref. Really Doe & Pusha T) (prod. BoogzDaBeast & Digital Nas)
(Ambitious, Devil Weak, The Devil Is Weak, We Got Eternal Life)","OG Filename: ETERNAL LIFE (Master)
Has new production, done by Digital Nas.",2:39,"Jul 5, 2021","Sep 20, 2023",OG File,Lossless,https://pillows.su/f/e7ef28ca5cf3561718563614850897f5
It's Almost Dry,"Kanye West - Praise God [V25]
(ref. Pusha T) (feat. Travis Scott) (prod. 30 Roc, Zentachi & Ojivolta)
(Praise)","OG Filename: Praise God - 210605 - Shorter_Fix Chords
Played at a listening party in Las Vegas, before the Baby Keem reference track. Version featuring different production, Pusha T's reference track and a feature from Travis Scott. Beginning of snippet featuring Pusha T was played during a listening party on accident.",1:53,"Jun 5, 2021","Oct 1, 2023",OG File,CD Quality,https://pillows.su/f/0df05cacb0292671b1fbf20b674164dd
It's Almost Dry,"Kanye West - Praise God [V26]
(ref. Pusha T & Baby Keem) (feat. Travis Scott, Baby Keem) (prod. 30 Roc, Zentachi & Ojivolta)
(Praise)","OG Filename: Praise God - 210618 - Trav Pusha Baby Keem
Probably first bounce with Baby Keem. Has really quiet snare in the mix.",3:58,"Jun 18, 2021","Oct 1, 2023",OG File,CD Quality,https://pillows.su/f/779620dca3d3e4312659b7b70457bd56
It's Almost Dry,"Kanye West - Praise God [V27]
(ref. Pusha T & Baby Keem) (feat. Travis Scott) (prod. 30 Roc, Zentachi & Ojivolta)
(Praise)","OG Filename: Praise God - 210618 - Trav Pusha Baby Keem intro trim
Second bounce with Baby Keem, intro has been trimmed and snare is removed completely. Very close to Las Vegas version, but the sample is arranged slightly differently.",3:56,"Jun 18, 2021","Oct 1, 2023",OG File,CD Quality,https://pillows.su/f/cbc7c629ac7034030c81f8cf3e926bc7
It's Almost Dry,"Kanye West - Praise God [V28]
(ref. Rhymefest, Pusha T & Baby Keem) (feat. Travis Scott) (prod. 30 Roc, Zentachi & Ojivolta)","OG Filename: Praise God - 210618 - Trav Pusha Baby Keem intro trim_Edit 1_118 BPM
Rhymefest reference track.",3:46,"Jun 18, 2021","Oct 30, 2024",OG File,CD Quality,https://pillows.su/f/b45e7e15aaf7d6a04e41eda879e191c9
It's Almost Dry,"Kanye West - South Carolina [V15]
(ref. Pusha T) (feat. STALONE & Sunday Service Choir)
(Donda, Donda's Glory, Glory)","OG Filename: South Carolina - For Digital nas 78.5
Drumless version of the December 2020 version bounced in May 2021. Meant for Digital Nas to place drums over, and thus contains a quiet tag as a result. Features an additional Pusha T punch-in. Leaked after a groupbuy.",4:31,,"Mar 1, 2022",Tagged,CD Quality,https://pillows.su/f/5f8de33c83b69efc72a75d66e9557c79
It's Almost Dry,"Kanye West - South Carolina [V16]
(ref. Pusha T) (feat. STALONE & Sunday Service Choir) (prod. Digital Nas)
(Donda, Donda's Glory, Glory)","May 2021 version with production from Digital Nas. Features the same tag as the previous version, but even quieter. Leaked as a bonus for the ""Let The Spirit Go Wild"" groupbuy.",4:35,,"Mar 16, 2022",Tagged,CD Quality,https://pillows.su/f/4265d01a56e42d2e01a22954e89d284e
It's Almost Dry,"Kanye West - South Carolina [V17]
(ref. Pusha T) (feat. STALONE & Sunday Service Choir) (prod. Digital Nas)
(Donda, Donda's Glory, Glory)","OG Filename: South Carolina - 210617 Ye Verse_Pusha Fill Ins_83BPM
Has more Kanye vocals and new drums that would be used on later versions. Found in a 2020-2021 copy of Donda.",4:31,"Jun 17, 2021","Feb 25, 2024",OG File,CD Quality,https://pillows.su/f/e65c568067d5b30a9e1d68260c9c4cb2
It's Almost Dry,"Kanye West - South Carolina [V20]
(ref. Pusha T) (feat. Sunday Service Choir & MUSYCA Children's Choir)
(Donda, Donda's Glory, Glory)",Version of the song with different instrumental. Likely similar to the June version.,,,"Sep 24, 2021",Snippet,Recording,https://pillows.su/f/9cacf0917753781c8fe41b847685af43
It's Almost Dry,"Kanye West - South Carolina [V21]
(ref. Pusha T) (feat. Sunday Service Choir & MUSYCA Children's Choir)
(Donda, Donda's Glory, Glory)","OG Filename: South Carolina - 210712 Current - 1st vrs no drums _Kids Choir
First version with piano, which would continue to be used in all future versions up until release. Found on a July 13th, 2021 copy of Donda. Has a beat switch that samples ""Teach Me How To Dougie"" by Cali Swag District, for some reason. Supa Hot Fire sample plays at the end of the song.",5:05,"Jul 12, 2021","Oct 1, 2023",OG File,CD Quality,https://pillows.su/f/a794221ba8109c2cd188fc5529f2511d
It's Almost Dry,"Kanye West - Donda [V22]
(ref. Pusha T) (feat. STALONE, Sunday Service Choir & MUSYCA Children's Choir) (prod. BoogzDaBeast, FNZ & Ojivolta)
(South Carolina, Donda's Glory, Glory)","Version featured on a July 13th copy of the album. Is very similar to the July 21st version of the song, but has a different mix.",3:41,,"Oct 14, 2023",Full,CD Quality,https://pillows.su/f/5ebc0e9a9e10e19a0936f19f257f1e7d
It's Almost Dry,"Kanye West - South Carolina [V25]
(ref. Pusha T) (feat. STALONE, Sunday Service Choir & MUSYCA Children's Choir) (prod. BoogzDaBeast, FNZ & Ojivolta)
(Donda's Glory, Glory, Donda)","OG Filename: South Carolina intro chop_n
Possibly the version played at the private Las Vegas listening party. Also possibly the file that was sent to Tony Williams to record over.",3:42,"Jul 17, 2021","Oct 1, 2023",Full,CD Quality,https://pillows.su/f/4a9412d279bd4b3d107b097b61dabd4a
It's Almost Dry,"Kanye West - South Carolina [V26]
(feat. Pusha T, STALONE, Sunday Service Choir & MUSYCA Children's Choir) (prod. BoogzDaBeast, FNZ & Ojivolta)
(Donda's Glory, Glory, Donda)","OG Filename: South Carolina intro chop_n - 210719 - Pusha recut
Possibly the version played at the private Las Vegas listening party. Also possibly the file that was sent to Tony Williams to record over.",3:42,"Jul 19, 2021","Oct 1, 2023",Full,CD Quality,https://pillows.su/f/a4bfd7964bbbe8fb328ebe65482c193e
It's Almost Dry,"Kanye West - Donda [V27]
(ref. Pusha T) (feat. The WRLDFMS Tony Williams, STALONE, Sunday Service Choir & MUSYCA Children's Choir) (prod. BoogzDaBeast, FNZ & Ojivolta)
(Donda's Glory, Glory, South Carolina)","Originally leaked as ""Vegas South Carolina"" with a fake OG filename ""South Carolina Ye Vox For Vegas Import"". Similar to the previous two versions, but with vocals from Tony Williams and different mixing. Tony Williams has stated himself that he recorded vocals after the listening party.",3:41,"Jul 21, 2021","Sep 8, 2021",Full,CD Quality,https://pillows.su/f/8bd5bfa86f046f3a57fd23f3cf47a324
It's Almost Dry,"Kanye West - Donda [V28]
(feat. Pusha T, The WRLDFMS Tony Williams, STALONE, Sunday Service Choir & MUSYCA Children's Choir) (prod. BoogzDaBeast, FNZ & Ojivolta)
(Donda's Glory, Glory, South Carolina)",Version of the song played at the first Donda listening party in Atlanta.,3:42,,"Jul 23, 2021",Full,High Quality,https://pillows.su/f/0b07f101813400695c99bfccfc072d4c
It's Almost Dry,"Kanye West - Tell The Vision [V19]
(feat. Pop Smoke & Pusha T) (prod. BoogzDaBeast)
(RIP Pop Smoke, Television, We Made It)",It's been said by an insider that the version that was on Faith was intended to release on Donda. It's unknown if there were any differences between this version and release.,,,,Rumored,Not Available,N/A
It's Almost Dry,"Kanye West - Donda [V29]
(feat. Pusha T, The WRLDFMS Tony Williams, STALONE, Sunday Service Choir & MUSYCA Children's Choir) (prod. BoogzDaBeast, FNZ & Ojivolta)
(Donda's Glory, Glory, South Carolina)","OG Filename: DONDA MIKE DEAN MIX 202
Seemingly an alternate mix of the LP1 version.",3:48,"Jul 24, 2021","Oct 14, 2023",OG File,CD Quality,https://pillows.su/f/d3b32f53cd6c258ea90d69c7c57c22dd
It's Almost Dry,"Kanye West - Donda [V30]
(feat. Pusha T, The WRLDFMS Tony Williams, STALONE & MUSYCA Children's Choir) (prod. BoogzDaBeast, FNZ & Ojivolta)
(Donda's Glory, Glory, South Carolina)","OG Filename: Donda FV BOOGZ v1
Version likely made in the sessions leading up to LP2. Has a different mix from the LP2 version of the song.",3:47,"Jul 26, 2021","Sep 25, 2023",OG File,CD Quality,https://pillows.su/f/31ca2d92254912c31620715b853a7520
It's Almost Dry,"Kanye West - Donda [V31]
(feat. Pusha T, The WRLDFMS Tony Williams, STALONE & MUSYCA Children's Choir) (prod. BoogzDaBeast, FNZ & Ojivolta)
(Donda's Glory, Glory, South Carolina)","OG Filename: Donda FV BOOGZ v2
Version likely made in the sessions leading up to LP2. Has alternate production on the verse.",3:50,"Jul 26, 2021","Sep 25, 2023",OG File,CD Quality,https://pillows.su/f/5d657090c24bb4453f619774ad4ffd29
It's Almost Dry,"Kanye West - Donda [V33]
(feat. Pusha T, The WRLDFMS Tony Williams, STALONE & MUSYCA Children's Choir) (prod. BoogzDaBeast, FNZ & Ojivolta)
(Donda's Glory, Glory, South Carolina)","OG Filename: Donda +FV BOOGZ+ v3 ORgan
Version with alternate organ-based production.",3:48,"Jul 29, 2021","Oct 29, 2023",OG File,CD Quality,https://pillows.su/f/413ba7c6aeb9d1281cdd62d7a8267dde
It's Almost Dry,"Kanye West - Donda [V35]
(feat. Pusha T, The WRLDFMS Tony Williams, STALONE & MUSYCA Children's Choir) (prod. BoogzDaBeast, FNZ & Ojivolta)
(Donda's Glory, Glory, South Carolina)","Version of the song played at the second Donda listening party in Atlanta, nearly identical to the LP1 version, but STALONE's vocals are much more prominent in the mix. Likely the last version with Pusha T vocals.",3:42,,"Aug 6, 2021",Full,CD Quality,https://pillows.su/f/8d93c7177779adf290fadc4ac437abda
It's Almost Dry,"Kanye West - Donda [V37]
(ref. Consequence, Rhymefest & Pusha T) (feat. STALONE, Sunday Service Choir & MUSYCA Children's Choir) (prod. BoogzDaBeast, FNZ & Ojivolta)
(Donda's Glory, Glory, South Carolina)","Rhymefest and Consequence reference track, includes some of the final Ye vocals. Seen on an August 5th, 2021 tracklist, with a snippet leaking two years later on August 5th, 2023. Likely made the day of / day before the second Atlanta LP, since this is when Consequence was doing his reference tracks. Another snippet leaked December 23rd, 2025. Sped up version leaked January 1st, 2026. File has been fixed to the original tempo, but has artifacting.",3:47,,"Jan 1, 2026",Full,CD Quality,"https://pillows.su/f/8cda6f48bdef165ad8779b85885e625f
https://pillows.su/f/30a62d38b4bfaec748548ed2abcb5eff
https://pillows.su/f/aedba9ae93b44e4c17e98da208a38721"
It's Almost Dry,"Kanye West - Junya [V24]
(ref. Pusha T) (prod. Digital Nas)","Reference done by Pusha T, said to exist by Waterfalls.",,"Aug 4, 2021",,Rumored,Not Available,N/A
It's Almost Dry,"Kanye West - Lord I Need You [V27]
(ref. Pusha T) (feat. SAINt JHN & Sunday Service Choir) (prod. BoogzDaBeast, FnZ & Fya Man)","OG Filename: Lord I Need You (B3 ORGAN)
Version with alt production.",2:42,"Jul 30, 2021","Sep 17, 2023",OG File,CD Quality,https://pillows.su/f/3c7b754683a50a986a3077ba8069d668
It's Almost Dry,"Kanye West - Lord I Need You [V28]
(ref. Pusha T) (feat. SAINt JHN & Sunday Service Choir) (prod. BoogzDaBeast, FnZ & Fya Man)","OG Filename: Lord I Need You (B3 ORGAN_NO VOCAL IN VERSE)
Version with alt production.",2:42,"Jul 30, 2021","Sep 17, 2023",OG File,CD Quality,https://pillows.su/f/2afa97da8a7041a694c13d7f27ac8e31
It's Almost Dry,"Kanye West - Lord I Need You [V29]
(ref. Pusha T) (feat. SAINt JHN & Sunday Service Choir) (prod. BoogzDaBeast, FnZ & Fya Man)","OG Filename: lord i need you (fya man drum revise 8-1)
Similar to the version played at the Las Vegas listening party. Has a Pusha T verse and SAINt JHN on the chorus with the choir. Contains drums from Fya Man.",3:28,"Aug 1, 2021","Dec 2, 2022",OG File,High Quality,https://pillows.su/f/793c50af8c291cf9877a066add420b7f
It's Almost Dry,"Kanye West - Lord I Need You [V64]
(ref. Pusha T) (feat. SAINt JHN) (prod. E.VAX, BoogzDaBeast, Finatik, f a l l e n & Andrew Dawson)
(Lord, Lord I Need You To Wrap Your Arms Around Me)","OG Filename: Lord I Need You 8.14.20 St.Jhn_Pusha_T & Lord I Need You 8.14.20
First version with vocals from Pusha T and SAINt JHN, with the two of them having much more vocals that would be cut down on other versions. Pusha has extra lines on his verse and JHN has a full second verse that would be cut entirely from later versions. Also has reworked production from SAINt JHN's producer f a l l e n as well as Andrew Dawson.",4:55,"Aug 14, 2020","May 17, 2026",OG File,CD Quality,https://pillows.su/f/b4ccba455ad214f5d1cce297c8c4f5d3
It's Almost Dry,"Kanye West - Lord I Need You [V65]
(ref. Pusha T) (feat. SAINt JHN) (prod. E.VAX, BoogzDaBeast, Finatik, f a l l e n & Andrew Dawson)
(Lord, Lord I Need You To Wrap Your Arms Around Me)","OG Filename: Lord I Need You
Similar to the previous file but with a different mix and cut down by 3 minutes, with there being a fade out outro. Unknown what the actual purpose of this file was.",1:55,,"May 17, 2026",OG File,CD Quality,https://pillows.su/f/cc21f2e52929721a34b53f326ff9c95e
It's Almost Dry,"Kanye West - Lord I Need You [V71]
(ref. Pusha T) (feat. SAINt JHN) (prod. E.VAX, BoogzDaBeast, f a l l e n & Andrew Dawson)
(Lord, Lord I Need You To Wrap Your Arms Around Me)","OG Filename: Lord I Need You Boogz Short Edit_ 11.5.20
Cut down of the FNZ version with an open verse that would be filled in by the SSC. Leaked after a groupbuy on May 17th 2020.",3:10,"Nov 5, 2020","May 17, 2026",OG File,CD Quality,https://pillows.su/f/25bd92de8356387ff769ea7da1ee609e
It's Almost Dry,"Kanye West - Lord I Need You [V74]
(ref. Pusha T) (feat. SAINt JHN & Sunday Service Choir) (prod. Kanye West, .VAX, BoogzDaBeast, f a l l e n, Andrew Dawson, FNZ Ojivolta & Dem Jointz)
(Lord, Lord I Need You To Wrap Your Arms Around Me)","OG Filename: Lord I Need You_Ye Edit_Pusha 11.16.20
Ye Edit of the song that adds the choir to the previous Pusha versions of the song. This version would be sent to producers to do alts of in late 2020. Leaked May 17th 2026 as part of a groupbuy.",3:22,"Nov 16, 2020","May 17, 2026",OG File,CD Quality,https://pillows.su/f/d152856a12b652a327bd77d9efaf793b
It's Almost Dry,"Kanye West - Lord I Need You [V75]
(ref. Pusha T) (feat. SAINt JHN & Sunday Service Choir) (prod. Kanye West, E.VAX, BoogzDaBeast, f a l l e n, Andrew Dawson, FNZ Ojivolta & Dem Jointz)
(Lord, Lord I Need You To Wrap Your Arms Around Me)",Version bounced from vocal and instrumental stems. Similar to the previous version.,3:22,"Nov 21, 2020","May 17, 2026",Stem Bounce,Lossless,
It's Almost Dry,"Kanye West - Lord I Need You [V76]
(ref. Pusha T) (feat. SAINt JHN & Sunday Service Choir) (prod. Kanye West, E.VAX, BoogzDaBeast, f a l l e n, Andrew Dawson, FNZ Ojivolta & Dem Jointz)
(Lord, Lord I Need You To Wrap Your Arms Around Me)","OG Filename: Lord I Need You OjiVolta DEM JOINTZ MIX 1 11.25.20
Version with Ojivolta production laid over the ""Ye Edit"" version and a really weird mix from Dem Jointz with lots of reverb.",3:22,"Nov 25, 2020","May 17, 2026",OG File,CD Quality,
It's Almost Dry,"Kanye West - Ok Ok [V6]
(ref. Vory, CyHi, Pusha T, Ab-Liva & Teddy Walton)
(I'm Not Ok)","OG Filename: OK Ok - Vory_CyHi_Pusha_Abliva_Teddy - 8.1.21
Filename shown by Monki om September 19th, 2024. It is unknown what changes there are to this song (if there even are any).",,"Aug 1, 2021",,Rumored,Not Available,N/A
It's Almost Dry,"Kanye West - Wake The Dead [V17]
(ref. Pusha T) (prod. BoogzDaBeast & E.VAX)","OG Filename: Wake The Dead 09.05.19 Pusha T
Initial Pusha T reference track, over the original guitarless production. Half of the file is empty.",4:33,"Sep 5, 2019","Feb 24, 2026",OG File,CD Quality,https://pillows.su/f/dcae99153e59017e2dfe288ae0ba9271
It's Almost Dry,"Kanye West - Wake The Dead [V18]
(ref. Pusha T) (prod. BoogzDaBeast & E.VAX)","OG Filename: Wake The Dead 09.05.19 Pusha T 1
Same as the previous version except it removes the empty space",2:08,"Sep 5, 2019","Feb 24, 2026",OG File,CD Quality,https://pillows.su/f/1951d5b1de33a67787f93c49ab984ee4
It's Almost Dry,"Kanye West - Wake The Dead [V19]
(ref. Pusha T) (prod. BoogzDaBeast & E.VAX)","OG Filename: Wake The Dead 09.05.19 Pusha T 2
Has Pusha T doing a reference for the hook, has the same verse as his previous references. Now has the guitar production from earlier Ye versions.",2:27,"Sep 5, 2019","Feb 24, 2026",OG File,CD Quality,https://pillows.su/f/ec261622598fb55fd5360a709f56a51f
It's Almost Dry,"KIDS SEE GHOSTS - Feel The Love [V6]
(feat. Pusha T) (prod. MIKE DEAN, Kanye West, Dot da Genius & Evan Mast)","OG Filename: 1 FEEL THE LOVE DREW MIKE JESS MIX 2_05
Version seen being played from Plain Pat's notes app at the album listening party, in a video posted to Jess Jackson's Instagram.",,,,Confirmed,Not Available,https://ibb.co/N62Xy1gp
It's Almost Dry,"KIDS SEE GHOSTS - Feel The Love [V7-V8]
(feat. Pusha T) (prod. MIKE DEAN, Kanye West, Dot da Genius & Evan Mast)",At least 2 other mixes are proven to exist by a filename below.,,,,Confirmed,Not Available,
It's Almost Dry,"KIDS SEE GHOSTS - Feel The Love [V9]
(feat. Pusha T) (prod. MIKE DEAN, Kanye West, Dot da Genius & Evan Mast)","OG Filename: FEEL THE LOVE DREW MIKE JESS MIX 3
Early mix. Bounce created by combining the acapella and instrumental.",2:46,"Jun 16, 2018","Oct 1, 2023",Stem Bounce,Lossless,https://pillows.su/f/f379753cfb3ee59bbda7dd2b131b99cf
It's Almost Dry,"Pop Smoke - Paranoia [V8]
(feat. Gunna & Pusha T) (prod. The Elements & 808 Melo)","Pusha T revealed during the controversy of his verse that he was the one who asked for Steven Victor to reach out to Young Thug for his feature, so there is a version with just Pusha and Gunna.",,,,Confirmed,Not Available,N/A
It's Almost Dry,"Pop Smoke - Paranoia [V9]
(feat. Young Thug, Gunna & Pusha T) (prod. 808 Melo, Crishan & The Elements)","Leaked soon after SFTSAFTM released. Originally meant to be released on the album as it was included on a tracklist that Steven Victor posted (track 5), but the song was taken off last minute. Song was dubbed to appear on the deluxe, however drama around his verse dissing Drake on a posthumous album caused Push to voluntarily request it be removed with the song dropping with solely the Gunna and Young Thug features.",4:10,,"Jul 3, 2020",Full,CD Quality,https://pillows.su/f/dc1cf2c01cbce65f8fb9c9792f03c2f5
It's Almost Dry,"The Game - EAZY [V3]
(feat. Ye & Pusha T) (prod. Hit-Boy)","Pusha T was teased as a feature. It is possible that he recorded a reference track, and there was miscommunication.",,,,Rumored,Not Available,https://www.reddit.com/r/WestSubEver/comments/s2n54l/pusha_t_the_game_and_dj_premier_will_all_be_on/?utm_medium=android_app&utm_source=share
It's Almost Dry,"Unknown [Ye Collaborations on ""It's Almost Dry""]
(prod. Ye)","According to Waterfalls, Ye made more beats for Pusha T's album ""It's Almost Dry"" that were not used in the final cut.",,,,Rumored,Not Available,N/A
It's Almost Dry,"Unknown [Kanye West Collaborations on ""JESUS IS KING""]","Lil Goblin has confirmed that Pusha T did other reference tracks for JESUS IS KING, and Alek stated that he and No Malice did these from May 2019 onwards. Waterfalls has said there are also tracks with punched-in Pusha T vocals, like on the version of ""Everything We Need""",,,,Rumored,Not Available,https://pillows.su/f/e3e4eb7c46eb6f1d0e99982450cc970d
It's Almost Dry,"Unknown [Kanye West Collaborations on ""Donda""]","Pusha T was working with Kanye on his ""new project"" before the COVID-19 pandemic ""delayed flights etc."" They were supposed to meet again on the 16th of March. Pusha's work likely largely included reference tracks, like what he did for JIK. It's unknown what he recorded for in these sessions.",,,,Confirmed,Not Available,https://pillows.su/f/636849049e1a78a845b60bb0dd6a0f2e
It's Almost Dry,"Unknown [Unheard Reference Tracks for ""Donda""]","Lil Goblin has confirmed that Pusha T did reference tracks for ""Alien"" and ""every other song on DONDA"". Further, KayCyy said that Pusha was at the ranch daily throughout the July sessions. It's unknown what he recorded for, besides ""Life Of The Party"", ""Believe What I Say"", ""Off The Grid"", and ""Lord I Need You"".",,,,Rumored,Not Available,N/A
"0 Full
0 Tagged
0 Partial
0 Snippet(s)
0 Unavailable",Let God Sort 'Em Out,"(12/08/2009) (""Til the Casket Drops"" is released)
(07/11/2025) (""Let God Sort 'Em Out"" releases)",,,,,,
Let God Sort 'Em Out,As God As My Witness [Album],"On February 8, 2013, Pusha T announced a new Clipse album titled ""As God As My Witness"". This is likely completely scrapped.",,,,Confirmed,Not Available,https://rapzilla.com/2013-02-no-malice-and-pusha-t-announce-the-clipse-new-album-as-god-as-my-witness/
Let God Sort 'Em Out,"Champion (Remix)
(feat. Pharrell Williams, Graph Nobel, Birdman & Mack Maine) (prod. The Neptunes)","Remix of ""Champion"" now featuring Pharrell, Birdman, Graph Nobel & Mack Maine.",6:40,,,Full,CD Quality,https://pillows.su/f/bacb4d0cfa05e49898be13feedc8f2f6
Let God Sort 'Em Out,"I'm Good (Remix)
(feat. Pharrell Williams & Rick Ross) (prod. The Neptunes)","Alternate version of ""I'm Good (Remix)"", ten seconds shorter than the final version.",4:23,,,Full,High Quality,https://pillows.su/f/35f45cd80b4c24598d83e60e31bfcad3
Let God Sort 'Em Out,"???
(prod. Kanye West, BoogzDaBeast & Xcelence)
(Follow God, Follow God (Remix), How Could You Lose If You Follow God)","In a Rolling Stone interview, Clipse revealed that Kanye had given them the beat and they'd recorded on it, but Kanye then asked for the beat back. In the same interview, Pusha T said he ""had planned to reveal that he was about to become a father"", which is included in the lyrics of the remix, meaning they likely were taken from this solo Clipse demo.",,,,Confirmed,Not Available,https://archive.is/pyqbd#selection-2329.2-2344.0
Let God Sort 'Em Out,"Kanye West - Law Of Attraction [V12]
(feat. Ant Clemons, Clipse & Kenny G)
(Bad Taste, Use This Gospel, Breastplate Of Right, Grab Your Armour For Protection, Breastplate Of Righteousness, You Don't Know)","August version of the song. Said to have an ""Ant Clemons hook with Clipse and different [Kanye] vocal take"", as well as a ""sax and guitar outro"". Lacks the Pi'erre beat switch.",,,,Confirmed,Not Available,
Let God Sort 'Em Out,"Kanye West - Use This Gospel [V24]
(feat. Clipse, Kenny G & Sunday Service Choir) (prod. Federico Vindver, BoogzDaBeast, Angel Lopez, Timbaland, DRTWRK & Pi'erre Bourne)
(Law Of Attraction, Breastplate Of Righteousness)","Similar to above version, but with ""use this gospel"" hook instead of ""grab your armor"". Played at New York listening party.",,,"Sep 29, 2019",Partial,Recording,https://pillows.su/f/7028bf4cb417bb9a193e7633b3ee91ea
Let God Sort 'Em Out,"Kanye West - Use This Gospel [V27]
(feat. Clipse, Kenny G & Sunday Service Choir)
(Bad Taste, Law Of Attraction, Breastplate Of Right, Grab Your Armour For Protection, Breastplate Of Righteousness, You Don't Know)","Teenage Engineering Stemplayer alternate mix that leaked November 7, 2025 in response to the beginning of The Great Ye Tracker War of 2025, where YZYCORD created their own Ye Tracker that claims to be better than Scalder's. Likely dated on or around October 23, 2019.",3:34,,"Nov 7, 2025",Full,Lossless,https://pillows.su/f/0298364e273d6cd799be72064582cd61
Let God Sort 'Em Out,"Kanye West - Use This Gospel [V127]
(feat. Clipse, Kenny G & Sunday Service Choir) (prod. Kanye West, Federico Vindver, BoogzDaBeast, Angel Lopez, Timbaland, Pi'erre Bourne & DRTWRK)
(Law Of Attraction, Breastplate Of Righteousness)","OG Filename: Use This Gospel (MD JJ MIX 6_end trim) (MASTERED DK)
Made 1 day before the release of JESUS IS KING.",3:33,"Oct 24, 2019","Aug 28, 2022",OG File,Lossless,https://pillows.su/f/6fb37b2e37db2ee58cc6ebeb48255553
Let God Sort 'Em Out,"Kanye West - Use This Gospel [V128]
(feat. Clipse, Kenny G & Sunday Service Choir) (prod. Kanye West, Federico Vindver, BoogzDaBeast, Angel Lopez, Timbaland, Pi'erre Bourne & DRTWRK)
(Law Of Attraction, Breastplate Of Righteousness)","OG Filename: Use This Gospel (MD JJ MIX 6_end trim) (MASTERED DK) (24bit)
Made on JESUS IS KING's release date.",3:33,"Oct 25, 2019","Aug 28, 2022",OG File,Lossless,https://pillows.su/f/83ce4eb11fc12a62d8a36e31582cb183
Let God Sort 'Em Out,"Kanye West - Use This Gospel [V129]
(feat. Clipse, Kenny G & Sunday Service Choir) (prod. Kanye West, Federico Vindver, BoogzDaBeast, Angel Lopez, Timbaland, Pi'erre Bourne & DRTWRK)
(Law Of Attraction, Breastplate Of Righteousness)","OG Filename: Use This Gospel (MD JJ MIX 6_end trim) 48k 24bit (MASTERED DK)
Made on JESUS IS KING's release date.",3:34,"Oct 25, 2019","Aug 28, 2022",OG File,Lossless,https://pillows.su/f/68fd4433448248dd5c52465a5b103c94
Let God Sort 'Em Out,"Kanye West - Follow God (Remix)
(feat. Clipse) (prod. Kanye West, BoogzDaBeast & Xcelence)","OG Filename: Follow God Remix 10.28.19
Official remix done by Clipse. Original snippet came from Pusha T's manager's Instagram story shortly after ""JESUS IS KING"" released, with another posted to Pusha's own Instagram in December 2019, and the final from when it was put up for sale on TheSource. Clipse's vocals come from an earlier solo version, from when Kanye had originally given them the beat, before he took it back.",3:31,"Oct 28, 2019","Sep 17, 2023",OG File,CD Quality,https://pillows.su/f/da5ee6e81f7f83dc0d3b7489d5227b37
Let God Sort 'Em Out,"Kanye West - Wake The Dead [V21]
(ref. Clipse) (prod. BoogzDaBeast & E.VAX)","OG Filename: Wake The Dead - 09.09.19 Clips
Has No Malice's hook vocals and Pusha's reference for the first verse.",2:27,"Sep 9, 2019","Feb 24, 2026",OG File,CD Quality,https://pillows.su/f/26f66b4ed278bef033c04f17f17753e5
Let God Sort 'Em Out,Kid Cudi - Angels & Demons [V1],"Kid Cudi throwaway in 2011, intended to feature Clipse, but it's unknown if they ever recorded.",2:01,,,Full,High Quality,https://pillows.su/f/8f5d41ffb1960b4129081ec181ecd5e1
Let God Sort 'Em Out,"Unknown [Kanye West Collaborations on ""JESUS IS KING""]","A folder was seen in the OG file list, that contained the Clipse sessions for JIK. It has been incinuated that there are more tracks containing the duo. It's possible that ""I Pray For You"", from ""It's Almost Dry"" was one of these, given the Labrinth feature, production, and lyrics. Could also include ""Closed On Sunday"" and ""Selah"", as both Pusha T and No Malice have writing credits for those tracks.",,,,Rumored,Not Available,https://pillows.su/f/0c1b34625539ebc51b9f2747284b63b8
Let God Sort 'Em Out,"Unknown [Kid Cudi Collaborations on ""Cudder: The Revolution of Evolution""]","In a MTV interview, Kid Cudi mentioned that he had recorded songs with Clipse for his album ""Cudder: The Revolution of Evolution"".",,,,Confirmed,Not Available,
Let God Sort 'Em Out,"Chains & Whips [V1]
(feat. Pharrell WIlliams) (prod. Pharrell Williams)","Version of ""Chains & Whips"" played at the Louis Vuitton Men's SS23 show, later leaking in full on July 1, 2023, likely intended for Pharrell's ""Phreidns, Vol. 1"" unreleased project. This version was during the label dispute from Kendrick Lamar's verse, so the chorus is meant to fill in. Has slightly different production, a different guitar and a different Malice take.",3:02,,"Jul 1, 2023",Full,High Quality,https://pillows.su/f/76eda64a74e55efc8df8b19f8d511b15
Let God Sort 'Em Out,"P.O.V. [V2-V?]
(feat. Tyler, the Creator) (prod. Pharrell Williams)
(POV)","In an interview with Tyler, the Creator, he stated that he had to redo his verse ""79 to 100"" times due to nervousness and was ready to give up on the verse.",,,,Confirmed,Not Available,
Let God Sort 'Em Out,"???
(feat. JAY-Z) (prod. Pharrell Williams)","In a 2026 GQ interview with JAY-Z. He may or may not implied that he was close to getting on the album and got cut last minute, meaning there may be a JAY-Z feature on an unreleased track.

""Yeah, I was close. I think the first thing that I say, it has to be said from me.""",,,,Confirmed,Not Available,
"0 Full
0 Tagged
2 Partial
0 Snippet(s)
1 Unavailable","PT5
(by Pusha T)","(04/22/2022) (""It's Almost Dry"" releases)
(Ongoing)",,,,,,
PT5,"Chase B - Hotel Lobby [V2]
(feat. Don Toliver & Pusha T) (prod. Ambeeza, BG Free, & Chase B)","Chase B revealed a Pusha T feature for ""Hotel Lobby"" at a club on October 27, 2024. Has new mixing and a new beat transitioning into Pusha's verse.",,,"Oct 27, 2024",Partial,Low Quality,https://pillows.su/f/68916cacb8c1d12e1375e4c81bd058d0
PT5,"Future & Metro Boomin - Like That (Remix) [V3]
(feat. Kanye West, Kendrick Lamar & Pusha T) (prod. Metro Boomin)","Version of the remix said to exist by Pop. Has Kendrick Lamar & Pusha T vocals, although it's been said by other sources that Pusha T recorded for a different remix, and is not associated with the Ye version at all.",,,,Conflicting,Not Available,
PT5,"Jackson Wang - Sex God
(feat. Pusha T) (prod. Pharrell Williams)",Previewed during Louis Vuttion Fall/Winter 2026.,,,"Jan 20, 2026",Partial,CD Quality,https://twitter.com/mediaskiiiiiiii/status/2013700827119263815?s=20
PT5,Unknown [Ye Collaborations],"Pusha T stated in a Complex interview on September 27th, 2022 that he's been working on new music with Ye, Pharrell, and No I.D. It is possible that this is unrelated to the ""WAR"" sessions.",,,,Confirmed,Not Available,https://www.complex.com/music/pusha-t-interview-exclusive-premiere-arbys-track
"0 Full
0 Tagged
0 Partial
0 Snippet(s)
1 Unavailable","M3
(by Malice)","(08/18/2017) (""Let the Dead Bury the Dead"" releases)",,,,,,
M3,"Kanye West - Everything We Need [V34]
(ref. Malice) (feat. Ty Dolla $ign & Ant Clemons) (prod. Kanye West, Federico Vindver, BoogzDaBeast, RONNY J, FNZ & MIKE DEAN)
(Jeet, The Storm, We Begin, XXX, We Begin After The Storm Inside)","OG Filename: Everything We Need - 10.20.19 OG v1 w Eve v2
Has a single No Malice reference line punch-in and an extended outro with Ty Dolla $ign vocals. Has less effects on the Kanye vocal take.",2:12,"Oct 20, 2019","Jan 31, 2023",OG File,CD Quality,https://pillows.su/f/40abda62bcf4d0f3032dd92574cb8825
M3,"Kanye West - Glory [V19]
(feat. Victory, Labyrinth & Malice)
(Sierra Canyon)","In a Zane Lowe Beats 1 interview after the release of ""JESUS IS KING"", Kanye said this song was being worked on with a No Malice feature. It was brought back to be worked on for ""JESUS IS KING: The Dr. Dre Version"", but it's unknown how much Dr. Dre worked on it. Not to be confused with ""This Is The Glory"".

Brought back to be worked on ""JESUS IS KING: The Dr. Dre Version"" from the original ""JESUS IS KING"". In the post-release Zane Lowe Beats 1 interview, Kanye said this song was being worked on, with a No Malice feature. Very likely taken from his reference track. Unknown how much Dre worked on this song. Not to be confused with ""This Is The Glory"".",,,,Confirmed,Not Available,https://www.youtube.com/watch?t=6365&v=QuOCvKvrwI8&feature=youtu.be
M3,"Kanye West - Wake The Dead [V20]
(ref. Malice) (prod. BoogzDaBeast & E.VAX)","OG Filename: Wake The Dead 09.06.19 No Malice
No Malice reference track, doing both the hook and first verse.",2:27,"Sep 6, 2019","Feb 24, 2026",OG File,CD Quality,https://pillows.su/f/d2fbd3dc995fa273f41007b93c943063
M3,"Kanye West - Wake The Dead [V23]
(ref. Malice) (prod. BoogzDaBeast & E.VAX)","OG Filename: Wake The Dead - 09.15.19 Clips
No Malice reference track that uses the same hook takes as earlier, but has an alternate vocal take for the verse. Labeled as Clipse in the filename but it's only No Malice vocals.",2:27,"Sep 15, 2019","Feb 24, 2026",OG File,CD Quality,https://pillows.su/f/b10c5d608aad385cf8b346c1b12fcce0
"0 Full
0 Tagged
0 Partial
0 Snippet(s)
1 Unavailable",C5,"(07/11/2025) (""Let God Sort 'Em Out"" releases)
(Ongoing)",,,,,,
C5,Unknown [Fred Again Collaboration],"On an episode of ""The In Amongst It Show"" with Clipse, Pusha T would confirm a Fred Again collaboration. Unknown if Fred Again is the feature or the main artist.",,,,Confirmed,Not Available,https://www.youtube.com/watch?v=X0n7vv1LFuE&t=187s
