Era,Name,"Notes
(Join the Discord to help fix any issues + help with dead links)","File
Date",Leak Date,Full Length,BPM,Available Length,Quality,Link(s)
,"Before The College Dropout
(Get Well Soon..., I'm Good..., Kon The Louis Vuitton Don)","(06/08/1977) (Kanye West is born in Atlanta)
(08/18/2002) (Kanye announces he signed to Roc-A-Fella)",,,"Before Kanye released his first album to critical acclaim in 2004, he pursued many other projects, including a rap trio group named the ""Go Getters"" and production for other rappers, including, but not limited to JAY-Z, Common, Talib Kweli, and Scarface. Two years before the release of The College Dropout, Kanye began releasing a series of mixtapes to generate hype and publicity for the eventual release of his first album. Kanye eventually signed with Roc-A-Fella records in August 2002.",,,,
,Instrumentals,,,,,,,,
Before The College Dropout,"Beat 1
(prod. Kanye West)","Track 1 from the September 1997 demo beat tape. Samples the song ""The World Is a Ghetto"" by George Benson and the Common vs. Kanye freestyle battle.",,,1:44,84,Full,High Quality,https://imgur.gg/f/kpD5dc3
Before The College Dropout,"Beat 2
(prod. Kanye West)
(City To City)","Track 2 from the September 1997 demo beat tape. Would later be given to Grav for the song ""City To City"", with the first few seconds of the instrumental missing from the final version.",,,1:22,89,Full,High Quality,https://imgur.gg/f/BpO4dfy
Before The College Dropout,"Beat 3
(prod. Kanye West)","Track 3 from the September 1997 demo beat tape. Samples the songs ""The Infamous Prelude"" by Mobb Deep and ""Melodies of Love"" by Joe Sample.",,,1:40,90,Full,High Quality,https://imgur.gg/f/vBBPP60
Before The College Dropout,"Beat 4
(prod. Kanye West)
(Just You And I)","Track 4 from the September 1997 demo beat tape. An updated version of the instrumental would later be given to Mad Men for the song ""Just You And I"".",,,1:22,84,Full,High Quality,https://imgur.gg/f/tdR9cMy
Before The College Dropout,"Beat 5
(prod. Kanye West)","Track 5 from the September 1997 demo beat tape. Samples the songs ""Fly Fo Life"" by Suga Free and ""Guess You Didn't Know"" by One Way.",,,1:53,83,Full,High Quality,https://imgur.gg/f/ftzCvWZ
Before The College Dropout,"Beat 5
(prod. Kanye West)
(We F'ed Up)","Beat made for ""Takeover"", in 2001. Was recorded over by J Dilla without Kanye knowing in 2003. Unknown if JAY-Z recorded for this.",,,1:09,93,Full,High Quality,https://imgur.gg/f/nrMmRh2
Before The College Dropout,"Beat 6
(prod. Kanye West)
(What You Do To Me)","Track 6 from the September 1997 demo beat tape. An updated version of the instrumental for the Infamous Syndicate song ""What You Do To Me"".",,,1:37,93,Full,High Quality,https://imgur.gg/f/goj4zXc
Before The College Dropout,"Beat 7
(prod. Kanye West)","Track 7 from the September 1997 demo beat tape. Samples the song ""Here We Go"" by Minnie Riperton.",,,1:53,87,Full,High Quality,https://imgur.gg/f/iiUwywc
Before The College Dropout,"Beat 8
(prod. Kanye West)","Track 8 from the September 1997 demo beat tape. Samples the song ""Just Memories"" by Eddie Kendricks.",,,3:07,91,Full,High Quality,https://imgur.gg/f/vabVK1v
Before The College Dropout,"Heartbeat
(prod. Kanye West)","Used unofficially by Royce Da 5'9"" on his track ""Heartbeat"". Track 15 on the 2001 demo tape, as a bonus track.",,,3:17,86,Full,Low Quality,https://imgur.gg/f/YPSPkk3
Before The College Dropout,"Payback
(prod. Kanye West)","Instrumental for ""Payback"" found on Hype Men Presents: Kanye's First Beats.",,,3:58,84,Full,CD Quality,
Before The College Dropout,"???
(prod. Kanye West)
(600)","Earlier version of the instrumental for the Boo & Gotti song ""600"" found on Hype Men Presents: Kanye's First Beats.",,,3:30,99,Full,CD Quality,
Before The College Dropout,"???
(prod. Kanye West)
(I Swear)","Earlier version of the instrumental for the Petey Pablo song ""I Swear"" found on Hype Men Presents: Kanye's First Beats.",,,1:53,96,Full,CD Quality,
Before The College Dropout,"???
(prod. Kanye West)
(Let's Get Lifted)","Earlier version of the instrumental for the John Legend song ""Let's Get Lifted"" found on Hype Men Presents: Kanye's First Beats.",,,1:51,87,Full,CD Quality,
Before The College Dropout,"???
(prod. Kanye West)
(What Can I Do)","Earlier version of the instrumental for the Shawnna song ""What Can I Do"" found on Hype Men Presents: Kanye's First Beats.",,,1:39,114,Full,CD Quality,
Before The College Dropout,"Beanie Sigel - Gangsta, Gangsta
(prod. Kanye West)","Instrumental for ""Gangsta, Gangsta"" by Beanie Sigel from the Behind The Beats CD.",,,2:36,89,Full,High Quality,https://imgur.gg/f/pdn95ZZ
Before The College Dropout,"Beanie Sigel - Nothing Like It
(prod. Kanye West)","Instrumental for ""Nothing Like It"" by Beanie Sigel from the Behind The Beats CD.",,,1:40,85,Full,High Quality,https://imgur.gg/f/ZaWG7Ns
Before The College Dropout,"Beanie Sigel - The Truth
(prod. Kanye West)","Instrumental for ""The Truth"" by Beanie Sigel from the Behind The Beats CD.",,,2:34,82,Full,High Quality,https://imgur.gg/f/d5cdlEZ
Before The College Dropout,"Beanie Sigel & Freeway - Got Nowhere
(prod. Kanye West)","Instrumental for ""Got Nowhere"" by Beanie Sigel & Freeway found on Hype Men Presents: Kanye's First Beats.",,,3:14,87,Full,CD Quality,
Before The College Dropout,"Cam'ron - Dead Or Alive
(prod. Kanye West)","Instrumental for ""Dead Or Alive"" by Cam'ron from the Behind The Beats CD.",,,2:30,80,Full,High Quality,https://imgur.gg/f/ym7x141
Before The College Dropout,"Consequence - The Good, The Bad, The Ugly
(prod. Freeway)","Beat for an early Consequence song called ""The Good, The Bad, The Ugly"" that Kanye would later record on.",,,4:02,85,Full,Low Quality,https://www.youtube.com/watch?v=sA3TpJzsFHc
Before The College Dropout,"Diddy - Fuck Ya'll Niggas
(prod. Kanye West)","Instrumental for ""Fuck Ya'll Niggas by Diddy found on Hype Men Presents: Kanye's First Beats. Also used for ""Guerrilla Monsoon Rap"" by Talib Kweli.",,,3:11,91,Full,CD Quality,
Before The College Dropout,"Foxy Brown - My Life
(prod. Deric ""D-Dot"" Angelettie & Kanye West)","Instrumental for ""My Life"" by Foxy Brown from the Behind The Beats CD.",,,1:24,95,Full,High Quality,https://imgur.gg/f/c0wxgRN
Before The College Dropout,"Geda K - Respect Carter
(prod. Kanye West)","Instrumental for ""Respect Carter"" by Geda K found on Hype Men Presents: Kanye's First Beats.",,,1:35,100,Full,CD Quality,
Before The College Dropout,"Harlem World - You Made Me
(prod. Kanye West)","Instrumental for ""You Made Me"" by Harlem World from the Behind The Beats CD.",,,1:14,95,Full,High Quality,https://imgur.gg/f/WJwGeA5
Before The College Dropout,"Infamous Syndicate - What You Do To Me
(feat. Frank Williams, Jr. & Kanye West)","Partial instrumental for ""What You Do To Me"" however a lot of the vocals are unmuted. Censored.",,,5:03,94,Partial,CD Quality,https://imgur.gg/f/QhzlNvo
Before The College Dropout,"JAY-Z - Heart Of The City (Ain't No Love)
(prod. Kanye West)","Instrumental for ""Heart Of The City (Ain't No Love)"" by JAY-Z from the Behind The Beats CD.",,,2:24,85,Full,High Quality,
Before The College Dropout,"JAY-Z - Izzo (H.O.V.A.)
(prod. Kanye West)","Instrumental for ""Izzo (H.O.V.A.)"" by JAY-Z from the Behind The Beats CD.",,,1:31,87,Full,High Quality,
Before The College Dropout,"JAY-Z - Never Change
(prod. Kanye West)","Instrumental for ""Never Change"" by JAY-Z from the Behind The Beats CD.",,,2:34,85,Full,High Quality,
Before The College Dropout,"JAY-Z - Takeover
(prod. Kanye West)","Instrumental for ""Takeover"" by JAY-Z from the Behind The Beats CD.",,,4:03,86,Full,High Quality,
Before The College Dropout,"JAY-Z - This Can't Be Life
(prod. Kanye West)","Instrumental for ""This Can't Be Life"" by JAY-Z from the Behind The Beats CD.",,,2:28,84,Full,High Quality,
Before The College Dropout,"Lupe Fiasco - Birds & The Bees
(prod. Kanye West)
(Beat 6)","Instrumental for ""Birds & The Bees"". Also used for ""Nobody Loves Me"".",,,4:03,88,Full,CD Quality,
Before The College Dropout,"⁉️ Mystic - Breathe (Better Days)
(feat. Donnell Jones) (prod. Kanye West)","Instrumental for ""Breathe (Better Days)"" by Mystic.",,,,96,Full,High Quality,Link Needed
Before The College Dropout,"Scarface - Guess Who's Back
(prod. Kanye West)","Offical instrumental for ""Guess Who's Back"" by Scarface.",,,3:56,86,Full,High Quality,https://imgur.gg/f/TClmhsN
Before The College Dropout,"Scarface - In Cold Blood
(prod. Kanye West)","Instrumental for ""In Cold Blood"" by JAY-Z from the Behind The Beats CD.",,,1:47,83,Full,High Quality,https://imgur.gg/f/XYLmmpC
,"The College Dropout
(I'm Good...)","(08/18/2002) (Kanye announces he signed to Roc-A-Fella)
(02/10/2004) (The College Dropout officially releases)",,,"Following his signing to Roc-A-Fella Records, Kanye released his debut studio album, The College Dropout. It features string arrangements, choirs, and his signature soul sampling, frequently branded as ""chipmunk soul"" for its sped-up and high-pitched nature. Contrary to the popular gangster-persona lyrics at the time, his songs mostly revolved around themes of family, materialism, religion, and racism. The inspiration for finally making his music came when he was in a near-fatal car crash.",,,,
,Studio Stems,,,,,,,,
The College Dropout,"Jesus Walks
(feat. John Legend) (prod. Kanye West)","Snippet of full stems to ""Jesus Walks"", snippet leaked on December 22nd, 2022. Owned by Saya.",,,3:13,87.4,Snippet,Lossless,
The College Dropout,"Jesus Walks
(feat. John Legend) (prod. Kanye West)","Early multitrack stems for ""Jesus Walks"". Snippet posted 3/5/24.",,,,87.4,Snippet,Lossless,
,Acapellas,,,,,,,,
The College Dropout,"All Falls Down
(feat. Syleena Johnson)","Official acapella for ""All Falls Down"".",,,3:32,90.3,Full,CD Quality,https://imgur.gg/f/ojvBzvC
The College Dropout,"Get Em High
(feat. Talib Kweli & Common)","Official acapella for ""Get Em High"".",,,4:50,85,Full,CD Quality,https://imgur.gg/f/dO9KP3a
The College Dropout,"Heavy Hitters
(feat. GLC)","Official acapella for ""Heavy Hitters"".",,,4:06,87,Full,High Quality,https://imgur.gg/f/zIc9IMz
The College Dropout,"Jesus Walks
(feat. John Legend) ","Official acapella for ""Jesus Walks"", missing the spoken intro.",,"Aug 24, 2022",3:15,87.4,OG File,Lossless,https://imgur.gg/f/EyQcmB0
The College Dropout,"Jesus Walks
(feat. John Legend) ","Official acapella for ""Jesus Walks"". Vinyl rip, but contains the spoken intro.",,,4:55,87.4,Full,High Quality,https://imgur.gg/f/bD6c8hC
The College Dropout,"Jesus Walks (Remix)
(feat. Mase & Common)","Leaked acapella for the official remix of ""Jesus Walks"".",,,3:51,87.4,Full,High Quality,https://imgur.gg/f/xG8DcaC
The College Dropout,The New Workout Plan,"Official acapella for ""The New Workout Plan"".",,,5:27,118,Full,Lossless,https://imgur.gg/f/WGwuFyb
The College Dropout,Through The Wire,"Official acapella for ""Through The Wire"". All spoken word bits are cut.",,,2:02,83,Full,High Quality,https://imgur.gg/f/ohRhh4T
The College Dropout,"Two Words
(feat. Mos Def, Freeway & The Boys Choir of Harlem)","Official acapella for ""Two Words"". All spoken word bits are cut.",,,3:38,85.1,Full,High Quality,https://imgur.gg/f/4uSAiCj
The College Dropout,"Brandy - Talk About Our Love
(feat. Kanye West)","Official acapella for ""Talk About Our Love"" by Brandy.",,,3:35,101,Full,High Quality,https://imgur.gg/f/ODEGFrm
The College Dropout,"Dame Dash, Kanye West, Beanie Sigel, Cam'ron, Young Chris & Twista - Champions
(prod. Dame Dash & Kanye West)","Official acapella for ""Champions"" by Dame Dash.",,,4:00,76,Full,High Quality,
The College Dropout,"Dilated Peoples - This Way
(feat. Kanye West)","Official acapella for ""This Way"" by Dilated Peoples.",,,3:57,86,Full,CD Quality,https://imgur.gg/f/2v0Drhu
The College Dropout,"JAY-Z - Encore
(feat. Kanye West, Don Crawley, John Legend & GLC) (prod. Kanye West)","Official acapella for ""Encore"" by JAY-Z.",,,3:31,99,Full,Lossless,
The College Dropout,"JAY-Z & Linkin Park - Numb / Encore
(feat. Kanye West)","Official acapella for ""Numb / Encore"" by JAY-Z & Linkin Park.",,,3:19,107,Full,Lossless,
The College Dropout,JAY-Z - Lucifer,"Official acapella for ""Lucifer"" by JAY-Z. Produced by Kanye.",,,3:13,171,Full,Lossless,
The College Dropout,"JAY-Z - The Bounce
(feat. Kanye West)","Official acapella for ""The Bounce"" by JAY-Z.",,,3:34,95,Full,High Quality,
The College Dropout,"Malik Yusef - Wouldn't You Like To...
(feat. Kanye West & Common)
(Wouldn't You Like To Ride)","Official acapella for ""Wouldn't You Like To..."" by Malik Yusef.",,,3:45,126,Full,Low Quality,https://imgur.gg/f/dMb6Ekx
The College Dropout,"Marc Spitz - No More For Me
(feat. Kanye West)","A recording of Kanye performing his verse from the Marc Spitz song ""No More For Me"" acapella. Featured in a collection called ""The Best Of Kanye West Vol. 3"" and is Track 21.",,,1:00,87,Full,High Quality,https://imgur.gg/f/p7OrXyv
The College Dropout,"Slum Village - Selfish
(feat. Kanye West & John Legend)","Official acapella for ""Selfish"" by Slum Village.",,,3:45,96,Full,CD Quality,https://imgur.gg/f/ymh5hJT
The College Dropout,"Twista - Overnight Celebrity
(feat. Kanye West)","Official acapella for ""Overnight Celebrity"" by Twista.",,,3:39,134,Full,CD Quality,https://imgur.gg/f/PuZCsyY
The College Dropout,"USHER - Confessions Pt. II (Remix)
(feat. Kanye West, Shyne & Twista)","Official acapella for the remix of ""Confessions, Pt. II"" by USHER.",,,4:24,138,Full,High Quality,https://imgur.gg/f/Xk5fhdG
The College Dropout,"White Boy - U Know
(feat. Kanye West & John Legend)","Official acapella for ""U Know"" by White Boy. Clean.",,,4:03,69,Full,CD Quality,https://imgur.gg/f/mCDW09c
,Instrumentals,,,,,,,,
The College Dropout,"All Falls Down
(prod. Kanye West)","Official instrumental for ""All Falls Down"". Vinyl rip.",,,3:41,90.3,Full,Lossless,https://imgur.gg/f/RBFwO0K
The College Dropout,"Breathe In, Breathe Out
(prod. Kanye West)","Official instrumental for ""Breathe In, Breathe Out"". Vinyl rip.",,,4:09,90,Full,Lossless,https://imgur.gg/f/c8dnacH
The College Dropout,"Family Business
(prod. Kanye West)","Official instrumental for ""Family Business"". Vinyl rip.",,,4:41,93.7,Full,Lossless,https://imgur.gg/f/3cvdiz7
The College Dropout,"Get Em High
(prod. Kanye West)","Official instrumental for ""Get Em High"". Vinyl rip.",,,4:51,85,Full,Lossless,https://imgur.gg/f/YrSFJbs
The College Dropout,"Improvise
(prod. Kanye West)","2002 instrumental loop used in sessions for The College Dropout. Later sampled in songs by artists such as J. Cole, A$AP Rocky, and Tyler, The Creator. Also used in Monica's 2003 song ""Knock Knock"", with co-production from Missy Elliot.",,,2:31,91,Tagged,High Quality,https://imgur.gg/f/VVGgk9B
The College Dropout,"Jesus Walks
(prod. Kanye West)","Leaked official instrumental for ""Jesus Walks"".",,"Aug 24, 2022",3:15,87.4,OG File,Lossless,https://imgur.gg/f/bNS5ARk
The College Dropout,"Jesus Walks
(prod. Kanye West)","Official instrumental for ""Jesus Walks"". Vinyl rip.",,,3:18,87.4,Full,Lossless,https://imgur.gg/f/zkaYWaX
The College Dropout,"Last Call
(prod. Kanye West)","Official instrumental for ""Last Call"". Fades out after 4 minutes. Vinyl rip.",,,4:28,87.9,Partial,Lossless,https://imgur.gg/f/RziA7O9
The College Dropout,"Never Let Me Down
(prod. Kanye West)","Official instrumental for ""Never Let Me Down"". Vinyl rip.",,,5:28,80,Full,Lossless,https://imgur.gg/f/tpBKaqG
The College Dropout,"School Spirit
(prod. Kanye West)","Official instrumental for ""School Spirit"". Vinyl rip.",,,3:08,87.8,Full,Lossless,https://imgur.gg/f/fofpCCU
The College Dropout,"Slow Jamz
(prod. Kanye West & AllDay)","Official instrumental for ""Slow Jamz"". Vinyl rip.",,,4:55,145.3,Full,Lossless,https://imgur.gg/f/uWnNdUz
The College Dropout,"Spaceship
(prod. Kanye West)","Official instrumental for ""Spaceship"". Vinyl rip.",,,5:26,89.1,Full,Lossless,https://imgur.gg/f/h6jNEak
The College Dropout,"The New Workout Plan
(prod. Kanye West)","Official instrumental for ""The New Workout Plan"". Vinyl rip.",,,5:22,118,Full,Lossless,https://imgur.gg/f/UYTqrJR
The College Dropout,"Through The Wire
(prod. Kanye West)","Official instrumental for ""Through The Wire"". Vinyl rip.",,,3:44,83,Full,Lossless,https://imgur.gg/f/Per081C
The College Dropout,"Two Words
(prod. Kanye West)
(2 Words)","Unconfirmed if this is real. Instrumental for ""Two Words"". Vinyl rip.",,,4:25,85.1,Full,Lossless,"Lossless Needed"
The College Dropout,"Two Words
(prod. Kanye West)
(2 Words)","Unconfirmed if this is real. Instrumental for ""Two Words"". Vinyl rip.",,,4:27,85.1,Full,Lossless,
The College Dropout,"Two Words
(prod. Kanye West)
(2 Words)","Instrumental for ""Two Words"". Ripped from the Through The Wire vinyl.",,,4:27,85.1,Full,Lossless,
The College Dropout,"Two Words
(prod. Kanye West)
(2 Words)","Instrumental for ""Two Words"" from the Behind The Beats CD. Similar to release, but stripped down, and is missing all the orchestral elements.",,,3:21,85.1,Full,High Quality,https://imgur.gg/f/ZFBmzaW
The College Dropout,"We Don't Care
(prod. Kanye West)
(Drug Dealin')","Official instrumental for ""We Don't Care"". Vinyl rip.",,,4:03,83.2,Full,Lossless,https://imgur.gg/f/BnHBGOl
The College Dropout,"Whole Life
(Peace)","Official instrumental for ""Whole Life""",,,2:08,84,Full,High Quality,https://imgur.gg/f/wQ83wbR
The College Dropout,"???
(Can't Nobody, Knick Inna Optik, The Beginning)","Used on an early The College Dropout copy as the intro. Samples the song ""Can't Nobody Love Me Like You Do"" by The Masquerders. Beat was later given to rappers Sentino and Gravy before finally ending up with Apathy.",,,3:54,88,Full,CD Quality,https://imgur.gg/f/Z5ZeQu6
The College Dropout,"Alicia Keys - You Don't Know My Name
(prod. Kanye West)","Official instrumental for ""You Don't Know My Name"" by Alicia Keys.",,,6:09,167,Full,High Quality,https://imgur.gg/f/dMF5RCZ
The College Dropout,"Brandy - Talk About Our Love
(prod. Kanye West)","Official instrumental for ""Talk About Our Love"" by Brandy.",,,3:33,101,Full,CD Quality,https://imgur.gg/f/QUzC8b4
The College Dropout,"Dame Dash, Kanye West, Beanie Sigel, Cam'ron, Young Chris & Twista - Champions
(prod. Dame Dash & Kanye West)","Instrumental for ""Champions"" from the Behind The Beats CD.",,,3:57,76,Full,High Quality,https://imgur.gg/f/eePCOMr
The College Dropout,"Dame Dash, Kanye West, Beanie Sigel, Cam'ron, Young Chris & Twista - Champions
(prod. Dame Dash & Kanye West)","Instrumental for ""Champions"" by Dame Dash. Different from the one from the Behind The Beats CD.",,,4:33,76,Full,High Quality,
The College Dropout,"Hot Karl - Armand Assante
(prod. Kanye West)","Official instrumental for ""Armand Assante"" by Hot Karl.",,,3:13,100,Full,CD Quality,https://open.spotify.com/track/7D6PaRc37JQALrMamQMJvP?si=28090d71bc864d34
The College Dropout,Hot Karl - Blao! (Celph Titled Mix),"Official instrumental for ""Blao! (Celph Titled Mix)"" by Hot Karl.",,,4:15,95,Full,CD Quality,https://open.spotify.com/track/1q40rNUN9JJcFJyMt51shu?si=7cd7b882e5dc495d
The College Dropout,Hot Karl - Blao! (Og Mix),"Official instrumental for ""Blao! (Og Mix)"" by Hot Karl.",,,4:13,190,Full,CD Quality,https://open.spotify.com/track/6rexCEGpT51vPXB4xhlP3p?si=67e0faa6ba4e4f03
The College Dropout,"JAY-Z - 03' Bonnie & Clyde
(prod. Kanye West)","Instrumental for ""03' Bonnie & Clyde"" by JAY-Z from the Behind The Beats CD.",,,1:57,89,Full,High Quality,
The College Dropout,"JAY-Z - A Dream
(prod. Kanye West & Just Blaze)","Instrumental for ""A Dream"" by JAY-Z from the Behind The Beats CD.",,,3:12,86,Full,High Quality,
The College Dropout,"JAY-Z - Poppin' Tags
(prod. Kanye West)","Instrumental for ""Poppin' Tags"" by JAY-Z from the Behind The Beats CD.",,,2:22,73,Full,High Quality,
The College Dropout,"JAY-Z - Some People Hate
(prod. Kanye West)","Instrumental for ""Some People Hate"" by JAY-Z from the Behind The Beats CD.",,,2:21,61,Full,High Quality,
The College Dropout,"JAY-Z & Linkin Park - Numb / Encore
(prod. Linkin Park)","Instrumental for ""Numb / Encore"" by JAY-Z & Linkin Park.",,,3:27,107,Full,Lossless,
The College Dropout,"Lil' Kim - Came Back For You
(prod. Kanye West)","Instrumental for ""Came Back For You"" by Lil' Kim from the Behind The Beats CD.",,,2:29,87,Full,High Quality,https://imgur.gg/f/GmzMoUc
The College Dropout,"Monica - Knock Knock
(prod. Kanye West & Missy Elliott)","Official instrumental for ""Knock Knock"" by Monica.",,,4:18,89,Full,Lossless,https://imgur.gg/f/GkCyEKS
The College Dropout,"Mos Def - Brown Sugar (Fine)
(prod. Kanye West)","Instrumental for ""Brown Sugar (Fine)"" by Mos Def from the Behind The Beats CD.",,,1:06,97,Full,High Quality,https://imgur.gg/f/VNG2IGH
The College Dropout,Rhymefest - Stalker,"Instrumental for ""Stalker"" by Rhymefest found on Hype Men Presents: Kanye's First Beats.",,,1:16,94,Full,CD Quality,
The College Dropout,"Talib Kweli - Get By
(prod. Kanye West)","Official instrumental for ""Get By"" by Talib Kweli.",,,3:47,91,Full,Lossless,https://imgur.gg/f/GXCAcnJ
The College Dropout,"Talib Kweli - Good To You
(prod. Kanye West)","Instrumental for ""Good To You"" by Talib Kweli from the Behind The Beats CD.",,,2:22,87,Full,High Quality,https://imgur.gg/f/uWLfy1W
The College Dropout,"Trina - B R Right                  
(prod. Kanye West)","Official instrumental for ""B R Right"" by Trina.",,,4:02,136,Full,Lossless,https://imgur.gg/f/dxcdilO
The College Dropout,"Twista - Overnight Celebrity
(feat. Kanye West)","Official instrumental for ""Overnight Celebrity"" by Twista.",,,3:55,134,Full,CD Quality,https://imgur.gg/f/lIA93ed
The College Dropout,White Boy - U Know,"Official instrumental for ""U Know"" by White Boy.",,,4:05,69,Full,Lossless,https://imgur.gg/f/CQGtYHx
,Late Registration,"(02/10/2004) (The College Dropout officially releases)
(08/30/2005) (Late Registration officially releases)",,,"Late Registration continues the social themes introduced in The College Dropout, but now with orchestral production influenced by co-producer Jon Brion. Kanye's newfound success allowed him to expand his ambitions from a single violinist to an entire string orchestra, mixing it with production including chipmunk soul and lullaby-like instrumentals. Lyrically, the album features a mix of more socially charged songs to more personal cuts. Production-wise, inspiration came from artists such as British trip-hop band Portishead and Fiona Apple's second album When The Pawn…",,,,
,Studio Stems,,,,,,,,
Late Registration,"Diamonds From Sierra Leone
(prod. Kanye West, Jon Brion & Devo Springsteen)","Official explicit and clean stems for ""Diamonds From Sierra Leone"". Comes from the Pro Tools session files however it has no raw recordings, just stems and a few bounces. From 03.21.08, for some unknown reason. Original snippet leaked December 23rd, 2024.","Mar 21, 2008","Feb 25, 2025",4:04,97.1,OG File,Lossless,https://pixeldrain.com/u/qU7ubFPh
,Acapellas,,,,,,,,
Late Registration,Diamonds From Sierra Leone,"Official acapella for ""Diamonds From Sierra Leone"".",,,3:18,97.1,Full,CD Quality,https://imgur.gg/f/na5KH4I
Late Registration,"Gold Digger
(feat. Jamie Foxx)","OG Filename: Gold Digger Aca L
Official acapella for the explicit version of ""Gold Digger"". Only the left part.","Oct 20, 2005",,3:31,92.5,OG File,Lossless,https://imgur.gg/f/25YQDHL
Late Registration,"Heard 'Em Say
(feat. Adam Levine & The WRLDFMS Tony Williams)","Acapella for ""Heard 'Em Say"". Unknown as to why it's almost a minute and a half shorter than the released version, though it may be for a TV Track.",,,2:01,95.1,OG File,Lossless,https://imgur.gg/f/FlyW4Eg
Late Registration,"Touch The Sky
(feat. Lupe Fiasco)","Official acapella for ""Touch The Sky"".",,,3:56,106.8,Full,CD Quality,https://imgur.gg/f/O6ejpR9
Late Registration,"We Major
(feat. Nas & Really Doe)","Leaked acapella for ""We Major"". Features all verses, but stops after 5 minutes.",,,4:48,85.49,Partial,CD Quality,https://imgur.gg/f/MLrQVKL
Late Registration,"Common - The Corner
(feat. Kanye West) (prod. Kanye West)","Official acapella for ""The Corner"" by Common.",,,3:34,156,Full,CD Quality,"https://open.spotify.com/track/4MuK3GlXoKkVioicS1qbgf
Lossless Needed"
Late Registration,"Do Or Die - Higher
(feat. Kanye West)","Official acapella for ""Higher"" by Do Or Die. Only found in LQ.",,,3:14,75,Full,High Quality,https://imgur.gg/f/YGhFmuM
Late Registration,"John Legend - Number One
(feat. Kanye West)","Official acapella for ""Number One"" by John Legend.",,,2:41,88,Full,CD Quality,https://imgur.gg/f/KMcrfYl
Late Registration,"The Game - Wouldn't Get Far
(feat. Kanye West)","Official acapella for ""Wouldn't Get Far"" by The Game. Vinyl rip. Clean.",,,3:13,93,Full,CD Quality,
,Live Acapellas,,,,,,,,
Late Registration,Crack Music,"Leaked acapella of a performance of ""Crack Music"". The exact source of this performance is unknown, but as no backing track can be heard in the bleed in, it's safe to assume that the acapella was the only thing being performed, and there were no backing instruments. Clean.",,,1:42,84,Full,CD Quality,https://imgur.gg/f/rhjizXf
,Instrumentals,,,,,,,,
Late Registration,"Diamonds From Sierra Leone
(prod. Kanye West, Jon Brion & Devo Springsteen)","Official instrumental for ""Diamonds From Sierra Leone"".",,,4:01,97.1,Full,Lossless,https://imgur.gg/f/034Bp5G
Late Registration,"Diamonds From Sierra Leone (Remix)
(prod. Kanye West, Jon Brion & Devo Springsteen)","Official instrumental for the remix of ""Diamonds From Sierra Leone"".",,,3:32,97.1,Full,CD Quality,https://imgur.gg/f/qDtzipC
Late Registration,Gold Digger,"Official instrumental for ""Gold Digger"".",,,3:13,92.5,Full,Lossless,https://imgur.gg/f/ykEjwf6
Late Registration,Heard 'Em Say,"Instrumental for ""Heard 'Em Say"".",,,3:25,95.1,Full,Lossless,https://imgur.gg/f/3PNSXVl
Late Registration,Heard 'Em Say,"Instrumental for ""Heard 'Em Say"". Unknown as to why it's almost a minute and a half shorter than the released version, though it may be for a TV Track.",,,2:01,95.1,OG File,Lossless,
Late Registration,Roses,"Official instrumental for ""Roses"".",,,4:13,140,Full,CD Quality,https://imgur.gg/f/8OU2l3e
Late Registration,Touch The Sky,"Official instrumental for ""Touch The Sky"".",,,3:57,106.8,Full,Lossless,https://imgur.gg/f/cbT1mqd
Late Registration,"Cam'ron - Down and Out
(prod. AllDay)","Official instrumental for ""Down and Out"" by Cam'ron, which features Kanye.",,,4:20,83,Full,CD Quality,https://imgur.gg/f/w4mmCFx
Late Registration,"Bump J - Pushaman
(feat. Kanye West) (prod. Kanye West)
(Pusha Man, Pusherman)","Official Instrumental for ""Pusha Man"" by Bump J",,,2:20,127,Full,High Quality,
Late Registration,"Common - Be [Album]
(exec. prod. Kanye West)",Zip of vinyl rips for all instrumentals from Be.,,,,Varied,Full,CD Quality,https://pixeldrain.com/u/eeWjxvqh
Late Registration,"Common - Be (Intro)
(prod. Kanye West)","Official instrumental for ""Be (Intro)"" by Common. Uploaded onto DSPS as apart of the 20th Anniversary version of Be.",,,2:30,94,Full,Lossless,"https://open.spotify.com/track/5izD1yx6IuheaMz0ckbYxc?si=4216504ab36f42b9"
Late Registration,"Common - The Corner
(prod. Kanye West)","Official instrumental for ""The Corner"" by Common. Uploaded onto DSPS as apart of the 20th Anniversary version of Be. Previously released before, but in slightly worse quality.",,,3:45,156,Full,Lossless,"https://open.spotify.com/track/0vzT2ri6HK7aBsjKNT6ve5?si=11f29490ebc34bfe"
Late Registration,"Common - GO!
(prod. Kanye West)","Official instrumental for ""GO!"" by Common. Uploaded onto DSPS as apart of the 20th Anniversary version of Be.",,,3:46,105,Full,Lossless,"https://open.spotify.com/track/0TspiJ5JgALNPoScLthjta?si=07b75ea920ef4840"
Late Registration,"Common - Faithful
(prod. Kanye West)","Official instrumental for ""Faithful"" by Common. Uploaded onto DSPS as apart of the 20th Anniversary version of Be.",,,3:33,91,Full,Lossless,"https://open.spotify.com/track/1IOe7mYGwvDsPeXJwWdNEn?si=38ff6c2afbe54d96"
Late Registration,"Common - Testify
(prod. Kanye West)","Official instrumental for ""Testify"" by Common. Uploaded onto DSPS as apart of the 20th Anniversary version of Be.",,,2:37,87,Full,Lossless,"https://open.spotify.com/track/6fo9uskjOIoWXAaUNxN7Bl?si=bdcfb38c6f5b4f86"
Late Registration,"Common - Love Is...
(prod. Dilla)","Official instrumental for ""Love Is..."" by Common. Uploaded onto DSPS as apart of the 20th Anniversary version of Be.",,,4:10,90,Full,Lossless,"https://open.spotify.com/track/4gHi3wiPhyyWmjxqTYwdcr?si=60403295e3294c8e"
Late Registration,"Common - Chi-City
(prod. Kanye West)","Official instrumental for ""Chi-City"" by Common. Uploaded onto DSPS as apart of the 20th Anniversary version of Be.",,,3:27,89,Full,Lossless,"https://open.spotify.com/track/08y0b0ZgbFxWyYyvfO2DuB?si=6ca3cbb42909415d"
Late Registration,"Common - The Food
(prod. Kanye West)","Official instrumental for ""The Food"" by Common. Uploaded onto DSPS as apart of the 20th Anniversary version of Be.",,,4:19,87,Full,Lossless,"https://open.spotify.com/track/3Og2avHxFGLcXlfz6Pl5dF?si=26bedd34dcce45d3"
Late Registration,"Common - Real People
(prod. Kanye West)","Official instrumental for ""The Food"" by Common. Uploaded onto DSPS as apart of the 20th Anniversary version of Be.",,,2:48,92,Full,Lossless,"https://open.spotify.com/track/6q2qO4YI0RPCsVYASQPsKy?si=1c3f823d6f61472f"
Late Registration,"Common - They Say
(prod. Kanye West)","Official instrumental for ""They Say"" by Common. Uploaded onto DSPS as apart of the 20th Anniversary version of Be.",,,3:57,95,Full,Lossless,"https://open.spotify.com/track/696XjwR9hfuEAIk8huTr9j?si=cb306d774ce544dc"
Late Registration,"Common - It's Your World
(prod. Dilla)","Official instrumental for ""It's Your World"" by Common. Uploaded onto DSPS as apart of the 20th Anniversary version of Be.",,,8:34,90,Full,Lossless,"https://open.spotify.com/track/3VDyy2aEMBzKK4Zrq2Vl0T?si=d1c614b405d64cfc"
Late Registration,"Common - Be (Intro)
(prod. Kanye West)","Official instrumental for ""Be (Intro)"" by Common. Vinyl rip and inverted for some reason.",,,2:30,94,Full,Lossless,
Late Registration,"Common - Let It Be Known
(prod. Kanye West)",Leaked instrumental of a cut song from Be by Common.,,,1:15,91,Full,High Quality,https://imgur.gg/f/ra0FMLO
Late Registration,"Do Or Die - Higher
(prod. Kanye West)","Official instrumental for ""Higher"" by Do Or Die.",,,3:19,75,Full,CD Quality,https://imgur.gg/f/YkO4A49
Late Registration,"Do Or Die - Paid the Price
(Beat 3)","Official instrumental for ""Paid the Price"" by Do Or Die.",,,3:45,150,Snippet,High Quality,https://imgur.gg/f/yOfkg2P
Late Registration,"Keyshia Cole - I Changed My Mind
(prod. Kanye West, Ron Fair & Tal Herzberg)","Official instrumental for ""I Changed My Mind"" by Keyshia Cole.",,,3:23,94,Full,CD Quality,https://imgur.gg/f/dpffpV8
Late Registration,"Mos Def - Sunshine
(prod. Kanye West)","Instrumental for ""Sunshine"" by Mos Def found on Hype Men Presents: Kanye's First Beats.",,,3:19,87,Full,CD Quality,
Late Registration,The Game - Whole City Behind Us,Vinyl rip of the instrumental.,,,3:14,86,Full,High Quality,https://imgur.gg/f/LidlJM5
Late Registration,"Young Gunz - Grown Man Pt. 2
(feat. Kanye West & John Legend) (prod. Kanye West)",What appears to be a vinyl rip of the instrumental.,,,3:44,,Full,High Quality,https://imgur.gg/f/gNeRfEd
,Graduation,"(08/30/2005) (Late Registration officially releases)
(09/11/2007) (Graduation officially releases)",,,"Graduation is the third studio album from Kanye West. Inspiration came from stadium tours, indie rock, and house music. It was a considerable departure from the sound Kanye had used on his first two studio albums, which featured samples and inspirations from the soul and orchestral music Kanye grew up alongside. This album included a much more electronic sound, featuring layering synthesizers. Lyrically, Kanye analyzes himself and talks about his life after becoming famous and how the media criticize him.",,,,
,Sessions,,,,,,,,
Graduation,"Can't Tell Me Nothing
(feat. Jeezy) (prod. Kanye West & DJ Toomp)
(Got Money, I Got Money, Get My Money Right)","Session for ""Can't Tell Me Nothing"" with over 1,000 Kanye vocal takes.",,,,,Rumored,Not Available,
Graduation,"Champion
(ref. Mos Def, Consequence, Big Sean & ???) (feat. Connie Mitchell & The WRLDFMS Tony Williams) (prod. Kanye West & AllDay)",Sessions for the song. Was supposed to leak after a groupbuy.,,,,102,Confirmed,Not Available,
Graduation,"Classic (Better Than I've Ever Been)                                              (feat. Nas, Rakim & KRS-One)","Session for ""Classic (Better Than I've Ever Been)"". Snippet leaked August 5th, 2022.",,,3:51,97,Snippet,CD Quality,
Graduation,Good Life                                                                           (???. Ne-Yo),"Session for ""Good Life"". Leaked by ie.",,,,84.99,Snippet,Recording,
,Studio Stems,,,,,,,,
Graduation,"Stronger
(prod. Kanye West, MIKE DEAN & Timbaland)","Stems for ""Stronger"" that leaked in 2018.",,,5:12,103.976,OG File,Lossless,"https://drive.google.com/file/d/1BrryJwRum28k48sHMuBC_V0R9F7TzTw7/view?usp=sharing"
,Acapellas,,,,,,,,
Graduation,"Barry Bonds
(feat. Lil Wayne)","Official acapella for ""Barry Bonds"". Vinyl rip.",,,3:06,83,Full,High Quality,https://imgur.gg/f/My9T9x6
Graduation,Big Brother,"OG Filename: Big Brother KW APPROVE ACAPELLA_04
Acapella for ""Big Brother"". Leaked after a successful groupbuy.","Aug 13, 2007","Mar 21, 2022",4:50,84,OG File,Lossless,
Graduation,Can't Tell Me Nothing,"Official acapella for ""Can't Tell Me Nothing"".",,,4:15,80,Full,Lossless,""
Graduation,"Classic (Better Than I've Ever Been)
(feat. Nas, Rakim & KRS-One)","Official acapella for ""Classic (Better Than I've Ever Been)"".",,,3:51,97,Full,Lossless,
Graduation,"Good Life
(feat. T-Pain)","Official acapella for ""Good Life"".",,,3:28,84.99,Full,High Quality,https://imgur.gg/f/WGxhpaa
Graduation,"Homecoming
(feat. Chris Martin)","OG Filename: HOMECOMING KW APPROVE ACAPELLA_06
Official acapella for ""Homecoming"". Lossless leaked after a successful groupbuy.","Aug 13, 2007","Mar 21, 2022",3:30,87,OG File,Lossless,
Graduation,I Wonder ,"Acapella for ""I Wonder"". Leaked after a successful groupbuy. OG filename lost.","Aug 13, 2007","Mar 21, 2022",4:08,191,OG File,Lossless,
Graduation,Piano,"OG Filename: Vox1_02
Raw vocal take for Kanye's vocals.",,"Jul 20, 2025",0:44,88,Full,Lossless,https://imgur.gg/f/tejWzM1
Graduation,"Jamie Foxx - Extravaganza
(feat. Kanye West)","Official acapella for ""Extravaganza"" by Jamie Foxx.",,,3:52,100,Full,High Quality,https://imgur.gg/f/3gpBd9r
Graduation,"John Legend - Heaven (Remix)
(feat. Pusha T)","Official acapella for ""Heaven - Remix"" by John Legend, featuring Pusha T.",,,3:44,84,Full,Lossless,https://imgur.gg/f/kGz2lE3
Graduation,"Pharrell Williams - Number One
(feat. Kanye West)","Official acapella for ""Number One"" by Pharrell Williams.",,,3:54,107,Full,CD Quality,https://imgur.gg/f/4ZVFMTK
Graduation,"Rell - Real Love 
(feat. Kanye West)","Official acapella for ""Real Love"" by Rell. Vinyl rip.",,,3:28,96,Full,High Quality,https://imgur.gg/f/GhvLQQj
Graduation,"Rhymefest - Brand New
(feat. Kanye West)","Official acapella for ""Brand New"" by Rhymefest.",,,3:40,93,Full,CD Quality,https://imgur.gg/f/880cb9R
Graduation,"Teriyaki Boyz - I Still Love H.E.R. [Kanye Vocal Stem]
(feat. Kanye West)","OG Filename: KW 02
Raw acapella for Kanye's part on ""I Still Love H.E.R."".","Nov 30, 2006","Mar 12, 2024",0:53,69,OG File,Lossless,https://imgur.gg/f/Otj8CNY
,Instrumentals,,,,,,,,
Graduation,"Barry Bonds
(prod. Kanye West & Nottz)","Official instrumental for ""Barry Bonds"". Vinyl rip.",,,3:23,83,Full,CD Quality,https://imgur.gg/f/dbntDaG
Graduation,"Barry Bonds
(prod. Nottz)","Alternate instrumental for ""Barry Bonds"". Leaked after a successful groupbuy.",,"Mar 21, 2022",4:38,83,OG File,Lossless,https://imgur.gg/f/c3uxW2o
Graduation,"Big Brother
(prod. DJ Toomp)","OG Filename: Big Brother KW APPROVE INSTRUMENTAL_03
Instrumental for ""Big Brother"". Leaked after a successful groupbuy.","Aug 13, 2007","Mar 21, 2022",4:50,84,OG File,Lossless,https://imgur.gg/f/tbJICn9
Graduation,"Bittersweet Poetry
(prod. Kanye West)","Official instrumental for ""Bittersweet Poetry"".",,,4:00,81,Full,High Quality,https://imgur.gg/f/ZmOcQmI
Graduation,"Can't Tell Me Nothing
(prod. Kanye West & DJ Toomp)","Official instrumental for ""Can't Tell Me Nothing"".",,,4:27,80,Full,Lossless,""
Graduation,"Champion
(prod. Brian ""AllDay"" Miller & Kanye West)","OG Filename: CHAMPION INSTRUMENTAL
Instrumental for ""Champion"". Leaked after a successful groupbuy.","Aug 13, 2007","Mar 21, 2022",2:50,102,OG File,Lossless,https://imgur.gg/f/khY7X5z
Graduation,"Classic (Better Than I've Ever Been)
(prod. DJ Premier)","Official instrumental for the DJ Premier version of ""Classic (Better Than I've Ever Been"".",,,4:57,97,Full,Lossless,https://imgur.gg/f/C3AuAPw
Graduation,"Classic (Better Than I've Ever Been)
(prod. Rick Rubin)","Official instrumental for the Rick Rubin version of ""Classic (Better Than I've Ever Been"".",,,4:11,97,Full,Lossless,https://imgur.gg/f/fGGrpto
Graduation,"Everything I Am
(scratches by DJ Premier)",Unconfirmed if this is real. Has a small part at 3:02 where you can hear some vocals.,,,3:49,80,Full,High Quality,https://imgur.gg/f/iFN85tl
Graduation,Flashing Lights,"Alternate instrumental for ""Flashing Lights"". Leaked after a successful groupbuy.",,"Mar 21, 2022",3:52,90.5,Full,Lossless,https://imgur.gg/f/fDXx7At
Graduation,"Flashing Lights
(prod. Kanye West & Eric Hudson)","Official instrumental for ""Flashing Lights"".",,,3:58,90.5,Full,Lossless,https://imgur.gg/f/Yu7roQn
Graduation,"Good Life
(prod. Kanye West, DJ Toomp & MIKE DEAN)","Official instrumental for ""Good Life"".",,,3:26,84.99,Full,Lossless,https://imgur.gg/f/k1yKN2d
Graduation,"Homecoming 
(prod. Kanye West & Harry ""Baby Dubb"" Campbell)","OG Filename: HOMECOMING KW APPROVE INSTRUMENTAL_05
Official instrumental for ""Homecoming"". Lossless leaked after a successful groupbuy.","Aug 13, 2007","Mar 21, 2022",3:30,87,OG File,Lossless,https://imgur.gg/f/5ECCh87
Graduation,"I Wonder
(prod. Kanye West)","Instrumental for ""I Wonder"". Leaked after a successful groupbuy.","Aug 13, 2007","Mar 21, 2022",4:08,191,OG File,Lossless,https://imgur.gg/f/aEVudLi
Graduation,"Impossible 
(prod. Michael Giacchiano)","Official instrumental for ""Impossible"".",,,5:11,130,Full,CD Quality,https://imgur.gg/f/EYknnyb
Graduation,Piano,"OG Filename: PianoNoVox24-11Ruff
Instrumental for ""Piano"" made early Graduation era. Commonly nicknamed ""Passenger"".","Nov 24, 2005","Jan 15, 2024",3:48,88,OG File,Lossless,https://imgur.gg/f/Bp3B2Qu
Graduation,"Stronger
(prod. Kanye West, MIKE DEAN & Timbaland)","Official instrumental for ""Stronger"".",,,5:12,103.976,Full,Lossless,
Graduation,"Clipse - Kinda Like a Big Deal
(prod. DJ Khalil & Chin Injeti)","Official instrumental for ""Kinda Like a Big Deal"" by Clipse.",,,3:26,84,Full,CD Quality,https://imgur.gg/f/kXQjTkX
Graduation,"Common - Break My Heart
(prod. Kanye West)","Official instrumental for ""Break My Heart"" by Common.",,,3:42,86,Full,CD Quality,https://imgur.gg/f/cCmXnio
Graduation,"Common - Drivin' Me Wild
(prod. Kanye West)","Official instrumental for ""Drivin' Me Wild"" by Common.",,,3:42,95,Full,CD Quality,https://imgur.gg/f/U4hZ68C
Graduation,"Common - Forever Begins
(prod. Kanye West)","Official instrumental for ""Forever Begins"" by Common.",,,7:36,98,Full,CD Quality,"https://open.spotify.com/track/1oBDcgqkdRib82KtHrjkD4
https://imgur.gg/f/0Q4Kpab "
Graduation,"Common - Southside
(prod. Kanye West)","Official instrumental for ""Southside"" by Common.",,,4:05,87.7,Full,CD Quality,https://imgur.gg/f/CXxrVm2
Graduation,"Common - Start The Show
(prod. Kanye West)","Official instrumental for ""Start The Show"" by Common.",,,3:21,87,Full,CD Quality,https://imgur.gg/f/pASLVgu
Graduation,"Common - The Game
(prod. Kanye West)","Official instrumental for ""The Game"" by Common.",,,3:33,93,Full,CD Quality,https://imgur.gg/f/vWDOeZ1
Graduation,"Common - The People
(prod. Kanye West)","Official instrumental for ""The People"" by Common.",,,3:23,93,Full,CD Quality,https://imgur.gg/f/kBsFdGI
Graduation,"Common - U, Black Maybe
(prod. Kanye West)","Official instrumental for ""U, Black Maybe"" by Common.",,,5:07,91,Full,CD Quality,"https://open.spotify.com/track/5zGpO2xwu7MbmlqAFiR15y
https://imgur.gg/f/TTbgac0 "
Graduation,"Diddy - Everything I Love
(prod. Kanye West)","Official instrumental for ""Everything I Love"" by Diddy.",,,4:24,176,Full,CD Quality,https://imgur.gg/f/jLxkp3L
Graduation,"Jay Dinero - Get Like Me                   
(prod. Kanye West)
(Beat 7)","Official instrumental for ""Get Like Me"" by Jay Dinero. Is longer than the released version.",,,4:26,96,Full,CD Quality,https://imgur.gg/f/uoPFthU
Graduation,"John Legend - Heaven                   
(prod. John Legend & Kanye West)","Official instrumental for ""Heaven"" by John Legend. Was reused for Tyler, The Creator's song ""HEAVEN TO ME"", but pitched down.",,,3:34,84,Full,Lossless,https://imgur.gg/f/dQBjWrp
Graduation,"Pharrell Williams - Number One
(prod. Pharrell Williams)","Official instrumental for ""Number One"" by Pharrell Williams.",,,3:55,107,Full,Lossless,https://imgur.gg/f/bsn1nEy
Graduation,"The Game - Wouldn't Get Far
(prod. Kanye West)","Official instrumental for ""Wouldn't Get Far"" by The Game.",,,2:43,90.4,Full,CD Quality,https://pixeldrain.com/u/k4VLbBej
,TV Tracks,,,,,,,,
Graduation,Homecoming,"TV Track for ""Homecoming"". Leaked  after a successful groupbuy.","Aug 13, 2007","Mar 21, 2022",3:30,87,OG File,Lossless,
,808s & Heartbreak,"(09/11/2007) (Graduation officially releases)
(11/24/2008) (808s & Heartbreak officially releases)",,,"Following the death of his mother due to complications after cosmetic surgery, his relationship with fiancé Alexis Phifer finally ending for good, and a struggle to adapt to his celebrity status, Kanye felt emotionally drained and lost. Kanye dealt with his pain by channeling it into a sonically stripped-down album, one dominated by his use of the titular Roland TR-808 drum machine and Auto-Tune. This album significantly influenced future hip-hop music, having influenced Drake, Future, Travis Scott, and more.",,,,
,Sessions,,,,,,,,
808s & Heartbreak,"Amazing
(feat. Young Jeezy, Mr. Hudson & The WRLDFMS Tony Williams) (prod. Kanye West & Jeff Bhasker)","According to the same person who has the ""Runaway"" session, they also have the full session for ""Amazing"" from 808s & Heartbreaks.",,,,146,Confirmed,Not Available,
808s & Heartbreak,"Smoked Up
(prod. Justice)","OG Filename: Justice Beat
Pro Tools session for ""Smoked Up"". Leaked after a Soakbuy.","Sep 25, 2008","Feb 24, 2025",3:57,93,OG File,Lossless,https://imgur.gg/f/pdXUGwz
808s & Heartbreak,"Michael Jackson - Billie Jean (2008 Kanye West Mix)
(feat. Kanye West) (prod. Kanye West & Quincy Jones)","According to Hogan, he was once offered the session for Kanye's remix of ""Billie Jean"".",,,,,Rumored,Not Available,https://ibb.co/21PSZpZK
,Studio Stems,,,,,,,,
808s & Heartbreak,"Heartless
(feat. The WRLDFMS Tony Williams) (prod. Kanye West & No I.D.)","Studio stems for ""Heartless"". Original snippet leaked in March 2023.",,"Jul 26, 2025",3:31,88,OG File,Lossless,https://imgur.gg/f/GD9Ydkr
808s & Heartbreak,"Love Lockdown
(prod. Kanye West & Jeff Bhasker)","Official stems for ""Love Lockdown"". Released on September 25th, 2008.","Sep 25, 2008",,4:33,119.6,Full,CD Quality,https://imgur.gg/f/Izvk153
808s & Heartbreak,"RoboCop
(feat. The WRLDFMS Tony Williams & Jeff Bhasker) (prod. Kanye West)","Studio stems for ""Robocop"". Leaked after being privately bought.",,"Dec 16, 2024",4:52,134,OG File,Lossless,https://imgur.gg/f/16ZW9Co
808s & Heartbreak,"Madonna - Beat Goes On
(feat. Kanye West & Pharrell Williams) (prod. The Neptunes)","14-track stems for ""Beat Goes On"". Circulated long before they were added to the tracker.","Dec 20, 2007",,4:36,118,Full,Lossless,https://imgur.gg/f/UIpvMhv
,Acapellas,,,,,,,,
808s & Heartbreak,"Heartless [DJ Hero 2]
(feat. The WRLDFMS Tony Williams)","Official acapella for the first version of ""Heartless"" from DJ Hero 2. Stem edit. Exactly the same as the second.",,,3:02,104,Full,CD Quality,
808s & Heartbreak,"Heartless [DJ Hero 2]
(feat. The WRLDFMS Tony Williams)","Official acapella for the second version of ""Heartless"" from DJ Hero 2. Stem edit. Exactly the same as the first.",,,3:02,104,Full,CD Quality,
808s & Heartbreak,"88-Keys - Stay Up! (Viagra)
(feat. Kanye West)","Official acapella for ""Stay Up! (Viagra)"" by 88-Keys.",,,2:36,91 / 90,Full,CD Quality,https://imgur.gg/f/B3EARjX
808s & Heartbreak,"Estelle - American Boy [DJ Hero 2]
(feat. Kanye West)","Official acapella for ""American Boy"" by Estelle from DJ Hero 2. Stem edit.",,,4:53,118,Full,CD Quality,https://imgur.gg/f/pink57g
808s & Heartbreak,"JAY-Z - Roc Boys (And The Winner Is)...
(feat. Beyoncé, Cassie & Kanye West)","Official acapella for ""Roc Boys (And The Winner Is)..."" by JAY-Z.",,,4:10,95,Full,CD Quality,"https://open.spotify.com/track/0zlYK8bBnZYkINDnCcPc4z
Lossless Needed"
808s & Heartbreak,"⁉️ Young Jeezy - Put On [DJ Hero 2]
(feat. Kanye West)","Official acapella for ""Put On"" by Young Jeezy from DJ Hero 2. Stem edit.",,,,138,Full,CD Quality,Link Needed
,Instrumentals,,,,,,,,
808s & Heartbreak,"Heartless
(prod. Kanye West & No I.D.)","Official instrumental for ""Heartless"".",,,3:31,88,Full,CD Quality,
808s & Heartbreak,Hey Mama (Glow In The Dark Tour Version),"Official instrumental for the Glow In The Dark Tour version of ""Hey Mama"".",,,4:34,96,Full,High Quality,https://imgur.gg/f/YrpyZi5
808s & Heartbreak,Say You Will,"Leaked as a bonus for the ""Diamonds & Dollars"" groupbuy. Very early instrumental.",,"Jul 25, 2025",1:06,86,Full,CD Quality,
808s & Heartbreak,"Say You Will
(prod. Kanye West & Anthony Kilhoffer)","OG Filename: AK Say You Will
Early instrumental.",,"Jul 19, 2025",4:15,86,OG File,CD Quality,https://imgur.gg/f/VCjbIwu
808s & Heartbreak,I Wonder / Heard 'Em Say (Intro),"Official instrumental for the Glow In The Dark Tour version of ""I Wonder / Heard Em Say"".",,,4:50,96,Full,High Quality,https://imgur.gg/f/YEHpnC5
808s & Heartbreak,Jesus Walks (Glow In The Dark Tour Version),"Official instrumental for the Glow In The Dark Tour version of ""Jesus Walks"".",,,0:53,80,Full,High Quality,https://imgur.gg/f/SZ2Rb9o
808s & Heartbreak,"RoboCop
(prod. Kanye West)","OG Filename: RobocopRefInstrumental
Early instrumental for ""RoboCop"".",,"Nov 26, 2020",3:53,136,OG File,High Quality,https://imgur.gg/f/f7bvePg
808s & Heartbreak,"See You in My Nightmares (Film Version)
(prod. Squeak E. Clean)",Appeared in Kanye's short film We Were Once a Fairytale. This version is the full instrumental and has no sound effects.,,,2:41,90,Full,Lossless,https://imgur.gg/f/lsqcUYJ
808s & Heartbreak,"Street Lights
(prod. Mr. Hudson & Kanye West)","Snippet of the ""Street Lights"" instrumental from the Glow In The Dark Tour book promotional CD.",,,3:10,125.6,Partial,High Quality,https://imgur.gg/f/CN52O6n
808s & Heartbreak,Touch The Sky (Glow In The Dark Tour Version),"Official instrumental for the Glow In The Dark Tour version of ""Touch The Sky"".",,,2:09,106,Full,High Quality,https://imgur.gg/f/kzbGoUS
808s & Heartbreak,Estelle - American Boy,"Official instrumental for ""American Boy"" by Estelle.",,,5:09,118,Full,CD Quality,https://imgur.gg/f/PqdW3AY
,Live Stems,,,,,,,,
808s & Heartbreak,Love Lockdown (Live at SNL),"Leaked acapella for the SNL performance of ""Love Lockdown"". Features new parts.",,,,119.6,Full,CD Quality,https://imgur.gg/f/BKS8bwt
,"Good Ass Job
(Winter Spring Summer Fall)","(11/24/2008) (808s & Heartbreak officially releases)
(05/??/2010) (The project shifts into My Beautiful Dark Twisted Fantasy)",,,"As far back as 2003, Kanye had planned a four-album series revolving around going to college, with Good Ass Job concluding the series. The death of his mother derailed this plan, with his fourth album becoming the somber 808s & Heartbreak. People still expected Good Ass Job to release, though, as Kanye's next album as late as early 2010. When the wake of the 2009 VMAs incident happened, it would cause Good Ass Job not to release. The title seems to have changed to MBDTF around May 2010 or atleast not called GAJ anymore. The cover included for this era is the original cover for the single ""POWER.""",,,,
,Sessions,,,,,,,,
Good Ass Job,"Ain't No Tellin
(ref. ??? & ???) (feat. The WRLDFMS Tony Williams, GLC & ???) (prod. Kanye West, 40, Andrew Dawson, Jeff Bhasker & Plain Pat)
(Tell 'Em What To Do, Horn Shout, Ohh Yeah, Ohh Yeah Tellem)","Session for ""Ain't No Tellin"", first mentioned by the same person who shared the initial snippet. Leaked as part of the GAJ groupbuy. No I.D. is mentioned to have added production in this session, but no files are attached of his production.",,"Jul 1, 2024",Varied,73.3,OG File,Lossless,https://imgur.gg/f/BpEQsSo
Good Ass Job,"Hard Horn Nightmare
(feat. Rick Ross, Big Sean, John Legend, Connie Mitchell & The WRLDFMS Tony Williams) (prod. Kanye West)
(Live Fast, Die Young)","Has over 20 versions of ""Live Fast Die Young"" and 5 versions of ""Hard Horn Nightmare"".",,"Jun 5, 2025",Varied,Varied,OG File,Lossless,https://pixeldrain.com/u/qHnCxwwS
Good Ass Job,"Throw Money Everywhere
(ref. Young Jeezy) (prod. Kanye West & Jeff Bhasker)
(Throw Money Every)","""Throw Money Everywhere"" partial session. Snippets shared 9/5/24. Has multiple vocal takes for a short Jeezy reference track and 11 different Pro Tools session files. Session is missing ~51 audio files out of ~148 total. Some elements that are missing are: the vocal take containing the chorus, a handful of other vocal takes, a few of the synths used in the song's instrumental, and other miscellaneous synth and sampler files.","Apr 9, 2009","Sep 16, 2024",Varied,110,Partial,Lossless,https://imgur.gg/f/HGjm3Jk
,Studio Stems,,,,,,,,
Good Ass Job,"Eyes Closed [Sample Stem]
(prod. Kanye West)
(Eyez Closed)","OG Filename: Eyes Closed NEW Music only @ 89.32
Sample stems for the song.",,"Apr 26, 2025",0:21,89.32,OG File,Lossless,
Good Ass Job,"Flashing Lights (Remix) [Beat Stems]
(prod. No I.D.)","OG Filenames: Eighties Jump Brass &
find your love drums loop 95.8672
2 files for the beat, that being the drums and the melody.","Aug 18, 2010","Apr 26, 2025",0:10, 95.8672,OG File,Lossless,""
Good Ass Job,POWER [Strings Stem],"OG Filename: Choppy New Prog Strings BNCE
Strings stem meant to be added onto a version of ""Power"".",,"Apr 26, 2025",4:40,153,OG File,High Quality,
Good Ass Job,"SingSing
(Runaway)","According to Garfield (the person who shared the snippets for ""SingSing""), they also have the stems for it.",,,,85,Rumored,Not Available,N/A
Good Ass Job,"JAY-Z - Hate
(feat. Kanye West) (prod. Kanye West)
(Hate It)","OG Filename: Hate
Leaked right after the ""FEAR"" groupbuy ended. Pro Tools session files, however it has no raw recordings, just stems.","Jan 14, 2010","Jan 22, 2024",3:04,120,OG File,Lossless,
Good Ass Job,"Mr Hudson - Supernova
(feat. Kanye West) (prod. Kanye West & Dave McCracken)","Offically released stems for the song. Were lost to time until shared by Batby. Snare stem also refound January 14th, 2024.",,,3:13,116,Full,Lossless,https://imgur.gg/f/CFgQTrG
,Acapellas,,,,,,,,
Good Ass Job,"Higher
(Dark Fantasy)","OG Filename: KW VOX IDEA.01 up 1half 01
Acapella for the presumed earliest version of ""Dark Fantasy"", has no autotune. Bounced later than it was recorded.","Feb 18, 2010",,1:47,78,OG File,CD Quality,https://imgur.gg/f/qcLprcg
Good Ass Job,HypeMeUp,"OG Filename: Vox1_02
Raw acapella for Kanye's vocals on ""HypeMeUp"".","Jan 10, 2010",,4:17,73,OG File,Lossless,https://imgur.gg/f/yrCIrW5
Good Ass Job,"Mama's Boy
(Mama's Boyfriend, My Momma's Boyfriend)","OG Filename: Mamas by vox at 86
Kanye acapella with finished vocals.","May 6, 2010","Apr 26, 2025",3:01,86,OG File,Lossless,
Good Ass Job,"Under My Skin
(Down Town)","Acapella for solo Ye version of ""Under My Skin"". Seemingly has some alternate production from the bleed on the vocals.",,,,101,Snippet,Lossless,https://imgur.gg/f/RZaODkB
Good Ass Job,"Consequence - Whatever U Want
(feat. Kanye West & John Legend)","Official acapella for ""Whatever U Want"" by Consequence.",,,2:31,107,Full,High Quality,https://imgur.gg/f/jYCWmpF
Good Ass Job,"DJ Class - I'm The Shit (Remix)
(feat. Kanye West)","Official acapella for the remix of ""I'm The Shit"" by DJ Class.",,,2:07,128,Full,CD Quality,https://imgur.gg/f/68zysgU
Good Ass Job,"Drake - Forever [Clean]
(feat. Kanye West, Lil Wayne & Eminem)","Official acapella for ""Forever"" by Drake. Does not include the hook and is censored.",,,5:58,158,Full,Lossless,https://imgur.gg/f/ARLIHSB
Good Ass Job,"Drake - Forever [Explicit]
(feat. Kanye West, Lil Wayne & Eminem)","Official acapella for ""Forever"" by Drake. Includes the hook and is explicit.",,,5:57,158,Full,Lossless,
Good Ass Job,"GLC - The Big Screen
(feat. Kanye West)","Official acapella for ""The Big Screen"" by GLC.",,"Mar 12, 2025",4:10,96.5,Full,CD Quality,https://imgur.gg/f/TC286WP
Good Ass Job,"Jamie Foxx - Digital Girl (Remix)
(feat. Kanye West & Drake)","Official acapella for the remix of ""Digital Girl"" by Jamie Foxx.",,,4:38,107,Full,CD Quality,https://imgur.gg/f/eOt97de
Good Ass Job,"Lil Wayne - Lollipop (Remix)
(feat. Kanye West & Static Major)","Official acapella for the remix of ""Lollipop"" by Lil Wayne.",,,4:21,148,Full,CD Quality,https://imgur.gg/f/dW91loB
,Live Acapellas,,,,,,,,
Good Ass Job,"Rick Ross - Maybach Music Part II
(feat. Kanye West)","Vocal stem for the Kanye vocals on ""Maybach Music Part II"" by Rick Ross.",,,0:46,82,Full,High Quality,https://imgur.gg/f/2dqPUw6
,Instrumentals,,,,,,,,
Good Ass Job,Armed and Dangerous,"OG Filename: Armed and Dangerous TRACK INST
Instrumental found in a beat copy of the album. It's unknown if Ye recorded on it, but the seller believes that Ye likely recorded on everything on the instrumental copy.","Apr 5, 2009","Jul 1, 2024",2:27,80,OG File,Lossless,https://imgur.gg/f/VpJHA3N
Good Ass Job,Dance At Night,"OG Filename: Dance at Night Horn track RUFF INST
Instrumental found in a beat copy of the album. It's unknown if Ye recorded on it, but the seller believes that Ye likely recorded on everything on the instrumental copy. Samples ""Jogan Ban Gayi"" by Asha Bhosle.","Apr 5, 2009","Jul 1, 2024",3:04,96.3,OG File,Lossless,https://imgur.gg/f/qepl9bi
Good Ass Job,Give It All Away,"OG Filename: Give it all away RUFF INST
Instrumental found in a beat copy of the album. It's unknown if Ye recorded on it, but the seller believes that Ye likely recorded on everything on the instrumental copy.","Apr 19, 2010","Jul 1, 2024",3:16,88,OG File,Lossless,https://imgur.gg/f/MVss1NO
Good Ass Job,"Higher
(feat. ???) (prod. No I.D.)
(Dark Fantasy)","OG Filename: Higher Ruff INST
The January 15th, 2010 instrumental for ""Higher"" found in the GAJ instrumental zip.","Jan 15, 2010","Jul 1, 2024",4:05,88,OG File,Lossless,https://imgur.gg/f/wTnLgZX
Good Ass Job,Hornz Shuffle Groove,"OG Filename: Hornz Shuffle Groove Track INST RUFF
Instrumental found in a beat copy of the album.","Apr 15, 2009","Jul 1, 2024",3:21,107,OG File,Lossless,https://imgur.gg/f/J0t4uO7
Good Ass Job,HypeMeUp,"OG Filename: HypeMeUp RUFF INST
The instrumental version on the zip. Slightly shorter than later versions.","Jan 15, 2010","Jul 1, 2024",2:11,73,OG File,Lossless,https://imgur.gg/f/DSQPEWY
Good Ass Job,HypeMeUp,"OG Filename: HypeMEup w VOX REF1.15
Version of ""HypeMeUp"" that says it has vocals, yet it is just the instrumental. Not the instrumental version on the zip. Was exported 5 minutes after the version below.","Jan 15, 2010","Jul 1, 2024",4:23,73,OG File,Lossless,https://imgur.gg/f/iHi2N8g
Good Ass Job,"Lonely
(prod. Kanye West & Jeff Bhasker)","OG Filename: Lonely INST RUFF
Instrumental for ""Lonely"". Found in the album instrumental zip.","May 11, 2009","Jul 1, 2024",3:18,88,OG File,Lossless,https://imgur.gg/f/uQ3Vt8Z
Good Ass Job,Make That Money,"OG Filename: Make that money sample pitchfix RUFF
Instrumental found in a beat copy of the album. It's unknown if Ye recorded on it, but the seller believes that Ye likely recorded on everything on the instrumental copy.","May 16, 2009","Jul 1, 2024",3:14,85,OG File,Lossless,https://imgur.gg/f/n6rCiQG
Good Ass Job,"Mama's Boy
(Mama's Boyfriend, My Momma's Boyfriend)","OG Filename: Mamas Boy beat @86
Early instrumental.","May 6, 2010","Apr 26, 2025",3:33,86,OG File,Lossless,https://imgur.gg/f/aG6jatG
Good Ass Job,"Mama's Boy
(prod. MIKE DEAN)
(Mama's Boyfriend, My Momma's Boyfriend)","OG Filename: mama's boy mike dean 3 inst
Mike Dean version 3 instrumental.",,"Apr 26, 2025",3:01,86,OG File,Lossless,https://imgur.gg/f/XV9uPrq
Good Ass Job,Mama's Boy,"OG Filename: beatles chord thing
Instrumental for a version of ""Mama's Boyfriend"". Possibly unused.",,"Apr 26, 2025",4:28,87,OG File,High Quality,https://imgur.gg/f/MsknGWQ
Good Ass Job,"Loop 8
(Honor Hov, Name Ring)","OG Filename: RUFF 8 Loop 83BPM
Earlier version of ""Name Ring"". Has different drums and less production.","Jul 14, 2008","Jul 1, 2024",0:23,83,OG File,Lossless,https://imgur.gg/f/OxU8cq9
Good Ass Job,"Name Ring
(Honor Hov, Loop 8)","OG Filename: Hi Beat5 Name Ring RUFF
Instrumental found in a beat copy of the album. According to Garfield, this beat was recorded over and is titled ""Honor Hov"".",2008,"Jul 1, 2024",3:25,83,OG File,Lossless,https://imgur.gg/f/ljBiNf8
Good Ass Job,"Ohh
(prod. Kanye West)","OG Filename: Ohh Kanye Beat RUFF INST
Instrumental found in a beat copy of the album. It's unknown if Ye recorded on it, but the seller believes that Ye likely recorded on everything on the instrumental copy.","Apr 15, 2009","Jul 1, 2024",3:22,109,OG File,Lossless,https://imgur.gg/f/jS85aYV
Good Ass Job,"Ohh Yeah Tellem
(prod. Kanye West, 40, Andrew Dawson, Jeff Bhasker & Plain Pat)
(Tell 'Em What To Do, Horn Shout, Ohh Yeah, Ain't No Tellin)","OG Filename: Ohh Yeah Tellem RUFF &
Ohh Yeah Tellem RUFF 73.3
Instrumental found in a beat copy of the album.","Jan 7, 2010","Jul 1, 2024",3:36,73.3,OG File,Lossless,https://imgur.gg/f/R3gxI9Z
Good Ass Job,"Ohh Yeah Tellem
(prod. Kanye West, 40, Andrew Dawson, Jeff Bhasker & Plain Pat)
(Tell 'Em What To Do, Horn Shout, Ohh Yeah, Ain't No Tellin)","OG Filename: ohh Yeah Tellem RUFF for Drake 73.3BPM
Instrumental bounce that was for Drake. Not found in the instrumental zip or the session files.","Jan 15, 2010","Jul 1, 2024",6:59,73.3,OG File,Lossless,https://imgur.gg/f/SJIepm7
Good Ass Job,"POWER
(prod. S1 & Kanye West)","OG Filename: power new prog.3 RUFF work INST 77BPM
Early instrumental.","Mar 24, 2010","Apr 26, 2025",5:49,77,OG File,Lossless,
Good Ass Job,"POWER
(prod. S1 & Kanye West)","OG Filename: power New PROG.3 REDO
Has slightly different mixing.","Mar 24, 2010","Apr 26, 2025",5:49,77,OG File,Lossless,
Good Ass Job,String Pad,"OG Filename: String Pad Uptempo RUFF INST
Instrumental found in a beat copy of the album. It's unknown if Ye recorded on it, but the seller believes that Ye likely recorded on everything on the instrumental copy.","Apr 9, 2009","Jul 1, 2024",2:39,86,OG File,Lossless,https://imgur.gg/f/VKsQfqR
Good Ass Job,"Tellin U Before
(prod. Kanye West)
(All Of The Lights)","OG Filename: Tellin u Before.6 DRUMS RUFF
Instrumental found in a beat copy of the album. Just the drums.","Jan 5, 2010","Jul 1, 2024",2:49,142,OG File,Lossless,https://imgur.gg/f/nGyOHjD
Good Ass Job,"TellinUBefore
(prod. Kanye West & Jeff Bhasker)
(All Of The Lights, Tellin U Before)","OG Filename: TellinUBefore.12 INST RUFF
Instrumental found in a beat copy of the album.","Jan 10, 2010","Jul 1, 2024",2:49,142,OG File,Lossless,https://imgur.gg/f/j6rSCW7
Good Ass Job,"Choir Sample
(prod. Kanye West & Jeff Bhasker)
(Throw Money Everywhere, Throw My Money Everywhere, Throw My Money)","OG Filename: Choir Sample Try2 92.5BPM RUFF INST
Earlier instrumental for ""Throw Money Everywhere"" found in a beat copy of the album.","Apr 9, 2009","Jul 1, 2024",3:09,92.5,OG File,Lossless,https://imgur.gg/f/PikF80d
Good Ass Job,"Throw My Money Every
(prod. Kanye West & Jeff Bhasker)
(Choir Sample, Throw Money Everywhere, Throw My Money Everywhere, Throw My Money)","OG Filename: Throw My Money Every RUFF INST
Instrumental for ""Throw Money Everywhere"". Found in the album instrumental zip.","Apr 9, 2009","Jul 1, 2024",3:12,110,OG File,Lossless,https://imgur.gg/f/wgxhSGu
Good Ass Job,"???
(Track 8)","OG Filename: Track 08-NORM_01
Beat that leaked July 19th, 2025. Left and right parts both provided.","Oct 10, 2009","Jul 19, 2025",3:34,99,OG File,Lossless,""
Good Ass Job,"Che Pope - Gay Girl In A Gay Bar
(prod. Che Pope)
(Why Feel Bad)","OG Filename: Che - Gay Girl In A Gay Bar 1
First known version of ""Why Feel Bad"", only consisting of the sample.","May 4, 2010","Apr 26, 2025",4:48,82,OG File,Lossless,
Good Ass Job,Consequence - Whatever U Want,"Official instrumental for ""Whatever U Want"" by Consequence.",,,2:35,107,Full,CD Quality,https://imgur.gg/f/MXswpkZ
Good Ass Job,DJ Class - I'm The Shit (Remix),"Official instrumental for the remix of ""I'm The Shit"" by DJ Class.",,,5:21,128,Full,CD Quality,https://imgur.gg/f/xzQkWY4
Good Ass Job,"Drake - Find Your Love
(prod. Kanye West, No I.D. & Jeff Bhasker)","Official instrumental for ""Find Your Love"" by Drake.",,,3:27,96,Full,CD Quality,https://imgur.gg/f/FZnRmjh
Good Ass Job,"Drake - Forever
(prod. Boi-1da)","Official instrumental for ""Forever"" by Drake.",,,5:55,158,OG File,Lossless,https://imgur.gg/f/2Hxb520
Good Ass Job,GLC - The Big Screen,"Official instrumental by ""The Big Screen"" by GLC.",,"Mar 12, 2025",4:10,96.5,Full,CD Quality,
Good Ass Job,"Kid Cudi - Make Her Say
(prod. Kanye West)
(I Poke Her Face)","Instrumental for ""Make Her Say"" by Kid Cudi.",,,3:57,99,Full,High Quality,https://imgur.gg/f/wMU4icn
Good Ass Job,"The Game - Heartbreaker
(prod. RZA)","Instrumental for ""Heartbreaker"". Longer than leaked version as it is the version of the beat given to The Game for his mixtape Purp and Patron.",,,4:31,74,Full,High Quality,
,TV Tracks,,,,,,,,
Good Ass Job,"See Me Again
(feat. Bon Iver, The WRLDFMS Tony Williams & Elly Jackson)
(Never See Me Again)","OG Filename: seeMeAgain TVRUFF 2.16 89BPM
TV track for ""See Me Again"". Similar to the 2.22 version.","Feb 16, 2010",,5:24,89,OG File,CD Quality,https://imgur.gg/f/kYtU5AW
Good Ass Job,"Drake - Forever
(prod. Boi-1da)","TV track for ""Forever"" by Drake.",,,5:58,158,OG File,Lossless,https://imgur.gg/f/z0agJPt
,"My Beautiful Dark Twisted Fantasy
(My Dark Twisted Fantasy)","(05/??/2010) (The project shifts into My Beautiful Dark Twisted Fantasy)
(07/28/2010) (Kanye announces the album title is no longer Good Ass Job)
(11/22/2010) (My Beautiful Dark Twisted Fantasy officially releases)",,,"Conceived during West's self-imposed exile following the 2009 VMA incident and further influenced by his deteriorating relationship with model Amber Rose, My Beautiful Dark Twisted Fantasy is a genre-bending masterpiece that explores the darker sides of celebrity, fame, and love. With grand production that sounds like the natural evolution of all the albums that came before it, this is seen by many as Kanye's best album, even earning an extremely rare 10/10 rating from Pitchfork.",,,,
,Sessions,,,,,,,,
My Beautiful Dark Twisted Fantasy,"All Of The Lights
(feat. Rihanna, Kid Cudi, John Legend, The WRLDFMS Tony Williams, Alvin Fields, Ken Lewis, Elton John, Alicia Keys, Charlie Wilson, Drake, La Roux, Fergie, Ryan Leslie & The-Dream) (prod. Kanye West, Jeff Bhasker, MIKE DEAN, Ken Lewis, Rosie Danvers & Tommy D.)
(Ghetto University)","OG Filename: All of The Light Logic AK Clean M 52 OTR
Logic Pro session for an almost finished mix of ""All Of The Lights"". Featured on a May 2025 episode of On The Radar Radio.",,,,142,Confirmed,Not Available,
My Beautiful Dark Twisted Fantasy,"All Of The Lights
(feat. Rihanna, Kid Cudi, John Legend, The WRLDFMS Tony Williams, Alvin Fields, Ken Lewis, Elton John, Alicia Keys, Charlie Wilson, Drake, La Roux, Fergie, Ryan Leslie & The-Dream) (prod. Kanye West, Jeff Bhasker, MIKE DEAN, Ken Lewis, Rosie Danvers & Tommy D.)
(Ghetto University)","OG Filename: AOTL M54
Session for the single version of ""All Of The Lights"". Used in a video from Mix with the Masters.",,,,142,Confirmed,Not Available,
My Beautiful Dark Twisted Fantasy,"Runaway
(ref. ???) (feat. Kid Cudi, Pusha T, The WRLDFMS Tony Williams, The-Dream & ???) (prod. Kanye West, Jeff Bhasker, MIKE DEAN & Emile Haynie)","Sessions for ""Runaway"" that have ""thousands of files and ""over 50 OG versions"". There are many altenate versions with various dfferent people doing features/references. Snippet leaked May 13th, 2024.",,"May 31, 2024",Varied,85,Snippet,Lossless,""
,Studio Stems,,,,,,,,
My Beautiful Dark Twisted Fantasy,"All Of The Lights
(feat. Rihanna, Kid Cudi, John Legend, The WRLDFMS Tony Williams, Alvin Fields, Ken Lewis, Elton John, Alicia Keys, Charlie Wilson, Drake, La Roux, Fergie, Ryan Leslie & The-Dream) (prod. Kanye West, Jeff Bhasker, MIKE DEAN, Ken Lewis, Rosie Danvers & Tommy D.)
(Ghetto University)","Seemingly release multitrack stems for ""All Of The Lights"". Differences are unknown with the short snippet that leaked April 30th, 2024.",,,,142,Snippet,CD Quality,https://imgur.gg/f/dlGabr7
My Beautiful Dark Twisted Fantasy,"Lost In The World
(feat. Bon Iver, The WRLDFMS Tony Williams, Alvin Fields, Ken Lewis, Alicia Keys, Charlie Wilson, La Roux & Kay Fox) (prod. Kanye West, Jeff Bhasker & Ken Lewis)
(Lost, Lost In A World)","OG Filename: LITW
Studio stems for an earlier version of ""Lost In The World"".","Nov 12, 2010","Feb 28, 2023",5:48,117,OG File,Lossless,https://imgur.gg/f/4zO6x9g
My Beautiful Dark Twisted Fantasy,Runaway [BBC Symphony Stem],"OG Filename: RUNAWAY BBC Symphony Orchestra
Symphony stem for the orchestral version of ""Runaway"".",,,9:08,85,OG File,CD Quality,https://imgur.gg/f/TaJutSk
,Acapellas,,,,,,,,
My Beautiful Dark Twisted Fantasy,"⁉️ JAY-Z - Run This Town
(feat. Rihanna & Kanye West)","Official acapella for ""Run This Town"".",,,4:28,87,Full,CD Quality,Link Needed
My Beautiful Dark Twisted Fantasy,"Katy Perry - E.T.
(feat. Kanye West)","OG Filename: ET Alien-70610 24bit Acapella
Acapella for the solo Katy Perry version of ""E.T."" found in the session folder.","Jun 6, 2010","Jan 16, 2026",3:26,76,OG File,Lossless,
My Beautiful Dark Twisted Fantasy,"Katy Perry - E.T.
(feat. Kanye West)","OG Kanye acapella for ""E.T."". has a couple extra unused lines and is uncensored.",,"Aug 9, 2024",1:05,152,Full,CD Quality,https://imgur.gg/f/48ia8LL
,Live Acapellas,,,,,,,,
My Beautiful Dark Twisted Fantasy,POWER (Live at SNL),"Leaked acapella for the SNL performance of ""POWER"". Features a completely unique second verse than the release.",,,3:59,154,Full,CD Quality,https://imgur.gg/f/a83Ehxx
My Beautiful Dark Twisted Fantasy,"Runaway (Live at SNL)
(feat. Pusha T)","Leaked acapella for the SNL performance of ""Runaway"". Features new parts.",,,4:01,85,Full,CD Quality,https://imgur.gg/f/vGNHVdr
,Instrumentals,,,,,,,,
My Beautiful Dark Twisted Fantasy,"All Of The Lights
(prod. Kanye West & Jeff Bhasker)","Official instrumental for ""All Of The Lights"".",,,5:00,142,Full,High Quality,https://imgur.gg/f/gf2cXcs
My Beautiful Dark Twisted Fantasy,"Blame Game
(prod. Kanye West, DJ Frank E & MIKE DEAN)","Official instrumental for ""Blame Game"".",,,7:57,80,Full,CD Quality,https://imgur.gg/f/cgAmoq1
My Beautiful Dark Twisted Fantasy,"Chain Heavy
(prod. Q-Tip)","Instrumental of ""Chain Heavy"" included within Record4Hype.",,,3:30,91,Tagged,High Quality,https://imgur.gg/f/oAlSI4j
My Beautiful Dark Twisted Fantasy,"Christmas In Harlem
(prod. Hit-Boy)","Instrumental for ""Christmas In Harlem"".",,,3:01,86,Full,High Quality,https://imgur.gg/f/zXBRfdj
My Beautiful Dark Twisted Fantasy,"Devil In A New Dress
(feat. Rick Ross) (prod. MIKE DEAN & Bink!)","Instrumental for ""Devil In A New Dress"". Cuts off early. Has Rick Ross ad-libs at 4:02.",,,4:32,83,Full,Lossless,https://imgur.gg/f/yQyH4aw
My Beautiful Dark Twisted Fantasy,"Lost In The World
(feat. Justin Vernon) (prod. Kanye West & Jeff Bhasker)","OG Filename: LITW Instermental
Instrumental for ""Lost In The World"". Has more vocoder and different drums in places.","Oct 26, 2010","Feb 28, 2023",5:59,117,OG File,Lossless,https://imgur.gg/f/P8zUDC9
My Beautiful Dark Twisted Fantasy,"Monster
(feat. Bon Iver & Charlie Wilson) (prod. Kanye West, MIKE DEAN & Plain Pat)","Official instrumental of ""Monster"" with less compression, more effects and bass. Also includes vocals from Justin Vernon and Charlie Wilson.",,,6:26,125,Full,CD Quality,https://imgur.gg/f/3gJHcel
My Beautiful Dark Twisted Fantasy,"POWER
(prod. S1, Kanye West, Jeff Bhasker & MIKE DEAN)","Official instrumental for ""POWER"".",,,4:53,154,Full,Lossless,https://imgur.gg/f/TuFt07N
My Beautiful Dark Twisted Fantasy,"Runaway
(prod. Kanye West, Emile Haynie, Jeff Bhasker & MIKE DEAN)","Official instrumental for ""Runaway"". Features very minor beat differences.",,,9:11,85,Full,CD Quality,https://imgur.gg/f/GuyOPYR
My Beautiful Dark Twisted Fantasy,"Runaway
(prod. Kanye West, Emile Haynie, Jeff Bhasker & MIKE DEAN)","OG Filename: RUNAWAY Master
Alternate mix of ""Runaway"" meant to be combined with the BBC symphony stem.",,,9:08,85,OG File,Lossless,https://imgur.gg/f/rhVZjtk
My Beautiful Dark Twisted Fantasy,"The Joy
(prod. Kanye West, Jeff Bhasker, MIKE DEAN & Pete Rock)","Official instrumental for ""The Joy"".",,,5:18,80,Full,CD Quality,https://pixeldrain.com/u/6NEmvuUf
My Beautiful Dark Twisted Fantasy,"Katy Perry - E.T.
(prod. Ammo, Dr. Luke & Max Martin)","OG Filename: ET Alien-70610 24bit Instrumental
Instrumental for the solo Katy Perry version of ""E.T."" found in the session folder.","Jun 6, 2010","Jan 16, 2026",3:26,76,OG File,Lossless,
My Beautiful Dark Twisted Fantasy,JAY-Z - Run This Town,"Official instrumental for ""Run This Town"".",,,4:34,87,Full,Lossless,
My Beautiful Dark Twisted Fantasy,"Twista - Hustlaz
(prod. Kanye West)","Instrumental for Twista's track ""Hustlaz"" produced by Kanye.",,,4:04,129,Full,CD Quality,https://imgur.gg/f/gaPNNja
,"Watch The Throne
(Collaboration with JAY-Z as The Throne)","(08/27/2010) (Kanye announces a ""joint-EP"" with JAY-Z)
(11/22/2010) (My Beautiful Dark Twisted Fantasy officially releases)
(08/08/2011) (Watch The Throne officially releases)
(08/12/2011) (Watch The Throne (Deluxe) officially releases)",,,"Considered one of the most legendary collab albums of all time, Watch The Throne puts together two of the most legendary figures in music history for a full studio album. Kanye teams up with his big brother, JAY-Z, for an album, focused primarily on luxury, black excellence, and the American dream. The album's production also reflects that, and having been recorded by two future billionaires primarily in New York City's Tribeca Grand Hotel, how could it not?",,,,
,Sessions,,,,,,,,
Watch The Throne,"Not Enough Time
(prod. Hit-Boy)
(Whole Lifetime)","OG Filename: Not EnoughTime-Hitboy1729
Full session of ""Not Enough Time"". Comes with a bounced instrumental and Kanye's vocal takes.","Jan 29, 2011","Oct 14, 2022",2:42,142,OG File,Lossless,"https://imgur.gg/f/g598ACT
https://mega.nz/file/AKYxzLLb#l7_2Dv0jUeC2KBHUCqTxy8ywHw4QuqQxtNju2zBgMsY"
Watch The Throne,"Katy Perry - E.T.
(feat. Kanye West) (prod. Ammo, Dr. Luke & Max Martin)","OG Filenames: K.Perry -ET Alien- Feat. Kanye West &
K.Perry -ET Alien- Feat. Kanye West Multitrack
Session for ""E.T."". Fully OG files except for the MP3 bounce found when you open the folder.",,"Jan 16, 2026",Varied,76,OG File,Lossless,
,Studio Stems,,,,,,,,
Watch The Throne,"Niggas in Paris
(prod. Hit-Boy, Kanye West, MIKE DEAN & Anthony Killhoffer)",Instrumental + acapella for this leaked way before randomly on YouTube. Has 22 tracks.,,"Feb 20, 2023",3:42,140,OG File,Lossless,https://imgur.gg/f/ThloeuT
Watch The Throne,"Not The Same
(feat. Shire) (prod. Honorable C.N.O.T.E.)
(Black Bruce Wayne, We Are Not The Same)","Stems for ""Not The Same"", does not have the Kanye acapella. Contains 2 versions.",,,4:20,81,Full,Lossless,https://imgur.gg/f/JuYHxLw
Watch The Throne,"Otis
(prod. Kanye West)",Leaked late April 2020. Lossless version was lost for a long time until it was re-found by deka.,,,3:03,95,Full,Lossless,https://imgur.gg/f/5DVNXJq
,Acapellas,,,,,,,,
Watch The Throne,"Beyoncé - Party
(feat. André 3000, Kanye West & Consequence)","Official acapella for ""Party"" by Beyoncé.",,,4:04,161,Full,CD Quality,
Watch The Throne,"Lloyd Banks - Start It Up
(feat. Ryan Leslie, Kanye West, Swizz Beatz & Fabolous)","Acapella for ""Start It Up"" by Lloyd Banks.",,,5:42,81,Full,High Quality,
,Instrumentals,,,,,,,,
Watch The Throne,"Dark Fantasy (Coachella Intro)
(feat. Bon Iver, Amber Rose & Teyana Taylor) (prod. RZA, Kanye West, No I.D., Jeff Bhasker & MIKE DEAN)","Instrumental for ""Dark Fantasy"" with a 2:35 Coachella intro attached on.","Apr 16, 2011","Feb 28, 2023",6:06,88,Full,Lossless,https://imgur.gg/f/Uvtnd87
Watch The Throne,"Ever, Ever
(prod. Kanye West)","Instrumental for a WTT-era demo that went undetected when it originally leaked, before its John Legend reference track would later leak in July 2025.","Feb 3, 2011","Sep 17, 2023",3:54,76,OG File,Lossless,https://imgur.gg/f/BfgCwvH
Watch The Throne,"H·A·M
(prod. Lex Luger)","OG Filename: H.A.M
Earlier instrumental found inside of the mass Yeezus leak folder. Longer than release and has no choir, piano or cello.","Dec 22, 2010","Apr 26, 2025",5:15,140,OG File,Lossless,
Watch The Throne,"Living So Italian
(prod. Karlyle)","Instrumental posted in August 2018 by producer Karlyle. No vocal snippets. Was later given to Lil B for his song ""New York Subway"".",,,2:49,129,Full,CD Quality,https://imgur.gg/f/PeHigmv
Watch The Throne,"No Church in the Wild
(prod. 88-Keys)","OG Filename: ok scope it out &
Track 05
OG beat for ""No Church In The Wild"". Is just a loop.",,"Dec 15, 2024",3:31,93,OG File,CD Quality,
Watch The Throne,"No Church in the Wild
(prod. 88-Keys, Kanye West, MIKE DEAN & Om'Mas Keith)","Official instrumental for ""No Church In The Wild"".",,,4:32,93,Full,High Quality,https://imgur.gg/f/mBgkC94
Watch The Throne,Runnin Through My Dreams,"OG Filename: RunninThrough My Dreams  Instrumental
Official instrumental for ""Runnin Through My Dreams"".","Jan 29, 2011",,5:22,79,OG File,Lossless,https://imgur.gg/f/4lvhfHB
Watch The Throne,Watch The Throne Tour Mixes,"Full instrumentals used during the Watch The Throne Tour.

""H•A•M""
""Who Gon Stop Me""
""Otis""
""Welcome To The Jungle""
""Gotta Have It""
""Where I'm From""
""Nigga What, Nigga Who (Originator 99)""
""Can't Tell Me Nothing""
""Jesus Walks""
""All Falls Down""
""Diamonds From Sierra Leone""
""Public Service Announcement""
""U Don't Know""
""Run This Town""
""Monster""
""Power""
""Murder To Excellence""
""New Day""
""Hard Knock Life (Ghetto Anthem)""
""Izzo (H.O.V.A.)""
""Good Life""
""Empire State of Mind""
""Runaway""
""Heartless""
""Stronger""
""On To The Next One""
""Dirt Off Your Shoulder""
""Touch The Sky""
""All of the Lights""
""Big Pimpin'""
""Gold Digger""
""99 Problems""
""No Church In The Wild""
""Lift Off""
""Niggas In Paris"" (several times)",,"Dec 17, 2022",1:26:47,Varied,OG File,CD Quality,https://imgur.gg/f/hTkWZyk
Watch The Throne,"Big Sean - Marvin & Chadonnay
(feat. Kanye West & Roscoe Dash) (prod. MIKE DEAN & Pop Wansel)","Instrumental for ""Marvin & Chardonnay"" by Big Sean. Leaked sometime in 2011.",,,3:43,66,Full,High Quality,https://www.youtube.com/watch?v=8KPw3mF6ym8
,"Cruel Summer
(Collaboration with G.O.O.D. Music)","(08/12/2011) (Watch The Throne (Deluxe) officially releases)
(09/14/2012) (Cruel Summer officially releases)",,,"A compilation of new songs from Kanye's label, G.O.O.D. Music, 2012's Cruel Summer is one of the most collaborative Kanye projects he accomplished. Featuring various collaborations with Pusha T, Big Sean, 2 Chainz, John Legend, and many more, this album spawned many big hits, including ""Mercy"" and the remix of the Chief Keef song ""Don't Like."" This album also marks the first time Kanye would work with Travis Scott, an at-the-time complete unknown with no mixtape to his name.",,,,
,Sessions,,,,,,,,
Cruel Summer,"Flashlights
(with Kanye West & John Legend) (feat. The WRLDFMS Tony Williams & Seal) (prod. Kanye West)","Session for ""Flashlights"".","Feb 3, 2011",,,130,OG File,Lossless,
Cruel Summer,"Hear Me Now
(with Kanye West & John Legend) (prod. Kanye West)
(Oh My God, End Of It All)","OG Filename: Hear Me Now
Pre-2012 sessions for ""Hear Me Now"".","Nov 29, 2011",,Varied,93,OG File,Lossless,
Cruel Summer,"Oh My God
(with Kanye West & John Legend) (prod. Kanye West)
(Hear Me Now, End Of It All)","OG Filename: Oh My God (PT)
Post-2012 session files for ""Hear Me Now"". The ""JL - Hear Me Now KW ADD ON.wav"" in the session is an edit and not an official bounce.","Dec 12, 2013",,Varied,93,OG File,Lossless,
Cruel Summer,John Legend - On Fire,"Session for ""On Fire"" by John Legend, contains multiple different versions. Unorganized.",,,,88,OG File,Lossless,
,Studio Stems,,,,,,,,
Cruel Summer,"Clique [Sample Stem]
(prod. Hit-Boy)","OG Filename: UPGRADE 2 LOOPS 6 Vox Clique 87Bpm
Stem sample for ""Clique"".",,"Mar 28, 2023",0:22,87,OG File,Lossless,
Cruel Summer,"Don't Like.1
(with Kanye West, Chief Keef & Pusha T) (prod. Young Chop, Kanye West, The Twilite Tone & Noah Goldstein)","Snippet of full studio stems to a version of ""Don't Like"" without Jadakiss or Big Sean, Snippet leaked on December 22nd, 2022. Owned by Saya.",,,,132,Snippet,Lossless,https://imgur.gg/f/459m0Nu
Cruel Summer,"Don't Like.1
(with Kanye West, Chief Keef, Pusha T & Big Sean) (prod. Young Chop, Kanye West, The Twilite Tone & Noah Goldstein)","Snippet of full studio stems to a version of ""Don't Like"" with Big Sean, but no Jadakiss. Snippet leaked on October 14th, 2024.",,,,132,Snippet,CD Quality,https://imgur.gg/f/dlX74Nl
,Acapellas,,,,,,,,
Cruel Summer,Flashlights,"Accapella for ""Flashlights"". Features no Ye Vocals","Feb 3, 2011",,,130,OG File,Lossless,
Cruel Summer,Flashlights [Kanye Vocal Stem],"Kanye vocal stem for one of the versions of ""Flashlights""","Feb 3, 2011",,,130,OG File,Lossless,
Cruel Summer,"Cold
(feat. DJ Khaled & DJ Pharris)","OG Filename: Cold 10 Accapella Dirty
Acapella for ""Cold"".",,Dec 2022,3:45,80,OG File,Lossless,https://imgur.gg/f/nNgmBEY
Cruel Summer,"Fat Joe - Pride N Joy 
(ref. ???) (feat. Kanye West)","OG Filename: kw vox 2 flat_01
Heard in the vocal bleed of a stem found in a bounces folder which leaked April 26th, 2025. Is taken from the Fat Joe song ""Pride N Joy"", but has a different artist doing Fat Joe's part. Might not be Fat Joe's song at this point.","May 16, 2012","Apr 26, 2025",3:17,95,OG File,Lossless,
Cruel Summer,"John Legend - Get Comfortable
(ref. Kanye West)","OG Filename: KW Vox 1 01
Acapella for ""Get Comfortable"".",,Apr 2022,1:35,71,OG File,Lossless,
,Instrumentals,,,,,,,,
Cruel Summer,"⁉️ Cold
(prod. Hit-Boy)
(Theraflu)","Instrumental for ""Cold"". Currently Lost.",,,,80,Confirmed,Not Available,
Cruel Summer,"End Of It All
(prod. Kanye West & Camper)
(Oh My God, Hear Me Now)","OG Filename: Camper_End of it all
Instrumental found in sessions that have been bounced to include the left + right channels into one file.","Mar 24, 2011",,3:50,93,Full,Lossless,
Cruel Summer,"End Of It All
(prod. Kanye West & Camper)
(Oh My God, Hear Me Now)","OG Filename: Camper_End of it all_Here ME NOW
Instrumental found in sessions that have been bounced to include the left + right channels into one file.","May 12, 2011",,3:34,93,Full,Lossless,
Cruel Summer,"Flashlights
(prod. Kanye West)","Instrumental for ""Flashlights"" found in the session bounces. Samples the same song as The Life Of Pablo's ""Fade"".","Feb 3, 2011",,3:19,130,OG File,Lossless,
Cruel Summer,"Hear Me Now
(prod. Kanye West)
(Oh My God, End Of It All)","OG Filename: Hear me now_Selected
Instrumental found in sessions that have been bounced to include the left + right channels into one file.","Dec 12, 2012",,3:34,93,Full,Lossless,
Cruel Summer,"Hear Me Now
(prod. Kanye West)
(Oh My God, End Of It All)","OG Filename: Hear me now_Master
Instrumental found in sessions that have been bounced to include the left + right channels into one file. Has more hissing as the un-normalised version is extremely quiet.","Dec 12, 2012",,3:34,93,Full,Lossless,
Cruel Summer,"RZA - White Dress
(prod. RZA & Kanye West)
(Whoa Oh Oh)","OG Filename: Marvin Beat 78 BPM
Instrumental of the John Legend reference track for ""White Dress"".",,,3:54,78,OG File,CD Quality,
,TV Tracks,,,,,,,,
Cruel Summer,"Creepers
(prod. Dan Black)","OG Filename: Creepers_Cruel Summer_Stems_TV_No HK LD-2
Filename shown by RainMan.",,,,,Rumored,Not Available,https://ibb.co/n5djYxk
,Thank God For Drugs,"(06/29/2012) (No I.D. says he's working on Kanye's latest solo album)
(05/16/2013) (Kanye changes the album title to Yeezus)",,,"Before Kanye chose the name Yeezus for his sixth solo album, the name was Thank God For Drugs. Recording started in 2012 and accelerated in early 2013, with Kanye and his producers producing material very quickly. The tracklist for the album boasted 20 songs, with around 3.5 hours of rough material created for the album. After changing the album's name to Yeezus, Kanye recruited Rick Rubin to cut down this material and take the music in a minimal direction.",,,,
,Sessions,,,,,,,,
Thank God For Drugs,"Awesome
(feat. Charlie Wilson & Stevie Wonder) (prod. Hit-Boy, MIKE DEAN & Sak Pase)","OG Filename: Awsome Mix 2013 M3 Sham Kick
Sessions for ""Awesome"".","Apr 7, 2013","Dec 30, 2022",4:34,90,OG File,Lossless,
Thank God For Drugs,"Can't Get Over Me
(feat. Bon Iver) (prod. Daft Punk)
(Fall Out Of Heaven)","OG Filename: KW - Daft - Can't Get Over Me
Sessions for ""Can't Get Over Me"". Last worked on April 25th, 2013.","Apr 25, 2013","Oct 2, 2022",5:04,86.5,OG File,Lossless,
Thank God For Drugs,Get Too High,"OG Filename: KW - Get Too High
Session.",,"Apr 26, 2025",,68,OG File,Lossless,"https://pixeldrain.com/u/NLr8yQWJ"
Thank God For Drugs,"I Am A God
(feat. Bon Iver) (prod. Kanye West, Che Pope, Daft Punk, Hudson Mohawke, MIKE DEAN, Noah Goldstein & Travis Scott)","OG Filename: I am a God Mix 3.0
Sessions for ""I Am A God"".","Apr 8, 2013",,4:02,112,OG File,Lossless,
Thank God For Drugs,"Nobody To Love
(feat. Charlie Wilson, John Legend & Elon Rutberg) (prod. Tyler, The Creator, No I.D. & MIKE DEAN)","Sessions for ""Nobody To Love"".","Mar 30, 2013","May 26, 2023",,78,OG File,Lossless,"https://mega.nz/file/4rwlzABb#IM3Q4Zxq0vmGNbLTpUlK6Hbo_x-1RswckOxAaqBfOBk"
Thank God For Drugs,"Nobody To Love
(feat. Charlie Wilson, John Legend & Elon Rutberg) (prod. Sak Pase, Tyler, The Creator, No I.D. & MIKE DEAN)","OG Filename: (SHAM)Nobody to Love 04.07.13
Sessions for the Sak Pase version of ""Nobody To Love"".","Apr 7, 2013",,4:17,78,OG File,Lossless,
Thank God For Drugs,"On Sight
(prod. Daft Punk & Travis Scott)
(On Site)","OG Filename: On Site - 2.22.13
Session for ""On Sight"".","Feb 22, 2013",,2:50,109,OG File,Lossless,
Thank God For Drugs,"Padded Walls
(prod. Hit-Boy)
(Joyride)","OG Filename: Padded Walls
Session for Padded Walls.","Jan 22, 2013","Apr 26, 2025",,99,OG File,Lossless,https://pixeldrain.com/u/jykyq8oi
Thank God For Drugs,"Padded Walls
(prod. Hit-Boy)
(Joyride)","OG Filename: PADDED WALLS FOR HM 99 BPM &
KW - Padded Walls
Sessions.",,"Apr 26, 2025",,99,OG File,Lossless,"https://pixeldrain.com/u/3V22ieFC"
Thank God For Drugs,"Why Does Summer Never End
(ref. Aloe Blacc) (prod. S1 & Caleb McCampbell)
(Why Does Summer Have To End)","OG Filename: Why Does Summer Never End (Aloe tracking)
Session for ""Why Does Summer Never End"".",,"Apr 26, 2025",,100,OG File,Lossless,"https://pixeldrain.com/u/5DmX7EKp"
Thank God For Drugs,"Why Feel Bad
(feat. The Weeknd) (prod. Che Pope)","OG Filenames: KW  - Why Feel Bad (FOR MD) &
KW - Gay Girl In A Gay Bar.7 (FOR MD)
Session sent to MIKE DEAN.",,"Apr 26, 2025",,82,OG File,Lossless,"https://pixeldrain.com/u/veAXo7Ts"
Thank God For Drugs,"Why Feel Bad
(feat. The Weeknd) (prod. Che Pope & Sak Pase)","OG Filename: Why Feel Bad.1 (Abel Tracking)
Sessions for ""Why Feel Bad."" Has 9 different versions, with the last one being bounced January 25th.","Jan 25, 2013","Dec 7, 2023",3:37,82,OG File,Lossless,"https://drive.google.com/drive/folders/1PWtBN2HOAk6-8J0diGpkTvrlHEad2JZd"
,Studio Stems,,,,,,,,
Thank God For Drugs,"Awesome
(prod. Hit-Boy, MIKE DEAN & Sak Pase)","OG Filename: (SHAM) Awesome
Stems for a version of ""Awesome"".","Apr 9, 2013",,4:34,90,OG File,Lossless,
Thank God For Drugs,"Black Skinhead
(prod. Daft Punk & Gesaffelstein)","OG Filename: KG BS
Stems for Gesaffelstein's version of ""Black Skinhead"".","Mar 13, 2013",,3:50,130,OG File,Lossless,
Thank God For Drugs,"Black Skinhead
(prod. Daft Punk & Gesaffelstein)","OG Filename: BlackSkin Head @  130
Stems for a version of ""Black Skinhead"".","Apr 5, 2013",,3:24,130,OG File,Lossless,
Thank God For Drugs,"Blood on the Leaves
(prod. Kanye West, Noah Goldstein, MIKE DEAN, Hudson Mohawke, Arca, 88-Keys, Carlos Broady & Lunice)","OG Filename: Blood on the Leaves 86 bpm
Stems for ""Blood On The Leaves"". Has no vocals.","Apr 5, 2013",,6:09,86,Partial,Lossless,
Thank God For Drugs,"Guilt Trip
(feat. Kid Cudi) (prod. S1, MIKE DEAN, Kanye West, Daft Punk & Travis Scott)","OG Filename: GUILT TRIP 68.5
Stems for ""Guilt Trip"".","Apr 1, 2013",,4:30,68.5,OG File,Lossless,
Thank God For Drugs,"He's A Rebel [Sample Chops]
(prod. Kanye West)","OG Filenames: KW - He's A Rebel Sample Chop 1-Gain &
KW - He's A Rebel Sample Chop 2-Gain
2 Sample chops for the song.","Dec 15, 2012","Apr 26, 2025",Varied,94,OG File,Lossless,""
Thank God For Drugs,"Hold My Liquor
(feat. Chief Keef & Bon Iver) (prod. Kanye West, Arca, MIKE DEAN & Noah Goldstein)","OG Filename: HOLD MY LIQUOR @107
Stems for a version of ""Hold My Liquor"".","Apr 2, 2013",,5:35,107,Partial,Lossless,
Thank God For Drugs,"I Am A God
(feat. Bon Iver) (prod. Kanye West, Che Pope, Daft Punk, Hudson Mohawke, MIKE DEAN, Noah Goldstein & Travis Scott)","OG Filename: I AM A GOD STEMS @ 112 APRIL 1
Stems for ""I Am A God"".","Apr 1, 2013",,4:02,112,OG File,Lossless,
Thank God For Drugs,"New Slaves
(feat. Frank Ocean) (prod. Ben Bronfman & Gesaffelstein)","Leaked stems for an early version of ""New Slaves"". Has a different instrumental, but elements of the final version are present. Contains some mumble lines.","Mar 13, 2013",,6:12,150,OG File,Lossless,
Thank God For Drugs,"Nobody To Love
(feat. Charlie Wilson, John Legend & Elon Rutberg) (prod. Tyler, The Creator, No I.D. & MIKE DEAN)","OG Filename: Nobody_to_Love.7_Charlie_Tracking
Bounced Pro Tools stems version of ""Nobody To Love"". Includes Charlie Wilson hook takes from January 23rd - April 21st.","Apr 21, 2013",,4:36,78,Full,Lossless,
Thank God For Drugs,"Nobody To Love
(feat. Charlie Wilson, John Legend & Elon Rutberg) (prod. Tyler, The Creator, No I.D. & MIKE DEAN)","OG Filename: Nobody To Love stems  77ish bpm
Incomplete stems for a version of ""Nobody To Love"".","Apr 5, 2013",,4:36,78,Partial,Lossless,
Thank God For Drugs,"On Sight
(prod. Kanye West, Benji B, Daft Punk, Hudson Mohawke & MIKE DEAN)
(On Site)","OG Filename: On site 109 April 2
Stems for ""On Sight"".","Apr 2, 2013",,2:50,109,OG File,Lossless,
Thank God For Drugs,"Send It Up
(feat. King Louie) (prod. Daft Punk & Gesaffelstein)","OG Filename: Send It Up 98 April
Stems for the OG beat for ""Send It Up,"" with King Louie's hook","Apr 5, 2013",,2:57,93,OG File,Lossless,
Thank God For Drugs,"Send It Up
(feat. King Louie) (prod. Kanye West, Arca, Brodinski, Daft Punk, Gesaffelstein, MIKE DEAN & Noah Goldstein)","OG Filename: Send It Up.01
Stems for ""Send It Up"". Has different effects on vocals and mixing differences.","Apr 22, 2013","May 26, 2023",3:05,93,OG File,Lossless,
Thank God For Drugs,"Evian Christ - Where Are We
(prod. Evian Christ)
(I'm In It, Talk To Me)","Stems for the original ""Talk To Me"" beat that was sent to Kanye's team. Were likely exported around a day after Evan sent the beat.",,,,85,Confirmed,Not Available,https://thequietus.com/interviews/evian-christ-interview/
Thank God For Drugs,"Talk To Me
(feat. Assassin & Bon Iver) (prod. MIKE DEAN, Travis Scott, Sak Pase, Evian Christ & Anthony Kilhoffer)
(I'm In It)","OG Filename: KW - Evian Christ - Talk To Me
Stems for a version of ""Talk To Me"" when Evian Christ started work on it again. Files are currently not avaliable, but the filenames are.",,,,85,Confirmed,Not Available,https://pastebin.com/CgqAdaG5
Thank God For Drugs,"Talk To Me
(feat. Assassin & Bon Iver) (prod. MIKE DEAN, Travis Scott, Sak Pase, Evian Christ & Anthony Kilhoffer)
(I'm In It)","OG Filename: talk2me85
Various stems, pitched Kanye vocal take, and original L + R files for the April 5th version of ""Talk To Me"". Does not contain full stems.","Apr 5, 2013","May 26, 2023",,85,Partial,Lossless,
,Acapellas,,,,,,,,
Thank God For Drugs,"Awesome [Charlie Wilson Vocal Stem]
(feat. Charlie Wilson)","OG Filename: Charle 1_01
Charlie Wilson vocal stem for ""Awesome"".","May 4, 2013",,4:16,90,OG File,Lossless,
Thank God For Drugs,"Gay Girl In A Gay Bar
(feat. The Weeknd)
(Why Feel Bad)","OG Filename: KW Vox 2_02
Initial The Weeknd freestyle.","Jan 9, 2013","Apr 26, 2025",2:08,82,OG File,Lossless,
Thank God For Drugs,Leafy,"OG Filename: Scratch Kanye LEAFY 94BPM-PnT2_01
Initial freestyle acapella. Made in the same session as ""I Am A God"".","Oct 5, 2012","Apr 26, 2025",2:26,94,OG File,Lossless,
Thank God For Drugs,"Padded Walls
(Joyride)","OG Filename: KW Vox 1.01_03
Raw Kanye acapella.","Aug 26, 2012","Apr 26, 2025",7:10,99,OG File,Lossless,
Thank God For Drugs,"2 Chainz - Birthday Song
(feat. Kanye West)","Acapella for ""Birthday Song"" by 2 Chainz. Slightly different compared to release. Has some random parts where the acapella messes up.","Aug 14, 2012",,5:08,140,Full,CD Quality,
,Instrumentals,,,,,,,,
Thank God For Drugs,"Awesome
(prod. Hit-Boy, MIKE DEAN & Sak Pase)","OG Filename: KW-Awesome(Music)
Instrumental found in the session folder for ""Awesome"".","Apr 28, 2013",,4:15,90,OG File,Lossless,
Thank God For Drugs,"Awesome
(prod. Hit-Boy, MIKE DEAN & Sak Pase)","OG Filename: KW - Awesome (Intrumental) @ 90BPM
Instrumental for ""Awesome"".","May 4, 2013",,4:15,90,OG File,Lossless,
Thank God For Drugs,"Strange Fruit
(prod. Kanye West, Hudson Mohawke & Lunice)
(Blood On The Leaves)","OG Filename: KW - Strange Fruit Ref (1.26.13)
Earliest known version.","Jan 26, 2013","Apr 26, 2025",2:59,86,OG File,CD Quality,
Thank God For Drugs,"Bound
(prod. Che Pope)
(Nobody To Love, Bound 2)","OG Filename: KW - Bound Ref (1.7.12)
Beat made all the way back in January of 2012. Has no vocals. Would later be combined with ""Nobody To Love"" to create ""Bound 2"".","Jan 7, 2012","Apr 26, 2025",2:33,150,OG File,High Quality,
Thank God For Drugs,"Can't Get Over Me
(prod. Daft Punk)
(Fall Out Of Heaven)","OG Filename: Kw - Can't Get Over Me Instr Ref (2.24.13)
Instrumental for a version of ""Can't Get Over Me"". Exported 3.30.13.","Mar 24, 2013",,3:03,86.5,OG File,High Quality,
Thank God For Drugs,"Chamber
(prod. Daft Punk)
(Send It Up)","OG Filename: Daft - Chamber Beat (12.20.12)
Original version of the ""Send It Up"" beat with just drums.","Dec 20, 2012","Apr 26, 2025",1:57,97,OG File,CD Quality,
Thank God For Drugs,"Gay Girl In A Gay Bar
(prod. Che Pope)
(Why Feel Bad)","OG Filename: KW - GGIAGB Instr (1.9.13).L
Earlier instrumental.","Jan 9, 2013","Apr 26, 2025",4:00,82,OG File,Lossless,
Thank God For Drugs,"Gay Girl In A Gay Bar
(prod. Che Pope)
(Why Feel Bad)","OG Filename: KW - Gay Girl In A Gay Bar.7 (FOR MD)
Instrumental for a version of ""Why Feel Bad"" meant to be sent to MIKE DEAN.","Jan 23, 2013",,3:48,82,OG File,Lossless,
Thank God For Drugs,"He's A Rebel
(prod. Kanye West)","OG Filename: KW - He's A Rebel Ref (1.24.13)
Instrumental found within the ""I Am A God"" session.","Jan 24, 2013","Apr 26, 2025",4:21,94,OG File,High Quality,
Thank God For Drugs,"Lord
(prod. Daft Punk & Travis Scott)
(I Am A God)","OG Filenames: KW - Lord Ref (1.24.13) &
KW - Lord Instr (1.24.13) 112 BPM
Cut-down file leaked July 23rd, 2024. Non-OG file leaked April 26th, 2025.","Jan 24, 2013","Apr 26, 2025",4:06,112,OG File,CD Quality,
Thank God For Drugs,"Lost Bicycle
(prod. 88-Keys)","OG Filename: lost bicycle
Beat made for Thank God For Drugs. Instrumental leaked as a bonus for the second ""THIRSTY"" groupbuy.",,"Dec 15, 2024",2:59,75,OG File,CD Quality,
Thank God For Drugs,"I Am A God
(feat. Bon Iver) (prod. Kanye West, Che Pope, Daft Punk, Hudson Mohawke, MIKE DEAN, Noah Goldstein & Travis Scott)","OG Filename: KW - I Am A God (Instrumental) @ 112 BPM
Instrumental found within leaked ""I Am A God"" stems. Quite similar to release's beat, but features noticeable differences.","May 4, 2013",,4:02,112,OG File,Lossless,
Thank God For Drugs,"Maria
(prod. Kanye West)","OG Filename: Maria 2.0
2012 version of the instrumental.",,"Apr 26, 2025",3:30,75,OG File,High Quality,
Thank God For Drugs,"Maria
(prod. Kanye West)","OG Filename: KW - Maria Ref (1.21.13)
Instrumental found within the ""I Am A God"" session. Parts were later reused in 2017 for a Love Everyone track of the same name.","Jan 21, 2013","Apr 26, 2025",5:52,75,OG File,CD Quality,
Thank God For Drugs,"©O1DW1N†3®∞ (Cold Winter)
(feat. ???) (prod. Ben Bronfman)
(New Slaves)","""New Slaves"" demo instrumental, posted to Soundcloud by Ben Bronfman.",,,5:51,150,Full,CD Quality,
Thank God For Drugs,"New Slaves
(prod. Ben Bronfman)","OG Filename: New Slaves &
808teeee
Seemingly an earlier Ben Bronfman version. Exported in iTunes 10.5.1.",,"Apr 26, 2025",2:00,76,OG File,CD Quality,
Thank God For Drugs,New Slaves [Sample Guitar Stem],"Guitar stem for the Omega sample, as used on an earlier version of the song. Directly taken from the original song's multitrack, and has excessive bleed from the other instruments. Leaked as a bonus for the Tony Williams IAPW buy.",,"Jun 4, 2026",0:29,,Full,Lossless,
Thank God For Drugs,"Padded Walls
(prod. Hit-Boy)
(Joyride)","OG Filename: Padded Walls Instrumental @ 99 BPM (12.15.12)
Instrumental.","Dec 15, 2012","Apr 26, 2025",2:44,99,OG File,CD Quality,
Thank God For Drugs,"Turn Me Down
(prod. Karreim Riggins)","OG Filename: KW - K Riggins - Turn Me Down (12.20.12)
Original 2012 instrumental for what would later become ""30 Hours"". Falsely rumored to be named ""Paper Thin Lover"" before that was disproven.","Dec 20, 2012","Apr 26, 2025",2:16,91,OG File,High Quality,
Thank God For Drugs,"Why Does Summer Never End
(prod. S1 & Caleb McCampbell)
(Why Does Summer Have To End)","OG Filename: WHY DOES SUMMER NEVER END INSTR (prod by S1 co prod- Caleb)
Filename mentioned in metadata for the Aloe tracking session.",,,,100,Confirmed,Not Available,
Thank God For Drugs,"Why Does Summer Have To End
(prod. S1 & Caleb McCampbell)
(Why Does Summer Never End)","OG Filename: KW - Why Does Summer Have To End Ref (1.7.12)
S1-produced instrumental. Samples ""Summer Song / Summertime"" by Jackie & Roy.","Jan 7, 2012","Apr 26, 2025",3:04,100,OG File,CD Quality,
Thank God For Drugs,Work It,"OG Filename: KW - Work It Ref (1.18.13)
Beat labeled as track 15 for an unknown reason.","Jan 18, 2013","Apr 26, 2025",2:53,116,OG File,CD Quality,
Thank God For Drugs,"???
(prod. MIKE DEAN)","OG Filename: 10 14 2012 2 Mike Dean
Unnamed Mike Dean beat.","Oct 14, 2012","Apr 26, 2025",3:54,132,OG File,Lossless,
,TV Tracks,,,,,,,,
Thank God For Drugs,"I Am A God
(feat. Bon Iver) (prod. Kanye West, Che Pope, Daft Punk, Hudson Mohawke, MIKE DEAN, Noah Goldstein & Travis Scott)","OG Filename: KW - I Am A God TV - Met Ball (5.6.13)
TV Track found within leaked ""I Am A God"" stems.","May 4, 2013",,4:02,112,OG File,Lossless,
,"Yeezus
(Nigger Cock)","(08/12/2011) (Watch The Throne (Deluxe) officially releases)
(06/29/2012) (No I.D. says he's working on Kanye's latest solo album)
(06/18/2013) (Yeezus officially releases)",,,"Yeezus marked a complete reverse from the bombastic production that Kanye accomplished on My Beautiful Dark Twisted Fantasy. He swapped lush soul and anthemic hooks for splintering electro, acid house, and industrial force while packaging some of his most lewd and heart-crushing tales. Initially envisioned as Thank God For Drugs, a much larger project, Kanye would play the album for Rick Rubin, he later recalled listening to roughly 3-hours of unfinished material that seemed to need months worth of work - despite the release date being a month away. Kanye enlisted Rubin to refine and complete the project, finishing a majority of the songs just two days before release.",,,,
,Sessions,,,,,,,,
Yeezus,"Black Skinhead
(prod. Daft Punk & Gesaffelstein)","Sessions for ""Black Skinhead"" are rumoured to be in circulation.",,,,130,Rumored,Not Available,N/A
Yeezus,"Blood On The Leaves
(prod. Kanye West, Noah Goldstein, MIKE DEAN, Hudson Mohawke, Arca, 88-Keys, Carlos Broady & Lunice)","OG Filename: Blood On The Leaves copy
Was put up for sale in December 2022. Also includes 20 track multitrack for stems.","Jun 1, 2013","Sep 26, 2023",6:09,86,OG File,Lossless,https://imgur.gg/f/yjqAHjh
Yeezus,"Can't Hold My Liquor
(feat. Chief Keef & Bon Iver) (prod. Kanye West, Arca, MIKE DEAN & Noah Goldstein)
(Hold My Liquor)","OG Filename: KW - Can't Hold My Liquor.34 (FOR MIXERS)
Has a WAV bounce with minor mixing and instrumental differences. Contains multiple PTXs and vocal stems. Chief Keef stems include unused vocals that were part of an unused verse, and Justin Vernon stems include unused vocals part of an extended intro. Kanye stems include long mumble takes with different lines. Was owned by waterfalls before forceleaking out of nowhere.","Jun 6, 2013","Mar 23, 2025",5:30,107,OG File,Lossless,https://pixeldrain.com/u/JNq2F2mJ
Yeezus,"Can't Hold My Liquor
(feat. Chief Keef & Bon Iver) (prod. Kanye West, Arca, MIKE DEAN & Noah Goldstein)
(Hold My Liquor)","OG Filename: Can't Hold My Liquor
Session + stems for a slightly earlier version of ""Hold My Liquor"".","Jun 7, 2013",,5:40,107,OG File,Lossless,https://imgur.gg/f/A4vMeWc
Yeezus,"Guilt Trip
(feat. Kid Cudi) (prod. Kanye West, Noah Goldstein, MIKE DEAN, Travis Scott, Ackee Juice Rockers & S1)","OG Filename: Guilt Trip copy
Session + stems for a slightly earlier version of ""Guilt Trip"".","Jun 1, 2013",,4:53,138,OG File,Lossless,https://imgur.gg/f/1CXDVbF
Yeezus,"Guilt Trip
(feat. Kid Cudi) (prod. Kanye West, Noah Goldstein, MIKE DEAN, Travis Scott, Ackee Juice Rockers & S1)","OG Filename: Guilt Trip copy
Includes a seperate ZIP for stems.","Jun 6, 2013","May 26, 2023",4:53,139,OG File,Lossless,"https://imgur.gg/f/UaUDgmt
https://mega.nz/file/krpWTSwA#MNorUlIQ7j8iAUt8hCgpEAb2BUIeqbWb21YOJSNyaE8"
Yeezus,"I Am A God
(feat. God & Bon Iver) (prod. Kanye West, Noah Goldstein, Daft Punk, MIKE DEAN, Hudson Mohawke, Travis Scott & Che Pope)","Contains multiple PTXs, instrumentals and vocal stems. Also contains six WAV bounces, with minor mixing and instrumental differences. Two mumble demos are also present, which are described as being ""entirely different songs"". Owned by waterfalls. Leaked out of nowhere.",,"Apr 26, 2025",,112,OG File,Lossless,"https://pixeldrain.com/u/RZ7rbK4p
https://mega.nz/folder/upVlzR6Y#zIAH9Y1l0MnXTfbA5f0yzg"
Yeezus,"I Am A God
(feat. God & Bon Iver) (prod. Kanye West, Che Pope, Daft Punk, Hudson Mohawke, MIKE DEAN, Noah Goldstein & Travis Scott)","Session that has the alternate line ""Black Skinhead"" in it.",,,,112,Confirmed,Not Available,
Yeezus,"On Sight
(prod. Kanye West, Benji B, Daft Punk, Hudson Mohawke & MIKE DEAN)
(On Site)","OG Filename: On Sight copy
Sessions for ""On Sight"".","Jun 3, 2013","Nov 9, 2023",2:50,109,OG File,Lossless,
,Studio Stems,,,,,,,,
Yeezus,"Bound 2
(feat. Charlie Wilson) (prod. Kanye West, Noah Goldstein, MIKE DEAN, No I.D., Che Pope & Eric Danchick)
(Bound, Nobody To Love)","Official 8 track stems for ""Bound 2"".","Jul 10, 2013","May 26, 2023",3:57,150,OG File,Lossless,https://imgur.gg/f/vLqRtah
Yeezus,"Guilt Trip
(feat. Kid Cudi) (prod. Kanye West, Noah Goldstein, MIKE DEAN, Travis Scott, Ackee Juice Rockers & S1)","Official stems for ""Guilt Trip"".","Jul 10, 2013","Oct 22, 2023",2:59,138,OG File,Lossless,https://imgur.gg/f/UCnJhHh
Yeezus,"⁉️ Hold My Liquor
(feat. Chief Keef & Bon Iver) (prod. Kanye West, Arca, MIKE DEAN & Noah Goldstein)","35 multitrack stems for a version of ""Hold My Liquor"".","Jun 6, 2013","May 26, 2023",5:40,107,OG File,Lossless,https://mega.nz/file/km5mmZ6Y#eNWw3FlqZyZaTTCd_31LLCnREnc9FPxscDNoTaDGI7s
Yeezus,"I Am a God
(feat. God & Bon Iver) (prod. Kanye West, Che Pope, Daft Punk, Hudson Mohawke, MIKE DEAN, Noah Goldstein & Travis Scott)
(GOD)","Official stems for ""I Am A God"".","Jul 10, 2013","Feb 21, 2023",4:02,112,OG File,Lossless,https://imgur.gg/f/2lfyU0j
Yeezus,"I Am Not Home
(prod. Travis Scott)
(I Am Not Here)","OG Filename: I AM NOT HOME
Contain stems, a bounce of the song, and the version played during the Yeezus tour.","Oct 18, 2013","Dec 14, 2022",4:13,80.8,OG File,Lossless,https://imgur.gg/f/jvcmXIv
Yeezus,"I'm In It
(feat. Bon Iver & Assassin) (prod. Kanye West, Noah Goldstein, MIKE DEAN, Arca, Dom $olo & Evian Christ)
(Talk To Me)","Official stems for ""I'm In It"".","Jul 10, 2013",,3:57,85/120,OG File,Lossless,https://imgur.gg/f/gV73SuZ
,Acapellas,,,,,,,,
Yeezus,"Guilt Trip
(feat. Kid Cudi)","Official acapella for ""Guilt Trip"".",,,2:59,138,OG File,Lossless,https://imgur.gg/f/JhJT6tC
Yeezus,Jesus Walks,"Yeezus Tour ""Jesus Walks"" acapella.",,"Jul 20, 2025",3:15,87.4,Full,Lossless,https://imgur.gg/f/baoIcAk
Yeezus,On Sight [Choir Stem],"OG Filename: Choir 10.21.13
Looped choir stem acapella from ""On Sight"".","Oct 21, 2013",,5:32,72,OG File,Lossless,https://imgur.gg/f/ltk25MI
Yeezus,New Slaves [Kanye Vocal Stem],"OG Filename: Kanye End Vox NS
Acapella for the outro section. Starts at 2:53.","Jul 14, 2013",,3:25,141,OG File,Lossless,https://imgur.gg/f/qgVoSX4
Yeezus,New Slaves,"For release, Kanye recorded the outro for the song with an iPhone. LQ recording leaked sometime in early 2023.",,,0:25,141,Full,Low Quality,""
,Instrumentals,,,,,,,,
Yeezus,Ain't Nobody Bulletproof,"OG Filename: AIN'T NOBODY BULLETPROOF
Unknown when exactly made, but the metadata says it was made sometime in 2013.",,"Apr 26, 2025",3:42,80,OG File,CD Quality,https://imgur.gg/f/x2m24Me
Yeezus,Amazing,Instrumental for a Yeezus Tour version.,,,3:57,146,OG File,Lossless,https://imgur.gg/f/ueWvb9n
Yeezus,"Black Skinhead
(prod. Kanye West, Daft Punk, Gessafelstein, Brodinski, MIKE DEAN, Lupe Fiasco, Jack Donoghue & Noah Goldstein)",Official instrumental. Features minor beat differences.,,,3:10,130,Full,High Quality,https://imgur.gg/f/qDaPo9s
Yeezus,"Good Life
(feat. T-Pain, John Legend & Ne-Yo)","OG Filename: Good Life KW Lead - Yeezus Tour
From the Yeezus tour. Has all the lead vocals. Clean.",,"Jul 19, 2025",4:21,84.99,OG File,Lossless,https://imgur.gg/f/3f9W9Nd
Yeezus,"Good Things Don't Last
(prod. 88-Keys)
(Life Is This Way)","OG Filename: life is this way
Instrumental for ""Good Things Don't Last"". Exported with Logic Pro 9.1.8, so it was likely made before October 24th, 2012.",,,1:04,69,OG File,CD Quality,https://imgur.gg/f/B0PZCp2
Yeezus,"On Sight
(prod. Kanye West, Benji B, Daft Punk, Hudson Mohawke & MIKE DEAN)
(On Site)","Official instrumental for ""On Sight"". Has extra reverb and fades out early.",,,,108.9,Partial,High Quality,
Yeezus,"On Sight
(prod. Kanye West & MIKE DEAN)
(On Site)","Official instrumental for the choir section for ""On Sight"".",,,0:55,72,OG File,Lossless,https://imgur.gg/f/dhgvIrH
Yeezus,"POWER
(prod. Kanye West, Jeff Bhasker, MIKE DEAN, S1, Andrew Dawson & Travis Scott)","Yeezus Tour version of ""POWER"".",,"Dec 15, 2022",5:02,154,OG File,Lossless,https://imgur.gg/f/ISNj6WN
Yeezus,"White Dress
(prod. RZA & Kanye West)","Official instrumental for ""White Dress"". Features minor beat differences.",,,3:36,93,Full,Lossless,https://imgur.gg/f/sDJPjVu
Yeezus,Yeezus Tour Mixes,"Full instrumentals used during the Yeezus Tour.

""On Sight""
""New Slaves""
""Send It Up""
""Mercy""
""Power""
""Cold""
""I Don't Like""
""Clique""
""Black Skinhead""
""I Am A God""
""Can't Tell Me Nothing (Remix)""
""Coldest Winter""
""Hold My Liquor""
""I'm In It""
""Guilt Trip""
""Heartless""
""Blood on the Leaves""
""Lost in the World""
""Runaway""
""Street Lights""
""Stronger""
""Through The Wire""
""Jesus Walks""
""Diamonds From Sierra Leone""
""Flashing Lights""
""All Of The Lights""
""Good Life""
""Bound 2""",,"Dec 17, 2022",1:50:03,Varied,OG File,CD Quality,https://imgur.gg/f/7gdPbZo
,"Cruel Winter [V1]
(Collaboration with G.O.O.D. Music)","(09/14/2012) (Cruel Summer officially releases)
(Late 2013) (The project is scrapped)",,,"The 2013 version of Cruel Winter, the first version of the sequel to 2012's Cruel Summer, is a mystery. No single for this album was released, and most of the info comes from leakers and insiders. It had many songs with A Tribe Called Quest member Q-Tip, who was notably absent from Cruel Summer despite having already been signed to the label. There is no official cover for this album, so we're using a fanmade cover to represent this era.",,,,
,Instrumentals,,,,,,,,
Cruel Winter [V1],"Come Back To Me
(prod. DJ Camper)","OG Filename: Come Back To Me instrumental
Made sometime in 2013.",,"Jun 10, 2024",3:21,84,OG File,High Quality,https://imgur.gg/f/ht7BnbU
,"Yeezus 2
(New Yeezus, Lost Yeezus)","(06/18/2013) (Yeezus officially releases)
(07/16/2014) (Kanye begins hosting recording sessions while staying in Mexico)",,,"After Rick Rubin and Kanye West cut down Yeezus to the final ten tracks, Kanye still saw potential in much of the cut material. Thus, shortly after Yeezus was released, an EP of leftovers titled Lost Yeezus was already being teased. The project then evolved into a full-fledged album of mostly new material, with Yeezus 2 acting as a codename before they could choose the last name. This project would develop into So Help Me God as the songs evolved.",,,,
,Sessions,,,,,,,,
Yeezus 2,"All Day (Remix)
(feat. Malik Yusef & Hass)","OG Filename: ALL DAY REMIX Project
Session for the ""All Day"" remix by Malik Yusef.",,,,123,OG File,Lossless,https://imgur.gg/f/IqcebQY
Yeezus 2,"Depiction of the Devil
(Souls, Four Letter Word)","OG Filename: KW - Paul - Souls
Multiple sessions of Yeezus 2 song ""Depiction Of The Devil"".",,"Dec 27, 2023",,85,OG File,Lossless,"https://drive.google.com/drive/folders/1adfcOyFvoojR0MmjES7XHgaY_nLLXlFd?usp=sharing"
Yeezus 2,"However You Want It
(feat. Paul McCartney)
(All Day)","Pro Tools session for ""However You Want It"". Refound by creeptheme.",,,4:54,123,OG File,Lossless,https://imgur.gg/f/1DC0nsC
Yeezus 2,"I Feel Like That
(prod. Hudson Mohawke, MIKE DEAN & John Mayer)","OG Filename: KW - I Feel Like.9 (FOR JM)
Session for the John Mayer version of ""I Feel Like That"".","Jun 28, 2014",,3:46,110,OG File,Lossless,https://imgur.gg/f/nN7fUjr
Yeezus 2,"Roses And Revolvers
(prod. MIKE DEAN & Travis Scott)","OG Filename: KW - Travis Scott - Roses and Revolvers
Session for ""Roses And Revolvers"".","Jan 9, 2014",,3:41,83,OG File,Lossless,https://imgur.gg/f/XAU1rfQ
Yeezus 2,"Sexual Healing
(prod. Mustard)
(The Fix)","OG Filename: KW - Mustard - Sexual Healing
Session for ""Sexual Healing"", seen in a filelist.",,,,,Confirmed,Not Available,
,Studio Stems,,,,,,,,
Yeezus 2,"AllTheAbove
(prod. Keyon Christ)","OG Filename: alltheabove stems 95 bpm
Beat stems for ""AllTheAbove"" found in a leaked folder.",,,1:31,95,OG File,Lossless,https://pixeldrain.com/l/khykTFJE
Yeezus 2,Piss On Your Grave,"Leaked stems for the solo Kanye version of ""Piss On Your Grave"".","Oct 2, 2014",,1:48,118.5,OG File,Lossless,https://imgur.gg/f/wAkFMZr
Yeezus 2,"Pusha T - Coming Home
(prod. Dom $olo & Keyon Christ)
(Afta U, After You, Reaper)","OG Filename: Coming Home MTS
Leaked beat stems for Keyon Christ's version of ""Coming Home"".","May 1, 2014","Mar 11, 2024",3:05,83,OG File,Lossless,https://imgur.gg/f/yTS8YrU
,Acapellas,,,,,,,,
Yeezus 2,"Cathy's Arrogance
(Never Lose)","OG Filename: Cathy's Arrogance KW Ref
Leaked acapella for the initial freestyle of ""Never Lose"".","Jan 5, 2014","Nov 9, 2025",1:30,65,OG File,Lossless,https://pixeldrain.com/u/Bv3ufjmC
Yeezus 2,"Only One
(ref. John Legend)","Leaked acapella of the John Legend reference track for ""Only One"".",,,4:21,102,OG File,CD Quality,https://imgur.gg/f/nFOyxo9
,Instrumentals,,,,,,,,
Yeezus 2,"3
(prod. Kirby Lauryen)
(FourFiveSeconds)","OG Filename: 45 seconds kirby acougtr 
Instrumental for an early version of the song. ",,,3:09,103,OG File,CD Quality,https://imgur.gg/f/1GCPbVc
Yeezus 2,A Pas de Velour,"OG Filename: KW - A Pas de Velour Instr @ 91 BPM (1.7.14)
Instrumental to an unknown song seen on a filelist for a January 8th, 2014 copy of Yeezus 2.","Jan 7, 2014",,,91,Confirmed,Not Available,https://ibb.co/CKbCsDBb
Yeezus 2,"Afta U
(prod. Dom $olo)
(After You, Coming Home, Reaper)","OG Filename: KW - afta u loop @ 79.7 BPM
Original sample loop.",,"Sep 30, 2023",0:50,79.7,OG File,Lossless,https://imgur.gg/f/PerjHhH
Yeezus 2,All Day (Remix),"OG Filename: all day PROTOTYPE
Prototype remix insturmental. Unknown exactly when made.",,,2:45,125,OG File,CD Quality,https://imgur.gg/f/cS6wEi4
Yeezus 2,"AllTheAbove
(prod. Keyon Christ)","OG Filename: AllTheAbove
Original Keyon Christ instrumental, found in an April 2014 folder of his beats.",,"May 13, 2025",1:31,95,OG File,CD Quality,
Yeezus 2,"Drown
(prod. Keyon Christ)","OG Filename: Drown
Original Keyon Christ instrumental, found in an April 2014 folder of his beats.",,,4:14,,OG File,CD Quality,
Yeezus 2,"Faded
(Wolves)","OG Filename: KW - Faded Loop @ 75 BPM (1.8.14)
Early instrumental, bounced one day after the initial Kanye freestyle.","Jan 8, 2014",,2:59,75,OG File,High Quality,https://imgur.gg/f/1LPeQhb
Yeezus 2,"Fall Into You
(prod. 88-Keys)","OG Filename: indian giver
Instrumental.",,"Dec 15, 2024",1:27,73,OG File,CD Quality,https://imgur.gg/f/5Yk8WQZ
Yeezus 2,God Level,"OG Filename: KW - God Level Instr 1.7.14
Instrumental for an early January version. Just a loop.","Jan 7, 2014",,1:54,84.2,OG File,CD Quality,https://imgur.gg/f/Y52J1PE
Yeezus 2,God Level,"OG Filename: KW - God Level Ref Instrumental (3.31.14)
Instrumental for a March version with some additional production.","Mar 31, 2014",,1:51,84.2,OG File,CD Quality,https://imgur.gg/f/a8A30aU
Yeezus 2,"God Level
(prod. 88-Keys, Hudson Mohawke, MIKE DEAN & Noah Goldstein)","OG Filename: KW - God Level Instrumental Ref (5.10.14)
Instrumental.","May 10, 2014","Oct 2, 2022",2:28,84.2,OG File,CD Quality,https://imgur.gg/f/Zn2s0we
Yeezus 2,"Gut Feeling
(prod. 88-Keys)","OG Filename: jehovah witness
Instrumental.",,"Dec 15, 2024",1:19,88,OG File,CD Quality,https://imgur.gg/f/9sk9aun
Yeezus 2,"Hold Me Close
(prod. S1)","OG Filename: KW - Hold Me Close Ref (1.28.14)
Instrumental only version. Unknown how different it is from previous versions.","Jan 28, 2014",,4:07,120,OG File,CD Quality,https://imgur.gg/f/lD3VHcD
Yeezus 2,"Keahole
(prod. Hudson Mohawke)","OG Filename: Keahole ft Kanye West
Snipppet for this song leaked July 20th, 2024. Fully leaked after a a successful Soakbuy.",,"Mar 30, 2025",3:48,129,OG File,CD Quality,https://imgur.gg/f/sHdWaBt
Yeezus 2,"Cathy's Arrogance
(prod. 88-Keys)
(Never Lose)","OG Filename: Cathy's Arrogance @ 65 BPM
Instrumental for the initial freestyle of ""Never Lose""","Jan 5, 2014","Nov 9, 2025",1:28,65,OG File,Lossless,https://pixeldrain.com/u/PWgsnn1b
Yeezus 2,"Never Lose
(prod. 88-Keys & Young Chop)","OG Filename: KW - Never Lose Instr (2.11.14)
Instrumental for V3 of ""Never Lose"".","Feb 11, 2014","Oct 2, 2022",2:59,128,OG File,CD Quality,https://imgur.gg/f/hHnvWMF
Yeezus 2,"Nina Chop
(prod. Hudson Mohawke)
(Famous)","OG Filename: NINA CHOP HM RUFF 80 BPM
Version produced by Hudson Mohawke. Made sometime in April 2014. Original snippet leaked May 13th, 2024.",,"May 17, 2024",3:42,80,OG File,CD Quality,https://imgur.gg/f/HFiYupg
Yeezus 2,"Only One
(prod. Noah Goldstein, Kanye West, MIKE DEAN & Paul McCartney)","Instrumental for John Legend's ""Only One"" reference track.",,,4:21,102,OG File,CD Quality,https://imgur.gg/f/P8pY0YI
Yeezus 2,"Rule The World
(feat. Miley Cyrus & Travis Scott) (prod. Mike WiLL Made-It & Lido)
(Everybody Wants To Rule The World, Black Skinhead Remix)","OG Filename: KW - Rule The World Ref (1.10.14)
January 2014 version of ""Rule The World"". Features a much more further along beat, separating itself from the original ""Black Skinhead Remix"" instrumentals. It's currently unknown if Ye recorded any vocals.","Jan 10, 2014","Oct 14, 2023",4:00,128,OG File,Lossless,https://imgur.gg/f/g312Ch1
Yeezus 2,"Rumors
(prod. Keyon Christ)","OG Filename: Rumors for Kanye
Original Keyon Christ instrumental, found in an April 2014 folder of his beats.",,"May 13, 2025",3:51,,OG File,CD Quality,
Yeezus 2,"Ruthless Paparazzi
(prod. Keyon Christ)","OG Filename: Ruthless Paparazzi (Kanye West)
Original Keyon Christ instrumental, found in an April 2014 folder of his beats.",,"May 13, 2025",3:35,,OG File,CD Quality,
Yeezus 2,Thank You,"OG Filename: KW - Thank You
Instrumental from Yeezus 2 era.","Feb 11, 2014","Sep 25, 2023",2:22,96,OG File,Lossless,https://imgur.gg/f/hGVEc7y
Yeezus 2,"TheWorld
(prod. Keyon Christ)","OG Filename: TheWorld (Master)
Instrumental in in a April 2014 folder called ""Mitus - April (kanye&jcole)"". Leaked by Alek. It has been confirmed by Keyon in a May interview that Ye recorded over this, but we won't be getting the vox. Posted again on his Spore website (still without vocals) in 2024.","Apr 21, 2014",,3:55,110,OG File,Lossless,
Yeezus 2,"Tom Cruise
(All Your Fault)","OG Filename: KW - Tom Cruise Ref (4.18.14)
Later version of ""Tom Cruise"", nearly double the length of the previously leaked demo, and longer than the released version. Features are unconfirmed, but may include Travis Scott and Big Sean.","Apr 18, 2014","Sep 21, 2023",4:26,100,OG File,CD Quality,https://imgur.gg/f/jD1htd3
Yeezus 2,"Use Your Love
(prod. DJ Mano)","OG Filename: Copy of KW - Mano - Use Your Love.2
Instrumental for the unleaked Yeezus 2 freestyle ""Use Your Love"". Unknown when exactly this leaked, or who leaked it.",,,2:00,129,OG File,CD Quality,https://imgur.gg/f/9dgOZaF
Yeezus 2,"When I See It
(Soul Dog, Tell Your Friends, Tell Your Friends About It)","OG Filename: WISI
Version of ""When I See It"" found on CyHi's ypm playlist. Just instrumental. Leaked as part of a groupbuy.",,"Jul 22, 2024",1:56,74.5,OG File,High Quality,https://imgur.gg/f/dAbOJkW
Yeezus 2,"When I See It 
(Soul Dog, Tell Your Friends, Tell Your Friends About It)","OG Filename: KW When I See It Instrumental 74.5 BPM
Leaked as a part of the ""Karate Kid"" GB.",,,2:08,74.5,OG File,CD Quality,https://imgur.gg/f/pl5hVwI
Yeezus 2,"When I See It
(prod. MIKE DEAN)
(Soul Dog, Tell Your Friends, Tell Your Friends About It)",Alternate Mike Dean instrumental with an extended outro released by Mike Dean on Soundcloud.,,,4:09,74.5,OG File,High Quality,https://imgur.gg/f/Fq8MF52
Yeezus 2,"The Weeknd - Tell Your Friends
(feat. Kanye West) (prod. The Weeknd, Illangelo, Kanye West, Che Pope, MIKE DEAN, Noah Goldstein & Omar Riad)
(Soul Dog, Tell Your Friends About It, When I See It)","Leaked instrumental for the released version of ""Tell Your Friends"", still containing the muffled Kanye bridge.",,,5:28,74.5,OG File,Lossless,https://imgur.gg/f/51gJR0c
Yeezus 2,"Why Can't We Live Together
(Live Together)","OG Filename: KW - Why Can't We Live Together Ref (1.7.14)
An updated version of ""Why Can't We Live Together"", where it just replays one part over and over again.","Jan 28, 2014",,1:12,106,OG File,CD Quality,https://imgur.gg/f/zjNLh57
Yeezus 2,Wolves,"OG Filename: W
Early version of ""Wolves"" with no vocals. Leaked as part of a groupbuy.",,"Jul 22, 2024",2:59,75,OG File,High Quality,https://imgur.gg/f/iG3fgSL
Yeezus 2,Wondering,"OG Filename: KW - Wondering Ref (1.9.14)
Similar to later versions, but with a slightly different outro.","Jan 9, 2014",,3:28,127,OG File,Lossless,https://imgur.gg/f/bsXWdZR
Yeezus 2,Wondering,"OG Filename: 09 KW - Wondering Ref (1.28.14)
Further developed version.","Jan 28, 2014","Sep 24, 2023",3:24,127,OG File,CD Quality,https://imgur.gg/f/BWeEEmf
Yeezus 2,"DJ Mano - Been Trill
(feat. Treated Crew) (prod. DJ Mano)
(3500, I Been Trill)","Instrumental for a version of ""Been Trill"".",,,3:05,124,OG File,CD Quality,https://imgur.gg/f/cHF0qem
,TV Tracks,,,,,,,,
Yeezus 2,"Black Skinhead (Remix)
(feat. Miley Cyrus & Travis Scott) (prod. Mike WiLL Made-It)
(Rule The World, Everybody Wants To Rule The World)","OG Filename: BSH RMX TV FOR REHEARSAL
TV track for ""Black Skinhead (Remix)"".",,,4:17,130,OG File,CD Quality,https://imgur.gg/f/MclBtcc
,"So Help Me God
(Chiraq, Ye-Ye, Wolves)","(07/16/2014) (Kanye begins hosting recording sessions while staying in Mexico)
(06/28/2015) (Kanye performs at Glastonbury)",,,"Announced in February 2015, So Help Me God is now one of Kanye's most infamous unreleased projects. Essentially being a more advanced version of the songs developed during the Yeezus 2 era, So Help Me God gained significant hype as the teaser tracks of ""Wolves,"" ""All Day,"" and ""Only One"" was revealed to the public. Despite intending to release the album in March 2015, Kanye never finished So Help Me God, and only a few songs from the era ended up on The Life Of Pablo.",,,,
,Sessions,,,,,,,,
So Help Me God,"Mind Power
(ref. Pusha T, Styles P, Aasim, Gizzle & Tricky Stewart) (feat. The-Dream & Diddy) (prod. 88-Keys, MIKE DEAN & DJ Mano)
(Start Time, Star Time, The Mind Is Powerful)","OG Filename: KW MiNDPOWER
Pro Tools sessions from So Help Me God era. Contains multiple reference tracks including ones from Pusha T, Styles P and way more. Also has multiple alt prod versions, including from Mike Dean & Mano, more unused Kanye vocals, including Ye doing the hook, a ton of writer refs, stems for multiple versions and Diddy adlibs. Leaked after a soakbuy.","Mar 19, 2015","Apr 17, 2025",Varied,99.2,OG File,Lossless,https://imgur.gg/f/ZRjTPE4
,Studio Stems,,,,,,,,
So Help Me God,"Enya 
(feat. Theophilus London) (prod. Kanye West, Charlie Heat & Theophilus London)
(Waves)",Stems for a early version with extra Theophilus London vocals. Leaked after a Soakbuy.,"Mar 15, 2015","Mar 30, 2025",2:19,96.1,OG File,Lossless,https://imgur.gg/f/jVmEkBz
So Help Me God,"Fade
(feat. Ty Dolla $ign & James Blake) (prod. Benji B)","OG Filename: FADE STEMS @ 120BPM (3.3.15)
OG Password: AllDayIDream
Stems for the 2015 James Blake version.","Mar 3, 2015",,4:22,120,OG File,Lossless,https://imgur.gg/f/wci87ow
So Help Me God,"FourFiveSeconds
(feat. Rihanna & Paul McCartney) (prod. Kanye West, Paul McCartney, MIKE DEAN, Dave Longstreth, Noah Goldstein & Kuk Harrell)
(3)",16 track stems for the release version.,"Jan 26, 2015",,3:11,103,OG File,Lossless,https://imgur.gg/f/vwcY0Bq
,Acapellas,,,,,,,,
So Help Me God,"All Day
(feat. Allan Kingdom, Theophilus London & Paul McCartney)
(However You Want It)","OG Filename: KW - All Day Acapella Explicit 3-3-15 -VM-
Acapella for the released version of ""All Day"".","Mar 3, 2015",,5:10,123,OG File,Lossless,https://imgur.gg/f/8rQduxb
So Help Me God,"All Day
(However You Want It)","OG Filename: KW - All Day Performance ACC 5.12.15 4
Solo Kanye acapella for the release versiond of ""All Day"".","May 12, 2015",,4:02,123,OG File,Lossless,
So Help Me God,All Day [Live Vocals],"OG Filename: KW - All Day Live Vox
Acapella for the live vocals on ""All Day"" that were never used on release.",,,4:09,123,OG File,Lossless,https://imgur.gg/f/uuWrYsw
So Help Me God,All Day [Live Vocals Delay],"OG Filename: All Day Live Vox Delay
Delay for the live vocals on ""All Day"" that were never used on release.",,,4:09,123,OG File,Lossless,https://imgur.gg/f/skgodOS
So Help Me God,"New God [Kanye Vocal Stem]
(New God Flow)","OG Filename: New God ROC Classic KW ACC 2.11.15
Kanye acapella for ""New God Flow"" that was rebounced during SHMG era for unknown reasons. Leaked during the ""Pressure"" groupbuy.","Feb 11, 2015",,4:00,174,OG File,Lossless,https://imgur.gg/f/ZycairA
So Help Me God,"Wolves
(feat. VIC MENSA)","OG Filename: KW - Wolves XOYO ACC 3.3.15
Acapella for ""Wolves"".","Mar 3, 2015",,2:55,156,OG File,Lossless,https://imgur.gg/f/UFbw24H
So Help Me God,"Big Sean - All Your Fault
(feat. Kanye West & Travis Scott)","OG Filename: All Your Fault - Acapella rkMIX 9 REV MASTERED DK
Acapella for ""All Your Fault"" by Big Sean.","Jan 30, 2015",,3:47,100,OG File,Lossless,https://imgur.gg/f/YvHgcbt
So Help Me God,"Big Sean - Blessings [Extended Version]
(feat. Drake, Kanye West, Gregg Rominiecki, Allison Porter, Jahaan Sweet, Jake Nelson, Michael St. Peter & Sophia Kaminski)","OG Filename: Blessings ROC Classic ACC No Drake_2.11.15
Acapella for ""Blessings"" by Big Sean with both of Big Sean's verses and Ye's verse, no Drake.","Feb 11, 2015",,3:54,119,OG File,Lossless,
So Help Me God,"Big Sean - Blessings [Extended Version]
(feat. Drake, Kanye West, Gregg Rominiecki, Allison Porter, Jahaan Sweet, Jake Nelson, Michael St. Peter & Sophia Kaminski)","OG Filename: Blessings XOYO ACC No Drake_2.11.15
Acapella for ""Blessings"" by Big Sean with both of Big Sean's verses and Ye's verse, no Drake. Identical to above, but with a different filename.","Feb 11, 2015",,3:54,119,OG File,Lossless,
So Help Me God,"Big Sean - Blessings [Extended Version]
(feat. Drake, Kanye West, Gregg Rominiecki, Allison Porter, Jahaan Sweet, Jake Nelson, Michael St. Peter & Sophia Kaminski)","OG Filename: Blessing ACC Sean x Kanye 1 Vs Each KOKO 3.3.15
Acapella for ""Blessings"" by Big Sean with just one of Big Sean's verses and Ye's verse, no Drake.","Mar 3, 2015",,2:49,119,OG File,Lossless,https://imgur.gg/f/TnQefTc
So Help Me God,"Big Sean - Blessings [Extended Version]
(feat. Drake, Kanye West, Gregg Rominiecki, Allison Porter, Jahaan Sweet, Jake Nelson, Michael St. Peter & Sophia Kaminski)","OG Filename: Blessing Powerhouse 2015 Edit ACC KW Only
Acapella for ""Blessings"" by Big Sean with just Ye's verse, no Big Sean or Drake.","May 1, 2015",,1:36,119,OG File,Lossless,https://imgur.gg/f/97EL1yD
So Help Me God,"Big Sean - Blessings
(feat. Drake)","OG Filename: Blessings - Acapella MIX 1G -3db MASTERED DK
Acapella for ""Blessings"" by Big Sean, no Ye.",,,4:08,119,OG File,Lossless,https://imgur.gg/f/aa0HQ4l
So Help Me God,"Big Sean - I Don't Fuck With You
(feat. E-40)
(Turn Up)","OG Filename: IDFWY - Acapella KW EDIT rkMIX 8 MASTERED DK
Acapella for ""I Don't Fuck With You"" by Big Sean.","Jan 30, 2015",,4:23,98,OG File,Lossless,https://imgur.gg/f/hD9v2NL
So Help Me God,"Future - I Won
(feat. Kanye West)","Leaked studio quality acapella of Kanye's feature on Future's ""I Won"".",,,3:58,84,Full,CD Quality,
,Instrumentals,,,,,,,,
So Help Me God,"All Day
(prod. Charlie Heat, Diddy, French Montana, Kanye West, MIKE DEAN, Noah Goldstein, Velous, Allen Ritter, Mario Winans, Plain Pat & Travis Scott)
(However You Want It)","OG Filename: KW - All Day Instrumental 3-3-15 -VM-
Instrumental for the released version of ""All Day"" .","Mar 3, 2015",,5:10,123,OG File,Lossless,https://imgur.gg/f/VzSuavo
So Help Me God,"I Feel Like That
(feat. Ty Dolla $ign & The WRLDFMS Tony Williams) (prod. Kanye West & Hudson Mohawke)","OG Filename: KW - I Feel Like That Instrumental  @ 110 BPM
Instrumental for ""I Feel Like That"", featuring Ty Dolla $ign and The WRLDFMS Tony Williams. Is the version used on the August 20th, 2014 version of the song.","Aug 20, 2014",,5:58,110,OG File,Lossless,https://imgur.gg/f/bj7B4dT
So Help Me God,"Say You Will
(feat. Caroline Shaw)","Released instrumental for the SoundCloud version of ""Say You Will"". Features vocals from Caroline Shaw.",,,4:45,86,Full,High Quality,https://imgur.gg/f/2oVtHEb
So Help Me God,Ultimate Lie," OG Filename: KW - Ultimate Lie Instrumental 2 (8.22.14)
Instrumental for the third version of ""Ultimate Lie"". Longer than the second version, but shorter than the first version.","Aug 22, 2014",,2:23,80.2,OG File,High Quality,https://imgur.gg/f/AvV4qkr
So Help Me God,"Whole Lifetime
(prod. Hit-Boy)
(Not Enough Time)","2015 version of ""Whole Lifetime"". Possibly from a later version of the song.",,"Jul 23, 2024",3:53,142,OG File,CD Quality,
So Help Me God,"Big Sean - All Your Fault
(prod. Kanye West, Mano, Nashiem Myrick, Noah Goldstein, OG Webbie & Lee Stone)","OG Filename: All Your Fault - Instrumental rkMIX 9 REV MASTERED DK
Instrumental for ""All Your Fault"" by Big Sean.",,,3:44,100,OG File,Lossless,https://imgur.gg/f/0Grgw7q
So Help Me God,"Tyler, the Creator - SMUCKERS
(prod. Tyler, The Creator)","Instrumental for ""SMUCKERS"" by Tyler, The Creator.",,,5:35,79 / 73-75,Full,Lossless,https://imgur.gg/f/JrOo5hv
,TV Tracks,,,,,,,,
So Help Me God,"All Day
(feat. Allan Kingdom, Theophilus London & Paul McCartney) (prod. Charlie Heat, Diddy, French Montana, Kanye West, MIKE DEAN, Noah Goldstein, Velous, Allen Ritter, Mario Winans, Plain Pat & Travis Scott)
(However You Want It)","OG Filename: KW - All Day Performance 5.12.15
TV Track for a performance version of ""All Day"".","May 12, 2015",,4:02,123,OG File,Lossless,https://imgur.gg/f/tn7Z3mv
So Help Me God,"Wolves
(feat. VIC MENSA) (prod. Cashmere Cat & Sinjin Hawke)","OG Filename: KW - Wolves XOYO Performance 3.3.15
TV Track for ""Wolves"".","Mar 3, 2015",,2:55,156,OG File,Lossless,https://imgur.gg/f/QRYH6bx
So Help Me God,"Big Sean - Blessings [Extended Version]
(feat. Drake, Kanye West, Gregg Rominiecki, Allison Porter, Jahaan Sweet, Jake Nelson, Michael St. Peter & Sophia Kaminski) (prod. Vinylz & Allen Ritter)","OG Filename: BLESSINGS - TV V3 - SEAN V1 V2 KANYE - mj 02.07.15
Complete TV Track for ""Blessings"" by Big Sean.","Feb 7, 2015",,3:54,119,OG File,Lossless,
So Help Me God,"Big Sean - Blessings [Extended Version]
(feat. Drake, Kanye West, Gregg Rominiecki, Allison Porter, Jahaan Sweet, Jake Nelson, Michael St. Peter & Sophia Kaminski) (prod. Vinylz & Allen Ritter)","OG Filename: Blessings ROC Classic TV No Drake 2.11.15
TV Track for ""Blessings"" by Big Sean with space for both of Big Sean's verses and Ye's verse, no Drake.","Feb 11, 2015",,3:54,119,OG File,Lossless,
So Help Me God,"Big Sean - Blessings [Extended Version]
(feat. Drake, Kanye West, Gregg Rominiecki, Allison Porter, Jahaan Sweet, Jake Nelson, Michael St. Peter & Sophia Kaminski) (prod. Vinylz & Allen Ritter)","OG Filename: Blessings XOYO TV No Drake_2.11.15
TV Track for ""Blessings"" by Big Sean with space for both of Big Sean's verses and Ye's verse, no Drake. Identical to above, but with a different filename.","Feb 11, 2015",,3:54,119,OG File,Lossless,
So Help Me God,"Big Sean - Blessings [Extended Version]
(feat. Drake, Kanye West, Gregg Rominiecki, Allison Porter, Jahaan Sweet, Jake Nelson, Michael St. Peter & Sophia Kaminski) (prod. Vinylz & Allen Ritter)","OG Filename: Blessings Sean x Kanye 1 Vs Each KOKO 3.3.15
TV Track for ""Blessings"" by Big Sean with space for just one of Big Sean's verses and Ye's verse, no Drake.","Mar 3, 2015",,2:49,119,OG File,Lossless,https://imgur.gg/f/gUahdC7
So Help Me God,"Big Sean - Blessings [Extended Version]
(feat. Drake, Kanye West, Gregg Rominiecki, Allison Porter, Jahaan Sweet, Jake Nelson, Michael St. Peter & Sophia Kaminski) (prod. Vinylz & Allen Ritter)","OG Filename: Blessing Powerhouse 2015 Edit KW Only
TV track for ""Blessings"" by Big Sean with just the section for Ye's verse, no Big Sean or Drake.","May 1, 2015",,1:36,119,OG File,Lossless,https://imgur.gg/f/l1V5peK
So Help Me God,"Big Sean - Blessings [Extended Version]
(feat. Drake, Kanye West, Gregg Rominiecki, Allison Porter, Jahaan Sweet, Jake Nelson, Michael St. Peter & Sophia Kaminski) (prod. Vinylz & Allen Ritter)","OG Filename: BLESSINGS TV
Complete TV track for ""Blessings"" by Big Sean, including an extra open for Sean's second verse on the non-extended version of the track.","Nov 0?, 2015",,5:06,119,OG File,Lossless,https://imgur.gg/f/SgOQF6e
So Help Me God,"Big Sean - I Don't Fuck With You
(prod. Kanye West, Mustard, Mikely ""Mike Free"" Adam, DJ Dahi & KeY Wane)
(Turn Up)","TV Track for ""I Don't Fuck With You"" by Big Sean.",,,4:00,98,OG File,CD Quality,https://imgur.gg/f/cFnMAwE
,SWISH,"(06/28/2015) (Kanye performs at Glastonbury)
(12/31/2015) (Kanye drops ""Facts"" and the rollout begins)",,,"After changing the name of his 7th solo album from So Help Me God to SWISH, Kanye began to develop all new songs throughout mid-late 2015 meant for the album, with most of them eventually making it onto the final release of The Life Of Pablo. Kanye also continued to work on many So Help Me God and Yeezus 2 tracks, but by the end of 2015 and the start of 2016, Kanye had dropped most of these tracks from the tracklist for SWISH, which began to resemble the final TLOP tracklist strongly.",,,,
,Sessions,,,,,,,,
SWISH,"Accelerate
(ref. Bibi Bourelly) (feat. Ty Dolla $ign & Big Sean) (prod. Kanye West, MIKE DEAN & Che Pope)
(Pick Up Your Speed, Auxillary)","OG Filenames: Accelerate_Do Not Use &
accerlate_Che - C Note &
Copy of Pick Up Your Speed.2_Accelerate
Multiple sessions for ""Accelerate"". Leaked as part of a groupbuy.",Varied,"Dec 30, 2023",Varied,128,OG File,Lossless,https://imgur.gg/f/1C11MwP
SWISH,"Bad Night
(ref. Tyga) (feat. Young Thug)
(Rap Tarantino, Man Up, Too Reckless)","Session for the Tyga's ""Bad Night"" reference. Originally dated 11/07/2015, but was seemingly worked with again on 10/21/2016, as some files have that date.","Nov 7, 2015",,Varied,110,OG File,Lossless,https://imgur.gg/f/TR4JgUq
SWISH,"Enya 
(feat. Theophilus London) (prod. Kanye West, Charlie Heat, Hudson Mohawke & Theophilus London)
(Waves)","OG Filename: ENYAAAA_12 stems_4
FL Studio session for the Hudson Mohawke version of ""Enya"".","Nov 25, 2020",,Varied,96.1,Partial,Recording,https://www.youtube.com/watch?v=hT-Bq53_GvM
SWISH,"Fade
(feat. Ty Dolla $ign & Lil Uzi Vert) (prod. Benji B)","OG Filename: trav uzi fade
Sessions for the Lil Uzi Vert on ""Fade"" sessions. Leaked as part of a groupbuy.","Oct 14, 2015",,Varied,106,OG File,Lossless,https://imgur.gg/f/CwAQU4X
SWISH,"Fade
(feat. Ty Dolla $ign & Post Malone) (prod. Kanye West, MIKE DEAN, DJDS, Anthony Kilhoffer, Noah Goldstein, Benji B & Charlie Handsome)","OG Filename: Copy of Fade.48 (FOR MM MIX 1)
OG Password: AllDayIDream
Session for an early version of ""Fade"". Was thought to be lost for a long time, but was refound by Atticus.","Jan 25, 2016",,3:20,106,OG File,Lossless,https://imgur.gg/f/YTvoj7J
SWISH,"Nina Chop
(feat. Rihanna & Chance the Rapper)
(Famous)","Session for ""Nina Chop"". Vocals from Chance the Rapper & Rihanna are confirmed to be in the session.","Jan 21, 2016",,4:02,123,Snippet,Lossless,https://imgur.gg/f/6XtfsqC
SWISH,"Only
(feat. Liz Tribal & Tyga)
(Make U Luv Me, Rich Nigga Drunk, Under The Influence)","Session for ""Only"" and ""Rich Nigga Drunk"". Has files that date from October 9th, 2015 to January 2nd, 2016. Snippet leaked May 13th, 2024.",,,,135,OG File,Lossless,https://fileditchfiles.me/file.php?f=/alpha3/03dff416d8434402100b/Only_%28Session%29.zip
SWISH,"Pressure
(feat. Travis Scott) (prod. Havoc)
(Can U Be)","OG Filename: trav uzi pressure
Sessions for the Travis Scott bridge on ""Pressure"". Leaked as part of the ""Pressure"" groupbuy.","Oct 14, 2015",,Varied,111,OG File,Lossless,https://imgur.gg/f/pzRHTMl
SWISH,"Drake - Revenge
(feat. Kanye West) (prod. 40)
(Summer Sixteen)","Raw acapella + instrumental files are included in the full ""30 Hours"" session that leaked November 21st 2023 for both ""Pop Style"" and ""Revenge"", however the PTX files have not leaked for these yet.",,,,149,Confirmed,Not Available,"https://drive.google.com/drive/folders/1G_VERj9RADRRO-c1SwwHJfEATBqkS5AP?usp=sharing"
SWISH,"Drake - Yoga Flame
(feat. Kanye West) (prod. 40, Boi-1da, Ging & Sevn Thomas)
(Pop Style)","Raw acapella + instrumental files are included in the full ""30 Hours"" session that leaked November 21st 2023 for both ""Pop Style"" and ""Revenge"", however the PTX files have not leaked for these yet.",,,,133,Confirmed,Not Available,"https://drive.google.com/drive/folders/1G_VERj9RADRRO-c1SwwHJfEATBqkS5AP?usp=sharing"
,Studio Stems,,,,,,,,
SWISH,808s & Heartbreak: Live at Hollywood Bowl Stems,"Full semi-compiled stems for every track on the 808's Hollywood Bowl. Both 808's Hollywood Bowl copies (reddit ""producer's"" + Hogan's) are unofficial and are made using these stems.","Sep 2, 2015","Mar 10, 2025",Varied,Varied,OG File,Lossless,https://pixeldrain.com/u/1B85Fg7i
SWISH,"Bad Night
(Rap Tarantino, Man Up, Too Reckless)","OG Filename: Bad Night @ 110 BPM
Stems for an October 2015 version of ""Bad Night"". Found in the session file. Most likely not all the files.","Oct 21, 2015",,4:31,110,Partial,Lossless,https://imgur.gg/f/fzbQv2m
SWISH,"Fade
(feat. Ty Dolla $ign) (prod. Benji B)","OG Filename: Fade Stems @ 106 BPM
Version of ""Fade"" from 2015. Has no Post Malone and beatbox Kanye drums.","Aug 26, 2015",,2:57,106,OG File,Lossless,https://imgur.gg/f/zneYQZ3
SWISH,"Fade
(prod. ???)","Additional production stems for ""Fade"" found in the January 25th and March 11th sessions. Was made sometime before January 31st 2016.",,,3:01,106,OG File,Lossless,https://imgur.gg/f/lX0g2i1
SWISH,"Father Stretch
(feat. Caroline Shaw)","Very early version of ""Father Stretch My Hands Pt. 1"" that features an earlier beat and Kanye mumbling. Also features Caroline Shaw's vocals that were later used in ""Pt. 2"".",,,4:31,113,OG File,Lossless,
SWISH,"FML
(feat. Travis Scott)","First version of ""FML"" with Kanye vocals, containing a mumble verse and hook, and different production from other versions of the song. Leaked after a successful groupbuy.","Dec 9, 2015",,1:21,120,OG File,Lossless,https://imgur.gg/f/G68qtJa
SWISH,"FML
(feat. Travis Scott)","Later version of ""FML"" with more finished Kanye vocals and further along instrumental. Same Travis Scott vocals as the previous version. Leaked after a blind groupbuy.",,"May 6, 2022",2:53,123,OG File,Lossless,https://imgur.gg/f/yY7eiyG
SWISH,"FML [Harpsichord Stems]
(feat. Travis Scott) (prod. Darren King)","Harpsichord stems from DK ""FML"".",,,1:04,123,OG File,Lossless,https://imgur.gg/f/ZDlLq4L
SWISH,"Forever
(prod. Darren King & Keyon Christ)","Stems for the Darren King version of ""Forever"".","Aug 17, 2015",,2:21,136,OG File,Lossless,https://imgur.gg/f/cBdRO7O
SWISH,"Highlights
(feat. Young Thug & The WRLDFMS Tony Wiliams) (prod. Plain Pat, Noah Goldstein, Southside, Velous, Kanye West & MIKE DEAN)","First early version of ""Highlights"" with an unfinished verse, different bassline, and a more simplistic different instrumental.",,,3:53,100,OG File,Lossless,https://imgur.gg/f/Dl2vhcV
SWISH,"Highlights
(feat. Young Thug & The WRLDFMS Tony Wiliams) (prod. Plain Pat, Noah Goldstein, Southside, Velous, Kanye West & MIKE DEAN)","Second early version of ""Highlights"" made right after the first version.",,"Oct 3, 2025",,100,OG File,Lossless,"https://gofile.io/d/rQD7i3
https://imgur.gg/f/xxtHrb5"
SWISH,"Pressure
(prod. Havoc)
(Can U Be)","Stems for the solo Kanye version of ""Pressure"".","Aug 1, 2015",,4:00,111,OG File,Lossless,https://imgur.gg/f/V0o43ae
SWISH,"Wolves
(feat. Caroline Shaw & Frank Ocean) (prod. Havoc, Cashmere Cat & Sinjin Hawke)","Stems for Caroline Shaw / Havoc ""Wolves"" with some unbounced added production.",,,4:05,156,OG File,Lossless,https://imgur.gg/f/bh7VkqJ
SWISH,"WE FUCK 
(prod. Darren King & MIKE DEAN)
(Freestyle 4, Fuck RT Now) ","OG Filename: WE FUCK
Stems for the Darren King-produced SWISH version of ""Freestyle 4"". Contains alternate verses and Mike Dean production.",,,3:21,126,OG File,CD Quality,https://imgur.gg/f/fNYLpD8
SWISH,A$AP Rocky - Euro 2 [Sample Stem],"OG Filename: devil inside 35bpm
Stem for the sample of ""Euro 2"".",,,1:24,35,OG File,Lossless,
,Acapellas,,,,,,,,
SWISH,"Come and Go
(ref. Lil Uzi Vert)
(That's On You)","OG Filename: Uzi x Kw Thats On You (no EFX aca)
Acapella for Lil Uzi Vert's ""Come and Go"" reference track.",,"Mar 13, 2025",3:03,136,Full,CD Quality,https://imgur.gg/f/wOVITBE
SWISH,"Fade
(feat. Post Malone)","OG Filename: reCUT 01
Raw acapella stem for Post Malone's cutdown freestyle for ""Fade"".",,"Oct 10, 2023",4:52,106,OG File,Lossless,https://imgur.gg/f/59fA1b8
SWISH,Forever,"OG Filename: KW - Forever ACC Ref
Acapella for the Keyon Christ version of ""Forever"".","Aug 1, 2015",,2:21,136,OG File,Lossless,
SWISH,No Church in the Wild [Voice Memo],"OG Filename: Ye No Church Ref Vox
Short iPhone memo recording of adlibs for ""No Church In The Wild"". ","Jun 26, 2015",,0:38,102,OG File,Low Quality,https://imgur.gg/f/75YfgoX
SWISH,Wolves,"OG Filename: KW - Wolves Glasto ACC (6.24.15)
Acapella for Glastonbury ""Wolves"". Has only the Kanye lead vocals as it's meant to be used in conjuction with the TV tracks.","Jun 24, 2015",,5:23,156,OG File,Lossless,
,Instrumentals,,,,,,,,
SWISH,"FML
(prod. Darren King & Hudson Mohawke)","OG Filename: FML DK (INSTR)
Instrumental for the Darren King version of ""FML"". Exported with iTunes 11.4.",,,4:52,123,OG File,CD Quality,https://imgur.gg/f/47jg9oY
SWISH,"Forever
(prod. Keyon Christ)","Instrumental for the Keyon Christ version of ""Forever"".",,,5:53,136,OG File,Lossless,https://imgur.gg/f/TvQhW1b
SWISH,"Forever [Loop Idea]
(prod. Keyon Christ)","OG Filename: KW - Forever Ref Instr 136 BPM 7.21.15
Original ""Forever"" loop idea sent to producers to work with.","Jul 21, 2015",,0:14,136,OG File,Lossless,https://imgur.gg/f/QToPzt1
SWISH,"Freestyle 9
(Anxiety)","Instrumental for ""Freestyle 9"", commonly known as ""Anxiety"". Instrumental is shorter than leaked version and consists solely of the sample chop.","Nov 24, 2015",,2:05,111.1,OG File,Lossless,https://imgur.gg/f/5899X9R
SWISH,"Real Friends
(prod. Darren King)","OG Filename: REAL FRIENDS DARREN KING REPLAY IDEAS
Instrumental for the Darren King version of ""Real Friends"".",,,2:19,86,OG File,Lossless,https://imgur.gg/f/IB9xpQT
SWISH,"Keyon Christ - Forever
(prod. Keyon Christ)","Instrumental for the original Keyon Christ version of ""Forever"", sent to Kanye.",,,1:24,136,Full,CD Quality,
,TV Tracks,,,,,,,,
SWISH,"Wolves
(feat. VIC MENSA, Sia, Caroline Shaw & Frank Ocean) (prod. Cashmere Cat & Sinjin Hawke)","OG Filename: KW - Wolves Glasto TV with bass (6.24.15)
TV Track for Glastonbury ""Wolves"". Has Kanye adlibs but no lead vocals.","Jun 24, 2015",,5:23,156,OG File,Lossless,https://imgur.gg/f/KekssiU
SWISH,"Wolves [No Bass]
(feat. VIC MENSA, Sia, Caroline Shaw & Frank Ocean) (prod. Cashmere Cat & Sinjin Hawke)","OG Filename: KW - Wolves Glasto TV No Bass (6.24.15)
TV Track for Glastonbury ""Wolves"". Excludes bass and has Kanye adlibs but no lead vocals.","Jun 24, 2015",,5:23,156,OG File,Lossless,https://imgur.gg/f/u2JSyPI
SWISH,"Big Sean - Blessings [Extended Version]
(feat. Drake) (prod. Vinylz & Allen Ritter)","OG Filename: Blessed - 2 Verse - Dirty - Tv Track
TV Track for ""Blessings"".",,,3:05,119,OG File,Lossless,https://imgur.gg/f/DuQcakJ
SWISH,"Big Sean - Blessings [Extended Version]
(feat. Drake) (prod. Vinylz & Allen Ritter)","OG Filename: Blessings - 1 Verse - Dirty - Summerjam NY - TV Track
TV Track for ""Blessings"", likely made for Big Sean's performance at 2015's Hot 97 Summer Jam.",,,2:01,119,OG File,Lossless,https://imgur.gg/f/g5RDQOh
,Live Stems,,,,,,,,
SWISH,I Wonder (Glastonbury),"Glastonbury instrumental + acapella of ""I Wonder"".","Jun 26, 2015",,8:42,191,OG File,Lossless,""
,"The Life Of Pablo
(So Help Me God, Waves, ULTRA)","(12/31/2015) (Kanye drops ""Facts"" and the rollout begins)
(02/14/2016) (The Life Of Pablo officially releases)
(06/14/2016) (The Life Of Pablo receives its last update)",,,"The Life Of Pablo is Kanye's 7th studio album, with constant name changes before release. Sporadic and scatter-shot, the album is one of a kind. The title refers to three people: artist Pablo Picasso, drug dealer Pablo Escobar, and Paul the Apostle, whose name is Pablo in Spanish. The album was initially released only on TIDAL, but later made its way to other streaming services with some updates. Kanye finally finished it by adding the track ""Saint Pablo.""",,,,
,Sessions,,,,,,,,
The Life Of Pablo,"30 Hours
(prod. Noah Goldstein, MIKE DEAN, Kanye West & Karriem Riggins)","OG Filename: 30 Hours Part 2 FINAL VERSION FOR PRINT 95 bpm
Fully leaked session. Includes the Kanye vocals + instrumentals for an early version of ""Pop Style"" and ""Revenge"".",,"Nov 21, 2023",,95,OG File,Lossless,"https://drive.google.com/drive/folders/1G_VERj9RADRRO-c1SwwHJfEATBqkS5AP?usp=sharing"
The Life Of Pablo,"30 Hours
(prod. Noah Goldstein, MIKE DEAN, Kanye West & Karriem Riggins)","OG Filename: 30 Hours.18 mike patreplace drums sp 1200 for MM 
A Pro Tools zip containing MIKE DEAN kicks, bass & drums.",,,,95,OG File,Lossless,
The Life Of Pablo,"Fade
(feat. Ty Dolla $ign & Post Malone) (prod. Kanye West, MIKE DEAN, DJDS, Anthony Kilhoffer, Noah Goldstein, Benji B & Charlie Handsome)","OG Filename: Copy Of Fade.50 Final (FOR MM MIX 3.11.16)
OG Password: AllDayIDream
Session for basically the release version. Was thought to be lost for a long time, but was refound by Atticus.","Mar 11, 2016",,3:21,106,OG File,Lossless,https://imgur.gg/f/ttzD6LN
The Life Of Pablo,"Alicia Keys - In Common (Remix)
(feat. Kanye West) (prod. Illangelo)","OG Filename: Copy of SWIZZ X SCOOP 072616 - 2
Session for ""In Common"". Has multiple PTX files. Leaked after a successful SoakBuy.","Jul 26, 2016","Jan 27, 2025",,120,OG File,Lossless,https://pixeldrain.com/u/j1rHL8X5
,Studio Stems,,,,,,,,
The Life Of Pablo,"⁉️ 30 Hours
(prod. Noah Goldstein, MIKE DEAN, Kanye West & Karriem Riggins)",Stems owned and privately sold by Squirtle.,"Jan 2, 2016",,,91.1,Snippet,CD Quality,Link Needed
The Life Of Pablo,"30 Hours
(prod. Noah Goldstein, MIKE DEAN, Kanye West & Karriem Riggins)",Stems. Missing some things from the release version.,,"May 29, 2022",,91.1,OG File,Lossless,https://imgur.gg/f/qUw72X8
The Life Of Pablo,"Fade
(prod. DJDS, Benji B, Charlie Handsome, Anthony Kilhoffer & MIKE DEAN)","Found in the January 25th and March 11th sessions for ""Fade"". Has no vocals.","Jan 22, 2016",,3:03,106,OG File,Lossless,https://imgur.gg/f/RIMvH0w
The Life Of Pablo,"Feedback [Choir Stems]
(prod. DJDS)","OG Filename: feedback_djds_choir
Two choir stems for DJDS' ""Feedback"" with two different BPM's and lengths.","Feb 10, 2016",,"0:20
0:16","100.4
85",OG File,Lossless,https://imgur.gg/f/V7ncbi9
The Life Of Pablo,"FML
(feat. Travis Scott) (prod. Charlie Heat, Hudson Mohawke, Andrew Dawson, MIKE DEAN, Metro Boomin, Noah Goldstein, Keyon Christ & Kanye West)","Later version of ""FML"". Leaked after a successful groupbuy.","Jan 17, 2016","Mar 12, 2022",3:09,123,OG File,Lossless,https://imgur.gg/f/ok7CV21
The Life Of Pablo,"Waves [Synth Stems]
(prod. Anthony Killhoffer, Hudson Mohawke, Metro Boomin, MIKE DEAN, Kanye West & Charlie Heat)","Unmastered stems for the synth version of ""Waves"". Leaked as a bonus during the ""Crash Landing"" groupbuy.","Feb 27, 2016","Aug 24, 2022",3:04,96.1,OG File,Lossless,https://imgur.gg/f/7hjGOQ4
,Acapellas,,,,,,,,
The Life Of Pablo,"30 Hours
(feat. André 3000)","OG Filename: KW-30 HOURS-Update.9-95bpm.vocal fix.ACA
Leaked alongside many other TV tracks and acapellas.","Apr 2, 2016","Jul 19, 2025",5:28,95,OG File,Lossless,https://imgur.gg/f/VI9692K
The Life Of Pablo,Facts (Charlie Heat Version),"OG Filename: KW-FACTS-Update.3.ACA
Leaked alongside many other TV tracks and acapellas.","Apr 2, 2016","Jul 19, 2025",3:21,142,OG File,Lossless,
The Life Of Pablo,"Famous
(Nina Chop)","OG Filename: Famous ACC SP Tour V5 (8.31.16)
Saint Pablo Tour acapella. Lacks Swizz Beatz and Rihanna's vocals.","Aug 31, 2016","Jul 19, 2025",3:26,87,OG File,Lossless,https://imgur.gg/f/Q1t98rc
The Life Of Pablo,"Famous [Swizz Beatz Vocal Stem]
(feat. Swizz Beatz)
(Nina Chop)","OG Filename: Famous Swizz Only SP Tour V5 (8.31.16)
Acapella for Swizz Beatz' vocals on ""Famous"", meant for the Saint Pablo Tour.","Aug 31, 2016","Jul 19, 2025",3:26,87,OG File,Lossless,https://imgur.gg/f/k4OeoRF
The Life Of Pablo,"Father Stretch My Hands Pt. 1 [Kanye Vocal Stem]
(Father, Father Stretch, Liberated)","OG Filename: Father Stretch My Hands Pt. 1 ACC @ 113 BPM
Kanye acapella for ""Father Stretch My Hands Pt 1"". Leaked alongside the TV track.","Jun 0?, 2016","Feb 24, 2024",2:19,113,OG File,Lossless,https://imgur.gg/f/Z69eWCu
The Life Of Pablo,"Feedback
(A Long Time, Good News)","OG Filename: KW-FEEDBACK-Update.6.ACA
Leaked alongside many other TV tracks and acapellas.","Apr 2, 2016","Jul 19, 2025",2:27,100.4,OG File,Lossless,
The Life Of Pablo,"FML
(feat. The Weeknd & The-Dream)","OG Filename: vocals
Acapella for an early version of ""FML"". File that holds the instrumental + acapella is named ""fml djds 2 track (1.27.16)"".","Jan 27, 2016","Dec 25, 2023",3:08,125,OG File,Lossless,https://imgur.gg/f/U6GdDhc
The Life Of Pablo,"FML
(feat. The Weeknd & The-Dream)","Acapella for an early version of ""FML"". Cuts out and has the bass included in the acapella.",,"Dec 25, 2023",2:22,125,Full,Lossless,https://imgur.gg/f/b8LnZmp
The Life Of Pablo,"FML
(feat. The Weeknd & Caroline Shaw)","OG Filename: KW-FML-update.8.ACA
Leaked alongside many other TV tracks and acapellas.","Apr 2, 2016","Jul 19, 2025",4:00,125,OG File,Lossless,https://imgur.gg/f/1hiJd1R
The Life Of Pablo,"Freestyle 4
(feat. Desiigner)
(Fuck RT Now, We Fuck)","OG Filename: KW-FREESTYLE-update.6.lowered -3dB.ACA
Leaked alongside many other TV tracks and acapellas.","Apr 2, 2016","Jul 19, 2025",2:04,126,OG File,Lossless,https://imgur.gg/f/5ObaufL
The Life Of Pablo,"Highlights
(feat. The-Dream, Young Thug, El DeBarge & Kelly Price)","OG Filename: KW-HIGHLIGHTS-update.13.ACA
Leaked alongside many other TV tracks and acapellas.","Apr 2, 2016","Jul 19, 2025",3:25,102,OG File,Lossless,https://imgur.gg/f/3d0MTMK
The Life Of Pablo,"No More Parties In LA
(feat. Kendrick Lamar)","OG Filename: KW-NO MORE PARTIES IN LA-update.4.ACA
Leaked alongside many other TV tracks and acapellas.","Apr 2, 2016","Jul 19, 2025",6:16,94.175,OG File,Lossless,
The Life Of Pablo,No More Parties In LA,"OG Filename: KW - No More Parties In LA ACC 1.10.16
Vocal stem for the first 50 seconds of the song with just Kanye on it. Was lost for a long time, later re-found by goodgirlgonebadreloaded on June 4th, 2025.","Jan 10, 2016","Jun 4, 2025",0:43,94.175,OG File,Lossless,
The Life Of Pablo,"Pt. 2
(feat. Caroline Shaw)","OG Filename: KW-FATHER STRETCH MY HANDS-Update.2.pt.2.ACA
Leaked alongside many other TV tracks and acapellas.","Apr 2, 2016","Jul 19, 2025",2:09,145.106,OG File,Lossless,https://imgur.gg/f/p7U9TcB
The Life Of Pablo,Real Friends,"OG Filename: Real Friends ACC SP Tour V1 (8.24.16)
Saint Pablo Tour acapella. Has no Ty vocals.","Aug 24, 2016","Jul 19, 2025",4:12,86,OG File,Lossless,
The Life Of Pablo,"Saint Pablo
(feat. Sampha & Theophilus London)","OG Filename: KW-SAINT PABLO-update.9.ACA
Leaked alongside many other TV tracks and acapellas.","Apr 2, 2016","Jul 19, 2025",6:15,84,OG File,Lossless,https://imgur.gg/f/4WpOGmy
The Life Of Pablo,"Sell Your Soul
(feat. KIRBY)","OG Filename: Sell Your Soul melody ref
Acapella for Kanye's ""Sell Your Soul"" melody ref. Likely recorded on an iPhone. Leaked December 27th, 2023. Was bounced July 25 2016.","Jul 25, 2016","Dec 27, 2023",1:02,106,OG File,High Quality,
The Life Of Pablo,"Ultralight Beam
(feat. Chance the Rapper, Kirk Franklin, The-Dream, Kelly Price, Natalie Green & Samoria Green)
(Ultralight Beams)","OG Filename: KW-ULTRALIGHT BEAM-Update.7.lowered -2dB.ACA
Leaked alongside many other TV tracks and acapellas.","Apr 2, 2016","Jul 19, 2025",5:22,105,OG File,Lossless,https://imgur.gg/f/PY5z8Q3
The Life Of Pablo,"Waves
(feat. Kid Cudi, Chris Brown, Akon & Theophilus London)
(Enya)","OG Filename: KW-WAVES-update.10.ACA
Leaked alongside many other TV tracks and acapellas.","Apr 4, 2016","Jul 19, 2025",3:02,96.1,OG File,Lossless,https://imgur.gg/f/fnDFJjr
The Life Of Pablo,"Wolves
(feat. VIC MENSA, Sia & Caroline Shaw)","OG Filename: KW-WOLVES-Update.8.ACA
Leaked alongside many other TV tracks and acapellas.","Apr 2, 2016","Jul 19, 2025",5:04,156,OG File,Lossless,https://imgur.gg/f/nJu6Iir
,Instrumentals,,,,,,,,
The Life Of Pablo,"Father Stretch
(prod. Keyon Christ)","OG Filename: FATHER STRETCH MTS DRUMS
Made by Keyon Christ. Was later posted on his Spore website as a rebounce.",,,0:59,,Full,Lossless,
The Life Of Pablo,"FML
(prod. Kanye West, Andrew Dawson, MIKE DEAN, Metro Boomin, Noah Goldstein, Hudson Mohawke & Keyon Christ)","Official instrumental to TLOP v1 ""FML"". ",,,4:05,125,Full,CD Quality,https://imgur.gg/f/yldypAk
The Life Of Pablo,"FML
(prod. Keyon Christ)","OG Filename: FML TRIBE CALLED CHECK AHOE VERSE
Made by Mitus. Was posted on his Spore website later. versions are rebounced.",,,2:08,,Full,Lossless,
The Life Of Pablo,"FML
(prod. Keyon Christ & DJDS)","OG Filename: instrumental
Instrumental for an early version. File that holds the instrumental + acapella is named ""fml djds 2 track (1.27.16)"".","Jan 27, 2016","Dec 25, 2023",3:08,125,OG File,Lossless,https://imgur.gg/f/f9IGCmY
The Life Of Pablo,"FML
(prod. Keyon Christ & DJDS)",Instrumental for an early version. Cuts out early.,,"Dec 25, 2023",2:22,125,Full,Lossless,https://imgur.gg/f/bEz2u5L
The Life Of Pablo,"Highlights
(feat. The-Dream)","Official instrumental to ""Highlights"", found in the SNL stems. Is mono and contains some vocals from The-Dream.",,,3:18,102,Full,CD Quality,https://imgur.gg/f/aMQsbma
The Life Of Pablo,"Keahole
(prod. Hudson Mohawke & Blood Orange)","OG Filename: Keahole ft Blood Orange
Way later on version with Blood Orange production added.",,"Mar 30, 2025",4:07,129,OG File,CD Quality,https://imgur.gg/f/dGcQIMa
The Life Of Pablo,"No More Parties In LA
(prod. Madlib & Kanye West)","OG Filename: KW - No More Parties In LA Ref 1 1.10.16
Instrumental, fades out.","Jan 10, 2016",,3:38,94.175,Partial,Lossless,
The Life Of Pablo,"Pt. 2
(feat. Desiigner) (prod. Kanye West, MIKE DEAN, Rick Rubin, Plain Pat, Caroline Shaw & Menace)","OG Filename: KW-FATHER STRETCH MY HANDS-Update.2.pt.2.INSTR
Leaked alongside many other TV tracks and acapellas.","Apr 2, 2016","Jul 19, 2025",2:09,145.106,OG File,Lossless,
The Life Of Pablo,"Saint Pablo
(prod. Keyon Christ)","OG Filename: FATHER STRETCH MTS DRUMS
Made by Mitus. Was posted on his Spore website later. versions are rebounced.",,,4:14,,Full,Lossless,
The Life Of Pablo,"Ultralight Beam
(prod. Kanye West, Chance the Rapper, Swizz Beatz, MIKE DEAN, Plain Pat, Rick Rubin, Fonzworth Bentley, DJDS & Noah Goldstein)","Official instrumental to ""Ultralight Beam"", found in the SNL stems. Is mono and contains some choir vocals.",,,6:19,105,Full,CD Quality,
The Life Of Pablo,Post Malone - Fuck The Internet,"Full instrumental, specifically for the version with Kanye.",,,4:13,74,Full,CD Quality,https://imgur.gg/f/Si3XcUI
,TV Tracks,,,,,,,,
The Life Of Pablo,"30 Hours
(feat. André 3000) (prod. Kanye West, MIKE DEAN, Karriem Riggins & Noah Goldstein)","OG Filename: KW-30 HOURS-Update.9-95bpm.vocal fix.TV TRACK
Leaked alongside many other TV tracks and acapellas.","Apr 4, 2016","Jul 19, 2025",5:28,95,OG File,Lossless,https://imgur.gg/f/VI9692K
The Life Of Pablo,"Facts (Charlie Heat Version)
(prod. Kanye West, Southside, Metro Boomin & Charlie Heat)","OG Filename: KW-FACTS-Update.3.TV TRACK
Leaked alongside many other TV tracks and acapellas.","Apr 4, 2016","Jul 19, 2025",3:21,142,OG File,Lossless,
The Life Of Pablo,"Famous
(feat. Rihanna) (prod. Kanye West, Noah Goldstein, Charlie Heat, Kuk Harrell & Havoc)
(Nina Chop, Hood Famous)","OG Filename: Famous TV (No Swizz) SP Tour V1 (8.25.16)
Saint Pablo Tour TV track. Lacks Swizz Beatz.","Aug 25, 2016","Jul 19, 2025",3:21,87,OG File,Lossless,https://imgur.gg/f/OzvMOSx
The Life Of Pablo,"Father Stretch My Hands, Pt. 1
(feat. Kid Cudi & Kelly Price) (prod. Kanye West, MIKE DEAN, DJDS, Noah Goldstein, Rick Rubin, Allen Ritter, Metro Boomin & Plain Pat)
(Father, Father Stretch, Liberated)","OG Filename: Father Stretch My Hands Pt. 1 TV @ 113 BPM
TV track for ""Father Stretch My Hands Pt. 1"". Leaked alongside the Kanye acapella for the track.","Jun 0?, 2016","Feb 24, 2024",2:19,113,OG File,Lossless,https://imgur.gg/f/zPnxfYg
The Life Of Pablo,"Feedback
(prod. Kanye West, MIKE DEAN, Plain Pat, Noah Goldstein & Charlie Heat)
(A Long Time, Good News)","OG Filename: KW-FEEDBACK-Update.6.TV TRACK
Leaked alongside many other TV tracks and acapellas. Has the Oprah parody at the end.","Apr 4, 2016","Jul 19, 2025",2:27,100.4,OG File,Lossless,
The Life Of Pablo,"Feedback
(prod. Kanye West, MIKE DEAN, Plain Pat, Noah Goldstein & Charlie Heat)
(A Long Time, Good News)","OG Filename: KW-FEEDBACK-Update.6.TV TRACK.no kanye outro vocal
Leaked alongside many other TV tracks and acapellas. Doesn't have the Oprah parody at the end.","Apr 4, 2016","Jul 19, 2025",2:27,100.4,OG File,Lossless,
The Life Of Pablo,"FML
(feat. The Weeknd & Caroline Shaw) (prod. Kanye West, Andrew Dawson, MIKE DEAN, Metro Boomin, Noah Goldstein, Hudson Mohawke & Keyon Christ)","OG Filename: KW-FML-update.8.TV TRACK
Leaked alongside many other TV tracks and acapellas.","Apr 4, 2016","Jul 19, 2025",4:00,125,OG File,Lossless,https://imgur.gg/f/1hiJd1R
The Life Of Pablo,"Freestyle 4
(feat. Desiigner) (prod. Kanye West, MIKE DEAN, DJDS, Noah Goldstein, Hudson Mohawke, Caroline Shaw & Trevor Guerikis)
(Fuck RT Now, We Fuck)","OG Filename: KW-FREESTYLE-update.6.lowered -3dB.TV TRACK
Leaked alongside many other TV tracks and acapellas.","Apr 4, 2016","Jul 19, 2025",2:04,126,OG File,Lossless,https://imgur.gg/f/5ObaufL
The Life Of Pablo,"Highlights
(feat. The-Dream, Young Thug, El DeBarge & Kelly Price) (prod. Kanye West, MIKE DEAN, Plain Pat, Noah Goldstein, Southside & Velous)","OG Filename: KW-HIGHLIGHTS-update.12.TV TRACK
Leaked alongside many other TV tracks and acapellas.","Apr 4, 2016","Jul 19, 2025",3:25,102,OG File,Lossless,https://imgur.gg/f/3d0MTMK
The Life Of Pablo,"No More Parties In LA
(feat. Kendrick Lamar) (prod. Kanye West, Kevin Smith, Robert Bisel, Ricardo Kim & Madlib)","OG Filename: KW-NO MORE PARTIES IN LA-update.4.TV TRACK
Leaked alongside many other TV tracks and acapellas.","Apr 4, 2016","Jul 19, 2025",6:16,94.175,OG File,Lossless,
The Life Of Pablo,"Only One
(feat. Caroline Shaw, Ty Dolla $ign & Paul McCartney)","OG Filename: Only One 09.05.16 TV Track
Instrumental for Caroline Shaw ""Only One"".","Sep 5, 2016",,4:21,102,OG File,Lossless,https://imgur.gg/f/bkDVqgh
The Life Of Pablo,"Real Friends
(feat. Ty Dolla $ign) (prod. Kanye West, Darren King, Boi-1da, Frank Dukes, Havoc & Noah Goldstein)","OG Filename: KW-REAL FRIENDS-update.19.lower level.TV TRACK
Leaked alongside many other TV tracks and acapellas.","Apr 4, 2016","Jul 19, 2025",4:12,86,OG File,Lossless,
The Life Of Pablo,"Real Friends
(feat. Ty Dolla $ign) (prod. Kanye West, Darren King, Boi-1da, Frank Dukes, Havoc & Noah Goldstein)","OG Filename: Real Friends TV SP Tour V1 (8.24.16)
Saint Pablo Tour TV track.","Aug 24, 2016","Jul 19, 2025",4:12,86,OG File,Lossless,
The Life Of Pablo,"Saint Pablo
(feat. Sampha) (prod. Kanye West, MIKE DEAN, Allen Ritter & Noah Goldstein)","OG Filename: KW-SAINT PABLO-update.9.TV TRACK
Saint Pablo Tour TV track.","Apr 4, 2016","Jul 19, 2025",6:15,84,OG File,Lossless,
The Life Of Pablo,"Ultralight Beam
(feat. Chance the Rapper, Kirk Franklin, The-Dream, Kelly Price, Natalie Green & Samoria Green) (prod. Kanye West, Chance the Rapper, Swizz Beatz, MIKE DEAN, Plain Pat, Rick Rubin, Fonzworth Bentley, DJDS & Noah Goldstein)
(Ultralight Beams)","OG Filename: KW-ULTRALIGHT BEAM-Update.7.lowered -2dB.TV TRACK
Leaked alongside many other TV tracks and acapellas.","Apr 4, 2016","Jul 19, 2025",5:22,105,OG File,Lossless,https://imgur.gg/f/PY5z8Q3
The Life Of Pablo,"Waves
(feat. Kid Cudi, Chris Brown, Akon & Theophilus London) (prod. Kanye West, Anthony Kilhoffer, MIKE DEAN, Metro Boomin, Charlie Heat & Hudson Mohawke)
(Enya)","OG Filename: KW-WAVES-update.10.TV TRACK
Leaked alongside many other TV tracks and acapellas.","Apr 4, 2016","Jul 19, 2025",3:02,96.1,OG File,Lossless,https://imgur.gg/f/fnDFJjr
The Life Of Pablo,"Wolves
(feat. VIC MENSA, Sia & Caroline Shaw) (prod. Kanye West, MIKE DEAN, Cashmere Cat, Sinjin Hawke, Noah Goldstein & Caroline Shaw)","OG Filename: KW-WOLVES-Update.8.TV TRACK
Leaked alongside many other TV tracks and acapellas.","Apr 4, 2016","Jul 19, 2025",5:04,156,OG File,Lossless,https://imgur.gg/f/nJu6Iir
The Life Of Pablo,Saint Pablo Tour Mixes,"Full TV Tracks used during the Saint Pablo Tour.

''Father Stretch My Hands Pt. 1""
""Pt. 2""
""Famous""
""Pop Style""
""That Part""
""Facts""
""Mercy""
""Don't Like.1""
""All Day""
""Black Skinhead""
""Niggas In Paris""
""Can't Tell Me Nothing""
""Power""
""Blood On The Leaves""
""Freestyle 4""
""Jesus Walks""
""Flashing Lights""
""Highlights""
""Feedback""
""Wolves""
""Heartless""
""Runaway""
""Only One""
""I Love Kanye""
""Waves""
""All Of The Lights""
""Good Life""
""Stronger""
""Touch The Sky""
""Fade""
""Ultralight Beam""",,"Dec 17, 2022",1:25:55,Varied,OG File,CD Quality,https://imgur.gg/f/sYB1qaa
,Live Stems,,,,,,,,
The Life Of Pablo,"Highlights
(feat. The-Dream & Kelly Price)","Leaked stems for the SNL performance of ""Highlights"". Features an autotuned final verse.",,,4:40,102,OG File,Lossless,"https://imgur.gg/f/H3byT6T
https://drive.google.com/file/d/1BPs3WTIfRyi5oU153KBx5dtpRtT9bAcS/view"
The Life Of Pablo,"Ultralight Beam
(feat. Chance the Rapper, Kirk Franklin, The-Dream, Kelly Price, Natalie Green & Samoria Green)
(Ultralight Beams)","Leaked stems for the SNL performance of ""Ultralight Beam"".",,,6:19,105,OG File,Lossless,"https://imgur.gg/f/ig9oZxJ
https://drive.google.com/file/d/1l8lNAv2pbmEMnQjv4BCA688wsufEyjkt/view"
,"Cruel Winter [V2]
(Collaboration with G.O.O.D. Music)","(Late 2015) (Work begins on Cruel Winter)
(11/20/2017) (CyHi says Cruel Winter is coming after his album)",,,"After the 2013 rendition of Cruel Winter ended production, Kanye revived it in 2016. With only one official single released, this album took many ideas from popular music at the time, including many trap elements, remixes, and the biggest music stars. The label supposedly worked on it as late as November 2017, but the album has yet to come. There isn't an official cover for this album we know of, so we are using the single art for ""Champions.""",,,,
,Sessions,,,,,,,,
Cruel Winter [V2],"Champions
(with Kanye West, Gucci Mane, Big Sean, 2 Chainz, Travis Scott, Yo Gotti, Quavo & Desiigner)","OG Filename: Champions.19 C 44.1 mix 25 explicit long (quavo middle deleted) printing mixes stemming stems 
Posted for sale by Squirtle on LT for 1.5k, later leaked as a bonus for the ""This Is The Glory"" GB.","Sep 2, 2016",,5:33,135,OG File,Lossless,"https://mega.nz/file/icIkzAZa#glGAN6qPz4zcEP6075ZPI0CDVmzR_jFcckiz8w9EpnA"
,Studio Stems,,,,,,,,
Cruel Winter [V2],"IndigoSOUND
(prod. Keyon Christ)
(Face Down)","OG Filename: indigoSOUND STEMS 62.523
Beat stems for ""Face Down"" found in a leaked folder.","Mar 29, 2016",,,62.523,OG File,Lossless,https://pixeldrain.com/l/YjgAxSYt
,Acapellas,,,,,,,,
Cruel Winter [V2],"Champions
(with Kanye West, Gucci Mane, Big Sean, 2 Chainz, Travis Scott, Yo Gotti, Quavo & Desiigner)","OG Filename: Champions AK M1 ACC (6.3.16)
Acapella for an earlier version of ""Champions"".","Jun 3, 2016",,5:49,135,OG File,CD Quality,
,Instrumentals,,,,,,,,
Cruel Winter [V2],"Champions
(with Kanye West, Gucci Mane, Big Sean, 2 Chainz, Travis Scott, Yo Gotti, Quavo & Desiigner)","OG Filename: champions mike mix 25 inst w hooks 135 bpm 31-01
Instrumental for an early mix of ""Champions"".","Jan 1, 2016",,5:33,135,OG File,Lossless,
Cruel Winter [V2],"Face Down
(prod. Keyon Christ & Metro Boomin)","OG Filename: KW - Face Down Instr (4.2.16)
Instrumental for the Metro Boomin-produced version of ""Face Down"".","Apr 2, 2016","Jun 3, 2022",3:38,62.523,OG File,CD Quality,https://imgur.gg/f/MjZOXbU
Cruel Winter [V2],"Face Down
(prod. Keyon Christ)","Instrumental for ""Face Down"". Released by Keyon himself in 2023 through his ""Spore"" website.",,,1:47,62.523,Full,High Quality,https://imgur.gg/f/Gxy80kI
,TV Tracks,,,,,,,,
Cruel Winter [V2],"Champions
(with Kanye West, Gucci Mane, Big Sean, 2 Chainz, Travis Scott, Yo Gotti, Quavo & Desiigner)","OG Filename: Champions AK M1 TV (6.3.16)
TV Track for an earlier version of ""Champions"".","Jun 3, 2016",,5:49,135,OG File,CD Quality,
,Turbo Grafx 16,"(02/14/2016) (The Life Of Pablo releases)
(11/22/2016) (Kanye West is admitted to UCLA Medical Hospital)",,,"Immediately after Kanye released The Life of Pablo, he announced a whole new album titled Turbo Grafx 16, intended to be released in the summer of 2016. Kanye intended to pursue a futuristic sound, wanting to incorporate video game samples into the record. However, work on the album was short-lived, as Kanye began touring in August 2016 and scrapped the concept entirely after being diagnosed as bipolar. The cover included for this era is unofficial, despite being popular among Kanye fans.",,,,
,Sessions,,,,,,,,
Turbo Grafx 16,"Damn Come On
(ref. Kid Cudi) (prod. Plain Pat & MIKE DEAN)
(Maple)","OG Filename: 2 29 16 1 Damn Come On
Session for the Kid Cudi reference track ""Damn Come On"". Leaked as a bonus for the DAYTONA groupbuy. Has Kanye vocals in session.","Feb 29, 2016","May 16, 2024",4:53,118,OG File,Lossless,https://imgur.gg/f/ocwJ835
,Studio Stems,,,,,,,,
Turbo Grafx 16,"Desiigner - Tiimmy Turner (Remix)
(feat. Kanye West) (prod. Noah Goldstein, Nana Kwabena, Kanye West, Desiigner & MIKE DEAN)","Snippet of the ""Tiimmy Turner (Remix)"" stems. Leaked early 2023.",,,,123,Snippet,CD Quality,https://imgur.gg/f/IBNL6ex
Turbo Grafx 16,"ScHoolboy Q - THat Part
(feat. Kanye West) (prod. Cardo, CuBeatz, Yung Exclusive & Sounwave)","OG Filename: SBQ_That Part_113.00BPM_BBE
Leaked studio stems for ""THat Part"" by ScHoolboy Q.",,"Nov 4, 2024",3:30,113,OG File,Lossless,https://imgur.gg/f/GKVi3BD
,Acapellas,,,,,,,,
Turbo Grafx 16,"Survive
(ref. TheNightAftr)","Acapella for ""Survive"".",,"Aug 12, 2024",3:17,129,Full,CD Quality,https://imgur.gg/f/XaxAOhi
Turbo Grafx 16,"Drake - Pop Style
(feat. The Throne)","OG Filename: Pop Style ACC @ 133 BPM GOVS BALL 2016 Ref 1
Leaked acapella for Kanye's verse on ""Pop Style"". Metadata is missing the second digit of the day in the filedate","Apr 0?, 2016",,1:23,133,OG File,Lossless,https://imgur.gg/f/TnCrsKn
Turbo Grafx 16,"French Montana - Figure it Out
(feat. Kanye West & Nas) (prod. DJ Khalil & Rick Steel)","OG Filename: Figure It Out ACA
Leaked acapella for ""Figure It Out"" by French Montana.","May 6, 2016","Feb 28, 2024",4:00,84,OG File,Lossless,
Turbo Grafx 16,"Tyga - Feel Me
(feat. Kanye West)","OG Filename: Feel Me (M5) - a cappella (mastered ts)
Leaked acapella for the Tyga song ""Feel Me"". Includes the Kylie Jenner line that was removed from the final version of the song.","Dec 29, 2016",,3:10,142,OG File,Lossless,
,Instrumentals,,,,,,,,
Turbo Grafx 16,"Damn Come On
(prod. Plain Pat & MIKE DEAN)
(Maple)","OG Filename: 2 29 16 1 inst reff
Instrumental for the Kid Cudi reference track for ""Damn Come On"".","Feb 29, 2016","Jan 8, 2023",4:53,118,OG File,Lossless,https://imgur.gg/f/h78nziJ
Turbo Grafx 16,"No Man's Sky
(prod. Keyon Christ)","OG Filename: No Mans Sky MTS
Beat was officially released by Keyon on December 2nd, 2023 through his ""Spore"" website.",,,3:30,77,Full,CD Quality,https://imgur.gg/f/XIADFms
Turbo Grafx 16,"ohmygod
(prod. Keyon Christ)","Said to be Keyon's favourite song that he produced. Instrumental was officially released by Keyon on November 29th, 2023 through his ""Spore"" website.",,,1:36,90,Full,High Quality,https://imgur.gg/f/Q4aKgpP
Turbo Grafx 16,"ohmygod
(prod. Keyon Christ)","A way shorter version of ""ohmygod"" with different production. Beat was officially released by Keyon on November 29th, 2023 through his ""Spore"" website.",,,0:41,90,Full,CD Quality,https://imgur.gg/f/jS4luTD
Turbo Grafx 16,"Rap Tarantino
(prod. Carnage & Hudson Mohawke)
(Bad Night, Man Up)","OG Filename: Carnage - Tarantino
Instrumental for the Carnage produced version of ""Rap Tarantino"".",,,2:26,108,OG File,High Quality,https://imgur.gg/f/XY1lFaV
Turbo Grafx 16,"Rap Tarantino
(prod. Carnage & Hudson Mohawke)
(Bad Night, Man Up)","OG Filename: Carnage - Tarantino V2
Instrumental for the Carnage produced version of ""Rap Tarantino"". Is slightly longer the the earlier version.",,,2:31,108,OG File,High Quality,https://imgur.gg/f/CunLAbo
Turbo Grafx 16,"Survive
(prod. Keyon Christ)","Instrumental for ""Survive"".",,"Aug 12, 2024",3:00,129,Full,CD Quality,https://imgur.gg/f/MUjOeSv
Turbo Grafx 16,"Zulu
(prod. Keyon Christ)","OG Filename: Zulu For Kanye West 2
Posted by Keyon himself on Twitter. Beat was officially released by Keyon on December 9th, 2023 through his ""Spore"" website.",,,4:34,140,Full,CD Quality,https://imgur.gg/f/Cno65Ui
Turbo Grafx 16,"Drake - Pop Style
(prod. Noah ""40"" Shebib, Boi-1da, Sevn Thomas & Frank Dukes)","OG Filename: Pop Style Philippines 1 Instrumental @ 133 BPM
Leaked instrumental for ""Pop Style"". Metadata is missing the second digit of the day in the filedate","Jun 0?, 2016",,1:46,133,OG File,Lossless,https://imgur.gg/f/5kee0aE
Turbo Grafx 16,"French Montana - Figure it Out
(prod. DJ Khalil & Rick Steel)","Leaked instrumental for ""Figure It Out"" by French Montana.",,"Feb 28, 2024",4:00,84,OG File,Lossless,
Turbo Grafx 16,"Gucci Mane - Pussy Print
(feat. Kanye West) (prod. Mike Will Made-It, Marz & Swae Lee)","Official ""Pussy Print"" instrumental uploaed to Mike Will Made-It's SoundCloud.",,,3:35,126,Full,CD Quality,https://soundcloud.com/mikewillmadeit/pussy-print-instrumental?utm_source=clipboard&utm_medium=text&utm_campaign=social_sharing
Turbo Grafx 16,"ScHoolboy Q - THat Part
(prod. Cardo, CuBeatz, Yung Exclusive & Sounwave)","Leaked instrumental for ""THat Part"" by ScHoolboy Q.",,"Nov 2, 2024",3:30,113,Full,CD Quality,https://imgur.gg/f/hi1tabD
,TV Tracks,,,,,,,,
Turbo Grafx 16,"Drake - Pop Style
(feat. The Throne) (prod. Noah ""40"" Shebib, Boi-1da, Sevn Thomas & Frank Dukes)","OG Filename: Pop Style TV @ 133 BPM GOVS BALL 2016 Ref 1
Leaked TV Track for ""Pop Style"". Metadata is missing the second digit of the day in the filedate","Jun 0?, 2016",,1:23,133,OG File,Lossless,https://imgur.gg/f/YKsbtM9
,"LOVE EVERYONE
(Hitler)","(11/30/2016) (Kanye is released from UCLA Medical Hospital)
(05/15/2018) (Kanye restarts the project)",,,"After Kanye was released from UCLA Medical Hospital and diagnosed as bipolar, he bought a ranch in Wyoming where he would produce his next album and multiple albums for his collaborators. The concept of the album came together in 2018. The album's subject matter varied wildly, with some songs being about introspection and change and others discussing his political views. The public name given for this album is LOVE EVERYONE, but it is known that Kanye likely considered the Hitler title longer.",,,,
,Sessions,,,,,,,,
LOVE EVERYONE,Lift Yourself [Mix Session],"OG Filename: lift 4 tracks, Lift Yourself Up Mike Mix 3
Session for alternate mixes of ""Lift Yourself"" included in the 2017-2018 Bundle groupbuy.",,"Nov 14, 2023",Varied,98,OG File,Lossless,"https://drive.google.com/drive/folders/1rXa9_IvYSjzbZDIXBlaV6KhvrzpTQKYB?usp=drive_link"
LOVE EVERYONE,"Chance the Rapper - Pets
(feat. Daniel Caesar)
(The Garden)","OG Filenames: SEPt song Jam day3 pets_For Zach &
SEPt song Jam day3 pets_For KW
Pro Tools sessions for the ""Pets"" jam. This song was later used to make ""The Garden"" from Yandhi.","Sep 7, 2017",,Varied,77,OG File,Lossless,
,Studio Stems,,,,,,,,
LOVE EVERYONE,"Bad People
(feat. Bon Iver) (prod. Kanye West)
(White Label)","OG Filename: Bad People Stems 08.24.17
Folder called ""Bad People Stems 08.24.17"" shown by American","Aug 24, 2017",,,,Confirmed,Not Available,
LOVE EVERYONE,Feel The Love,"OG Filename: Feel The Love Stems 08.24.17
Folder called ""Feel The Love Stems 08.24.17"" shown by American.","Aug 24, 2017",,,,Confirmed,Not Available,
LOVE EVERYONE,God's Love,"OG Filename: God's Love Stems 08.24.17
Folder called ""God's Love Stems 08.24.17"" shown by American. This song is fully unheard.","Aug 24, 2017",,,,Confirmed,Not Available,
LOVE EVERYONE,"I Know I Know [Sample Stem]
(feat. Francis and the Lights)
(I Thought About Killing You, Victim)","OG Filename: fatl i know rework 2
Alternate vocoder stem for the ""I Know I Know"" sample. Is poorly stitched together and has sudden static at the end.",,"Jan 21, 2026",0:34,117,Full,Lossless,https://imgur.gg/f/0euPamx
LOVE EVERYONE,"Someday 
(Ghost Town)","Seen in a folder called ""God's Love Stems 08.24.17"" shown by American.","Aug 24, 2017",,,,Confirmed,Not Available,
LOVE EVERYONE,Reborn,"Seen in a folder called ""God's Love Stems 08.24.17"" shown by American.","Aug 24, 2017",,,,Confirmed,Not Available,
LOVE EVERYONE,"The Devils Watching
(Devil's Watchin)","Seen in a folder called ""God's Love Stems 08.24.17"" shown by American.","Aug 24, 2017",,,,Confirmed,Not Available,
LOVE EVERYONE,No Lights On Sunset,"Seen in a folder called ""God's Love Stems 08.24.17"" shown by American.","Aug 24, 2017",,,,Confirmed,Not Available,
LOVE EVERYONE,Prayers [Vocal Stem],"OG Filename: Prayers Vox Stem 91BPM
Seen in a folder called ""God's Love Stems 08.24.17"" shown by American.","Aug 24, 2017",,,,Confirmed,Not Available,
LOVE EVERYONE,"Christina Aguilera - Accelerate
(feat. Ty Dolla $ign, 2 Chainz & Kirby Lauryen) (prod. Kanye West, Oscar Ramirez, Che Pope, Noah Goldstein, MIKE DEAN, Charlie Heat, Honorable C.N.O.T.E. & Eric Danchick)
(Pick Up Your Speed, Auxillary)","OG Filename: CA-ACCELERATE-mix.1.vocal up-STEMS @ 128bpm
Release ""Accelerate"" Stems + John Carr Remix bounces.","May 3, 2018",,4:09,128,OG File,Lossless,
,Acapellas,,,,,,,,
LOVE EVERYONE,"Christina Aguilera - Accelerate
(feat. Ty Dolla $ign)
(Pick Up Your Speed, Auxillary)","OG Filename: Accelerate_Final Rough_Accapella_09
Acapella for an early version of ""Accelerate"". Found in the session.","Apr 20, 2017","Dec 29, 2023",3:34,128,OG File,Lossless,
LOVE EVERYONE,"Christina Aguilera - Accelerate 
(feat. 2 Chainz)
(Pick Up Your Speed, Auxillary)","OG Filename: 2 CHAINZ ACA - ACCELERATE
Acapella for 2 Chainz's ""Accelerate"" verse. Found in the session.","Apr 21, 2017","Dec 29, 2023",3:18,,OG File,Lossless,
LOVE EVERYONE,"Tory Lanez - So Drunk
(feat. Bad Bunny & Rick Ross)
(DRUNK)","OG Filename: SO DRUNK - ACA
Acapella for the version of ""So Drunk"" with Rick Ross.",,,3:20,128,OG File,Lossless,
,Instrumentals,,,,,,,,
LOVE EVERYONE,Arrival Horns,"OG Filename: kw arrival horns
2017 ASR file Chop that re-uses the ""Dance At Night"" sample from Good Ass Job.",,,1:12,87,OG File,Lossless,
LOVE EVERYONE,"Chop 3
(prod. Kanye West)
(Reggae, Burn)","OG Filename: KW Chop 3 Reggae @ 80.34 BPM 1
Chop made during Wyoming. Made sometime in 2017.",,,3:14,80.34,OG File,Lossless,
LOVE EVERYONE,"Chop 13
(prod. Kanye West)
(Expository Mode)","OG Filename: KW Chop 13 9.30.17 Expository Mode
Later used on Abstract Mindstate's ""Expository Mode"".","Sep 30, 2017",,1:10,78,OG File,Lossless,
LOVE EVERYONE,"Chop 15
(prod. Kanye West)
(Queen Bitch)","OG Filename: KW Chop 15 (10.1.17)
Another one of Ye's sample chops and was meant to be a beatswitch for ""Queen Bitch"".","Oct 1, 2017",,1:02,83,OG File,Lossless,
LOVE EVERYONE,"Chop 17
(prod. Kanye West)
(No Manners, Where Are You Hiding, Love)","OG Filename: KW Chop 17 @ 92.5 BPM 1
Chop made during Wyoming. Was later used on ""No Manners"" by Teyana Taylor.","Oct 16, 2017",,1:17,92.5,OG File,Lossless,
LOVE EVERYONE,"Chop 19
(prod. Kanye West)
(Queen Bitch)","OG Filename: KW Chop 19 (9.30.17)
Wyoming instrumental. One of Ye's sample chops, and was meant to be a beatswitch for ""Queen Bitch"". Samples ""I'm a Man"" by ""The Delfonics"".","Sep 30, 2017",,2:32,83,OG File,Lossless,
LOVE EVERYONE,"Chop 21
(prod. Kanye West)","OG Filename: KW Chop 21 Drum Ref (9.30.17)
Wyoming beat chop seen in a list of files sent by Waterfalls.","Sep 30, 2017",,,,Rumored,Not Available,N/A
LOVE EVERYONE,"Chop 23
(prod. Kanye West)
(Hurry)","OG Filename: KW Chop 23 @ 81.33 BPM
Instrumental for ""Hurry"" by Teyana Taylor.",,,3:08,81.33,OG File,Lossless,
LOVE EVERYONE,"Chop 26 
(prod. Kanye West)
(3Way)","OG Filename: KW Chop 26 @ 68 BPM 1
Original sample chop that later became ""3Way"" by Teyana Taylor.","Oct 11, 2017","Jan 10, 2024",3:46,68,OG File,Lossless,
LOVE EVERYONE,"Chop 7
(prod. Kanye West)","OG Filename: KW Chop 7 Drum Ref 9.30.17.
Later used on scrapped 4 song Kanye-produced Talib Kweli EP. Leaked June 2022.","Sep 30, 2017",,1:37,157,OG File,High Quality,
LOVE EVERYONE,"Chop 7
(prod. Kanye West)
(Moonlight)","OG Filename: KW Chop 7 moonlight @ 87 and 70 bpm (5.15.18)
Original sample chop Kanye did for ""Moonlight"".","May 15, 2018",,1:03,87 / 70,OG File,Lossless,
LOVE EVERYONE,"Don't Play With That Boy [Sample Stem]
(prod. Kanye West)
(Ye vs. the People)","Sample chop / stem / instrumental for ""Don't Play With That Boy"". Leaked sometime in 2023 by Saya. Re-bounced in FL Studio in 2022.",,,0:37,80,Full,CD Quality,
LOVE EVERYONE,"Leroi
(prod. Kanye West & Justin Vernon)","OG Filename: KW Jams Switch JV Leroi
Instrumental created during the LOVE EVERYONE era. Unknown if it was ever recorded on.",,,0:50,83,OG File,CD Quality,
LOVE EVERYONE,Let It Go,"OG Filename: Let It Go (7.31.17).1
Instrumental for ""Let It Go"". Leaked as separate left and right channels, however both files are identical as the sample chop is mono.","Jul 31, 2017",,3:15,83,OG File,Lossless,
LOVE EVERYONE,"Lift Yourself
(prod. Kanye West, MIKE DEAN, Benji B & Noah Goldstein)","OG Filename: Lift Yourself Ref 4.24.18-00.00.09.851-00.02.46.613
An alternate version of ""Lift Yourself"" with different mixing.","Apr 24, 2018",,2:36,97,OG File,CD Quality,
LOVE EVERYONE,"Not Us
(prod. Justin Vernon & Noah Goldstein)","OG Filename: Not Us Noah Sample JV Work
Unconfirmed whether it was intended for Kanye, but it likely was. Samples ""Black Power"" by Dick Gregory.","Mar 10, 2018","Nov 14, 2023",2:11,77,OG File,Lossless,
LOVE EVERYONE,"???
(prod. Kanye West)
(Yeah)","Chop made during LOVE EVERYONE era. Samples ""Inside My Love"" by Minnie Riperton.",,"Nov 18, 2023",0:33,91,OG File,CD Quality,
LOVE EVERYONE,"Christina Aguilera - Accelerate
(Pick Up Your Speed, Auxillary)","OG Filename: Accelerate _4 instr
Instrumental for an early version of ""Accelerate"". Found in the session.","Jan 24, 2017",,4:44,128,OG File,CD Quality,
LOVE EVERYONE,Pi'erre Bourne - Watch,"OG Filename: peirre beat 157 bpm 2
Original beat for ""Watch"" by Travis Scott, featuring Lil Uzi Vert and Kanye West, made before they got on it. Leaked on January 29th, 2023. Lossless version currently lost.",,,4:53,157,OG File,Lossless,
LOVE EVERYONE,"Travis Scott - Look At My Rollie
(prod Pi'erre Bourne)
(Watch)","OG Filename: Rollie Mike Mix 12 Instrumental_01
An earlier mix for ""Watch"". The Mike in the filename is most likely referring to MIKE DEAN.","Apr 26, 2018",,3:37,157,OG File,Lossless,
LOVE EVERYONE,"Travis Scott - Look At My Rollie
(prod Pi'erre Bourne)
(Watch)","OG Filename: Rollie Mike Mix 15 explicit_01
A slightly earlier mix for ""Watch"". The Mike in the filename is most likely referring to MIKE DEAN.","May 5, 2018",,3:37,157,OG File,Lossless,
,"DAYTONA
(Album by Pusha T) (exec. prod. Kanye West)
(King Push, Blowbama, Blobama)","(12/18/2015) (King Push – Darkest Before Dawn: The Prelude officially releases)
(05/25/2018) (DAYTONA officially releases)",,,"DAYTONA is the third studio album by American rapper Pusha T. It was released on May 25, 2018, by G.O.O.D. Music and Def Jam Recordings. DAYTONA was announced by Kanye West via Twitter on April 19, 2018, alongside the album's release date. It was one of the Wyoming projects worked on during 2018 by Kanye.",,,,
,Sessions,,,,,,,,
DAYTONA,"Come Back Baby
(prod. Andrew Dawson)","OG Filename: Come Back Baby. 4 ADwork.1 Dawson Only Parts
Session for ""Come Back Baby"" with only Andrew Dawson's production. Leaked as part of a groupbuy.","Mar 13, 2018","May 16, 2024",2:31,92,OG File,Lossless,https://imgur.gg/f/Qz70ghm
DAYTONA,"Games We Play
(prod. Kanye West & Andrew Dawson)
(The Games We Play, Chop 1)","OG Filename: Games We Play
Session for ""Games We Play"" Leaked as part of a groupbuy.","Feb 24, 2018","May 16, 2024",2:46,78,OG File,Lossless,https://imgur.gg/f/7cdTl70
DAYTONA,"How Do You Respond?
(feat. Kanye West) (prod. Kanye West)
(Queen Bitch, What Would Meek Do?)","OG Filename: Copy of How Do You Respond_mix prep
Pro Tools sessions for ""How Do You Respond?"" included in the 2017-2018 Bundle groupbuy.","May 8, 2018","Nov 14, 2023",Varied,83,OG File,Lossless,"https://drive.google.com/drive/folders/1B0yOI9_zQfzBaDnI6MOe88tnybXIpnjw?usp=drive_link"
DAYTONA,"Santeria
(feat. Kanye West & Kid Cudi) (prod. Kanye West)","OG Filename: Copy of Santeria - KW Back in (5.10.18)
Session for ""Santeria"" with Kid Cudi and Kanye vocals. Leaked as part of a groupbuy.","May 10, 2018","May 16, 2024",3:02,83,OG File,Lossless,https://imgur.gg/f/hdxt7wf
,Acapellas,,,,,,,,
DAYTONA,"Treat You Good
(feat. Kanye West)","OG Filename: Treat You Good.2 A Cap
Early Acapella of ""Treat You Good"" meant for the Kanye version. Features no Pusha T vocals and long pauses between lines.",,,3:02,83,OG File,CD Quality,https://imgur.gg/f/n0gbzrV
,Instrumentals,,,,,,,,
DAYTONA,"Lord Forgive 'Em
(prod. Kanye West)","Instrumental for ""Lord Forgive 'Em"".",,,2:40,96,OG File,CD Quality,https://imgur.gg/f/d74bbsc
DAYTONA,"Treat You Good
(prod. Kanye West)","OG Filename: Treat You Good.2 Instrumental
Early instrumental of ""Treat You Good"" meant for the Kanye version.",,,3:02,83,OG File,CD Quality,https://imgur.gg/f/hRh9f07
,ye,"(05/15/2018) (Kanye restarts the project)
(06/01/2018) (ye officially releases)
(11/07/2018) (ye receives its last update)",,,"ye discusses topics in Kanye's life, including mental health, family, and addiction. He also explicitly announced his diagnosis of bipolar disorder through the album's artwork and a proclamation within the album. The seven-song project, created in Jackson Hole, Wyoming, was released alongside five other projects. Kanye revealed in an interview that after his infamous TMZ interview (in which he stated that slavery was a choice), he completely re-did his album with an entirely new theme.",,,,
,Sessions,,,,,,,,
ye,"I Feel Free
(ref. Jeremih)
(Freeeee, Freeee (Ghost Town Pt. 2), Free)","OG Filename: I Feel Free.1 (jerimih tracking) JB!_ForWY 2
Pro Tools sessions for ""Freeeee"" included in the 2017-2018 Bundle groupbuy","May 17, 2018",,,148,OG File,Lossless,"https://imgur.gg/f/WfIr7tj
https://drive.google.com/drive/folders/1rXtYINVPQY8IJEF-7V1YNixTAJBaSDzm?usp=drive_link"
ye,"Moonlight [Instrumental Session]
(prod. Kanye West & Jeff Bhasker)","Session files for the instrumental of ""Moonlight"". Leaked during the ""Skeletons"" buy.","May 15, 2018","Jun 27, 2022",,87 / 70,OG File,Lossless,https://imgur.gg/f/m13AgKO
ye,"No Mistakes
(feat. Kid Cudi, Caroline Shaw & Charlie Wilson) (prod. Kanye West, MIKE DEAN, Che Pope, Eric Danchick & Caroline Shaw)","It's been said by Saya that they have the full Pro Tools session for ""No Mistakes"".",,,,160,Rumored,Not Available,N/A
ye,"XTCY [Instrumental Session]
(prod. Kanye West, Andrew Dawson & Jeff Bhasker)","OG Filename: ECSTASY JB kw odubs 1_ForWY
Session for an earlier instrumental of ""XTCY"" with extra synths. Leaked in August 2022.","May 20, 2018",,,93,OG File,Lossless,https://imgur.gg/f/YxvbRBY
ye,"Yikes [Snare Stem]
(prod. MIKE DEAN)","OG Filename: YIKES mike snare hit 2
Early MIKE DEAN Pro Tools snare hits stem for ""Yikes"".","May 28, 2018",,0:11,87,OG File,Lossless,https://imgur.gg/f/DJcCddo
,Studio Stems,,,,,,,,
ye,"All Mine
(feat. Ty Dolla $ign & Ant Clemons) (prod. Kanye West, MIKE DEAN, Francis & the Lights & Scott Carter)
(Medulla Oblongata, Pussy Mine, Pootie Tang)","Multitrack stems for the release version. Includes official bounces of the instrumental, TV track and clean/explicit versions of the acapella.","Jun 26, 2018",,2:30,122,OG File,Lossless,https://imgur.gg/f/KIPLuGv
ye,"Ghost Town
(feat. PARTYNEXTDOOR, Kid Cudi & 070 Shake) (prod. Kanye West, MIKE DEAN, Noah Goldstein, Francis & the Lights & benny blanco)
(Someday)","Multitrack stems for the release version. Includes official bounces of the instrumental, TV track and acapella. Also includes extra Kanye vocals.","Jun 27, 2018",,4:35,83.4,OG File,Lossless,https://imgur.gg/f/dckvveq
ye,"I Thought About Killing You
(feat. Francis and the Lights) (prod. Kanye West, benny blanco, MIKE DEAN, Francis & the Lights, Andy C & Aaron Lammer)
(I Know I Know, Victim)","Multitrack stems for the release version. Includes official bounces of the instrumental, TV track and clean/explicit versions of the acapella, including the cut slave line.","Jun 28, 2018",,4:39,116,OG File,Lossless,https://imgur.gg/f/Xc4f1JX
ye,"Mrs. Robinson
(prod. Kanye West & MIKE DEAN)","A folder called ""mike robinson stems"" is confirmed to exist and is dated May 17th, 2018.","May 17, 2018",,,,Confirmed,Not Available,
ye,"No Mistakes
(feat. Kid Cudi, Caroline Shaw & Charlie Wilson) (prod. Kanye West, MIKE DEAN, Che Pope, Eric Danchick & Caroline Shaw)","Multitrack stems for the release version. Includes official bounces of the instrumental, TV track and clean/explicit versions of the acapella.","Jun 26, 2018",,2:10,160,OG File,Lossless,https://imgur.gg/f/esZYMgT
ye,"Violent Crimes
(feat. Ty Dolla $ign, 070 Shake & Nicki Minaj) (prod. Kanye West, Andrew Dawson, 7 Aurelius & Irv Gotti)
(Violent Nights)","Multitrack stems for the release version. Includes official bounces of the instrumental, TV track and clean/explicit versions of the acapella.","Jun 27, 2018",,3:36,110,OG File,Lossless,https://imgur.gg/f/C2UlmIB
ye,"Wouldn't Leave
(feat. Ty Dolla $ign, PARTYNEXTDOOR & Jeremih) (prod. Kanye West, MIKE DEAN, Noah Goldstein & Ty Dolla $ign)","Multitrack stems for the release version. Includes official bounces of the instrumental, TV track and clean/explicit versions of the acapella.","Jun 26, 2018",,3:33,82,OG File,Lossless,https://imgur.gg/f/zWOQgzg
ye,"XTCY
(prod. Andrew Dawson & Kanye West)","Stems for the released version of ""XTCY"", was up for sale once before.",,,2:56,93,Snippet,CD Quality,https://imgur.gg/f/nukuYjz
ye,"Yikes
(prod. Pi'erre Bourne, MIKE DEAN, Apex Martin & Kanye West)","Multitrack stems for the release version. Includes official bounces of the instrumental, TV track and clean/explicit versions of the acapella.","Jun 25, 2018",,3:16,87,OG File,Lossless,https://imgur.gg/f/CyE240W
ye,Yikes [Sample Stem],"OG Filename: Unfisnished 160 Black Savage - Kothbiro 1976 3 2 & Unfisnished 160 Master
Earlier unfinished stem for the sample of ""Yikes"". According to Alek, this was made May 25th, 2018, and later cleaned up for release.","May 25, 2018",,0:12,87,OG File,Lossless,https://imgur.gg/f/jnJhz0R
,Acapellas,,,,,,,,
ye,All Mine [Vocal Takes],"OG Filename: TY ALL MINE
Alternate vocal takes for ""All Mine"". Leaked as a bonus for the ""Donda Bundle"" groupbuy.","May 22, 2018","Aug 18, 2022",,122,OG File,Lossless,
ye,Freeee,"OG Filename: YE crucial gold dub.02_15
Acapella for the ""Freeee"" demo. Included in the session for ""Hurry"".",,,2:22,148,OG File,Lossless,
ye,Freeee,"OG Filename: YE crucial gold dub 03
Acapella for the ""Freeee"" demo. Included in the session for ""Hurry"".",,,1:02,148,OG File,Lossless,
ye,XTCY [Ty Dolla $ign Vocal Takes],"Vocal takes for ""XTCY"" by Ty Dolla $ign. Leaked as part of a bonus for the ""Donda Bundle"" groupbuy.",,"Aug 22, 2022",,94,OG File,Lossless,https://imgur.gg/f/aAMh4qb
,Instrumentals,,,,,,,,
ye,"Brothers
(prod. Kanye West, Andrew Dawson, 7 Aurelius & Irv Gotti)","Instrumental for ""Brothers"".","May 12, 2018",,1:09,110,OG File,Lossless,
ye,"Exctacty
(prod. Kanye West & Andrew Dawson)
(XTCY, Extacy)","OG Filename: Exctacty Dawson Version 5.16.18
Earlier instrumental for ""Exctacty"".","May 16, 2018","May 18, 2024",3:58,93,OG File,Lossless,https://imgur.gg/f/yEK1LJ9
ye,"Exctacty
(prod. Kanye West & Andrew Dawson)
(XTCY, Extacy)","OG Filename: Exctacty Dawson Version REF (5.20.18)
Andrew Dawson produced version of ""Exctacty"". Significantly shorter compared to the May 16th version.","May 20, 2018",,1:50,93,OG File,Lossless,https://imgur.gg/f/jDADadj
ye,"Exctacty
(prod. Kanye West & Andrew Dawson)
(XTCY, Extacy)","OG Filename: Exctacty 05.24.18
Instrumental for a slightly earlier version of ""Exctacty"".","May 24, 2018","May 18, 2024",2:05,93,OG File,High Quality,https://imgur.gg/f/vuvtc5Y
ye,"Exctacty
(prod. Kanye West, Andrew Dawson & Jeff Bhasker)
(XTCY, Extacy)","OG Filename: Exctacty 05.30.18 INSTRUMENTAL 93bpm
Instrumental for a slightly later version of ""Exctacty"" with added synths.","May 30, 2018","May 18, 2024",2:07,93,OG File,High Quality,https://imgur.gg/f/O37gfMT
ye,"I Feel Free
(Free, Freeee (Ghost Town Pt. 2))","Instrumental to an early version of ""I Feel Free"".","May 22, 2018",,3:21,148,OG File,Lossless,https://imgur.gg/f/WfIr7tj
ye,"I Know I Know
(feat. Francis and the Lights)
(I Thought About Killing You, Victim)","Instrumental for ""I Know I Know"", later reworked into the intro beat on ""I Thought About Killing You."" The instrumental uses a vocal sample from Francis and the Lights throughout. Leaked as part of the 2020 WSE Holiday Scavenger Hunt organized by u/frezling.",,,1:49,117,OG File,CD Quality,https://imgur.gg/f/xAcvBWs
ye,"Moonlight
prod. Kanye West & Jeff Bhasker)
(Chop 7)","Instrumental for the Jeff Bhasker version of ""Moonlight"".",,"Feb 22, 2021",1:25,87 / 70,Full,CD Quality,https://imgur.gg/f/R7O92B3
ye,"Mrs. Robinson
(prod. Kanye West)
(Chop 8)","OG Filename: KW Chop 8_mrs robinson @ 98bpm (5.15.18)
Original sample chop. Was used in promotional videos for Hass' album THE SECOND COMING. Samples ""Mrs. Robinson"" by Billy Paul.","May 15, 2018","Apr 30, 2026",1:18,98,OG File,High Quality,
,"KIDS SEE GHOSTS
(Collaboration with Kid Cudi as KIDS SEE GHOSTS)
(Everybody Wins)","(11/30/2016) (Kanye is released from UCLA Medical Hospital)
(06/08/2018) (KIDS SEE GHOSTS officially releases)",,,"Out of the five Wyoming projects from 2018, people consider KIDS SEE GHOSTS one of the best. This album focuses heavily on overcoming struggles caused by mental health, which Kanye and Cudi have been fighting. It's characterized by many psychedelic and rock-influenced elements, making for an album that sounds like nothing else. This album was officially released on June 8th, 2018, making it Kanye's second collab album.",,,,
,Sessions,,,,,,,,
KIDS SEE GHOSTS,"I Feel Free [Bass Stem]
(prod. MIKE DEAN)
(Freeee (Ghost Town Pt. 2), Free, Freeee)","OG Filename: I Feel Free mike bass replace1
Early MIKE DEAN Pro Tools bass stem for ""I Feel Free"".","May 27, 2018",,2:06,151,OG File,Lossless,
,Studio Stems,,,,,,,,
KIDS SEE GHOSTS,"Freeeee
(feat. Ty Dolla $ign) (prod. Kanye West, Kid Cudi, Andrew Dawson, Andy C, BoogzDaBeast, MIKE DEAN, Jeff Bhasker & Russel ""Love"" Crews)
(Free, I Feel Free, Freeee (Ghost Town Pt. 2))","OG Filename: Kids See Ghosts_Freeee-SVelez_Stems_75bpm_DL
Full studio stems for ""Freeeee"". This is a rebounce from 2020 for use in orchestral project, meaning that these are not OG files, but they have the OG filenames. The stems were probably bounced earlier than 2020, then re-imported into Pro Tools which split them into L and R files which gave them new metadata.","Jan 16, 2020",,3:30,151,Full,Lossless,https://imgur.gg/f/xs0zsxS
KIDS SEE GHOSTS,Kids See Ghosts,"OG Filename: KSG ORIGINAL STEMS
Full Folder for every track of ""Kids See Ghosts"". Has instrumentals, Clean + Non-Clean Acapellas and TV Tracks. No full multitrack stems are avaliable.","Jun 28, 2018",,Varied,Varied,OG File,Lossless,https://imgur.gg/f/HRcokbV
KIDS SEE GHOSTS,Kids See Ghosts (Chris),"OG Filename: KSG (CHRIS)
Folder from ""Chris"" with volume changes and other small changes to the stems of the songs. (Keep in mind no multitracks were sent meaning Chris had to chop the acapellas + instrumentals to make changes).",,,Varied,Varied,OG File,Lossless,https://imgur.gg/f/zoMSak0
KIDS SEE GHOSTS,Kids See Ghosts (Update From Chris),"OG Filename: KSG (UPDATE FROM CHRIS)
Another folder from ""Chris"" with volume changes and other small changes to the stems of the songs. (Keep in mind no multitracks were sent meaning Chris had to chop the acapellas + instrumentals to make changes). One thing of note is that these changes were made after SNL.",,,Varied,Varied,OG File,Lossless,https://imgur.gg/f/ULIhzBb
,Acapellas,,,,,,,,
KIDS SEE GHOSTS,"Feel The Love
(feat. Pusha T)","OG Filename: FEEL THE LOVE DREW MIKE JESS MIX 3 ACAPELLA.01
Acapella for an earlier mix of ""Feel The Love"". Kanye is not on the acapella and on the instrumental instead.","Jun 16, 2018",,2:46,110.6,OG File,Lossless,https://imgur.gg/f/MHcd8oE
KIDS SEE GHOSTS,"Feel The Love [Clean]
(feat. Pusha T)","OG Filename: FEEL THE LOVE DREW MIKE JESS MIX 3 ACAPELLA CLEAN.01
Clean acapella for an earlier mix of ""Feel The Love"". Kanye is not on the acapella and on the instrumental instead.","Jun 16, 2018",,2:46,110.6,OG File,Lossless,https://imgur.gg/f/uxqUygk
KIDS SEE GHOSTS,Fire,"OG Filename: FIRE CHOP PARTY MIX.01 ACAPELLA
Acapella for an earlier mix of ""Fire"".","Jun 16, 2018",,2:22,105,OG File,Lossless,
KIDS SEE GHOSTS,Fire [Clean],"OG Filename: FIRE CHOP PARTY MIX.01 ACAPELLA CLEAN
Clean acapella for an earlier mix of ""Fire"".","Jun 16, 2018",,2:22,105,OG File,Lossless,https://imgur.gg/f/MvbGTGF
KIDS SEE GHOSTS,"4th Dimension
(feat. Louis Prima)","OG Filename: 4TH DIMENSION JESS MIKE MIX 6 ACAPELLA_02
Acapella for an earlier mix of ""4th Dimension"".","Jun 28, 2018",,2:38,86,OG File,Lossless,https://imgur.gg/f/Wlb7iEP
KIDS SEE GHOSTS,"4th Dimension [Clean]
(feat. Louis Prima)","OG Filename: 4TH DIMENSION JESS MIKE MIX 6 ACAPELLA CLEAN_02
Clean acapella for an earlier mix of ""4th Dimension"".","Jun 28, 2018",,2:38,86,OG File,Lossless,https://imgur.gg/f/XtwO5Xt
KIDS SEE GHOSTS,"Freeeee
(feat. Ty Dolla $ign)
(Free, I Feel Free, Freeee, Freeee (Ghost Town Pt. 2))","OG Filename: FREEEEE PATY MIX 4 ACAPELLA
Acapella for an earlier mix of ""Freeee (Ghost Town Pt. 2)"".","Jun 14, 2018",,3:30,151,OG File,Lossless,https://imgur.gg/f/xs0zsxS
KIDS SEE GHOSTS,"Freeeee [Clean]
(feat. Ty Dolla $ign)
(Free, I Feel Free, Freeee, Freeee (Ghost Town Pt. 2))","OG Filename: FREEEEE PATY MIX 4 ACAPELLA CLEAN
Clean acapella for an earlier mix of ""Freeee (Ghost Town Pt. 2)"".","Jun 14, 2018",,3:30,151,OG File,Lossless,https://imgur.gg/f/vTRTeo1
KIDS SEE GHOSTS,Reborn,"OG Filename: REBORN MIX 5 ACAPELLA
Acapella for an earlier mix of ""Reborn"".","Jun 14, 2018","Jun 3, 2022",5:32,100,OG File,Lossless,https://imgur.gg/f/ygICL8c
KIDS SEE GHOSTS,"Kids See Ghosts
(feat. Yasiin Bey & Bon Iver)","OG Filename: KIDS SEE GHOSTS MIX 4 ACAPELLA
Acapella for an earlier mix of ""Kids See Ghosts"".","Jun 14, 2018",,4:12,95,OG File,Lossless,https://imgur.gg/f/lfCdSSh
KIDS SEE GHOSTS,"Kids See Ghosts [Clean]
(feat. Yasiin Bey & Bon Iver)","OG Filename: KIDS SEE GHOSTS MIX 4 ACAPELLA CLEAN
Clean acapella for an earlier mix of ""Kids See Ghosts"".","Jun 14, 2018",,4:12,95,OG File,Lossless,https://imgur.gg/f/x7sOptQ
KIDS SEE GHOSTS,"Cudi Montage
(feat. Mr Hudson)","OG Filename: CUDI MONTAGE MIX 9 ACAPELLA
Acapella for an earlier mix of ""Cudi Montage"".","Jun 14, 2018",,3:22,110,OG File,Lossless,https://imgur.gg/f/eN7TX63
,Instrumentals,,,,,,,,
KIDS SEE GHOSTS,"4th Dimension
(prod. Kanye West, MIKE DEAN & Plain Pat)","OG Filename: 4TH DIMENSION JESS MIKE MIX 6 INSTRUMENTAL
Instrumental for a slightly different mix of ""4th Dimension"".","Jun 14, 2018","Jun 29, 2022",2:38,86,OG File,Lossless,https://imgur.gg/f/Z72LeMm
KIDS SEE GHOSTS,"Cudi Montage
(prod. Kid Cudi, Dot Da Genius & MIKE DEAN)","OG Filename: CUDI MONTAGE MIX 9 INSTRUMENTAL
Instrumental for an earlier mix of ""Cudi Montage"".","Jun 14, 2018",,3:22,110,OG File,Lossless,
KIDS SEE GHOSTS,"Feel the Love
(prod. Kanye West, benny blanco, Cashmere Cat, E*VAX, Francis and the Lights, Justin Vernon, MIKE DEAN, Noah Goldstein & Plain Pat)","OG Filename: FEEL THE LOVE DREW MIKE JESS MIX 3 INSTRUMENTAL.01
Instrumental for an earlier mix of ""Feel The Love"".","Jun 16, 2018",,2:46,110.6,OG File,Lossless,
KIDS SEE GHOSTS,"Fire
(prod. Kanye West, Kid Cudi, André 3000, BoogzDaBeast & E.VAX)","OG Filename: FIRE CHOP PARTY MIX.01 INSTRUMENTAL
Instrumental for an earlier mix of ""Fire"".","Jun 14, 2018",,2:22,105,OG File,Lossless,
KIDS SEE GHOSTS,"Freeeee
(prod. Kanye West, Kid Cudi, Andrew Dawson, Andy C, BoogzDaBeast, MIKE DEAN, Jeff Bhasker & Russel ""Love"" Crews)
(Free, I Feel Free, Freeee, Freeee (Ghost Town Pt. 2))","OG Filename: FREEEEE PATY MIX 4 INSTRUMENTAL_10
Instrumental for a slightly earlier mix of ""Freeee (Ghost Town Pt. 2)"".","Jun 14, 2018","Jun 3, 2022",3:30,151,OG File,Lossless,https://imgur.gg/f/cYceynr
KIDS SEE GHOSTS,"Freeee
(prod. Kanye West, Kid Cudi, Andrew Dawson, Andy C, BoogzDaBeast, MIKE DEAN, Jeff Bhasker & Russel ""Love"" Crews)
(Freeee (Ghost Town Pt. 2), Free, I Feel Free)","An earlier version of the ""Freeee"" instrumental from KIDS SEE GHOSTS. Unknown when exactly made.",,,3:26,151/156,Full,High Quality,https://imgur.gg/f/gdT6az1
KIDS SEE GHOSTS,"Kids See Ghosts
(prod. Kanye West, Kid Cudi, Andrew Dawson, Justin Vernon, Noah Goldstein & Plain Pat)","OG Filename: KIDS SEE GHOSTS MIX 4 INSTRUMENTAL
Instrumental for an earlier mix of ""Kids See Ghosts"".","Jun 14, 2018",,4:12,95,OG File,Lossless,
KIDS SEE GHOSTS,"Reborn
(prod. Kid Cudi, benny blanco, Dot Da Genius, E.VAX & Plain Pat )","OG Filename: REBORN MIX 5 INSTRUMENTAL
Instrumental for an earlier mix of ""Reborn"".","Jun 14, 2018",,5:32,100,OG File,Lossless,
,TV Tracks,,,,,,,,
KIDS SEE GHOSTS,"4th Dimension
(feat. Louis Prima) (prod. Kanye West, MIKE DEAN & Plain Pat)","OG Filename: 4TH DIMENSION JESS MIKE MIX 6 TV
TV Track for an earlier mix of ""4th Dimension"".","Jun 14, 2018",,2:38,86,OG File,Lossless,https://imgur.gg/f/Wlb7iEP
KIDS SEE GHOSTS,"Cudi Montage
(feat. Mr Hudson) (prod. Kid Cudi, Dot Da Genius & MIKE DEAN)","OG Filename: CUDI MONTAGE MIX 9 TV
TV Track for an earlier mix of ""Cudi Montage"".","Jun 14, 2018",,3:22,110,OG File,Lossless,https://imgur.gg/f/eN7TX63
KIDS SEE GHOSTS,"Feel The Love
(feat. Pusha T) (prod. Kanye West, benny blanco, Cashmere Cat, E*VAX, Francis and the Lights, Justin Vernon, MIKE DEAN, Noah Goldstein & Plain Pat)","OG Filename: FEEL THE LOVE DREW MIKE JESS MIX 3 TV.01_69
TV Track for an earlier mix of ""Feel The Love"".","Jun 26, 2018",,2:46,110.6,OG File,Lossless,https://imgur.gg/f/MHcd8oE
KIDS SEE GHOSTS,"Fire
(prod. Kanye West, Kid Cudi, André 3000, BoogzDaBeast & E.VAX)","OG Filename: FIRE CHOP PARTY MIX.01 TV
TV Track for an earlier mix of ""Fire"".","Jun 16, 2018",,2:22,105,OG File,Lossless,
KIDS SEE GHOSTS,"Freeeee
(prod. Kanye West, Kid Cudi, Andrew Dawson, Andy C, BoogzDaBeast, MIKE DEAN, Jeff Bhasker & Russel ""Love"" Crews)
(Free, I Feel Free, Freeee, Freeee (Ghost Town Pt. 2))","OG Filename: FREEEEE PATY MIX 4 TV_12
TV Track for an earlier mix of ""Freeee (Ghost Town Pt. 2)"".","Jun 17, 2018",,3:30,151,OG File,Lossless,
KIDS SEE GHOSTS,"Kids See Ghosts
(feat. Yasiin Bey & Bon Iver) (prod. Kanye West, Kid Cudi, Andrew Dawson, Justin Vernon, Noah Goldstein & Plain Pat)","OG Filename: KIDS SEE GHOSTS MIX 4 TV
TV Track for an earlier mix of ""Kids See Ghosts"".","Jun 23, 2018",,4:12,95,OG File,Lossless,https://imgur.gg/f/lfCdSSh
KIDS SEE GHOSTS,"Reborn
(prod. Kid Cudi, benny blanco, Dot Da Genius, E.VAX & Plain Pat)","OG Filename: REBORN MIX 5 TV_01
TV Track for an earlier mix of ""Reborn"".","Jun 23, 2018",,5:32,100,OG File,Lossless,
,"K.T.S.E.
(Album by Teyana Taylor)
(exec. prod. Kanye West)","(11/04/2014) (Teyana Taylor's debut album VII officially releases)
(03/??/2018) (Teyana and Kanye start collaborating in Wyoming)
(06/23/2018) (K.T.S.E. officially releases)",,,"In an interview with Hot 97 in March of 2018, Taylor revealed that she had been working on music with Kanye in Wyoming, referring to him as ""Polo 'Ye"" - alluding to him returning to his old ""Polo-shirt roots"" (i.e. TCD-era production). The album was eventually put on the tail end of the Wyoming releases, releasing June 22nd, 2018. Kanye was notably still finishing the album on the plane ride to the albums LP, as confirmed in a Tweet from Kim Kardashian. 			",,,,
,Studio Stems,,,,,,,,
K.T.S.E.,"Hurry
(feat. Ant Clemons & Kanye West) (prod. BoogzDaBeast, MIKE DEAN & Kanye West) ",Stems for a demo version.,"Jun 20, 2018",,2:54,81.33,OG File,Lossless,https://imgur.gg/f/CKfmFh6
,"Good Ass Job (2018)
(Collaboration with Chance the Rapper)
(Job Well Done)","(06/27/2018) (Chance announces 7-track album produced by Kanye)
(??/??/2019) (Kanye and Chance scrap the project)",,,"Kanye and Chance collab project that people talked about for years before being officially announced in 2018. The project was supposed to be just seven tracks long, similar to all the Wyoming albums. The central theme of this project is a celebration, as many of the tracks we've heard from this project seem to be very joyful and uplifting. Kanye and Chance presumably canceled it sometime in 2019. This project has no covers we know of, so we have used unofficial artwork.",,,,
,Instrumentals,,,,,,,,
Good Ass Job (2018),"MJ
(prod. Kanye West & BoogzDaBeast)","OG Filename: KW-Chance MJ (boogz edit)
More finished version with drums. Was played on an Consequence Instagram Live in October 2019.",,,1:43,84,OG File,CD Quality,https://imgur.gg/f/oZiSdFN
,Yandhi [V1],"(06/01/2018) (ye officially releases)
(11/13/2018) (Kanye delays Yandhi again after performing at Camp Flog Gnaw)",,,"Upon hearing the beat to ""Hurricane"" during sessions for Good Ass Job (2018), Kanye became inspired to create a whole new album titled Yandhi. With the album's concept in his mind, Kanye and his producers began frenzied work as they developed multiple new songs throughout September 2018, aiming for a September 29 release date. As they did not meet this deadline, Kanye went to Uganda to conduct further work on the album, but delayed it indefinitely on November 13.",,,,
,Sessions,,,,,,,,
Yandhi [V1],"Bye Bye Baby
(feat. Mykki Blanco) (prod. E.VAX & RONNY J)
(Big Booty Bitch)","Sessions to the E.VAX 10.4.18 version of ""Bye Bye Baby"". Mixed differently to the leaked versions. Includes some Kanye vocals","Oct 1, 2018",,Varied,84,OG File,Lossless,https://imgur.gg/f/K39vZh0
Yandhi [V1],"Hurricane
(ref. 070 Shake) (feat. Ant Clemons & Ty Dolla $ign) (prod. BoogzDaBeast, DJ Khalil, Nascent & RONNY J)
(Don't Let Me Down, Hurricanes, 80 Degrees)","Session for the 070 Shake reference of ""Hurricane"". Some, but not all raw vocals leaked February 27th, 2025.","Sep 28, 2018",,Varied,157.6,Partial,Lossless,""
Yandhi [V1],"Hurricane
(prod. BoogzDaBeast, Cashmere Cat, DJ Khalil, Francis and the Lights, Nascent & RONNY J)
(80 Degrees, Hurricanes, Don't Let Me Down)","OG Filename: hurriCAT - STEMS 157.6bpm [10.07.18]
Sessions for the 10.07.18 Cashmere Cat version of ""Hurricane"".","Oct 7, 2018",,Varied,157.6,OG File,Lossless,https://imgur.gg/f/BJGJBLb
Yandhi [V1],"New Body
(feat. Nicki Minaj & Ty Dolla $ign) (prod. CuBeatz, Plain Pat & RONNY J)","Sessions for ""New Body"". Missing files as the leaker removed many of them. Some snippets leaked July 27th, 2024.","Sep 28, 2018",,Varied,95,Partial,Lossless,""
Yandhi [V1],"Sky City
(feat. Ty Dolla $ign, Ant Clemons, Desiigner, 070 Shake & Kid Cudi) (prod. Kanye West, Ty Dolla $ign, BoogzDaBeast, damn james! & MIKE DEAN)
(City in the Sky, Ooh Child)","Sessions for ""Sky City"". Missing files as the leaker removed many of them.","Oct 4, 2018",,Varied,79,Partial,Lossless,
Yandhi [V1],"Space X / Alien 
(Alien, Godzilla)","OG Filename: SPACE X (1)
Over 20 sessions for ""Alien"" ranging from September 30th to November 21st, with multiple people as features/references.",Varied,,Varied,130,OG File,Lossless,https://imgur.gg/f/Yxafjqk
Yandhi [V1],"Space X / Alien [Acapella Session]
(ref. Ant Clemons) (feat. Ant Clemons)
(Alien, Godzilla)","OG Filename: SPACE X - ALIEN (ANT REF) TRACKS FOR ZACK
Acapella tracks for a version of ""Alien"", including Ant reference verse vocals and the full Kanye freestyle vocals.","Sep 28, 2018",,Varied,130,Partial,Lossless,https://imgur.gg/f/eQLF4B5
Yandhi [V1],"I Love It
(feat. Lil Pump & Adele Givens) (prod. Kanye West, CBMix, DJ Clark Kent & RONNY J)
(Sluts Are Awesome)","Confirmed that Alek owns the session(s) for ""I Love It"" by a stem edit they made with demo vocals.",,,,104,Confirmed,Not Available,
Yandhi [V1],"I Love It (Remix)
(ref. Dreezy) (feat. The-Dream) (prod. BoogzDaBeast & Caroline Shaw)
(The Chakra, Chakras, HYPE AF, Selah, Good Morning)","OG Filename: I Love It (Remix) [Boogz Piano Chop]
OG Password: ZDKW2018!
Session for Dreezy's ""Chakras"" reference track. Password leaked June 4th, 2024. Has many vocals for GAJ 18 era songs alongside Dreezy's reference.

Unofficial notes for each interesting microphone take in the session:
C800.01_xx to C800.31_xx - Chance recording for ""MJ""
C800.33_48 to C800.33_55 - Ant, Chance, and Ye listening to Job Well Done-era songs, freestyling and adding backing vocals
C800.33_56 to C800.49_75 - Ant, Dreezy, and Ye listening to ""I Love It (Remix)"", freestyling and recording vocals","Sep 19, 2018","Jun 4, 2024",2:05,"130 /
130.5",OG File,Lossless,https://imgur.gg/f/3RLdY5E
Yandhi [V1],"XXX
(feat. Kid Cudi, XXXTENTACION, Ty Dolla $ign, Ant Clemons & Francis and the Lights) (prod. Ronny J, BoogzDaBeast, FnZ & MIKE DEAN)
(Everything We Need, Jeet, Leave It In, The Storm, We Begin, We Begin After the Storm Inside)","Sessions for ""XXX"", also known as ""The Storm"".",Varied,,Varied,117,OG File,Lossless,https://imgur.gg/f/bh2ZYQ0
Yandhi [V1],"Chance the Rapper - Pets
(feat. Daniel Caesar)
(The Garden)","Identical to the previous Pro Tools session for the ""Pets"" jam.","Sep 24, 2018",,Varied,77,OG File,Lossless,
Yandhi [V1],"Vory - I'm Mad Ok
(prod. Louis Bell)
(I'm Not Ok, Ok Ok)","OG Filename: Im mad ok
Session for ""I'm Mad Ok"".",Varied,"May 29, 2024",Varied,83,OG File,Lossless,https://imgur.gg/f/teBMCH7
Yandhi [V1],"XXXTENTACION - One Minute
(ref. CyHi) (feat. Kanye West) (prod. John Cunningham)","Full Pro Tools session for ""One Minute"", including alt instrumentals, many different Kanye vocal takes, and a CyHi ""One Minute"" reference verse in full lossless. North West can be heard in the background of some of the Kanye vocal takes.",Varied,,Varied,170,OG File,Lossless,https://imgur.gg/f/uSOydOq
,Studio Stems,,,,,,,,
Yandhi [V1],"⁉️ Alien
(feat. Ant Clemons)
(Space X, Godzilla)","OG Filename: Space X Alien - Stems 139 - 130bpm [09.28.18]
Stems for the 9.28.18 version of ""Alien"", including the ""Godzilla"" intro and full Kanye freestyle vocals.","Sep 28, 2018",,3:32,139/130,OG File,Lossless,Link Needed
Yandhi [V1],"Alien
(feat. Ant Clemons)
(Space X, Godzilla)","OG Filename: ALIEN - STEMS 139-130BPM [10.04.18]
Stems for the 10.04.18 version of ""Alien"", has both the ""Godzilla"" and ""Alien"" parts, but only has vocals during the ""Godzilla"" part.","Oct 4, 2018",,3:30,139/130,OG File,Lossless,https://imgur.gg/f/fxYMdVp
Yandhi [V1],"Alien [Sample Stem]
(prod. FnZ)
(Space X, Godzilla)","OG Filename: I Wonder 130 BPM
Stem for the sample of ""Alien"".","Aug 21, 2018",,0:36,130,OG File,Lossless,
Yandhi [V1],"All Blue Don C's
(ref. Bump J) (feat. Young Thug) (prod. Jeff & BoogzDaBeast)
(Strapped Steph Curry)","Stems for the 09.23.18 version of ""All Blue Don C's""","Sep 23, 2018",,2:38,135,OG File,Lossless,https://imgur.gg/f/Vmq9wWN
Yandhi [V1],"Brothers
(ref. Ant Clemons)","Snippets of stems which include ""instrumental, Kanye 7.20 freestyle vox, Ant vox & Kanye hook vox"" according to the seller. Also includes stems for the 20 minute freestyle version.","Jul 20, 2018","Jan 30, 2024",6:45,110,OG File,Lossless,https://imgur.gg/f/OChxhhe
Yandhi [V1],"Bye Bye Baby
(feat. Mykki Blanco) (prod. E.VAX & RONNY J)
(Bellair, Big Booty Bitch)","Stems for the 10.04.18 version of ""Bye Bye Baby""","Jul 20, 2018",,3:20,84,OG File,Lossless,https://imgur.gg/f/mfxqesJ
Yandhi [V1],"I Love It (Remix)
(feat. Caroline Shaw & The-Dream) (prod. BoogzDaBeast & Caroline Shaw)
(Chakras, HYPE AF, Selah, Good Morning, The Chakra)","Stems for an earlier version of ""I Love It (Remix)"". Found in the Dreezy session zip. Metadata shows these stems were bounced September 16th, 2018 (One day before Dreezys ref).","Sep 16, 2018",,2:09,130,OG File,Lossless,https://imgur.gg/f/6XkJTnm
Yandhi [V1],"I Love It (Remix)
(feat. Caroline Shaw, Ant Clemons & The-Dream) (prod. Andrew Dawson, BoogzDaBeast & Caroline Shaw)
(Chakras, HYPE AF, Selah, Good Morning, The Chakra)","Stems for the 9.20.18 long freestyle version of ""Chakras"", at the time called ""I Love It (Remix)"".","Sep 20, 2018",,5:45,130,OG File,Lossless,https://imgur.gg/f/oAaTt0q
Yandhi [V1],"Chakra
(feat. Caroline Shaw, The-Dream, BONGO ByTheWay & Ant Clemons) (prod. Andrew Dawson, BoogzDaBeast & Caroline Shaw)
(I Love It (Remix), Chakras, The Chakra, HYPE AF, Selah, Good Morning)","Stems for a later version of ""Chakras"".","Oct 4, 2018",,3:12,130,OG File,Lossless,
Yandhi [V1],"Godzilla
(prod. BONGO ByTheWay & BoogzDaBeast)","Stems for the instrumental for ""Godzilla"", before the song was combined with Alien. Metadata dates this version as September ‎19, ‎2018","Sep 19, 2018",,2:31,139,OG File,Lossless,https://imgur.gg/f/EST70RB
Yandhi [V1],"Godzilla [Sample Stem]
(prod. BONGO ByTheWay & BoogzDaBeast)","OG Filename: HTF Brass 130 Dangerous Stab 01 E
Stem for the sample of ""Godzilla"".","Sep 19, 2018",,2:31,139,OG File,Lossless,https://imgur.gg/f/naohgAZ
Yandhi [V1],"Hurricane
(feat. Ant Clemons, Young Thug & Ty Dolla $ign) (prod. BoogzDaBeast, DJ Khalil, Nascent & RONNY J)
(80 Degrees, Hurricane, Don't Let Me Down)","Stems for the 09.23.18 version of ""Hurricane"", this is the version with Ty$ and Young Thug, also features the first version of Ant's hook.","Sep 23, 2018",,4:21,157.6,OG File,Lossless,https://imgur.gg/f/OQd4xqo
Yandhi [V1],"Hurricane
(ref. 070 Shake) (feat. Ant Clemons & Ty Dolla $ign) (prod. BoogzDaBeast, DJ Khalil, Nascent & RONNY J)
(Don't Let Me Down, Hurricanes, 80 Degrees)","Stems for the 070 Shake reference of ""Hurricane"". Said to exist.","Sep 28, 2018",,4:21,157.6,Confirmed,Not Available,
Yandhi [V1],"Hurricane
(feat. Ant Clemons & Big Sean) (prod. BoogzDaBeast, DJ Khalil, Nascent & RONNY J)
(80 Degrees, Hurricanes, Don't Let Me Down)","Stems for the 10.04.18 version of ""Hurricane"" featuring Ant Clemons on the hook and a verse from Big Sean, as well as Ye's freestyle and ""waverunner"" verses.","Oct 4, 2018",,4:28,157.6,OG File,Lossless,https://imgur.gg/f/LGa0lEA
Yandhi [V1],"Hurricane
(prod. BoogzDaBeast, Cashmere Cat, DJ Khalil, Francis and the Lights, Nascent & RONNY J)
(80 Degrees, Hurricanes, Don't Let Me Down)","Stems for the Cashmere Cat version of ""Hurricane"", has a different beat and a prismized ""Kanye"" hook.","Oct 7, 2018",,2:03,157.6,OG File,Lossless,https://imgur.gg/f/mzyqvpL
Yandhi [V1],"I Love It
(feat. Adele Givens & Lil Pump) (prod. Kanye West, CBMix, DJ Clark Kent & RONNY J)
(Sluts Are Awesome)","Stems to the released version of ""I Love It"".","Sep 12, 2018",,2:27,104,OG File,Lossless,https://imgur.gg/f/4PcluYQ
Yandhi [V1],"Last Name
(feat. Ant Clemons) (prod. BoogzDaBeast, MIKE DEAN & Francis and the Lights)
(Slave Name)","Stems for a solo version of ""Last Name"".","Sep 23, 2018",,3:52,82.6,OG File,Lossless,https://imgur.gg/f/nTEzPA4
Yandhi [V1],"Last Name
(feat. Ant Clemons & E.VAX) (prod. BoogzDaBeast, E.VAX, MIKE DEAN & Francis and the Lights)
(Slave Name)","Stems for the minute long version of ""Last Name"".","Sep 30, 2018",,1:09,82.6,OG File,Lossless,https://imgur.gg/f/IoW7fOX
Yandhi [V1],"New Body
(feat. 6ix9ine) (prod. CuBeatz & RONNY J)","Stems for the 9.22.18 version of ""New Body"", featuring very rough Kanye and 6ix9ine vocals.","Sep 22, 2018",,3:06,95,OG File,Lossless,https://imgur.gg/f/UvDO2aa
Yandhi [V1],"New Body
(feat. Nicki Minaj & Ty Dolla $ign) (prod. CuBeatz & RONNY J)","Stems for the 10.04.18 versions of ""New Body"".","Oct 4, 2018",,2:51,95,OG File,Lossless,"https://imgur.gg/f/YHBrfr7
https://mega.nz/file/ALZhSAbA#PmbVsoK3nfrCdExvFx5Bnt7wgdyH5CWnsbaPEgoNJ6c"
Yandhi [V1],"New Body [Sample Stem]
(prod. CuBeatz)","OG Filename: the little white bird 95bpm
Stem for the sample of ""New Body"".",,,0:20,95,Full,Lossless,https://imgur.gg/f/YoNYYUh
Yandhi [V1],"Sky City
(feat. Ty Dolla $ign, Ant Clemons, Desiigner, 070 Shake & Kid Cudi) (prod. Kanye West, Ty Dolla $ign, BoogzDaBeast, damn james! & MIKE DEAN)
(City in the Sky, Ooh Child)","Stems for the first 10.04.18 version of ""Sky City"".","Oct 4, 2018",,4:18,79,OG File,Lossless,"https://imgur.gg/f/VB1GJJt
https://mega.nz/file/ISIVXawY#JnVqjJouA8IxHDo28TMP1rubODyqtQYDy_15Fs7pD18"
Yandhi [V1],"Sky City
(feat. Ty Dolla $ign, Ant Clemons, Desiigner, 070 Shake & Kid Cudi) (prod. Kanye West, Ty Dolla $ign, BoogzDaBeast, damn james! & MIKE DEAN)
(City in the Sky, Ooh Child)","Stems for an alternate 10.04.18 version of ""Sky City"", with an extended 070 Shake freestyle.","Oct 4, 2018",,4:12,79,OG File,Lossless,"https://imgur.gg/f/pCPcP6j
https://mega.nz/file/APpXkBrI#cIu0GeUvz6hylOKG-Rk7zuXgI8ziGAMrUV4JEArj5AQ"
Yandhi [V1],"The Garden
(feat. Carole Bayer Sager, Ty Dolla $ign & Ant Clemons)
(We'll Find A Way, Garden, Pets)","Stems for a very early version of ""The Garden"".","Sep 23, 2018",,3:00,77,OG File,Lossless,https://imgur.gg/f/yUx2hgT
Yandhi [V1],"The Garden
(feat. Carole Bayer Sager, Ty Dolla $ign, Ant Clemons & The-Dream)
(We'll Find A Way, Garden, Pets)","Stems for a further along version of ""The Garden"".","Oct 4, 2018",,3:48,77,OG File,Lossless,https://imgur.gg/f/uRKCfs4
Yandhi [V1],"We Got Love
(feat. Teyana Taylor & Ms. Lauryn Hill) (prod. Kanye West, BoogzDaBeast, E.VAX & MIKE DEAN)","Stems for the 09.18.18 version of ""We Got Love"".","Sep 18, 2018",,3:41,121.5,OG File,Lossless,
Yandhi [V1],"We Got Love
(feat. Teyana Taylor & Ms. Lauryn Hill) (prod. Kanye West, BoogzDaBeast, E.VAX & MIKE DEAN)","Leaked stems for ""We Got Love"", identical to the 09.18.18 version with the exception of including a recording from a speech by Chicago mayoral candidate Amara Enyia at the end.","Sep 18, 2018",,3:41,121.5,OG File,Lossless,
Yandhi [V1],"XXX
(feat. Kid Cudi, XXXTENTACION, Ty Dolla $ign, Ant Clemons & Francis and the Lights) (prod. RONNY J & MIKE DEAN)
(Everything We Need, Jeet, Leave It In, The Storm, We Begin, We Begin After the Storm Inside)","Stems for the 10.04.18 version of ""XXX"" aka ""The Storm"".","Oct 4, 2018",,3:41,117,OG File,Lossless,https://imgur.gg/f/9tPeXsd
Yandhi [V1],"6ix9ine - Tekken
(feat. Kanye West) (prod. Murda Beatz)
(KANGA, Tekon)","Stems for a version of ""Tekken"", later turned into ""Kanga"" by 6ix9ine.","Sep 23, 2018",,2:46,118,OG File,Lossless,https://imgur.gg/f/sjyuaNl
,Acapellas,,,,,,,,
Yandhi [V1],"I Love It
(feat. Lil Pump)","OG Filename: I LOVE IT MIKE JESS MIX 10 CLEAN ACCAPELLA
Acapella for the clean release of ""I Love It"".","Sep 12, 2019",,2:07,104,OG File,Lossless,https://imgur.gg/f/dXpcWfk
Yandhi [V1],"I Love It
(feat. Lil Pump)","OG Filename: LOVE IT MIKE JESS MIX 10 ACCAPELLA
Acapella for the released ""I Love It"".","Sep 12, 2019",,2:08,104,OG File,Lossless,
Yandhi [V1],"I Love It (Freaky Girl Edit)
(feat. Lil Pump)","OG Filename: I LOVE IT MIKE JESS MIX 10 SUPERCLEAN REV 7 accapella 01-02
Acapella for the released ""I Love It (Freaky Girl Edit)"".","Sep 27, 2019",,2:10,104,OG File,Lossless,https://imgur.gg/f/wUbTEQv
Yandhi [V1],"I Love It (Freaky Girl Edit)
(feat. Lil Pump)","OG Filename: I LOVE IT MIKE JESS MIX 10 SUPERCLEAN REV 3 MASTERED ACCAPELLA 01-02
Acapella for ""I Love It (Freaky Girl Edit)"" with alternate censoring.","Sep 14, 2019",,2:07,104,OG File,Lossless,https://imgur.gg/f/0rZjUls
Yandhi [V1],"Last Name
(Slave Name)","OG Filename: SM58-2 01
Acapella for a new freestyle of ""Last Name"". Metadata shows the file was exported 2018-09-29 at 09:38:53AM.","Sep 29, 2018","Mar 17, 2024",3:54,82.6,OG File,Lossless,https://imgur.gg/f/k2TYP38
Yandhi [V1],"New Body [6ix9ine Vocal Stem]
(feat. 6ix9ine) (prod. RONNY J)","An acapella version of 6ix9ine's chorus on ""New Body"". Has a lot of empty room for the verses and beat and a RONNY J tag.",,,3:01,95,Full,CD Quality,https://imgur.gg/f/Jc9crKA
,Instrumentals,,,,,,,,
Yandhi [V1],"124th
(prod. Brodinski)","OG Filename: 124th 120
Instrumental for one of the Yandhi freestyles, produced by Brodinski.",,,1:28,120,OG File,CD Quality,
Yandhi [V1],"124th
(prod. Brodinski)","OG Filename: 01 Brodi - 124th More Cowbell
Same as the above, but with more cowbells.",,,1:28,120,OG File,CD Quality,
Yandhi [V1],AC4,"Instrumental for ""AC4"".",,,1:00,130,Full,Lossless,https://imgur.gg/f/suZxN8a
Yandhi [V1],"Space X / Alien
(prod. BONGO ByTheWay, BoogzDaBeast, FnZ & RONNY J)
(Alien, Godzilla, Allien, ALN, Aliens)","Instrumental for the 09.28.18 version of ""Alien"".","Sep 28, 2018",,3:30,139/130,Full,CD Quality,
Yandhi [V1],"Alien 
(feat. Ant Clemons) (prod. Andrew Dawson, BONGO ByTheWay, BoogzDaBeast, FnZ & RONNY J)
(Space X / Alien, Godzilla)","OG Filename: ALLIEN AD.2 chop mod ant intro
Instrumental to Migos' version of ""Alien"", exact file found on Enya's 10.01.18 Yandhi tracklist.","Sep 29, 2018",,3:30,139/130,OG File,CD Quality,https://imgur.gg/f/pQiLoSY
Yandhi [V1],"Space X / Alien
(feat. Ant Clemons) (prod. Andrew Dawson, BONGO ByTheWay, BoogzDaBeast, FnZ & RONNY J)
(Alien, Godzilla, Allien, ALN, Aliens)","Open verse version of ""Space X / Alien"".","Oct 4, 2018",,3:30,139/130,Full,CD Quality,https://imgur.gg/f/T87Ql2d
Yandhi [V1],"All Blue Don C's
(prod. Jeff)
(Strapped Steph Curry, All New Don C's)","Instrumental for the 9.22.18 version of ""All Blue Don C's"".","Sep 22, 2018",,2:38,135,Full,CD Quality,https://imgur.gg/f/l0Wkbev
Yandhi [V1],"Bad People
(prod. Kanye West, BoogzDaBeast & Noah Goldstein)
(White Label)","OG Filename: Bad People INST 6.14.18 
Instrumental for a version of ""Bad People"".","Jun 14, 2018",,3:40,76,OG File,High Quality,https://imgur.gg/f/e6jMNJe
Yandhi [V1],"Bellair
(prod. FnZ & RONNY J)
(Bye Bye Baby, Big Booty Bitch)","OG Filename: Bellair_znf
Instrumental for the first version of ""Bye Bye Baby"" before vocals were recorded for the song.",,,2:11,84,OG File,CD Quality,https://imgur.gg/f/Eltllu2
Yandhi [V1],"Bye Bye Baby
(prod. E.VAX & RONNY J)
(Bellair, Big Booty Bitch)","Instrumental for the 09.27.18 version of ""Bye Bye Baby"".","Sep 27, 2018",,2:14,84,OG File,CD Quality,https://imgur.gg/f/dBt2go3
Yandhi [V1],"Bye Bye Baby
(prod. E.VAX & RONNY J)
(Bellair, Big Booty Bitch)","Instrumental for the 10.01.18 version of ""Bye Bye Baby"", produced by E.VAX.","Oct 1, 2018",,2:22,84,OG File,CD Quality,https://imgur.gg/f/0hxfGoD
Yandhi [V1],"Bye Bye Baby
(prod. E.VAX & RONNY J)
(Bellair, Big Booty Bitch)","Same as the instrumental above, but dated 10.04.18.","Oct 4, 2018",,2:22,84,OG File,CD Quality,https://imgur.gg/f/0hxfGoD
Yandhi [V1],"Exctacty
(prod. Kanye West & Andrew Dawson)
(XTCY, Extacy)","OG Filename: Exctacty 08.10.18 INSTRUMENTAL
Instrumental for ""Exctacty"" bounced in August 10th, 2018.","Aug 10, 2018","May 18, 2024",3:00,94,OG File,CD Quality,https://imgur.gg/f/sKIm8pk
Yandhi [V1],"Hurricane
(prod. BoogzDaBeast, DJ Khalil, Nascent & RONNY J)
(80 Degrees, Hurricane, Don't Let Me Down)","OG Filename: Hurricane 09.23.18 [INST 157.6bpm]
Instrumental for the 09.23.18 version of ""Hurricane"".","Sep 23, 2018",,4:21,157.6,OG File,CD Quality,https://imgur.gg/f/OQd4xqo
Yandhi [V1],"Hurricane
(prod. BoogzDaBeast, DJ Khalil, Nascent & RONNY J)
(80 Degrees, Hurricanes, Don't Let Me Down)","OG Filename: Hurricane 09.30.18 [INST]
Instrumental for the 09.30.18 version of ""Hurricane"".","Sep 30, 2018",,4:27,157.6,OG File,CD Quality,https://imgur.gg/f/Tkm9BGU
Yandhi [V1],"I Love It
(prod. Kanye West, CBMix, DJ Clark Kent & RONNY J),","OG Filename: I LOVE IT MIKE JESS MIX 10 INSTRUMENTAL
Instrumental for ""I Love It"".","Sep 12, 2019",,2:07,104,OG File,Lossless,
Yandhi [V1],"I Love It (Freaky Girl Edit)
(prod. Kanye West, CBMix, DJ Clark Kent & RONNY J)","OG Filename: I LOVE IT MIKE JESS MIX 10 SUPERCLEAN REV 7 instrumental 03-03
Instrumental for the clean edit of ""I Love It"".","Sep 27, 2019",,2:05,104,OG File,Lossless,https://imgur.gg/f/Nnrjm7r
Yandhi [V1],"Wally Wilder
(prod. BoogzDaBeast & MIKE DEAN)
(Last Name, Slave Name)","OG Filename: BOOGZ and MIKE DEAN Beat md _wally wilder refernce mix
First version of the instrumental for the song.","Sep 19, 2018",,3:38,82.6,OG File,CD Quality,https://imgur.gg/f/eUzZfl8
Yandhi [V1],"Last Name
(prod. BoogzDaBeast, MIKE DEAN & Francis and the Lights)
(Slave Name)",Instrumental for an unknown version. Has different drums. Snippet leaked 7/27/24.,,,,82.6,Snippet,High Quality,https://imgur.gg/f/deNMQJC
Yandhi [V1],"New Body
(prod. CuBeatz & Ronny J)","Instrumental for the 09.24.18 version of ""New Body"".","Sep 24, 2018",,3:01,95,OG File,CD Quality,https://imgur.gg/f/36xmWIM
Yandhi [V1],"Sky City
(prod. Kanye West, Ty Dolla $ign, BoogzDaBeast, damn james! & MIKE DEAN)
(City in the Sky, Ooh Child)","Open verse for the 09.29.18 version of ""Sky City"".","Sep 29, 2018",,3:47,79,OG File,CD Quality,https://imgur.gg/f/1SpuvCJ
Yandhi [V1],"The Chakra
(prod. BoogzDaBeast & Caroline Shaw)
(I Love It (Remix), Chakras, HYPE AF, Selah, Good Morning)","Instrumental for the 9.22.18 version of ""The Chakra"".","Sep 22, 2018",,2:09,130,OG File,Lossless,https://imgur.gg/f/byiLvxS
Yandhi [V1],"The Garden
(We'll Find A Way, Garden, Pets)","OG Filename: THE GARDEN Pets jam2A jl 9-7
Cut down version of the ""Pets"" jam that was used as a base for ""The Garden"". ","Sep 8, 2018",,3:00,77,OG File,CD Quality,
Yandhi [V1],"The Garden
(feat. Ant Clemons)
(We'll Find A Way, Garden, Pets)",Instrumental for Garden dated 10.04.18. Has Ant Clemons vocals halfway through that probably didn't get muted when bouncing the file.,"Oct 4, 2018",,3:50,76,OG File,CD Quality,https://imgur.gg/f/JgNu71W
Yandhi [V1],"The Storm
(prod. Ronny J)
(Everything We Need, Jeet, Leave It In, XXX, We Begin, We Begin After the Storm Inside)","Instrumental for the 9.22.18 version of ""The Storm"".","Sep 22, 2018",,2:31,117,OG File,CD Quality,https://imgur.gg/f/h1MyKUe
Yandhi [V1],"XXX
(prod. Ronny J & MIKE DEAN)
(Everything We Need, Jeet, Leave It In, The Storm, We Begin, We Begin After the Storm Inside)","Instrumental for the 10.04.18 version of ""The Storm"".","Oct 4, 2018",,3:02,117,OG File,CD Quality,https://imgur.gg/f/h2zp3Rx
Yandhi [V1],"We Got Love
(prod. Kanye West, BoogzDaBeast, E.VAX & MIKE DEAN)","Instrumental for ""We Got Love"".","Sep 23, 2018",,3:41,121.5,OG File,CD Quality,https://imgur.gg/f/Fjnaruo
Yandhi [V1],"6ix9ine - MAMA
(prod. Murda Beatz & Sool Got Hits)",Instrumental to 'MAMA' by 6ix9ine featuring Nicki Minaj & Kanye West. Instrumental is a from a demo.,,,1:42,160,OG File,CD Quality,https://imgur.gg/f/TEWF2c3
Yandhi [V1],"⁉️ 6ix9ine - Tekken 
(prod. Murda Beatz)
(KANGA, Tekon)","Leaked instrumental for the 09.08.18 version of ""Tekken"".","Sep 8, 2018",,2:48,118,OG File,CD Quality,Link Needed
Yandhi [V1],"6ix9ine - Tekken 
(prod. Murda Beatz)
(KANGA, Tekon)","Instrumental for the 09.09.18 version of ""Tekken"".","Sep 9, 2018",,2:04,118,OG File,High Quality,https://imgur.gg/f/Q46oaJc
,Live Stems,,,,,,,,
Yandhi [V1],"Ghost Town (Live at SNL)
(feat. Kid Cudi & 070 Shake)","Leaked stems for the SNL performance of ""Ghost Town"".",,,3:14,83.4,OG File,Lossless,https://imgur.gg/f/cMzBTfW
Yandhi [V1],"I Love It (Live at SNL)
(feat. Lil Pump)","Leaked stems for the SNL performance of ""I Love It"".
Includes alternate censored lyrics.",,,2:26,104,OG File,Lossless,https://imgur.gg/f/le6IZMR
Yandhi [V1],"We Got Love (Live at SNL)
(feat. Teyana Taylor)","Leaked stems for the SNL performance of ""We Got Love"".",,,4:15,121.525,OG File,Lossless,https://imgur.gg/f/pxQkZBD
,TV Tracks,,,,,,,,
Yandhi [V1],"I Love It
(feat. Lil Pump)","OG Filename: LOVE IT MIKE JESS MIX 10 EXPLICIT TV TRACK
TV track for ""I Love It"".","Sep 12, 2018",,2:08,104,OG File,Lossless,
Yandhi [V1],"I Love It
(feat. Lil Pump)","OG Filename: I LOVE IT MIKE JESS MIX 10 SUPERCLEAN REV 7 MASTERED TV TRACK
TV track for ""I Love It"".","Sep 27, 2018",,2:06,104,OG File,Lossless,
Yandhi [V1],"I Love It
(feat. Lil Pump)","OG Filename: I LOVE IT MIKE JESS MIX 10 SUPERCLEAN REV 7 MASTERED TV NO PUMP NO YE LEADS OR COMEDY 05-02
TV track for ""I Love It"".","Sep 28, 2018",,2:06,104,OG File,Lossless,
Yandhi [V1],"I Love It
(feat. Lil Pump)","OG Filename: I LOVE IT MIKE JESS MIX 10 SUPERCLEAN REV 7 MASTERED TV NO PUMP NO YE LEADS
TV track for ""I Love It"".","Sep 28, 2018",,2:05,104,OG File,Lossless,https://imgur.gg/f/OZEudOn
Yandhi [V1],"I Love It (Remix)
(feat. Caroline Shaw & The-Dream) (prod. Andrew Dawson, BoogzDaBeast & Caroline Shaw)
(Chakras, HYPE AF, Selah, Good Morning, The Chakra)","OG Filename: BOOGZ [HOOK+INST]-NAS - CARO-PIANO CHOP-130 bpm
TV track for ""Chakras"".","Sep 19, 2018","Jun 4, 2024",2:09,130,OG File,Lossless,https://imgur.gg/f/6XkJTnm
Yandhi [V1],"We Got Love
(feat. Teyana Taylor & Ms. Lauryn Hill) (prod. Kanye West, BoogzDaBeast, E.VAX & MIKE DEAN)","OG Filename: WE GOT LOVE MIKE DEAN JESS MIX 1 rough tv track (mix not finished last note optional)
TV track for ""We Got Love"".","Sep 27, 2018",,3:59,121.525,OG File,Lossless,
Yandhi [V1],"We Got Love
(feat. Teyana Taylor & Ms. Lauryn Hill) (prod. Kanye West, BoogzDaBeast, E.VAX & MIKE DEAN)","OG Filename: WE GOT LOVE TV TRACK NO LEADS
TV track for ""We Got Love"".","Sep 28, 2018",,3:59,121.525,OG File,Lossless,
Yandhi [V1],"We Got Love
(feat. Teyana Taylor & Ms. Lauryn Hill) (prod. Kanye West, BoogzDaBeast, E.VAX & MIKE DEAN)","OG Filename: WE GOT LOVE TV TRACK WITH TEYANA LEADS ONLY
TV track for ""We Got Love"". Has only Teyana Taylor's leads.","Sep 28, 2018",,3:59,121.525,OG File,Lossless,
,Yandhi [V2],"(11/13/2018) (Kanye delays Yandhi again after performing at Camp Flog Gnaw)
(04/21/2019) (Kanye performs at Coachella with Sunday Service Choir)",,,"After Kanye delayed Yandhi indefinitely, he began working with record producer Timbaland to create ""more healing music"" for the album. Shortly after the announcement of the delay, Kanye underwent a sudden and dramatic conversion towards born-again evangelical Christianity, debuting the Sunday Service Choir at the start of 2019. The creation of the choir coincided with the songs on Yandhi taking a new Christian lyrical focus. Eventually, the album would morph into the thoroughly Christian JESUS IS KING by mid-2019.",,,,
,Stem Player Stems,,,,,,,,
Yandhi [V2],"The Garden
(feat. Slim, Sunday Service Choir & Ty Dolla $ign)","Version of ""The Garden"" intended for release on the Stem Player.",,"Dec 12, 2024",1:26,112,Full,High Quality,https://imgur.gg/f/pRhVqlx
,Sessions,,,,,,,,
Yandhi [V2],"All Dreams Real
(prod. Calabasas, Mark Byrd, Phil Blackman & Team Timbo)
(The G.O.O.D Ole Days)","Session containing full beat stems for ""All Dreams Real"" from March 7th, 2019.","Mar 7, 2019",,3:34,80.5,OG File,Lossless,https://imgur.gg/f/lsWPpgm
Yandhi [V2],"Cash To Burn
(prod. AllDay, Timbaland, Team TImbo, Andy C & BoogzDaBeast)","OG Filename: Jam 4 (Cash To Burn) BEAT-1 Project
Ableton session seen in a leaked photo from Consequence's camera roll.",,,,85.1,Confirmed,Not Available,https://ibb.co/ZpCXGHxr
Yandhi [V2],"Cash To Burn
(prod. AllDay, Timbaland, Team TImbo, Andy C & BoogzDaBeast)","OG Filename: Cash to Burn VOX Project
Ableton session seen in a leaked photo from Consequence's camera roll.",,,,85.1,Confirmed,Not Available,https://ibb.co/ZpCXGHxr
Yandhi [V2],"YNW Melly - Mixed Personalities
(prod. BoogzDaBeast, C-ClipBeatz, Federico Vindver & Timbaland)","The full stem session for a version of ""Mixed Personalities"". Previously thought to be lost, the stems were re-leaked in June 2022. Also includes a version from November 27th, 2019.","Dec 13, 2018",,,150,OG File,Lossless,"https://drive.google.com/drive/folders/1yh_upGWt4mTeXqwXuT_WWS4-51evUIZW?usp=sharing"
,Studio Stems,,,,,,,,
Yandhi [V2],"Aliens
(feat. Ant Clemons) (prod. BONGO ByTheWay, BoogzDaBeast, FnZ, RONNY J, Team Timbo & Timbaland)
(Space X / Alien, Godzilla)","Stems for ""Aliens"" that leaked alongside the song.","Dec 21, 2018",,2:23,139 & 130,OG File,Lossless,https://imgur.gg/f/gFKf1RF
Yandhi [V2],"Aliens [Beat Stems]
(Space X / Alien, Godzilla, Alien)","OG Filename: Aliens (New Drums 02.26.2019)
Beat stems for a version of ""Aliens"" from February 2019, with different drums.","Feb 26, 2019","Jun 27, 2022",2:27,130,OG File,Lossless,
Yandhi [V2],"All Dreams Real
(prod. Calabasas, Mark Byrd, Phil Blackman & Team Timbo)
(The G.O.O.D Ole Days)","Stems for ""All Dreams Real"". Comprised of the acapella, instrumental, adlibs, and some effects.","Dec 21, 2018",,3:18,80.5,OG File,Lossless,https://imgur.gg/f/P9zc4KW
Yandhi [V2],"Bipolar
(prod. Wheezy)
(Go2DaMoon)","OG Filename: ye ' BIPOLAR stems
Original version of ""Go2DaMoon"", originating within the Wyoming sessions.","Dec 18, 2018",,2:10,147,OG File,Lossless,https://imgur.gg/f/jh4UpPc
Yandhi [V2],"Cash To Burn
(ref. Ant Clemons) (prod. AllDay, Timbaland, Team TImbo, Andy C & BoogzDaBeast)","Stems for ""Cash To Burn"" that leaked alongside the song.","Dec 20, 2018",,2:21,85.1,OG File,Lossless,https://imgur.gg/f/UNl4n9n
Yandhi [V2],"Freak
(ref. Ant Clemons) (prod. Andy C, Angel Lopez, BoogzDaBeast, Federico Vindver & Timbaland)","OG Filename: FREAKS Timbaland TeamTimbo Boogz 12.20.18 105bpm
Stems for ""Freak"". Leaked as a bonus for the JESUS IS KING Bundle groupbuy. Sample is included in the acapella stem, but can be inverted for a clean Ant Clemons acapella.","Dec 20, 2018",,2:05,105,OG File,Lossless,https://imgur.gg/f/Q1CgzbW
Yandhi [V2],"Home
(ref. Ant Clemons) (prod. BoogzDaBeast, FnZ, Mickey Alexander, Team Timbo & Timbaland)
(Follow The Light)","OG Filename: Home Timbaland TeamTimbo Boogz 138bpm 12.21.18
Stems for ""Home"". Leaked as a bonus for the JESUS IS KING Bundle groupbuy.","Dec 21, 2018",,2:29,138,OG File,Lossless,https://imgur.gg/f/US3cSjW
Yandhi [V2],"Law Of Attraction
(feat. Ant Clemons) (prod. DRTWRK, Team Timbo, BoogzDaBeast & Ant Clemons)
(You Don't Know, Bad Taste, Use This Gospel, Breastplate Of Righteousness, Breastplate Of Right, Grab Your Armour For Protection)","Stems for ""Law Of Attraction"" that leaked alongside the song.","Dec 21, 2018",,3:21,148,OG File,Lossless,https://imgur.gg/f/yxMXTZS
Yandhi [V2],"Selah
(feat. Sunday Service Choir)","OG Filename: Seleh 130bpm - Stems 02.25.19
Stems for ""Selah"". Leaked as part of the JESUS IS KING Bundle groupbuy.","Feb 25, 2019",,3:13,130,OG File,Lossless,https://imgur.gg/f/v3pDmSs
Yandhi [V2],"Spread Your Wings
(prod. AllDay, Angel Lopez, Federico Vindver & Timbaland)
(Spread My Wings, Off The Meds, Get Back)","Stems for ""Spread Your Wings"" that leaked alongside the song.","Dec 21, 2018",,2:32,74.1,OG File,Lossless,
Yandhi [V2],"The Storm
(feat. XXXTENTACION, Ty Dolla $ign, Ant Clemons & Francis and the Lights) (prod. FnZ, E.VAX, Ronny J, MIKE DEAN, Team Timbo & Timbaland)
(Everything We Need, Jeet, Leave It In, XXX, We Begin, We Begin After the Storm Inside)","Stems for ""The Storm"" that leaked alongside the song. You can faintly hear the instrumental to ""Yes Indeed"" by Lil Baby on XXXTENTACION's acapella, proving that his verse originated as a ""Yes Indeed"" freestyle.","Dec 21, 2018",,2:48,117,OG File,Lossless,https://imgur.gg/f/R24yAaX
,Acapellas,,,,,,,,
Yandhi [V2],Echelon,"OG Filename: (8751) DRT ECHELON 130bpm (Kosine) ACC.
Acapella for ""Echelon"".","Dec 19, 2018",,5:02,130,OG File,Lossless,
Yandhi [V2],"lifeoftheloop
(Life Of The Party, The Seraphim)","OG Filename: IMG_4249
Acapella from a mumble ""Life Of The Party"" version. Individual left + right files have been combined.","Apr 5, 2019",,2:42,79,Full,Lossless,https://imgur.gg/f/hAO6I3b
Yandhi [V2],Photo,"OG Filename: Kanye 1-Photo 84BPM (Kanye 1-Photo 84BPM vox)
Full acapella to ""Photo"". Leaked after a successful JoeBuy Fya Man's ""Flowers"" reference.",,,2:28,84,OG File,Lossless,
Yandhi [V2],"Soul Children
(Thank You)","OG Filename: Boogz x Ye - Soul Children acca - stem
Acapella for ""Soul Children"" leaked as a part of the JESUS IS KING Bundle groupbuy.","Apr 6, 2019",,3:23,124,OG File,Lossless,
Yandhi [V2],"The Garden [Alternate Slim Vocal Stem]
(feat. Slim, Sunday Service Choir & Ty Dolla $ign)","OG Filename: The Garden 106 - Slim BG Stem w oooh
Full acapella for Slim's background vocals in ""The Garden"" with the ""Oohs"" grouped in. Leaked as a part of the JESUS IS KING Bundle groupbuy.","Mar 29, 2019",,1:30,106,OG File,Lossless,https://imgur.gg/f/yg5LlCR
Yandhi [V2],"The Garden [Slim Vocal Stem]
(feat. Slim, Sunday Service Choir & Ty Dolla $ign)","OG Filename: The Garden 106 - Slim BG Stem
Acapella for Slim's background vocals in ""The Garden"". Leaked as a part of the JESUS IS KING Bundle groupbuy.","Mar 29, 2019",,1:30,106,OG File,Lossless,https://imgur.gg/f/7Xf0al1
Yandhi [V2],"The Garden [Ty Dolla $ign Vocal Stem]
(feat. Slim, Sunday Service Choir & Ty Dolla $ign)","OG Filename: Ty Chop w FX
Acapella for the two seconds of Ty Dolla $ign vocals on the March 2019 version of ""The Garden"".","Apr 3, 2019",,1:30,106,OG File,Lossless,https://imgur.gg/f/ozGkV1L
Yandhi [V2],"YNW Melly - Mixed Personalities
(feat. Kanye West)","Full acapella to ""Mixed Personalities"" by YNW Melly.",,,3:48,150,Full,High Quality,https://imgur.gg/f/uBEu1Z8
,Instrumentals,,,,,,,,
Yandhi [V2],"All Dreams Real
(prod. Andrew Dawson, Calabasas, Mark Byrd, Phil Blackman & Team Timbo)
(The G.O.O.D Ole Days)","OG Filename: All Dreams Real (AD Chords_TeamTimbo)
Instrumental for ""All Dreams Real"".",,"Oct 29, 2023",3:22,80.5,OG File,CD Quality,https://pixeldrain.com/u/LE7E29Ad
Yandhi [V2],"Bag
(prod. Angel Lopez & Timbaland)","OG Filename: (8497) INST. Tim x Angel bagg new 134bpm
Instrumental for the original ""Bag"" freestyle.","Dec 16, 2018",,2:37,134,OG File,Lossless,https://imgur.gg/f/eIM2Az5
Yandhi [V2],Biscanye,"OG Filename: (8485) INST. Biscanye 6 132bpm
Instrumental for ""Biscanye"".","Dec 16, 2018",,1:56,132,OG File,Lossless,https://imgur.gg/f/Hwuet6f
Yandhi [V2],Christ,"Instrumental for ""Christ"". Seemingly different/more developed than the one that leaked.",,,0:36,160,OG File,Lossless,"https://imgur.gg/f/IF6FQh2
Lossless Needed"
Yandhi [V2],"Color 1
(prod. Timbaland)","OG Filename: color 1 124.53bpm
Instrumental for ""Color 1"".",,"Jun 10, 2026",0:46,124.53,OG File,CD Quality,https://imgur.gg/f/RAM2hiM
Yandhi [V2],"Echelon
(prod. DRTWRK & Kosine)","OG Filename: (8751) INST. DRT ECHELON 130bpm
Instrumental for the initial ""Echelon"" freestyle.","Dec 16, 2018",,1:58,130,OG File,Lossless,https://imgur.gg/f/stqWjjr
Yandhi [V2],"Echelon
(prod. DRTWRK & Kosine)","OG Filename: (8751) DRT ECHELON 130bpm (Kosine) INST.
Instrumental for Kosine's version of ""Echelon"".","Dec 19, 2018",,5:02,130,OG File,Lossless,
Yandhi [V2],End Of It,"Instrumental for ""End Of It"". Seemingly more developed than other versions.",,,1:39,126,OG File,Lossless,https://imgur.gg/f/b6xKdt2
Yandhi [V2],Heights,"OG Filename: (8755) HEIGHTS MIA INST. 142bpm
Instrumental for ""Heights"".","Dec 16, 2018",,2:15,142,OG File,Lossless,https://imgur.gg/f/f69UAXr
Yandhi [V2],Hold Me Down,"OG Filename: Hold Me Down INST. (Tom Raider 6 87.59bpm)
Instrumental for ""Hold Me Down"".","Dec 16, 2018",,1:30,87.59,OG File,Lossless,https://imgur.gg/f/9yg623O
Yandhi [V2],Homestead,"OG Filename: (8759) HOMESTEAD MIA INST. 146bpm
Instrumental for ""Homestead"".","Dec 16, 2018",,1:45,146,OG File,Lossless,https://imgur.gg/f/6Zc0Ga8
Yandhi [V2],IG,"OG Filename: (8496) IG INST. - 10 RUN 1 132bpm
Instrumental for ""IG"".","Dec 16, 2018",,2:32,132,OG File,Lossless,https://imgur.gg/f/C5NlcXN
Yandhi [V2],Joyride,"OG Filename: (9107) Joyride 11 INST. 116bpm
Instrumental for ""Joyride"".","Dec 16, 2018",,2:12,116,OG File,Lossless,https://imgur.gg/f/zgOc90G
Yandhi [V2],"Lil Floyd 1
(prod. Timbaland)","OG Filename: lil floyd 1 redo 127.60
Instrumental for ""Lil Floyd 1"".",,"Jun 10, 2026",1:30,127.6,OG File,CD Quality,https://imgur.gg/f/0RXayMb
Yandhi [V2],"Ozark
(prod. Timbaland)
(Ozarka)","Instrumental for ""Ozark"". Seemingly more developed than other versions.",,,1:03,137,OG File,Lossless,https://imgur.gg/f/Kx18oTE
Yandhi [V2],"Photo
(prod. Timbaland)","OG Filename: Kanye 1-Photo 84BPM (Kanye 1-Photo 84BPM BEAT)
Full instrumental to ""Photo"". Leaked after a successful JoeBuy.",,,2:28,84,OG File,Lossless,https://imgur.gg/f/KFYCEUg
Yandhi [V2],"Soul Children
(prod. BoogzDaBeast)
(Thank You)","OG Filename: Boogz x Ye - Soul Children inst - stem
Instrumental for ""Soul Children"". Leaked as a part of the JESUS IS KING Bundle groupbuy.","Apr 6, 2019",,3:23,124,OG File,Lossless,https://imgur.gg/f/CmHtWMV
Yandhi [V2],"Tom Raider 2
(prod. Timbaland)","OG Filename: (8503) INST. Tom Raider 2 97.5bpm
Instrumental for ""Tom Raider 2"".","Dec 16, 2018",,2:27,97.5,OG File,Lossless,https://imgur.gg/f/qt9OcUK
Yandhi [V2],Tom Raider 4,"OG Filename: (video 8502) INSTR. tom raider 4 86.86bpm
Instrumental for ""Tom Raider 4"".","Dec 16, 2018",,1:03,86.86,OG File,Lossless,https://imgur.gg/f/N2YQhGN
Yandhi [V2],"Unhomme
(prod. AllDay)
(Baptized, Every Knee Shall Bow, Jesus Is Lord)","OG Filename: Allday x Ye - Unhomme inst
Instrumental for the ""Unhomme"" freestyle.","Apr 6, 2019","Dec 12, 2024",2:31,78.8,OG File,CD Quality,
Yandhi [V2],"AllDay - ???
(prod. AllDay)
(Joicing)","OG Filename: Allday_1311
Initial instrumental for ""Joicing"". Likely made several days or more before the freestyle session.",0:40,"Jun 17, 2026",0:40,,OG File,High Quality,
Yandhi [V2],"YNW Melly - Mixed Personalities
(prod. BoogzDaBeast & C-ClipBeatz)","Full instrumental to ""Mixed Personalities"" by YNW Melly. Uploaded to Hipstrumentals.",,,3:48,150,Full,CD Quality,
,"JESUS IS KING
(Christ Jesus)","(04/21/2019) (Kanye performs at Coachella with Sunday Service Choir)
(10/25/2019) (JESUS IS KING officially releases)
(10/31/2019) (JESUS IS KING receives its last update)",,,"Following a revelation on Easter 2019 at Coachella, Kanye scrapped Yandhi and reworked it to focus on God and Christianity. This album ended up being JESUS IS KING. After a private listening party in Detroit, Kim Kardashian announced that the album would release on Sunday, September 29, following listening parties in Chicago and New York. It didn't, and there were no updates for almost a month. On October 20, 2019, Kanye suddenly reappeared on Twitter to announce the final release date.",,,,
,Stem Player Stems,,,,,,,,
JESUS IS KING,JESUS IS KING,Official 4 track JESUS IS KING stems from the Stem Player.,,,27:04,Varied,Full,Lossless,https://imgur.gg/f/qxUtA1e
JESUS IS KING,Wake The Dead,"Version of ""Wake The Dead"" intended for released on the Stem Player. Ye's vocals are AI extracted most likely because the bleed sample was not cleared and to avoid getting sued, AI extraction was used.",,"Dec 12, 2024",2:26,82,Full,High Quality,https://imgur.gg/f/oQIq6v1
,Sessions,,,,,,,,
JESUS IS KING,"Baptized
(Every Knee Shall Bow, Jesus Is Lord, Unhomme)","OG Filename: Baptized Project
Session for an early version of ""Jesus Is Lord"", however it is basically empty.","Jul 24, 2019",,,78.8,OG File,Lossless,https://imgur.gg/f/SFqxzfc
JESUS IS KING,"Freestyle 11
(ref. Sean Leon) (prod. Timbaland, Federico Vindver & Angel Lopez)
(Ozark 10)","OG Filename: Freestyle 11
Sessions for the Sean Leon ""Freestyle 11"" reference track alongside the original Kanye version. Has multiple PTX files.","Aug 12, 2019",,Varied,130,OG File,Lossless,https://imgur.gg/f/to3laas
JESUS IS KING,"Selah 
(prod. Kanye West, E.VAX, BoogzDaBeast, Federico Vindver, benny blanco & Francis and the Lights)
(I Love It (Remix), Chakras, HYPE AF, Good Morning, The Chakra)","OG Filename: SELAH Evan Version PT
Sessions for E.VAX ""Selah"" and ""Chakras"". Has many versions. File was last worked on September 1st 2019, but has files from September 2018.","Sep 1, 2019",,,130,OG File,Lossless,https://imgur.gg/f/AfWT4Ap
JESUS IS KING,"Selah 
(ref. Olskool Ice-Gre) (prod. Kanye West, E.VAX, BoogzDaBeast, Federico Vindver, benny blanco & Francis and the Lights)
(I Love It (Remix), Chakras, HYPE AF, Good Morning, The Chakra)","OG Filename: Copy of Selah - 10.22.19 Greg ref
Session for a reference version of ""Selah"" by Olskool Ice-Gre.","Oct 22, 2019",,3:03,130,OG File,Lossless,https://imgur.gg/f/sfxTKBz
JESUS IS KING,"Sunday
(Closed on Sunday)","OG Filename: Sunday Project
Session for an early version of ""Closed On Sunday"".","Jul 21, 2019",,,98,OG File,Lossless,
JESUS IS KING,"Sweet Jesus
(feat. Sunday Service Choir & Federico Vindver)
(Belt Of Truth, Jesus Sweet Jesus)","OG Filenames: SWEET JESUS CHOIR + BASS
Sessions for ""Sweet Jesus"" included in the JESUS IS KING bundle groupbuy. Also includes stems.","Jul 23, 2019",,,83,OG File,Lossless,
JESUS IS KING,"Sweet Jesus
(feat. Sunday Service Choir & Federico Vindver)
(Belt Of Truth, Jesus Sweet Jesus)","OG Filenames: Sweet Jesus Project 
Sessions for ""Sweet Jesus"" included in the JESUS IS KING bundle groupbuy.","Aug 20, 2019",,,83,OG File,Lossless,
JESUS IS KING,Wake The Dead,"Sessions for ""Wake The Dead"".","Jul 22, 2019",,2:20,82,OG File,Lossless,https://imgur.gg/f/DJ5yAJ2
JESUS IS KING,"Ty Dolla $ign - Ego Death
(feat. Kanye West, FKA twigs & serpentwithfeet) (prod. Skrillex & BoogzDaBeast)","OG Filename: EGO DEATH NEW SKRIL 1.2 Project
Stems for a 4.20.19 version of ""Ego Death"", later revealed to be a May 13th copy of the stems for an unknown reason. Leaked as a bonus for the ""Don't Jump"" Soakbuy finishing early.","May 13, 2019","Feb 22, 2025",3:49,111,OG File,Lossless,https://imgur.gg/f/vuHbtf4
,Studio Stems,,,,,,,,
JESUS IS KING,JESUS IS KING,"A lot of folders containing stems for a version of nearly every JESUS IS KING song and a couple throwaways, leaked in September 2021. Full folder here for ease of download. Several song folders for unleaked songs were removed by the leaker. This likely includes ""Glory"", ""Wake The Dead"", ""In The Morning"", and possibly ""Through The Valley"" or ""New Body"".",Varied,"Sep 25, 2021",,Varied,Partial,Lossless,"https://imgur.gg/f/GBGvr9e
https://drive.google.com/drive/folders/1SugfZW4psd3g81Uvl6DyFT4wcgJfM6LA?usp=sharing"
JESUS IS KING,"Breastplate [Vocals Only]
(feat. Sunday Service Choir, Victory & Federico Vindver)
(Bad Taste, Breastplate Of Right, Use This Gospel, Law of Attraction, Grab Your Armour For Protection, Breastplate Of Righteousness)","OG Filename: Breastplate FILES
Breastplate Of Righteousness stems that only consist of the vocals.","Aug 16, 2019",,3:11,148,OG File,Lossless,https://imgur.gg/f/Pc9kTrd
JESUS IS KING,"Beauty To Ashes
(The Glade, Beauty From Ashes, Up From The Ashes, Ashes)","Leaked studio quality stems for ""Beauty To Ashes"", leaked in June 2021.",,,2:50,148,OG File,Lossless,"https://drive.google.com/drive/folders/1e1EN0Np6MFjZPmDAyeH8-SghS9_FdKMI"
JESUS IS KING,"Closed On Sunday
(prod. Kanye West, Angel Lopez, Brian ""AllDay"" Miller, Federico Vindver & Timbaland)
(Sunday)","Leaked studio quality stems for ""Closed On Sunday"", leaked in June 2021.",,,2:33,98,OG File,Lossless,"https://imgur.gg/f/IeDQcQr
https://drive.google.com/drive/folders/1QMRz6ukHGgUBqym3KyKnctAq8Ty_H6pA"
JESUS IS KING,"Every Hour
(feat. Sunday Service Choir) (prod. Kanye West, Budgie & Federico Vindver)","Leaked CD quality stems for an early version of ""Every Hour"".","Oct 23, 2019","Sep 25, 2021",1:52,77,OG File,CD Quality,
JESUS IS KING,"Everything We Need
(feat. Ty Dolla $ign & Ant Clemons) (prod. Kanye West, FnZ, Ronny J, BoogzDaBeast, Federico Vindver & MIKE DEAN)
(Jeet, Leave It In, The Storm, XXX, We Begin, We Begin After the Storm Inside)","Leaked CD quality stems for an early version of ""Everything We Need"".","Oct 22, 2019","Sep 25, 2021",1:56,117,OG File,CD Quality,
JESUS IS KING,"Follow God
(prod. Kanye West, BoogzDaBeast & Xcelence)","Leaked studio quality stems for an early version of ""Follow God"".",,"Sep 25, 2021",1:44,90,OG File,Lossless,"https://drive.google.com/drive/folders/1KWUZAAVfDIRs0LYPQb-FrHv6QuzfSXsS"
JESUS IS KING,Glory [Brass Stem],"OG Filename: Glory - 10.22.19 For Horn Tracking brass stem
Brass stem for an early mumble version of ""Glory"". The version without the brass stem can be found in the unreleased section with the name ""Glory - 10.22.19 For Horn Tracking"".","Oct 22, 2019",,2:19,127,OG File,CD Quality,https://imgur.gg/f/7UhyfWY
JESUS IS KING,"God Is
(prod. Kanye West, Warryn Campbell, Labrinth, Angel Lopez & Federico Vindver)","Leaked CD quality stems for a version of ""God Is"".","Oct 25, 2019","Sep 25, 2021",3:23,105,OG File,CD Quality,
JESUS IS KING,"God Is
(prod. Kanye West, Warryn Campbell, Labrinth, Angel Lopez & Federico Vindver)","Leaked CD quality stems for a version of ""God Is"".","Oct 26, 2019","Sep 25, 2021",3:23,105,OG File,CD Quality,
JESUS IS KING,"Hands On
(feat. The WRLDFMS Tony Williams)","OG Filename: 190904 HANDS ON - Recut Stems
Stems for The WRLDFMS Tony Williams harmonization vocals for ""Hands on"".","Sep 5, 2019",,0:34,78,OG File,Lossless,https://imgur.gg/f/wvfjpUg
JESUS IS KING,"Hands On
(feat. Fred Hammond) (prod. Kanye West, Angel Lopez, Federico Vindver & Timbaland)","Leaked studio quality stems for ""Hands On"".",,"Sep 25, 2021",3:24,78,OG File,Lossless,"https://drive.google.com/drive/folders/1a5sFWZw76N0zOyUE0A8WWLvyUHhV3H2S?usp=sharing"
JESUS IS KING,"I Know God Breathed On This
(God Breathed, Breathe, God Breathed On This, God Breathes, I Know God, God Breath On This)","Studio quality stems for ""I Know God Breathed On This"" JIK version. Leaked in August 2021.",,,1:43,130,OG File,CD Quality,https://imgur.gg/f/Uq3f3hC
JESUS IS KING,"In God's Country [Sample Stem]
(prod. FnZ)
(Work It Out, God's Country)","OG Filename: Work It Out 166 BPM
Stem for the sample of ""In God's Country"".","Jul 21, 2019",,0:46,166,OG File,Lossless,
JESUS IS KING,"Jesus Is Lord
(feat. Federico Vindver) (prod. Kanye West, Angel Lopez, AllDay, Federico Vindver & Timbaland) ","Leaked studio quality stems for an early version of ""Jesus Is Lord"".",,"Sep 25, 2021",2:32,78.8,OG File,Lossless,
JESUS IS KING,"Jesus Is Lord [Correction]
(feat. Federico Vindver) (prod. Kanye West, Angel Lopez, AllDay, Federico Vindver & Timbaland) 
(Baptized, Every Knee Shall Bow)","Leaked studio quality stems for an early version of ""Jesus Is Lord"".",,"Sep 25, 2021",0:51,78.8,OG File,CD Quality,
JESUS IS KING,"LA Monster
(LA Prophet)","Studio quality stems for ""LA Monster"". Leaked in June 2021.",,,2:10,100,OG File,Lossless,"https://imgur.gg/f/h63PLQg
https://drive.google.com/drive/folders/1e3VyqccZInFBOYneotGflyoFdbQ3vTzp"
JESUS IS KING,"Lord I Need You [Sample Stem]
(prod. FnZ)
(Lord, Lord I Need You, Lord I Need You Right Now, Wrap Your Arms Around Me)","OG Filename: Lord I Need You 165 BPM
Stem for the sample of ""Lord I Need You"".","Aug 9, 2019",,0:58,165,OG File,CD Quality,
JESUS IS KING,"On God
(prod. Kanye West, BoogzDaBeast, Michael Cerda, Pi'erre Bourne & Federico Vindver)","Leaked studio quality stems for an early version of ""On God"". Leaked in June 2021.",,,2:29,73,OG File,Lossless,"https://imgur.gg/f/56U846u
https://drive.google.com/drive/folders/1iA749JgMpKh_9_pnjO8v8m3YsMLd9DUO"
JESUS IS KING,"Selah
(prod. Pi'erre Bourne)","Beat Stems for Pi'erre Bourne's version of ""Selah"". Leaked as part of the JESUS IS KING Bundle groupbuy.","Jun 28, 2019",,3:12,130,OG File,Lossless,https://pixeldrain.com/u/UshWhMQ3
JESUS IS KING,"Selah 
(feat. Sunday Service Choir) (prod. Kanye West, E.VAX, BoogzDaBeast, Federico Vindver, benny blanco & Francis and the Lights)
(I Love It (Remix), Chakras, HYPE AF, Good Morning, The Chakra)","Leaked studio quality stems for an early version of ""Selah"".",,"Sep 25, 2021",3:04,130/118/133/130,OG File,Lossless,"https://imgur.gg/f/AfWT4Ap
https://drive.google.com/drive/folders/11nVyUk-X4tiEqV0JN1Ziq9Z2T0tNTQ1K"
JESUS IS KING,"Sweet Jesus
(feat. Sunday Service Choir & Federico Vindver)
(Belt Of Truth, Jesus Sweet Jesus)","3 track stems for ""Sweet Jesus"".","Aug 13, 2019",,1:47,83,OG File,Lossless,https://imgur.gg/f/x1UePMw
JESUS IS KING,"Use This Gospel
(feat. Clipse, Kenny G & Sunday Service Choir) (prod. Kanye West, Angel Lopez, DRTWRK, Federico Vindver, Timbaland, BoogzDaBeast & Pi'erre Bourne)
(Bad Taste, Breastplate of Right, Law of Attraction, Breastplate Of Righteousness, Grab Your Armour For Protection)","Leaked studio quality stems for ""Use This Gospel"".",,"Sep 25, 2021",3:38,148,OG File,Lossless,"https://drive.google.com/drive/folders/1mGj1mH4IyRQFVAdCZ6e1tOnQzLvGFe8S"
JESUS IS KING,Wake The Dead,"Full stems for ""Wake The Dead"" included in the session files.","Jun 28, 2019",,2:26,82,OG File,Lossless,
JESUS IS KING,"Water
(feat. Sunday Service Choir, Federico Vindver & Ant Clemons) (prod. Kanye West, BoogzDaBeast, Angel Lopez, Federico Vindver & Timbaland)
(Clean Us Like The Rain In Spring)","Leaked studio quality stems for an early version of ""Water"".",,"Sep 25, 2021",2:47,81.5232,OG File,Lossless,"https://drive.google.com/drive/folders/1hbOR4chxdZxIVF71cGQsZxJnND3mTGNH"
,Acapellas,,,,,,,,
JESUS IS KING,"Baptized
(feat. Isaiah)
(Jesus Is Lord, Every Knee Shall Bow)","OG Filename: Baptized - KW and Isaiah Freestyle Acca
Freestyle acapella for an early version of ""Baptized"".","Aug 22, 2019",,9:50,78.8,OG File,Lossless,https://imgur.gg/f/sFTeFas
JESUS IS KING,"Bound [Choir Stem]
(feat. Sunday Service Choir)
(Bound 3)","OG Filename: Bound 102bpm - ALL CHOIR
Sunday Service Choir acapella for ""Bound"".","Oct 21, 2019",,1:00,102,OG File,Lossless,https://imgur.gg/f/9flkLl1
JESUS IS KING,"Breastplate Of Righteousness
(feat. Clipse)
(Bad Taste, Breastplate Of Right, Use This Gospel, Law of Attraction, Grab Your Armour For Protection)","OG Filename: Breastplate of Righteousness - 09.21.19 Device Stems Vocals
Acapella of an alternate ""Use This Gospel"" version, dubbed ""Breastplate of Righteouness"". Contains the ""grab your armor"" line.","Sep 21, 2019",,4:12,148,OG File,Lossless,https://imgur.gg/f/UQ0BiDv
JESUS IS KING,"Follow God
(ref. Rhymefest)","OG Filename: Follow God Loop - 09.13.19 Rhymefest Ref acca
Acapella for a Rhymefest ref track for ""Follow God"".","Sep 13, 2019","Oct 10, 2023",1:18,90,OG File,Lossless,https://imgur.gg/f/1UqrPaK
JESUS IS KING,"Freestyle 1
(Hands On)","OG Filename: F+A Freestyle 1 ACC 86bpm
Acapella for one of Kanye's freestyles.","Aug 8, 2019",,2:05,86,OG File,Lossless,https://imgur.gg/f/mcE5u3M
JESUS IS KING,Freestyle 2,"OG Filename: F+A Freestyle 2 ACC 88bpm
Acapella for one of Kanye's freestyles.","Aug 8, 2019",,0:46,88,OG File,Lossless,https://imgur.gg/f/jsYq32N
JESUS IS KING,"Freestyle 3
(Follow God)","OG Filename: F+A Freestyle 3 ACC 182bpm
Acapella for one of Kanye's freestyles.","Aug 8, 2019",,1:19,182,OG File,Lossless,https://imgur.gg/f/Pzuel1t
JESUS IS KING,Freestyle 4,"OG Filename: F+A Freestyle 4 ACC 85bpm
Acapella for one of Kanye's freestyles.","Aug 8, 2019",,2:01,85,OG File,Lossless,https://imgur.gg/f/KjdSKHA
JESUS IS KING,Freestyle 5,"OG Filename: F+A Freestyle 5 ACC 150bpm
Acapella for one of Kanye's freestyles.","Aug 8, 2019",,2:56,150,OG File,Lossless,https://imgur.gg/f/Lvx361H
JESUS IS KING,Freestyle 6,"OG Filename: F+A Freestyle 6 ACC 85bpm
Acapella for one of Kanye's freestyles.","Aug 8, 2019",,1:30,85,OG File,Lossless,https://imgur.gg/f/FT7cDFz
JESUS IS KING,Freestyle 7,"OG Filename: F+A Freestyle 7 ACC 102bpm
Acapella for one of Kanye's freestyles.","Aug 8, 2019",,1:55,102,OG File,Lossless,https://imgur.gg/f/pf9CZ7v
JESUS IS KING,Freestyle 8,"OG Filename: F+A Freestyle 8 ACC 110bpm
Acapella for one of Kanye's freestyles.","Aug 8, 2019",,1:18,110,OG File,Lossless,https://imgur.gg/f/71KGwBb
JESUS IS KING,Freestyle 9,"OG Filename: F+A Freestyle 9 ACC 151bpm
Acapella for one of Kanye's freestyles.","Aug 8, 2019",,1:22,151,OG File,Lossless,https://imgur.gg/f/7mgZ188
JESUS IS KING,Freestyle 12,"OG Filename: F+A Freestyle 12 ACC 153bpm
Acapella for one of Kanye's freestyles.","Aug 8, 2019",,1:20,153,OG File,Lossless,https://imgur.gg/f/47Zl11g
JESUS IS KING,"Selah
(ref. Olskool Ice-Gre)","OG Filename: Selah - 10.22.19 Greg acc
Olskool Ice-Gre acapella for his ""Selah"" reference track.",,,3:03,130,OG File,CD Quality,https://imgur.gg/f/n3BbYMR
JESUS IS KING,"Sweet Jesus
(Belt Of Truth, Jesus Sweet Jesus)","OG Filename: SJYE Ref AC
Kanye Acapella for ""Sweet Jesus"".","Sep 3, 2019",,1:55,83,OG File,Lossless,https://imgur.gg/f/AFdnNb8
JESUS IS KING,"The Glade
(Up From The Ashes)","OG Filename: The Glade - Ye Vocal Ref
Raw acapella stem for ""The Glade"" leaked as part of the JESUS IS KING Bundle groupbuy.",,,3:14,72,OG File,Lossless,https://imgur.gg/f/CGXsgrB
JESUS IS KING,"Through The Valley
(ref. Momo Boyd)
(I Was On Top of a Mountain, Valley)","OG Filename: Through the Valley - Daton Tracking Vocal Comp
Acapella for ""Through The Valley"" leaked as part of the JESUS IS KING Bundle groupbuy.","Aug 30, 2019",,2:52,87,OG File,Lossless,https://imgur.gg/f/Hrq9nnC
JESUS IS KING,"Wake The Dead
(ref. Rhymefest)","Rhymefest reference acapellas for ""Wake The Dead"".",,,"0:31
0:38",82,OG File,Lossless,""
,Instrumentals,,,,,,,,
JESUS IS KING,"Baptized
(Jesus Is Lord, Every Knee Shall Bow)","OG Filename: F+A Baptized V4 INS 78.7
""Baptized"" instrumental. Different to release.","Aug 24, 2019",,2:30,78.7,OG File,Lossless,
JESUS IS KING,"Baptized
(Jesus Is Lord, Every Knee Shall Bow)","OG Filename: F+A Baptized V4 INS (With Horn Lines)
""Baptized"" instrumental. Different to release.","Aug 24, 2019",,2:30,78.7,OG File,Lossless,
JESUS IS KING,"Bound 3
(prod. Budgie Beats)
(Bound)","OG Filename: zion perfect peace bound3 free 102bpm
""Bound 3"" instrumental produced by Swizz Beatz. Seen on the John Monopoly playlist. Leaked after the successful ""Bound 3"" GB.",,,2:05,102,OG File,High Quality,https://imgur.gg/f/HixRziw
JESUS IS KING,"Bound
(prod. Federico Vindver & Angel Lopez)
(Bound 3)","OG Filename: bound fede replay budgie chop
Replay of the ""Bound"" chop.",,,1:19,102,OG File,High Quality,https://imgur.gg/f/y5KRAPh
JESUS IS KING,"Don't Give Up
(prod. AllDay & Budgie Beats)
(Lord Christ, Lord Christ We Need You Now More Than Ever, Christ)","OG Filename: mattie.moss_allday.budgie.instr
Instrumental to ""Don't Give Up"". Leaked as part of a groupbuy.",,,2:31,86,OG File,High Quality,https://imgur.gg/f/GCfQuRy
JESUS IS KING,"Freestyle 11
(prod. Timbaland)
(Ozark 10)","OG Filename: F+A Freestyle 11 V2 130bpm INS
Instrumental for Ozark 10 now known as ""Freestyle 11"". The instrumental was bounced way after the song with vocals for whatever reason.","Dec 13, 2019",,,130,OG File,Lossless,
JESUS IS KING,"Let It Go
(prod. Labrinth)","2 other instrumental versions for ""Let It Go"", proven to exist by the ""V3"" filename.",,,,83,Confirmed,Not Available,
JESUS IS KING,"Let It Go
(prod. Labrinth)","2 other instrumental versions for ""Let It Go"", proven to exist by the ""V3"" filename.",,,,83,Confirmed,Not Available,
JESUS IS KING,"Let It Go
(prod. Labrinth)","OG Filename: Let It Go - Lab 003 V3
Another Instrumental for ""Let It Go"", produced by Labrinth.",,"Feb 14, 2025",0:54,83,OG File,CD Quality,https://imgur.gg/f/LZKR5Am
JESUS IS KING,"Let It Go
(prod. Federico Vindver)","OG Filename: Let it go FedeInsReplay 81.8bpm
Fede instrumental for ""Let It Go"".",,"Feb 14, 2025",3:31,81.8,OG File,CD Quality,https://imgur.gg/f/obhu2w8
JESUS IS KING,"Selah
(feat. Sunday Service Choir)
(Chakras, The Chakra, Chakra, I Love It (Remix), Good Morning)","OG Filename: KW-SELAH-Update.4.lowerlevel.INSTR.2
Filename shown by Shogani. Nothing else is known.",,,,130,Rumored,Not Available,N/A
JESUS IS KING,"Selah
(prod. Pi'erre Bourne)",Instrumental for the Pi'erre Bourne version of Selah.,"Jun 28, 2019",,,130,OG File,Lossless,
JESUS IS KING,"Sunday
(prod. Timbaland, AllDay, Federico Vindver & Angel Lopez)
(Closed On Sunday)","OG Filename: Sunday F+A (OldChords) 98 bpm NOSAMPLE
Filename shown by Alek. Has an alternate instrumental compared to all known versions.","Jul 22, 2019",,2:07,97,OG File,Lossless,
JESUS IS KING,"Sunday
(prod. Timbaland, AllDay, Federico Vindver & Angel Lopez)
(Closed On Sunday)","OG Filename: Sunday F+A (NewChordsNylon) 98 bpm NOSAMPLE
Filename shown by Alek. Has a slightly different instrumental than other versions.","Jul 23, 2019",,2:07,97,OG File,CD Quality,
JESUS IS KING,"Through The Valley
(prod. Momo Boyd)
(I Was On Top of a Mountain, Valley)","OG Filename: Through the Valley - Daton Tracking Gtr Ref
Instrumental for ""Through The Valley"" leaked as part of the JESUS IS KING Bundle groupbuy.","Aug 30, 2019",,2:52,87,OG File,Lossless,https://imgur.gg/f/WPOrcvy
JESUS IS KING,"Wake The Dead
(prod. Pi'erre Bourne)","Pi'erre Bourne version of the ""Wake The Dead"" instrumental. Samples zombie noises. Likely made on or around June 28th, 2019.","Jun 28, 2019",,2:21,82,OG File,CD Quality,https://imgur.gg/f/lUx3eX2
JESUS IS KING,"Tyler, The Creator - PUPPET
(prod. Tyler, The Creator)","Instrumental for ""PUPPET"".",,"Feb 22, 2024",2:57,78,Full,CD Quality,https://imgur.gg/f/ARloxgO
,"God's Country
(JESUS IS LORD, JESUS IS LORD: END OF NIGHT, No Country For Old Men, Our Beautiful Amazing Reality, Our Beautiful Light Clear Reality, Palm Springs, Palm Sunday, The Light)","(10/25/2019) (JESUS IS KING officially releases)
(07/18/2020) (Kanye announces his new album titled DONDA)",,,"Shortly after the release of JESUS IS KING, Kanye (almost immediately) started working on new material. Songs from this era revolve around his faith while also consisting of dark themes (such as prison) and lyrics about current social issues. Initially announced as God's Country on May 20th, 2020 by Arthur Jafa, tracks from this album would go on to be developed further in the DONDA [V1] era, following Kanye getting new inspiration to make an album dedicated to his mother.",,,,
,Stem Player Stems,,,,,,,,
God's Country,"Wash Us In The Blood
(feat. Travis Scott) (prod. Kanye West, A.G., BoogzDaBeast, Dem Jointz, FnZ, Israel Boyd & RONNY J)
(Wash Us In The Blood Of Jesus)","Stems for ""Wash Us In The Blood"" ripped from the stem player. The choir vocals heard in the released version of the song are missing from the stems.",,,3:26,137,Full,Lossless,https://imgur.gg/f/KfCxEGD
,Sessions,,,,,,,,
God's Country,"All Of Me
(prod. BoogzDaBeast)","OG Filename: All Of Me 83.5 - For Fede
Audio Files + Multiple PTX files for ""All Of Me"".","Jan 17, 2020","Sep 24, 2023",1:54,83.5,OG File,Lossless,https://imgur.gg/f/dLim5RL
God's Country,"Awakening
(prod. BoogzDaBeast, Federico Vindver & FnZ)","OG Filename: - Palm Sunday
Another Session for ""Awakening"". Has ""Future Bounce"" included, presumably because both freestyles were worked on the same day.","Nov 6, 2019",,2:13,82,OG File,Lossless,
God's Country,"Awakening
(prod. BoogzDaBeast, Federico Vindver & FnZ)","OG Filename: Awakening - For Fede
Audio Files + Multiple PTX files for ""Awakening"".","Jan 17, 2020",,2:12,82,OG File,Lossless,https://imgur.gg/f/FrF2PVe
God's Country,"Everybody Goes
(prod. BoogzDaBeast)","OG Filename: Everybody Goes 73 - For Fede
Audio Files + Multiple PTX files for ""Everybody Goes"".","Jan 17, 2020",,2:18,73,OG File,Lossless,https://imgur.gg/f/7zAeQpS
God's Country,"Fighting Fires
(feat. Zac) (prod. BoogzDaBeast, FnZ & Rory Noble)
(MY SOUL, Faithful, Fightin Fire)","OG Filename: Fighting Fires - For Fede
Audio Files + Multiple PTX files for ""Fighting Fires"".","Jan 17, 2020",,2:56,86,OG File,Lossless,https://imgur.gg/f/Veofr9N
God's Country,"FreeDem
(prod. Jack Rochan & Di Genius)
(Heaven Calls, When Heaven Calls, Faith, Freedom)","OG Filename: FreeDem - For Fede
Audio Files + Multiple PTX files for ""FreeDem"".","Jan 17, 2020",,2:49,126,OG File,Lossless,https://imgur.gg/f/ZRMIbkR
God's Country,"Future Bounce
(prod. BoogzDaBeast, Federico Vindver, Nabeyin & Wallis Lane)
(Future, Future Of Sound, Future Sounds, TELEKINESIS, Ultrasounds)","OG Filename: Future Bounce - For Fede
Audio Files + Multiple PTX files for ""Future Bounce"".","Jan 17, 2020",,2:32,83,OG File,Lossless,https://imgur.gg/f/HWYc3ZE
God's Country,"Future Bounce
(prod. BoogzDaBeast, Federico Vindver Nabeyin & Wallis Lane)
(Future, Future Of Sound, Future Sounds, TELEKINESIS, Ultrasounds)","OG Filename: - Palm Sunday
Sessions for ""Future Bounce"". Has ""Awakening"" included, presumably because both freestyles were worked on the same day.","Nov 6, 2019",,2:30,83,OG File,Lossless,
God's Country,"He Gave It All
(prod. BoogzDaBeast)","OG Filename: He Gave It All - For Fede
Audio Files + Multiple PTX files for ""He Gave It All"".","Jan 17, 2020",,2:15,76,OG File,Lossless,https://imgur.gg/f/TgS40Xz
God's Country,"Jesus
(prod. BoogzDaBeast & FnZ)
(Jesus (Speed Up))","OG Filename: Jesus - For Fede
Audio Files + Multiple PTX files for ""Jesus"".","Jan 17, 2020","Sep 20, 2023",1:39,87,OG File,Lossless,https://imgur.gg/f/DIpZDfY
God's Country,Lord I Need You,"OG Filename: Lord I Need You - For Fede
Audio Files + Multiple PTX files for ""Lord I Need You"".","Jan 17, 2020",,4:25,82,OG File,Lossless,https://imgur.gg/f/PRDguvM
God's Country,"Lord I Need You
(ref. Conway The Machine) (prod. BoogzDaBeast, FnZ & Francis Starlite)","OG Filename: Lord I Need You - 07.01.20 Conway
Session for Conway The Machine's reference track.","Jul 1, 2020","May 17, 2026",1:56,82,OG File,Lossless,"https://imgur.gg/f/i64o2uk
https://fileditchfiles.me/file.php?f=/alpha4/b13f9538853e40a758a8/Lord_I_Need_You_-_07.01.20_Conway.zip"
God's Country,Oh Lord,"OG Filename: Oh Lord - For Fede
Audio Files + Multiple PTX files for ""Oh Lord"".","Jan 17, 2020",,2:25,88,OG File,Lossless,https://imgur.gg/f/HfvdyFZ
God's Country,"Palm Springs
(prod. BoogzDaBeast & FnZ)","OG Filename: Palm Springs - For Fede
Audio Files + Multiple PTX files for ""Palm Springs"".","Jan 17, 2020",,2:18,139,OG File,Lossless,https://imgur.gg/f/XMaRBX2
God's Country,"Sinner
(prod. BoogzDaBeast & FnZ)
(Sinners)","OG Filename: Sinner - For Fede
Audio Files + Multiple PTX files for ""Sinner"".","Jan 17, 2020",,1:02,100,OG File,Lossless,https://imgur.gg/f/Egx50Gu
God's Country,"Tulsa
(ref. KayCyy) (prod. E.VAX, BoogzDaBeast & FnZ)","OG Filename: Tulsa - For Fede
Audio Files + Multiple PTX files for ""Tulsa"".","Jan 17, 2020",,2:19,146,OG File,Lossless,https://imgur.gg/f/gbPgEcE
God's Country,"Chance the Rapper & Lizzo - Better Move
(ref. Jozzy) (prod. Kanye West)","OG Filename: CHANCE X LIZZO
Leaked as a bonus for the ""This Is The Glory"" groupbuy.",,,2:56,120,OG File,Lossless,"https://imgur.gg/f/RI8V3mP
https://mega.nz/file/w4sCAaha#OpbI88dlVFsihTrRWDO6so9QV9ryoC4QTvRINwtMwJE"
,Studio Stems,,,,,,,,
God's Country,"12,000 Acres
(prod. E.VAX)
(12 Thousand Acres)","Beat stems for the E.VAX version of ""12,000 Acres""","Jul 5, 2020",,3:02,146,OG File,Lossless,https://imgur.gg/f/caLmDTD
God's Country,"24
(prod. 808Melo)
(You're Gonna Be Ok, 24 Hours)","Instrumental stems for the 808Melo version of ""24"". Does not include KayCyy's vocals.",,,2:54,102,OG File,Lossless,https://imgur.gg/f/ZJgjHC4
God's Country,"Awakening
(prod. E.VAX)","Stems for the E.VAX version of ""Awakening"".","Jul 5, 2020",,2:26,81,OG File,Lossless,"https://imgur.gg/f/5wBkRHo
https://drive.google.com/drive/folders/1afO-Nq3fwqPGXlftMrB5J_oB9g60x2Fs?usp=drive_link"
God's Country,"Everything
(prod. E.VAX)","Stems for the E.VAX version of ""Everything"".","Jul 5, 2020",,3:47,102,OG File,Lossless,"https://imgur.gg/f/Kk9e7ua
https://drive.google.com/drive/folders/1afW89JzKN8Al1SyI5GKYoy45rTPWpOTS?usp=drive_link"
God's Country,Everything [Sample Stem],"OG Filename: Everything - 152 BPM
Stem for the sample of ""Everything"".","Nov 15, 2019",,1:41,152,OG File,Lossless,https://imgur.gg/f/jbRLod8
God's Country,"Eternal Life [Sample Stem]
(prod. Wallis Lane)
(Ambitious, Devil Weak, The Devil Is Weak, We Got Eternal Life)","OG Filename: killBILL bpm - bpm145 prod by WALLIS LANE
Stem for the sample of ""Eternal Life"".",,,0:39,145,OG File,Lossless,https://imgur.gg/f/8mc4dCA
God's Country,"Future Sounds
(prod. E.VAX)
(Future, Future Of Sound, Future Bounce, TELEKINESIS, Ultrasounds)","Stems for the E.VAX version of ""Future Sounds"".","Jul 5, 2020",,2:33,83,OG File,Lossless,"https://imgur.gg/f/w3suAFd
https://drive.google.com/drive/folders/1bsQxdl3dtst2o1Dv71NxeVJboq0jf23O?usp=drive_link"
God's Country,"God's Country
(prod. E.VAX)","Stems for another E.VAX version of ""God's Country"".","Jul 3, 2020",,3:40,150,OG File,Lossless,"https://drive.google.com/drive/folders/1c2vh37rYk8VGPhkfYqwXJULEApBHdkOK?usp=drive_link"
God's Country,"God's Country
(prod. E.VAX)","Stems for the E.VAX version of ""God's Country"".","Jul 5, 2020",,3:40,150,OG File,Lossless,"https://drive.google.com/drive/folders/1bzqolc7Gn9FbUPZkrKMzKEmHRerhGYlF?usp=drive_link"
God's Country,"GOOD Music Symphony Zip
(prod. johan lenox)","In very late 2019 - early 2020, many GOOD MUSIC remixes got made in a symphony / orchestra style. All of these versions have stems tied to them. Has songs from Kanye, KIDS SEE GHOSTS, Nas, Pusha T and Teyana Taylor. There are also symphony versions of ""We Got Love"", ""Everything"", ""Simple Things"", ""Fire"", and ""Ghost Town"". Some snippets leaked June 17th, 2024. ""Call My Bluff"" might also not be included.",,,Varied,Varied,Rumored,Not Available,
God's Country,"How Ya Feel
(prod. Rico Nichols & Darius Woodley)","OG Filename: 200309 How Ya Feel Jam
Stems for ""How Ya Feel"" leaked as a bonus for the ""Glory"" / ""Throw Money Everywhere"" groupbuy.","Mar 9, 2020",,3:50,125,OG File,Lossless,"https://imgur.gg/f/AmfN44U
https://drive.google.com/file/d/1B6w8oyMFF6Mdzi5uXYOtHbD13MOk--By/view?usp=sharing"
God's Country,"I Feel Terrific
(prod. E.VAX)","Stems for the E.VAX version of ""I Feel Terrific"".","Jul 5, 2020",,1:42,108,OG File,Lossless,"https://imgur.gg/f/BIpd89H
https://drive.google.com/drive/folders/1d8WqpjsQX4UIHEqemLtRrNUhxS0vzKvw?usp=drive_link"
God's Country,"I Feel Terrific
(prod. E.VAX)","Stems for another E.VAX version of ""I Feel Terrific"".","Jul 5, 2020",,1:51,108,OG File,Lossless,"https://imgur.gg/f/gEScjHV
https://drive.google.com/drive/folders/1d9ixcN9OArVjZGdSCLlrgIh3aPaf4igw?usp=drive_link"
God's Country,"Jam 2
(prod. Kanye West, Rico Nichols & Darius Woodley)
(Idea 2)","Stems for an early version of ""Jam 2"".","Mar 9, 2020",,5:01,150,OG File,Lossless,
God's Country,"Keep My Spirit Alive
(prod. E.VAX)","Stems for the E.VAX version of ""Keep My Spirit Alive"".","Jul 5, 2020",,3:03,81,OG File,Lossless,"https://imgur.gg/f/BbHz4te
https://drive.google.com/drive/folders/1f0s6BSzcd25AoUXn79xhxt4cBkxnB-Tt?usp=drive_link"
God's Country,"Keep My Spirit Alive [Sample Stem]
(prod. FnZ)
(Keep Our Spirit Alive)","OG Filename: Keep My Spirit Alive 81bpm - Inst bip 1
Stem for the sample found in JESUS IS LORD and DONDA [V1] versions of ""Keep My Spirit Alive"". Has lots of clipping.",,,1:59,81,OG File,Lossless,https://imgur.gg/f/sja0bva
God's Country,"Keep My Spirit Alive [Sample Stem]
(prod. FnZ)
(Keep Our Spirit Alive)","OG Filename: Fear Of Falling162 BPM
Another clearer stem for the sample of ""Keep My Spirit Alive"".","Nov 26, 2019",,0:35,162,OG File,Lossless,https://imgur.gg/f/cEP2lXt
God's Country,"Lord I Need You
(prod. E.VAX)
(Lord, Lord I Need You, Lord I Need You Right Now, Wrap Your Arms Around Me)","Stems for the E.VAX version of ""Lord I Need You"".","Jul 5, 2020",,1:44,82,OG File,Lossless,"https://imgur.gg/f/g8tHAx0
https://drive.google.com/drive/folders/1fExiTzaPlujV1wZqRljaKh-8WHLw1Yni?usp=drive_link"
God's Country,"Off The Grid
(prod. E.VAX)","Stems for the E.VAX version of ""Off The Grid"".","Jul 5, 2020",,1:50,133,OG File,Lossless,"https://imgur.gg/f/GPJAf3m
https://drive.google.com/drive/folders/1fJ7QhkOYaSHFdQNATH3tmrHfEHXFUg5N?usp=drive_link"
God's Country,"PCO [Beat Stems]
(prod. FnZ & Styalz Fuego)
(Let The Spirit Go Wild)","OG Filename: P.C.O STEMS 89 BPM
Stems for the beat to the ""Let The Spirit Go Wild"" freestyle. Included in the ""50gb of Donda 2020"" buy. Bounced November 1st 2020, but was most likely made before then.","Nov 1, 2020","Sep 17, 2023",1:04,89,OG File,Lossless,https://imgur.gg/f/ikUZhQA
God's Country,"Praise God
(feat. Travis Scott & KayCyy) (prod. 30 Roc, E.VAX & Zentachi)
(Praise)","Stems for the E.VAX version of ""Praise God"".","Jul 5, 2020",,2:37,122,OG File,Lossless,"https://imgur.gg/f/a0gaXm3
https://drive.google.com/drive/folders/1gdIsX_APESQXJqFOznIAOEbF6rcIsDK_?usp=drive_link"
God's Country,"Praise God
(feat. Travis Scott & KayCyy) (prod. 30 Roc, E.VAX & Zentachi)
(Praise)","Stems for another E.VAX version of ""Praise God"".","Jul 5, 2020",,2:14,122,OG File,Lossless,"https://imgur.gg/f/Rb5umbJ
https://drive.google.com/drive/folders/1gdpx5cdSreLwP3x-xHbbXnWV3Mw1jRxk"
God's Country,"Skuuurrruurrr
(prod. BoogzDaBeast & E.VAX)
(Pull Up Like Skuuurrr, Skurr, Skurrrr, Skuuur, Skuuurrr)","Stems for the E.VAX version of ""Skurrrr"".","Jul 5, 2020",,2:21,83,OG File,Lossless,"https://imgur.gg/f/t1ckhrj
https://drive.google.com/drive/folders/1ge5MOSY7LHVj5hCQB9jdL9mwHfh3Vdhm"
God's Country,"Tell The Vision
(prod. BoogzDaBeast & E.VAX)
(We Made It, RIP Pop Smoke)","Stems for the E.VAX version of ""Tell The Vision"".","Jul 5, 2020",,2:28,144,OG File,Lossless,https://imgur.gg/f/3Fdeccw
God's Country,"They Were Overcome [Sample Stem]
(prod. BoogzDaBeast & FnZ)
(Blood Of The Lamb, Donda)","OG Filename: They Were Overcome (By The Word) (Boogz x FnZ Flip 321 BPM) V2 Intro
Stem for the sample of ""They Were Overcome"".","Dec 14, 2019",,1:24,321,OG File,Lossless,https://imgur.gg/f/UgWrKh0
God's Country,"Tulsa
(prod. E.VAX)","Stems for the E.VAX version of ""Tulsa"".","Jul 5, 2020",,2:21,146,OG File,Lossless,https://imgur.gg/f/iF0j6Ab
God's Country,"Vibrations
(prod. Rico Nichols & Darius Woodley)","It's been said by P4 that the March 2020 version of ""Vibrations"" comes with stems.",Mar 2020,,,94,Confirmed,Not Available,https://imgur.gg/f/m55MSBv
God's Country,"Wash Us In The Blood [Sample Stem]
(prod. A.G.)","OG Filename: New Era - A.G. SAMPLE BPM 181
Stem for the sample of ""Wash Us In The Blood"".",,,1:03,181,OG File,Lossless,https://imgur.gg/f/tJ1CmMX
God's Country,"Welcome To My Life
(feat. Ty Dolla $ign) (prod. BoogzDaBeast, FnZ, Rico Nichols & Darius Woodley)","Stems for a late June version of ""Welcome To My Life"". Has the full uncensored Kanye verse.","Jun 27, 2020",,4:12,156,OG File,High Quality,https://imgur.gg/f/XVhR4H2
God's Country,"Welcome To My Life
(prod. E.VAX)","Stems for the E.VAX version of ""Welcome To My Life"". Missing every stem apart from the acapella and marimba.","Jul 5, 2020",,4:16,156,Partial,Lossless,"https://drive.google.com/drive/folders/1iIiXtAzWixqUv0ODEvIJ1vVkchOM3QC9?usp=drive_link"
God's Country,"Abstract Mindstate - Treat You Good
(prod. Kanye West)
(Good)","Stems for the Abstract Mindstate version of ""Treat You Good"".",,,2:10,83,OG File,Lossless,https://imgur.gg/f/TrtVWmG
,Acapellas,,,,,,,,
God's Country,"12,000 Acres
(feat. Sunday Service Choir)
(12 Thousand Acres)","OG Filename: 12,000 Acres (Full Choir)
SSC version of ""12,000 Acres"" that was meant to be overlayed onto the beat. Leaked as as a bonus for a groupbuy.","Nov 21, 2019",,1:14,146,OG File,High Quality,https://imgur.gg/f/3gLN0xC
God's Country,All Of Me,"OG Filename: 191218 Cabin Free_15 - Ye 58
Acapella for the ""All Of Me"" freestyle included in the session folder.","Dec 18, 2019","Sep 24, 2023",0:52,83.5,OG File,Lossless,
God's Country,"FreeDem
(ref. Boyz II Men)
(Heaven Calls, When Heaven Calls, Faith, Freedom)","OG Filenames: nate &
shawn
2 Acapella files for the Boyz II Men reference track of ""FreeDem"" found in the ""Bounced Files"" for the session.",,,1:03,63,OG File,CD Quality,""
God's Country,"FreeDem
(ref. KayCyy)
(Heaven Calls, When Heaven Calls, Faith, Freedom)","OG Filenames: STEM - Kaycyy COMP
Acapella for KayCyy's reference track of ""FreeDem"" included in the session folder.","Jan 16, 2020",,2:49,63,OG File,Lossless,https://imgur.gg/f/ZRMIbkR
God's Country,Future Bounce,"OG Filename: Future Bounce - 11.14.19 Ye comp vocals
Kanye Acapella for his re-recorded ""Future Bounce"" vocals that went unused for later versions.","Nov 14, 2019",,0:26,83,OG File,Lossless,https://imgur.gg/f/5VwJ4lC
God's Country,He Gave It All,"OG Filename: 191104 Ye Free_26 2018 Sample - Ye 58
Acapella for the ""He Gave It All"" freestyle included in the session folder.","Nov 4, 2019",,4:31,76,OG File,Lossless,
God's Country,"Jesus
(Jesus (Speed Up))","OG Filename: 191104 Ye Free_51 Jesus - Ye 58_36
Acapella for the ""Jesus"" freestyle included in the session folder.","Nov 4, 2019",,0:27,87,OG File,Lossless,
God's Country,"Let It Go
(ref. Rhymefest)","OG Filename: Let It Go - Rhymefest Acca v2 70bpm
Rhymefest acapella for his ""Let It Go"" reference track.","Dec 4, 2019",,1:46,70,OG File,Lossless,https://imgur.gg/f/Mv3aXgW
God's Country,Oh Lord,"OG Filename: Ye 58_01
Acapella for the ""Oh Lord"" freestyle.","Jan 16, 2020",,2:05,88,OG File,Lossless,
God's Country,Palm Springs,"OG Filename: 191104 Ye Free_71 A The Way - Ye 58
Acapella for Kanye's ""Palm Springs"" freestyle included in the session folder.","Nov 4, 2019",,3:24,139,OG File,CD Quality,
God's Country,"Sinners
(Sinner)","OG Filename: 191104 Ye Free_57 Sinners - Ye 58
Acapella for the ""Sinners"" freestyle included in the session folder.","Nov 4, 2019",,1:02,100,OG File,Lossless,
,Instrumentals,,,,,,,,
God's Country,"24
(You're Gonna Be Ok, 24 Hours)","OG Filename: 24 Hours 51 - 02.18.20 Inst
Later instrumental of KayCyy's solo, non-808Melo produced reference for ""24"" from February 18th, 2020.","Feb 21, 2020","Jun 3, 2022",2:54,51/102,OG File,Lossless,
God's Country,"Awakening
(prod. BoogzDaBeast & FnZ)","OG Filename: 191104 Ye Free_36 Awakening - Computer
Instrumental for the ""Awakening"" freestyle included in the session folder.","Nov 4, 2019",,,80.5,OG File,Lossless,
God's Country,"Awakening
(prod. BoogzDaBeast & FnZ)","OG Filename: Awakening - Inst 
Instrumental for the ""Awakening"" freestyle.",,,2:23,82,OG File,CD Quality,https://imgur.gg/f/L7ZHRnm
God's Country,"Awakening
(prod. BoogzDaBeast, Federico Vindver & FnZ)","OG Filename: Awakening (Boogz_FedeHorns) v1.2 ins 80.5
Instrumental for ""Awakening"" with Federico Vindver horns. The file is corrupt.","Nov 19, 2019",,2:30,80.5,Confirmed,Lossless,https://imgur.gg/f/FbsO5D9
God's Country,"Eternal Life
(prod. 808Melo, Axl Beats, BoogzDaBeast & Wallis Lane)
(Ambitious, Devil Weak, The Devil Is Weak, We Got Eternal Life)","OG Filename: end of eternal Master
Axl Beats drill version of ""Eternal Life"". Originally believed to be called ""Ambitious"", due to confusion over perceived lyrics mentioned in the GQ interview. Instrumental leaked as a bonus to the ""Donda 2 bundle"" Joebuy.",,"Sep 23, 2023",2:38,145,OG File,CD Quality,https://imgur.gg/f/NZdYYMx
God's Country,"Eternal Life
(prod. BoogzDaBeast & Wallis Lane)
(Ambitious, Devil Weak, The Devil Is Weak, We Got Eternal Life)","OG Filename: EL KC INST
Instrumental for KayCyy's ""Eternal Life"" reference track. Has slightly different drums compared to the Swae Lee produced version.","Nov 18, 2019","Sep 21, 2023",2:37,145,OG File,CD Quality,https://imgur.gg/f/9ZY1ioi
God's Country,"Fighting Fires
(feat. Sunday Service Choir) (prod. BoogzDaBeast, FnZ & Rory Noble)
(Faithful, Fightin Fire, My Soul)","OG Filename: ff inst
Found in the ""For Fede"" folder in the bounces. Most likely made November 12th, 2019, as it has the same length and is in the same folder as the ""short version"".","Nov 12, 2019",,1:05,86,OG File,CD Quality,https://imgur.gg/f/7KajUGL
God's Country,"FreeDem
(Heaven Calls, When Heaven Calls, Faith, Freedom)","OG Filename: faith 125_Master
Instrumental for ""FreeDem"".","Jan 16, 2020",,2:48,125,OG File,Lossless,
God's Country,"Future Bounce
(prod. BoogzDaBeast Federico Vindver, Nabeyin & Wallis Lane)
(Future, Future Of Sound, Future Sounds, TELEKINESIS, Ultrasounds)","OG Filename: Future Bounce (Boogz_FedeHorns) v1.2 83bpm INS
Later version of ""Future Sounds"" with added horns.","Nov 19, 2019",,3:04,83,OG File,Lossless,https://imgur.gg/f/ca471QB
God's Country,"Head Down
(prod. BoogzDaBeast)
(Hold The Line)","OG Filename: 85.5 - Head Down boogz chop PUSHA T 
Initial ""Hold The Line"" freestyle instrumental. Filename mentions Pusha T because he had selected this instrumental/song to be worked on further.",,,2:14,85.5,OG File,CD Quality,https://imgur.gg/f/vltegA1
God's Country,"In God's Country
(prod. BoogzDaBeast, FnZ & Israel Boyd) 
(Work It Out, God's Country)","OG Filename: In Gods Country - 06.04.20 Israel Drums Ref_NoYe
Version of ""In God's Country"" with drums from Israel Boyd.","Jun 4, 2020",,2:18,83,OG File,CD Quality,https://imgur.gg/f/EVroXmg
God's Country,"Jam 2
(prod. Kanye West, Rico Nichols & Darius Woodley)
(Idea 2)","OG Filename: 200309 Jam 2 - ASR Break Drums Melo
Instrumental for ""Jam 2"".","Mar 9, 2020","Mar 17, 2023",4:56,150,OG File,Lossless,https://imgur.gg/f/TkZawyv
God's Country,Oh Lord,"OG Filename: oh lord v7
Instrumental for ""Oh Lord"".","Jan 16, 2020",,3:31,88,OG File,Lossless,
God's Country,"Our King
(prod. BoogzDaBeast)
(Daniel Is Troubled)","OG Filename: Our King - Inst 76.5bpm 
Instrumental for the ""Our King"" freestyle.",,,3:46,76.5,OG File,High Quality,https://imgur.gg/f/gWpaS7k
God's Country,"Palm Springs
(prod. BoogzDaBeast & FnZ)","OG Filename: 191104 Ye Free_71 A The Way - Computer
Instrumental for ""Palm Springs"" included in the session folder.","Nov 4, 2019",,3:24,139,OG File,Lossless,
God's Country,"Pull Up Like Skuuurrr
(prod. BoogzDaBeast & ???)
(Skuuurrruurrr, Skuuurrr)","OG Filename: Pull Up Like Skuuurrr - 06.16.20 Ali
Featured on DONDA 2020 tracklists. Has no vocals.","Jun 16, 2020",,2:30,82,OG File,CD Quality,https://imgur.gg/f/Q2NH6mv
God's Country,"Spotlight
(prod. FnZ)","OG Filename: 138.0 - Spotlight FINATIK
Instrumental for ""Spotlight"".",,,1:27,138,OG File,Lossless,https://imgur.gg/f/cRDZVvk
God's Country,"Tulsa
(prod. BoogzDaBeast & FnZ)","OG Filename: 73.0 - B.A.S.E (TULSA) w_bass 10.06.19.1
Instrumental for ""Tulsa"" found in the session folder.","Oct 6, 2019",,2:25,73,OG File,Lossless,
God's Country,"Chance the Rapper & Lizzo - Better Move
(prod. Kanye West)","OG Filename: Better move kanye 2
Instrumental for the first version of ""Better Move"".",,,1:52,120,OG File,Lossless,https://imgur.gg/f/cMkfbBN
,"JESUS IS KING: The Dr. Dre Version
(Collaboration with Dr. Dre)
(JESUS IS KING II, JESUS IS LORD)","(10/25/2019) (JESUS IS KING officially releases)
(09/24/2020) (Dem Jointz reveals that Kanye is no longer focused on the project)",,,"The release of JESUS IS KING was met with mixed reviews from fans and critics. Kanye then took to Twitter to announce that he was working on a new album with Dr. Dre. Initially conceived as a remix album, it eventually grew to incorporate mainly unreleased material. During the #WESTDAYEVER campaign, Kanye did on Twitter in 2020, it was supposed to release officially, but never did. It ended up being scrapped sometime in 2020, as stated by producer Dem Jointz. Kanye posted the cover in 2022, which is assumed to be for the album.",,,,
,Sessions,,,,,,,,
JESUS IS KING: The Dr. Dre Version,"Use This Gospel (Remix)
(prod. Dr. Dre, Dem Jointz, Focus..., Blu2th & Travis Lawrence Jr.)
(Gospel, USE THIS GOSPEL (REMIX))","Snippet of the ""Use This Gospel (Remix)"" session. Unknown how large the session is, but according to the person who shared the snippet, there are various ""Use This Gospel"" / ""This Is The Glory"" freestyles. Snippet leaked June 7th, 2024.",,,,74,Snippet,High Quality,https://imgur.gg/f/gdgEjy9
JESUS IS KING: The Dr. Dre Version,"Use This Gospel (Remix)
(ref. CyHi) (prod. Dr. Dre, Dem Jointz, Focus..., Blu2th & Travis Lawrence Jr.)
(Gospel, USE THIS GOSPEL (REMIX))","OG Filename: Use This Gospel (Remix) 2.1_Cyhi - 200304
CyHi ""Use This Gospel"" reference track. Pro Tools session with the name ""10. Use This Gospel (Remix) 2.1_Cyhi - 200304"" was shown by a trusted source.","Mar 4, 2020",,,74,Rumored,Not Available,https://imgur.gg/f/q8zOLaY
,"DONDA [V1]
(DONDA: WITH CHILD, DND WTH CHLD, DND)","(07/18/2020) (Kanye announces his new album titled DONDA) 
(03/07/2021) (CyHi confirms that Kanye has resumed work on the album)",,,"With new inspiration to work on an album dedicated to his mother, Kanye continued working on previous demos and new ideas. The music of this era reflects Donda's impact on Kanye in a colorful sound while reflecting his mania and the stress he was going through focusing on his businesses while also running for President. With multiple failed release dates for the album, Kanye went into silence in early 2021, finishing up tracks until the album morphed into something very different.",,,,
,Stem Player Stems,,,,,,,,
DONDA [V1],"Sunday Service Choir - Gloria
(prod. Todd Bergman)","Version of the Sunday Service Choir song ""Gloria"" that was intended for release on the Stem Player.",,"Dec 12, 2024",3:29,106,Full,High Quality,https://imgur.gg/f/TWoPYbN
,Sessions,,,,,,,,
DONDA [V1],"Believe What I Say
(ref. Dem Jointz) (feat. Buju Banton, Dem Jointz & STALONE) (prod. AntMan Wonder & Dem Jointz)","OG Filename: Believe What I Say (Current Session)
Session for a September 2020 version arranged by Josh Berg.","Sep 28, 2020","May 16, 2026",Varied,100,OG File,Lossless,https://imgur.gg/f/tugHS29
DONDA [V1],"In God's Country
(feat. KayCyy & Common) (prod. 88-Keys, BoogzDaBeast & FnZ)
(Work It Out, God's Country)","OG Filename: God's Country_88BPM_export
Session for Common's feature on ""In God's Country"".","Jul 25, 2020",,1:55,88,OG File,Lossless,https://imgur.gg/f/v5iK5nh
DONDA [V1],"Life Of The Party
(prod. AllDay, Andrew Dawson, BoogzDaBeast, Dem Jointz, Federico Vindver & The Twilite Tone)
(lifeoftheloop, The Seraphim)","OG Filename: Life Of The Party - 7.30.20 Tone ADwork.1
Session for Andrew Dawson's edits to ""Life Of The Party"".","Jul 30, 2020",,4:12,79 / 80,Confirmed,Not Available,
DONDA [V1],"Life Of The Party
(prod. AllDay, Andrew Dawson, BoogzDaBeast, Dem Jointz, Federico Vindver & The Twilite Tone)
(lifeoftheloop, The Seraphim)","OG Filename: Copy of Life Of The Party - 7.30.20 Tone ADwork.1
Copied session for Andrew Dawson's edits to ""Life Of The Party"".","Aug 5, 2020",,4:12,79 / 80,OG File,Lossless,https://imgur.gg/f/gtO5JRi
DONDA [V1],"Lord I Need You
(feat. The WRLDFMS Tony Williams) (prod. BoogzDaBeast, E.VAX, FnZ & Francis Starlite)","Sessions for two early, finished version of the song, sent to and worked on by Dem Jointz respectively.","Jul 21, 2020","May 17, 2026",2:55,82.5,OG File,Lossless,"https://imgur.gg/f/5WDylvR
https://fileditchfiles.me/file.php?f=/alpha4/7e6926f40a98c7d11542/Liny_%28session_1%29.zip"
DONDA [V1],"South Carolina
(ref. Pusha T) (feat. STALONE & Sunday Service Choir) (prod. BoogzDaBeast, Che Pope & FnZ)
(Donda, Donda's Glory, Glory)","Logic Pro session for Che Pope's version of ""South Carolina"". Used in Che Pope's ""Track Review"" video with Aulart.",,,,79,Confirmed,Not Available,
DONDA [V1],"Playboi Carti - Go2DaMoon
(feat. Kanye West) (prod. Wheezy)","Snippets from the Pro Tools session of ""Go2DaMoon"" were shared showcasing Playboi Carti doing extra unheard vocals and some of Kanye's verse. The session is said to have over 200 Carti vocal takes, and was being sold for $3000. Snippets leaked January 20th, 2021.",,,,147,Snippet,CD Quality,""
,Studio Stems,,,,,,,,
DONDA [V1],"24
(ref. Dem Jointz) (feat. KayCyy, Sunday Service Choir, Buju Banton & SAINt JHN) (prod. BoogzDaBeast, Dem Jointz, Rico Nichols & Darius Woodley)
(24 Hours)","OG Filename: 24
Stems for the version sent to FnZ. Included in the ""50gb of Donda 2020"" buy.","Oct 5, 2020","Sep 17, 2023",3:43,102,OG File,Lossless,
DONDA [V1],"24
(ref. Dem Jointz) (feat. KayCyy, Sunday Service Choir, Buju Banton & SAINt JHN) (prod. BoogzDaBeast, FnZ, Dem Jointz, Rico Nichols & Darius Woodley)
(24 Hours)","OG Filename: 24 V4
Stems for another version of ""24"" from October 14th. Included in the ""50gb of Donda 2020"" buy.","Oct 14, 2020","Sep 17, 2023",3:36,102,OG File,Lossless,https://imgur.gg/f/JPmOmRn
DONDA [V1],"24
(ref. Dem Jointz) (feat. KayCyy, Sunday Service Choir, SAINt JHN, Buju Banton & Summer Walker) (prod. BoogzDaBeast, FnZ, Dem Jointz, Rico Nichols & Darius Woodley)
(24 Hours)","OG Filename: 24 V6 102BPM
Stems for another version of ""24"" from October 26th. Included in the ""50gb of Donda 2020"" buy.","Oct 26, 2020","Sep 17, 2023",5:15,102,OG File,Lossless,https://imgur.gg/f/Rvbnzp3
DONDA [V1],"24
(ref. Dem Jointz) (feat. KayCyy, Sunday Service Choir, SAINt JHN, Buju Banton) (prod. BoogzDaBeast, FnZ, Dem Jointz, Rico Nichols & Darius Woodley)
(24 Hours)","OG Filename: 24 V10 102 BPM
Stems for a version of ""24"" from October 31st. Included in the ""50gb of Donda 2020"" buy.","Oct 31, 2020","Sep 17, 2023",3:43,102,OG File,Lossless,https://imgur.gg/f/4Dkur8F
DONDA [V1],"24
(feat. KayCyy, Todd Rundgren & Sunday Service Choir) (prod. Ojivolta, Dem Jointz, Rico Nichols & Darius Woodley)
(24 Hours)","Stems for a late 2020 version of ""24"". with Todd Rundgren vocals.","Dec 4, 2020",,2:43,102,OG File,Lossless,https://imgur.gg/f/TWUZMkm
DONDA [V1],"Believe What I Say
(ref. Dem Jointz) (feat. Buju Banton, Dem Jointz & STALONE) (prod. Dem Jointz, BoogzDaBeast, FnZ & AntMan Wonder)","OG Filename: Believe What I Say
Stems for a version of ""Believe What I Say"" from October 2nd. Included in the ""50gb of Donda 2020"" buy.","Oct 2, 2020","Sep 17, 2023",4:04,100,OG File,Lossless,https://imgur.gg/f/pZ8DteQ
DONDA [V1],"Believe What I Say
(ref. Dem Jointz) (feat. Buju Banton, Dem Jointz & STALONE) (prod. Dem Jointz, BoogzDaBeast, FnZ & AntMan Wonder)","OG Filename: Believe What I Say V2
Included in the ""50gb of Donda 2020"" buy.","Oct 10, 2020","Sep 17, 2023",3:48,100,OG File,Lossless,https://imgur.gg/f/8AHRRFg
DONDA [V1],"Ojivolta - Loretta
(prod. Ojivolta)
(City Of Lost Angels)","OG Filename: Ojivolta - Loretta V.1 Cmin 139 Bpm
Original Ojivolta loop that later became ""City Of Lost Angels"".",,"Jan 2, 2026",2:04,96,OG File,High Quality,
DONDA [V1],"City of Lost Angels
(ref. Dem Jointz) (prod. Dem Jointz & Ojivolta)
(Loretta)","OG Filename: City of Lost Angels - 21.02.02 V1 Match STEMS 139
Stems for the February 2021 version of ""City of Lost Angels"". Included in the ""Run It Up"" + ""City of Lost Angels"" buy.","Feb 2, 2021",,2:57,139,OG File,Lossless,https://imgur.gg/f/APPMcl6
DONDA [V1],"Codeine
(prod. Kanye West, BoogzDaBeast & FnZ)","OG Filename: CODEINE V1 115 BPM
Stems for a more developed version of ""Codeine"". Included in the ""50gb of Donda 2020"" buy.","Nov 12, 2020","Sep 17, 2023",2:05,115,OG File,Lossless,https://imgur.gg/f/dQhGpLf
DONDA [V1],"Feel A Way
(ref. Dem Jointz) (prod. BoogzDaBeast & FnZ)
(Wavy)","OG Filename: Feel A Way - STEMS (V4 & V5)
Included in the ""50gb of Donda 2020"" buy.","Sep 12, 2020","Sep 17, 2023",3:37,75,OG File,Lossless,https://imgur.gg/f/JgrxJIo
DONDA [V1],"Fighting Fires
(ref. Arrowstar) (feat. Israel Boyd, Todd Rundgren & Zac) (prod. 88-Keys, BoogzDaBeast, FnZ & Rory Noble)
(MY SOUL, Faithful, Fightin Fire)","OG Filename: Fighting Fires TR Stems
Stems for an early 2021 version of ""Fighting Fires"".","Jan 2, 2021","Jan 1, 2024",3:26,86,OG File,Lossless,https://imgur.gg/f/Vbin5zf
DONDA [V1],"Fighting Fires [Sample Stem]
(prod. FnZ)
(MY SOUL, Faithful, Fightin Fire)","OG Filename: Fighting Fires 86 BPM
Stem for the sample of ""Fighting Fires"".","Mar 1, 2020",,1:32,86,OG File,Lossless,https://imgur.gg/f/sLZVCJD
DONDA [V1],"Future Sounds
(feat. Travis Scott & Victory) (prod. BoogzDaBeast, Nabeyin, RONNY J & Wallis Lane)
(Future, Future Bounce, Future Of Sound, TELEKINESIS, Ultrasounds)","Stems for ""Future Sounds"". Seemingly combines stems from multiple versions of the song. Supposedly called ""Ultrasounds"", but all OG files in the folder refer to the song as ""Future Sounds.""","Jul 31, 2020","Dec 16, 2021",5:06,83,OG File,Lossless,"https://imgur.gg/f/hkaBlSO
https://drive.google.com/file/d/17_TJlrZWRaQh3WkHutDgrVHVtqytoUhx/view?usp=sharing"
DONDA [V1],"Future Sounds
(ref. CyHi & C-Murder) (feat. Travis Scott, C-Murder & Harmony) (prod. BoogzDaBeast, FnZ, Nabeyin & Wallis Lane)
(Future, Future Bounce, Future Of Sound, TELEKINESIS, Ultrasounds)","OG Filename: Future Sounds
Included in the ""50gb of Donda 2020"" buy.","Sep 15, 2020","Sep 17, 2023",3:46,83,OG File,CD Quality,https://imgur.gg/f/TTksP7W
DONDA [V1],"Future Sounds
(ref. CyHi & C-Murder) (feat. Travis Scott, C-Murder & Harmony) (prod. BoogzDaBeast, FnZ, Nabeyin & Wallis Lane)
(Future, Future Bounce, Future Of Sound, TELEKINESIS, Ultrasounds)","OG Filename: Future Sounds V2 (Long) 83 BPM
Stems for a further developed version of ""Future Sounds"". Included in the ""50gb of Donda 2020"" buy.","Oct 31, 2020","Sep 17, 2023",3:52,83,OG File,Lossless,https://imgur.gg/f/Agbo6zb
DONDA [V1],"Future Sounds
(ref. CyHi) (feat. Travis Scott & Harmony) (prod. BoogzDaBeast, FnZ, Nabeyin & Wallis Lane)
(Future, Future Bounce, Future Of Sound, TELEKINESIS, Ultrasounds)","OG Filename: Future Sounds V3 (Short) 83 BPM
Stems for the same version of ""Future Sounds"", but without the C-Murder verse. Included in the ""50gb of Donda 2020"" buy.","Oct 31, 2020","Sep 17, 2023",2:52,83,OG File,Lossless,https://imgur.gg/f/hrOfcXE
DONDA [V1],"Future Sounds
(feat. Travis Scott) (prod. BoogzDaBeast, Nabeyin, RONNY J & Wallis Lane)
(Future, Future Bounce, Future Of Sound, TELEKINESIS, Ultrasounds)","OG Filename: Future Sounds V5 83 BPM
Stems for the final December version of ""Future Sounds"". Included in the ""50gb of Donda 2020"" buy.","Dec 2, 2020","Sep 17, 2023",2:13,83,OG File,Lossless,https://imgur.gg/f/rOgutDU
DONDA [V1],"Glory
(feat. Zac) (prod. BoogzDaBeast & FnZ)
(Donda, Donda's Glory, South Carolina)","OG Filename: Glory 157 PM STEMS
Earlier stems for the BoogzDaBeast and FnZ replay of ""Glory"". Found in FnZ's ""Sample INFO"" folder from their shared Google Drive with Boogz.","Oct 17, 2020","Sep 17, 2023",0:57,157,OG File,Lossless,https://imgur.gg/f/nbldtHt
DONDA [V1],"Glory
(feat. Zac) (prod. BoogzDaBeast & FnZ)
(Donda, Donda's Glory, South Carolina)","OG Filename: Glory Replay
Included in the ""50gb of Donda 2020"" buy. Meant to be looped.","Nov 7, 2020","Sep 17, 2023",0:24,157,OG File,Lossless,https://imgur.gg/f/4o6KMSi
DONDA [V1],"South Carolina
(ref. Pusha T) (prod. BoogzDaBeast & FnZ)
(Donda, Donda's Glory, Glory)","Stems for the 12.11.20 version of ""South Carolina"".","Dec 11, 2020",,,79,Confirmed,Not Available,
DONDA [V1],"God's Country
(feat. Travis Scott) (prod. Dez Wright, 30 Roc, Zentachi, Rico Nichols, Darius Woodley & E.VAX)","OG Filename: Gods Country - 10.26.20 Drum Clean Up Stems
Stems for a version of ""God's Country"" with worse mixed elements than later versions. Also has original drum patterns included.","Oct 26, 2020",,2:56,150,OG File,Lossless,https://imgur.gg/f/K1LP9ap
DONDA [V1],"God's Country
(feat. Travis Scott) (prod. Dez Wright, BoogzDaBeast, FnZ, 30 Roc, Zentachi, Rico Nichols, Darius Woodley & E.VAX)","OG Filename: Gods Country V1 150 BPM
Stems for an October 31st version of ""God's Country"". Included in the ""50gb of Donda 2020"" buy.","Oct 31, 2020","Sep 17, 2023",3:00,150,OG File,Lossless,https://imgur.gg/f/wXxeu3Q
DONDA [V1],"Heaven On Earth
(feat. Buju Banton) (prod. Dem Jointz)
(Heaven And Earth)","OG Filename: Heaven On Earth bpm 178
Stems for ""Heaven And Earth"". Included in the ""50gb of Donda 2020"" buy.","Dec 5, 2020","Sep 17, 2023",3:14,178,OG File,Lossless,https://imgur.gg/f/2HLsNaz
DONDA [V1],"I Feel Terrific
(prod. E.VAX, Aaron Reid, BoogzDaBeast & FnZ)","OG Filename: I Feel Terrfic 108 BPM
Included in the ""50gb of Donda 2020"" buy.","Sep 13, 2020","Sep 17, 2023",1:36,108,OG File,CD Quality,https://imgur.gg/f/EajKsUl
DONDA [V1],"I Feel Terrific
(prod. E.VAX, Aaron Reid, BoogzDaBeast & FnZ)","OG Filename: I Feel Terrific V1 108 BPM
Stems for the BoogzDaBeast and FnZ version of ""I Feel Terrific"". Included in the ""50gb of Donda 2020"" buy.","Sep 14, 2020","Sep 17, 2023",1:39,108,OG File,Lossless,
DONDA [V1],"I Know God Breathed On This
(God Breathed, Breathe, God Breathed On This, God Breathes, I Know God, God Breath On This)","OG Filename: I Know God Breathed On This
Included in the ""50gb of Donda 2020"" buy.","Sep 13, 2020","Sep 17, 2023",2:46,65,OG File,CD Quality,https://imgur.gg/f/msdT98G
DONDA [V1],"I Know God Breathed On This
(God Breathed, Breathe, God Breathed On This, God Breathes, I Know God, God Breath On This)","OG Filename: I Know God Breathed On This - Chords - 12.12.20 Drums_No Vocals_65Bpm
Stems for a late 2020 version of ""I Know God Breathed On This""","Dec 12, 2020",,4:00,65,OG File,Lossless,https://imgur.gg/f/fDb1ZM0
DONDA [V1],"I Know God Breathed On This
(prod. Todd Rundgren)
(God Breathed, Breathe, God Breathed On This, God Breathes, I Know God, God Breath On This)","OG Filename: IKGBOT
Studio quality stems for the Todd Rundgren version of ""I Know God Breathed On This"". Leaked September 2021. ","Jan 27, 2021",,3:02,130,OG File,Lossless,"https://imgur.gg/f/jQ6hGIe
https://mega.nz/folder/jgUnSI7C#fv0PlOCfThOd-q1bCp_ncA"
DONDA [V1],"In God's Country
(feat. Justin Bieber, KayCyy & Common) (prod. 88-Keys, BoogzDaBeast & FnZ)
(Work It Out, God's Country)","Stems for a July 2020 version of ""In God's Country"".","Jul 27, 2020",,2:42,83,OG File,Lossless,https://imgur.gg/f/FQT3lHf
DONDA [V1],"In God's Country
(feat. Justin Bieber, KayCyy, Common & Todd Rundgren) (prod. 88-Keys, BoogzDaBeast, FnZ & Todd Rundgren)
(Work It Out, God's Country)","Stems for a December 2020 version of ""In God's Country"". Exact file date is not yet known.",,,3:05,83,OG File,Lossless,https://imgur.gg/f/1qOyNic
DONDA [V1],"Keep My Spirit Alive
(ref. ???, ???, Arrowstar, Consequence & Dem Jointz) (feat. KayCyy, Westside Gunn & Conway the Machine) (prod. BoogzDaBeast Dem Jointz, E.VAX, FnZ, Rico Nichols & Darius Woodley)
(Keep Our Spirit Alive)","OG Filename: Keep My Spirit Alive 83 BM
Stems for a September 2020 version of ""Keep My Spirit Alive"". Included in the ""50gb of Donda 2020"" buy.","Sep 16, 2020","Sep 17, 2023",6:21,83,OG File,Lossless,
DONDA [V1],"Life Of The Party
(prod. BoogzDaBeast, Federico Vindver, Angel Lopez, AllDay & Dem Jointz)
(lifeoftheloop, The Seraphim)","OG Filename: LOTP (synth ending version) F+A stems
Stems for an early version for ""Life Of The Party"" with a synth ending.","Nov 5, 2020",,3:18,79 / 80,OG File,Lossless,https://imgur.gg/f/Czbz4yO
DONDA [V1],"Lord I Need You
(ref. Pusha T) (feat. SAINt JHN) (prod. BoogzDaBeast, E.VAX, F a l l e n, FnZ & Ojivolta)
(Lord, Lord I Need You, Lord I Need You Right Now, Lord I Need You To Wrap Your Arms Around Me)","OG Filename: Lord I Need You
Included in the ""50gb of Donda 2020"" buy.","Sep 17, 2020","Sep 17, 2023",4:52,166,OG File,CD Quality,https://imgur.gg/f/WsfNerq
DONDA [V1],"Lord I Need You
(ref. Pusha T) (feat. SAINt JHN & The WRLDFMS Tony Williams) (prod. BoogzDaBeast, E.VAX, F a l l e n, FnZ & Ojivolta)
(Lord, Lord I Need You, Lord I Need You Right Now, Lord I Need You To Wrap Your Arms Around Me)","OG Filename: Lord I Need You 166 BPM
Stems for September 2020 version of ""Lord I Need You"". Included in the ""50gb of Donda 2020"" buy.","Oct 31, 2020","Sep 17, 2023",4:02,166,OG File,Lossless,https://imgur.gg/f/CvMWDXg
DONDA [V1],"Made It
(prod. Ojivolta)","OG Filename: Made It Stems 88bpm
Kanye acapella & Instrumental for ""Made It"".","Dec 9, 2020",,4:21,88,OG File,Lossless,https://imgur.gg/f/TmDkHrN
DONDA [V1],"Made It
(prod. Ojivolta)","OG Filename: 01 Made It
Midi stems for ""Made It"".","Dec 15, 2020",,4:30,88,OG File,Lossless,https://imgur.gg/f/F3d5VMN
DONDA [V1],"Made It
(feat. Playboi Carti & Justin Austin) (prod. Ojivolta)","OG Filename: Made It 88
Version of ""Made It"" with the Carti and Kanye acapellas and a new instrumental.","Dec 23, 2020",,4:27,88,OG File,Lossless,https://imgur.gg/f/P52cQrn
DONDA [V1],"Nah Nah Nah
(ref. Dem Jointz) (prod. Dem Jointz)","OG Filename: NA NA NA STEMS
Full Stems for ""Nah Nah Nah"".","Oct 23, 2020",,2:58,150,OG File,Lossless,https://imgur.gg/f/y5JeM9P
DONDA [V1],"Nah Nah Nah (Remix)
(ref. Dem Jointz) (feat. DaBaby & 2 Chainz) (prod. Dem Jointz, BoogzDaBeast & FnZ)","OG Filename: NA NA NA V5 150 BPM
Full Stems for ""Nah Nah Nah (Remix)"".","Oct 23, 2020",,2:58,150,OG File,Lossless,
DONDA [V1],"Nah Nah Nah (Remix)
(ref. Dem Jointz) (feat. DaBaby & 2 Chainz) (prod. Dem Jointz, BoogzDaBeast & FnZ)","OG Filename: NA NA NA V9 150 BPM
Full Stems for ""Nah Nah Nah (Remix)"".","Oct 26, 2020",,2:58,150,OG File,Lossless,
DONDA [V1],"Off The Grid
(prod. 30 Roc & Ojivolta)","OG Filename: Off The Grid 133 BPM
Included in the ""50gb of Donda 2020"" buy.","Sep 13, 2020","Sep 17, 2023",2:31,133,OG File,CD Quality,
DONDA [V1],"Off The Grid
(ref. Pusha T) (feat. 2 Chainz) (prod. 30 Roc, BoogzDaBeast, FnZ & Ojivolta)","OG Filename: Off The Grid V2 (Clap Added) 133 BPM
Included in the ""50gb of Donda 2020"" buy.","Sep 14, 2020","Sep 17, 2023",2:31,133,OG File,Lossless,
DONDA [V1],"Off The Grid
(ref. Pusha T) (feat. 2 Chainz) (prod. BoogzDaBeast & FnZ)","OG Filename: Off The Grid V4 133 BPM
Leaked stems for a version of ""Off the Grid"" featuring 2 Chainz. Included in the ""50gb of Donda 2020"" buy.","Dec 22, 2020","Sep 17, 2023",1:42,133,OG File,Lossless,https://imgur.gg/f/FmxIfWp
DONDA [V1],"Off The Grid
(feat. Playboi Carti) (prod. 30 Roc, BoogzDaBeast & FnZ)","OG Filename: Off The Grid
Leaked stems for a version of ""Off the Grid"".","Dec 22, 2020","Sep 20, 2021",1:42,133,OG File,Lossless,https://imgur.gg/f/M194iOQ
DONDA [V1],"Ojivolta Freestyles (Part 1)
(prod. Ojivolta)","OG Filename: - Ye OGiVolta Freestlyes 11.16.20 pt.1
Included in the ""50gb of Donda 2020"" buy. Has Ye 03 - Ye 05","Nov 16, 2020","Sep 17, 2023",Varied,Varied,OG File,Lossless,https://imgur.gg/f/E7F2sEx
DONDA [V1],"Ojivolta Freestyles (Part 2)
(prod. Ojivolta)","OG Filename: - Ye OGiVolta Freestlyes 11.16.20 pt.2
Included in the ""50gb of Donda 2020"" buy. Has Ye 06 - Ye 14","Nov 16, 2020","Sep 17, 2023",Varied,Varied,OG File,Lossless,https://imgur.gg/f/7ZPiBDo
DONDA [V1],"Palm Springs
(prod. FnZ)","OG Filename: Palm Springs - For Fede
Rebounced stems for the original ""Palm Springs"" instrumental.","Oct 31, 2020","Sep 17, 2023",0:55,139,OG File,Lossless,https://imgur.gg/f/xyRdwF0
DONDA [V1],"Praise God
(feat. Travis Scott) (prod. 30 Roc, E.VAX & Zentachi)","OG Filename: Praise God 118 BPM
Included in the ""50gb of Donda 2020"" buy.","Sep 13, 2020","Sep 17, 2023",1:46,118,OG File,CD Quality,https://imgur.gg/f/RZUwMFI
DONDA [V1],"Praise God
(ref. Bruza The General) (feat. Travis Scott) (prod. 30 Roc, E.VAX, FnZ & Zentachi)
(Praise)","OG Filename: Praise God V1 118 BPM
Included in the ""50gb of Donda 2020"" buy.","Sep 14, 2020","Sep 17, 2023",2:10,118,OG File,Lossless,
DONDA [V1],"Praise God
(ref. Bruza The General) (feat. Travis Scott) (prod. 30 Roc, E.VAX, FnZ & Zentachi)
(Praise)","OG Filename: Praise God V3 118 BPM
Included in the ""50gb of Donda 2020"" buy.","Oct 7, 2020","Sep 17, 2023",2:16,118,OG File,Lossless,https://imgur.gg/f/1laYaM8
DONDA [V1],"Praise God
(ref. Bruza The General) (feat. Dem Jointz & Travis Scott) (prod. 30 Roc, E.VAX, FnZ & Zentachi)
(Praise)","OG Filename: Praise God V6 121 BPM
Included in the ""50gb of Donda 2020"" buy.","Dec 5, 2020","Sep 17, 2023",1:57,121,OG File,Lossless,https://imgur.gg/f/gXfNrzO
DONDA [V1],"Praise God
(ref. Pusha T) (feat. Travis Scott) (prod. Ojivolta)","OG Filename: Praise God
Leaked studio quality stems for the December 2020 version of ""Praise God"", leaked in September 2021.","Dec 22, 2020",,2:30,118,OG File,Lossless,"https://mega.nz/folder/T8NTkS5C#rZFAyrSxRjp2ftVan1qi4w"
DONDA [V1],"Precious
(ref. Dem Jointz) (feat. Dem Jointz) (prod. Dem Jointz, E.VAX, Rico Nichols & Darius Woodley)
(Hands Down, Stay On 'Em, With Child)","OG Filename: Precious - stems
Stems for the New Years tracklist version of ""Precious"". Leaked after a groupbuy.","Jul 20, 2020","Mar 27, 2026",3:00,149,OG File,Lossless,
DONDA [V1],"Sweet Jesus
(feat. Sunday Service Choir & Federico Vindver)
(Belt Of Truth, Jesus Sweet Jesus)","OG Filename: F+A Sweet Jesus Stems
A late 2020 bounce of ""Sweet Jesus"" stems, once again focusing on vocal stacking.","Nov 23, 2020",,1:53,83,OG File,Lossless,
DONDA [V1],"Tell The Vision
(prod. E.VAX & BoogzDaBeast)
(We Made It, RIP Pop Smoke)","OG Filename: Tell The Vision
Included in the ""50gb of Donda 2020"" buy.","Sep 13, 2020","Sep 17, 2023",2:34,144,OG File,CD Quality,https://imgur.gg/f/AxXHhma
DONDA [V1],"Tell The Vision
(ref. Conway the Machine) (feat. 2 Chainz) (prod. BoogzDaBeast & FnZ)
(RIP Pop Smoke, Television, We Made It)","OG Filename: Tell The Vision V1 144 BPM
Included in the ""50gb of Donda 2020"" buy.","Sep 14, 2020","Sep 17, 2023",2:53,144,OG File,Lossless,https://imgur.gg/f/Ts5q604
DONDA [V1],"Tell The Vision
(ref. Conway the Machine) (feat. 2 Chainz & Pop Smoke) (prod. BoogzDaBeast, FnZ, Rico Nichols & Darius Woodley)
(RIP Pop Smoke, Television, We Made It)","OG Filename: Tell The Vision V5_V6
Included in the ""50gb of Donda 2020"" buy.","Oct 13, 2020","Sep 17, 2023",4:33,144,OG File,Lossless,https://imgur.gg/f/6N5XJvr
DONDA [V1],"Tell The Vision
(ref. Conway the Machine) (feat. 2 Chainz & Pop Smoke) (prod. BoogzDaBeast, FnZ, Rico Nichols & Darius Woodley)
(RIP Pop Smoke, Television, We Made It)","OG Filename: Tell The Vision V7 144 BPM
Included in the ""50gb of Donda 2020"" buy.","Oct 14, 2020","Sep 17, 2023",4:36,144,OG File,Lossless,https://imgur.gg/f/HHsq14a
DONDA [V1],"This Is God's Test
(ref. Dem Jointz) (feat. 2 Chainz & KayCyy) (prod. BoogzDaBeast, Dem Jointz & FnZ)
(God's Test, This Is Progress)","OG Filename: This Is Gods Test
Included in the ""50gb of Donda 2020"" buy.","Oct 16, 2020","Sep 17, 2023",4:40,109,OG File,Lossless,https://imgur.gg/f/y8dMe3q
DONDA [V1],"This Is God's Test [Sample Stem]
(prod. FnZ)
(God's Test, This Is Progress)","OG Filename: He Will Make A Way 164 BPM (Flip)
Stem for the sample of ""God's Test"".","Nov 18, 2019","Sep 17, 2023",0:58,164,OG File,Lossless,https://imgur.gg/f/yGX427z
DONDA [V1],"Welcome To My Life
(feat. Ty Dolla $ign) (prod. BoogzDaBeast, FnZ, Rico Nichols & Darius Woodley)","OG Filename: Welcome To My Life
Included in the ""50gb of Donda 2020"" buy.","Sep 15, 2020","Sep 17, 2023",4:12,156,OG File,CD Quality,https://imgur.gg/f/I8oVL2H
DONDA [V1],"Welcome To My Life
(feat. Ty Dolla $ign) (prod. BoogzDaBeast, FnZ, Rico Nichols & Darius Woodley)","OG Filename: Welcome To My Life (156.35 BPM)
Included in the ""50gb of Donda 2020"" buy.","Sep 16, 2020","Sep 17, 2023",3:59,156.35,OG File,Lossless,
DONDA [V1],"Welcome To My Life
(feat. Ty Dolla $ign) (prod. BoogzDaBeast, FnZ, Rico Nichols & Darius Woodley)","OG Filename: Welcome To My Life V2
Stems for the finished version of ""Welcome To My Life"". Included in the ""50gb of Donda 2020"" buy.","Oct 31, 2020","Sep 17, 2023",3:45,156,OG File,Lossless,https://imgur.gg/f/KnWT2x2
DONDA [V1],"What Has America Done For Me
(ref. Dem Jointz) (prod. Dem Jointz, RONNY J BoogzDaBeast & FnZ)
(America, What Has America Done 4 Me, What Has America Done, City Of Lost Angels, What Have America Done For You)","OG Filename: What have america done for me RJ YE 119  FINAL STEMS
Full Beat Stems for the RONNY J version of ""What Has America Done 4 Me"".","Nov 24, 2020",,2:21,119,OG File,Lossless,
DONDA [V1],"Ojivolta - Boomie
(prod. Ojivolta)
(Karate Kid)","OG Filename: Ojivolta - Boomie V.1 EbMaj 145bpm
Original Ojivolta loop that later became ""Karate Kid"".",,"Jan 2, 2026",1:06,145,OG File,High Quality,
DONDA [V1],"Playboi Carti - Go2DaMoon
(feat. Kanye West) (prod. BoogzDaBeast & FnZ)","OG Filename: Go 2 Moon 147 BPM STEMS
Full Stems for ""Go2DaMoon"". Vocals are AI extracted and the stems are not similar to release.","Dec 21, 2020",,2:13,147,OG File,Lossless,https://imgur.gg/f/ej7anth
DONDA [V1],"Playboi Carti - Go2DaMoon [Sample]
(feat. Kanye West)","OG Filename: Go 2 Moon Sample Replay 147 BPM
Sample replay for ""Go2DaMoon"".","Dec 21, 2020",,2:12,147,OG File,Lossless,https://imgur.gg/f/TlP3oVd
DONDA [V1],"Playboi Carti - Go2DaMoon [Sample]
(feat. Kanye West)","OG Filename: - Go2DaMoon Replay
Sample replay for ""Go2DaMoon"", different from the one above. Made 2021-01-05.","Jan 5, 2021",,1:59,147,OG File,Lossless,https://imgur.gg/f/wGWCRFb
DONDA [V1],"SAINt JHN - Smack DVD
(ref. Dem Jointz) (feat. Kanye West) (prod. Dem Jointz, Ronny J & ​shadyboy)","OG Filename: Smack DVD 157 BPM
Included in the ""50gb of Donda 2020"" buy.","Jun 29, 2020","Sep 17, 2023",3:24,157,OG File,Lossless,
DONDA [V1],"SAINt JHN - Smack DVD
(ref. Dem Jointz) (feat. Kanye West) (prod. Dem Jointz, Ronny J & ​shadyboy)","OG Filename: Smack DVD V1 157 BPM
Included in the ""50gb of Donda 2020"" buy.","Sep 8, 2020","Sep 17, 2023",3:23,157,OG File,Lossless,
DONDA [V1],"SAINt JHN - Smack DVD
(ref. Dem Jointz) (feat. Kanye West) (prod. Dem Jointz, Ronny J & ​shadyboy)","OG Filename: Smack DVD V2 157 BPM
Included in the ""50gb of Donda 2020"" buy.","Sep 9, 2020","Sep 17, 2023",3:23,157,OG File,Lossless,
,Acapellas,,,,,,,,
DONDA [V1],"24 [Summer Walker Vocal Stem]
(feat. Summer Walker)","OG Filename: 24 - 10.21.20 SW Ref Print_acca
Summer Walker acapella for the ""10.21.20 SW Ref Print"" version of ""24"".","Oct 21, 2020","Sep 17, 2023",2:14,102,OG File,High Quality,
DONDA [V1],"Believe What I Say
(feat. Dem Jointz & STALONE)","OG Filename: BELEIVE WHAT I SAY (PREMIX TWO 100bpm) BGVs
Background vocals for the second Dem Jointz premix of ""Believe What I Say"". Found in the session for Josh Berg's arrangement.","Sep 27, 2020","May 16, 2026",4:04,100,OG File,Lossless,
DONDA [V1],"Believe What I Say [Sunday Service Choir Vocal Stem]
(feat. Sunday Service Choir)","OG Filename: Believe What I Say - FV choir edit 100bpm
Acapella for the Sunday Service Choir's vocals for ""Believe What I Say"". Slightly earlier version with less vocals.","Nov 7, 2020",,3:50,100,OG File,Lossless,
DONDA [V1],"Believe What I Say [Sunday Service Choir Vocal Stem]
(feat. Sunday Service Choir)","OG Filename: Believe What I Say - SS choir FV choir edit V2 100bpm
Acapella for the Sunday Service Choir's vocals for ""Believe What I Say"". Later version with more vocals.","Nov 9, 2020",,3:22,100,OG File,Lossless,
DONDA [V1],"Feel A Way
(ref. Dem Jointz)
(Wavy)","OG Filename: Feel A Way - 08.25.20 Ye Freestyle (RX Acapella)
Acapella for an early version of ""Feel A Way"". AI extracted for some reason.","Aug 25, 2020",,3:37,150,OG File,Lossless,https://imgur.gg/f/yNQQLfJ
DONDA [V1],"2 Chainz - Feel A Way
(ref. Dem Jointz) (feat. Kanye West & Brent Faiyaz)
(Wavy)","OG Filename: 01 Feel A Way x YE x BRENT (MIKE_01 DIY Acca)
AI extracted acapella for the MIKE DEAN and Sean Solymar version of ""Feel A Way"". Found in a folder of files bounced by BoogzDaBeast.","Oct 23, 2020","Sep 17, 2023",4:48,150,OG File,High Quality,https://imgur.gg/f/fH2wnST
DONDA [V1],I Feel Terrific,"OG Filename: EVAN acapella chop.01-St
Acapella for ""I Feel Terrific"" arranged by E.VAX. Contains a long period of silence at the end.","Jul 31, 2020",,3:35,108,OG File,Lossless,https://imgur.gg/f/thTY3Mf
DONDA [V1],"In God's Country [Common Vocal Stem] [Dry Acapella]
(feat. Common)","Acapella for the full Common ""In God's Country"" verse without effects.",,,1:35,83,OG File,Lossless,https://imgur.gg/f/BbrtBZL
DONDA [V1],"In God's Country [Common Vocal Stem] [Wet Acapella]
(feat. Common)","Acapella for the full Common ""In God's Country"" verse with effects.",,,1:35,83,OG File,Lossless,https://imgur.gg/f/5bBAq8Z
DONDA [V1],"Keep My Spirit Alive [Kanye Vocal Stem]
(ref. Dem Jointz)
(Keep Our Spirit Alive)","Unmixed acapella for Kanye's full verse on ""Keep My Spirit Alive""",,,7:24,83,OG File,Lossless,https://imgur.gg/f/qV3Ge9S
DONDA [V1],"Keep My Spirit Alive [Kanye Vocal Stem FX]
(ref. Dem Jointz)
(Keep Our Spirit Alive)","Stem for the effects on the ""paid"" and ""shoulders"" lines.",,,7:24,83,OG File,Lossless,https://imgur.gg/f/VlWHQPG
DONDA [V1],"Nah Nah Nah [2 Chainz Vocal Stem]
(feat. 2 Chainz)","OG Filename: 2 Chainz Lead ACA - Nah Nah Nah
Acapella for 2 Chainz's ""Nah Nah Nah"" verse.","Oct 23, 2020","Sep 17, 2023",1:07,150,OG File,High Quality,
DONDA [V1],"Nah Nah Nah [2 Chainz Adlibs Stem]
(feat. 2 Chainz)","OG Filename: 2 Chainz Adlibs ACA - Nah Nah Nah
Acapella for 2 Chainz's adlibs on his ""Nah Nah Nah"" verse.","Oct 23, 2020","Sep 17, 2023",1:07,150,OG File,High Quality,
DONDA [V1],"This Is The Glory [Sunday Service Choir Vocal Stem]
(feat. Sunday Service Choir)","OG Filename: This Is The Glory - SS choir FV Choir Lead 78.5bpm
Acapella for the Sunday Service Choir's lead vocals for ""This Is The Glory"".","Nov 9, 2020",,0:31,78.5,OG File,Lossless,
DONDA [V1],Welcome To My Life,"OG Filename: Welcome To My Life - 05.22.20 Shorter Ye_acca
Acapella found in the session metadata for CyHi's third ""Lord I Need You"" reference track.",,"May 22, 2020",,156.35,Confirmed,Not Available,
,Instrumentals,,,,,,,,
DONDA [V1],"Believe What I Say
(prod. AntMan Wonder & Dem Jointz)","OG Filename: BELEIVE WHAT I SAY (PREMIX TWO 100bpm) inst
Instrumental for the second Dem Jointz premix of ""Believe What I Say"". Found in the session for Josh Berg's arrangement.","Sep 27, 2020","May 16, 2026",4:04,100,OG File,Lossless,
DONDA [V1],"Believe What I Say
(feat. Dem Jointz & STALONE) (prod. Dem Jointz, BoogzDaBeast, FnZ & AntMan Wonder)","OG Filename: Believe What I Say V2 (INSTRUMENTAL)
Instrumental for an early version of ""Believe What I Say"". Has Dem Jointz and STALONE's vocals during the bridge at 0:48.","Oct 10, 2020",,3:48,100,OG File,Lossless,https://imgur.gg/f/gwZiVHM
DONDA [V1],"Feel A Way
(prod. BoogzDaBeast & FnZ)
(Wavy)","OG Filename: Feel A Way V4 (Inst) 150 BPM
Included in the 50gb Donda groupbuy under the filename ""Instrumentals"" which was dated September 26th, 2020.","Sep 26, 2020","Sep 17, 2023",3:37,150,OG File,Lossless,
DONDA [V1],"Codeine
(prod. Kanye West, BoogzDaBeast & FnZ)","OG Filename: Codeine 115 BPM (No Hook Vocal)
One of two instrumental bounces from February 2021. Rebounce of the original BoogzDaBeast and FnZ version.","Feb 21, 2021","Sep 17, 2023",2:05,115,OG File,Lossless,https://imgur.gg/f/dQhGpLf
DONDA [V1],"Codeine
(prod. Kanye West, BoogzDaBeast & FnZ)","OG Filename: Codeine 115 BPM (Open Verse)
One of two instrumental bounces from February 2021. Same as the version above, but extended as an open verse to be recorded over.","Feb 21, 2021","Sep 17, 2023",3:41,115,OG File,Lossless,
DONDA [V1],"Feel A Way
(prod. BoogzDaBeast & FnZ)
(Wavy)","OG Filename: Feel A Way V4 added melody (Inst) 150 BPM
Included in the 50gb Donda groupbuy under the filename ""Instrumentals"" which was dated September 26th, 2020.","Sep 26, 2020","Sep 17, 2023",3:37,150,OG File,Lossless,
DONDA [V1],"Future Sounds
(prod. BoogzDaBeast, Nabeyin & Wallis Lane)
(Future, Future Bounce, Future Of Sound, TELEKINESIS, Ultrasounds)","OG Filename: Future Sounds 83bpm - 07.18.20 For Evan
Instrumental of a version of ""Future Sounds"" with quieter drums than the previous version. Meant for E.VAX. Partial bounces with no vocals.","Jul 31, 2020","Mar 8, 2024",2:30,83,Full,Lossless,
DONDA [V1],"Future Sounds
(prod. BoogzDaBeast, Nabeyin, RONNY J & Wallis Lane)
(Future, Future Bounce, Future Of Sound, TELEKINESIS, Ultrasounds)","OG Filename: Future Sounds RJ 83
Insturmental for a version of ""Future Sounds"" produced by RONNY J. Unknown if there is a version with vocals.","Aug 3, 2020","Mar 8, 2024",2:30,83,Full,Lossless,
DONDA [V1],"Future Sounds
(prod. BoogzDaBeast, Nabeyin & Wallis Lane)
(Future Bounce, Ultrasounds, Future)","Instrumental of the leaked song ""Future Sounds"".",,"Dec 4, 2020",2:30,83,Full,High Quality,https://imgur.gg/f/TCCLUoO
DONDA [V1],"Future Sounds
(prod. BoogzDaBeast, Nabeyin & Wallis Lane)
(Future Bounce, Ultrasounds, Future)","OG Filename: Future Sounds V1 (Inst) BPM 83 BPM
Included in the 50gb Donda groupbuy under the filename ""Instrumentals"" which was dated September 26th, 2020.","Sep 26, 2020","Sep 17, 2023",3:39,83,OG File,Lossless,https://imgur.gg/f/VvOdXkJ
DONDA [V1],"I Feel Terrific
(prod. E.VAX, Aaron Reid, BoogzDaBeast & FnZ)","OG Filename: I Feel Terrific V1 (Inst) 108 BPM
Included in the 50gb Donda groupbuy under the filename ""Instrumentals"" which was dated September 26th, 2020.","Sep 26, 2020","Sep 17, 2023",1:38,108,OG File,Lossless,
DONDA [V1],"Keep My Spirit Alive
(prod. E.VAX, Dem Jointz, Rico Nichols & Darius Woodley)
(Keep Our Spirit Alive)","OG Filename: Keep My Spirit Alive V1 (Inst) 83 BPM
Included in the 50gb Donda groupbuy under the filename ""Instrumentals"" which was dated September 26th, 2020.","Sep 26, 2020","Sep 17, 2023",6:21,83,OG File,Lossless,https://imgur.gg/f/zXB7T59
DONDA [V1],"Life Of The Party
(prod. AllDay)
(lifeoftheloop, The Seraphim)","OG Filename: Life Of The Party Inst 79.7
Version of ""Life Of The Party"" from August 2020. Previewed in Dame Dash's YZYTV WY Documentary.",Aug 2020,,3:06,79.7,OG File,CD Quality,https://imgur.gg/f/ixesN0p
DONDA [V1],"Lord I Need You
(prod. BoogzDaBeast, E.VAX, FnZ & Ojivolta)
(Lord, Lord I Need You, Lord I Need You Right Now, Lord I Need You To Wrap Your Arms Around Me, Wrap Your Arms Around Me)","OG Filename: Lord I Need You V2 (Inst) BPM 166
Included in the 50gb Donda groupbuy under the filename ""Instrumentals"" which was dated September 26th, 2020.","Sep 26, 2020","Sep 17, 2023",3:57,166,OG File,Lossless,https://imgur.gg/f/xvO6z6z
DONDA [V1],"Made It
(feat. Justin Austin)","OG Filename: Made It - 12.17.20 Justin Austin rough01 88Bpm
Instrumental for a version of ""Made It"" with Justin Austin's vocals. Notably reused for ""OPIPSY"" by Lancey Foux.","Dec 17, 2020",,4:27,88,OG File,Lossless,https://imgur.gg/f/Jue4nfH
DONDA [V1],"Nah Nah Nah
(prod. Kanye West & Dem Jointz)","Instrumental to ""Nah Nah Nah"", found on a DJ website. Contains an extra melody and the Star Wars sample not used on release. ",,,2:58,150,Full,CD Quality,https://imgur.gg/f/V0xm9cw
DONDA [V1],"Off The Grid
(prod. 30 Roc, BoogzDaBeast & FnZ)","OG Filename: Off The Grid V2 (Inst) 133 BPM
Included in the ""50gb Donda"" groupbuy under the filename ""Instrumentals"".","Sep 26, 2020","Sep 17, 2023",2:31,133,OG File,Lossless,https://imgur.gg/f/aBiOaeE
DONDA [V1],"Off The Grid
(prod. 30 Roc, BoogzDaBeast & FnZ)","OG Filename: Off The Grid V4 (Inst) 133 BPM
Included in the ""50gb Donda"" groupbuy under the filename ""Instrumentals"".","Sep 26, 2020","Sep 17, 2023",2:28,133,OG File,Lossless,https://imgur.gg/f/82cHCJY
DONDA [V1],"Praise God
(prod. 30 Roc, E.VAX & Zentachi)
(Praise)","OG Filename: Praise God V1 (Inst) 118 BPM
Included in the 50gb Donda groupbuy under the filename ""Instrumentals"".","Sep 26, 2020","Sep 17, 2023",2:10,118,OG File,Lossless,https://imgur.gg/f/zbkaNHo
DONDA [V1],"Praise God
(prod. 30 Roc, E.VAX & Zentachi)
(Praise)","Instrumental for a 3:05 version of ""Praise God"".",,,3:05,118,OG File,CD Quality,https://imgur.gg/f/BL4eUYq
DONDA [V1],"Sweet Jesus
(feat. Sunday Service Choir & Federico Vindver)
(Belt Of Truth, Jesus Sweet Jesus)","Instrumental for the November 2020 version of ""Sweet Jesus."" Almost identical to JESUS IS KING versions of the song.","Nov 23, 2020",,1:53,83,OG File,Lossless,
DONDA [V1],"Sweet Jesus
(feat. Sunday Service Choir & Federico Vindver) (prod. Federico Vindver & Angel Lopez)
(Belt Of Truth, Jesus Sweet Jesus)","OG Filename: Sweet Jesus V1 F+A
November 2020 version of ""Sweet Jesus"" with new production. Snippet leaked earlier in the day of it fully leaking.",,"May 16, 2024",2:20,83,OG File,CD Quality,https://imgur.gg/f/vhhg3p3
DONDA [V1],"Tell The Vision
(We Made It, RIP Pop Smoke)","OG Filename: Tell The Vision_bpm 72
Version of ""Tell The Vision"" likely from August 2020. The instrumental for this version has leaked, however the full version with vocals has not. Was previewed in Dame Dash's YZYTV WY Documentary.",Aug 2020,,3:37,72,OG File,CD Quality,https://imgur.gg/f/8fmrVDS
DONDA [V1],"Tell The Vision
(prod. BoogzDaBeast & FnZ)
(RIP Pop Smoke, Television, We Made It)","OG Filename: Tell The Vision V1 (Inst) 144 BPM
Included in the ""50gb Donda"" groupbuy under the filename ""Instrumentals"".","Sep 26, 2020","Sep 17, 2023",2:53,144,OG File,Lossless,https://imgur.gg/f/LAlfkBE
DONDA [V1],"Welcome To My Life 
(prod. BoogzDaBeast, FnZ, Rico Nichols & Darius Woodley)","OG Filename: Welcome To My Life - 05.22.20 Shorter Ye_inst
Instrumental found in the session metadata for CyHi's third ""Lord I Need You"" reference track.",,"May 22, 2020",,156.35,Confirmed,Not Available,
DONDA [V1],"Welcome To My Life 
(prod. BoogzDaBeast, FnZ, Rico Nichols & Darius Woodley)","OG Filename: Welcome To My Life V1 (Inst) Around 156.35 BPM
Included in the ""50gb Donda"" groupbuy under the filename ""Instrumentals"".","Sep 26, 2020","Sep 17, 2023",3:59,156.35,OG File,Lossless,
DONDA [V1],"What Have America Done For You
(prod. RONNY J, BoogzDaBeast & FnZ)
(America, What Has America Done For Me, What Has America Done, City Of Lost Angels, What Has America Done 4 Me)","OG Filename: What Have America Done For You V1
Version of ""America"" with a beat very similar to the RONNY J version of the song, but with alternate drums.","Nov 24, 2020",,1:22,119,OG File,CD Quality,https://imgur.gg/f/3wJNF2E
DONDA [V1],"JID - Stand United
(prod. Dem Jointz)","Instrumental for JID's version of ""Stand United"".",,,1:41,84,Full,CD Quality,https://imgur.gg/f/NmxsofR
DONDA [V1],"Playboi Carti - Go2DaMoon
(prod. BoogzDaBeast & FnZ)","OG Filename: Go 2 Moon (INSTRUMENTAL) 147 BPM
Found in the stems folder. Has the FnZ production.",,,2:13,147,OG File,Lossless,https://imgur.gg/f/ode9Obo
DONDA [V1],"SAINt JHN - Smack DVD
(prod. Dem Jointz, Ronny J & ​shadyboy)",Instrumental of SAINt JHN's song taken from a DJ site.,,,2:55,152,Full,CD Quality,https://imgur.gg/f/CJ3wVzc
,Donda [V2],"(03/07/2021) (CyHi confirms that Kanye has resumed work on the album)
(07/09/2021) (Malik Yusef posts about a change in sound direction for the album)",,,"After taking a break from music in early 2021, Kanye went to work at the Pio Pico studio in LA with an entirely new vision for the album. While the name remained the same, the sound shifted to be more experimental and less soulful. Working with producers such as E.VAX, Dem Jointz, and Digital Nas, Kanye went through hundreds of beats, laying down vocals and trying to come up with ideas for songs. This era would continue until Kanye decided to finalize the album, shifting to the more minimalistic release sound.",,,,
,Sessions,,,,,,,,
Donda [V2],"Broke My Own Curse
(prod. Jeff Bhasker)","OG Filename: 210616 Gallery - Piano Freestyles - Broke My Own Curse
Session to one of ten piano freestyles. Has stems included.","Jun 16, 2021","Sep 22, 2023",3:12,91,OG File,Lossless,
Donda [V2],"Come To Life
(prod. Jeff Bhasker)","OG Filename: 210616 Gallery - Piano Freestyles - Come To Life
Session to one of ten piano freestyles. Has stems included.","Jun 16, 2021","Sep 22, 2023",11:55,120,OG File,Lossless,"https://imgur.gg/f/w7p4qCT
https://drive.google.com/file/d/107DN6BBd-j3Jf7nMIQSRcWJMpXgjriv-/view?usp=sharing"
Donda [V2],"Cut Loose
(prod. Jeff Bhasker)","OG Filename: 210616 Gallery - Piano Freestyles - Cut Loose
Session to one of ten piano freestyles. Has stems included.","Jun 16, 2021","Sep 22, 2023",7:03,91,OG File,Lossless,https://imgur.gg/f/TfUahII
Donda [V2],"Find A Way
(prod. Jeff Bhasker)","OG Filename: 210616 Gallery - Piano Freestyles - Find A Way
Session to one of ten piano freestyles. Has stems included.","Jun 16, 2021","Sep 22, 2023",10:15,91,OG File,Lossless,https://imgur.gg/f/AlhHFMX
Donda [V2],"Goin To Jail Tonight
(prod. 88-Keys & Ojivolta)
(Goin To Jail, Jail, Goin 2 Jail)","OG Filename: 210513 Gallery - Goin To Jail Tonight
Session for the May 13th version of ""Going To Jail"".","May 13, 2021",,6:14,100,OG File,Lossless,https://imgur.gg/f/lScdF0Y
Donda [V2],"Hold Me
(prod. Jeff Bhasker)","OG Filename: 210616 Gallery - Piano Freestyles - Hold Me
Session to one of ten piano freestyles. Has stems included.","Jun 16, 2021","Sep 22, 2023",6:31,130,OG File,Lossless,https://imgur.gg/f/ambK4lZ
Donda [V2],"I Wish You The Best
(prod. Jeff Bhasker)","OG Filename: 210616 Gallery - Piano Freestyles - I Wish You The Best
Session to one of ten piano freestyles. Has stems included.","Jun 16, 2021","Sep 22, 2023",2:37,142,OG File,Lossless,https://imgur.gg/f/98Nivei
Donda [V2],"Idea 2 Freestyle
(prod. Jeff Bhasker)","OG Filename: 210616 Gallery - Piano Freestyles - Idea 2 Freestyle
Session to one of ten piano freestyles. Has stems included.","Jun 16, 2021","Sep 22, 2023",2:49,91,OG File,Lossless,https://imgur.gg/f/34yqkci
Donda [V2],"Jam Freestyle
(prod. Jeff Bhasker)","OG Filename: 210616 Gallery - Piano Freestyles - Jam Freestyle
Session to one of ten piano freestyles. Has stems included.","Jun 16, 2021","Sep 22, 2023",7:56,83,OG File,Lossless,https://imgur.gg/f/yLEHJSN
Donda [V2],"Life Of The Party
(prod. 88-Keys & Ojivolta)
(NASDAQ)","OG Filename: 210524 Gallery - LOTP 88 Flip Session
Session for the ""Life Of The Party"" freestyle that later became ""NASDAQ"".","May 24, 2021",,16:41,80,OG File,Lossless,"https://imgur.gg/f/MuDT9Vl
https://drive.google.com/file/d/10HkBW9537DAwL8Ft6t2thQB6Iyn3vcap/view?usp=sharing"
Donda [V2],"On His Head
(ref. Cailin Russo) (prod. Digital Nas)
(Let Go, I Let Go)","OG Filename: 210526 Gallery - On His Head
Session for ""On His Head"". Split into two parts, with the second part having Cailin Russo's reference.","May 26, 2021",,"4:34
5:13",72,OG File,Lossless,https://imgur.gg/f/gNq3wor
Donda [V2],"Ops Block
(ref. Cailin Russo) (prod. CuBeatz & Digital Nas)
(Remote Control, Hovercraft)","OG Filename: 210526 Gallery - Ops Block
Session for ""Ops Block"". Bounce gets offbeat about halfway through.","May 26, 2021",,12:12,107,OG File,Lossless,https://imgur.gg/f/T1T3Upx
Donda [V2],"Petals
(prod. BoogzDaBeast & Ojivolta)","OG Filename: 210513 Gallery - PETALS 89 [KW x BoogzDaBeast]
Session for ""Petals"". Samples ""Petals"" by Bibio.","May 13, 2021","Dec 29, 2022",4:11,89,OG File,Lossless,https://imgur.gg/f/eaff2Kj
Donda [V2],"Piano Freestyle
(prod. Jeff Bhasker)","OG Filename: 210616 Gallery - Piano Freestyles - Piano Freestyle
Session to one of ten piano freestyles. Has stems included.","Jun 16, 2021","Sep 22, 2023",8:22,81,OG File,Lossless,https://imgur.gg/f/9iqnw5B
Donda [V2],"South Carolina
(ref. Pusha T) (feat. STALONE & Sunday Service Choir) (prod. Digital Nas)
(Donda, Donda's Glory, Glory)","OG Filename: South Carolina
Stems for a 2021 version of ""South Carolina"" Leaked after Digital Nas got his Mac hacked.",,"Mar 6, 2024",,106,OG File,Lossless,https://imgur.gg/f/jUGsHMb
Donda [V2],"We Want The Lord
(feat. Jeff Bhasker) (prod. Jeff Bhasker)","OG Filename: 210616 Gallery - Piano Freestyles - We Want The Lord
Session to one of ten piano freestyles. Has stems included.","Jun 16, 2021","Sep 22, 2023",6:43,90,OG File,Lossless,https://imgur.gg/f/Jsu2odU
Donda [V2],"Young Stoner Life, Young Thug, Gunna - Ski (Remix)
(feat. Kanye West) (prod. BabyWave, Outtatown & Wheezy)","OG Filename: KW - Ski Freestyle
Recorded in July 2021, and features a lot of mumble. It's unknown if a more finished version exists. Original snippet leaked October 19, 2022. No official bounce.","Jun 7, 2021","Apr 19, 2024",N/A,123,OG File,Lossless,
,Studio Stems,,,,,,,,
Donda [V2],"Aye Ye Ye Ye [Drum Stem]
(prod. 88-Keys)
(MerryGoRound)","OG Filename: Ayyy Ye Ye Ye 88 Drums 76BPM
88-Keys drum stem for ""Aye Ye Ye Ye"".",,,0:12,76,OG File,Lossless,https://imgur.gg/f/dl9xTDX
Donda [V2],"Aye Ye Ye Ye [Sample Stem]
(prod. Digital Nas)
(MerryGoRound)","OG Filename: serengeti 60bpm
Sample stem for ""Aye Ye Ye Ye"".",,,0:24,60,OG File,Lossless,
Donda [V2],"City Of Lost Angels
(ref. Dem Jointz) (prod. Digital Nas)
(City Of Los Angels, Judgemental)","OG Filename: COLE
Stems for the Digital Nas version of ""City Of Lost Angels"", included in the ""Run It Up"" + ""City Of Lost Angels"" buy. One of the stems was originally corrupted when exported, but a rerendered fixed version is also included.",,,3:13,139,OG File,Lossless,https://imgur.gg/f/wE2pPt5
Donda [V2],"City Of Lost Angels
(ref. Dem Jointz) (prod. Digital Nas)
(City Of Los Angels, Judgemental)","OG Filename: city of lost angels
Stems for another Digital Nas version of ""City Of Lost Angels"". Leaked after Digital Nas got his Mac hacked.",,"Mar 6, 2024",3:08,139,OG File,Lossless,https://imgur.gg/f/OtYyQnT
Donda [V2],"Come To Life
(prod. Ojivolta)","OG Filename: Copy of Come To Life - 210622 OxV Stems Import
OG Password: goodday
Stems for a ""Come To Life"" mumble demo zip.","Jun 6, 2021","Sep 18, 2023",5:06,120,OG File,Lossless,https://imgur.gg/f/1M4aen2
Donda [V2],"Come To Life
(prod. Ojivolta)","OG Filename: Come To Life Gtr Stems v.2 127bpm OxV
Zip for a guitar version of ""Come To Life"".",,"Sep 18, 2023",4:39,127,OG File,Lossless,https://imgur.gg/f/LUEobfs
Donda [V2],"Don't Go Away
(ref. Dem Jointz) (prod. Dem Jointz)","Stems for ""Don't Go Away"". Leaked as a bonus for the ""Can U Be/Pressure"" GB.","May 29, 2021",,1:22,95,OG File,Lossless,https://imgur.gg/f/eBRaCsE
Donda [V2],"Eternal Life
(feat. Really Doe & Pusha T)","Stems for a June 2021 version of ""Eternal life"" with Pusha T and Really Doe.","Jul 5, 2021",,2:39,73,OG File,Lossless,https://imgur.gg/f/kryXAJv
Donda [V2],"Find Out
(ref. Dem Jointz) (prod. BoogzDaBeast, Dem Jointz & Ojivolta)","Stems for the Dem Jointz version of ""Find Out"".","May 29, 2021","May 22, 2022",4:54,75,OG File,Lossless,
Donda [V2],"Friends
(prod. Digital Nas & Ojivolta)
(All These Friends of Mine, Hawk)","OG Filename: friends
Stems for a 2021 version of ""Friends"". Leaked after Digital Nas got his Mac hacked.",,"Mar 6, 2024",,140,OG File,Lossless,https://imgur.gg/f/V9tFJbH
Donda [V2],"Go Left
(ref. Dem Jointz) (prod. Dem Jointz & BoogzDaBeast)
(Clout)","Stems for the May 2021 song ""Go Left"".","May 29, 2021","Mar 10, 2022",2:02,98,OG File,Lossless,https://imgur.gg/f/xXg4uqx
Donda [V2],"God Got Me
(prod. 88-Keys & Ojivolta)
(God's Got Me)","Stems for the May 2021 version of ""God Got Me"".","May 14, 2021","Nov 17, 2023",,85.225,OG File,Lossless,
Donda [V2],"Goin 2 Jail
(ref. Dem Jointz) (feat. Dem Jointz) (prod. Dem Jointz)","Stems for the May 2021 version of ""Goin 2 Jail"". Included in the ""God Got Me"" buy, but only leaked in the ""Hybrid"" buy.","May 15, 2021",,,100,OG File,Lossless,"https://imgur.gg/f/RnIO2tY
https://drive.google.com/file/d/1mFYXVtf3qTLpRhA7fSfuj99ieUkUpxPf/view?usp=drive_link"
Donda [V2],"HIII WYD
(ref. Dem Jointz) (feat. STALONE) (prod. BoogzDaBeast & Dem Jointz)","Stems for the May 2021 version of ""HIII WYD"". Included in the ""God Got Me"" buy, but only leaked as a part of the ""Hybrid"" buy.","May 29, 2021",,2:17,91,OG File,Lossless,"https://imgur.gg/f/GHOT2pi
https://drive.google.com/file/d/1VVzsmR0_r5wy9HUQkM558idSN3uAgJqO/view?usp=sharing"
Donda [V2],"Hovercrafts
(feat. Cailin Russo) (prod. CuBeatz, Digital Nas & Ojivolta)
(Remote, Remote Control, Ops Block)","Stems for the May 2021 version of ""Remote Control"". Includes bounced files for two versions.",,"Oct 26, 2021",1:38,110,OG File,Lossless,"https://imgur.gg/f/moaCmeV
https://mega.nz/folder/P19h1QJC#vVua7vESK81_t7dmKwsApQ"
Donda [V2],"Hovercraft
(feat. Cailin Russo) (prod. CuBeatz, Digital Nas & Ojivolta)
(Remote, Remote Control, Ops Block)","OG Filename: Hovercrafts Stems OxV 107bpm
Stems for a 2021 version of ""Hovercraft"". Leaked after Digital Nas got his Mac hacked.",,"Mar 6, 2024",,107,OG File,Lossless,
Donda [V2],"Hovercraft
(feat. Cailin Russo) (prod. CuBeatz, Digital Nas & Ojivolta)
(Remote, Remote Control, Ops Block)","OG Filename: Hovercraft Stems
Stems for a 2021 version of ""Hovercraft"". Leaked after Digital Nas got his Mac hacked.",,"Mar 6, 2024",,110,OG File,Lossless,
Donda [V2],"Hybrid
(ref. Dem Jointz) (feat. Dem Jointz) (prod. Dem Jointz)","Stems for ""Hybrid"" included in the ""Hybrid"" buy.","May 29, 2021",,2:39,122,OG File,Lossless,"https://imgur.gg/f/O3STqDg
https://drive.google.com/file/d/18smU9UZaSO3LUXgU0wIYPxfpuxJ-lz-4/view?usp=sharing"
Donda [V2],"Hype
(ref. Dem Jointz) (prod. Dem Jointz & Plain Pat)","Stems for ""Hype"". Leaked as part of the Go Left + Hype buy.","May 29, 2021","Mar 10, 2022",2:53,122,OG File,Lossless,https://imgur.gg/f/0dQN2Wt
Donda [V2],"Junya
(prod. Digital Nas & Ojivolta)
(Godspeed, Junya Watanabe)","OG Filename: junay snare
Snare Stems for a 2021 version of ""Junya"". Leaked after Digital Nas got his Mac hacked.",,"Mar 6, 2024",,136,OG File,Lossless,
Donda [V2],"Junya
(prod. Digital Nas & Ojivolta)
(Godspeed, Junya Watanabe)","OG Filename: junya drums
Drum Stems for a 2021 version of ""Junya"". Leaked after Digital Nas got his Mac hacked.",,"Mar 6, 2024",,136,OG File,Lossless,
Donda [V2],"Junya
(prod. Digital Nas & Ojivolta)
(Godspeed, Junya Watanabe)","OG Filename: junya 4
Stems for a 2021 version of ""Junya"". Leaked after Digital Nas got his Mac hacked.",,"Mar 6, 2024",,136,OG File,Lossless,
Donda [V2],"Junya
(prod. Digital Nas & Ojivolta)
(Godspeed, Junya Watanabe)","OG Filename: JunyaGroupStemsBPM136
Stems for a 2021 version of ""Junya"". Leaked after Digital Nas got his Mac hacked.","Jun 1, 2021",,,136,OG File,Lossless,
Donda [V2],"Junya Watanabe
(prod. Digital Nas & Ojivolta)
(Godspeed, Junya)","Stems for the May 2021 version of ""Junya"". Includes bounced files for two versions. Leaked October 2021.","Jun 6, 2021",,,136,OG File,Lossless,https://imgur.gg/f/7vJKWd8
Donda [V2],"Keep Em In Check
(prod. 88-Keys & Ojivolta)","OG Filename: 210510 Gallery Freestyles - Keep Em In Check
Technically an incomplete session, as these are from the ""Audio Files"" folder.","May 10, 2021",,2:26,92,Partial,Lossless,https://imgur.gg/f/jchXT1u
Donda [V2],"Livin It Up
(ref. Don Toliver) (prod. Jason White, Rico Nichols & Darius Woodley)
(Rock N Roll)","OG Filename: Livin It Up - 21.05.19 Stretch Stems
Stems for ""Livin It Up"". Don Toliver stem name reveals the original name, ""Rock N Roll"", and ""Livin It Up's"" possible connection to Pusha T's song by the same name.","May 19, 2021",,2:27,73,OG File,Lossless,https://imgur.gg/f/Yve6cWi
Donda [V2],"MerryGoRound
(prod. Digital Nas)
(Aye Ye Ye Ye, Ayyy Ye Ye Ye)","OG Filename: merrygoround files
Beat Stems for a 2021 version of ""MerryGoRound"". Leaked after Digital Nas got his Mac hacked.",,"Mar 6, 2024",2:06,76,OG File,Lossless,
Donda [V2],"MerryGoRound
(prod. Digital Nas)
(Aye Ye Ye Ye, Ayyy Ye Ye Ye)","OG Filename: merry go round drums
Beat Stems for a 2021 version of ""MerryGoRound"". Leaked after Digital Nas got his Mac hacked.",,"Mar 6, 2024",2:06,76,OG File,Lossless,
Donda [V2],"MerryGoRound
(prod. Digital Nas)
(Aye Ye Ye Ye, Ayyy Ye Ye Ye)","OG Filename: MERRYGOROUND 3 DRUMS
Beat Stems for a 2021 version of ""MerryGoRound"". Leaked after Digital Nas got his Mac hacked.",,"Mar 6, 2024",2:06,76,OG File,Lossless,
Donda [V2],"NASDAQ
(ref. Dem Jointz) (feat. STALONE) (prod. Dem Jointz)
(Life Of The Party)","Stems for ""NASDAQ"". Included in the ""NASDAQ"" buy.","May 5, 2021","Jun 6, 2023",2:57,130,OG File,Lossless,https://imgur.gg/f/4TaXf4C
Donda [V2],"New Hunnids
(prod. Digital Nas)","Beat stems for ""New Hunnids"" .","Jun 1, 2021","Jan 3, 2024",4:26,123,OG File,Lossless,https://imgur.gg/f/t9RXTuO
Donda [V2],"Petals
(prod. BoogzDaBeast & Ojivolta)","OG Filename: 210513 Gallery - PETALS 89 [KW x BoogzDaBeast]
Stems for ""Petals"" that were bounced during the session.","May 13, 2021",,4:11,89,OG File,Lossless,
Donda [V2],"Remote [Drum Stem]
(prod. 88-Keys)
(Hovercraft, Remote Control, Ops Block)","OG Filename: remote - 88 drums - chop - stem
88-Keys drum stem for ""Remote Control"".",,,0:08,110,OG File,Lossless,https://imgur.gg/f/nC4tz2c
Donda [V2],"Remote Control
(prod. 88-Keys, CuBeatz & Digital Nas)
(Remote)","OG Filename: Remote Control 210531 Stems 107
Stems for the May 2021 version of ""Remote Control"" with 88-Keys drums. Leaked after Digital Nas got his Mac hacked.","May 31, 2021","Mar 6, 2024",1:48,107,OG File,Lossless,https://imgur.gg/f/cX3exj5
Donda [V2],"Remote Control
(prod. CuBeatz, Ojivolta & Steve Lacy)
(Hovercraft, Remote, Ops Block)","OG Filename: Remote Control - OxV - 21.06.22 Producer Approved_space - For Mix_Stems 110 BPM
Stems for ""Remote Control"". Rebounced July 21st for mix.","Jun 22, 2021",,1:44,110,OG File,Lossless,https://imgur.gg/f/kYboYd6
Donda [V2],"Remote Control
(feat. Todd Rundgren) (prod. CuBeatz, Ojivolta & Steve Lacy)
(Hovercraft, Remote, Ops Block)","Stems for ""Remote Control"" with Todd Rundgren background vocals.","Jul 11, 2021",,1:46,107,OG File,Lossless,
Donda [V2],"Run It Up
(ref. Dem Jointz) (prod. BoogzDaBeast, Dem Jointz & Ojivolta)
(Futures, No Child Left Behind)","Stems for the May 2021 version of ""Run It Up"", included in the ""Run It Up"" + ""City Of Lost Angels"" buy.","May 18, 2021",,2:55,147,OG File,Lossless,https://imgur.gg/f/SpecgQI
Donda [V2],"Soul De La
(ref. Dem Jointz) (feat. Dem Jointz) (prod. Dem Jointz & BoogzDaBeast)
(Sheep, Pure Souls)","Stems for ""Soul De La"". Originally included in the failed ""Soul De La x Thunder"" buy. Leaked after the successful groupbuy for ""Soul De La"" on its own.","May 29, 2021",,3:11,97,OG File,Lossless,https://imgur.gg/f/Y8MmPh9
Donda [V2],"Thunder
(ref. Dem Jointz) (prod. 88-Keys & Dem Jointz)
(Different Codes, Don't Miss Me)","Stems for ""Thunder"". Included in the failed ""Soul De La x Thunder"" buy, and then later included in the ""Thunder"" buy.","May 12, 2021",,2:08,90,OG File,Lossless,https://imgur.gg/f/Rvfmmog
Donda [V2],"To The Roof
(prod. Ojivolta & 88-Keys)
(Thru The Roof)","Stems for ""To The Roof"". Was originally supposed to be included in the buy for the song, however the seller backed out after people were dissapointed with the track. Stems leaked after being a bonus for the ""South Carolina"" 2x buy.","Apr 19, 2021",,3:34,130,OG File,Lossless,https://imgur.gg/f/fVm7Uv4
Donda [V2],"Top
(ref. Dem Jointz) (feat. Dem Jointz) (prod. 88-Keys & Dem Jointz)
(Different Codes, Don't Miss Me)","Stems for the May 2021 song, ""Top"".","May 12, 2021","Nov 24, 2021",1:54,160,OG File,Lossless,https://imgur.gg/f/gsFshka
Donda [V2],"Wait [Beat Stems]
(prod. Digital Nas)","OG Filename: channel beat stems
Stems for ""Wait's"" instrumental.","May 21, 2021","May 25, 2022",2:07,83,OG File,Lossless,https://imgur.gg/f/Q49w9ps
Donda [V2],"Consequence - Bloodstains [Beat Stems]
(prod. Kanye West & Ojivolta)
(Bloodstain, Blood Stain, Superstar In The Hood)","OG Filename: Bloodstains - 21.04.28 Ye Arrangement Stems
Sample and Bass stems for the instrumental for the 04.28.21 version of ""Bloodstains"". Leaked in June 2022.","Apr 28, 2021",,1:59,91,OG File,Lossless,https://imgur.gg/f/O3bolsO
Donda [V2],"Digital Nas - Hawk
(prod. Digital Nas)
(All These Friends of Mine, Friends)","Stems for the Digital Nas beat ""Hawk"", later used for ""All These Friends of Mine"". Unknown when it was made, as the beat allegedly spans back to 2017.",,,2:18,140,OG File,Lossless,
Donda [V2],"Digital Nas - Tower
(prod. Digital Nas)
(Made It This Far, Made It)","OG Filename (?): tower
Stems for a song that would later become ""Made It This Far"". This version was most likely the one sent to Carti, therefore it was probably Digital Nas' song until then. Going by the modified date, stems were exported 6/24/21.","Jun 24, 2021",,4:01,144,OG File,Lossless,
Donda [V2],"Travis Scott - Delresto
(feat. Kanye West, James Blake & Bon Iver) (prod. Travis Scott, Hit-Boy, James Blake & umru)
(DELRESTO (ECHOES))","OG Filename: Delresto_cabo - Kanye tracking 210603 -...
OG Password: ???
Version found in an uncracked password protected zip. According to stem filenames, this version has vocals from Travis, Kanye, James Blake & Bon Iver. The zip name mentions Cabo, Mexico, which is where Travis recorded his vocals. Kanye recorded his vocals June 3rd. James Blake said he did the ""echoes/let go"" hook. The song later released on UTOPIA without Kanye and with Beyoncé doing James Blake's vocals.","Jun 12, 2021",,,130,Confirmed,Not Available,https://imgur.gg/f/jBdAFXh
,Acapellas,,,,,,,,
Donda [V2],"I Let Go
(ref. Ty Dolla $ign)","Inverted acapella for the Ty vocals. Leaked as a bonus for the ""Jesse"" groupbuy.",,"Apr 12, 2023",2:56,142,Full,CD Quality,https://imgur.gg/f/y9f3MWM
Donda [V2],"Young Stoner Life, Young Thug, Gunna - Ski (Remix)
(feat. Kanye West)","OG Filename: Ye 58 04
Raw Kanye vocal take for ""Ski (Remix)"".",,,1:06,123,OG File,Lossless,https://imgur.gg/f/WMNzJzT
,Instrumentals,,,,,,,,
Donda [V2],"9.10
(prod. Digital Nas)","Instrumental for ""9.10"" produced by Digital Nas.",,,3:28,132,OG File,High Quality,https://imgur.gg/f/5PFmEYU
Donda [V2],"Aye Ye Ye Ye
(prod. 88-Keys)
(MerryGoRound)","Instrumental for an alternate version of ""Aye Ye Ye Ye"". ",,,2:06,76,OG File,CD Quality,
Donda [V2],"Come to Life
(feat. Justin Austin)","OG Filename: Come To Life LW Choir no lead mix 1 0630
Version of ""Come To Life"", featuring the chopped up freestyle over a vocal instrumental done by Justin Austin. Leaked the same day as the file with the lead vocals.","Jun 30, 2021","Sep 18, 2023",5:05,127,OG File,High Quality,https://imgur.gg/f/OayCHDG
Donda [V2],"Die
(prod. Digital Nas)","OG Filename: die prod. digital nas
Instrumental for ""DIE"". Has a slightly different arrangement to the version of the song we have with vocals due to it being made in 2020.",,,2:13,130,OG File,High Quality,
Donda [V2],Different Codes,"Unleaked instrumental to ""Different Codes"" is owned by members of the community.",,,9:33,120,Snippet,High Quality,https://imgur.gg/f/xwxA4Zs
Donda [V2],"Eternal
(prod. Digital Nas)
(The Energy)","Instrumental for the OG version of ""Eternal"" made in 2017.",,,4:17,97,OG File,CD Quality,
Donda [V2],"GI Joe
(prod. Digital Nas)","OG Filename: GI JOE 165 DN
Instrumental for ""GI Joe"" produced by Digital Nas.",,,1:44,165,OG File,CD Quality,https://imgur.gg/f/Or7GdfU
Donda [V2],"Grammy
(prod. Digital Nas)","Instrumental for ""Grammy"" produced by Digital Nas.",,,4:33,114,OG File,CD Quality,https://imgur.gg/f/5msGqo4
Donda [V2],"Grinder
(prod. Digital Nas)","OG Filename: GRINDER PROD. DIGITAL NAS
Instrumental for ""Grinder"" produced by Digital Nas.",,,2:06,138,OG File,High Quality,https://imgur.gg/f/DDKCKB1
Donda [V2],"Hybrid
(prod. Dem Jointz)","OG Filename: Hybrid 211203 Instrumental
Instrumental for ""Hybrid"".",,,2:53,122,OG File,Lossless,
Donda [V2],"Insane
(prod. Digital Nas)","OG Filename: insane prod. digital nas
Instrumental for ""Insane"".",,,1:58,81,OG File,CD Quality,https://imgur.gg/f/NBqrUkg
Donda [V2],"MerryGoRound
(prod. Digital Nas)
(Aye Ye Ye Ye)","OG Filename: merrygoround prod. digital nas
Instrumental for ""MerryGoRound"", which developed into ""Aye Ye Ye Ye"". ",,,1:53,76,OG File,CD Quality,https://imgur.gg/f/6eYwefI
Donda [V2],"New Hunnids
(prod. Digital Nas)","OG Filename: New Hunnids digital nas
Instrumental to ""New Hunnids"".",,,4:57,123,OG File,CD Quality,https://imgur.gg/f/jgqox2L
Donda [V2],"Nigga
(prod. Digital Nas)","Instrumental to ""Nigga"", leaked June 11th after a groupbuy priced at 50 cat gifs.",,,2:59,152,Full,High Quality,https://imgur.gg/f/MO9rtUg
Donda [V2],"Ops Block
(prod. CuBeatz & Digital Nas)
(Hovercraft, Remote, Remote Control)","OG Filename: ops block 107 dn
Instrumental to ""Ops Block"".",,,3:13,107,OG File,CD Quality,https://imgur.gg/f/li80EGK
Donda [V2],"Swole
(prod. Digital Nas)","OG Filename: swole prod. digital nas
Instrumental for ""Swole"".",,,3:23,130,OG File,CD Quality,https://imgur.gg/f/xwKMHZn
Donda [V2],"What A Dream
(prod. Digital Nas)","OG Filename: dreaming prod. digital nas
A further along instrumental for the song ""What A Dream"".",,,2:28,71,OG File,High Quality,https://imgur.gg/f/OxiRmt3
Donda [V2],"Abstract Mindstate - The Brenda Song
(prod. Kanye West)
(Cecilia Lost Little Things)","OG Filename: The Brenda Song INSTRUMENTAL HQless compression for mastering
Instrumental for the ""The Brenda Song"".",,,2:38,82,OG File,Lossless,https://imgur.gg/f/kQDEfFK
Donda [V2],"Consequence - Bloodstains
(prod. Kanye West & Ojivolta)
(Bloodstain, Blood Stain, Superstar In The Hood)","OG Filename: Bloodstains - 21.04.28 Ye Arrangement
Slower BPM than later versions. Leaked in June 2022.","Apr 28, 2021",,1:59,86,OG File,CD Quality,https://imgur.gg/f/0KU3yYv
Donda [V2],"Consequence - Bloodstains [Pharrell Ref]
(prod. Kanye West, Pharrell Williams & Ojivolta)
(Bloodstain, Blood Stain, Superstar In The Hood)","OG Filename: Bloodstains - 21.04.28 Pharrell Ref
Slower bpm than later versions. Leaked in June 2022.","Apr 28, 2021",,1:59,86,OG File,Lossless,https://imgur.gg/f/zmwzUFI
Donda [V2],"Digital Nas - Hawk
(prod. Digital Nas)
(All These Friends of Mine, Friends)","OG Filename: hawk digital nas
Instrumental for the Digital Nas song ""Hawk"", which the beat for ""All These Friends of Mine"" comes from. Unknown when it was made, as the beat allegedly spans back to 2017.",,,2:18,140,OG File,CD Quality,
Donda [V2],"Lil Nas X - Industry Baby
(prod. Take A Daytrip & Kanye West)","OG Filename: industry baby [demo 8 inst]
Instrumental to a demo, we don't have the vocals for this version.",,,2:14,150,OG File,CD Quality,https://imgur.gg/f/LLinQIK
Donda [V2],"Lil Nas X - Industry Baby
(prod. Take A Daytrip & Kanye West)","Official ""Industry Baby"" instrumental.",,,3:31,150,Full,CD Quality,https://imgur.gg/f/EXSlm7L
Donda [V2],"Young Stoner Life, Young Thug, Gunna - Ski (Remix)
(prod. BabyWave, Outtatown & Wheezy)","OG Filename: Computer 01.L
Instrumental for Kanye's part of ""Ski (Remix)"" (which is why adlibs are present). Is mono due to the fact that this is only the left channel of the audio.",,,1:25,123,OG File,Lossless,https://imgur.gg/f/PTXhLu2
,Donda [V3],"(07/09/2021) (Malik Yusef posts about a change in sound direction for the album)
(08/29/2021) (Donda officially releases)
(11/15/2021) (Donda (Deluxe) officially releases)",,,"Almost a year after the initial announcement of Donda, a Beats by Dre ad revealed that a listening party would take place at the Mercedes-Benz Stadium in Atlanta. It happened, but the album didn't drop. Kanye moved into the stadium and lived there until the second listening event two weeks later. Once again, the album did not release. Ye later announced a third listening party at Soldier Field in Chicago, with the album coming the next day. It didn't. The album ended up releasing on August 29th, 2021 at 8AM EST, almost two days after the final listening party.",,,,
,Stem Player Stems,,,,,,,,
Donda [V3],Donda [Release V1],"Stems for the original version of Donda on streaming leaked from the Stem Player. Differences include solo Ye ""Life Of The Party"", Chris Brown on ""New Again"", as well as minor mix differences on ""Jesus Lord"", ""Jesus Lord pt 2"", and ""Ok Ok pt 2"".",,,,Varied,Full,Lossless,https://imgur.gg/f/ufEbKxg
Donda [V3],Donda [Release V2],"Stems for the current version of Donda with the exception of ""Life Of The Party"", which contains a horn sample not on release, and ""Keep My Spirit Alive Pt. 2"", which is absent. Leaked from the Stem Player.",,,2:10:52,Varied,Full,Lossless,"https://imgur.gg/f/gwQDBwK
https://drive.google.com/drive/folders/1ck_XQsva_4wmIzms13jFe0Kyiagz12uw"
Donda [V3],"Life Of The Party
(lifeoftheloop, The Seraphim)","Stems for ""Life Of The Party"" excluding the horn sample from the other version on the Stem Player. Likely updated by the company Kano to avoid a lawsuit. Only available in low-quality 128 kbps MP3, as the Stem Player site no longer supports lossless. Stems are also AI split, not studio quality.",,,6:31,79.695,Full,High Quality,https://imgur.gg/f/jMoE83S
,Sessions,,,,,,,,
Donda [V3],"Heaven and Hell
(prod. Kanye West, 88-Keys, Andrew Dawson, BoogzDaBeast, Nabeyin, Ojivolta & Wallis Lane)
(Lay Me Down)","OG Filename: HEAVEN N HELL MIX PREP FOR MIKE
Pro Tools session for ""Heaven and Hell"".","Aug 13, 2021","Oct 15, 2021",,166,OG File,Lossless,https://imgur.gg/f/k5k6ZaG
Donda [V3],"Pure Souls
(feat. Roddy Ricch) (prod. BoogzDaBeast)
(Sheep, Soul De La)","Audio files folder from a late July session for ""Pure Souls"". Includes the re-recorded Ye vocal take and Roddy Ricch's feature chopped up into one file for each tiny snippet of sound for some reason, as well as the original ""Sheep"" instrumental. Missing the ptx file.","Jul 27, 2021","Jun 8, 2023",,97,Partial,Lossless,https://imgur.gg/f/UcmOLgZ
Donda [V3],"Tell The Vision
(feat. Lorenzo Wolff) (prod. BoogzDaBeast & Ojivolta)
(We Made It, RIP Pop Smoke)","OG Filename: Tell the Vision
Pro Tools session for the Lorenzo Wolff version of ""Tell The Vision"".",,"May 26, 2023",,144,OG File,Lossless,https://imgur.gg/f/a61ECl6
Donda [V3],"Sean Leon - Oxygen
(feat. Aaron Paris & Kanye West) (prod. Aaron Paris, CVRE, Fya Man, Leonardo Dessi & LUCA)
(Dawn, Oxygen or WiFi, Sci Fi, Sci Fi Wi Fi, Sci-Fi)","OG Filenames: YE x SL PARIS SESSION &
 0 - [OG PARIS SESSION] SL x YE - OXYGEN_TSP
Pro Tools session for ""Oxygen"". Also includes Ye's vocal take for ""Burn Everything"".","Oct 18, 2021","Feb 19, 2026",,160,OG File,Lossless,https://imgur.gg/f/pTHkGjG
,Studio Stems,,,,,,,,
Donda [V3],"Donda
(feat. Pusha T, The WRLDFMS Tony Williams, STALONE & MUSYCA Children's Choir) (prod. BoogzDaBeast, FnZ & Ojivolta)
(Donda's Glory, Glory, South Carolina)","OG Filename: DONDA STEMS 83BPM
Stems for ""Donda"".","Jul 26, 2021","Apr 25, 2024",5:21,83,OG File,Lossless,https://imgur.gg/f/CQfcRGR
Donda [V3],"Daylight
(feat. Vory) (prod. 88-Keys, Ojivolta & E.VAX)
(Sunrays)","OG Filename: Daylight - Stems 07.15.21 - 79.5 BPM
OG Password: ??? 
Stems from a cracked password-protected zip.","Jul 15, 2021","Oct 18, 2021",3:28,79.5,OG File,Lossless,https://imgur.gg/f/uglxjdW
Donda [V3],"Hurricane
(feat. Lil Baby, STALONE & KayCyy) (prod. BoogzDaBeast, DJ Khalil, Nascent & RONNY J)","OG Filename: HURRICANE STEMS 157.6BPM
Stems for a version of ""Hurricane"" that uses the OG beat and Kanye mumble chorus.","Jul 26, 2021","Apr 25, 2024",4:26,157.6,OG File,Lossless,https://imgur.gg/f/2ugrZw0
Donda [V3],"Hurricane
(feat. Lil Baby & KayCyy) (prod. Digital Nas)
(80 Degrees, Hurricanes, Don't Let Me Down)","Stems for a Digital Nas produced version of ""Hurricane"". Features Digital Nas' extra production and the acapella, but nothing else.","Aug 1, 2021","Jul 18, 2022",,157.6,OG File,Lossless,
Donda [V3],"Hurricane
(feat. Lil Baby & KayCyy) (prod. Digital Nas)
(80 Degrees, Hurricanes, Don't Let Me Down)","Stems for a Digital Nas produced version of ""Hurricane"". Features Digital Nas' extra production and the acapella, but nothing else.","Aug 1, 2021","Jul 18, 2022",,157.6,OG File,Lossless,"https://mega.nz/file/CEZRRRQQ#OTgNescx2cYRJt_XYg6GkKaOG6cEsBhFPwovwonDexI"
Donda [V3],"Hurricane
(ref. Dem Jointz) (feat. Lil Baby, KayCyy & STALONE)
(80 Degrees, Hurricanes, Don't Let Me Down)","OG Filename: Hurricane - 21.07.16 157.6 bpm
Stems for a version of ""Hurricane"". Leaked after a successful groupbuy.","Jul 16, 2021","Oct 2, 2022",3:53,157.6,OG File,Lossless,"https://mega.nz/file/3bIzgYyS#JPpS4KMmj8OME2XhAlYINoSSfPMhO30R4IXfQ5QXw1I
https://mega.nz/file/7K43nA5J#MssJKFI8EpX-7K4Q2e2n5GhgJa9hPYifPUZbcEghGaE"
Donda [V3],"I Know God Breathed On This
(feat. Vory, Justin Austin & Fya Man HOF) (prod. E.VAX, Ojivolta & Fya Man)
(God Breathed, I Know God Breathed On This, God Breathes, Breathe, I Know God, God Breath On This)","OG Filename: I Know God Breathed On This Fya Edit 210721_Mix Prep_130 BPM
Stems for ""I Know God Breathed On This"" from 7/21.","Jul 21, 2021",,3:19,130,OG File,Lossless,https://imgur.gg/f/h09KxrO
Donda [V3],"I Know God Breathed On This
(feat. Vory & Justin Austin) (prod. E.VAX & Ojivolta)
(God Breathed On This, Freestyle 8, God Breathed, I Know God, I Know God Breathed On This, I Know He Got His Hands On This)","Stems for a version of ""I Know God Breathed On This"" mixed by Mike Dean.","Jul 22, 2021",,,130,OG File,Lossless,https://imgur.gg/f/eEJs3Bd
Donda [V3],"Jail
(prod. Ojivolta)","OG Filename: JAIL STEMS 110BPM
Stems for ""Jail"" from 7/26.","Jul 26, 2021",,4:30,110,OG File,Lossless,https://imgur.gg/f/qGVc58I
Donda [V3],"Jonah
(feat. Vory & Lil Durk) (prod. TT Audi & DRTWRK)","OG Filename: JONAH STEMS 88BPM
Stems for ""Jonah"" from 7/26.","Jul 26, 2021",,2:55,88,OG File,Lossless,https://imgur.gg/f/JSlzmHR
Donda [V3],"Junya
(feat. Playboi Carti) (prod. Digital Nas & Ojivolta)
(prod. Kanye West, Digital Nas, Ojivolta, Roark Bailey & Twisco)","OG Filename: JUNYA STEMS 148BPM
Stems for ""Junya"" from 7/26.","Jul 26, 2021",,2:06,148,OG File,Lossless,https://imgur.gg/f/SSBYd8U
Donda [V3],"Moon
(feat. Don Toliver) (prod. E.VAX)","OG Filename: Moon Stems 157.6 bpm
Stems for ""Moon"" from 7/16.","Jul 16, 2021",,2:03,157.6,OG File,Lossless,"https://imgur.gg/f/MFIXltL
https://mega.nz/file/GKB2CTZD#olsvEME1DyhrXLjJcF0btrOmtwOoOuE9FkQwKzF8Ff0"
Donda [V3],"Moon
(prod. E.VAX)","OG Filename: MOON STEMS 157.6BPM
Stems for ""Moon"" from 7/26.","Jul 26, 2021",,2:30,157.6,OG File,Lossless,
Donda [V3],"Never Abandon Your Family 
(prod. Ojivolta)
(First Rule, How Could You, I'm Losing My Family, Orphan)","OG Filename: 21.07.15 - Donda - 83 bpm
Stems for a version of ""Never Abandon Your Family"". The vocals are bad because Kanye used an online acapella extractor for it.","Jul 15, 2021","Sep 25, 2021",2:55,83,OG File,Lossless,https://imgur.gg/f/APdO8ag
Donda [V3],"New Again
(ref. Dem Jointz) (prod. Ojivolta)
(HIIII WYD)","OG Filename: New Again Stems 91 bpm
Stems for ""New Again"".","Jul 16, 2021",,2:21,91,OG File,Lossless,"https://imgur.gg/f/znMiJNZ
https://mega.nz/file/aX5yiQzY#7G_pYEbu0p0q2SqsT7hLP158Iq--DI3JJAEat8fpbQ8"
Donda [V3],"No Child Left Behind
(feat. Vory) (prod. BoogzDaBeast, Cashmere Brown & Gesaffelstein)
(Futures, Run It Up)","OG Filename: NO CHILD LEFT BEHIND STEMS 147BPM
Stems for ""No Child Left Behind"".","Jul 26, 2021",,2:56,147,OG File,Lossless,https://imgur.gg/f/DsQ8Hs4
Donda [V3],"No Child Left Behind
(prod. BoogzDaBeast, Cashmere Brown & Gesaffelstein)
(Miracles, Futures, Run It Up)","OG Filename: Miracles - No Child Left Behind Stems 147 bpm
Stems for a Kanye solo version of ""No Child Left Behind"".","Jul 16, 2021","Apr 21, 2022",3:01,147,OG File,Lossless,
Donda [V3],Praise God,"OG Filename: PRAISE GOD STEMS 118BPM
Stems for an early 2021 version of ""Praise God"".","Jul 26, 2021",,4:03,118,OG File,Lossless,https://imgur.gg/f/wCNOsXR
Donda [V3],"Remote
(feat. Young Thug) (prod. CuBeatz, Digital Nas & Ojivolta)
(Hovercraft, Remote Control, Ops Block)","OG Filename: REMOTE STEMS 110BPM
Stems for ""Remote"".","Jul 26, 2021",,3:16,110,OG File,Lossless,
Donda [V3],"Remote Control
(feat. Young Thug) (prod. CuBeatz, Digital Nas & Ojivolta)
(Hovercraft, Remote, Ops Block)","OG Filename: REMOTE DN 2
A version of ""Remote Control"" leaked after the ""Pray It And Leave It There"" groupbuy as a bonus. Features production from Digital Nas with uncensored vocals. Dated 24th of July, 2021.","Aug 1, 2021",,3:03,110,OG File,Lossless,"https://imgur.gg/f/esiLQTN
https://mega.nz/file/4BRjUQST#9AHCC6vP1Y017X9QOXk72LQ-6SNi2AjLVMOOHdYRgyI"
Donda [V3],"South Carolina [Vocal Takes]
(Donda, Donda's Glory, Glory)","OG Filename: choir and comps South carolina
Leaked vocal takes of Dara for ""South Carolina"".","Jul 9, 2021",,2:35,106,OG File,CD Quality,https://imgur.gg/f/TK5iG7H
Donda [V3],"Welcome To UCLA
(prod. Digital Nas)","Stems for a Digital Nas version of ""Welcome To UCLA"".",,"Feb 3, 2023",0:16,125,OG File,Lossless,https://imgur.gg/f/GzBcEal
,Acapellas,,,,,,,,
Donda [V3],Believe What I Say [Hook Acapella],"OG Filename: Believe What I Say_HOOK ACAPELLA
Filename shown by Monki September 19th, 2024.","Aug 4, 2021",,,100,Rumored,Not Available,N/A
Donda [V3],"Heaven and Hell
(ref. Fivio Foreign)
(Lay Me Down)","OG Filename: Heaven And Hell Fivio Acapella
Filename shown by Monki September 19th, 2024.","Aug 5, 2021",,,166,Rumored,Not Available,N/A
Donda [V3],"Hurricane [Kanye Vocal Stem]
(ref. Dem Jointz)
(80 Degrees, Hurricanes, Don't Let Me Down)","Kanye's vocal stem for the LP1 version of ""Hurricane"". The verse was reused from ""City of Lost Angels"".",,,1:48,157.6,Full,CD Quality,https://imgur.gg/f/CEKTHll
Donda [V3],"No Child Left Behind
(Futures, Run It Up)","OG Filename: No Child Left Behind Ye ACAP Tuned Ye 58 OD.dup1.06.cm-St 1-01
Acapella for the solo Kanye version of ""No Child Left Behind"". Has abysmal mixing.","Jul 19, 2021",,2:19,147,OG File,Lossless,https://imgur.gg/f/px1AJke
Donda [V3],"Remote Control [Soulja Boy Vocal Stem]
(feat. Young Thug & Soulja Boy)","OG Filename: REMOTE 7.25.21 THUG x Soulja Boy ac capella pre mix 1
Acapella for Soulja Boy's part of ""Remote Control"".","Jul 25, 2021",,4:44,110,OG File,Lossless,https://imgur.gg/f/Cbg1th5
Donda [V3],Abstract Mindstate - A Wise Tale,"OG Filename: A Wise Tale ACCAPELLA HQless comp for Mastering
Acapella for Abstract Mindstate's ""A Wise Tale"".",,,2:24,106,OG File,Lossless,
Donda [V3],"Ty Dolla $ign - Drunk
(feat. Bad Bunny & Kodak Black)
(So Drunk)","OG Filename: DRUNK 1.3 - ACA
Acapella for ""Drunk"" from when it was Ty Dolla $ign's song.",,,3:15,,OG File,Lossless,
,Instrumentals,,,,,,,,
Donda [V3],Believe What I Say,"OG Filename: Believe What I Say_Instrumental 100BPM
Filename shown by Monki September 19th, 2024.","Aug 5, 2021",,,100,Rumored,Not Available,N/A
Donda [V3],"Believe What I Say
(prod. Kanye West, Dem Jointz, BoogzDaBeast, FnZ, Ojivolta & AntMan Wonder)","Official instrumental for ""Believe What I Say"".",,"Dec 20, 2021",4:04,100,Full,CD Quality,
Donda [V3],"God Breathed
(feat. Justin Austin) (prod. Kanye West, AllDay, Arrowstar, E.VAX, Federico Vinder & Ojivolta)","Official instrumental for ""God Breathed"".",,"Nov 26, 2021",5:33,130,Full,CD Quality,
Donda [V3],"Heaven and Hell
(prod. Kanye West, 88-Keys, Andrew Dawson, BoogzDaBeast, Nabeyin, Ojivolta & Wallis Lane)
(Lay Me Down)","OG Filename: Heaven And Hell MIKE MIX 4 INSTRUMENTAL
Filename shown by Monki September 19th, 2024.","Aug 3, 2021",,,166,Rumored,Not Available,N/A
Donda [V3],"Heaven and Hell
(prod. Kanye West, 88-Keys, Andrew Dawson, BoogzDaBeast, Nabeyin, Ojivolta & Wallis Lane)
(Lay Me Down)","Official instrumental for ""Heaven and Hell"".",,"Dec 4, 2021",2:25,166,Full,CD Quality,
Donda [V3],"Keep My Spirit Alive
(prod. BoogzDaBeast, FnZ, Ojivolta, Rico Nichols & Darius Woodley)","OG Filename: KEEP MY SPIRIT ALIVE- INSTRUMENTAL
Filename shown by Monki September 19th, 2024.","Jul 29, 2021",,,83,Rumored,Not Available,N/A
Donda [V3],"Lord I Need You
(prod. Kanye West, BoogzDaBeast, E.VAX, F a l l e n, FnZ, Ojivolta & Wheezy)
(Lord, Lord I Need You, Lord I Need You Right Now, Lord I Need You To Wrap Your Arms Around Me, Wrap Your Arms Around Me)","Official instrumental for 'Lord I Need You"".",,"Mar 16, 2022",2:42,166,Full,CD Quality,
Donda [V3],"Moon
(prod. Kanye West, BoogzDaBeast, DJ Khalil & E.VAX)","Official instrumental for ""Moon"".",,"Nov 18, 2021",2:35,157.6,Full,CD Quality,
Donda [V3],"New Again
(prod. Kanye West, 88-Keys, BoogzDaBeast, Dem Jointz, Mia Wallis, Ojivolta & Wallis Lane)
(HIIII WYD)","Official instrumental for ""New Again""",,"Oct 31, 2021",3:01,91,Full,CD Quality,
Donda [V3],"Ok Ok
(prod. Boi-1da, Fya Man & Louis Bell)
(I'm Not Ok)","OG Filename: OK OK Instrumental
Filename shown by Monki September 19th, 2024.","Aug 3, 2021",,,108,Rumored,Not Available,N/A
Donda [V3],"Pure Souls
(prod. Kanye West, BoogzDaBeast, Sucuki, Shuko, Bastian Völkel, Ojivolta, Fya Man, Twisco & MIKE DEAN)
(Sheep, Soul De La)","Official instrumental for ""Pure Souls""",,"Nov 21, 2021",5:58,97,Full,CD Quality,
Donda [V3],"Remote Control
(prod. Kanye West, Ojivolta, Cubeatz, Digital Nas, 88-Keys, MIKE DEAN, Teddy Walton & Twisco)
(Hovercraft, Ops Block, Remote)","Official instrumental for ""Remote Control"".",,"Oct 20, 2021",5:23,110,Full,CD Quality,
Donda [V3],"Abstract Mindstate - Expository Mode
(prod. Kanye West)
(Beat 1, Chop 13)","Instrumental for ""Expository Mode"" by Abstract Minstate.",,,2:54,82,Full,High Quality,https://imgur.gg/f/z9DHjk9
Donda [V3],"Abstract Mindstate - Salutations (Intro)
(prod. Kanye West)
(Beat 4)","Instrumental for ""Salutations (Intro)"" by Abstract Minstate.",,,3:09,95,Full,High Quality,https://imgur.gg/f/ChyvPCF
Donda [V3],"KayCyy - Malibu
(prod. Dom Sarfo)","Instrumental for ""Malibu"" by KayCyy, most likely the bounce made before KayCyy recorded for the song.",,,3:15,89,Full,CD Quality,https://imgur.gg/f/aVgfvM8
Donda [V3],"Young Thug - Rich Nigga Shit
(prod. Kanye West & Pi'erre Bourne)
(Amistad)","Instrumental for ""Rich Nigga Shit"" by Young Thug.",,"May 22, 2022",3:00,149,Full,High Quality,https://imgur.gg/f/cT5hfsz
,Live Stems,,,,,,,,
Donda [V3],Donda [LP2 Choir Stems],"Stems for the live choir at the second Donda listening party at Mercedes Benz Stadium on August 5, 2021. Also includes the songs.","Aug 5, 2021",,,Varied,OG File,Lossless,"https://imgur.gg/f/Uct3WT7
https://www.mediafire.com/file/8sdlpa6qa1fcxy2/Ye_-_Donda_(LP2)_%5BLive_Stems%5D.zip"
,"Donda 2
(For The Children, Donda 2: 4 Da Kidz)","(11/15/2021) (Ye releases Donda (Deluxe))
(10/03/2022) (Ye wears the White Lives Matter shirt)",,,"Donda 2 was announced by Ye via Instagram, being executive produced by Future. Ye then proceeded to get into many significant controversies. He hosted a listening party for it in Miami, in which many of the tracks were unfinished. It was released on the Stem Player a few days later, but it was still incomplete. Months later, Ye got into even more controversies, making him get dropped by Adidas, buy the social media Parler, and lose his billionaire status following his proclaiming ""White Lives Matter"" at Yeezy Season 9.",,,,
,Stem Player Stems,,,,,,,,
Donda 2,Donda 2,"Stems for 2.22.22 Donda 2 leaked from the stem player on February 24, 2022.",,,,Varied,Full,Lossless,"https://drive.google.com/drive/folders/16KGSCPSfK8_h30I4Z__ufL_4C_IAgqoA?usp=sharing"
Donda 2,"Fivio Foreign - City Of Gods
(with Kanye West & Alicia Keys) (feat. Playboi Carti) (prod. Kanye West, AyoAA, BoogzDaBeast, Bordeaux, Dem Jointz, Hemz, Lil Mav, MIKE DEAN, Non Native, Ojivolta, Scoop, The Chainsmokers & Tweek Tune)
(NYC, Empire State Of Mind Pt. 2, Go Easy)",Stems ripped from the Stem Player.,,,4:16,150,Full,Lossless,
Donda 2,"Eazy
(with The Game) (prod. The Game, DJ Premier, Wack 100, DONTMINDIFIDUKE, Kanye West, MIKE DEAN & Hit-Boy)",Stems ripped from the Stem Player.,,,3:34,83,Full,Lossless,
Donda 2,"Keep It Burning
(feat. Future) (prod. ATL Jacob & DB!)","Stems for the Donda 2 version, ripped from the Stem Player before the song was deleted.",,,3:37,174,Full,Lossless,
Donda 2,"⁉️ Security
(prod. Digital Nas & Lenny Wee)","Has slightly more delay. Was availabe on the Stem Player website, but no one made a rip of all the stems for it.",,,2:16,83,Confirmed,Lossless,Link Needed
,Sessions,,,,,,,,
Donda 2,"Closed For Business
(ref. Fat Money) (feat. Don Toliver) (prod. AllDay)
(City Of Chi, Closed 4 Business, Chicago, Mezzo, On My Way)","OG Filename: CLOSED FOR BUSINESS
Fat Money reference track for ""Closed For Business"" made during Donda 2 sessions. Leaked as part of the ""Can U Be"" groupbuy.",,,,112,OG File,Lossless,
Donda 2,"Dear Summer 
(ref. Fat Money)
(Dear Summer, The Car's Missing, 530, 5:30)","OG Filename: DEAR SUMMER
Fat Money reference track for ""Dear Summer"" made during Donda 2 sessions. Leaked as part of the ""Can U Be"" groupbuy.",,,,160,OG File,Lossless,
Donda 2,"⁉️ Depression
(ref. Fat Money)","Vocal only session for Fat Money's reference track for ""Depression"". Currently lost.",,,,146,Confirmed,Lossless,Link Needed
Donda 2,"First Time In A Long Time
(feat. Soulja Boy) (prod. Ojivolta & Twisco)","OG Filename: Copy of First Time In Long Time
Session for Soulja Boy recording for ""First Time In A Long Time"".","Feb 20, 2022",,,130,OG File,Lossless,
Donda 2,"First Time In A Long Time
(ref. Gunna)","OG Filename: Gunna_First Time In a Long Time_nobu
Session for Gunna's reference track for ""First Time In A Long Time"".","Feb 8, 2022",,,130,OG File,Lossless,
Donda 2,"For The Children
(ref. Fat Money) (prod. BoogzDaBeast & Ojivolta)","OG Filename: FOR THE CHILDREN
Fat Money session for ""For The Children"". Has acapellas & instrumentals fully exported.","Feb 15, 2022","Dec 22, 2023",3:27,79,OG File,Lossless,
Donda 2,"Fuck Flowers
(ref. Fat Money)
(Flowers, Friends I'd Smash, Your Life Finna Change RT Now)","OG Filename: NEW FUCK FLOWERS
Fat Money reference track for ""Fuck Flowers"" made during Donda 2 sessions. Leaked as part of the ""Can U Be"" groupbuy.",,,,120,OG File,Lossless,
Donda 2,"It's A Beautiful Life
(ref. Fya Man) (prod. BoogzDaBeast)
(A Beautiful Life, Beautiful Life)","OG Filename: ITS A BEAUTIFUL LIFE
Session for the Fat Money reference for ""A Beautiful Life"".","Jan 30, 2022",,1:34,143,OG File,Lossless,
Donda 2,"Jesse
(ref. Fat Money) (prod. Digital Nas, Manny Laurenko, Foreign Vu, Qua Xo & John Cunningham)
(Damn Jesse, Honesty)","OG Filename: JESSE
Includes multiple instrumentals, takes, acapellas, etc.
Leaked as part of a groupbuy.","Feb 17, 2022","Apr 12, 2023",,173,OG File,Lossless,
Donda 2,"Keep It Burnin
(ref. Fat Money) (prod. ATL Jacob & DB!)","OG Filename: KEEP IT BURNIN
Fat Money reference track for ""Keep It Burnin"" made during Donda 2 sessions.","Jan 30, 2022",,,175,OG File,Lossless,
Donda 2,"Lift Me Up
(ref. Fat Money) (prod. BoogzDaBeast & Cashmere Brown)
(Just Out My Reach, Lord Lift Me Up)","OG Filename: LIFT ME UP
Fat Money reference track for ""Lift Me Up"" made during Donda 2 sessions.",,,,120,OG File,Lossless,
Donda 2,"Maintenance
(prod. Ojivolta)","OG Filename: Ye x Future - Maintenance Tracking
Session for an early version of ""Maintenance"". Includes content from the recording sessions.","Feb 14, 2022",,,143,OG File,Lossless,
Donda 2,"NYC
(with Fivio Foreign & Alicia Keys) (feat. Playboi Carti) (prod. Kanye West, AyoAA, BoogzDaBeast, Bordeaux, Dem Jointz, Hemz, Lil Mav, MIKE DEAN, Non Native, Ojivolta, Scoop, The Chainsmokers & Tweek Tune)
(City Of Gods, Empire State Of Mind Pt. 2, Go Easy)","OG Filename: Copy of NYC MIKE DEAN MIX 21.16 new AK vox
OG Password: KWMD2022!!
Pro Tools session for an earlier MIKE DEAN mix of ""City Of Gods"".","Feb 1, 2022","Feb 18, 2026",Varied,150,OG File,Lossless,
Donda 2,"Pablo
(ref. Fat Money) (prod. Beach House, Ojivolta & John Cunningham)","OG Filename: PABLO
Fat Money reference track for ""Pablo"" made during Donda 2 sessions. Leaked as part of the ""Can U Be"" groupbuy.",,,,120,OG File,Lossless,
Donda 2,"Stop Looking For This
(ref. Yung Lean) (feat. Gud) (prod. 88-Keys & Gud)","OG Filename: Yung Lean - stoplookingforthis 96 7bpm
Stems/session/vocal takes for Yung Lean's reference track. Has a lot of different alt vocal takes, stems, etc. Originally partially leaked with just the stems, though the full folder is not linked yet.","Feb 9, 2022",,,96.7,Partial,Lossless,
Donda 2,"Suzy
(ref. Fat Money)
(Suzy More Time, Things Change)","OG Filename: SUZY
Session for the Fat Money's reference track. Recorded in late January.","Jan 29, 2022",,,108,OG File,Lossless,
Donda 2,"Turns Me On
(ref. Fat Money)","OG Filename: TURNS ME ON 147
Fat Money reference track made during Donda 2 sessions.","Jan 29, 2022","Nov 17, 2023",2:10,147,OG File,Lossless,
Donda 2,"We Did It Kid
(ref. Fivio Foreign) (feat. Baby Keem, Quavo & Offset) (prod. BoogzDaBeast, Digital Nas, Tom Levesque, Ojivolta, FnZ, Scott Bridgeway, Jahaan Sweet & Ryan Svendsen)
(Kid We Did It, We Did It)","OG Filename: WE DID IT
Session for Fivio Foreign's ""We Did It Kid"" reference track.","Mar 2, 2022","Dec 25, 2023",3:53,137,OG File,Lossless,
Donda 2,"We Did It Kid
(feat. Migos)
(Kid We Did It, We Did It)","OG Filename: Copy of YE WE DID IT MIGOS
Session for Migos ""We Did It Kid"" verse.","Feb 19, 2022",,2:55,148,OG File,Lossless,
Donda 2,"We Did It Kid
(feat. Quavo)
(Kid We Did It, We Did It)","Session for Quavo's ""We Did It Kid"" verse. Unsure if it's the same session as the Migos one.",,,,137,Snippet,CD Quality,
Donda 2,"KayCyy - Malibu
(feat. Kanye West & Francis and the Lights) (prod. Dom Sarfo)","OG Filename: Copy of Jan 3 - Criteria - KayyCyy - Malibu
Sessions for ""Malibu"" by KayCyy.","Jan 4, 2022","Dec 27, 2022",4:16,89,OG File,Lossless,"https://mega.nz/folder/FlsRjCQI#JnHlmgBojgFXTSLPAtzpsQ"
,Studio Stems,,,,,,,,
Donda 2,"530 (Dear Summer)
(prod. Kanye West, BoogzDaBeast, E.VAX, FnZ & John Cunningham)
(The Car's Missing, 5:30, 530AM)","OG Filename: 530 (Dear Summer) Ye Chop 160bpm.02 - Stems
Stems for the John Cunningham version of ""530"".","Feb 22, 2022",,4:01,160,OG File,Lossless,
Donda 2,"530 (Dear Summer)
(prod. Kanye West, BoogzDaBeast & FnZ)
(The Car's Missing, 5:30, 530AM)","OG Filename: 530 (Dear Summer) Ye Vocals.06 - no freestyle STEMS
Stems for the finished version of ""530"".","Apr 8, 2022",,2:01,160,OG File,Lossless,
Donda 2,"530 [Drum Stem]
(prod. Digital Nas)
(Dear Summer, The Car's Missing, 5:30, 530AM)","OG Filename: 530 digital nas 165 bpm
Drum stem for the Digital Nas version of ""530"".",,,2:19,165,OG File,CD Quality,
Donda 2,"530 [Guitar Stem]
(prod. Marilyn Manson)
(Dear Summer, The Car's Missing, 5:30, 530AM)","OG FIlename: MM 13. 530_Fivio_dear summer_775_GuitarLead
Guitar stem for Marilyn Manson ""530"".",,,3:02,77.5,OG File,Lossless,
Donda 2,"A Beautiful Life
(ref. Dem Jointz) (prod. BoogzDaBeast & Dem Jointz)
(It's A Beautiful Life, Beautiful Life)","OG Filename: Beautiful LIfe
Stems for the Dem Jointz version of ""A Beautiful Life"".","Feb 8, 2022",,3:34,143,OG File,Lossless,
Donda 2,"It's A Beautiful Life
(ref. Fya Man) (prod. BoogzDaBeast)
(A Beautiful Life, Beautiful Life)","OG Filename: IT'S A BEAUTIFUL LIFE
Stems for the Fya Man version of ""A Beautiful Life"".",,,3:08,143,OG File,Lossless,
Donda 2,"Beautiful Life [Drum Stems]
(prod. Apex Martin)
(It's A Beautiful Life, A Beautiful Life)","OG Filename: Beautiful Life_71.5_AmDrumStems
Drum stems for a version of ""Beautiful Life"" produced by Apex Martin.",,,5:17,143,OG File,CD Quality,
Donda 2,"Broken Road
(feat. Don Toliver) (prod. MIKE DEAN)
(Nothing Wrong)","OG Filename: Broken Road - 2-22-22
Stems from a version of ""Broken Road"" found in a copy of Donda 2 dated 2.22.22","Feb 22, 2022",,2:05,138,OG File,Lossless,
Donda 2,"Depression [Drum Stems]
(prod. Apex Martin)","OG Filename: Depression_146_AMDrumStems
Drum stems for a version of ""Depression"" produced by Apex Martin. OG folder leaked February 18th, 2026.",,"Feb 18, 2026",3:56,146,OG File,CD Quality,https://imgur.gg/f/YgP40Ww
Donda 2,"Fuck Flowers
(prod. BoogzDaBeast, Digital Nas, Ojivolta, Scoop, The Twilite Tone & Twisco)
(Flowers, Friends I'd Smash, Your Life Finna Change RT Now)","OG Filename: The Twilite Tone - Fuck Flowers Stems 120BPM
Stems for the Twilite Tone version of ""Flowers"". Includes the Ableton project file.",,"Dec 25, 2023",2:32,120,OG File,Lossless,
Donda 2,"Flowers
(prod. 88-Keys)
(Fuck Flowers, Friends I'd Smash, Your Life Finna Change RT Now)","OG Filename: flowers
Stems for the 88-Keys version of ""Flowers"". Meant to be looped.",,"Dec 25, 2023",0:08,120,OG File,Lossless,
Donda 2,"For The Children
(prod. BoogzDaBeast & Ojivolta)","OG Filename: For The Children OxV 79bpm
Stems for a later version of ""For The Children"" with Kanye vocals.",,,2:19,158,OG File,Lossless,
Donda 2,"Get Lost [Synth Stem]
(prod. Marilyn Manson)
(I Get Lost)","OG Filename: MM 03. Get Lost ending 137 Synth
Synth stem for the Marilyn Manson produced version of ""Get Lost"".",,,2:39,70,OG File,Lossless,
Donda 2,"Maintenance
(prod. Marilyn Manson)","OG Filename: MM 12. Maintenance 143 MM
Stems for a Marilyn Manson's additions to ""Maintenance"". Included in the ""Maintenance"" x ""On Fire"" bundle.",,,,143,OG File,Lossless,
Donda 2,"Maintenance
(prod. Ojivolta)","OG Filename: Maintenance Stems 143 OxV
Complete synth and vocal stems for an earlier Ojivolta version of ""Maintenance"".",,"Oct 1, 2023",,143,OG File,Lossless,
Donda 2,"Maintenance
(prod. Ojivolta)","OG Filename: Maintenance - Ye Vocals.05 Ref - STEMS
Stems for the finished version of ""Maintenance"". Included in the ""Maintenance"" x ""On Fire"" bundle.","Mar 29, 2022",,2:07,143,OG File,Lossless,
Donda 2,"Maintenance
(prod. Ojivolta & Wheezy)","OG Filename: MAINTENANCE (WHEEZY)
Stems for a version of ""Maintenance"" with Wheezy production. Included in the session.",,,,143,OG File,Lossless,
Donda 2,"Maintenance
(prod. Apex Martin & Ojivolta)","OG Filename: Maintenance_143_AMDrumStems
Stems for a version of ""Maintenance"" with Apex Martin drums.",,,,143,OG File,Lossless,
Donda 2,"Mr. Miyagi
(feat. Future) (prod. AyoAA)","OG Filename: Mr  Miyagi Stems 69bpm
Stems for an earlier version of ""Mr. Miyagi"". Filename shown during an AyoAA stream November 18th, 2025.","Feb 3, 2022",,,138,Confirmed,Not Available,
Donda 2,"Mr. Miyagi
(feat. Future) (prod. AyoAA)","OG Filename: mr miyagi AyoAA Stems
Stems for an earlier version of ""Mr. Miyagi"". Filename shown during an AyoAA stream November 18th, 2025.","Feb 6, 2022",,,138,Confirmed,Not Available,
Donda 2,"Mr. Miyagi [Drum Stem]
(prod. 88-Keys)","OG Filename: mr miyagi - drums - 69bpm - 88 v2
Drum stem for the second 88-Keys version of ""Mr. Miyagi"".","Feb 12, 2022","Feb 18, 2026",0:13,69,OG File,Lossless,
Donda 2,"Mr. Miyagi [Drum + Sample Stems]
(prod. 88-Keys)","OG Filenames: mr miyagi - drums - 69bpm - 88 v3 &
mr miyagi - vox - 69bpm - 88 v3 
Drum and vocal sample stems for the third 88-Keys version of ""Mr. Miyagi"".","Feb 12, 2022","Feb 18, 2026",Varied,69,OG File,Lossless,""
Donda 2,"Mr. Miyagi
(feat. Future & Playboi Carti) (prod. AyoAA & Ojivolta)","OG Filename: MR MIAGI MIKE DEAN MIX 102 CLEAN STEMS AND STEREO MIXES 146 BPM
Stems for the version of ""Mr. Miyagi"" which was planned to be released on Stem Player before it was scrapped. Ordered in Stem Player fashion.","Mar 15, 2022","May 19, 2023",2:57,146,OG File,Lossless,
Donda 2,"Never Forgive Yourself / Yeah I Know
(ref. Dem Jointz) (feat. Dem Jointz) (prod. Dem Jointz & BoogzDaBeast)","OG Filename: NEVER FORGIVE YOURSELF
Stems for a version of ""Never Forgive Yourself / Yeah I Know"".","Feb 11, 2022","May 26, 2023",3:27,144/120,OG File,Lossless,
Donda 2,"Pablo
(feat. Future) (prod. ATL Jacob, Digital Nas, FnZ, John Cunningham & Marilyn Manson)","""Stems"" for a version of ""Pablo"" with Marilyn Manson production that would be later used for the GOOD Fridays versions. The stem ""MM Pablo 120 Keys"" was made on February 25th, 2022, and ""MM Pablo 120 Synth"" was made on February 21st, 2022. Leaked as a bonus for the second ""THIRSTY"" groupbuy","Feb 25, 2022","Dec 17, 2024",2:38,125,Full,Lossless,
Donda 2,"Pablo
(ref. Strick) (feat. Future) (prod. Chase Davis & FnZ)","OG Filename: PABLO STEMS
Stems for Chase's version od ""Pablo"", leaked as part of a Joebuy. 2 stems are missing (the files are included, but they are empty).","Feb 12, 2022",,2:32,120,Partial,Lossless,
Donda 2,"Paid To Talk
(prod. Kanye West & Wheezy)
(Do I Look Happy, Happy)","OG Filename: ye chop wave
Stems for the first version of ""Happy"".","Feb 13, 2022","Feb 18, 2026",1:05,121,OG File,Lossless,https://imgur.gg/f/q7k2klC
Donda 2,"Security
(ref. Baby Keem) (prod. Digital Nas)","OG Filename: Security Keem STEMS
Acapella and instrumental bounces for Baby Keem's ""Security"" reference track. Rebounced February 21st, 2022.","Feb 21, 2022","Feb 18, 2026",1:49,83,OG File,Lossless,https://imgur.gg/f/LxqbpWZ
Donda 2,"Suzy
(ref. Fat Money) (prod. AllDay & Marilyn Manson)
(Suzy More Time, Things Change)","OG Filename: MM 21 FatMoney SuzyExt 1083
Stems for Marilyn Manson's version of ""Suzy"".",,"Sep 18, 2023",,108,OG File,Lossless,
Donda 2,"Too Easy
(prod. Dem Jointz & Beach House)
(2 EAZY, I'm Finna Love Me, Love Me, LOVE ME / 2 EASY)","OG Filename: BH TOO EASY V2
Stems for an early version of ""Too Easy"". Identical to the version played at the Miami 2.22.22 listening party, but with an unfinished mix.","Feb 12, 2022",,3:32,153,OG File,Lossless,
Donda 2,"Too Easy
(prod. E.VAX)
(2 EAZY, I'm Finna Love Me, Love Me, LOVE ME / 2 EASY)","OG Filename: Too Easy E.VAX stems
Stems for the E.VAX version of ""Too Easy"".",,,,153,OG File,Lossless,
Donda 2,"True Love [Drum Stem]
(prod. Ojivolta)","OG Filename: DRM True Love 84bpm
Drum stem for ""True Love"".",,"Feb 3, 2026",0:11,84,OG File,Lossless,
Donda 2,"Love Me
(ref. Dem Jointz) (feat. STALONE) (prod. Dem Jointz & Beach House)
(2 EAZY, I'm Finna Love Me, LOVE ME / 2 EASY, Too Easy)","OG Filename: LOVE ME (Dem Jointz Vox Edit Stems)
Stems for the Dem Jointz vocal edit of ""Too Easy"".","Feb 22, 2022",,2:58,153,OG File,Lossless,
Donda 2,"We Did It
(prod. ATL Jacob)
(Kid We Did It, We Did It Kid)","Stems for the ATL Jacob version of ""We Did It"".","Feb 5, 2022",,5:36,137,OG File,Lossless,
Donda 2,"We Did It
(prod. BoogzDaBeast, Digital Nas & Ojivolta)
(Kid We Did It, We Did It Kid)","OG Filename: we did it
Stems for a Digital Nas version of the ""We Did It Kid"" beat.","Feb 13, 2022","Apr 5, 2024",2:55,148,OG File,Lossless,
Donda 2,"We Did It Kid
(prod. Wheezy)
(Kid We Did It, We Did It)","OG Filename: WE DID IT KID (WHEEZY)
Stems for a version of ""We Did It Kid"" with Wheezy drums.","Feb 14, 2022","Sep 22, 2023",3:09,137,OG File,Lossless,
Donda 2,"We Did It Kid
(prod. BoogzDaBeast, Digital Nas & Ojivolta)
(Kid We Did It, We Did It)","OG Filename: We Did It Kid 45 Stems 148 bpm Final OxV
Stems for an Ojivolta version of ""We Did It Kid"" with the cutdown freestyle. Also has Digital Nas drums.","Feb 19, 2022",,2:17,148,OG File,Lossless,
Donda 2,"We Did It Kid
(feat. Migos, Rich The Kid & Playboi Carti) (prod. AyoAA, BoogzDaBeast, Digital Nas & Ojivolta)
(Kid We Did It, We Did It)","OG Filename: Migos, Rich The Kid - We Did It Kid Stems
Stems for a version of ""We Did It Kid"" with Migos, Rich The Kid, and Playboi Carti. Included in the ""We Did It Kid"" bundle buy.","Feb 19, 2022","Apr 28, 2023",4:05,137,OG File,Lossless,
Donda 2,"We Did It Kid
(feat. Baby Keem, Quavo & Offset) (prod. BoogzDaBeast, Digital Nas, Tom Levesque, Ojivolta, FnZ, Scott Bridgeway, Jahaan Sweet & Ryan Svendsen)
(Kid We Did It, We Did It)","OG Filename: WE DID IT KID STEMS AND STEREO MIX MIKE DEAN MIX 2
Stems for a version of ""We Did It Kid"", which is the same as the Stem Player version, except uncensored.","Feb 23, 2022",,2:48,137,OG File,Lossless,
Donda 2,"We Did It Kid
(feat. Baby Keem, Quavo & Offset) (prod. BoogzDaBeast, Digital Nas, Tom Levesque, Ojivolta, FnZ, Scott Bridgeway, Jahaan Sweet & Ryan Svendsen)
(Kid We Did It, We Did It)","OG Filename: We did it Kid - All vocals.03.mp3 VOX
Stems for an updated version of ""We Did It Kid"", which is censored. Includes finished vocals from Kanye, as well as an extra verse from him at the end.","Mar 10, 2022",,3:55,137,OG File,Lossless,
Donda 2,"⁉️ We Did It Kid
(feat. Baby Keem, Quavo & Offset) (prod. BoogzDaBeast, Digital Nas, Tom Levesque, Ojivolta, FnZ, Scott Bridgeway, Jahaan Sweet & Ryan Svendsen)
(Kid We Did It, We Did It)","OG Filename: WE DID IT KID MIKE DEAN MIX 4 CLEAN STEMS AND STEREO MIXES
Stems for the mixed version of the previous version.","Mar 19, 2022",,3:55,137,OG File,Lossless,Link Needed
Donda 2,"We Did It Kid
(feat. Baby Keem, Quavo & Offset) (prod. BoogzDaBeast, Digital Nas, Tom Levesque, Ojivolta, FnZ, Scott Bridgeway, Jahaan Sweet & Ryan Svendsen)
(Kid We Did It, We Did It)","OG Filename: WE DID IT KID MIKE DEAN MIX 5 CLEAN STEMS AND STEREO MIXES NO ALT 808
Stems for an updated version of ""We Did It Kid"", which is censored. Includes finished vocals from Kanye and an extra verse from him at the end. Labelled as having no alternate 808.","Mar 21, 2022",,3:55,137,OG File,Lossless,
Donda 2,"Worst Mistake
(prod. DY Krazy & Tre Pounds)
(Candyland, Forgive Yourself, Never Forgive Yourself, Yeah I Know)","OG Filename: Worst Mistake (Never Forgive Yourself)
Stems for the original ""Worst Mistake"" freestyle.","Jan 30, 2022",,5:37,144/120,OG File,Lossless,
Donda 2,"Worst Mistake
(prod. BoogzDaBeast, DY Krazy, Tre Pounds & Beach House)
(Candyland, Forgive Yourself, Never Forgive Yourself, Yeah I Know)","OG Filename: 01 Worst Mistake BH V2 (Candyland) Stems 148bpm
Stems for the Beach House version of ""Worst Mistake"".","Feb 13, 2022",,5:03,148,OG File,Lossless,"https://drive.google.com/file/d/1HHrVMYjiW49RerABGGqCnMHmQTcnsG6b/view?usp=sharing"
Donda 2,"???
(prod. Kanye West & Scarface)
(Sam Cooke Sample)","OG Filename: INSTRUMENTAL
OG Password: KWSF2021!!
On December 28th, 2021, Ye was seen working on new music in the studio with Scarface. Samples ""A Change Is Gonna Come"" by Sam Cooke. Password protected stems for this version were cracked by ben3759. Has three sample tracks and one track of Ye beatboxing. Original snippet leaked February 3rd, 2025. Bounce leaked as a bonus for a Soakbuy. Beat would later be given to North for Elementary School Dropout.","Dec 31, 2021",,3:34,81,OG File,Lossless,
Donda 2,"???
(prod. Marilyn Manson)","OG Filename: MANSON 011922 A 151 mix
Stems for a beat made by Marilyn Manson during pre-Donda 2 sessions. Unknown if Kanye recorded on it.","Jan 19, 2022","Dec 14, 2024",2:37,151,OG File,Lossless,
Donda 2,"XXXTENTACION - Selfish
(prod. John Cunningham)","OG Filename: Selfish JC XXX Stems
Stems for an early version of ""Selfish"" with additional production from John Cunningham and one open verse. Said to been made on January 30th, 2022, and could just be a rebounce like ""True Love"" did to get prepared to be worked on for later versions. Leaked as a bonus for the ""Gnarly Freestyle!"" groupbuy from the X community.","Jan 30, 2022",,1:56,124,OG File,Lossless,
Donda 2,"XXXTENTACION - True Love
(prod. John Cunningham)","OG Filename: True Love.02 - Stems
Stems for XXXTENTACION's solo version of ""True Love"".","Jan 29, 2022","Apr 11, 2024",1:39,84,OG File,Lossless,
,Acapellas,,,,,,,,
Donda 2,"530 [Dry Acapella]
(ref. Fivio Foreign)
(Dear Summer, The Car's Missing, 5:30, 530AM)","OG Filename: 530_Fivio_dear summer_VOX_Dry_01.29.22_1
Acapella for Fivio Foreign's ""530"" reference track.","Jan 29, 2022",,2:41,155,OG File,Lossless,
Donda 2,"530 [Wet Acapella]
(ref. Fivio Foreign)
(Dear Summer, The Car's Missing, 5:30, 530AM)","OG Filename: VOX 530_Fivio_dear summer_01.29.22
Acapella for Fivio Foreign's ""530"" reference track with FX.","Jan 29, 2022",,2:41,155,OG File,Lossless,
Donda 2,"Dear Summer
(ref. Fya Man) (feat. Shenseea)
(The Car's Missing, 530, 5:30, 530 AM)","OG Filename: DEAR SUMMER ACAPELLA  77.5bpm D MAJ V1
Acapella for Fya Man's ""Dear Summer"" reference track.","Feb 12, 2022",,2:03,77.5,OG File,Lossless,
Donda 2,"Closed For Business
(feat. Don Toliver)
(City Of Chi, Closed 4 Business, Chicago, Mezzo, On My Way)","OG Filename: ACA - closed for buisness_RX_1.29.22
AI extraced acapella for Don Toliver's vocals on ""Closed For Business"".","Feb 10, 2022","Feb 18, 2026",3:42,112,OG File,Lossless,
Donda 2,"Closed For Business
(ref. Courtlin Jabrae) (feat. Don Toliver)
(City Of Chi, Closed 4 Business, Chicago, Mezzo, On My Way)","OG Filename: CLOSED FOR BUSINESS V1 112 Dmin ACAPELLA
Acapella for the writer's camp version of ""Closed For Business"". Don Toliver's vocals are AI extracted.","Feb 12, 2022",,2:51,112,OG File,Lossless,
Donda 2,"Closed For Business
(ref. Fat Money)
(City Of Chi, Closed 4 Business, Chicago, Mezzo, On My Way)","OG Filename: VOX - CLOSED FOR BUSINESS
Fat Money acapella for ""Closed For Business"" made during Donda 2 sessions. Leaked as part of the ""Can U Be"" groupbuy.",,,2:36,112,OG File,Lossless,
Donda 2,"Damn Jesse
(ref. Fat Money)
(Honesty, Jesse)","OG Filename: FAT MONEY - damn JESSE acca
Acapella for a later version of Fat Money's ""Jesse"" reference. Included in a folder of files that John Cunningham intended to play for Ye.",,"Feb 18, 2026",2:03,173,OG File,CD Quality,
Donda 2,"First Time In A Long Time [Gunna Vocal Stem]
(ref. Gunna)","Vocal stem for Gunna's ""First Time In A Long Time"" reference track.",,,2:32,130,OG File,Lossless,
Donda 2,"Fuck Flowers
(ref. PopLord & Fya Man)
(Flowers, Friends I'd Smash, Your Life Finna Change RT Now)","OG Filename: FUCK FLOWERS MALIK JABRAE POPLORD FYA MAN ACAPELLA V2 120bpm Gmaj
Acapella for the second writer's camp version of ""Fuck Flowers"".","Feb 12, 2022",,2:24,120,OG File,Lossless,
Donda 2,"Louie Bags
(After Virgil Passed, Louis Bags, Louie Bag, United)","OG Filename: Ye Freestyle UNITED Louie Bags 1.30.22 - ACA
Acapella for the freestyle to ""Louie Bags"", titled ""United"".","Jan 30, 2022",,5:39,170,OG File,Lossless,
Donda 2,"Maintenance
(feat. Future)","OG Filename: OG ACA - Maintenance 143bpm
Acapella for ""Maintenance"".",,,2:07,143,OG File,Lossless,
Donda 2,Maintenance [Re-Recorded Vocal Stem],"New ""Maintenance"" vocals recorded by Kanye to fill in the mumble from earlier versions.",,,2:07,143,OG File,Lossless,
Donda 2,"Mr. Miyagi
(ref. Fya Man & PopLord) (feat. Future)","OG Filename: MR MIAGI ACAPELLA V1
Reference acapella for ""Mr. Miyagi"". Leaked as part of a groupbuy bonus.","Feb 13, 2022","Mar 11, 2024",2:46,138,OG File,Lossless,
Donda 2,"Pablo 
(ref. Bump J)","Acapella for a Bump J ""Pablo"" reference.","Feb 12, 2022",,0:42,120,OG File,CD Quality,
Donda 2,"Stop Looking At This
(feat. VIC MENSA)
(88 Bass Guitar, Stop Looking For This)","OG Filename: Stop Looking at This 96.7bpm - Ye JC Edit.06 - ACA
VIC MENSA acapella for a version of ""Stop Looking At This"".","Feb 16, 2022",,3:09,96.7,OG File,Lossless,
Donda 2,"Stop Looking For This [Dry Acapella]
(ref. Yung Lean) (feat. Gud)
(88 Bass Guitar, Stop Looking At This)","OG Filename: stop looking for this vox dry
Dry acapella for a version of ""Stop Looking For This"".",,,1:59,96.7,OG File,CD Quality,
Donda 2,"Stop Looking For This [Wet Acapella]
(ref. Yung Lean) (feat. Gud)
(88 Bass Guitar, Stop Looking At This)","OG Filename: stop looking for this vox
Wet acapella for a version of ""Stop Looking For This"".",,,1:59,96.7,OG File,Lossless,
Donda 2,"Suzy
(Suzy More Time, Things Change)","Inverted acapella for ""Suzy"" done by Kanye. Has some silence at the end.",,,4:26,108,Full,Lossless,
Donda 2,"Suzy
(ref. Fat Money)
(Suzy More Time, Things Change)","OG Filename: Ye x Fat Money_Suzy_Aca_108BPM_020222
Acapella for the first Fat Money version of ""Suzy"".","Feb 2, 2022","Feb 18, 2026",4:25,108.3,OG File,Lossless,
Donda 2,"Suzy [Adlibs]
(ref. Fat Money)
(Suzy More Time, Things Change)","OG Filename: SUZY extra vox_1
Fat Money acapella for ""Suzy"". Just the extra vocals.","Mar 12, 2022",,1:13,108,OG File,Lossless,
Donda 2,"Suzy [Dry Acapella]
(ref. Fat Money)
(Suzy More Time, Things Change)","OG Filename: Fat Money - SUZY ACAP dry
Fat Money acapella for ""Suzy"". Has no effects.","Mar 12, 2022",,1:11,108,OG File,Lossless,
Donda 2,"Suzy [Wet Acapella]
(ref. Fat Money)
(Suzy More Time, Things Change)","OG Filename: Fat Money - SUZY acap w FX
Fat Money acapella for ""Suzy"". Has effects.","Mar 12, 2022",,1:11,108,OG File,Lossless,
Donda 2,"Too Easy
(feat. DaBaby)
(2 EAZY, I'm Finna Love Me, LOVE ME / 2 EASY, Love Me)","OG Filename: ACA_DaBaby_Too Easy_v3_020522
Acapella for DaBaby's scrapped feature on ""Too Easy"".","Feb 5, 2022","Feb 18, 2026",2:30,153,OG File,Lossless,
Donda 2,"We Did It Kid
(ref. Fya Man, PopLord, Malik Yusef & Courtlin Jabrae)
(Kid We Did It, We Did It)","OG Filename: WE DID IT KID 136.8 bpm ish ACAPELLA V1
Fya Man acapella for ""We Did It Kid"".",,,2:58,136.8,OG File,Lossless,
Donda 2,"We Did It Kid [Wet Acapella]
(ref. Fivio Foreign)
(Kid We Did It, We Did It)","OG Filename: VOX - YE X MIGOS X FIVI - WE DID IT
Acapella for Fivio Foreign's ""We Did It Kid"" reference track.",,"Dec 25, 2023",4:54,148,OG File,Lossless,
Donda 2,"We Did It Kid [Dry Acapella]
(ref. Fivio Foreign)
(Kid We Did It, We Did It)","OG Filename: YE X MIGOS X FIVI - WE DID IT - ACA
Dry acapella for Fivio Foreign's ""We Did It Kid"" reference track with the dry adlibs included.","Mar 2, 2022","Dec 25, 2023",3:56,148,OG File,Lossless,
Donda 2,"We Did It Kid [Adlibs]
(ref. Fivio Foreign)
(Kid We Did It, We Did It)","OG Filename: ADLIBS - YE X MIGOS X FIVI - WE DID IT
Adlibs for Fivio Foreign's ""We Did It Kid"" reference track.","Mar 2, 2022","Dec 25, 2023",3:58,148,OG File,Lossless,
Donda 2,"Antonio Brown - Put That Shit On
(ref. Fat Money)","OG Filename: VOX - AB Fat Money 
Acapella for Fat Money's ""Put That Shit On"" reference track.",,,3:08,73,OG File,Lossless,
,Instrumentals,,,,,,,,
Donda 2,"530
(prod. Kanye West, BoogzDaBeast & FnZ)
(Dear Summer, The Car's Missing, 5:30, 530AM)","OG Filename: 155.0 - Dear Summer [YE x BoogzDaBeast]-05
Original sample chop for ""530"".",,,5:09,155,OG File,Lossless,
Donda 2,"530
(prod. Kanye West, BoogzDaBeast & FnZ)
(Dear Summer, The Car's Missing, 5:30, 530AM)","OG Filename: INST 530_Fivio_dear summer_01.29.22
Instrumental for Fivio Foreign's ""530"" reference track.","Jan 29, 2022",,2:42,155,OG File,Lossless,
Donda 2,"530
(prod. Kanye West, 30 Roc, BoogzDaBeast & FnZ)
(Dear Summer, The Car's Missing, 5:30, 530AM)","OG Filename: Ye 530
Earlier bounce of the 30 Roc-produced version of ""530"". Has a faster BPM and is silent after 2:23.","Feb 12, 2022","Feb 18, 2026",4:51,170,OG File,CD Quality,
Donda 2,"530AM
(prod. Kanye West, 30 Roc, BoogzDaBeast & FnZ)
(Dear Summer, The Car's Missing, 530, 5:30)","OG Filename: 30Roc - 530AM 170bpm
Instrumental for a 30 Roc-produced version of ""530"". Has a faster BPM and silence at the end.","Feb 13, 2022","Sep 9, 2023",4:51,170,OG File,CD Quality,
Donda 2,"Dear Summer
(prod. Kanye West, BoogzDaBeast & FnZ)
(The Car's Missing, 530, 5:30, 530 AM)","OG Filename: DEAR SUMMER INSTURMENTAL  77.5bpm D MAJ V1
Instrumental reference track for ""Dear Summer"".","Feb 12, 2022",,2:03,77.5,OG File,Lossless,
Donda 2,"530 (Dear Summer)
(prod. Kanye West, BoogzDaBeast, E.VAX, FnZ & John Cunningham)
(The Car's Missing, 5:30, 530 AM)","OG Filename: 530 (Dear Summer) Ye Chop 160bpm.02 - INST
Instrumental for the John Cunningham version of ""530"".","Feb 20, 2022","Feb 18, 2026",4:01,160,OG File,CD Quality,
Donda 2,"530 (Dear Summer)
(prod. Kanye West, BoogzDaBeast & FnZ)
(The Car's Missing, 5:30, 530 AM)","OG Filename: INST - SAMPLE
Instrumental for the GOOD Fridays mix of of ""530"".","Apr 8, 2022",,2:01,160,OG File,Lossless,
Donda 2,"Beautiful Life
(prod. BoogzDaBeast & John Cunningham)
(It's A Beautiful Life, A Beautiful Life)","OG Filename: beautiful life drums 143bpm.01 loop
Looped instrumental found in the session folder for Fat Money's second ""Beautiful Life"" reference track, featuring the added drill drums.",,,5:49,143,OG File,Lossless,
Donda 2,"Broken Road
(feat. Don Toliver) (prod. MIKE DEAN)
(Nothing Wrong)","OG Filename: MIKE DEAN - BROKEN ROAD MIKE DEAN MIX 4 with outro no vox
Has added MIKE DEAN production that brings back the inclusion of vocals from the first version of ""Get Lost"". Part of an album copy made the day before Donda 2's intended release.","Feb 15, 2022","Nov 21, 2024",3:14,138,OG File,CD Quality,
Donda 2,"Broken Road
(feat. Don Toliver) (prod. Chopsquad DJ, MIKE DEAN & Theophilus London)
(Nothing Wrong)","OG Filename: BROKEN ROAD MIKE DEAN MIX 202 - INST
Instrumental for the Miami LP version of ""Broken Road"".","Mar 19, 2022","Feb 18, 2026",1:40,138,OG File,CD Quality,
Donda 2,"NYC
(prod. Ojivolta)
(City Of Gods, Empire State Of Mind Pt. 2, Go Easy)","OG Filename: NYC Music OxV_01
Instrumental version of ""City Of Gods"" with alternate production from Ojivolta.","Jan 31, 2022","Feb 18, 2026",4:19,150,OG File,Lossless,
Donda 2,"City Of Gods
(prod. Kanye West, AyoAA, BoogzDaBeast, Bordeaux, Dem Jointz, Hemz, Lil Mav, MIKE DEAN, Non Native, Ojivolta, Scoop, The Chainsmokers & Tweek Tune)
(NYC, Empire State Of Mind Pt. 2, Go Easy)","Drumless instrumental for ""City Of Gods"", used in the behind the scenes for the music video.",,,4:03,150,Full,High Quality,https://pixeldrain.com/u/ygs9wFXf
Donda 2,"Closed For Business
(prod. AllDay)
(City Of Chi, Closed 4 Business, Chicago, Mezzo, On My Way)","OG Filename: 09 closed for business loop no vox 112 Dm
Looped ""Closed For Business"" instrumental, included in a folder of stems sent to Beach House.","Feb 10, 2022","Feb 18, 2026",2:33,112,OG File,Lossless,
Donda 2,"Closed For Business
(prod. AllDay)
(City Of Chi, Closed 4 Business, Chicago, Mezzo, On My Way)","OG Filename: CLOSED FOR BUSINESS V1 112 Dmin INSTRUMENTAL
Instrumental reference track for ""Closed For Business"".","Feb 12, 2022",,2:51,112,OG File,Lossless,
Donda 2,"Closed For Business
(prod. AllDay & AyoAA)
(City Of Chi, Closed 4 Business, Chicago, Mezzo, On My Way)","OG Filename: Closed for Business AyoAA - INST 120.3bpm
Instrumental for the fifth AyoAA-produced version of ""Closed For Business. Lacks the mastering used on the main bounce.","Feb 17, 2022","Feb 18, 2026",1:37,120.3,OG File,CD Quality,
Donda 2,Evangelical,"OG Filename: Evangelica 116 INST
Instrumental for the reference track ""Evangelical"". Leaked alongside the full song.",,"Jul 16, 2022",2:56,116,OG File,CD Quality,
Donda 2,"Fighter
(prod. Digital Nas)
(Running Laps)","OG Filename: fighter prod. digital nas
Leaked as a free bonus after the ""Skeletons"" groupbuy finished.",,"Jun 27, 2022",2:43,89,OG File,Lossless,
Donda 2,"Running Laps
(prod. Digital Nas)
(Fighter)","OG Filename: running laps no melodi
Alternate version of the ""Fighter"" beat. Leaked randomly.",,,2:43,89,OG File,Lossless,
Donda 2,"First Time In A Long Time
(prod. Ojivolta & Twisco)","OG Filename: 16. First Time in a Long Time - OxV cut.01 - INST 130bpm
Instrumental for ""First Time In A Long Time"", found in the Soulja Boy session.","Feb 20, 2022",,2:09,130,OG File,Lossless,
Donda 2,"For The Children (Go Up)
(prod. BoogzDaBeast & Ojivolta)
(For The Children, Go Back In Time, Have A Good Time)","OG Filename: For The Children (Go Up (Instrumental)
Instrumental later used for French Montana's ""For The Children"" reference track.","Feb 1, 2022","Feb 18, 2026",2:16,158,OG File,Lossless,
Donda 2,"Friends I'd Smash
(prod. Digital Nas & Scoop)
(AWESOME, Flowers, Fuck Flowers, Your Life Finna Change RT Now)","OG Filename: INST Ye Freestyle - AWESOME digital nas friends i'd smash - 1.30.22
Instrumental used for the initial Ye freestyle.","Jan 30, 2022","Feb 16, 2026",6:32,120,OG File,Lossless,
Donda 2,"Fuck Flowers
(prod. Digital Nas, Ojivolta, Scoop & Twisco)
(Flowers, Friends I'd Smash, Your Life Finna Change RT Now)","OG Filename: FUCK FLOWERS MALIK JABRAE POPLORD FYA MAN INSTRUMENTAL V2 120bpm Gmaj
Instrumental for the second writer's camp version of ""Fuck Flowers"".","Feb 12, 2022",,2:24,120,OG File,Lossless,
Donda 2,"Fuck Flowers
(prod. Digital Nas, Ojivolta, Scoop, The Twilite Tone & Twisco)
(Flowers, Friends I'd Smash, Your Life Finna Change RT Now)","OG Filename: Fuck Flowers INST v.4 OxV 120bpm
Later Ojivolta instrumental for ""Fuck Flowers"", included in a folder meant for ""JH"".","Feb 18, 2022","Feb 18, 2026",2:28,120,OG File,Lossless,
Donda 2,"Fuck Flowers
(prod. Digital Nas, Ojivolta, Scoop, The Twilite Tone & Twisco)
(Flowers, Friends I'd Smash, Your Life Finna Change RT Now)","OG Filename: Fuck Flowers OxV 120bpm.01 - new vocal cut - INST
Instrumental for a vocal edit of ""Fuck Flowers"".","Feb 20, 2022","Feb 18, 2026",2:28,120,OG File,CD Quality,
Donda 2,"Honesty
(prod. Digital Nas, Manny Laurenko, Foreign Vu & Qua Xo)
(Damn Jesse, Jesse)","Instrumental for the freestyle to ""Jesse"", titled ""Honesty"". Leaked as a bonus for the ""Jesse"" groupbuy.",,"Apr 12, 2023",1:29,173,OG File,Lossless,
Donda 2,"Jesse
(prod. Digital Nas, Manny Laurenko, Foreign Vu, Qua Xo & John Cunningham)
(Damn Jesse, Honesty)","OG Filename: Jesse Fat Money JC Comp.01 - INST
Instrumental for John Cunningham's first edit of ""Jesse"" with Fat Money vocals. Found in the session folder for Fat Money's reference track.",,"Apr 12, 2023",2:13,173,OG File,Lossless,
Donda 2,"Jesse
(ref. Fat Money) (prod. Digital Nas, Manny Laurenko, Foreign Vu, Qua Xo & John Cunningham)
(Damn Jesse, Honesty)","OG Filename: Jesse Fat Money JC Comp.02 - INST 173bpm
Instrumental bounce of ""Jesse"" with some of Fat Money's ""all night"" background vocals.",,"Feb 18, 2026",2:43,173,OG File,CD Quality,
Donda 2,"Jesse
(prod. Digital Nas, Manny Laurenko, Foreign Vu, Qua Xo & John Cunningham)
(Damn Jesse, Honesty)","OG Filename: INST - FAT MONEY - 5TH JESSE
Instrumental for Fat Money's fifth ""Jesse"" reference track. Found in the session folder for Fat Money's reference.",,"Apr 12, 2023",2:39,173,OG File,Lossless,
Donda 2,"Keep It Burnin
(prod. ATL Jacob & DB!)
(Keep It Burning, City On Fire)","OG Filename: Keep It Burnin - TH Sample Chop v.1 - INST 175bpm
Instrumental for a version of ""Keep It Burnin"" with the Talking Heads sample.","Feb 16, 2022","Feb 18, 2026",3:37,175,OG File,Lossless,
Donda 2,"Lift Me Up
(prod. BoogzDaBeast & Cashmere Brown)
(Just Out My Reach, Lord Lift Me Up)","OG Filename: LIFT ME UP Fat Money Ref 1 - INST 119.836bpm
Instrumental for Fat Money's ""Lift Me Up"" reference track. Leaked alongside the reference itself.","Feb 14, 2022","May 26, 2023",1:20,119.836,OG File,CD Quality,
Donda 2,"Louie Bags
(prod. Digital Nas, Gavin Hadley JW Lucas & Kid Krono)
(After Virgil Passed, Louis Bags, United)","OG Filename: Ye Freestyle UNITED Louie Bags 1.30.22 - INST
Instrumental for the freestyle to ""Louie Bags"", titled ""United"".","Jan 30, 2022","Oct 8, 2023",5:39,170,OG File,Lossless,
Donda 2,"Louie Bags
(prod. Digital Nas, Gavin Hadley JW Lucas, Kid Krono & John Cunningham)
(After Virgil Passed, Louis Bags, United)","OG Filename: Louie Bags JC Chop.03 - INST
Instrumental for John Cunningham's third rearranged version of the ""Louie Bags"" freestyle. Has the Kamala Harris sample.","Feb 19, 2022","Feb 18, 2026",2:05,170,OG File,CD Quality,
Donda 2,"Maintenance
(prod. Ojivolta)","OG Filename: Maintenance 143bpm OxV - INST
Leaked alongside ""Maintenance"".",,,1:50,143,OG File,Lossless,
Donda 2,"Mr. Miyagi
(prod. Ojivolta)","OG Filename: Mr Miyagi OxV inst
Instrumental for Ojivolta's additions to ""Mr. Miyagi"". Filename shown during an AyoAA stream November 18th, 2025.","Feb 5, 2022",,,138,Confirmed,Not Available,
Donda 2,"Mr. Miyagi
(prod. AyoAA & Ojivolta)","OG Filename: Mr Miyagi AyoAA v3 - INST
Instrumental for an alternate AyoAA-produced version of ""Mr. Miyagi"".","Feb 12, 2022","Feb 18, 2026",2:51,138,OG File,CD Quality,
Donda 2,"Mr. Miyagi
(prod. Wheezy)","OG Filename: MR MIAGI INSTRUMENTAL V1
Instrumental for an early version of ""Mr. Miyagi"" produced by Wheezy.","Feb 13, 2022","Dec 27, 2023",2:47,138,OG File,Lossless,
Donda 2,"Never Forgive Yourself
(prod. Dem Jointz, BoogzDaBeast, Fya Man & Chase Davis)
(Candyland, Never Forgive Urself, Worst Mistake, Yeah I Know)","OG Filename: NEVER FORGIVE YOURSELF DEM Jointz Chase Davis X Fye man v4 synth bass
Instrumantal for ""Never Forgive Yourself"" with added production from Chase.","Feb 11, 2022","Mar 21, 2024",1:26,144,OG File,Lossless,
Donda 2,"One Of Them Ones
(prod. Digital Nas)
(Happy Birthday)","OG Filename: ONE OF THEM ONES
Instrumental for ""Happy Birthday"".",,,3:09,144,OG File,CD Quality,
Donda 2,"FnZ - Daytona
(prod. FnZ)
(Pablo)","OG Filename: Daytona 127 BPM FNZ
Original FnZ loop that later became ""Pablo"". Has a faster BPM than later versions.",,"Feb 18, 2026",0:56,127,OG File,Lossless,
Donda 2,"Daytona
(prod. ATL Jacob & FnZ)
(Pablo)","OG Filenames: FBG 2917 [ATLJACOB X FNZ]_Master &
untitled (Master)
First version of ""Pablo"" with production from ATL Jacob. Has an even faster BPM than later versions.",,"Feb 18, 2026",2:06,,OG File,Lossless,
Donda 2,"Pablo
(prod. ATL Jacob, Digital Nas, FnZ & John Cunningham)
(Daytona)","OG Filename: Pablo Ye JC Edit V5 - INST
Instrumental for a John Cunningham version of ""Pablo""","Feb 20, 2022","Feb 18, 2026",2:44,120,OG File,CD Quality,
Donda 2,"Paid To Talk
(prod. Kanye West & Wheezy)
(Do I Look Happy, Happy)","OG Filenames: ye chop wave_Master &
ye chop wave (Master) &
ye chop wave_Selected &
ye chop wave (Selected)
Original beat for ""Happy"". Rebounced February 13th, 2022.","Feb 13, 2022","Feb 18, 2026",1:05,121,OG File,Lossless,
Donda 2,"Paid To Talk
(prod. Kanye West & Wheezy)
(Do I Look Happy, Happy)","OG Filename: Paid to talk - (INST)
Instrumental for an early version of ""Happy"".","Feb 1, 2022","Feb 18, 2026",12:41,121,OG File,Lossless,
Donda 2,"Parallels
(prod. Digital Nas)",Instrumental for a Donda 2 era freestyle produced by Digital Nas.,,"Sep 19, 2023",2:43,133,OG File,CD Quality,
Donda 2,"True Love
(prod. Kanye West, MIKE DEAN, John Cunningham, Ojivolta & Twisco)","Instrumental for the single version of ""True Love"". Uploaded to Hipstrumentals.",,"May 29, 2022",2:44,84,Full,CD Quality,
Donda 2,"Sci Fi
(prod. Aaron Paris, CVRE, Leonardo Dessi, LUCA & Ojivolta)
(Dawn, Oxygen, Oxygen or Wifi, Sci Fi Wi Fi, Sci-Fi, Wifi Or Oxygen )","OG Filename: SL - SCI FI WIFI BOUNCE 12 (STRINGS + 160 BPM) 13-02-22 - INST
Instrumental for a version of ""Sci-Fi"" with the added strings from later versions.","Feb 18, 2022","Feb 18, 2026",4:06,160,OG File,Lossless,
Donda 2,"Security
(prod. Digital Nas)","OG Filename: Security (flipped lyrics) - INST
Instrumental for the first rearranged version of the ""Security"" freestyle. Audio stops at 1:46.","Feb 4, 2022","Feb 18, 2026",2:09,83,OG File,CD Quality,
Donda 2,"Stop Looking For This
(prod. 88-Keys & Gud)
(88 Bass Guitar, Stop Looking At This)","OG Filename: stoplookinggud1 1
Leaked instrumental for a version of ""Stop Looking For This"". Has less production.",,,1:59,96.7,OG File,Lossless,
Donda 2,"Stop Looking For This
(feat. Yung Lean) (prod. 88-Keys & Gud)
(88 Bass Guitar, Stop Looking At This)","OG Filename: stop looking for this beat
Leaked instrumental for a version of ""Stop Looking For This"". Includes some vocals from Yung Lean at the intro.",,,1:59,96.7,OG File,Lossless,
Donda 2,"Stop Looking For This
(prod. 88-Keys, Chase Davis & Gud)
(88 Bass Guitar, Stop Looking At This)","OG Filename: stop looking
Version of ""Stop Looking For This"" produced by Chase Davis. Leaked as a part of the ""SLFT Bundle"" groupbuy.","Feb 12, 2022","Sep 25, 2023",2:20,96.7,OG File,CD Quality,
Donda 2,"Stop Looking At This
(prod. 88-Keys, Gud, John Cunningham & Ojivolta)
(88 Bass Guitar, Stop Looking For This)","OG Filename: Stop Looking at This 96.7bpm - Ye JC Edit.06 - INST
Instrumental for a John Cunningham version of ""Stop Looking At This"".","Feb 16, 2022",,3:09,96.7,OG File,Lossless,
Donda 2,"Suzy (Things Change)
(ref. Fat Money) (prod. AllDay)
(Suzy More Time)","OG Filename: Fat Money - Suzy (Things Change) - INST 108.3bpm
Different instrumental bounce for the Fat Money version of ""Suzy"". Has some echo at the start.","Feb 13, 2022","Feb 18, 2026",3:15,108.3,OG File,CD Quality,
Donda 2,"Suzy
(prod. AllDay)
(Suzy More Time, Things Change)","OG Filename: Ye x Fat Money_Suzy_Instrumental_108BPM_020222
Instrumental for the Fat Money / AllDay version of ""Suzy"".","Feb 2, 2022","Sep 18, 2023",4:25,108.3,OG File,Lossless,
Donda 2,"Too Easy (Finna Love Me)
(prod. Dem Jointz & Beach House)
(2 EAZY, I'm Finna Love Me, Love Me, LOVE ME / 2 EASY)","OG Filename: Too Easy BH V2 (Finna Love Me) - INST
Instrumental for the second Beach House produced version of ""Too Easy"". Basically the same as release, but with worse mixing.","Feb 20, 2022",,2:58,153,OG File,CD Quality,
Donda 2,"We Did It Kid
(prod. BoogzDaBeast & Ojivolta)
(Kid We Did It, We Did It)","OG Filename: WE DID IT KID 136.8 bpm ish INSTRUMENTAL V1
Instrumental for Fya Man's ""We Did It Kid"" reference track.",,,2:58,136.8,OG File,Lossless,
Donda 2,"We Did It Kid
(prod. BoogzDaBeast, Digital Nas, Tom Levesque, Ojivolta, FnZ, Scott Bridgeway, Jahaan Sweet & Ryan Svendsen)
(Kid We Did It, We Did It)","OG Filename: We Did It Kid - instrumental OxV 148bpm
Instrumental for a later version of ""We Did It Kid"".","Feb 21, 2022","Feb 18, 2026",2:42,148,OG File,High Quality,
Donda 2,"We Did It Kid
(feat. Baby Keem, Quavo & Offset) (prod. BoogzDaBeast, Digital Nas, Tom Levesque, Ojivolta, FnZ, Scott Bridgeway, Jahaan Sweet & Ryan Svendsen)
(Kid We Did It, We Did It)","OG Filename: INST - YE X MIGOS X FIVI - WE DID IT
Instrumental for Fivio Foreign's ""We Did It Kid"" reference track. Only part that is instrumental is Fivio's part.","Mar 2, 2022","Dec 25, 2023",4:54,148,OG File,Lossless,
Donda 2,"Antonio Brown - Put That Shit On
(prod. Chase Davis & David Morse)","OG Filename: INST - AB Fat Money 
Instrumental for Fat Money's ""Put That Shit On"" reference track.",,,3:08,73,OG File,Lossless,
Donda 2,"Cardi B - Hot Shit
(prod. Tay Keith)","Instrumental for ""Hot Shit"" officially released on streaming.",,,3:31,157,Full,Lossless,
Donda 2,"Consequence - Blood Stain
(prod. Ojivolta, Kanye West & Pharrell Williams)","Instrumental for ""Blood Stain"".",,,3:02,91,Full,CD Quality,
Donda 2,"Future - KEEP IT BURNIN
(prod. ATL Jacob & DB!)
(Keep It Burning, City On Fire)","Officially released instrumental for the Future song ""KEEP IT BURNIN"", dropped on streaming services alongside the instrumentals for all other songs on the album.",,,3:27,175,Full,Lossless,
Donda 2,"Pusha T - Diet Coke
(prod. Kanye West & 88-Keys)","Instrumental for ""Diet Coke"" with a different mix.",,,2:59,82,Full,CD Quality,
Donda 2,"Pusha T - Hear Me Clearly
(prod. Kanye West, ThaMyind, Luca Starz & BoogzDaBeast)","Instrumental for ""Hear Me Clearly"" with a different mix.",,,2:21,85,Full,CD Quality,
Donda 2,"Sak Pase - WOW
(ref. Justxn Paul) (prod. Sak Pase)","File bounced November 24th, 2021. Likely from later in 2012 than V1. Instrumental, with some Justxn Paul vocals still unmuted after the beat switch. Made by Sak Pase when he sold it for his NFT collection.","Nov 24, 2021","Nov 25, 2021",2:32,102,OG File,Lossless,
Donda 2,"Ty Dolla $ign - ???
(prod. Adam Vadel)
(BELIEVER)","OG Filename: FOR TY 02 132bpm prod Adam Vadel
Adam Vadel stated that the reworked bridge section for the track, became it's own song, and ended up being played at his dad's funeral. This version was given to Ty in Italy on February 13th, 2024.",,"Oct 21, 2024",5:13,132,OG File,Lossless,
Donda 2,Vory - Daylight,"OG Filename: DAYLIGHT MIKE DEAN MIX 4 MASTER INSTRUMENTAL_05
Instrumental for the released version of ""Daylight"", released on CrateConnect. Loseless OG file later leaked from a Roc Nation A&R Box.","Apr 26, 2022","Mar 14, 2026",3:25,79.5/159,OG File,Lossless,
Donda 2,"XXXTENTACION - Selfish
(prod. John Cunningham)","OG Filename: Selfish New.02 INST - 124bpm
Instrumental of ""Selfish"" with additional production from John Cunningham and one open verse. Said to been made on January 30th, 2022 and could just be a rebounce like ""True Love"" did to get prepared to be worked on in the later versions. Leaked as a bonus for the ""Gnarly Freestyle!"" groupbuy from the X community.","Jan 30, 2022",,1:56,124,OG File,CD Quality,
,"WAR
(Collaboration with James Blake)
(Donda 3)","(04/01/2022) (The project is conceived)
(??/??/2023) (The album is scrapped)",,,"A collaborative project between Ye and James Blake. Sessions for the project began around April 2022. On his third Drink Champs interview, Ye referred to these sessions as work for ""their album"". Three songs from the project were played at a party featured on Naomi Campbell's Instagram, with the song ""What I Would Have Said At Virgil's Funeral"" being previewed in full at YZY Season 9 shortly thereafter. The project was presumably scrapped in the wake of Ye's numerous antisemitic comments.",,,,
,Sessions,,,,,,,,
WAR,"Let It In
(prod. James Blake)",Confirmed to exist through other songs found in the session leaking. It's unknown how large this session is or if it has Kanye vocals.,,,,65,Confirmed,Not Available,
WAR,"This One Here
(prod. Dom Maker & James Blake) 
(TIME, Showtime)","According to dondasvault, the session for ""This One Here"" contains multiple freestyles and reference tracks. ",,,,106.9,Rumored,Not Available,https://ibb.co/KyKw8tK
,Studio Stems,,,,,,,,
WAR,"Bobby Digital [Drum Stem]
(prod. James Blake)
(Close It All Down)","OG Filename: AD DL 127bpm
Stem for a drum layer on ""Bobby Digital"". Shown by James Blake in a Youtube interview posted October 2nd, 2023.",,"Oct 2, 2023",,127,Snippet,High Quality,
WAR,"Rest Of Your Life
(prod. James Blake)
(The Rest of Your Life)","OG Filename: Rest Of Your Life Ye Stems 120bpm
Folder name shown by Monki. Found in a subfolder of Ye and James Blake songs from a folder named ""__DONDA 2 - NEW (recent files)"", for some reason. ",,,,120,Rumored,Not Available,
WAR,"This One Here
(prod. Dom Maker & James Blake) 
(TIME, Showtime)","Stems for ""This One Here"", owned by dondasvault.",,,,106.9,Rumored,Not Available,https://ibb.co/KyKw8tK
WAR,Unknown [Album Copy Songs],"According to dondasvault, there is ""a copy of roughly 10 tracks + stems, freestyles and refs"". This album copy apparently has ""several finished songs"".",,,,Varied,Rumored,Not Available,"https://ibb.co/BnS1nnh
https://ibb.co/m6XN7nG"
,Instrumentals,,,,,,,,
WAR,"New Choppies
(prod. James Blake)
(Always, Virgil's Funeral, What I Would Have Said At Virgil's Funeral)","Instrumental for an early version of ""Virgil's Funeral"". Snippet posted November 5th, 2024, in a pack of 20 snippets (full pack being 57) of beats meant for WAR and solo produced by James Blake. Slower BPM than later versions of the song.",,"Nov 5, 2024",,95,Snippet,High Quality,
WAR,"New Choppies
(prod. James Blake)
(Always, Virgil's Funeral, What I Would Have Said At Virgil's Funeral)","OG Filename: NEW CHOPPIES james _95_2
Chop of the previous piano loop. Slower BPM than later versions of the song.",,"Dec 4, 2025",1:10,95,OG File,Lossless,https://pixeldrain.com/u/AXtRFZzH
WAR,"Quiet
(prod. James Blake & Josh Stadlen)",Loop exported for Ye's freestyle. Has alternate trap drums and less additonal production from James Blake.,,"Dec 25, 2025",0:45,89,Full,CD Quality,https://imgur.gg/f/fW0Eaht
WAR,"Talking
(prod. James Blake)
(TALKING / ONCE AGAIN, Wake Up)","Instrumental for an early version of ""Talking"". Snippet posted November 5th, 2024, in a pack of 20 snippets (full pack being 57) of beats meant for WAR and solo produced by James Blake. Slower BPM than later versions of the song.",,"Nov 5, 2024",,113,Snippet,CD Quality,
WAR,"Talking
(prod. Dom Maker & James Blake)
(TALKING / ONCE AGAIN, Wake Up)","OG Filename: talking 110bpm_dm_
Later instrumental version with an even slower BPM and added production from Dom Maker. Likely the version used for Ye and James Blake's freestyle. Filename posted to YZYCORD donor chat months before being leaked.",,"Feb 9, 2026",0:26,110,OG File,Lossless,
,"YEBU
(Ye 3, Y3)","(10/03/2022) (Ye wears the White Lives Matter shirt)
(11/??/2023) (YEBU is shelved in favor of Vultures)",,,"Days before Ye was set to hold YZY Season 9, he suddenly changed plans for the event and wore a ""White Lives Matter"" shirt. After that, Ye tweeted about going ""death con 3"" on Jewish people. Following an interview with Alex Jones in which he proclaimed himself a Nazi and claimed he ""liked Hitler,"" many fans and artists gave up supporting Ye and his antics. Following this and an ""apology"" posted on Instagram, Ye went silent for months and began working on new material in Italy with his frequent collaborators. Reportedly being made at the same time as VULTURES. The cover for this era is from the ""Someday We'll All Be Free"" single.",,,,
,Stem Player Stems,,,,,,,,
YEBU,"Flowers
(prod. Digital Nas, Ojivolta, Scoop & Twisco)
(Fuck Flowers, Friends I'd Smash, Your Life Finna Change RT Now)","Updated version of ""Flowers"" from November 21, 2022 that removes the ""Set me free"" vocal sample. Likely updated by the company Kano to avoid a lawsuit. Normally only high quality 128kbps files, but somehow somebody found lossless versions.",,"Nov 21, 2022",2:48,120,Full,Lossless,https://imgur.gg/f/wELOpRm
,Sessions,,,,,,,,
YEBU,"French Montana - Stand United
(feat. Kanye West, SAINt JHN & Buju Banton) (prod. Dem Jointz, Pyro da God & BoogzDaBeast)","OG Filename: 9677683-1-Stand United_Multi
Session for ""Stand United"" with stems for the French Montana version of the song and raw French Montana vocal takes. Leaked as part of a groupbuy.","Jan 19, 2023","Mar 3, 2025",2:45,168,OG File,Lossless,https://pixeldrain.com/u/XsKgxGPW
YEBU,"French Montana - Where They At
(feat. Kanye West & Westside Gunn) (prod. Dem Jointz & BoogzDaBeast)","OG Filename: 9677704-1-Where They At_Multi
Session for ""Where They At"" with the PTX file for the French Montana version of the song. Leaked as a bonus for the second ""THIRSTY"" groupbuy.","Nov 18, 2023","Dec 18, 2024",1:58,163.5,OG File,Lossless,https://imgur.gg/f/sN2ebhx
YEBU,"Ty Dolla $ign - Slide
(prod. Ojivolta, Fred again.. & Skrillex)
(Sliding, SLIDIN, SLIDE IN)","OG Filename: FRED TY SLIDE Project
Ableton session for an early pre-VULTURES version of ""Slide"". Leaked as a bonus for a Soakbuy.","Jul 17, 2023","Feb 9, 2025",2:40,108,OG File,Lossless,https://imgur.gg/f/ojd2JjZ
,Studio Stems,,,,,,,,
YEBU,"Stand United
(ref. Dem Jointz) (feat. SAINt JHN & Buju Banton) (prod. Dem Jointz, Pyro da God & BoogzDaBeast)",Stems found in the French Montana session.,"Jan 19, 2023","Mar 3, 2025",2:59,168,OG File,Lossless,https://pixeldrain.com/u/28kiQYHU
YEBU,"Where Dey At
(ref. Dem Jointz) (prod. Dem Jointz & BoogzDaBeast)
(Where They At)","OG Filename: Where Dey At 163.5 - BDB x DJZ]_01
Stems found in the French Montana session.","Nov 6, 2023","Dec 18, 2024",1:58,163.5,OG File,Lossless,https://imgur.gg/f/gE7VavH
YEBU,"The Game - Fortunate
(feat. Kanye West)  (prod. Timbaland & Tobias Wincorn)
(Windpipe)","OG Filename: fortunate-100-bpm-wav_2023-02-10_0337
Stems to an open verse version of ""Fortunate"" by The Game. Has just the instrumental and Ye’s vocals. There are three alt mixes for Ye’s acapella, one without effects and two with them. Leaked as a Soakbuy bonus.","Feb 7, 2023","Feb 3, 2025",4:00,100,OG File,Lossless,https://imgur.gg/f/ankkrvh
YEBU,"Ty Dolla $ign - Slide
(prod. Ojivolta, Fred again.. & Skrillex)
(Sliding, SLIDIN, SLIDE IN)","OG Filename: Slide Rough Stems 108 bpm
Found in the session for ""Slide"". Leaked as a Soakbuy bonus.","Jul 17, 2023","Feb 8, 2025",2:40,108,OG File,Lossless,https://imgur.gg/f/BkfiMkR
,Acapellas,,,,,,,,
YEBU,"Consequence - Blood Stain 2
(feat. Amerie)","Acapella for Amerie's ""Blood Stain 2"" vocals. Found in a behind the scenes clip uploaded to Instagram by Consequence.",,,,91,Snippet,High Quality,https://imgur.gg/f/xHoNRIb
YEBU,"French Montana - Stand United
(feat. Kanye West, SAINt JHN & Buju Banton)","Official acapella released by French Montana on February 23rd, 2024.",,"Feb 23, 2024",2:43,168,Full,Lossless,https://imgur.gg/f/yaPfezy
YEBU,"French Montana - Where They At
(feat. Kanye West & Westside Gunn)","Official acapella released by French Montana on February 23rd, 2024.",,"Feb 23, 2024",2:53,163.5,Full,Lossless,https://imgur.gg/f/v62stwp
YEBU,"The Game - Fortunate
(feat. Kanye West)","OG Filename: Fortunate [Ye acapella - edited from mix acapella - 100 bpm]
Kanye acapella seemingly for the release version of ""Fortunate"". Bounced way after release for some reason and is the first file to be bounced out of 3. Has the phone call intro. Vocal delay cuts off at most points because as the filename says, this is taken straight out the full acapella, so instead of re-bouncing they cut other vox out.","Feb 7, 2023","Feb 3, 2025",4:00,100,OG File,Lossless,https://imgur.gg/f/5a9vhiL
YEBU,"The Game - Fortunate [Wet Acapella]
(feat. Kanye West)","OG Filename: Fortunate [Ye acapella - bounced from tracking session - with efx - 100 bpm]
Kanye acapella for an early version of ""Fortunate"". Has some different delay and effects compared to release. Bounced way after release for some reason. Bounced second.","Feb 7, 2023","Feb 3, 2025",4:00,100,OG File,Lossless,https://imgur.gg/f/EQ9tCwU
YEBU,"The Game - Fortunate [Dry Acapella]
(feat. Kanye West)","OG Filename: Fortunate [Ye acapella - bounced from tracking session - dry - 100 bpm]
Kanye acapella for an early version of ""Fortunate"". Bounced way after release for some reason and is the last to be bounced.","Feb 7, 2023","Feb 3, 2025",4:00,100,OG File,Lossless,https://imgur.gg/f/GHDBdpJ
,Instrumentals,,,,,,,,
YEBU,"Fivio Foreign - Concussion
(prod. Al be Back & AyoAA)","Instrumental to ""Concussion"". Uploaded to Hipstrumentals.",,"Jun 20, 2023",2:57,130,Full,CD Quality,https://imgur.gg/f/yv1FsdY
YEBU,"French Montana - Stand United
(prod. Dem Jointz & BoogzDaBeast)","Official instrumental released by French Montana on February 23rd, 2024.",,"Feb 23, 2024",2:43,168,Full,Lossless,https://imgur.gg/f/xms5DNk
YEBU,"French Montana - Where They At
(prod. Dem Jointz & BoogzDaBeast)","Official instrumental released by French Montana on February 23rd, 2024.",,"Feb 23, 2024",2:53,163.5,Full,Lossless,https://imgur.gg/f/dIRBRCY
YEBU,"The Game - Fortunate
(prod. Timbaland & Tobias Wincorn)","OG Filename: Fortunate [instrumental - 100 bpm]
Bounced way after release.","Feb 7, 2023","Feb 3, 2025",4:00,100,OG File,Lossless,https://imgur.gg/f/0IasS6A
,"Bad Bitch Playbook
(Collaboration with Ty Dolla $ign as ¥$)
(Bad Bitch Play Book Vol. 1, ¥$)","(Early 2023) (Bad Bitch Playbook is conceived)
(10/28/2023) (The name of the project is changed from BBPB to VULTURES 1)",,,"Ye and Ty Dolla $ign frequently collaborated during the sessions for YEBU, hinting at a joint project. A snippet featuring Ty was released on October 2nd, 2023, leading to the song ""BACK TO ME"", and confirming a joint album via Instagram. TMZ later reported that Ye was producing both a solo album and a collaborative one with Ty. Then, during the Saudi Arabia recording sessions for Bad Bitch Playbook Vol. 1 in November 2023, the name for the collaborative project between Ty Dolla $ign & Ye would be changed to Vultures, with that coming a sonic change in the project.",,,,
,Sessions,,,,,,,,
Bad Bitch Playbook,"PAPERWORK
(feat. DaBaby) (prod. 88-Keys)",Session owned by u/yougotonemore.,,,,,Confirmed,Not Available,
Bad Bitch Playbook,"TIME MOVIN SLOW
(prod. AyoAA, Azul, Fya Man & Nathan Butts)
(TIME, TIME MOVING SLOW, TIME MOVES SLOW)","OG Filename: time movin slow @AyoAA 
FL Studio session for an AyoAA-produced version of ""TIME MOVING SLOW"". Filename shown by AyoAA during a livestream.","Sep 11, 2023",,,,Confirmed,Not Available,
Bad Bitch Playbook,"TIME MOVIN SLOW
(prod. AyoAA, Azul, Fya Man & Nathan Butts)
(TIME, TIME MOVING SLOW, TIME MOVES SLOW)","OG Filename: time movin slow ayoaa NO BASS
FL Studio session for an AyoAA-produced version of ""TIME MOVING SLOW"". Filename shown by AyoAA during a livestream.","Sep 21, 2023",,,,Confirmed,Not Available,
Bad Bitch Playbook,"UNLOCKED
(prod. 88-Keys, AyoAA & Digital Nas)
(UNLOCK)","OG Filename: @AyoAA unlocked ye different drums  knock no trap drumsv 
FL Studio session for an AyoAA-produced version of ""UNLOCK"". Filename shown by AyoAA during a livestream.","Sep 18, 2023",,,,Confirmed,Not Available,
,Studio Stems,,,,,,,,
Bad Bitch Playbook,"BACK TO ME 
(ref. Quavo) (prod. 88-Keys, AyoAA & Wax Motif)
(BACK 2 ME)",Snippets of Quavo's adlibs played by Joyboy on stream.,,"Nov 12, 2024",,,Snippet,Recording,
Bad Bitch Playbook,"LOOP 14
(prod. Lester Nowhere)
(LIGHTS ON)",Stems seen on damn james!'s laptop during an Instagram Live.,,,,,Confirmed,Not Available,https://ibb.co/XrJgydD1
Bad Bitch Playbook,"TIME MOVIN SLOW
(prod. AyoAA, Azul, Fya Man & Nathan Butts)
(TIME, TIME MOVING SLOW, TIME MOVES SLOW)","OG Filename: TIME MOVIN SLOW STEMS AA
Folder shown by AyoAA on stream.","Sep 11, 2023",,,,Confirmed,Not Available,
Bad Bitch Playbook,"TIME MOVIN SLOW
(prod. AyoAA, Azul, Fya Man & Nathan Butts)
(TIME, TIME MOVING SLOW, TIME MOVES SLOW)","OG Filename: TIME MOVIN SLOW STEMS 921 @AYOAA
Folder shown by AyoAA on stream.","Sep 21, 2023",,,,Confirmed,Not Available,
Bad Bitch Playbook,"UNLOCKED
(prod. 88-Keys, AyoAA & Digital Nas)
(UNLOCK)","OG Filename: @AyoAA Unlocked stems
Folder shown by AyoAA on stream.","Sep 18, 2023",,,,Confirmed,Not Available,
Bad Bitch Playbook,"UNLOCK
(prod. 88-Keys, AyoAA & Digital Nas)
(UNLOCKED)","OG Filename: unlock - fixed - drums - 88v3
Folder shown by AyoAA on stream.","Sep 18, 2023",,,,Confirmed,Not Available,
Bad Bitch Playbook,"Dez Wright - Highlight [Sample Stem]
(prod. Dez Wright)
(DISCONNECTED, FIELD TRIP)","OG Filename: dezwright_highlight_150_dark-1
Sample stem for ""FIELD TRIP"". Snippet posted by Dez Wright to Instagram August 7th, 2024.",,"Aug 7, 2024",0:25,147,Snippet,High Quality,
,Acapellas,,,,,,,,
Bad Bitch Playbook,"FUK SUMN
(feat. Playboi Carti)","OG Filename: pbc 10-7-23 YE (ACAPELLA)
Playboi Carti acapella for ""Fuk Sumn"" with additional Carti vocals not seen on any known version. Leaked after a successful groupbuy.","Oct 7, 2023","May 19, 2024",3:05,140,Full,Lossless,
,Instrumentals,,,,,,,,
Bad Bitch Playbook,"NEW BODY
(prod. AyoAA, CuBeatz, RONNY J & Ty Dolla $ign)","OG Filename: New Body 9.27.23 inst 
Newer instrumental version of ""New Body"", later sent to Ice Spice and Doja Cat for them to record verses. Unknown if there are any differences in the instrumental. Information via YesJulz's snapchat story from 3/18/24. Doja Cat's manager denied she ever recorded on it.","Sep 27, 2023",,,95,Confirmed,Not Available,""
Bad Bitch Playbook,"PAPERWORK
(prod. 88-Keys)","OG Filename: =Paperwork - OV (4)_inst
Instrumental found in the session for the DaBaby version.",,,,,Confirmed,Not Available,
Bad Bitch Playbook,"UNLOCK
(prod. 88-Keys, AyoAA & Digital Nas)
(UNLOCKED)","Instrumental for another AyoAA-produced version of ""Unlock"". Played by AyoAA on stream November 20th, 2025.","Sep 18, 2023","Nov 20, 2025",,,Partial,Recording,
Bad Bitch Playbook,"UNLOCK
(prod. 88-Keys, AyoAA & Digital Nas)
(UNLOCKED)","OG Filename: @AA Ye Unlock 88 loop
Loop for ""UNLOCK"". Filename shown by AyoAA during a livestream.","Sep 18, 2023",,,,Confirmed,Not Available,
Bad Bitch Playbook,"UNLOCK
(prod. 88-Keys, AyoAA & Digital Nas)
(UNLOCKED)","OG Filename: @AyoAA unlock merged 88 loop
Loop for ""UNLOCK"". Filename shown by AyoAA during a livestream.","Sep 18, 2023",,,,Confirmed,Not Available,
Bad Bitch Playbook,"WE BACK OUTSIDE
(prod. Digital Nas)
(APEROL SPIRITZ, BACK OUTSIDE, SHE'S BACK OUTSIDE)","OG Filename: we back outside dn
Beat for ""Back Outside"".",,"Dec 25, 2023",1:32,130,OG File,High Quality,
,"VULTURES 1
(Collaboration with Ty Dolla $ign as ¥$)
(Vultures)","(10/28/2023) (The name of the project is changed from BBPB to VULTURES 1)
(02/10/2024) (VULTURES 1 officially releases)",,,"After the album's name change from Bad Bitch Playbook Vol. 1 to VULTURES 1, four listening parties were scheduled between December 12th, 2023, and February 9h, 2024. In 2024, Ye announced that VULTURES would be a trilogy, with the first installment dropping on February 9th, followed by the second and third albums in March and April. VULTURES 1 would end up being released on February 10tth, the day after the final listening party.",,,,
,Sessions,,,,,,,,
VULTURES 1,"Rich The Kid - Honor Roll
(prod. TheLabCook)
(CARNIVAL, H00LIGANS)","FL Studio session for the first version of ""CARNIVAL"", made by TheLabCook on November 16th, 2023. Snippet posted to Rich The Kid's Instagram story.","Nov 16, 2023","Feb 10, 2024",,148,Snippet,Recording,https://pixeldrain.com/u/K2F5r3YE
VULTURES 1,"CARNIVAL
(feat. The Hooligans, Rich The Kid & Playboi Carti) (prod. Kanye West, Ty Dolla $ign, Digital Nas, Ojivolta, TheLabCook & The Legendary Traxster)
(HONOR ROLL, H00LIGANS)","Session for ""CARNIVAL"" shown by Anthony Kilhoffer to 42ceo.",2024,"Jun 27, 2025",~4:24,148,Snippet,Recording,https://www.instagram.com/p/DLbVltNR-li/?hl=en
VULTURES 1,"MAKE IT FEEL RIGHT
(prod. London on da Track & ???)
(NEXT TIME)","OG Filename: MakeItFeelRightYe
FL Studio session for ""MAKE IT FEEL RIGHT"".","Dec 15, 2023","Jul 31, 2024",3:46,90,OG File,Lossless,https://pixeldrain.com/u/XhNin5Ez
,Studio Stems,,,,,,,,
VULTURES 1,"BEG FORGIVENESS
(feat. Chris Brown) (prod. Digital Nas & London on da Track)","OG Filenames: BEG FORGIVENESS V1B WITH DRUMS &
YE CHRIS TY 110 CHORDS
Multiple stems for additional production by London on da Track.","Dec 17, 2023","Jul 31, 2024",Varied,110,OG File,Lossless,https://imgur.gg/f/6UXJH7l
VULTURES 1,"DEAD
(feat. Future & Lil Durk) (prod. London on da Track & Wheezy)","OG Filename: Dead Intro 134
Stems for additional production by Wheezy and London on da Track.","Dec 14, 2023","Jul 31, 2024",5:04,134,OG File,Lossless,https://imgur.gg/f/ITvb1Kv
VULTURES 1,"EVERYBODY
(feat. Charlie Wilson & Lil Baby) (prod. London on da Track)","OG Filenames: everybody 108 london adds &
EVERYBODY OTHER VERSIONS &
EVERYBODY V1A 108BPM STMS
Multiple stems for additional production by London on da Track.","Dec 19, 2023","Jul 31, 2024",Varied,108,OG File,Lossless,https://imgur.gg/f/yJOuxJB
VULTURES 1,"GORGEOUS
(feat. Future) (prod. London on da Track)
(PROMOTION)","OG Filenames: GORGEIUS STEMS V1A 157BPM &
Gorgeous &
GORGEOUS V1B 157BPM &
promotion piano intro
Multiple stems for additional production by London on da Track.","Dec 14, 2023","Jul 31, 2024",Varied,157,OG File,Lossless,https://imgur.gg/f/geF3y4N
VULTURES 1,"GUN TO MY HEAD
(feat. Kid Cudi) (prod. London on da Track & Wheezy)","OG Filename: GUNTOMYHEAD
Stems for additional production by Wheezy and London on da Track. Stems are missing ""Track 5"", It's unknown if this layer went unused, but it most likely was.","Dec 21, 2023","Jul 31, 2024",5:41,120,Partial,Lossless,https://imgur.gg/f/1DMBa2c
VULTURES 1,"HONOR ROLL
(feat. The Hooligans, Rich The Kid & Playboi Carti) (prod. TheLabCook & Ojivolta)
(CARNIVAL, H00LIGANS)",Unreleased stems. Only a LQ snippet of Carti's vocals has leaked. Has an alternate Ye take. Any other differences are unknown.,,"Jun 10, 2024",,148,Snippet,Low Quality,https://imgur.gg/f/4zfuhxH
VULTURES 1,"HOOD RAT
(prod. London on da Track)
(HOODRAT)","OG Filename: HOOD RAT V1A STMS
Stems stems for additional production by London on da Track.","Dec 15, 2023","Jul 31, 2024",2:06,88,OG File,Lossless,
VULTURES 1,"KING
(prod. Wheezy, Lester Nowhere & London on da Track)
(STILL THE KING)","OG Filenames: KING &
KING V1A STMS 153
Multiple stems for additional production by London on da Track.","Dec 16, 2023","Jul 31, 2024",Varied,153,OG File,Lossless,https://imgur.gg/f/edqLLsl
VULTURES 1,"LIFESTYLE
(feat. Lil Wayne) (prod. London on da Track & SHDØW)","OG Filenames: LIFESTYLE &
lifestyle stems 150bpm (shdow)
Multiple stems for additional production by London on da Track & SHDØW.","Dec 21, 2023","Jul 31, 2024",Varied,150,OG File,Lossless,https://imgur.gg/f/oivxn8L
VULTURES 1,"MAKE IT FEEL RIGHT
(prod. London on da Track & ???)
(NEXT TIME)","OG Filenames: MakeitFeelRight &
MAKEITFEELRIGHT 90BPM
Multiple stems for additional production by London on da Track.","Dec 15, 2023","Jul 31, 2024",3:46,90,OG File,Lossless,https://imgur.gg/f/HsVKkCm
VULTURES 1,"MATTHEW
(feat. North West & Charlie Wilson) (prod. 88-Keys & London on da Track)","OG Filename: Matthew Bounces
Stems for additional production by London on da Track. Mainly just piano/instrumental adds, as the original ""stems"" are AI extracted.","Dec 19, 2023","Jul 31, 2024",Varied,108,OG File,Lossless,https://imgur.gg/f/vKjhyGg
VULTURES 1,MY GUT,"OG Filename: MY GUT 93BPM
Full stems.","Dec 12, 2023","Jul 31, 2024",1:43,93,OG File,Lossless,https://imgur.gg/f/I9qqu0k
VULTURES 1,"NEW BODY [Drum Stem]
(prod. AyoAA)",Drums produced by AyoAA for the updated version of New Body.,,"Nov 18, 2025",,95,Snippet,Recording,https://pixeldrain.com/u/xCJDJnHe
VULTURES 1,OHCHA,"OG Filename: 12.17.23 OHCHA 88BPM
Full stems.","Dec 17, 2023","Jul 31, 2024",1:41,88,OG File,Lossless,https://imgur.gg/f/kq2Mf5z
VULTURES 1,"PAID
(feat. K-Ci) (prod. London on da Track)","OG Filenames: PAID &
PAID 118STMS
Multiple stems for additional production.","Dec 15, 2023","Jul 31, 2024",Varied,118,OG File,Lossless,https://imgur.gg/f/lvINFi6
VULTURES 1,"RIVER
(feat. Young Thug) (prod. London on da Track)","OG Filenames: River  &
RIVER OTHER VERSIONS &
RIVER V1A 132BPM
Multiple Stems for additional production by London on da Track.","Dec 16, 2023","Jul 31, 2024",Varied,132,OG File,Lossless,https://imgur.gg/f/YWGrUQ2
VULTURES 1,"SLIDIN
(prod. London on da Track)
(Slide In, SLIDE)","OG Filenames: SLIDELONDONADDS &
SLIDIN V1A 108BPM
Multiple stems for additional production by London on da Track.","Dec 14, 2023","Jul 31, 2024",Varied,108,OG File,Lossless,https://imgur.gg/f/6ED8iTe
VULTURES 1,"SO GOOD
(prod. London on da Track)
(GOOD (DON'T DIE))","OG Filenames: 130 YE LODT &
INTRO IDEA 1 130 V1A &
YELODT 130 V1B BETTER CHORDS
Multiple stems for additional production by London on da Track.","Dec 14, 2023","Jul 31, 2024",Varied,130,OG File,Lossless,https://imgur.gg/f/bCQyrUc
VULTURES 1,"TALKING
(feat. North West & James Blake) (prod. London on da Track)
(Wake Up, TALKING / ONCE AGAIN)","OG Filenames: Talking 118 &
TALKING V1A 149BPM
Multiple stems for additional production.","Dec 14, 2023","Jul 31, 2024",Varied,118 / 149,OG File,Lossless,https://imgur.gg/f/6Y0vCqY
VULTURES 1,"TIMBO FREESTYLE
(prod. London on da Track)
(KEYS TO MY LIFE, KEYS TO LIFE)","OG Filenames: FREESTYLETIM ALT CHORDS &
FREESTYLETIME WITH BASS 169BPM &
Timbo LONDON ADDS
Multiple stems for additional production by London on da Track.","Dec 14, 2023","Jul 31, 2024",Varied,80,OG File,Lossless,https://imgur.gg/f/7uXcIop
VULTURES 1,WOLVES CRY,"OG Filename: WC 170 bpm
Full stems.","Dec 19, 2023","Jul 31, 2024",2:38,170,OG File,Lossless,https://imgur.gg/f/xFa3F97
VULTURES 1,ZERO,"OG Filename: ZERO 92BPM
Full stems.","Dec 17, 2023","Jul 31, 2024",1:54,92,OG File,Lossless,https://imgur.gg/f/jgtMoXI
,Acapellas,,,,,,,,
VULTURES 1,"CARNIVAL
(feat. Rich The Kid & Playboi Carti)",Officially released acapella.,,"Feb 15, 2024",4:24,148,Full,Lossless,
VULTURES 1,CARNIVAL - HOOLIGANS VERSION,Officially released acapella for the choir.,,"Feb 15, 2024",4:19,148,Full,Lossless,
VULTURES 1,"FIELD TRIP
(feat. Don Toliver)",Acapella snippet for only the hook that was leaked due to the Pressure groupbuy. Unknown if Carti or Ye is on this acapella.,,"May 26, 2024",,122,Snippet,CD Quality,https://imgur.gg/f/WZosoKN
VULTURES 1,FIELD TRIP,"OG Filename: Dirk 1.dup1.09_82
Raw Kanye vocal take for his first freestyle.","Nov 14, 2023","Oct 21, 2024",4:28,122,OG File,Lossless,
VULTURES 1,"GUN TO MY HEAD
(feat. Kid Cudi)","OG Filename: gunt to my head - Track 8
Acapella for the London on da Track and Wheezy version. Exported on or before December 21st, 2023.","Dec 21, 2023","Jul 31, 2024",5:41,120,OG File,Lossless,https://imgur.gg/f/fPIMKXL
VULTURES 1,"LIFESTYLE
(feat. Lil Wayne)","OG Filename: untitled - Track 8
Acapella for the Wheezy version. Exported on or before December 21st, 2023.","Dec 21, 2023","Jul 31, 2024",4:47,150,OG File,Lossless,https://imgur.gg/f/DKFyObc
VULTURES 1,"PROMOTION
(feat. Future)","OG Filename: PROMOTION V1_VX
Acapella. Played by AyoAA on stream November 18th, 2025.",,"Nov 18, 2025",2:38,157,Snippet,Recording,https://pixeldrain.com/u/i2ZNgzY7
VULTURES 1,"RIVER
(feat. Young Thug)","OG Filename: River - Track 13
Acapella. Exported on or before December 15th, 2023.","Dec 15, 2023","Jul 31, 2024",3:35,132,OG File,Lossless,https://imgur.gg/f/RczT5tC
,Instrumentals,,,,,,,,
VULTURES 1,"CARNIVAL
(prod. Kanye West, Ty Dolla $ign, Digital Nas, Ojivolta, TheLabCook & The Legendary Traxster)",Officially released instrumental.,,"Feb 15, 2024",4:24,148,Full,Lossless,
VULTURES 1,"DO IT
(prod. Kanye West, Mustard, Wheezy, Chrishan, CuBeatz, DJ Camper, LukasBL, DTP, The Legendary Traxster, Aver Ray & JPEGMAFIA)","OG Filenames: Ye x Ty Dolla Sign feat. YG - Do It 8-Bar Intro Instrumental &
doitinstr
Instrumental. Basically same as release, but with an 8-bar intro before the choir and different mixing.",,"Jun 9, 2024",4:02,107,Full,Lossless,https://imgur.gg/f/hG5FH0s
VULTURES 1,"Don Toliver - DISCONNECTED
(prod. Dez Wright, EJ PARIS & Wheezy)
(FIELD TRIP)","OG Filename: DISCONNECTED_Master
Instrumental for a very early version.","Dec 2, 2023","Oct 21, 2024",1:38,122,OG File,Lossless,
VULTURES 1,"FIELD TRIP
(prod. Dez Wright, EJ PARIS & Wheezy)
(DISCONNECTED)",Saudi-era instrumental version.,,"Aug 3, 2024",,122,Snippet,Recording,https://imgur.gg/f/uhK7IdD
VULTURES 1,"GORGEOUS
(prod. AyoAA, KrishnaMusic, London on da Track, The Legendary Traxster & Wheezy)
(PROMOTION)","OG Filename: Gorgeous
Instrumental for an early version. Stem bounce.","Dec 11, 2023","Jul 31, 2024",2:42,157,Stem Bounce,Lossless,https://imgur.gg/f/YfqJ5ti
VULTURES 1,"GORGEOUS
(prod. AyoAA, KrishnaMusic, London on da Track, The Legendary Traxster & Wheezy)
(PROMOTION)","OG Filename: GORGEIUS STEMS V1A 157BPM
Instrumental for an early version. Stem bounce.","Dec 11, 2023","Jul 31, 2024",2:32,157,Stem Bounce,Lossless,
VULTURES 1,"GORGEOUS
(prod. AyoAA, KrishnaMusic, London on da Track, The Legendary Traxster & Wheezy)
(PROMOTION)","OG Filename: GORGEOUS V1B 157BPM
Instrumental for an early version. Stem bounce.","Dec 12, 2023","Jul 31, 2024",2:32,157,Stem Bounce,Lossless,
VULTURES 1,"PROMOTION
(GORGEOUS)","OG Filename: promotion piano intro
Instrumental for an early version. Stem bounce.","Dec 14, 2023","Jul 31, 2024",2:31,157,Stem Bounce,Lossless,https://imgur.gg/f/o2UaaAF
VULTURES 1,"HOOD RAT
(prod. 88-Keys & DJ Camper)
(Hoodrat)","OG Filename: 1-01 Hood Rat
Early version. Made on or before December 15th, 2023",,"Jul 31, 2024",2:06,84,OG File,Lossless,
VULTURES 1,"HOOD RAT
(prod. 88-Keys, DJ Camper & London on da Track)
(Hoodrat)","OG Filename: HOOD RAT V1A STMS
Version with more production. Stem bounce.","Dec 15, 2023","Jul 31, 2024",2:06,84,Stem Bounce,Lossless,
VULTURES 1,"KING
(prod. Wheezy, Lester Nowhere & London on da Track)
(STILL THE KING)","Version with London on da Track production. One of the background sounds is a sample of Bob from The Minions screaming ""KING BOB!"".","Dec 15, 2023","Jul 31, 2024",2:30,153,Stem Bounce,Lossless,https://imgur.gg/f/wNqGdnB
VULTURES 1,"RIVER
(prod. AyoAA, Chrishan, Digital Nas, Gren808 & Pi'erre Bourne)","OG Filename: River MIX TEST.09_09 instr
Instrumental for the version played at the Miami rave.",,"Jul 31, 2024",3:35,132,OG File,Lossless,
VULTURES 1,"RIVER
(prod. AyoAA, Chrishan, Digital Nas, Gren808, London on da Track & Pi'erre Bourne)","OG Filename: RIVER V1A 132BPM
Instrumental with additional production. Stem bounce.","Dec 15, 2023","Jul 31, 2024",3:34,132,Stem Bounce,Lossless,https://imgur.gg/f/JOv6u6d
VULTURES 1,"RIVER
(prod. AyoAA, Chrishan, Digital Nas, Gren808, London on da Track & Pi'erre Bourne)","OG Filename: RIVER V2A
Instrumental with additional production. Stem bounce.","Dec 16, 2023","Jul 31, 2024",3:35,132,Stem Bounce,Lossless,
VULTURES 1,"RIVER
(prod. AyoAA, Chrishan, Digital Nas, Gren808, London on da Track & Pi'erre Bourne)","OG Filename: RIVER V3A 132BBPM
Instrumental with additional production. Stem bounce.","Dec 16, 2023","Jul 31, 2024",3:35,132,Stem Bounce,Lossless,
VULTURES 1,"SO GOOD
(prod. Kanye West, No I.D. & London on da Track)
(GOOD (DON'T DIE))","OG Filename: 12-130
Loop. Made on or before December 14th, 2023","Dec 13, 2023","Jul 31, 2024",0:29,130,OG File,Lossless,
VULTURES 1,"SO GOOD
(prod. Kanye West, No I.D. & London on da Track)
(GOOD (DON'T DIE))","OG Filename: 130 YE LODT
Loop with production from London on da Track. Stem bounce.","Dec 14, 2023","Jul 31, 2024",0:29,130,Stem Bounce,Lossless,
VULTURES 1,"SO GOOD
(prod. Kanye West, No I.D. & London on da Track)
(GOOD (DON'T DIE))","OG Filename: YELODT 130 V1B BETTER CHORDS
Loop with production from London on da Track. Stem bounce.","Dec 14, 2023","Jul 31, 2024",0:44,130,Stem Bounce,Lossless,https://imgur.gg/f/ZkjebF8
VULTURES 1,"SO GOOD
(prod. Kanye West, No I.D. & London on da Track)
(GOOD (DON'T DIE))","OG Filename: INTRO IDEA 1 130 V1A
Loop with production from London on da Track. Stem bounce.","Dec 14, 2023","Jul 31, 2024",0:35,130,Stem Bounce,Lossless,https://imgur.gg/f/F1B9dmm
,"VULTURES 2
(Collaboration with Ty Dolla $ign as ¥$)
(Vultures Vol. 2)","(02/10/2024) (VULTURES 1 officially releases)
(08/03/2024) (VULTURES 2 officially releases)
(11/10/2024) (VULTURES 2 receives its last update)",,,"VULTURES 2 was announced alongside 2 other volumes of VULTURES, and was meant to release on March 8th, 2024, and then May 3rd, 2024. This album would've became the first release exclusive to the YZYAPP. The cover shows Ty Dolla $ign holding a portrait of his brother Big TC, who is currently in prison. After the album failed to drop on May 3rd, 2024, the direction of the project completely shifted, and was to be censored. The album failed to drop August 2nd and then dropped August 3rd with questionable mixing/songs.",,,,
,Sessions,,,,,,,,
VULTURES 2,"SKY CITY
(prod. Kanye West, Ty Dolla $ign, BoogzDaBeast & damn james!)
(City In The Sky, Loyalty, Ooh Child, Ooh Child Things Are Gonna Get Easier)","OG Filename: ty.gtr.song.1.15.for.fai(sky.city)
PTX file that was sent to DJ Fai after the initial release of ""SKY CITY"". Filename shown by damn james! during an Instagram Live. Is a copy of an earlier version from the September 2018 Yandhi sessions.",Aug 2024,,,79,Confirmed,Not Available,
,Studio Stems,,,,,,,,
VULTURES 2,"BELIEVER
(prod. Adam Vadel, BoogzDaBeast & JPEGMAFIA)","OG Filename: BELIEVER 88 KEYS
Stems listed for sale or GB on July 6th, 2025. Doesn't actually have production from 88-Keys. Only the ""MUSIC"" stem has the original export date.","May 5, 2024","Apr 12, 2026",3:10,132,OG File,Lossless,https://pixeldrain.com/u/125sCPPT
VULTURES 2,"FEAR
(prod. Lester Nowhere)","OG Filename: 042924_FEAR_88_STEMS_
Vocals, instrumental, and drum stems.","Apr 29, 2024","Jan 21, 2025",2:04,81,OG File,Lossless,https://imgur.gg/f/lL9AI9K
VULTURES 2,"FIGHTING FIRES [Drum Stem]
(prod. 88-Keys)
(Faithful, Fightin Fire, MY SOUL)","OG Filename: fighting fires - 88 drum stem - v2
88-Keys drum stem that was later used on most versions of the song, including release.",,"Oct 21, 2024",0:22,86,OG File,Lossless,https://imgur.gg/f/SK0duAh
VULTURES 2,"GUN TO MY HEAD
(feat. Kid Cudi) (prod. Lester Nowhere)","As shown by the Lester Nowhere stems filename, there is an earlier version of the song/stems.",,,,120,Confirmed,Not Available,N/A
VULTURES 2,"GUN TO MY HEAD
(feat. Kid Cudi) (prod. Lester Nowhere)","OG Filename: GTMH V2 LESTER STEMS
Stems for a Lester Nowhere-produced version. Filename found in one of his Instagram posts.",,,,120,Confirmed,Not Available,https://imgur.gg/f/wF2lXOf
VULTURES 2,"LIFESTYLE
(feat. Lil Wayne) (prod. Nico Baran, FnZ, Deaton Chris Anthony, Dez Wright & London on da Track)","OG Filename: 043024_LIFESTYLE_88_STEMS_
Stems for the April 29th version of ""LIFESTYLE"", listed for sale or GB on July 6th, 2025. Were exported for 88-Keys to add production onto.","Apr 30, 2024","Apr 12, 2026",4:48,150,OG File,Lossless,https://pixeldrain.com/u/x18meKDK
VULTURES 2,"PROMOTION
(feat. Future) (prod. ???, AyoAA, Wheezy, London on da Track & The Legendary Traxster)
(GORGEOUS)",Version with production from an unknown producer. Hogan also said that this version comes with stems.,,"Oct 28, 2024",,157,Snippet,CD Quality,https://imgur.gg/f/k5S61ZD
VULTURES 2,PUSSY COST MONEY [Sample Stem],"Sample stem used for ""Pussy Cost Money"". Found in a dembow drum pack folder.",,,0:12,101,OG File,CD Quality,
VULTURES 2,"THIRSTY
(prod. 88-Keys)
(IDEA 3)","OG Filename: 042924_THIRSTY_88_STEMS_
Vocals, instrumental, and drum stems.","Apr 29, 2024","Nov 19, 2024",2:31,110,OG File,Lossless,https://imgur.gg/f/0cIHjXk
VULTURES 2,"YE ABOUT MINE
(feat. Rich The Kid, Takeoff & NBA Youngboy) (prod. Buddah Bless)
(Let Me Chill Out, MOTION)","OG Filename: gy128
Vocals, instrumental, and drum stems. Has an open verse.",,"Nov 3, 2024",2:30,128,OG File,Lossless,https://imgur.gg/f/QD4KOCh
,Acapellas,,,,,,,,
VULTURES 2,"BOMB (Remix)
(feat. Yuno Miles)","OG Filename: doritos line 
Acapella for an unused line from Yuno Miles where he references Doritos. Was being sold on his website for $1.50.","Aug 17, 2024","Nov 3, 2024",0:02,146,OG File,CD Quality,https://imgur.gg/f/kRPJ18d
VULTURES 2,FIELD TRIP,"OG Filename: REC .01_10
Raw Kanye vocal take for his second freestyle.","Mar 8, 2024","Oct 21, 2024",0:42,122,OG File,Lossless,https://imgur.gg/f/81TDqmG
VULTURES 2,"LIFESTYLE
(HUSBAND)","Original AI vocals for the ""HUSBAND"" section of ""LIFESTYLE"" before Kanye re-recorded. Might just be cut from the April 29th stems sent to 88-Keys.",,"Jul 10, 2025",2:11,150,Full,High Quality,
VULTURES 2,MELROSE,"OG Filename: rec_40
Raw Kanye vocal take.","Feb 18, 2024","Oct 21, 2024",8:31,137,OG File,Lossless,https://imgur.gg/f/dLLzeJ0
VULTURES 2,"RIVER
(feat. The Hooligans)","OG Filename: RIVER Full Wet
Hooligans' acapella for a February 2024 version. Original snippet leaked January 9th, 2025.","Feb 29, 2024","Jan 11, 2025",0:43,132,OG File,Lossless,https://imgur.gg/f/4C5qZdT
VULTURES 2,"YE ABOUT MINE
(feat. Rich The Kid, Takeoff & NBA Youngboy)
(Let Me Chill Out, MOTION)","OG Filename: YE ABOUT MINE FREESTYLE_vocals 128
""Finished"" Ye part. Is AI extracted and clearly recorded on an iPhone.",,"Nov 3, 2024",0:22,128,OG File,High Quality,https://imgur.gg/f/bWIHchJ
VULTURES 2,"Rich the Kid - BLEED IT
(BLEED, FRIED)","OG Filename: Bleed It_aca
Only has Rich The Kid vocals, no Ye.","Mar 6, 2024","Nov 3, 2024",2:20,150,OG File,Lossless,https://imgur.gg/f/Y4AZEpl
,Instrumentals,,,,,,,,
VULTURES 2,"Thrasher
(prod. TheLabCook)
(MELROSE)","OG Filename: t h r a s h e r 137bpm labcook_Master
Early bounce of the song, has different drums not seen on any other version.","Feb 17, 2024","Oct 21, 2024",2:34,137,OG File,CD Quality,https://imgur.gg/f/eeek7Ze
VULTURES 2,"Thrasher
(prod. TheLabCook)
(MELROSE)","OG Filename: thrasher v1 137bpm thelabcook_Master
Nearly drumless instrumental of the version above.","Mar 5, 2024","Oct 21, 2024",2:37,137,OG File,Lossless,https://imgur.gg/f/rMDeFNz
VULTURES 2,"Rich the Kid - BLEED
(prod. Oji & TheLabCook)
(BLEED IT, FRIED)","OG Filename: BLEED 150BPM LABCOOK
Version with extra TheLabCook production. Original snippet leaked November 1st, 2024.",,"Nov 3, 2024",2:46,150,OG File,Lossless,https://imgur.gg/f/PUfuBD5
,"VULTURES 3
(Collaboration with Ty Dolla $ign as ¥$)
(Vultures Vol. 3)","(11/10/2024) (VULTURES 2 receives its last update)
(04/20/2025) (Digital Nas confirms VULTURES 3 is scrapped)",,,"Was announced alongside the 2 other volumes and was set to release on April 5th, 2024, however this didn't happen. The project was thought to have been scrapped after the rushed release of VULTURES 2, and Ye's apparent focus on his solo project BULLY. However, Ty stating that ""V3 boutta rip heads off"" in an 88-Keys IG live chat, and Ye heart reacting a fan's message asking if the project still exists, seem to contridict this. The project was set to drop in 2025, however given Ye's recent statements against Ty Dolla $ign, and his signal on twitter that he was working to remove Ty from Melrose, it's assumed that the project is now scrapped. 			",,,,
,Sessions,,,,,,,,
VULTURES 3,"Ty Dolla $ign - WHEELS
(feat. Kanye West) (prod. Kanye West, Ty Dolla $ign, BBYKOBE & DJ Camper)
(WHEELS FALL OFF)","OG Filename: wheels 2.6.25
Pro Tools session for ""Wheels Fall Off"".","Feb 6, 2025",,,104,Confirmed,Not Available,
,Acapellas,,,,,,,,
VULTURES 3,"Ty Dolla $ign - WHEELS FALL OFF [V1]
(ref. Kanye West) (feat. Kanye West)
(Wheels)","Acapella snippet shown by Ty on stream on October 12th, 2025. Contains singing Ye vocals that are likely a reference for Ty Dolla $ign's verse, as he is singing the chorus.",,"Oct 12, 2025",,104,Snippet,Recording,
,BULLY [V1],"(11/??/2023) (YEBU is shelved in favor of Vultures)
(03/18/2025) (Ye leaks the BULLY visual albums and says he will record over the AI)",,,"On September 3rd, 2024, the CEO of Channel Candy, Ye's new touring company, confirmed that work on a new solo Ye album had began after the South Korea Vultures listening experience. On September 28th, 2024, on the second Haikou listening event, Ye confirmed that the album name is Bully, which references the movie with the same name that he posted on his Instagram story a few days prior to the event. On January 2nd, 2025, Ye announced the album would have AI on it after months of speculation, and that it could help AI become used more in music. After the release of Bully V1, Ye confirms his intention to re-record the AI on Bully, and stated it was being mixed.",,,,
,Sessions,,,,,,,,
BULLY [V1],"LAST BREATH
(ref. Ty Dolla $ign) (prod. Kanye West)",Pro Tools session that Peso Pluma recorded on. Can be vaguely seen in SRS SHIT 001.,,,,,Confirmed,Not Available,
BULLY [V1],"UNBREAKABLE HEARTS
(feat. MADI) (prod. Major Seven)","OG Filename: Copy of 280 UNBREAKABLE HEARTS FEAT MADI PROD BY MAJOR SEVEN Ye version
Pro Tools session for ""UNBREAKABLE HEARTS"" seen in one of Ye's Instagram posts.",,,,,Confirmed,Not Available,
BULLY [V1],"???
(prod. Che Pope)
(60 Miles)",Pro Tools session seen in THE DOWNLOAD: JUSTIN LABOY + YE.,,,,,Confirmed,Not Available,
BULLY [V1],"The Game - Egus Eerf
(feat. Kanye West & King Combs) (prod. 1SRAEL, Big Duke & Sndtrak)
(Free Suge)","OG Filename: 215 Egus Eerf - prod. by Sndtrak (2-15-215)
Pro Tools session for ""Free Suge"" seen on Ye's Tokyo warehouse screen. Contains at least three extra .ptx files for different versions of the song.","Feb 15, 2025",,,,Confirmed,Not Available,https://ibb.co/5WJxzf4y
BULLY [V1],"The Game - Tina
(feat. Jim Jones & Kanye West) (prod. Kanye West)",Session for an earlier version of the song. Seen in the behind the scenes footage for the music video.,,,,,Snippet,Recording,https://pixeldrain.com/u/oZ8WeGH8
,Acapellas,,,,,,,,
BULLY [V1],"THIS ONE HERE
(ref. Don Toliver & Quentin Miller)
(Showtime, TIME)","Partial acapella for the October 2024 version of ""THIS ONE HERE"". Cuts off before the first AI Quentin Miller verse.",,"Jan 23, 2025",,106.9,Partial,High Quality,https://imgur.gg/f/dxP32Jh
BULLY [V1],"THIS ONE HERE
(ref. Don Toliver) 
(Showtime, TIME)","OG Filename: don - 9.25.24 4 VOX DRY
Acapella stem for Don Toliver's first ""THIS ONE HERE"" reference. Was meant to be sold with the reference itself in January 2025. Bounced 10 days after being recorded. Though labeled as ""dry"", it still features autotune and other effects.","Oct 4, 2024","Jan 15, 2026",1:11,106.9,OG File,Lossless,https://imgur.gg/f/efnTnL9
BULLY [V1],"Digital Nas - bLCK hedi SliManE
(feat. Kanye West)
(HIDE YOUR BITCH)","Partial acapella posted to Ye's Instagram story January 15th, 2025.",,"Jan 15, 2025",,,Snippet,High Quality,
,Instrumentals,,,,,,,,
BULLY [V1],"BEAUTY AND THE BEAST
(prod. Kanye West)","OG Filename: bully-audio
Official instrumental from yzy.one, a test website by Hunter Martin. Added May 12th, 2025, but was available since October 2024.",,"May 12, 2025",1:46,163.5,Full,CD Quality,https://imgur.gg/f/yoeGAqD
BULLY [V1],"BEAUTY AND THE BEAST
(prod. Kanye West)",Uploaded on Hipstrumentals. Alternate mix compared to the the yzy.one version.,,"Mar 31, 2025",1:46,163.5,Full,High Quality,https://imgur.gg/f/ZQcFvMR
BULLY [V1],"PREACHER MAN
(prod. Kanye West)","Uploaded on Hipstrumentals. Has an alternate mix closer to the visual album versions, especially since it lacks John Scott's replayed bass.",,"Apr 5, 2025",3:02,80,Full,High Quality,https://imgur.gg/f/7JREAa4
BULLY [V1],"NEVER CAN SAY GOODBYE
(prod. Cash Cobain)
(WHITE LINES)","OG FILENAMES: never can say goodbye &
AUDIO_3371
Original sample chop for ""WHITE LINES"". Has a faster BPM and no AI extractions. Posted by Cash Cobain's manager to Twitter on April 11th, 2026, who claimed Cash produced the song.",,"Apr 11, 2026",3:07,,Full,High Quality,
BULLY [V1],"Just Da 1 - Liquor Blues
(prod. Just Da 1)
(Dark Matter, Galaxies)","Original version of the beat. According to Just Da 1 in a Genius annotation, it shares no similarities with later versions besides the sample chop, which he originally intended to be a beat switch.",,,,,Confirmed,Not Available,
BULLY [V1],"Playboi Carti - 2024
(prod. Ojivolta, Earl on the Beat & Kanye West)","Official instrumental for ""2024"" by Playboi Carti. Has a buzzing noise throughout.",,"Dec 21, 2023",3:29,148,Full,CD Quality,
BULLY [V1],"The Game - Tina
(prod. Kanye West)","Instrumental to the version that The Game recorded over, heard in the behind the scenes footage for the music video. Has the placeholder beatboxing from Ye.",,,,,Snippet,Recording,https://pixeldrain.com/u/oZ8WeGH8
,"CUCK
(CUKKK, WW3)","(02/??/2025) (Ye and Dave Blunts meet for the first time)
(05/21/2025) (""HIT SYMPHONY"" is released on DSPs, and Ye's direction for the album's sound shifts)
(06/22/2025) (Ye announces the name change to IN A PERFECT WORLD)",,,"On March 6th, 2025, Ye tweeted, ""this next album got that antisemitic sound"" and ""my new sound called antisemitic"". This would mark a shift in Ye's soundscape, as his antisemitic ideas had been mostly contained to his Twitter at that time, besides a few one-off remarks about Jews on the VULTURES albums. On March 16th, 2025, Ye would tweet an image of a red swastika against a black background, declaring it as a ""NEW ALBUM COVER"". On April 2nd. 2025, DJ Akademiks would post a series of Tweets that eventually led to the announcement of a new album titled WW3, separating this project from BULLY.  ",,,,
,Sessions,,,,,,,,
CUCK,"COSBY
(prod. Kanye West)
(Baby I Tried, FREE COSBY)","OG Filename: Cosby - ye [???] [???]
Logic Pro session for the sample chop version of ""COSBY"". Picture posted to Che Pope's Instagram story April 4th, 2025.","Apr 4, 2025",,,,Confirmed,Not Available,https://ibb.co/M5CfCtct
CUCK,"COSBY
(feat. FROMDABUNKA) (prod. FROMDABUNKA, Quadwoofer & Sheffmade)
(Baby I Tried, FREE COSBY)","Session for an earlier Nkenge 1x mix of ""COSBY"". Uses stems from the ""Uplifting"" version by Sheffmade.","Apr 24, 2025",,,140,Confirmed,Not Available,
CUCK,"COUSINS
(ref. Dave Blunts) (prod. Kanye West, Chuki Beats & Digital Nas)
(14, COUSIN SONG, LEAVE THE WORLD BEHIND)","OG Filenames: COUSINS_YE_136BPM_NKENGE MIX &
COUSINS_20250421_YE_136BPM_FOR TRANSFER
Logic Pro session for a Nkenge 1x mix of ""COUSINS"". ""FOR TRANSFER"" likely refers to this session being sent to IRKO for the final mix.","Apr 21, 2025","Jan 18, 2026",2:34,136,OG File,Lossless,https://imgur.gg/f/U3NvNfJ
CUCK,"DIRTY MAGAZINES
(prod. 88-Keys)","OG Filenames: 88 DRUMS_DIRTY MAGAZINES &
YE SAMPLES - 88 DRUMS_DIRTY MAGAZINES
Logic Pro session for 88-Keys' version of ""DIRTY MAGAZINES"". Has tons of unrelated songs and stems inside of it.","Apr 28, 2025","Jan 18, 2026",Varied,Varied,OG File,Lossless,Link Needed
CUCK,"FREE DIDDY
(ref. Dave Blunts) (prod. Digital Nas, Quadwoofer & Sheffmade)
(DIDDY FREE)","OG Filename: free diddy
FL Studio session for the first Digital Nas version of ""DIDDY FREE"".","Apr 26, 2025",,,140,Confirmed,Not Available,
CUCK,"HITLER YE JESUS
(prod. Quadwoofer & Sheffmade)
(HITLER YE AND JESUS, SHE LOVE YE AND JESUS)","OG Filename: 20250407_HITLER YE JESUS_130BPM_NKENGE MIX
Filename found in the metadata for the ""COUSINS"" session file.",,"Apr 7, 2025",,,Confirmed,Not Available,
CUCK,"JARED
(feat. FROMDABUNKA) (prod. FROMDABUNKA)
(THE KING OF SOUL, KING OF SOUL)","OG Filename: 20250407_JARED_NKENGE MIX
Filename found in the metadata for 88-Keys' version of ""DIRTY MAGAZINES"".",,"Apr 7, 2025",,146,Confirmed,Not Available,
CUCK,"MISSION CONTROL
(feat. The WRLDFMS Tony Williams) (prod. 1SRAEL & Adey)","According to el gusto, they own the sessions for an earlier version of ""MISSION CONTROL"". Contains over 100 Tony Williams vocal takes.",,,,,Rumored,Not Available,
CUCK,"REICH
(prod. Quadwoofer & Sheffmade)
(ALL THE LOVE, FIGHTING MY DEMONS, GAS CHAMBER, GAS CHAMBERS)","OG Filename: reich  Quad Sheff
FL Studio session for the original beat to ""ALL THE LOVE"".",,,2:31,114,Confirmed,Not Available,
CUCK,"UNCLE
(ref. Dave Blunts) (prod. Nkenge 1x, Quadwoofer & Sheffmade)
(UNCLES MAKE FREAKS)","Logic Pro session for the production session version of ""UNCLE"". According to the leaked acapella stem, it has at least 69 tracks, though it's unknown if all of these were used, or if any were deleted later on.",,,,,Confirmed,Not Available,
CUCK,"WHITE CHICKS
(feat. Dave Blunts) (prod. Quadwoofer & Sheffmade)","Session for ""WHITE CHICKS"". Used by Nkenge 1x during the May 1st stream.","May 1, 2025",,,,Confirmed,Not Available,
CUCK,"WW3
(feat. Dave Blunts) (prod. Kanye West, 1SRAEL, Quadwoofer, Sheffmade, Theevoni, G06 Beatz & FVBII)
(NAZI, WORLD WAR 3, WW3 REMIX)","OG Filename: WW3_2025...
FL Studio session for Dave Blunts' verse on ""WW3 Remix"", posted to his Instagram story April 3rd, 2025. Contains an extended open verse version of ""WW3"" and Dave's acapella tracks. Screenshot only has the first six lines, but he likely recorded the rest afterwards.","Apr 3, 2025",,,135,Confirmed,Not Available,https://ibb.co/0pz2WvzX
,Studio Stems,,,,,,,,
CUCK,"GAS CHAMBER
(prod. Quadwoofer & Sheffmade)
(ALL THE LOVE, GAS CHAMBERS, REICH)","OG Filename: Gas Chamber STEMS SHEFF QUAD YE
Stems for the original beat to ""ALL THE LOVE"". Includes two identical bounces of the instrumental.",,"Jan 18, 2026",2:31,114,OG File,Lossless,https://imgur.gg/f/j6AJbBe
CUCK,"ALL THE LOVE
(prod. Quadwoofer & Sheffmade)
(FIGHTING MY DEMONS, GAS CHAMBER, GAS CHAMBERS, REICH)","OG Filename: ALL THE LOVE_YE FORMAT v1_STEMS WITH VOCAL ACAPELLA
Stems for a version of ""ALL THE LOVE"".","Apr 24, 2025","Jan 18, 2026",1:54/0:38,118,OG File,Lossless,https://imgur.gg/f/ObVHBZz
CUCK,"ALL THE LOVE
(prod. Quadwoofer, Sheffmade & ???)
(FIGHTING MY DEMONS, GAS CHAMBER, GAS CHAMBERS, REICH)","OG Filenames: FOR 88 &
STEMS_88 FORMAT
AI-extracted 3-track stems meant to be sent to 88-Keys. Has alternate drums and quiet, unmixed vocals.","Apr 27, 2025","Jan 18, 2026",2:22,118,OG File,Lossless,https://imgur.gg/f/rMoWfay
CUCK,"ALL THE LOVE
(prod. Quadwoofer, Sheffmade & ???)
(FIGHTING MY DEMONS, GAS CHAMBER, GAS CHAMBERS, REICH)","OG Filename: Stems
Stems for the keytar version of ""ALL THE LOVE"". Bounce is accidentally written as ""20250419"".","Apr 28, 2025","Jan 18, 2026",1:57,118,OG File,Lossless,https://imgur.gg/f/lvGkSEV
CUCK,"BIANCA [Sample Stem]
(prod. Kanye West & Nkenge 1x)","OG Filename: BUS SAMPLE_133BPM
Sample chop for the Nkenge 1x version of ""BIANCA"". Found in the ""ARCHIVE"" folder from the stems below.","Apr 23, 2025","Jan 18, 2026",1:57,133,OG File,Lossless,
CUCK,"BIANCA
(ref. Dave Blunts) (prod. Kanye West & Nkenge 1x)","OG Filename: BIANCA - STEMS_20250421_YE_133BPM
Stems for the April 21st Nkenge 1x mix of ""BIANCA"". Files are actually dated April 23rd, 2025, including the ""ARCHIVE"" folder. The sample chop is unmixed and isn't meant to accompany the surrounding stems.","Apr 23, 2025","Jan 18, 2026",1:57,133,OG File,Lossless,https://imgur.gg/f/Wq8ZIgK
CUCK,"BIANCA
(ref. Dave Blunts) (prod. Kanye West, Nkenge 1x & NoiseOfCory)","OG Filename: BIANCA WIT SOLOS (WET STEMS)
Stems for the NoiseOfCory version of ""BIANCA"".","Apr 28, 2025","Jan 18, 2026",Varied,133,OG File,Lossless,https://imgur.gg/f/rq29YhS
CUCK,"BIANCA
(ref. Dave Blunts) (prod. Kanye West, Nkenge 1x & NoiseOfCory)","OG Filename: BIANCA WIT SOLOS (DRY STEMS)
Stems for the NoiseOfCory version of ""BIANCA"" without effects.","Apr 28, 2025","Jan 18, 2026",Varied,133,OG File,Lossless,https://imgur.gg/f/8Dp1Igv
CUCK,"BIANCA
(ref. Dave Blunts) (prod. Kanye West & Nkenge 1x)","OG Filename: BIANCA_STEMS_20250501_133BPM
Stems for a later version of ""BIANCA"" with added production. AI extracts the sample.","May 1, 2025","Jan 18, 2026",1:57,133,OG File,Lossless,https://imgur.gg/f/EM3C6ro
CUCK,"BIANCA
(ref. Dave Blunts) (prod. Kanye West & Nkenge 1x)","OG Filename: FOR 88
3-track stems meant to be sent to 88-Keys. Has the same production as the version above, but adds a sample of Bianca saying ""oh shit!"" to the outro.","May 1, 2025","Jan 18, 2026",1:57,133,OG File,Lossless,https://imgur.gg/f/DpSXi4r
CUCK,"COSBY [Sample Chop]
(prod. Kanye West)
(Baby I Tried, FREE COSBY)","OG Filename: YE CHOP_THESE ARE THE THINGS_FOR NKENGE
Sample chop made live on the April 2nd DJ Akademiks livestream. Ye noted that it was for ""COSBY"" once he finished it. Filename found in Che Pope's Logic Pro session.","Apr 2, 2025","Apr 2, 2025",,,Partial,Recording,https://imgur.gg/f/e5yHbbG
CUCK,"COSBY
(feat. FROMDABUNKA) (prod. FROMDABUNKA, Quadwoofer & Sheffmade)
(Baby I Tried, FREE COSBY)","OG Filename: COSBY-STEMS_140BPM
Stems for Sheffmade's version of ""COSBY"" with the acapellas from a later April 24th mix. The original acapella used by Sheff can be found in the ""ARCHIVE"" folder.","Apr 24, 2025","Jan 18, 2026",1:57,140,OG File,Lossless,https://imgur.gg/f/KKJetV9
CUCK,"COSBY
(feat. FROMDABUNKA) (prod. FROMDABUNKA, Nkenge 1x, Quadwoofer & Sheffmade)
(Baby I Tried, FREE COSBY)","OG Filename: COSBY_STEMS_20250502_143BPM
Stems for a later mix of ""COSBY"".","May 2, 2025","Jan 18, 2026",2:30,143,OG File,Lossless,https://imgur.gg/f/sH5C7Kj
CUCK,"14
(ref. Dave Blunts) (prod. Quadwoofer & Sheffmade)
(COUSINS, COUSIN SONG, LEAVE THE WORLD BEHIND)","Filenames of AI-extracted stems for Dave Blunts' reference track can be found in the metadata for the April 21st ""COUSINS"" session.",,,,136,Confirmed,Not Available,
CUCK,"COUSINS
(ref. Dave Blunts) (prod. Kanye West, Chuki Beats & Digital Nas)
(14, COUSIN SONG, LEAVE THE WORLD BEHIND)","OG Filename: 20250419_COUSINS STEMS_YE_136BPM
Stems for an earlier mix of ""COUSINS"". Contains a partial bounce for a version with the added ""niggas probably thinking that I'm gay"" line, with the ""ALT VERSION"" folder having an acapella for that line.","Apr 19, 2025","Jan 18, 2026",Varied,136,OG File,Lossless,https://imgur.gg/f/VUVLiX2
CUCK,"COUSINS
(ref. Dave Blunts) (prod. Kanye West, Chuki Beats, Digital Nas & Nkenge 1x)
(14, COUSIN SONG, LEAVE THE WORLD BEHIND)","OG Filename: STEMS
Stems for a Nkenge 1x mix of ""COUSINS"" with his added production.","Apr 21, 2025","Jan 18, 2026",2:34,136,OG File,Lossless,https://imgur.gg/f/2Zk1pa8
CUCK,"COUSINS [Kick Stem]
(prod. Nkenge 1x)
(14, COUSIN SONG, LEAVE THE WORLD BEHIND)","OG Filename: VERSION OF PREVIEW SIDE TOO KICKS THAT YE LIKES
Filename found in the metadata for the Logic Pro session for ""COUSINS"". Unknown how different they are from the kicks used on Nkenge 1x's mixes. Possibly 130 BPM due to a similar filename from the same metadata.",,,3:03,136,Confirmed,Not Available,
CUCK,"DIRTY MAGAZINE [Bass Stem]
(prod. Sheffmade)
(DIRTY MAGAZINES)","OG Filename: Dirty Magazine 156bpm Sheff_809
Bass stem for an earlier version of ""DIRTY MAGAZINES"".","Apr 7, 2025","Jan 18, 2026",2:15,143,OG File,Lossless,
CUCK,"DIRTY MAGAZINES
(ref. Dave Blunts) (prod. FROMDABUNKA)","OG Filename: DIRTY MAGAZINES_20250424_156BPM
Stems for an earlier mix of ""DIRTY MAGAZINES"". Was later recorded over by CyHi for his reference track. ","Apr 24, 2025","Jan 18, 2026",1:26,143,OG File,Lossless,https://imgur.gg/f/foVzx7k
CUCK,"DIDDY FREE
(ref. Dave Blunts) (prod. Quadwoofer & Sheffmade)
(FREE DIDDY)","OG Filename: DIDDY FREE-STEMS_YE_140BPM
4-track stems for ""DIDDY FREE"". AI separated except for the acapella.","Apr 25, 2025","Jan 18, 2026",2:58,140,OG File,Lossless,https://imgur.gg/f/SJAldjD
CUCK,"DIDDY FREE
(ref. Dave Blunts) (feat. FROMDABUNKA) (prod. Digital Nas & FROMDABUNKA)
(FREE DIDDY)","OG Filename: STEMS
24-track stems for the third Digital Nas version of ""DIDDY FREE"". Has 4 extra tracks that are merges of previous stems.","Apr 28, 2025","Jan 18, 2026",Varied,140,OG File,Lossless,https://pixeldrain.com/u/YSPpcpMf
CUCK,"FREE DIDDY
(ref. Dave Blunts) (prod. FROMDABUNKA)
(DIDDY FREE)","OG Filename: Free Diddy 140bpm [fromdabunka}
Synth and vocal stems for a FROMDABUNKA-produced version of ""DIDDY FREE"".","Apr 28, 2025","Jan 18, 2026",1:36/1:32,140,OG File,Lossless,https://imgur.gg/f/exh0GtY
CUCK,"FREE MY KIDS
(prod. Quadwoofer & Sheffmade)
(MONEY AND FAME, TOOK MY KIDS, MY KIDS)","OG Filename: V1
AI-extracted 4-track stems for ""FREE MY KIDS"".","Apr 24, 2025","Jan 18, 2026",1:49,140,OG File,Lossless,https://imgur.gg/f/2wyILEp
CUCK,"HEIL
(ref. Dave Blunts) (prod. Digital Nas, FROMDABUNKA, Quadwoofer & Sheffmade)
(HEIL HITLER)","OG Filename: HEIL - STEMS_20250423_YE_150BPM
Stems for a version of ""HEIL HITLER"" with slightly different drums. Made right before it was merged with ""FREE MY KIDS"". Includes an older extract of the 808 in the ""ARCHIVE"" folder.","Apr 23, 2025","Jan 18, 2026",1:36,150,OG File,Lossless,https://imgur.gg/f/J8cLaXZ
CUCK,"HEIL
(ref. Dave Blunts) (prod. Digital Nas, FROMDABUNKA, Quadwoofer & Sheffmade)
(HEIL HITLER)","OG Filenames: STEMS &
20250423 STEMS &
BAZZI (DO NOT USE)
Same as the stems above, but without the 808 exported. Likely an error despite these stems appearing in later folders. Unknown who or what ""BAZZI"" refers to.","Apr 23, 2025","Jan 18, 2026",1:36,150,OG File,Lossless,https://imgur.gg/f/YaieR3V
CUCK,"HEIL [Drum Stems]
(prod. 88-Keys)
(HEIL HITLER)","OG Filename: _HEIL 88 DRUMS_140 BPM
Four different drum ideas by 88-Keys. The first stem was used for FROMDABUNKA's version, while the fourth stem was reused for a version of ""DIDDY FREE"".","Apr 24, 2025","Jan 18, 2026",0:13,140,OG File,Lossless,https://imgur.gg/f/WjAhTGG
CUCK,"FREE MY KIDS / HEIL
(ref. Dave Blunts) (prod. Digital Nas, FROMDABUNKA, Quadwoofer & Sheffmade)
(HEIL HITLER)","OG Filename: V2 (Combined wwith Heil)
Stems for the first verison of ""FREE MY KIDS"" to be merged with ""HEIL HITLER"", edited together by Digital Nas. Split into the first and second half.","Apr 24, 2025","Jan 18, 2026",0:51/1:36,140,OG File,Lossless,https://imgur.gg/f/I8bup7q
CUCK,"FREE MY KIDS / HEIL HITLER
(ref. Dave Blunts) (prod. 88-Keys & FROMDABUNKA)
(HEIL HITLER (TOP 5 VERSION))","OG Filenames: FREE MY KIDS [FROMDABUNKA REF] 150 bpm
Stems for the first FROMDABUNKA version of ""FREE MY KIDS / HEIL HITLER""","Apr 26, 2025","Jan 18, 2026",2:20/2:14,150,OG File,Lossless,https://imgur.gg/f/hrL57Nf
CUCK,"HEIL
(ref. Dave Blunts) (prod. 88-Keys & FROMDABUNKA)
(HEIL HITLER)","OG Filename: HEIL - DEAN VERSION 150 BPM
Stems for a FROMDABUNKA version of ""HEIL HITLER"" with the ""FREE MY KIDS"" intro cut entirely.","Apr 26, 2025","Jan 18, 2026",1:53,150,OG File,Lossless,https://imgur.gg/f/dTx8c0A
CUCK,"HEIL HITLER
(ref. Dave Blunts) (prod. Digital Nas, FROMDABUNKA, Quadwoofer, Sheffmade & ???)
(HEIL)","OG Filename: HEIL HITLER_KEYTAR
Stems for the keytar version of ""HEIL HITLER"".","Apr 28, 2025","Jan 18, 2026",1:42,150,OG File,Lossless,https://imgur.gg/f/rBlaIcO
CUCK,"HEIL HITLER
(ref. Dave Blunts) (prod. Digital Nas, FROMDABUNKA, NoiseOfCory, Quadwoofer & Sheffmade)
(HEIL)","OG Filename: HEIL HITLER WIT SOLOS (WET STEMS)
Stems for the NoiseOfCory version of ""HEIL HITLER"".","Apr 28, 2025","Jan 18, 2026",Varied,150,OG File,Lossless,https://imgur.gg/f/CMJ7XyO
CUCK,"HEIL HITLER
(ref. Dave Blunts) (prod. Digital Nas, FROMDABUNKA, NoiseOfCory, Quadwoofer & Sheffmade)
(HEIL)","OG Filename: HEIL HITLER WIT SOLOS (DRY STEMS)
Stems for the NoiseOfCory version of ""HEIL HITLER"" without effects.","Apr 28, 2025","Jan 18, 2026",Varied,150,OG File,Lossless,https://imgur.gg/f/vmVfEBM
CUCK,"HEIL
(ref. Dave Blunts) (feat. The Hooligans) (prod. Digital Nas, FROMDABUNKA, Nkenge 1x, Quadwoofer & Sheffmade)
(HEIL HITLER, HEIL HITLER (TOP 5 VERSION))","OG Filename: 20250503_HEIL TEMP PRODUCTION STEMS_150BPM
Stems for a ""temporary"" version of ""HEIL HITLER"" with The Hooligans' vocals.","May 3, 2025","Jan 18, 2026",2:11,150,OG File,Lossless,https://imgur.gg/f/76RMt6z
CUCK,"HEIL HITLER
(ref. Dave Blunts) (feat. The Hooligans) (prod. Kanye West, Digital Nas, FROMDABUNKA, Nkenge 1x, Quadwoofer & Sheffmade)
(HEIL, HEIL HITLER (TOP 5 VERSION))","OG Filename: 20250506_HEIL FOR TRANSFER
Stems for the ""FINAL RECORDING"" version of ""HEIL HITLER"". Includes the unused bell stem and the Hitler sample. Were accidentally exported with ~30 seconds of nothing at the start.","May 6, 2025","Jan 18, 2026",3:08,150,OG File,Lossless,https://imgur.gg/f/mmghmrk
CUCK,"HITLER YE AND JESUS
(prod. Nkenge 1x)
(HITLER YE JESUS, SHE LOVE YE AND JESUS)","OG Fillename: HITLER YE AND JESUS STEMS_20250423_YE_122BPM
Stems for a version of ""HITLER YE AND JESUS"".","Apr 23, 2025","Jan 18, 2026",2:06,122,OG File,Lossless,https://imgur.gg/f/ApMp4km
CUCK,"HITLER YE AND JESUS
(prod. Nkenge 1x)
(HITLER YE JESUS, SHE LOVE YE AND JESUS)","OG Filename: HITLER YE AND JESUS STEMS_20250429_YE_122BPM
Stems for a later version of ""HITLER YE AND JESUS"". Merges the sample stems together.","Apr 29, 2025","Jan 18, 2026",2:06,122,OG File,Lossless,https://imgur.gg/f/5Ols1LP
CUCK,"HITLER YE AND JESUS
(prod. Nkenge 1x & NoiseOfCory)
(HITLER YE JESUS, SHE LOVE YE AND JESUS)","OG Filenames: HITLER YE AND JESUS WIT SOLOS (DRY STEMS) &
HITLER YE AND JESUS WIT SOLOS (WET STEMS)
Stems for a version of ""HITLER YE AND JESUS"" with added guitar. Features both wet and dry versions.","Apr 29, 2025","Jan 18, 2026",Varied,122,OG File,Lossless,
CUCK,"JESUS
(prod. Kanye West & ???)","OG Filename: JESUS_KEYTAR
Stems for both keytar versions of ""JESUS"".","Apr 28, 2025","Jan 18, 2026",1:22,140,OG File,Lossless,https://imgur.gg/f/Np6Is3U
CUCK,"MOTION
(feat. YoungBoy Never Broke Again) (prod. Buddah Bless)
(Let Me Chill Out, YE ABOUT MINE)","OG Filename: 20250430_YB_YE__MOTION
Zip for a version of ""Ye About Mine"" seen on an engineer's laptop in Spain.","Apr 30, 2025",,,128,Confirmed,Not Available,Link Needed
CUCK,"NITROUS
(feat. FROMDABUNKA) (prod. FROMDABUNKA, Quadwoofer & Sheffmade)","OG Filename: NITROUS_20250424_YE_146BPM
Unmixed stems for a version of ""NITROUS"" that's extremely similar to the April 7th version. Was later recorded over by CyHi for his reference track. Were used to make the stem edit owned by urnotsellingcruza.","Apr 24, 2025","Jan 18, 2026",1:40,146,OG File,Lossless,https://imgur.gg/f/Saya36b
CUCK,"NITROUS
(feat. FROMDABUNKA) (prod. FROMDABUNKA, Quadwoofer, Sheffmade & ???)","OG Filename: NITROUS__KEYTAR
Stems for the keytar version of ""NITROUS"".","Apr 28, 2025","Jan 18, 2026",1:37,146,OG File,Lossless,https://imgur.gg/f/pgeowQ0
CUCK,NITROUS [Sample Stem],"OG Filename: Donda Voice Ref
Full file of the vocal sample (""My Loleatta (Dish Apella)"" by Ellis D.). Was likely meant to be ran through an AI model of Donda West.",,"Jan 18, 2026",5:09,None,OG File,CD Quality,https://imgur.gg/f/81qkHa4
CUCK,"JARED
(feat. FROMDABUNKA) (prod. FROMDABUNKA)
(KING OF SOUL, THE KING OF SOUL)","OG Filename: Jared_[fromdabunka]_Stems_143
Folder name found in the metadata of the session for 88-Keys' version of ""DIRTY MAGAZINES"".","Apr 7, 2025",,,143,Confirmed,Not Available,
CUCK,"THE KING OF SOUL
(feat. FROMDABUNKA) (prod. FROMDABUNKA, Quadwoofer & Sheffmade)
(JARED, KING OF SOUL)","OG Filename: THE KING OF SOUL_STEMS _143BPM
Stems for Sheffmade's version of ""KING OF SOUL"". Originally seen on an engineer's laptop in a TikTok video by freetrash.",,"Jan 18, 2026",2:51,143,OG File,Lossless,https://imgur.gg/f/ZiXj5C7
CUCK,"THE KING OF SOUL
(feat. FROMDABUNKA) (prod. FROMDABUNKA & Quadwoofer)
(JARED, KING OF SOUL)","OG Filename: THE KING OF SOUL - STEMS_YE_20250422_143BPM
Stems for an earlier mix of ""THE KING OF SOUL""","Apr 22, 2025","Jan 18, 2026",2:46,143,OG File,Lossless,https://imgur.gg/f/3M2OJI4
CUCK,"JARED
(feat. FROMDABUNKA) (prod. 1SRAEL & Nico Baran)
(KING OF SOUL, THE KING OF SOUL)","Stems for the 1SRAEL & Nico Baran version of ""JARED"".","Apr 28, 2025","Jan 18, 2026",1:08,143,OG File,Lossless,https://imgur.gg/f/mSWecDE
CUCK,"KING OF SOUL
(feat. FROMDABUNKA) (prod. FROMDABUNKA, Quadwoofer, Sheffmade & ???)
(JARED, THE KING OF SOUL)","OG Filename: KING OF SOUL_KEYTAR
Stems for the keytar version of ""KING OF SOUL"".","Apr 28, 2025","Jan 18, 2026",2:46,143,OG File,Lossless,https://imgur.gg/f/HjdGT1W
CUCK,"UNCLE
(ref. Dave Blunts) (prod. Nkenge 1x, Quadwoofer & Sheffmade)
(UNCLES MAKE FREAKS)","OG Filename: STEMS
Stems for the production session version of ""UNCLE"".","Apr 24, 2025","Jan 18, 2026",1:36,140,OG File,Lossless,https://imgur.gg/f/MowTeqH
CUCK,"VIRGIL
(ref. Dave Blunts & Nkenge 1x) (prod. Nkenge 1x & The Legendary Traxster)
(VIRGIL LET ME DOWN)","OG Filename: STEMS
Stems for the Nkenge 1x version of ""VIRGIL"". The acapella is unmixed and lacks any effects.","Apr 24, 2025","Jan 18, 2026",2:03,143,OG File,Lossless,Link Needed
CUCK,"VIRGIL
(ref. Dave Blunts & Nkenge 1x) (prod. Nkenge 1x & The Legendary Traxster)
(VIRGIL LET ME DOWN)","OG Filename: VIRGIL-STEMS_20250502_YE_143BPM
Later stems for the Nkenge 1x version of ""VIRGIL"". Now has the acapella mixed.","May 2, 2025","Jan 18, 2026",2:03,143,OG File,Lossless,https://imgur.gg/f/mSyYQdQ
CUCK,"WW3 [808 Stem]
(prod. Sheffmade)
(NAZI, WORLD WAR 3)","OG Filename: Reprogrammed -WW3- 808s
Alternate 808 stem for ""WW3"". Originally bounced in March 2025, but the leaked file's date is incorrect due to it coming from a session folder. Found in the session folder for 88-Keys' version of ""DIRTY MAGAZINES"".",,"Jan 18, 2026",2:02,135,OG File,Lossless,https://imgur.gg/f/0GJDjCe
CUCK,"WW3 [808 Stem]
(prod. Sheffmade)
(NAZI, WORLD WAR 3)","OG Filename: V2 Reprogrammed -WW3- 808s
Another alternate 808 stem for ""WW3"". Seemingly the same as the final 808, but is unmixed. Originally bounced in March 2025, but the leaked file's date is incorrect due to it coming from a session folder. Found in the session folder for 88-Keys' version of ""DIRTY MAGAZINES"".",,"Jan 18, 2026",2:02,135,OG File,Lossless,https://imgur.gg/f/WQBLZDS
CUCK,"WW3
(prod. Kanye West, 1SRAEL, Quadwoofer, Sheffmade, Theevoni, G06 Beatz & FVBII)
(NAZI, WORLD WAR 3)","OG Filename: WW3-STEMS_20250424_YE_135BPM
Unmixed stems for ""WW3"". Extremely poorly organized and seems to use stems intended for two or more different versions, as some are offbeat from one another. Has ~12 seconds of silence at the start.","Apr 24, 2025","Jan 18, 2026",Varied,135,OG File,Lossless,https://imgur.gg/f/Ghr6VYY
CUCK,"WW3
(prod. Kanye West, 1SRAEL, Quadwoofer, Sheffmade, Theevoni, G06 Beatz, FVBII & NoiseOfCory)
(NAZI, WORLD WAR 3)","OG Filename: WW3 WIT SOLOS (WET STEMS)
Stems for the NoiseOfCory version of ""WW3"". Includes two duplicate folders for his version of ""VIRGIL"" on accident.","Apr 28, 2025","Jan 18, 2026",Varied,135,OG File,Lossless,https://imgur.gg/f/Unn8NBE
CUCK,"WW3
(prod. Kanye West, 1SRAEL, Quadwoofer, Sheffmade, Theevoni, G06 Beatz, FVBII & NoiseOfCory)
(NAZI, WORLD WAR 3)","OG Filename: WW3 WIT SOLOS (DRY STEMS)
Stems for the NoiseOfCory version of ""WW3"" without effects. Includes two duplicate folders for his version of ""VIRGIL"" on accident.","Apr 28, 2025","Jan 18, 2026",Varied,135,OG File,Lossless,https://imgur.gg/f/8UDhQDM
CUCK,"WW3
(prod. Kanye West, 1SRAEL, Quadwoofer, Sheffmade, Theevoni, G06 Beatz, FVBII & ???)
(NAZI, WORLD WAR 3)","OG Filename: WW3_KEYTAR
Stems for the keytar version of ""WW3"".","Apr 28, 2025","Jan 18, 2026",1:44,135,OG File,Lossless,https://imgur.gg/f/lSB3kdb
,Acapellas,,,,,,,,
CUCK,"ALIVE
(with YoungBoy Never Broke Again)","Acapella for the 1.0 version of ""ALIVE"". Was given to several producers in the hopes that they'd remix the song.",,,,,Confirmed,Not Available,
CUCK,"FIGHTING MY DEMONS
(ALL THE LOVE, GAS CHAMBER, GAS CHAMBERS, REICH)","OG Filename: YE VOICEfighting my demons_1 (Vocals)_20250426_118BPM
Acapella stem for the AI Dave Blunts version of 'ALL THE LOVE"".","Apr 26, 2026","Jan 18, 2026",2:10,118,OG File,Lossless,https://imgur.gg/f/EvHVFSq
CUCK,"COSBY
(Baby I Tried, FREE COSBY)",Played by Ye in Sneako's GARAGE documentary.,,"Apr 29, 2025",,140,Snippet,Recording,https://pixeldrain.com/u/qtiQd6r9
CUCK,"COUSIN SONG
(14, COUSINS, LEAVE THE WORLD BEHIND)","OG Filename: Dave Cousin Song Dry Acapella C#Min 136bpm_WW3 YE_30pct
Original acapella for the AI punch-ins on the second verse of ""COUSINS"".",,,,136,Confirmed,Not Available,
CUCK,"COUSINS
(14, COUSIN SONG, LEAVE THE WORLD BEHIND)","OG Filename: Ye 10 percx vox for Nkenge
Original acapella for the outro to ""COUSINS"".",,,,136,Confirmed,Not Available,
CUCK,"HEIL HITLER
(ref. Dave Blunts)",Acapella for Dave's original reference track. Accidentally played by Che Pope during the first Digital Nas Twitch livestream.,,"Apr 6, 2025",,140,Snippet,Recording,
CUCK,"HEIL
(HEIL HITLER)","OG Filename: BUS VOX ALL_140BPM
Acapella for a version of ""HEIL HITLER"". Found in a folder named ""HEIL - 140 STEMS UPDATE"".",,"Jan 18, 2026",1:43,140,OG File,Lossless,https://imgur.gg/f/M7Kyx9M
CUCK,"HEIL HITLER [Hooligans Stem]
(feat. The Hooligans)","OG Filename: HEIL CHANT_20250429_150BPM
Acapella for the Hooligans' vocals on ""HEIL HITLER"". Has the ""all my niggas Nazis"" line, and the instrumental bleed is more audible than on later versions. Was played during a Parti stream April 30th, 2025.","Apr 29, 2025","Jun 8, 2026",1:12,150,OG File,Lossless,
CUCK,"HEIL HITLER [Dry Acapella Stems]
(ref. Ashton Travis)","OG Filename: Heil Hitler (Ashton References) dry stems
Acapella stems for Ashton Travis' ""HEIL HITLER"" reference tracks, recorded a few hours before the song released. Were recorded over by Ye for the second verse.","May 7, 2025","Jan 18, 2026",1:19,150,OG File,Lossless,https://imgur.gg/f/lkD6JIx
CUCK,"HITLER YE AND JESUS
(ref. Dave Blunts)
(HITLER YE JESUS, SHE LOVE YE AND JESUS)",Acapella ran through AI for the first preview of the song.,,,,122,Rumored,Not Available,
CUCK,"HITLER YE AND JESUS
(ref. Dave Blunts)
(HITLER YE JESUS, SHE LOVE YE AND JESUS)","Rebounced sometime after the above version, as the acapella has now been split into two tracks to prevent the AI from messing up the overlapping vocals.",,,,122,Confirmed,Not Available,
CUCK,IGNORING MY OBESITY,"OG Filename: Ignoring My Obesity Vocal - ignoring my obesity - Vocals_Kanye West.M4A
AI Ye output for the Dave Blunts song ""Ignoring My Obesity"", said to be used on a CUCK version.",,,,,Rumored,Not Available,
CUCK,"JARED
(KING OF SOUL, THE KING OF SOUL)","OG Filename: Gerrit_Vocals
Extracted vocals for the original Ye version of ""JARED"", featuring an extra verse.",,"Jan 18, 2026",1:47,143,OG File,Lossless,
CUCK,"NAZI
(WORLD WAR 3, WW3)","Vocal take stems for the first version of ""WW3"" with Ye vocals. Found in the session folder for 88-Keys' version of ""DIRTY MAGAZINES"".",,"Jan 18, 2026",Varied,135,OG File,Lossless,https://imgur.gg/f/uLuyhV1
CUCK,"VIRGIL
(prod. Void Stryker)
(VIRGIL LET ME DOWN)","OG Filename: Virgil - Vocoder 143bpm vs_VOID
Vocoder stem for the 1SRAEL and Void Stryker version of ""VIRGIL"".","Apr 30, 2025","Jan 18, 2026",2:04,143,OG File,High Quality,
,Instrumentals,,,,,,,,
CUCK,"BIANCA / WEDDINGS
(prod. Kanye West & OLYEVNS)
(WEDDING CAKE, WEDDINGS ARE JUST FUNERALS WITH CAKE)","OG Filename: BIANCA/WEDDINGS V15 [INST]
Instrumental for the version of ""WEDDINGS"" that was combined with ""BIANCA"". Was uploaded to OLYEVNS' website Sudeo on June 1st, 2025, and found on January 15th, 2026.","Jun 1, 2025","Jan 15, 2026",5:31,,Full,CD Quality,https://imgur.gg/f/vbWF88a
CUCK,"BULLETS
(prod. DrZeus, Rvei & OLYEVNS)
(BULLETPROOF)","OG Filename: BULLETS V7 [INST]
Earlier instrumental for an OLYEVNS version of ""BULLETPROOF"". Was uploaded to OLYEVNS' website Sudeo on May 30th, 2025 (somehow), and found on January 15th, 2026.",,"Jan 15, 2026",1:34,,Full,CD Quality,
CUCK,"DIRTY MAGAZINES
(prod. OLYEVNS)","OG Filename: OLYEVNS.YE.DirtyMagaines.V6
Instrumental version with alternate production from OLYEVNS, including more excessive snares than his later versions. According to Oly, Ye disliked this version and described it as ""too abrasive"" when played it. Filename misspells ""Magazines"" as ""Magaines"".",,"Mar 27, 2026",1:01,156,OG File,CD Quality,
CUCK,"GET INVOLVED
(prod. Kanye West & OLYEVNS)
(SISTERS BROTHERS)","OG Filename: GET INVOLVED [INST]
Has alternate, piano-based production done by OLYEVNS. Was uploaded to OLYEVNS' website Sudeo on June 4th, 2025, and found on January 15th, 2026.",,"Jan 15, 2026",1:47,125,Full,CD Quality,https://imgur.gg/f/NtWhlkO
CUCK,"HEIL HITLER
(prod. Digital Nas, FROMDABUNKA, Quadwoofer & Sheffmade)","OG Filename: hh sped up dn
Pitched-up instrumental with some added drums and sound effects from Digital Nas.",,"Jan 18, 2026",1:29,,OG File,CD Quality,https://imgur.gg/f/emaSkQY
CUCK,"HEIL HITLER
(prod. Digital Nas, FROMDABUNKA, Quadwoofer & Sheffmade)","Instrumental for an earlier version with The Hooligans. Briefly played on stream May 4th, 2025. ",,"May 4, 2025",~2:30,150,Snippet,Recording,Link Needed
CUCK,"REICH
(prod. Quadwoofer & Sheffmade)
(ALL THE LOVE, FIGHTING MY DEMONS, GAS CHAMBER, GAS CHAMBERS)","OG Filenames: reich  Quad Sheff (current) &
Gas Chamber 114bpm SHEFF QUAD YE_Current
Original beat for ""ALL THE LOVE"". Has the extended sample intro from the freestyle. Found in a leaked stems folder.",,"Jan 18, 2026",2:31,114,OG File,Lossless,
CUCK,"REICH
(prod. Quadwoofer & Sheffmade)
(ALL THE LOVE, FIGHTING MY DEMONS, GAS CHAMBER, GAS CHAMBERS)","OG Filenames: reich  Quad Sheff (Master) &
Gas Chamber 114bpm SHEFF QUAD YE_Master
Mastered version of the original beat. Found in a leaked stems folder.",,"Jan 18, 2026",2:31,114,OG File,Lossless,
CUCK,"THE HEIL SYMPHONY
(prod. Kanye West, Quadwoofer, Sheffmade & Digital Nas)
(HIT SYMPHONY)","Instrumental version of ""HEIL HITLER"", uploaded to DSPs to try and get around the song being banned from other streaming platforms due to violating their TOS for hate speech. The linked file is the highest quality version released on Scrybe, and has leftover Logic Pro metadata.","May 13, 2025","May 14, 2025",1:16,150,OG File,Lossless,https://imgur.gg/f/TwbgPuf
CUCK,"VIRGIL
(prod. OLYEVNS)
(VIRGIL LET ME DOWN)","OG Filename: VIRGIL V7 [INST]
Version with a completely different beat done by OLYEVNS. Was uploaded to OLYEVNS' website Sudeo on June 10th, 2025, and found on January 15th, 2026.",,"Jan 15, 2026",2:27,143,Full,CD Quality,https://imgur.gg/f/yy3KhtT
CUCK,"WAY I AM
(prod. CLLLAPS & OLYEVNS)","OG Filename: WAY I AM V4 [INST]
Similar to all other OLYEVNS versions of ""WAY I AM"". Uploaded to OLYEVNS' website Sudeo on May 21st, 2025, and found on January 15th, 2026.",,"Jan 15, 2026",2:43,94,Full,CD Quality,
CUCK,"WEDDINGS
(prod. OLYEVNS)
(WEDDING CAKE, WEDDINGS ARE JUST FUNERALS WITH CAKE)","OG Filename: WEDDINGS V12 [INST]
Version with added production done by OLYEVNS. Was uploaded to OLYEVNS' website Sudeo on May 31st, 2025, and found on January 15th, 2026.",,"Jan 15, 2026",2:40,,Full,CD Quality,https://imgur.gg/f/TI2FmiR
CUCK,"WW3
(prod. Kanye West, 1SRAEL, Quadwoofer, Sheffmade, Theevoni, G06 Beatz & FVBII)
(NAZI, WORLD WAR 3)","Instrumental for the released version of ""WW3"". Previewed by Dave Blunts on Instagram Live April 14th, 2025. ",,"Apr 14, 2025",1:43,135,Snippet,Recording,https://pixeldrain.com/u/FVftw9WY
CUCK,"King Combs - LONELY ROADS
(prod. Kanye West, Justin Combs, Mario Winans, Steven Jordan & The Legendary Traxster)
(LONELY ROADS STILL GO TO SUNSHINE)","Official instrumental for ""LONELY ROADS"". Uploaded to Hipstrumentals.",,"Jul 7, 2025",3:24,95,Full,High Quality,
CUCK,"Sheffmade - Baby I Tried
(prod. Sheffmade)
(COSBY, FREE COSBY, Wasted Love)","OG Filename: Baby I Tried 145bpm Sheff
First version of the instrumental to ""COSBY"", solo produced by Sheffmade. Snippet posted to Sheffmade's Instagram July 23rd, 2025. Given to charlie! for his song ""Wasted Love"".",,"Jul 23, 2025",,145,Snippet,High Quality,
CUCK,"Sheffmade - Beauty & The Beast
(feat. Kanye West) (prod. Sheffmade)
(Baby I Tried, COSBY, FREE COSBY)","OG Filename: Beauty & The Beast 140bpm Sheff
Sheffmade beat that shares many elements with ""COSBY"" and the ""Baby I Tried"" instrumental, including Ye's background vocals. File is split into individual stems after 1:35. Found in Sheff's ""ALL '25 LOOPS CATEGORIZED"" Dropbox.",,"Jan 27, 2026",7:38,140,OG File,CD Quality,
CUCK,"Sheffmade & Audio Jacc - I Can Do
(prod. Audio Jacc & Sheffmade)
(PUNCH DRUNK)","OG Filename: I Can Do 160bpm Sheff Jacc
Intial loop by Sheffmade and Audio Jacc for ""PUNCH DRUNK"". Very similar to the final instrumental, but with rougher mixing and slight production differences. Found in Sheff's ""ALL '25 LOOPS CATEGORIZED"" Dropbox.",,"Jan 27, 2026",0:54,160,OG File,CD Quality,
CUCK,"Sheffmade - Jared
(prod. Sheffmade)
(THE KING OF SOUL, KING OF SOUL)","OG Filename: Jared 144bpm Sheff
Original Sheffmade loop for Dave Blunts' ""JARED"" reference track. File is split into individual stems after 0:57. Found in Sheff's ""ALL '25 LOOPS CATEGORIZED"" Dropbox.",,"Jan 27, 2026",4:00,144,OG File,CD Quality,
CUCK,"Sheffmade - Paper Chasin
(prod. Sheffmade)
(DIRTY MAGAZINES)","OG Filename: Paper Chasin 158bpm Sheff
Sheffmade loop reused for the rage version of Dave Blunts' ""DIRTY MAGAZINES"" reference.. File is split into individual stems after 1:12. Found in Sheff's ""ALL '25 LOOPS CATEGORIZED"" Dropbox.",,"Jan 27, 2026",2:56,158,OG File,CD Quality,
CUCK,"Sheffmade - Simp
(prod. Sheffmade)
(NAZI, WORLD WAR 3, WW3)","OG Filename: Simp 133bpm Sheff
Original loop for the beat Dave Blunts recorded his reference over. File is split into individual stems after 0:57. Found in Sheff's ""ALL '25 LOOPS CATEGORIZED"" Dropbox.",,"Jan 27, 2026",4:05,133,OG File,CD Quality,
CUCK,"Sheffmade & Jambo - ???
(prod. Jambo & Sheffmade)
(WHATEVER WORKS)","Original loop for ""WHATEVER WORKS"".",,,,,Confirmed,Not Available,
,"DONDA 2 (2025)
(PABLO 2)","(03/??/2024) (Traxster talks to Mike Dean in a leaked phone call about putting Donda 2 on DSPs)
(04/29/2025) (The 2025 version of DONDA 2 is officially released onto DSPs)
(02/13/2026) (The 2025 version of DONDA 2 receives its last update)",,,"After releasing Donda 2 via the Stem Player in 2022, Ye would eventually move onto other projects. However, the project never left his mind, with some songs continuing to be considered in the Vultures era. 2025 would see Ye enter a new era of creative fuel, once again working on multiple projects at once. With plans to release BULLY and CUCK, Ye also spoke of plans to ""officially"" release Donda 2, repeatedly saying he planned to rerecord verses and upload a ""finished"" version of the album. ",,,,
,Sessions,,,,,,,,
DONDA 2 (2025),"JESSE
(ref. Fat Money) (prod. Digital Nas, Manny Laurenko, Foreign Vu, Qua Xo & John Cunningham)
(Honesty, Damn Jesse)","Logic Pro session for the AI version of ""JESSE"". Worked on by Nkenge 1x during a livestream April 30th, 2025.","Apr 30, 2025","Apr 30, 2025",,173,Snippet,Recording,
DONDA 2 (2025),"LOUIE BAGS
(ref. Fat Money) (feat. Jack Harlow) (prod. Digital Nas, Gavin Hadley, JW Lucas, Kid Krono & ???)
(Virgil Passed, Louie Bag, Louis Bags, United)","OG Filename: 09 LOUIE BAGS
Logic Pro session for the AI version of ""LOUIE BAGS"". Has over 200 tracks, including Fat Money's acapella for ""SUZY"" and the entirety of IRKO's mix.","Apr 30, 2025",,Varied,170,Confirmed,Not Available,https://ibb.co/8gsyJCrq
DONDA 2 (2025),"SUZY
(ref. Fat Money) (prod. AllDay & Ojivolta)
(Suzy More Time, Things Change)","Logic Pro session for the AI version of ""SUZY"". Worked on by Nkenge 1x during a livestream Aril 29th, 2025. Has the original instrumental and an AI extraction of the Ojivolta version.","Apr 29, 2025","Apr 29, 2025",,109,Snippet,Recording,
,Studio Stems,,,,,,,,
DONDA 2 (2025),"GET LOST
(prod. Ojivolta)
(Canon, I Get Lost)","2-track stems for ""GET LOST"".","Mar 27, 2025","Jan 18, 2026",2:34,69,OG File,Lossless,https://imgur.gg/f/ehxf047
,Acapellas,,,,,,,,
DONDA 2 (2025),"LOUIE BAGS
(ref. Fat Money)
(Virgil Passed, Louie Bag, Louis Bags, United)","OG Filename: YE AI from FAT MONEY
Acapella for Fat Money's ""LOUIE BAGS"" reference after being ran through AI. Was converted from an extracted vocal.",,,,170,Confirmed,Not Available,https://ibb.co/8gsyJCrq
,"IN A PERFECT WORLD
(CUCK [V2])","(06/22/2025) (Ye announces the name change to IN A PERFECT WORLD)
(01/16/2026) (Hassan Khaffaf drops THE SECOND COMING, which contains many songs used during the era. IN A PERFECT WORLD is presumably scrapped)",,,"After taking to Twitter in May 2025 to ""denounce"" his antisemitism, Ye would go return to being mostly absent from social media/public eye. Around this same time, he and Bianca would admit themselves into a wellness retreat, with Bianca posting a snippet to her Instagram of Ye in his DROAM-ified home, backed by a new song that suggested a possible return/shift to religious themes once again. In late-June, Ye would announce another album name change to ""In A Perfect World"".",,,,
,Sessions,,,,,,,,
IN A PERFECT WORLD,"SHE LOVES YE N JESUS
(ref. Dave Blunts & The WRLDFMS Tony Williams) (prod. Nkenge 1x & ???)
(HITLER YE AND JESUS, HITLER YE JESUS, SHE LOVE YE AND JESUS, YE AND JESUS)","According to el gusto, they own the session for ""SHE LOVES YE N JESUS"" alongside ""10GB"" of related files.",,,,,Rumored,Not Available,
,Studio Stems,,,,,,,,
IN A PERFECT WORLD,"ALL IN LOVE
(ref. The WRLDFMS Tony Williams) (prod. James Blake & ???)","According to el gusto, they own stems for Tony Williams' version of ""ALL IN LOVE"".",,,,,Rumored,Not Available,
IN A PERFECT WORLD,"NITROUS
(ref. ???) (feat. FROMDABUNKA & The WRLDFMS Tony Williams) (prod. FROMDABUNKA & Nkenge 1x)","According to el gusto, they own the stems for Nkenge 1x's rework of ""NITROUS"".",,,,,Rumored,Not Available,
IN A PERFECT WORLD,"SHE LOVES YE N JESUS
(ref. Dave Blunts & The WRLDFMS Tony Williams) (prod. Nkenge 1x & ???)
(HITLER YE AND JESUS, HITLER YE JESUS, SHE LOVE YE AND JESUS, YE AND JESUS)","According to el gusto, they own stems for ""SHE LOVES YE N JESUS"" alongside ""10GB"" of related files.",,,,,Rumored,Not Available,
,Acapellas,,,,,,,,
IN A PERFECT WORLD,WEDDINGS,"OG Filename: Weddings ye vox 85bpm
Acapella for a version of ""WEDDINGS"" with Ye AI vocals over Hassan Khaffaf's reference. Has a slower BPM than other versions, and is oddly AI extracted.",,"Mar 27, 2026",0:46,85,OG File,CD Quality,https://imgur.gg/f/KimFK8u
,Instrumentals,,,,,,,,
IN A PERFECT WORLD,"BULLETPROOF
(prod. OLYEVNS)
(BULLETS)","OG Filename: BULLETPROOF ALT 4 V5 [INST]
Another OLYEVNS-produced version, replacing the ""Bulletproof"" sample with isolated vocals from Pentatonix's cover of ""Mary, Did You Know?"". Was uploaded to OLYEVNS' website Sudeo on November 15th, 2025, and found on January 15th, 2026.",,"Jan 15, 2026",2:36,,Full,CD Quality,https://imgur.gg/f/wCDGwWU
IN A PERFECT WORLD,"DAMN
(prod. Kanye West, Hassan Khaffaf & ???)
(WAY I AM)","Short instrumental version that adds back production from earlier Hassan Khaffaf versions. Snippet leaked May 24th, 2026.",,"Jun 4, 2026",0:41,94,Full,CD Quality,https://imgur.gg/f/IefSNAz
IN A PERFECT WORLD,"MAKE THEM SEE
(prod. Hassan Khaffaf & OLYEVNS)","OG Filenames: OLYEVNS.HASS.YE.MakeThemSee.V8.nointvox &
MAKE THEM SEE V8 [INST]
Instrumental found on OLYEVNS' site Sudeo. Unknown if a version with vocals exists. Was uploaded to OLYEVNS' website Sudeo on February 1st, 2026.",,"Feb 6, 2026",4:00,,OG File,CD Quality,https://imgur.gg/f/aYuJBhA
IN A PERFECT WORLD,"SOLITUDE
(prod. Hassan Khaffaf & OLYEVNS)
(PEACE)","OG Filename: SOLITUDE V1 [INST]
Beat later reused for ""PEACE"" by Hassan Khaffaf. Was uploaded to OLYEVNS' website Sudeo on July 3rd, 2025, and found on January 15th, 2026.",,"Jan 15, 2026",3:23,112,Full,CD Quality,
IN A PERFECT WORLD,"Chief Keef & Mustard - Shake Dat
(prod. Mustard, GYLTTRYP & Mr. Collipark)
(Shake Sum, Jam 15)","Instrumental for the released verison of ""Shake Dat"".",,"Aug 28, 2025",1:40,,Full,CD Quality,
IN A PERFECT WORLD,"FROMDABUNKA - DIRTY MAGAZINE
(prod. FROMDABUNKA)
(DIRTY MAGAZINES)","OG Filename: Dirty Magazine 11.24.25
Updated instrumental uploaded to FROMDABUNKA's current SoundCloud account. Replaces the organ intro with a new synth preset and adds a vocal sample. Was deleted after being reposted to YZYCORD.","Nov 24, 2025","Nov 24, 2025",2:12,156,Full,High Quality,https://imgur.gg/f/dIExK0j
,BULLY [V2],"(03/18/2025) (Ye leaks the BULLY visual albums and says he will record over the AI)
(03/28/2026) (BULLY releases)
(06/19/2026) (BULLY - DELUXE officialy releases)",,,"After leaking the BULLY V1 visual albums on Twitter, Ye would promise to record over all the album's AI vocals. Throughout 2025, Ye would continue working on the album while teasing numerous release dates that would come and go. On June 20th, 2025, three singles would drop for the album, alongside two more dropping the following week; only one of these songs did not contain AI, being the previously unheard ""DAMN"". Later in 2025 into early 2026, YEEZY and its associates would repeatedly claim the album was now fully recorded, and that no AI would be used on its release. The album would finally drop on March 28th, 2026 with YEEZY only being partially truthful as some songs still contained AI, most prominent on the second half of the album.",,,,
,Sessions,,,,,,,,
BULLY [V2],"FATHER
(prod. Kanye West, Travis Scott, Che Pope & Jahaan Sweet)","OG Filename: ye2
Pro Tools session for ""FATHER"", shown in a video of a studio session posted April 1st, 2026.","Nov 11, 2025",,,107,Confirmed,Not Available,N/A
,Acapellas,,,,,,,,
BULLY [V2],"PREACHER MAN
(ref. Quentin Miller)","Acapella for the updated mix from November 13th, 2025. Found on DIGTRACKS.",,"Dec 3, 2025",3:01,80,Full,CD Quality,
BULLY [V2],"MELROSE
(ref. Ty Dolla $ign)","Acapella for a version of ""MELROSE"" with AI over Ty's vocals. Given to PRODYSGROUP for use on his version.",,,,,Confirmed,Not Available,N/A
,Instrumentals,,,,,,,,
BULLY [V2],"DAMN
(prod. OLYEVNS)","OG Filename: DAMN ALT 2 V9 [INST]
Replaces the Nina Simone sample with an AI-generated vocal chop. Has drums partially reused from solo Hassan Khaffaf versions of ""DAMN"". Was uploaded to OLYEVNS' website Sudeo on November 7th, 2025, and found on January 15th, 2026.",,"Jan 15, 2026",2:12,94,Full,CD Quality,https://imgur.gg/f/qL8wWwI
BULLY [V2],"KING
(prod. Kanye West, André Troutman, Che Pope, Just Da 1, Sheffmade & The Legendary Traxster)","Instrumental for the released version of ""KING"". Was used as the backing track during Ye's shows at SoFi Stadium.",,,2:06,,Confirmed,Not Available,N/A
BULLY [V2],"PREACHER MAN
(prod. Kanye West)","Instrumental for the updated mix from November 13th, 2025. Found on several DJ websites.",,"Dec 3, 2025",3:01,80,Full,CD Quality,
BULLY [V2],"Nico Baran - ???
(prod. Nico Baran)
(DON'T YOU, OK)","Original instrumental for the Ye x Don Toliver song played during the SoFi afterparty. Posted to Nico Baran's Instagram March 21st, 2026, as a ""new idea"".",,"Mar 21, 2026",,,Snippet,High Quality,N/A