Era,Name,Notes,Track Length,"Origin
Date","Leak
Date",Type,Portion,Quality,Link(s)
"4 Full
0 Tagged
0 Partial
0 Snippet(s)
0 OG File(s)
0 Stem Bounce(s)
5 Unavailable",Before Illmatic,"(09/14/1973) (Nasir bin Olu Dara Jones is born in New York City)
(05/??/1991) (Nas records his ""Live At The Barbeque"" verse)",,,,"As a teenager, Nas wanted to pursue a career as a rapper and enlisted his best friend and neighbor, Willy ""Ill Will"" Graham, as his DJ. Nas initially went by the nickname ""Kid Wave"" before adopting the alias ""Nasty Nas"". At the age of fifteen, he met producer Large Professor from Flushing, Queens, who introduced him to his group Main Source.",,,
Before Illmatic,"550 Farenheit
(prod. Large Professor)","A demo said to exist by Large Professor in an interview with Vlad TV. Was recorded before ""Live At The Barbeque"".",?:??,,,Demo,Confirmed,Not Available,https://youtu.be/rpVE64hvlMc?list=PLBheknWRcKsj3oIGIwe6KJ5KJjPjEwrdt&t=200
Before Illmatic,"Lunchroom Battle
(feat. Akinyele)"," Leaked on the unofficial ""The Freestyles (Vol. 2)"" compilation.",6:33,,,Throwaway,Full,Abysmal,https://pillows.su/f/6426d77069cf2b39435443ce430d8f4b
Before Illmatic,✨ Just Another Day In The Projects,"Pre-Illmatic era track that was included on Nas' two-track demo tape. Lyrics from the first verse were later re-used for the second verse of ""N.Y. State Of Mind"".",3:12,,,Throwaway,Full,Low Quality,https://pillows.su/f/738b82f3e69b526b26d75bf991b52bbe
Before Illmatic,"Lyrically Ill
(prod. Large Professor)","DJ Mike Nice mentioned that the first demo Nas recorded with Large Professor was titled ""Lyrically Ill"".",?:??,,,Demo,Confirmed,Not Available,https://djstepone.blogspot.com/2011/12/king-of-da-crates-dj-mike-nice.html
Before Illmatic,"⭐ Nas Will Prevail [V1]
(prod. Large Professor)
(It Ain't Hard To Tell)",Recorded in Large Professor's apartment. Has a completely different instrumental compared to the released version. Was included on Nas' two-track demo tape.,4:55,1991,,OG,Full,Low Quality,https://pillows.su/f/2f7158e63addfa623f2f7854ac78aad3
Before Illmatic,"Number One With A Bullet
(feat. Kool G. Rap & Whiteboy) (prod. Large Professor)","This track was ""a byproduct of unconsummated business flirtations with Cold Chillin’ [Records]"" according to MC Serch, the executive producer of 'Illmatic'.",4:14,,,Throwaway,Full,Low Quality,https://pillows.su/f/dec1fb909b8c86967820e8d03a560d6d
Before Illmatic,"The Bitch Hunters Club
(feat. Kool G Rap & Akinyele)","DJ Mike Nice mentioned that he was trying to track down a song with Nas, Kool G Rap and Akinyele titled ""The Bitch Hunters Club"".",?:??,,,Throwaway,Confirmed,Not Available,https://djstepone.blogspot.com/2011/12/king-of-da-crates-dj-mike-nice.html
Before Illmatic,"Top Choices Of Female Persuasion
(prod. Large Professor)","A demo said to exist by Large Professor in an interview with Vlad TV. Was recorded before ""Live At The Barbeque"".",?:??,,,Demo,Confirmed,Not Available,https://youtu.be/rpVE64hvlMc?list=PLBheknWRcKsj3oIGIwe6KJ5KJjPjEwrdt&t=200
Before Illmatic,Unknown [Large Professor Collaborations],"According to Large Professor, he and Nas had various tapes of material recorded before ""Live At The Barbeque"".",N/A,,,Unknown,Confirmed,Not Available,https://youtu.be/rpVE64hvlMc?list=PLBheknWRcKsj3oIGIwe6KJ5KJjPjEwrdt&t=200
"3 Full
1 Tagged
0 Partial
3 Snippet(s)
0 OG File(s)
0 Stem Bounce(s)
7 Unavailable",Illmatic,"(05/??/1991) (Nas records his ""Live At The Barbeque"" verse)
(04/19/1994) (Illmatic officially releases)",,,,"Following his show-stealing debut in 1991 on Main Source’s track “Live at the Barbeque,” Nas delivered his debut album Illmatic to high praise in 1994. The title was derived from a Queensbridge individual named Illmatic Ice, with “illmatic” being an adjective used to describe something extraordinary. Illmatic had an all-star lineup of East Coast producers; Large Professor, DJ Premier, Pete Rock, Q-Tip, and L.E.S. to provide the boom bap backdrop for Nas to display his “N.Y. State of Mind.” At 20 years old, Nas was praised for his storytelling and flow as he talked about life growing up in the Queensbridge projects.",,,
Illmatic,"Everything Is Real
(feat. Shapelle)","Throwaway recorded in 1992. Unknown if it was intended for Illmatic, nor who ""Shapelle"" is.",2:16,1992,,Throwaway,Full,High Quality,https://pillows.su/f/a1a77097fbff4f3ff673da4b72e40fa1
Illmatic,"✨ Life's A Bitch [V1]
(feat. AZ) (prod. L.E.S.)","Freestyled demo, has almost completely different lyrics except for the ""Life's a bitch and then you die"" part of the hook being rapped once by AZ. Leaked on The Wake Up Show and is thus tagged by Sway halfway in.",2:14,,,Demo,Tagged,High Quality,https://pillows.su/f/91f4f3a9601bb93dcb1537cff25b0baa
Illmatic,"Life's A Bitch [V2]
(feat. AZ) (prod. L.E.S.)",The sax part from Olu Dara wasn't originally on the song.,?:??,,,OG,Confirmed,Not Available,https://web.archive.org/web/20121231025622/http://www.rollingstone.com/music/news/nas-greatest-hits-a-track-by-track-journey-with-the-pride-of-queens-20071106
Illmatic,"Memory Lane (Sittin' In Da Park) (Remix)
(prod. DJ Premier)","Remix of ""Memory Lane"" with a different main sample, made by DJ Premier for other DJs sometime after the album version. Often mistaken for being the ""demo version"" of Memory Lane.",3:23,,,Remix,Full,High Quality,https://pillows.su/f/8d24ac34212d4f5fa55ebc3c8961b660
Illmatic,"Number Man
(prod. Large Professor)",Snippet of an Illmatic era throwaway.,?:??,1992,,Throwaway,Snippet,Low Quality,https://pillows.su/f/851241f3dc18b07898dcc09b51ac9ee6
Illmatic,"On The Ave
(prod. Large Professor)",Seen on a cassette tape.,?:??,"Jul 30, 1992",,Throwaway,Confirmed,Not Available,https://www.youtube.com/watch?v=7CP2HZjMm9E&t=50s&ab_channel=jensyao5
Illmatic,"Representin' [V1]
(prod. DJ Premier)
(Represent)","Original version of ""Represent"" set over a more jazzy instrumental. A version of this with a slightly higher pitch and a slightly different mix was released as a 7"" single by Columbia in 2023 as the ""Original Demo Mix"". Previewed by DJ Premier on his YouTube channel when talking about the song's creation.",~3:55,,"Sep 7, 2021",OG,Snippet,CD Quality,"So Wassup? Episode 6 | Nas ""Represent"""
Illmatic,"Represent [V2-?]
(prod. DJ Premier)
(Representin')","According to Faith Newman, the Columbia exec who signed Nas, he and DJ Premier did ""I don't know how many different versions"" of ""Represent"".",?:??,,,OG,Confirmed,Not Available,https://www.npr.org/sections/therecord/2014/05/01/307768813/faith-newman-who-is-this-kid-and-i-signed-him
Illmatic,"The World Is Yours [V1]
(prod. Pete Rock)","Nas originally perfomed the hook on ""The World Is Yours"". He ended up letting Pete Rock do the hook because he was more experienced at laying and producing vocals.",?:??,,,OG,Confirmed,Not Available,https://www.xxlmag.com/feature-nas-the-genesis/
Illmatic,Unknown [Erick Sermon Collaborations],"Erick Sermon revealed in a Complex article that in 1991, he did two songs with Nas. These songs never got released as the rhymes Nas was spitting went over Erick's head. Unfortunately, it's very possible these two songs are lost media or gone forever as Erick mentioned that the studio where they were stored burned down.",N/A,1991,,Throwaway,Confirmed,Not Available,https://www.complex.com/music/a/daniel-isenberg/erick-sermon-tells-all-the-stories-behind-his-classic-records-part-2
Illmatic,"Busta Rhymes - ??? [V1]
(prod. Large Professor)
(Halftime)","According to Large Professor, Busta Rhymes wanted the ""Halftime"" beat before it was given to Nas, and he even wrote to it. It's unclear if he ever actually recorded, but usually in interviews when insiders are talking about artists recording they'll say they ""wrote to it"".",?:??,1992,,OG,Rumored,Not Available,https://www.complex.com/music/a/daniel-isenberg/large-professor-tells-all-the-stories-behind-his-classic-records-part-i?_gl=1*12cfsxb*_up*MQ..*_ga*MTcxNzQ5NzIwOC4xNzY2ODU1MjI4*_ga_HDH2HK2V51*czE3NjY4NTUyMjckbzEkZzAkdDE3NjY4NTUyMjckajYwJGwwJGgw*_ga_8SGXGR7JYH*czE3NjY4NTUyMjckbzEkZzAkdDE3NjY4NTUyMjckajYwJGwwJGgw
Illmatic,"MC Serch - Back To The Grill [V1]
(feat. Chubb Rock & Red Hot Lover Tone) (prod. T-Ray & MC Serch)","In an April 2014 interview with NPR, Nas revealed that Back To The Gril already had Chubb Rock and Red Hot Lover Tone on it before he recorded for it.",?:??,,,OG,Confirmed,Not Available,https://www.npr.org/sections/microphonecheck/2014/04/23/305629896/nas-im-still-charged-20-years-after-illmatic
Illmatic,"The Notorious B.I.G. - House Of Pain [V1]
(feat. 2Pac & Stretch) (prod. Jesse West)
(Living In Pain)","Original version of ""House Of Pain"", likely made in November 1993 during the 'Ready To Die' sessions with 2Pac.",N/A,Nov 1993,,OG,Full,Not Available,LINK NEEDED
Illmatic,"The Notorious B.I.G. - House Of Pain [V2]
(feat. 2Pac & Stretch) (prod. Jesse West)
(Living In Pain)",Has a slightly different beat.,?:??,,,OG,Snippet,Recording,https://pillows.su/f/34f9e4f7bbdb6622fb3e27a29bf4542a
"11 Full
2 Tagged
0 Partial
2 Snippet(s)
0 OG File(s)
0 Stem Bounce(s)
12 Unavailable",It Was Written,"(04/19/1994) (Illmatic officially releases)
(07/02/1996) (It Was Written officially releases)",,,,"Following his 1994 debut album Illmatic, Nas returned two years later with his highly anticipated sophomore album It Was Written. Despite the praise, Illmatic slowly reached platinum status as Nas watched fellow New Yorker The Notorious B.I.G. gain bigger success the same year with his debut Ready To Die a balance of hardcore rhymes and a commercial sound courtesy of producer Puff Daddy. Manager Steve Stoute and production duo The Trackmasters were brought in to try and help Nas with that balance, but the more commercial sound and Nas introducing himself with the mafioso persona Nas Escobar led to criticism at the time",,,
It Was Written,"✨ Analyze This [V1]
(feat. JAŸ-Z & Lord Tariq) (prod. Pete Rock)
(No Love Lost)","Was recorded for Nas' second album It Was Written, with it intending to release on the UK, European, & Canadian standard editions of the album (as well as on the US Cassette version of the album), but plans fell through, and the track was replaced with 'Silent Murder'. Also features a verse from NY rapper Lord Tariq (formerly of rap duo Lord Tariq & Peter Gunz). Was eventually given to Shaq for his album ""You Can't Stop The Reign""",3:48,,,OG,Full,High Quality,https://pillows.su/f/a7e49ea5bfba5d8e32c4e5eda16b83b3
It Was Written,Black Velvet,"According to Chris Winston, the producer of ""Deja Vu"", Nas was working on something he thinks was called ""Black Velvet"" the first time that they met. Nothing else is known.",?:??,1994,,Unknown,Rumored,Not Available,https://thebridge94.blogspot.com/2009/09/through-lights-camera-and-action.html
It Was Written,"⭐ Deja Vu
(prod. Chris Winston)","Track recorded during the 'It Was Written' sessions about the lethal, never-ending cycle of the thug lifestyle. Nas' first verse was later re-used on ""Verbal Intercourse"" by Raekwon, and is often heralded as one of the best verses of all time. Sometimes said to be recorded before ""Illmatic"", but this is very likely not true as the timeline doesn't add up. Likely recorded around 1994, as ""Verbal Intercourse"" was recorded that year. Vinyl rip. Considered as one of the best Nas leaks.",4:26,1994,,Throwaway,Full,High Quality,https://pillows.su/f/e51fc7c561a4de95625b4294796774d5
It Was Written,"East Coast/West Coast Killas [V1]
(perf. RBX & Nas) (prod. Dr. Dre & Stu-B-Doo)","In 1996, in the same session as ""Nas Is Coming"", Dre recorded the first version of EC/WC Killas with only RBX and Nas rapping on it.",?:??,1996,,Demo,Confirmed,Not Available,https://imgur.com/a/3ZSsx82
It Was Written,"East Coast/West Coast Killas [V2]
(perf. RBX, Nas & B-Real) (prod. Dr. Dre & Stu-B-Doo)","After RBX and Nas recorded, Dre called B-Real and got his verse days later.",?:??,1996,,Demo,Confirmed,Not Available,https://imgur.com/a/3ZSsx82
It Was Written,"East Coast/West Coast Killas [V3]
(perf. Group Therapy) (prod. Dr. Dre & Stu-B-Doo)","Uncensored Nas verse. (""I be the twelve Jews that strap arms""). Played in a MTV report from 1996.",?:??,1996,,OG,Snippet,Recording,https://pillows.su/f/fba39a26d33f931de86bfc6465678630
It Was Written,"🥇 If I Ruled The World (Imagine That) [V1-3]
(feat. Ms. Lauryn Hill) (prod. Trackmasters & Rashad Smith)","According to Poke of Poke And Tone, Nas did ""three or four"" different verses over for ""If I Ruled The World"", so we'll say he did four.",?:??,,,OG,Confirmed,Not Available,https://www.complex.com/music/a/insanulahmed/nas-the-making-of-it-was-written
It Was Written,"If I Ruled The World (Imagine That) [V?-V30]
(feat. Ms. Lauryn Hill) (prod. Trackmasters & Rashad Smith)",Steve Stoute said that the song got mixed 30 times.,?:??,,,OG,Confirmed,Not Available,
It Was Written,"🥇 Lady Cop Sucking A Thug's Dick
(prod. L.E.S.)
(Lady Cop)","According to N.O.R.E. on Nas' Drink Champs interview, the first time he met Nas after the release of 'It Was Written', he was playing a song that had the chorus “It was a lady cop sucking a thug’s dick, it was some thug shit, some bugged shit.” and that it reminded him of Lil Wayne's song ""Mrs. Officer"". Nas confirmed this in the interview. In a resurfaced 2005 interview, L.E.S. mentions the song and claims it was incomplete with only one verse and a hook. He also says that the song was made during the 'It Was Written' sessions, and the beat featured multi-layered guitars and Brethren drums.",?:??,,,Demo,Confirmed,Not Available,"NAS | Drink Champs (FULL EPISODE)
https://www.thefader.com/2005/11/14/i-aint-heard-of-that"
It Was Written,"??? [V1]
(prod. Large Professor)
(Life Is Like A Dice Game)","According to Large Professor, he produced a demo version of ""Life Is Like A Dice Game"" which went under a different title and had a different beat. The beat shared the same sample as ""Get Money"" by Junior M.A.F.I.A.",?:??,1994,,Demo,Confirmed,Not Available,https://www.complex.com/music/a/daniel-isenberg/large-professor-tells-all-the-stories-behind-his-classic-records-part-i
It Was Written,"Life Is Like A Dice Game [V2]
(prod. Easy Mo Bee)","A short throwaway made in the sessions after the release of 'Illmatic'. Was later finished and released in 2021 with new features from Cordae and Freddie Gibbs, with a different beat produced by Hit-Boy. Vinyl rip.",2:39,1994,,OG,Full,Low Quality,https://pillows.su/f/a7c366707b7a6838593db227f9bbfba0
It Was Written,"On The Real [V1]
(prod. Marley Marl)","According to Nas, ""On The Real"" started as an unfinished solo track that was taken and ""appeared as [a promo] on the radio with all kinds of niggas rapping on [it]"". A finished version later released on the 10th anniversary reissue of 'Illmatic'.",?:??,,,Demo,Confirmed,Not Available,https://www.complex.com/music/a/rob-kenner/nas-the-making-of-it-was-written
It Was Written,"Real Niggas
(feat. SE)
(Squeeze)","Snippet was rediscovered back in 2020 and listed as a ""2Pac Diss"" but the song actually leaked back in 2002 on an unofficial compilation titled ""2520 Unduplicated Unreleased Classics, Freestyles & Beats"".",4:20,,,Throwaway,Full,High Quality,https://pillows.su/f/8839535fe90f4b5bc1a86de809358460
It Was Written,"Street Dreams (Remix) [V1]
(feat. Billy Lawrence) (prod. R. Kelly & Trackmasters)
(Sinful Living)","According to Poke of Poke And Tone, they made two different remixes for Street Dreams with the more radio friendly one being the released version. The other remix was more ""underground"" and ""even harder"" than the original. Was included on the ""It Was... Remixed"" bootleg but probably leaked before its inclusion on that.",2:12,1996,,Remix,Full,High Quality,https://pillows.su/f/d62f4771083b78a1cfeb97241969995c
It Was Written,"✨ Take It In Blood [V1]
(prod. Live Squad, Lo Ground & Top General Sounds)
(Take It In Blood Pt. 2)","Original version of Take It In Blood with completely different verses, an outro and a slightly different hook. Seems to have been leaked by DJ Whoo Kid, played on The Stretch Armstrong and Bobbito Show and then was heavily bootlegged, which would explain the DJ drops. Rumored to have been rewritten because the original lyrics were too complex and aggressive.",2:52,,,OG,Tagged,High Quality,https://pillows.su/f/4e72f6db49d001e92854bc76d719db52
It Was Written,"🏆 True Dialect
(prod. Marley Marl)","One of the two songs Nas made with Queensbridge producer Marley Marl in 1994 after the release of Illmatic. Snippet is censored and the full song has never surfaced. Unknown if this was ever finished. Samples ""Easin' In"" by Edwin Starr.",?:??,1994,,Throwaway,Snippet,High Quality,https://pillows.su/f/1a04f5b400f1c81da7e632cecaf7c637
It Was Written,"The Message [V1]
(prod. Trackmasters)","Early version of ""The Message"" that has since been referenced in interviews. Has an intro that samples the movie 'Scarface' and minor instrumental differences.",4:11,,,OG,Full,High Quality,https://pillows.su/f/e89606a23a9b0eae07cde7cfb678a3e8
It Was Written,"✨ Understanding
(feat. AZ) (prod. Large Professor)",It Was Written era throwaway.,3:13,,,Throwaway,Full,High Quality,https://pillows.su/f/950901251596864f7193db689d13ed21
It Was Written,"Watch Dem Niggas [V1]
(prod. Trackmasters)",Nas finished the song before Foxy Brown jumped on it.,?:??,,,OG,Confirmed,Not Available,https://www.complex.com/music/a/rob-kenner/nas-the-making-of-it-was-written
It Was Written,"???
(prod. Chris Winston)","According to Chris Winston, the producer of ""Deja Vu"", he and Nas had made another track a couple months before that one. Nas laid one verse for this track and asked for it to be erased later, but Winston kept the DAT of the track and didn't leak it out of respect.",?:??,,,Throwaway,Confirmed,Not Available,https://thebridge94.blogspot.com/2009/09/through-lights-camera-and-action.html
It Was Written,"Mobb Deep - Eye For An Eye [V1]
(prod. Havoc)
(Eye For A Eye (Your Beef Is Mines))","Has a different Prodigy verse that is also heard on the song ""Take It In Blood"" (unrelated to the Nas track of the same name released around this time) which was an unreleased track from 'The Infamous' sessions that later released on 'The Infamous Mobb Deep'. Completely open aside from the hook and Prodigy's verse. For some reason, the hook vocals and verse vocals overlap for a few bars at the beginning and end of his verse, making it very hard to listen to. Was bounced digitally in 2013 during the making of 'The Infamous Mobb Deep', and this file was later leaked in a mass Box leak from The Engine Room recording studios in NYC in 2026. Technically HQ, but is a horrible tape rip.",5:02,1994,"Mar 14, 2026",Demo,Full,Lossless,https://pillows.su/f/50ba8523f9d558bd642cc81fdab162de
It Was Written,"Mobb Deep - Eye For An Eye [V2]
(prod. Havoc)
(Eye For A Eye (Your Beef Is Mines))","Has an earlier take of Prodigy's verse from the released version over the earlier instrumental. Completely open aside from the hook and Prodigy's verse. Was bounced digitally in 2013 during the making of 'The Infamous Mobb Deep', and this file was later leaked in a mass Box leak from The Engine Room recording studios in NYC in 2026. Technically HQ, but is a horrible tape rip.",5:02,1994,"Mar 14, 2026",Demo,Full,Low Quality,https://pillows.su/f/94f495e80523ba52e41b223cc676a4a1
It Was Written,"Mobb Deep - An Eye For An Eye [V3]
(feat. Nas) (prod. Havoc)
(Eye For A Eye (Your Beef Is Mines))","According to Matt Life, an A&R for Loud Records, Nas did two different verses for the song. Unknown if Rae was on this version, as he has said he recorded after Nas.",?:??,1994,,Demo,Confirmed,Not Available,https://www.complex.com/music/a/insanulahmed/the-making-of-mobb-deep-the-infamous
It Was Written,"🗑️ Mobb Deep - Eye For An Eye [V4]
(feat. Nas & Raekwon) (prod. Havoc)
(Eye For A Eye (Your Beef Is Mines))","Has a completely different Prodigy verse that is also heard on the song ""Lifestyles Of The Infamous"" (which Havoc's verse from this track is also heard on), which was an unreleased track from 'The Infamous' sessions that later released on a reissue of the album. Has an additional Havoc verse as the outro. For some reason, a second verse from Prodigy, which is also heard on the song ""Bloodshed & War"" by Da Youngsta's, overlaps Havoc's first verse. The instrumental is more similar to the released version but retains elements of the original. Has overlapping vocals in some parts (including the overlapping Prodigy and Havoc verses) and atrocious mixing on Nas' verse, making it very hard to listen to. Was bounced digitally in 2013 during the making of 'The Infamous Mobb Deep', and this file was later leaked in a mass Box leak from The Engine Room recording studios in NYC in 2026. Technically HQ, but is a horrible tape rip.",6:22,1994,"Mar 14, 2026",Demo,Full,Low Quality,https://pillows.su/f/0e5bf00556ac7ef4f091072e54b90503
It Was Written,"Mobb Deep - Eye For An Eye [V6]
(feat. Nas & Raekwon) (prod. Havoc)
(Eye For A Eye (Your Beef Is Mines))",Identical to the previous version but has Prodigy's verse from the released version and no overlapping Prodigy vocals during Havoc's first verse.,6:22,1994,"Mar 14, 2026",Demo,Full,Lossless,https://pillows.su/f/c2d24d120663ae55e9dd22f64869f2d7
It Was Written,"Mobb Deep - An Eye For An Eye [V7]
(feat. Nas & Raekwon) (prod. Havoc)
(Eye For A Eye (Your Beef Is Mines))","Later version with the release instrumental but has Prodigy's ""Lifestyles Of The Infamous"" verse.",4:41,1994,,Demo,Tagged,High Quality,https://pillows.su/f/25fbf703dd011088d6ed19a99e455b07
It Was Written,"🏆 Raekwon - ???
(feat. Nas) (prod. RZA)","During Nas' session with Raekwon and RZA working on the 'Only Built 4 Cuban Linx' album, Nas recorded on two tracks. One of these tracks is ""Verbal Intercourse"", which released on the album, and the other has since went unreleased. Recorded around a week after ""Eye For A Eye (Your Beef Is Mines)"".",?:??,1994,,Feature,Confirmed,Not Available,https://www.xxlmag.com/raekwon-the-making-of-only-built-for-cuban-linx/
"8 Full
1 Tagged
0 Partial
3 Snippet(s)
0 OG File(s)
0 Stem Bounce(s)
7 Unavailable","The Album
(Collaboration with Foxy Brown, AZ & Nature as The Firm)","(07/02/1996) (It Was Written officially releases)
(10/21/1997) (The Album officially releases)",,,,Notes about this era.,,,
The Album,"4 In The Mornin' [V1]
(feat. ???) (perf. Nature) (prod. Dr. Dre)
(Five Minutes To Flush)","Original version of ""Five Minutes To Flush"" with a different beat and an unknown feature singing a different chorus.",3:20,1997,,OG,Full,High Quality,https://pillows.su/f/ae428f39d0d1c7d8eb112b29c337d674
The Album,"Five Minutes To Flush [V2 - V?]
(perf. ???)
(4 In The Mornin')","Cassette of hook ideas for ""Five Minutes To Flush"". Owned by Ronnie Rockwell.",?:??,1997,,Demo,Confirmed,Not Available,https://i.imgur.com/lO4EyKZ.png
The Album,"Creep
(perf. AZ) (feat. Ameer) (prod. Dr. Dre)",Full version was posted on YouTube after years of the tagged snippet circulating.,2:04,1997,"May 1, 2024",Throwaway,Full,High Quality,https://pillows.su/f/0f339014e785382a8499c0825b8da04b
The Album,"Desperados [V1]
(perf. AZ, Nature, Nas & Foxy Brown) (feat. Canibus) (prod. Curt Gowdy & Trackmasters)",Original version of Desperados with a Nas verse. Unknown why Nas' verse was removed. File is lost.,6:17,,,OG,Confirmed,Not Available,
The Album,"Everyday Thing [V1]
(ref. Drauma) (perf. Nas & Nature) (prod. Dr. Dre)","A reference track by Drauma for Dr. Dre. Verse was later re-used on the Sam Sneed song ""Blueberries"".",4:23,,,Ref Track,Full,High Quality,https://pillows.su/f/002a2c4984aa0f98de969304e0cb35c3
The Album,"⭐ Everyday Thing [V2]
(feat. Dr. Dre) (perf. Nas & Nature) (prod. Dr. Dre)","Originally rumored to be a 'Detox' era Dr. Dre feature, but was actually a scrapped song for 'The Album'. Both Nature and Nas' verses were later re-used on ""Firm Family"". A version with Terminology replacing Nature was released on ""The Prophecy Volume 2"" in 2005. Samples ""Inside My Love"" by Minnie Riperton.",5:00,,,Throwaway,Full,High Quality,https://pillows.su/f/e0fcd688759460e14169969f1b65555a
The Album,"DJ Clue The Firm Freestyle [V1]
(perf. Nas & Foxy Brown) (prod. E-Swift & Marley Marl)
(Boss Of The Bosses)",Untagged/No DJ.,3:37,,,OG,Full,Low Quality,https://pillows.su/f/837017b4a1eedea77ddd229c170ae5d5
The Album,"Firm Family [V1]
(ref. Drauma) (perf. Nature) (prod. Dr. Dre & Chris ""The Glove"" Taylor)",Drauma wrote Dr. Dre's verse for Firm Family.,?:??,,,Ref Track,Confirmed,Not Available,https://web.archive.org/web/20110208012058/https://www.stocksmcguire.com/
The Album,"Firm Intro
(perf. ???)","Track seen on a demo cassette, dated 9/14/1997. Most likely a version of the released album intro.",?:??,"Sep 14, 1997",,Unknown,Confirmed,Not Available,
The Album,"Fist Fulla Dollars [V1]
(perf. ???)
(Fist Full Of Dollars, Fistfull)","An earlier version of ""Fist Full Of Dollars"", seen on a cassette tape owned by Ronnie Rockwell.",?:??,"Aug 13, 1997",,Demo,Confirmed,Not Available,https://i.imgur.com/bcNTQwF.png
The Album,"Fist Fulla Dollars [V2]
(perf. ???) (prod. Mel-Man)
(Fist Full Of Dollars, Fistfull)"," Version of ""Fistfull Of Dollars"" with production from Mel-Man, seen on a cassette tape owned by Ronnie Rockwell.",?:??,"Aug 14, 1997",,Demo,Confirmed,Not Available,https://i.imgur.com/oUiRt5L.png
The Album,"Fist Full Of Dollars [V3]
(feat. Dr. Dre) (perf. Nature)
(Fist Fulla Dollars, Fistfull)",Dr. Dre and Nature throwaway track recorded during 'The Album' sessions.,3:30,1997,,Throwaway,Full,High Quality,https://pillows.su/f/7a0a61e4d8b011ad38faf8f4d7f89edd
The Album,"Fuck The Police
(perf. Nas & ???) (feat. N.O.R.E.) (prod. Dr. Dre)",A track that was mentioned by Nas & N.O.R.E. in an interview before the release of The Album.,?:??,1997,,Throwaway,Confirmed,Not Available,https://www.youtube.com/watch?v=jVlS8K1OnQA&t=878s
The Album,"La Familia [V1]
(perf. Nas, Cormega, AZ & Foxy Brown) (prod. Trackmasters)",Original version of the song with Cormega.,3:30,1997,,OG,Full,CD Quality,https://pillows.su/f/1526ce773a71460410cf670e8487512f
The Album,"La Familia [V2]
(perf. Nas, Nature, AZ & Foxy Brown) (prod. Trackmasters)",Later version of the song with Nature instead of Cormega.,4:03,1997,,OG,Full,Lossless,https://pillows.su/f/6de9d0e856edc1a4d6fd0b567b5f73bc
The Album,"One Less Bitch
(perf. Foxy Brown & ???) (prod. Dr. Dre)","Remake of N.W.A.'s ""One Less Bitch"" for The Firm's album. A snippet was shared by Ronnie Rockwell.",?:??,1997,,Throwaway,Snippet,High Quality,https://pillows.su/f/e3f8b825757b11918306cd51e6feb5c2
The Album,"Sosa VS. State [V1]
(perf. AZ, Nature & Nas) (prod. Dr. Dre)",Original version of Sosa Vs State with a Nature verse. Later released on The Prophecy Vol. 1 without Nature.,3:05,,,Throwaway,Tagged,High Quality,https://pillows.su/f/5a3e6879975dae2fb5a04df92117106e
The Album,"???
(perf. ???) (feat. Dr. Dre)",Owned by Ronnie Rockwell. Unknown who else is on the song.,?:??,1997,,Throwaway,Snippet,CD Quality,https://pillows.su/f/27b7a1e0823501a3c04c73639204405d
The Album,"???
(perf. ???) (feat. Dr. Dre)",Owned by Ronnie Rockwell. Unknown who else is on the song.,?:??,1997,,Throwaway,Snippet,CD Quality,https://pillows.su/f/a2f8eec43bbef85a3a5dcd269ada2df0
"20 Full
1 Tagged
2 Partial
0 Snippet(s)
0 OG File(s)
0 Stem Bounce(s)
8 Unavailable","I Am...
(I Am... The Autobiography)","(07/02/1996) (It Was Written officially releases)
(10/21/1997) (The Album officially releases)
(02/08/1999) (Thirteen tracks meant for I Am... The Autobiography leak)
(04/06/1999) (I Am... officially releases)",,,,"Following the commercial and critical success of his 1996 sophomore album It Was Written, Nas returned with I Am… on April 6, 1999. Initially, he planned to release the album as a double album with the title I Am… The Autobiography, but the album was released as a single album after a number of the songs were leaked onto the Internet, one of the first albums to be bootlegged in this manner.",,,
I Am...,Afterlife (Interlude),I Am... era throwaway.,0:56,,,Throwaway,Full,High Quality,https://pillows.su/f/978505ac5b75ed05a801198a472257ec
I Am...,⭐ Amongst Kings,I Am... era throwaway.,2:58,,,Throwaway,Full,High Quality,https://pillows.su/f/e5ce3ece70eb7ab262e950fa5b42e827
I Am...,"Blaze A 50 [V1]
(prod. L.E.S.)",The original version of Blaze A 50 with alternative production. Censored for some reason. One of the tracks intended for the original double disc concept of I Am...,2:31,,"Feb 8, 1999",OG,Full,Low Quality,https://pillows.su/f/47ed042fda05ba8d88b2b485f09e290b
I Am...,Day Dreamin' Stay Schemin,I Am... era throwaway. One of the tracks intended for the original double disc concept of I Am...,2:30,,"Feb 8, 1999",Throwaway,Full,High Quality,https://pillows.su/f/215d730199d91325d6187c5e749df5ce
I Am...,"Fetus (Belly Button Window) [V1]
(prod. Trackmasters)
(Fetus)",Has different production compared than the one released on The Lost Tapes. Recorded in the same session as Blaze a 50. One of the tracks intended for the original double disc concept of I Am...,3:25,,"Feb 8, 1999",OG,Full,High Quality,https://pillows.su/f/813f0a56f7c3d4167c881425dfc56472
I Am...,"Grand Finale [V1]
(feat. Method Man, DMX & Ja Rule) (prod. Irv Gotti & Lil Rob)","Has a different Nas verse. Nas' verse was re-used on ""You Made Me"" by Harlem World.",3:42,,,OG,Full,High Quality,https://pillows.su/f/b1c1600aa5d887a12885a9c47f90c833
I Am...,"Kids Have All The Fun
(prod. Kanye West)","An unreleased Kanye produced track with a ""radio-friendly beat, like, a happier sample"" made in 1998 or 1999. According to D-Dot, the track was about growing up and having no responsibilites as a kid. D-Dot also says that he is the only person he knows of that has a copy of the track, so it's extremely unlikely this will ever leak.",?:??,,,Throwaway,Confirmed,Not Available,https://web.archive.org/web/20180306202315/https://massappeal.com/50-cent-many-men-meant-for-nas/
I Am...,"✨ Hardest Thing To Do Is Stay Alive [V1]
(prod. Trackmasters)
(HardestThingToDoIsStayAlive, Hardest Thing 2 Do, You Don't Know Me)",I Am... era throwaway. One of the tracks intended for the original double disc concept of I Am... Beat was later reused during the Stillmatic sessions.,3:50,,"Feb 8, 1999",Throwaway,Full,High Quality,https://pillows.su/f/51deb9368042588c049114a1ba845540
I Am...,"Hate Me Now [V1]
(prod. Pretty Boy, D. Moet & Trackmasters)","Diddy wasn't on the track yet when Nas recorded for it. In an interview with Rolling Stone, Nas said that he wanted Diddy on the song due to his hook on ""Victory"", and wanted him to do ""talk some of his shit on there"". It's likely he did the hook instead of Diddy originally.",?:??,,,Demo,Confirmed,Not Available,https://web.archive.org/web/20121231025622/http://www.rollingstone.com/music/news/nas-greatest-hits-a-track-by-track-journey-with-the-pride-of-queens-20071106
I Am...,✨ High,I Am... era throwaway.,2:36,,,Throwaway,Full,High Quality,https://pillows.su/f/87866bbbfa2fd71566e1c27ec8191276
I Am...,"Poppa Was A Playa [V1]
(prod. Kanye West)","""Poppa Was A Playa"" from 'The Lost Tapes' orginates from the 'I Am...' sessions. Differences unknown, if there are any.",?:??,,,OG,Confirmed,Not Available,N/A
I Am...,"The Game Lives On [V1]
(prod. Trackmasters)
(Project Windows)","Has no Ronald Isley, different vocal takes, an open hook and a more bare instrumental.",2:43,,,Demo,Full,High Quality,https://pillows.su/f/81064b1ba5df715e9756d3f3d7e0d655
I Am...,"Project Windows [V2]
(feat. Ronald Isley) (prod. Trackmasters)
(The Game Lives On)",Has no piano in the intro and a very slightly different instrumental.,5:06,,,OG,Full,High Quality,https://pillows.su/f/abff29d883b5b7ed05fe9d4af829665c
I Am...,"⭐ Sometimes I Wonder
(feat. Nature)",I Am... era throwaway. One of the tracks intended for the original double disc concept of I Am...,4:56,,"Feb 8, 1999",Throwaway,Full,High Quality,https://pillows.su/f/587947877241d3600e1894fbd565d419
I Am...,Tales From The Hood,I Am... era throwaway.,4:45,,,Throwaway,Full,High Quality,https://pillows.su/f/066c3084e04d98b02602b84db07623bc
I Am...,The Curse,"I Am...' era throwaway, said to have come from a snippet tape released by Source Magazine. The verse heard in this was later reused on ""The Saints"" by Killah Priest of Wu-Tang Killa Beez.",?:??,,,Throwaway,Partial,Low Quality,https://pillows.su/f/f3c227489940c5d181c63c9231e28b72
I Am...,"⭐ The Rise And Fall
(prod. Trackmasters)",I Am... era throwaway.,4:03,,,Throwaway,Full,High Quality,https://pillows.su/f/ee80be0650b9568ebc053b0b5d402a72
I Am...,"✨ Queens Style [V1]
(feat. N.O.R.E.) (prod. L.E.S.)
(Triple Threat)",Original version of Triple Threat without Nature.,5:09,,,OG,Full,Low Quality,https://pillows.su/f/ae1d213c4e9fbb1d4f9d765998e52469
I Am...,"✨ Nature - Triple Threat [V2]
(feat. Nas & N.O.R.E.) (prod. L.E.S.)
(Queens Style)",I Am... era throwaway. Was later released on a Nature compilation but sped up. This song was on a promo sampler for Nas and Nature's albums.,4:27,,,Throwaway,Full,Low Quality,https://pillows.su/f/a74a71a1bab1619ad99c52ace2de61b2
I Am...,"You Won't See Me Tonight [V1]
(ref. Missy Elliot) (prod. Timbaland)","Aaliyah's parts on the song were written by Missy Elliot originally, evidenced by writing credits. A reference track likely exists.",?:??,,,Ref Track,Confirmed,Not Available,N/A
I Am...,"Your Mouth Got You in It
(prod. Dame Grease)",I Am... era throwaway.,4:32,,,Throwaway,Full,High Quality,https://pillows.su/f/7eddbaa24b4512887d48efce657bf422
I Am...,When Thugs Die,I Am... era throwaway.,3:49,,,Throwaway,Full,High Quality,https://pillows.su/f/709e9d6957b5e0430fd9184ab6dd2b7c
I Am...,"🥇 ???
(feat. ???) (prod. Kanye West)
(Battle Of The Sexes)","According to D-Dot, one of the four Kanye produced tracks Nas did in the 'I Am...' sessions was on ""a battle of the sexes slant"" and had Nas rapping back and forth with an unknown woman about her cheating on him and him cheating on her, similar to ""We Cry Together"" by Kendrick Lamar.",?:??,,,Throwaway,Confirmed,Not Available,https://web.archive.org/web/20180306202315/https://massappeal.com/50-cent-many-men-meant-for-nas/
I Am...,"???
(prod. Kanye West)","Nas made four Kanye produced tracks during the 'I Am...' sessions. Taking into account ""Poppa Was A Playa"", ""Kids Have All The Fun"" and the back and forth track, there is one track left unaccounted for from this batch.",?:??,,,Throwaway,Confirmed,Not Available,https://web.archive.org/web/20180306202315/https://massappeal.com/50-cent-many-men-meant-for-nas/
I Am...,Unknown [Album Leftovers],"In an article talking about I Am... before it was due to release, it is mentioned that Nas made 60 plus songs for the album.",N/A,,,Throwaway,Confirmed,Not Available,https://imgur.com/a/okvHCNy
I Am...,🥇 Unknown [DJ Premier Collaborations],"In an MTV News article from 1998, DJ Premier is said to have produced several tracks for 'I Am...'. Primo's only credit on the released album is ""Nas Is Like"".",N/A,,,Throwaway,Confirmed,Not Available,https://web.archive.org/web/20021124061555/http://www.mtv.com/news/articles/1432593/19980811/story.jhtml
I Am...,"DJ Clue - Queensfinest [V1]
(feat. Nas) (prod. Self Service)",Untagged.,3:04,,,OG,Full,CD Quality,https://pillows.su/f/c30f0bc7e9ba663e3b206508f562bb8e
I Am...,"Fat Joe - John Blaze [V1]
(feat. Nas, Big Pun, Jadakiss & Raekwon)",Original version of John Blaze with a different Nas verse and a different beat. Has DJ Clue yelling.,4:19,,,OG,Tagged,Low Quality,https://pillows.su/f/c52a2de538cd11fddefa365a5259a082
I Am...,"N.O.R.E. - I Love My Life [V1]
(feat. Nas) (prod. EZ Elpee)","Feature done for N.O.R.E. / Noreaga, however N.O.R.E. released the track without him. He instead used ""Body In The Trunk"", likely choosing that song out of the two songs to be the one that featured Nas on release.",?:??,,,Feature,Partial,High Quality,https://pillows.su/f/363114cd10b4a6c400d35d30b602b9ce
I Am...,"Slick Rick - Me & Nas Bring It To You Hardest [V1]
(feat. Nas) (prod. Trackmasters & Qur’an Goodman)
(Me And Nas Bring It To You The Hardest)","Slightly longer than release but otherwise the same. From the unmastered copy of Slick Rick's album ""The Art of Storytelling"". Recorded in 1998.",2:44,1998,,OG,Full,CD Quality,https://pillows.su/f/9c528215a8769d409f8fae60b271161b
I Am...,"The Notorious B.I.G. - House Of Pain [V3]
(feat. 2Pac, Stretch & Joe Hooker)
(Living In Pain)","Remix of ""House Of Pain"" intended for Biggie's posthumous album 'Born Again'. Found on the advance copy of the album.",4:24,,,OG,Full,Lossless,https://pillows.su/f/564fc821a9dcb3073116db61ace75c54
"1 Full
0 Tagged
0 Partial
0 Snippet(s)
1 OG File(s)
0 Stem Bounce(s)
4 Unavailable",Nastradamus,"(04/06/1999) (I Am... officially releases)
(11/23/1999) (Nastradamus officially releases)",,,,"After dropping I Am… in April 1999, Nas came right back with Nastradamus seven months later. Despite heavy criticism of the album’s production, the album still went on to achieve platinum status with support from the singles “Nastradamus” and the Timbaland-produced “You Owe Me” featuring Ginuwine. The title track was significant as the line “You wanna ball ‘til you fall, I can help you with that” was seen as a shot at Roc-a-Fella Records artist Memphis Bleek by referencing the chorus of his single “What You Think of That.” This helped spark the battle between Nas and JAY-Z in the following years.",,,
Nastradamus,My Way [V1],"""My Way"" was originally freestyled on Nas' birthday in 1999. Had no hook at this point. Was recieved by Doo Wop on the same demo tape/CD as ""Project Windows"" [V2]. The existence of this version of the track is confusing, as Alchemist has said that he and Nas recorded the track in 2001 during the 'Stillmatic' sessions, but it's likely Nas just re-recorded the song over the Alc beat as he wasn't present for the actual recording and Nas is known to re-use material.",?:??,"Sep 14, 1999",,Demo,Confirmed,Not Available,https://www.levelman.com/nas-the-lost-tapes-oral-history/
Nastradamus,"You Owe Me [V1]
(ref. Static Major) (prod. Timbaland)",Static Major has writing credits so he likely did all of Ginuwine's parts originally. Unknown if Nas is on this version.,?:??,,,Demo,Confirmed,Not Available,N/A
Nastradamus,"???
(prod. Dame Grease)","Dame Grease said in a interview that he gave a lot of beats to Nas and that all of them ending up being used but 1 song they recorded went unreleased. Could possibly be ""Amongst Kings"" as it does kind of sound like Dame Grease production and the producer isn't known. There is also a voice at the end of the song that could be Dame or Large Professer.",?:??,,,Throwaway,Confirmed,Not Available,https://www.youtube.com/watch?v=_d_1it_rRrA
Nastradamus,Unknown [Queensborough Album Tracks],"In December 1999, 50 Cent revealed in an interview that he was going to be on a QB album that was supposed to come out in Feburary 2000. This album was supposed to feature 50, Nas, Capone-N-Noreaga, Mobb Deep, The Bravehearts, Nashawn and ""other Queens MC's"". Who U Rep was likely for this project. This project never came out as it was scrapped in favor of ""Nas & Ill Will Records Presents QB's Finest"".",N/A,,,Throwaway,Confirmed,Not Available,https://youtu.be/wxXudD9PUqA?is=2HC7jnmNia_H8L1N
Nastradamus,"Mobb Deep - U.S.A (Aiight Then) [V1]
(feat. Nas) (prod. Epitome, Shamello & Buddah)","OG Filename: DAT 35 TRK 10 Aiight Then ft Nas
Nas was originally on U.S.A. but was removed for unknown reasons.",4:31,,"Mar 14, 2026",OG,OG File,Lossless,https://pillows.su/f/190506d6a44973c34a997aa6b81aabe2
Nastradamus,"The Notorious B.I.G. - I Really Want to Show You [V1]
(feat. K-Ci & JoJo & Nas) (prod. Andreao “Fanatic” Heard)","20 seconds longer than release. Found on the promo copy of ""Born Again"".",5:24,,,OG,Full,Lossless,https://pillows.su/f/4a8b3ff6f06cd3f13b76b36663d6aa09
"12 Full
1 Tagged
2 Partial
1 Snippet(s)
0 OG File(s)
0 Stem Bounce(s)
21 Unavailable","Stillmatic
(Stillmatic 2001, The Death Of Escobar, Nastalgic)","(11/23/1999) (Nastradamus officially releases)
(Mid 2001) (Stillmatic begins recording)
(12/18/2001) (Stillmatic officially releases)",,,,"After receiving mixed reviews for his two 1999 albums, I Am… and Nastradamus, as well as receiving a jab from JAŸ-Z on “Takeover,” Nas wanted to make a statement that he was “still illmatic” with the release of his fifth album, Stillmatic. Nas responded to “Takeover” with the soul-burning “Ether,” which has now become a verb in hip-hop circles. He also re-connected with producer Large Professor, who gave Nas his first feature on Main Source’s “Live at the Barbeque” in 1991 and produced tracks on Illmatic",,,
Stillmatic,"Da Bridge 2001 [V1]
(feat. Mobb Deep, Cormega, Tragedy Khadafi, Capone, Nashawn, Nature & MC Shan)",Cormega's verse on the song was orignally 16 bars long.,?:??,,,OG,Confirmed,Not Available,https://escobar300.wordpress.com/2013/01/19/throwback-cormega-and-prodigy-interview-going-at-nas-and-jayz/
Stillmatic,"Da Bridge 2001 [V2]
(feat. Mobb Deep, Cormega, Tragedy Khadafi, Capone, Nashawn, Nature & MC Shan)",Has an alternate Nas verse. Likely comes after the V1 but that's not confirmed.,?:??,,,OG,Snippet,High Quality,https://pillows.su/f/120668a991046253a8c1467bce2edaa8
Stillmatic,"🏆 Ether [V1]
(prod. Swizz Beatz)","According to Large Professor, the original version of ""Ether"" was produced by Swizz Beatz and had a much faster and noisier sound to it. Contains harder disses toward JAŸ-Z as well as Dame Dash, with one lyric being:

""Rest in peace, Aaliyah, I love you
Instead of you in that plane crash it should've been Dame Dash"".",?:??,2001,,OG,Confirmed,Not Available,Large Professor: Nas' Original 'Ether' Had Aaliyah Plane Crash Diss Aimed at Jay Z & Dame (Part 8)
Stillmatic,"Ether [V2]
(prod. Ron Browz)","According to Steve Stout, there was a version of ""Ether"" with the Ron Browz beat that was ""terrible"".",?:??,2001,,OG,Confirmed,Not Available,Steve Stoute | Drink Champs (Full Episode)
Stillmatic,"Every Ghetto [V1]
(prod. L.E.S.)","Seen on the 'Stillmatic' tracklist posted by BET. Blitz The Ambassador isn't credited as a feature, meaning he likely wasn't on the song yet (seeing as features were not omitted from the tracklist).",?:??,,,OG,Confirmed,Not Available,
Stillmatic,"Everybody's Crazy [V1-?]
(prod. Rockwilder)","According to Nas, he wrote to the ""Everybody's Crazy"" instrumental for months as he loved the beat but couldn't get the vocals right. This likely means there are various different versions of the song.",?:??,,,OG,Confirmed,Not Available,https://www.levelman.com/nas-the-lost-tapes-oral-history/
Stillmatic,Keeping It Gully,Unreleased Stillmatic song apparently name-dropped by Nas in a radio interview.,?:??,,,OG,Confirmed,Not Available,https://youtu.be/Vc6Vjrwzc4s?si=6s7ecT83wCCPnL_M&t=1866
Stillmatic,"🏆 L.I.F.E.S.T.Y.L.E.
(with Ghostface Killah & Raekwon)","According to hiphopsite.com, Nas recorded a song with Raekwon and Ghostface Killah around November 2001 that was possibly meant for 'Stillmatic'. Hiphopsite is usually very accurate, but there is no confirmation the track is real, so it is only going under rumored.",?:??,Nov 2001,,Throwaway,Rumored,Not Available,https://web.archive.org/web/20011202101246/http://www.hiphopsite.com/spotlight/frame.html
Stillmatic,"🏆 Memories [V2]
(prod. Kanye West)
(You Don't Know My Name)","Given to Nas after not making the cut for 'The Blueprint'. The track is about Nas reminiscing and has a ""sing-songy hook to it"". Was cut from 'Stillmatic' due to Nas not thinking it suited the album's vibe, and possibly due to Kanye's connections with JAŸ-Z. Recorded in the same session as ""Destroy & Rebuild"".",?:??,2001,,OG,Confirmed,Not Available,https://web.archive.org/web/20180306202315/https://massappeal.com/50-cent-many-men-meant-for-nas/
Stillmatic,"My Country [V1]
(prod. Lofey)","Seen on the 'Stillmatic' tracklist posted by BET. Millenium Thug isn't credited as a feature, meaning he likely wasn't on the song yet (seeing as features were not omitted from the tracklist).",?:??,,,OG,Confirmed,Not Available,"https://web.archive.org/web/20011118112430/http://www.bet.com/articles/0,1048,c2gb761-1404,00.html"
Stillmatic,"⭐ My Worst Enemy
(prod. Infinite Arkatechz)","One of 5 songs Nas made with Infinite Arkatechz shortly after meeting them at Raekwon's ""Immobilarity"" listening party.",4:07,,,Throwaway,Full,High Quality,https://pillows.su/f/92b25c046c1e4093c9157a96ac97c83e
Stillmatic,"Never Gonna Give It Up
(prod. AI West)",Stillmatic era throwaway.,3:51,,,Throwaway,Full,High Quality,https://pillows.su/f/c867c7ef4ed5abd79d8beee54613bf5e
Stillmatic,"Never Too Late [V1]
(feat. Nashawn & Bravehearts)","Throwaway possibly made for QB's Finest. Nas' verse was later released as ""Too Late"" on The Alchemist's mixtape ""The Cutting Room Floor 3"".",3:58,,,OG,Tagged,High Quality,https://pillows.su/f/ac866b54e4090ded57859a34cf195183
Stillmatic,"Projects 2 Hot [V1]
(feat. Nature & 50 Cent) (prod. Chop Diesel)
(Too Hot, 2 Hott)","Longer outro version of 'Too Hot' that was likely intented for ""The Death of Escobar"" as it was seen on a tracklist for it. Likely the original version of the song before it was put on 50 Cent's mixtape ""Guess Who's Back?"" which released in April 2002.",4:21,,,OG,Full,High Quality,https://pillows.su/f/4e1d3687bed3cf0797c6a6537b9f4e61
Stillmatic,"Rule [V1]
(prod. Trackmasters)
(Everybody Wants To Rule The World)",Nas invited Amerie to the studio to write and record a hook for Rule. This means a version of the song existed without her on it.,?:??,,,Demo,Confirmed,Not Available,https://web.archive.org/web/20021015154005/http://www.mtv.com/news/articles/1453843/20020508/nas.jhtml
Stillmatic,"Rule [V2]
(feat. Amerie) (prod. Trackmasters)
(Everybody Wants To Rule The World)","Has a completely different and significantly longer drum break intro, a completely different outro that ends in a drum break (rather than Nas speaking), a lot more intro vocals, more ad-libs, a few more beat-drops, and a longer post-chorus.",6:10,,"Oct 16, 2014",OG,Full,High Quality,https://pillows.su/f/e65bb74d4a9fefe11ce6213526a147a4
Stillmatic,"Seeds Of Heaven 
(prod. Infinite Arkatechz)
(The Blackness)","One of 5 songs Nas made with Infinite Arkatechz shortly after meeting them at Raekwon's ""Immobilarity"" listening party.",3:49,,,Throwaway,Full,High Quality,https://pillows.su/f/83fef8bc8e36a1dc1d438d094ae639d2
Stillmatic,"✨ Stay Chisel [V1]
(prod. Large Professor)
(Stay Chiseled)",Original version of the song with no LP verse and 2 extra Nas verses. This song may have caused Nas and Large Professor to fall out due to him removing 2 of Nas verses and rapping on it himself. The other Nas verses are either unmixed or the leaker mashed together the original song with the released one.,4:10,,"Jun 23, 2010",OG,Full,High Quality,https://pillows.su/f/c2b89c8ea76f4e47ce13de3d7819c24d
Stillmatic,"Salute Me (The General) (Remix) [V1]
(feat. Fat Joe, Cassidy & Jadakiss) (prod. Swizz Beatz)","Jadakiss was originally reported to be on the remix however, when the song released he was not on it.",?:??,,,Remix,Confirmed,Not Available,https://web.archive.org/web/20041105131133/http://www.mtv.com/news/articles/1452795/03072002/swizz_beats.jhtml
Stillmatic,"The Flyest Pt 2
(feat. Bravehearts) (prod. L.E.S.)",Stillmatic era throwaway.,3:41,,,Throwaway,Full,High Quality,https://pillows.su/f/f5bc2856d0036863dd75b3c033a906b3
Stillmatic,"You Can't Stop Me
(prod. Kanye West)","Another track produced by Kanye, likely made in 2001. Said to ""[use] singing samples but it's real bouncy"".",?:??,,,Throwaway,Confirmed,Not Available,https://web.archive.org/web/20141207130631/http://www.mtv.com/news/1444701/JAŸ-Z-beatsmith-kanye-west-doesnt-sweat-lil-romeo-comparison/
Stillmatic,"⭐ You Don't Know [V2]
(feat. Kelis) (prod. Trackmasters)
(Hardest Thing To Do Is Stay Alive, Hardest Thing 2 Do)","Stillmatic era throwaway. Uses the same beat as ""The Hardest Thing to Do is Stay Alive"".",4:30,,,Throwaway,Full,High Quality,https://pillows.su/f/c347c15b974ebbd5e8690b4ab00b0545
Stillmatic,"🥇 You're Da Man [V1]
(prod. Large Professor)","This was on Youtube at one point but the channel got terminated, the one on YouTube currently is a edit that uses the snippet so the full version is lost. The acapella to this version was released on the clean Stillmatic acapella album. The version linked is seemingly a mixtape edit.",?:??,,,OG,Partial,High Quality,https://pillows.su/f/786dd0dd59eb0eebc85842a7cafd8a4c
Stillmatic,"What Goes Around [V1-?]
(prod. Salaam Remi)
(Poison)","According to Salaam Remi, Nas wrote ""several songs"" to the What Goes Around beat. These verses ended being used on bonus tracks on either God's Son or Stillmatic but Salaam couldn't remember exactly. The suspected songs Nas used the verses on are Every Ghetto, Thugz Mirror and Pussy Killz due to them all being 91 BPM. Pussy Killz is most likely to be one of the songs that reuses lyrics as it shares the same BPM, Key and Camelot as What Goes Around.",?:??,,,Demo,Confirmed,Not Available,https://web.archive.org/web/20120831191422/http://www.okayplayer.com/news/salaam-remi-nas-amy-winehouse-interview.html
Stillmatic,"Poison [V3?]
(prod. Salaam Remi)
(What Goes Around)","Seen on the 'Stillmatic' tracklist posted by BET. Keon Bryce isn't credited as a feature, meaning he likely wasn't on the song yet (seeing as features were not omitted from the tracklist).",?:??,,,OG,Confirmed,Not Available,"https://web.archive.org/web/20011118112430/http://www.bet.com/articles/0,1048,c2gb761-1404,00.html"
Stillmatic,Unknown [8 Stillmatic Leftovers],Nas said he recorded 30 tracks for Stillmatic. Accounting for released and leaked tracks this narrows the number of scraps down to 8. ,N/A,,,Throwaway,Confirmed,Not Available,https://web.archive.org/web/20080311163819/http://www.mtv.com/bands/n/nas/news_feature_020802/index.jhtml
Stillmatic,"Capone-N-Noreaga - With Me [V1]
(feat. Nas)","In May 2010, N.O.R.E. said that the new Nas feature on ""The War Report Part II"" was actually an old finished song that they had vaulted. According to N.O.R.E., all they did for the updated version of the song was change the beat and ""switched a lot of things around"". Unknown when this song is actually from but it seems to likely be from this era.",?:??,,,OG,Confirmed,Not Available,https://web.archive.org/web/20121104184429/http://www.mtv.com/news/articles/1639467/nore-explains-unreleased-nas-cameo-on-war-report-2.jhtml
Stillmatic,"Dipset - ??? [V1]
(prod. Darrell ""Digga"" Branch)
(Many Men (Wish Death))","The beat for ""Many Men"" was originally a Dipset track, which was later given to Nas.",?:??,,,OG,Confirmed,Not Available,N/A
Stillmatic,"🥇 Sade - Lovers Rock (Remix)
(feat. Nas) (prod. Salaam Remi)","According to Salaam Remi in a 2010 interview, he produced a remix of Sade's song ""Lovers Rock"" with a Nas feature in 2001. The remix was scrapped when the label decided to put out the live 'Lovers Rock' album.",?:??,,,Remix,Confirmed,Not Available,Salaam Remi talks unreleased Sade remixes ft. Nas + when leaking music creates issues
Stillmatic,"✨ Scarface - In Between Us [V1]
(feat. Nas & Tanya Herron) (prod. Scarface & MIKE DEAN)","Has no outro and a different Nas verse. This original verse disses JAŸ-Z and even reuses bars from Ether, which means it was likely made before the updated version of the song. Scarface told Nas to change his verse since he didn't want him dissing JAŸ-Z on his song and didn't want to be involved in a beef.",4:48,,,Feature,Full,High Quality,https://pillows.su/f/3e8aa08101f80bb4e79aea34e6e25b60
Stillmatic,"Swizz Beatz - Two Seater
(feat. Nas) (prod. Swizz Beatz)
(Come Take A Ride (Two Seater), 2 Seater)","Leaked in late 2002 and was intented for Swizz Beatz's album ""Swizz Beatz Presents G.H.E.T.T.O. Stories"", but was likely cut due to it leaking before release.",4:21,,"Sep 28, 2002",Throwaway,Full,High Quality,https://pillows.su/f/8ceb322b99ced9bbbd6286f96d5ccf36
Stillmatic,"Jadakiss - Show Discipline [V1]
(prod. Mahogany Beatz)","On June 28, 2001, it was reported that Nas only recently recorded for ""Show Discipline"". This means the track existed beforehand without it.",?:??,June 2001,,OG,Confirmed,Not Available,https://web.archive.org/web/20100206143621/http://www.mtv.com/news/articles/1444831/20010628/dmx.jhtml
Stillmatic,"Jadakiss - Show Discipline [V2]
(ref. Styles P) (prod. Mahogany Beatz)",Styles P has writing credits on Show Discipline and is rumored to have written Jadakiss' second verse.,~4:15,,,OG,Confirmed,Not Available,N/A
Stillmatic,"Jadakiss - Show Discipline [V3]
(feat. Nas) (prod. Mahogany Beatz)",Has a long instrumental outro and no SFX after Jada's 2nd verse. Found on the advance copy of Kiss Tha Game Goodbye by Jadakiss.,4:15,,,Feature,Full,High Quality,https://pillows.su/f/ffb7a0e8a6348db41e5a86545ecb2a03
Stillmatic,"Nashawn - Gotta Get It
(feat. Nas)",Stillmatic era unreleased feature. Has Nas doing the hook.,3:10,,,Feature,Full,High Quality,https://pillows.su/f/fe37360ec61269dca475be5241a361c0
Stillmatic,"Royal Flush - ??? [V1]
(prod. Ez Elpee)
(Oochie Wally)","Both Royal Flush and Nas were given the Oochie Wally beat. Royal Flush recorded a song to it first, but scrapped it upon Ez Elpee's request (since Nas also wanted the beat).",?:??,,,OG,Partial,High Quality,https://pillows.su/f/8e61acf2a0d5d8980ffb8fbb30c91a35
Stillmatic,"Royce Da 5'9"" - ???
(feat. Nas)","In a January 2002 HHDX article, Nas was said to be on Royce Da 5'9""s album ""Rock City"". This makes sense as Nas and Royce were both on Columbia at the time. It's unlikely his feature was confused for Royce's remix of ""Got Ur Self a Gun"" as that came out a month after this article. Never spoken about by Royce or any of his fansites so the existence of this track is slightly dubious. The only thing giving this credit is that HHDX reported on it and later on Royce's career, Nas was looking at possibly signing him. This song likely would've been made in 2000/2001.",?:??,,,Feature,Confirmed,Not Available,https://web.archive.org/web/20090216195949/http://www1.hiphopdx.com/index/news/id.640/title.royce-speaks-out
"2 Full
0 Tagged
0 Partial
6 Snippet(s)
0 OG File(s)
0 Stem Bounce(s)
13 Unavailable","God's Son
(Nastalgia, Nas Writes No More)","(12/18/2001) (Stillmatic officially releases)
(Early 2002) (God's Son begins recording)
(12/13/2002) (God's Son officially releases)",,,,"Nas sixth studio album, God’s Son, was released during a very trying time in his life. While he was in the middle of the battle with JAŸ-Z, his mother passed away from cancer in April 2002. Both events had an influence on the content of the album—hardcore hip-hop mixed with melancholy music. ",,,
God's Son,"🏆 Crabs In A Barrel
(Crabs In The Barrel)","Track #2 on an early tracklist for 'God's Son'. Owned by GucciTunes and said to be completely finished. In an interview with Murder Dog, it is said that the track features storytelling and lyrics that make you visualise it in great detail. First snippet leaked March 23rd, 2023, with a longer snippet leaking April 5th, 2025.",2:44,2002,"Apr 5, 2025",Throwaway,Snippet,CD Quality,"https://pillows.su/f/7b9b3acadf075b6823a0baaf0dced4c9
https://web.archive.org/web/20070522064734/https://www25.brinkster.com/laza22/prikaz.asp?id=168&tabela=vesti
https://web.archive.org/web/20050207142356/http://www.murderdog.com/archives/nas/Nas_interview.html"
God's Son,"Enemy Tommorow
(feat. Money Ray & Sharp)
(My Enemy Tommorow)",God's Son era throwaway. Could be Sharp's song as Nas goes last but it's unknown.,3:55,,,Throwaway,Full,High Quality,https://pillows.su/f/0c4808262b9c9ed08e1da31b95d90f84
God's Son,🏆 Fuck Hot,"Track #4 on an early tracklist for 'God's Son'. The track was removed from the album due to disses towards Hot 97 and the whole industry, the master was allegedly erased to prevent it from getting out.",?:??,,,Throwaway,Confirmed,Not Available,https://web.archive.org/web/20070522064734/https://www25.brinkster.com/laza22/prikaz.asp?id=168&tabela=vesti
God's Son,"Grimey Ways
(feat. Nashawn)",Track #6 on an early tracklist for 'God's Son'.,?:??,,,Throwaway,Confirmed,Not Available,https://web.archive.org/web/20070522064734/https://www25.brinkster.com/laza22/prikaz.asp?id=168&tabela=vesti
God's Son,"Hungry
(feat. ???)",Song from 2002 owned by GucciTunes. Has an unknown feature on the chorus.,?:??,2002,"Apr 5, 2025",Throwaway,Snippet,CD Quality,https://pillows.su/f/a3aa14835a0b65232671215d92d35dc6
God's Son,I Have Learned,"Finished song from 2002 owned by GucciTunes. Samples ""Shine"" by Lamont Dozier. Had a GB going for it in 2023, but stalled permanently. The server is still open, so do with that what you will: https://discord.gg/ZcN6ZVUbm8",3:16,2002,,Throwaway,Snippet,CD Quality,https://pillows.su/f/a704b025dc27f13e1c27c9fd50cb393d
God's Son,"Imagine [V1]
(prod. Salaam Remi)","According to Salaam Remi, Pitbull wasn't originally on ""Imagine"", and when he heard that Pitbull recorded over it, it upset him, as they had been able to clear the John Lennon sample with Yoko Ono and intended on using it. Recorded on the day the Iraq war started.",?:??,"Mar 19, 2002",,OG,Confirmed,Not Available,Salaam Remi talks unreleased Sade remixes ft. Nas + when leaking music creates issues
God's Son,"🏆 My Will [V1]
(prod. The Alchemist)
(The Honeymoon's Over)","Original, full version of the song. Track #3 on an early tracklist for 'God's Son'. Was later shortened substantially and given a new outro for a 2008 Alchemist mixtape.",?:??,,,OG,Confirmed,Not Available,https://web.archive.org/web/20070522064734/https://www25.brinkster.com/laza22/prikaz.asp?id=168&tabela=vesti
God's Son,Nobody Move,Song from 2002 owned by GucciTunes.,?:??,2002,"Apr 5, 2025",Throwaway,Snippet,CD Quality,https://pillows.su/f/856eb93cc5d9211c5e790f68b2a8f575
God's Son,Single Man In America,Finished song from 2002 owned by GucciTunes. Nothing else is known.,3:37,2002,,Throwaway,Snippet,CD Quality,https://pillows.su/f/bced76c9233b9fc45b08617ffa9e714e
God's Son,"🏆 The Toy [V1]
(prod. Kanye West)","According to The Alchemist, during the making of 'God's Son', Nas had a track over a Kanye beat called ""The Toy"" and it was ""one of the craziest songs"" he had ever heard.",?:??,,,OG,Confirmed,Not Available,https://x.com/Alchemist/status/5018938609
God's Son,"The Toy [V2]
(prod. The Alchemist)","According to The Alchemist, he tried making a new beat for the song, but nothing they could do was better than Kanye's beat.",?:??,,,OG,Confirmed,Not Available,https://x.com/Alchemist/status/5019023558
God's Son,"U Wanna Be Me [V1]
(prod. Chucky Thompson)",Unfinished version of the song sent to Eminem.,?:??,,,Demo,Confirmed,Not Available,https://web.archive.org/web/20060326170820/http://www.murderdog.com/archives/nas/Nas_interview.html
God's Son,"🏆 ??? [V2]
(prod. Darrell ""Digga"" Branch)
(Many Men (Wish Death))","The beat for ""Many Men"" by 50 Cent was supposed to be on 'God's Son', however Nas never finished the song, and he gave his blessing for it to be given to 50.",?:??,,,Demo,Confirmed,Not Available,https://web.archive.org/web/20180306202315/https://massappeal.com/50-cent-many-men-meant-for-nas/
God's Son,"50 Cent - Many Men (Wish Death) [V3]
(prod. Darrell “Digga” Branch)","This song exists without the production Eminem added, as it was recorded before he signed with Eminem.",?:??,,,Demo,Confirmed,Not Available,https://www.okayplayer.com/the-secret-history-of-50-cents-get-rich-or-die-tryin/335209
God's Son,"50 Cent - Many Men (Wish Death) [V4]
(prod. Darrell ""Digga"" Branch, Eminem & Luis Resto)","Early version of Many Men, off the 'SVA Live 2003' mixtape by DJ Whoo Kid.",?:??,,,Demo,Snippet,High Quality,https://youtu.be/4sIC5xF5uQ0?si=d4CyBI7o6UIN44NQ
God's Son,Unknown [Amy Winehouse & Salaam Remi Collaborations],"According to Salaam Remi, he met Amy Winehouse when he was working on the 'God's Son' album, and he got Amy to do ad-libs and background vocals on a few tracks that never released. It's likely that Nas was not present for when these were recorded, as he never recalled working with Amy when she was alive.",N/A,,,Unknown,Confirmed,Not Available,https://www.hollywoodreporter.com/music/music-news/amy-winehouse-death-nas-salaam-remi-cherry-wine-353034/
God's Son,Unknown [Large Professor Collaborations],In August 2002 it was reported that Nas was working with Large Professor for 'God's Son'. None of his contributions made the final album.,N/A,,,Throwaway,Confirmed,Not Available,https://web.archive.org/web/20080315053835/http://www.mtv.com/news/articles/1456987/20020812/nas.jhtml
God's Son,Unknown [Murder Inc. Collaborations],"When Nas met up with Murder Inc. and Irv Gotti in 2002, they began working on several tracks together but didn't get to finish them.",N/A,,,Unknown,Confirmed,Not Available,https://web.archive.org/web/20041120022143/http://www.mtv.com/bands/n/nas/news_feature_010603/index3.jhtml
God's Son,Unknown [Unfinished Songs for 8 Mile],Nas sent in multiple unfinished songs to Eminem for the 8 Mile soundtrack. Unknown if any of them ended up releasing.,N/A,,,Demo,Confirmed,Not Available,https://web.archive.org/web/20060326170820/http://www.murderdog.com/archives/nas/Nas_interview.html
God's Son,"Bravehearts - Ridin' Broke
(feat. Nas)",Scrapped song made for the Bravehearts album. Mentioned in a now deleted Nas article that hasnt been saved.,3:03,,,Feature,Full,High Quality,https://pillows.su/f/d32e72463eb8fc6774fe822a7b341c88
"8 Full
0 Tagged
0 Partial
1 Snippet(s)
0 OG File(s)
0 Stem Bounce(s)
14 Unavailable",Street's Disciple,"(12/13/2002) (God's Son officially releases)
(07/02/2004) (Street's Disciple misses a release date)
(09/14/2004) (Street's Disciple misses a release date)
(11/30/2004) (Street's Disciple officially releases)",,,,"Nas seventh studio album, Street’s Disciple, was released as a double album and titled after his first two words on wax from Main Source’s 1991 track “Live at the Barbeque.” The album cover is an adaptation of Leonardo da Vinci’s painting The Last Supper.",,,
Street's Disciple,"🗑️ Anybody Test
(prod. Quran Goodman)","Dancehall-esque throwaway from the ""Street's Disciple"" sessions, featuring Nas partially rapping in a poor Jamaican accent. One of his more 'polarizing' unreleased songs.",3:45,,,Throwaway,Full,High Quality,https://pillows.su/f/f8763e339ce4614b7bbd69d7cd0a6af0
Street's Disciple,"Bridging The Gap [V1]
(prod. Salaam Remi)","In an interview with Olu Dara, he said that when he was recording for the song, he didn't know where to come in so he just started improvising. This implies Nas had done a version of the song before Olu Dara's contributions, which were recorded on November 26th, 2003.",?:??,,,Demo,Confirmed,Not Available,https://allhiphop.com/features/olu-dara-like-father-like-son/
Street's Disciple,"Disciple [V1]
(prod. L.E.S.)",Original version of the song with the sample that had to be removed for release.,2:56,,,OG,Full,High Quality,https://pillows.su/f/29d620c3964315ba8e5eaccfab617855
Street's Disciple,⭐ Foul Breeze,"Street's Disciple era throwaway. This song is mentioned by name in a Pound Magazine article from 2004 with bars heard written down. Another piece of evidence dating this song is Nas mentioning him being engaged to Kelis, which happened in 2004. It is mistaken that this song uses the ""New York Shit"" beat by Busta Rhymes however this is not true. They share the same sample but the usage is different. The second verse was partly reused for a Funkmaster Flex freestyle in 2005, with Nas saying ""married"" instead of ""engaged"" due to him marrying Kelis in Janurary of that year. He also used parts of verse 1 and 2 in his Rap City Freestyle (unknown what year it is from but likely 2006) which used the ""New York Shit"" beat by Busta Rhymes. Lastly, he reused verse 2 for the New York Shit Remix by Busta Rhymes. New York Shit and Foul Breeze sharing the same sample is pure coincidence and is likely what made Nas reuse bars for the Rap City Freestyle and the New York Shit remix.",5:26,2004,"Nov 27, 2008",Throwaway,Full,High Quality,https://pillows.su/f/c1354dcd966a5060bc46c686b29c1c1b
Street's Disciple,Get Up,"Track #1 on an early 'Street's Disciple' tracklist. Likely a sequel to ""Get Down"" from 'God's Son'.",?:??,,,Throwaway,Confirmed,Not Available,https://web.archive.org/web/20051103235432/https://www.hiphopgame.com/news.php3?id=868
Street's Disciple,"Good Morning
(add. Tone) (prod. Trackmasters)","A chilled out throwaway from the 'Street's Disciple' sessions set over a sample of ""For The Love Of You"" by The Isley Brothers. Features a chorus sung by Tone from Trackmasters. Likely produced by Trackmasters due to Tone being on the hook. Was played every morning on Hot 93.7 for a while.",2:23,,,Throwaway,Full,CD Quality,https://pillows.su/f/efe747f3111537daa677c5dcd8406ea5
Street's Disciple,"Intro [V1]
(add. Stretch and Bobbito) (prod. Chucky Thompson & Salaam Remi)",Stretch and Bobbito originally had vocals on the intro of Street's Disciple. Possibly cut due to CD disc length.,?:??,,,OG,Confirmed,Not Available,https://www.xxlmag.com/nas-grown-man-talk-originally-published-2004/
Street's Disciple,"I Am Somebody
(feat. Diddy)","Track mentioned in an MTV News article about the then-upcoming 'Street's Disciple'. Has the lyrics ""It ain't about me/ It's about us / I wanna fit the whole world on the tour bus.""",?:??,,,Throwaway,Snippet,Recording,https://pillows.su/f/ec51904b1749f9e88bb2eed9fe6b9289
Street's Disciple,"The Household Roach [V1]
(Project Roach)",Source needed. Could be fake.,?:??,,,OG,Rumored,Not Available,Source Needed
Street's Disciple,"Quan - Just A Moment [V1]
(prod. L.E.S.)",Originally a solo Quan track with three verses. L.E.S. played the song for Nas and he decided to take it for 'Street's Disciple'.,4:33,,,OG,Full,High Quality,https://pillows.su/f/1e57927aec96178e1f1644e52425d0d7
Street's Disciple,"Just A Moment [V2]
(feat. Quan & Yara) (prod. L.E.S.)",Has a female singer on the hook instead of Quan as well as a shorter outro without his vocals.,4:11,,,OG,Full,Low Quality,https://pillows.su/f/b2170653c1261994b48fecab37c7019f
Street's Disciple,"Play On Playa [V1]
(prod. Scott Storch)","""Play On Playa"" from 'Hip-Hop Is Dead' was originally made in 2004 and intended for 'Street's Disciple'. In the MTV News article talking about it, Snoop Dogg's feature is not mentioned at all, unlike Diddy's feature on ""I Am Somebody"", meaning he likely hadn't recorded yet. It can also be assumed that his second verse on the released version was recorded later, as it sounds different, has a different flow and mentions Snoop.",?:??,,,OG,Confirmed,Not Available,https://web.archive.org/web/20050422055852/http://www.mtv.com/bands/n/nas/news_feature_041004/index2.jhtml
Street's Disciple,The Lost Tapes 2 [V1],A Lost Tapes sequel was planned for release in December 2003 however it never came out. Unknown what tracks would've been planned for an original version of The Lost Tapes 2.,?:??,,,Full Album Copy,Confirmed,Not Available,https://web.archive.org/web/20080311163819/http://www.mtv.com/news/articles/1479398/20030929/nas.jhtml
Street's Disciple,"Titalating (Interlude)
(Tittilating)",Track #8 on an early 'Street's Disciple' tracklist.,?:??,,,Throwaway,Confirmed,Not Available,https://web.archive.org/web/20051103235432/https://www.hiphopgame.com/news.php3?id=868
Street's Disciple,"???
(prod. DJ Premier)","DJ Premier mentioned in a Scratch magazine article that he produced a song for Nas on Street's Disciple that didn't end up making the cut. According to Preemo himself, it was going to end up on The Lost Tapes 2.",?:??,,,Throwaway,Confirmed,Not Available,https://web.archive.org/web/20070206034954/http://scratchmagazine.com/features/0106.reloaded/index.html
Street's Disciple,Unknown [8 Street's Disciple Leftovers],"Nas said he recorded 40 tracks for Street's Disciple. Counting leaks, released and known songs, this narrows the number of scraps left to 8.",N/A,,,Throwaway,Confirmed,Not Available,https://web.archive.org/web/20050510183835/http://www.mtv.com/news/articles/1486851/20040506/nas.jhtml
Street's Disciple,Unknown [Donated Songs],In June 2004 Nas was named as one of the artists who would be donating tracks to Whoo Kid's mixtape that was made in collaboration Rap the Vote. Nas ended up only having one appearance on the mixtape as an interlude.,N/A,,,Throwaway,Confirmed,Not Available,https://web.archive.org/web/20120210121811/http://www.mtv.com/news/articles/1488436/public-memorial-planned-ray-charles.jhtml
Street's Disciple,Unknown [The Alchemist Collaborations],"In a AllHipHop interview from September 2004, when asked if he would be on Street's Disciple, Alchemist said that the tracks he did with Nas likely wouldn't make the cut but that they might end up on The Lost Tapes 2.",N/A,,,Throwaway,Confirmed,Not Available,https://allhiphop.com/features/alchemist-to-the-front-line/
Street's Disciple,"DJ Kay Slay - Too Much For Me [V1]
(feat. Nas, Birdman, Loon, Foxy Brown & Amerie) (prod. The Dream Team)","According to Kay Slay, Too Much For Me had a verse from Loon, but Nas didn't want to be on the song with Loon.",?:??,,,OG,Confirmed,Not Available,https://web.archive.org/web/20101007001323/http://www.mtv.com/news/articles/1472003/20030520/dj_kayslay.jhtml
Street's Disciple,"DJ Kay Slay - Too Much For Me (Remix) [Explicit]
(feat. Loon, Foxy Brown & Amerie) (prod. The Dream Team)","Kay Slay mentioned that due to Nas and Birdman not coming to the music video shoot for Too Much For Me, he replaced their verses with Loon's unused verse. This remix was officially released on a vinyl, but was censored.",2:53,,,Remix,Full,High Quality,https://pillows.su/f/d1831b27109cded37fcc9a45c613435a
Street's Disciple,"Ja Rule - ???
(feat. Nas)","According to an MTV News article, Nas was slated to appear on Ja Rule's 2004 album 'R.U.L.E.'. When the album dropped, he was nowhere to be seen.",?:??,,,Feature,Confirmed,Not Available,https://web.archive.org/web/20081201171536/http://www.mtv.com/news/articles/1487239/20040524/ja_rule.jhtml
Street's Disciple,"Jadakiss - Why (Remix) [V1]
(feat. Common, Styles P & Anthony Hamilton) (prod. Elite)","According to Elite, Nas was the last person to record for the track and he sent in his verse at the last minute.",?:??,,,Demo,Confirmed,Not Available,https://djbooth.net/features/2017-04-21-elite-dreamville-beat-break-interview/
Street's Disciple,"The Alchemist - Tick Tock [V1]
(feat. Nas & Prodigy) (prod. The Alchemist)",Shorter outro compared to released. Leaked from the advance copy of 1st Infantry.,3:27,,,OG,Full,Low Quality,https://pillows.su/f/a8a745db4c659cbb79d623d0f92e4555
"5 Full
0 Tagged
1 Partial
2 Snippet(s)
1 OG File(s)
0 Stem Bounce(s)
16 Unavailable",NASDAQ: Dow Jones,"(11/30/2004) (Street's Disciple officially releases)
(01/23/2006) (Nas signs to Def Jam)",,,,"In July 2005 Nas said the album was going to come out ""late October, maybe Halloween."" or ""Early November"". When Nas signed to Def Jam in January 2006, the album was shafted in favor of 'Hip-Hop Is Dead'.",,,
NASDAQ: Dow Jones,"🥇 Death Anniversary [V1]
(prod. Wyldfyer)","According to Nas in an interview with XXL, the leaked version of ""Death Anniversary"" is incomplete, and is missing a verse at the beginning of the song. The verse was chopped off for the leaked version as Nas said it was a snippet meant for someone to listen to, and it ended up being leaked. Said by producer Wyldfyer that this was the first song he ever did with Nas.",?:??,,,OG,Confirmed,Not Available,https://imgur.com/a/6aPFMPq
NASDAQ: Dow Jones,"✨ Death Anniversary [V2]
(prod. Wyldfyer)","Throwaway track about the cycle of murder in the hood, where someone is killed and then their killer is killed in revenge on the same day. Has the first verse cut out.",3:14,,,Throwaway,Partial,High Quality,https://pillows.su/f/d93cc74e41c2dba9c48eaf0f5d08cbf0
NASDAQ: Dow Jones,"✨ Don’t Body Ya Self aka The M.C. Burial [V1]
(prod. Salaam Remi)
(Don't Body Yourself, Don’t Body Ya Self (The M.C. Burial), Don’t Body Ya Self)","Earlier version of ""Don't Body Yourself"", a Nas disstrack aimed at 50 Cent. Later released with a different beat and some different lyrics.",4:22,2005,,Throwaway,Full,High Quality,https://pillows.su/f/330b58d16b22e73e8f4d0b15287eebb5
NASDAQ: Dow Jones,"⭐ It Wasn't You [V1]
(feat. Ms. Lauryn Hill) (prod. Dirty Harry)","Unreleased Nas track recorded in 2005, featuring Lauryn Hill. Was released on DJ Clue's mixtape ""Fidel Cashflow"" but with tags.",3:37,2005,,Throwaway,Full,CD Quality,https://pillows.su/f/927336ed20388541d1a3c2e97e3fcad1
NASDAQ: Dow Jones,"✨ More Than I Can Say [V1]
(feat. Keyshia Cole)",NASDAQ: Dow Jones era throwaway. When the track leaked it was said to be six years old so that would place it in this era.,2:53,2005,"Jul 26, 2011",OG,Full,High Quality,https://pillows.su/f/64a91dd410630de074e957f7e93a1c6c
NASDAQ: Dow Jones,"Diddy - More Than I Can Say [V2]
(feat. Nas & Keyshia Cole)","When the track leaked, it was rumored that it was made for Diddy's album ""Press Play"". There are no sources confirming this but, if it was submitted to Diddy, this would mean a version with vocals from him would exist.",?:??,,,Feature,Rumored,Not Available,https://zhiphopcleveland.com/3025132/nas-ft-keyshia-cole-more-than-i-can-say-new-music/
NASDAQ: Dow Jones,"✨ My Will [V2]
(prod. The Alchemist)
(The Honeymoon's Over)",No DJ/mixtape version of My Will. Technically the full version of the V2 as this version was likely just shortened for the mixtape.,1:49,,,OG,Full,High Quality,https://pillows.su/f/0defe669f086622c83d28b374eb78f5f
NASDAQ: Dow Jones,Unknown [Album Tracks],In July 2005 Nas said hes trying to figure out what songs to keep on the album. Unknown number.,N/A,,,Album Track,Confirmed,Not Available,https://mvremix.com/urban/interviews/nas.shtml
NASDAQ: Dow Jones,Unknown [Diss Track],"In August 2005 during a show, Nas told the crowd that he had a diss coming out later that year. Unknown who this was for.",N/A,,,Throwaway,Confirmed,Not Available,https://web.archive.org/web/20080403111112/http://www.mtv.com/news/articles/1506788/20050801/nas.jhtml
NASDAQ: Dow Jones,Unknown [DJ Premier Collaborations],Nas named DJ Premier as a producer on his album.,N/A,,,Album Track,Confirmed,Not Available,https://mvremix.com/urban/interviews/nas.shtml
NASDAQ: Dow Jones,Unknown [Hi-Tek Collaborations],Nas named Hi-Tek as a producer on his album.,N/A,,,Album Track,Confirmed,Not Available,https://mvremix.com/urban/interviews/nas.shtml
NASDAQ: Dow Jones,Unknown [L.E.S. Collaborations],Nas named L.E.S. as a producer on his album.,N/A,,,Album Track,Confirmed,Not Available,https://mvremix.com/urban/interviews/nas.shtml
NASDAQ: Dow Jones,Unknown [Salaam Remi Collaborations],Nas named Salaam Remi as a producer on his album.,N/A,,,Album Track,Confirmed,Not Available,https://mvremix.com/urban/interviews/nas.shtml
NASDAQ: Dow Jones,Unknown [Swizz Beatz Collaborations],In June 2005 Swizz Beatz said that one of the artists he's been in the studio with recently was Nas.,N/A,,,Throwaway,Confirmed,Not Available,https://web.archive.org/web/20080224191331/http://www.mtv.com/news/articles/1504165/20050615/swizz_beats.jhtml
NASDAQ: Dow Jones,Unknown [Unknown Producer Collaborations],"In the same article where Nas named who would be producing on NASDAQ: Dow Jones, he further said that he would be working with ""A lot of names, a lot of big names"".",N/A,,,Album Track,Confirmed,Not Available,https://mvremix.com/urban/interviews/nas.shtml
NASDAQ: Dow Jones,"Alicia Keys - You Don't Know My Name [V3-?]
(prod. Alicia Keys & Kanye West)
(Memories)","Alicia Keys said several demos of the track exist, with only her and Kanye's involvement. She described them as ""several vibes"". Could also be refering to different songs entirely, but this is unknown.",N/A,,,Unknown,Confirmed,Not Available,https://www.youtube.com/watch?v=Ene8pu5vgTY
NASDAQ: Dow Jones,"Kanye West - Ghetto Love [V1]
(prod. Kanye West)
(Everything I Love)","Original mumble freestyle. Thought to be a reference for Diddy but this was proven false when it was revealed that the song started off as Kanye's. According to Ervin Pope, Diddy was in the same session as Kanye when he started working on Ghetto Love.",?:??,,"Jul 4, 2026",Demo,Snippet,Recording,https://pillows.su/f/ce79ebe70375b26eaf6da070c182c96e
NASDAQ: Dow Jones,"Kanye West - Ghetto Love [V2]
(feat. The WRLDFMS Tony Williams) (prod. Kanye West)
(Everything I Love)","Original version of ""Everything I Love"" by Diddy. Has fully finished Kanye and Tony Williams vocals that were cut from release.",?:??,,"Aug 12, 2026",OG,Snippet,CD Quality,https://pillows.su/f/02d2370f5b803c17c759df98f1091e85
NASDAQ: Dow Jones,"Kanye West - Ghetto Love [V3-V?]
(feat. The WRLDFMS Tony Williams) (prod. Kanye West & ???)
(Everything I Love)","According to el gusto, the session for this song has ""sample chops, organ ideas etc"", unknown how many of these there are.",N/A,,,Unknown,Rumored,Not Available,N/A
NASDAQ: Dow Jones,"Kanye West - Ghetto Love [V4?]
(feat. The WRLDFMS Tony Williams & Consequence) (prod. Kanye West & ???)
(Everything I Love)","According to el gusto, the session for this song has Consequence vocals. Likely a feature given that Ye and Cons were recording features for eachother around this time. Unknown if it uses any of the extra production from the above version(s).",?:??,,,OG,Rumored,Not Available,N/A
NASDAQ: Dow Jones,"Statik Selektah - ???
(feat. Nas) (prod. Statik Selektah)",Nas was originally slated to be on Statik Selektah's album 'Spell My Name Right' in 2005. The album didn't end up releasing until 2007 and had no Nas.,?:??,,,Feature,Confirmed,Not Available,https://web.archive.org/web/20080706004640/http://www.hiphopgame.com/index2.php3?page=statikselektah
NASDAQ: Dow Jones,"The Notorious B.I.G. - Living in Pain [V4]
(feat. 2Pac) (prod. Just Blaze)
(House Of Pain)","When Mary J. Blige first recorded for the song, she recalled only Biggie and 2Pac's verses being on the track initially.",?:??,,,Demo,Confirmed,Not Available,https://web.archive.org/web/20080225174551/http://www.mtv.com/news/articles/1512151/20051024/notorious_big.jhtml
NASDAQ: Dow Jones,"The Notorious B.I.G. - Living in Pain [V5]
(feat. 2Pac & Mary J. Blige) (prod. Just Blaze)
(House Of Pain)","When Mary J. Blige recorded, Nas wasn't yet on the track.",?:??,,,Demo,Confirmed,Not Available,https://web.archive.org/web/20080225174551/http://www.mtv.com/news/articles/1512151/20051024/notorious_big.jhtml
NASDAQ: Dow Jones,"The Notorious B.I.G. - Living in Pain [V6]
(feat. 2Pac, Nas & Mary J. Blige) (prod. Just Blaze)
(House Of Pain)","Leaked before the release of 'Duets: The Final Chapter'. Has different mixing and vocal placements and no transition from ""Nasty Girl"".",3:56,,,OG,Full,High Quality,https://pillows.su/f/d5234e90a9807ec5fd66ffce256e72af
NASDAQ: Dow Jones,"Kanye West - You Again [V1]
(ref. The WRLDFMS Tony Williams) (prod. Kanye West, Warryn Campbell & Jon Brion)
(We Major)","OG Filename: YouAgain
Tony Williams reference track. Has different drums and some synths not present in the released version.",4:18,,"Jul 31, 2024",Ref Track,OG File,CD Quality,https://pillows.su/f/596e45e85bf3cf7e1790daf66e9e0747
"11 Full
1 Tagged
1 Partial
2 Snippet(s)
0 OG File(s)
0 Stem Bounce(s)
19 Unavailable","Hip-Hop Is Dead
(Hip-Hop Is Dead... The N, The N, Nigga, Nigger)","(01/23/2006) (Nas signs to Def Jam)
(12/19/2006) (Hip-Hop Is Dead officially releases)",,,,"Hip Hop Is Dead is the eighth studio album by Nas, released December 19, 2006, on Def Jam Recordings. His first album for the label, it was co-financed by Nas's previous label, Columbia Records, which once distributed for Def Jam. The album's title was inspired by Nas's view of the music industry and the state of hip hop music at the time. The album features appearances from Nas' then-wife Kelis, Def Jam label-mates Kanye West, JAŸ-Z, and Chrisette Michele, as well as will.i.am, Snoop Dogg, and The Game, among others.",,,
Hip-Hop Is Dead,"Black Republican [V1]
(feat. JAŸ-Z) (prod. L.E.S. & Wyldfyer)",Has a slightly different beat but otherwise is the same as release. Leaked sometime before the release of the album.,3:56,,,OG,Full,High Quality,https://pillows.su/f/a35a7fa4cfa132cc297313b5148c2b94
Hip-Hop Is Dead,"Courthouse
(feat. Chuck D)",Hip-Hop Is Dead era throwaway. The first verse was reused on 'Be A Nigger Too' and the second verse was reused on 'Like Me'.,3:10,,,Throwaway,Full,High Quality,https://pillows.su/f/5c361686be97ad9eaae2972a208aeb30
Hip-Hop Is Dead,"Don't Body Yourself [V2]
(prod. Larry Smith & Russell Simmons)","2006 version of ""Don't Body Yourself"" with some bar changes and using the beat ""Sucka MC's"" by Run-DMC. Was put out tagged on a mixtape but this version is untagged.",2:13,2006,,Throwaway,Full,High Quality,https://pillows.su/f/b2c9ca5446a7af39a4aeef962ccf3e70
Hip-Hop Is Dead,"✨ Hip-Hop Is Dead [V1]
(feat. will.i.am) (prod. will.i.am)","Uncensored version with various explicit lyrics, including a more explicit hook, usually with long alternate takes. Only the clean version of the song was released for some reason.",3:47,,,OG,Full,High Quality,https://pillows.su/f/7f57407f5099b22233fc640ac93bf660
Hip-Hop Is Dead,"⭐ Hope [V1]
(feat. Chrisette Michele) (prod. Wyldfyer, L.E.S., Nas & Alexander Mosely)","Actually has the beat that was made for the song. Apparently, there were sample clearance issues and that prevented the song from being released with the beat. Sounds like a MySpace file.",3:09,,"Oct 5, 2007",OG,Full,High Quality,https://pillows.su/f/25c977fe9d6e1ae05bfbc931ee1a2530
Hip-Hop Is Dead,"I Already Know
(prod. Tim & Bob)",Hip-Hop Is Dead era throwaway.,4:15,,,Throwaway,Full,CD Quality,https://pillows.su/f/707d64e83ac9cb98c545af54456b748a
Hip-Hop Is Dead,"New York Stomp
(prod. Salaam Remi)","Mentioned in an MTV article by Nas and played to FADER. Said to have stadium-like strings and drums compared to Queen's ""We Will Rock You"". According to FADER, the track has Nas sending ""a big ""Fuck You"" to the following people, in no particular order: niggas, bitches, snitches, niggas, crackas, judges, losers, cowards, etc.""",?:??,,,Throwaway,Confirmed,Not Available,https://web.archive.org/web/20080315005021/http://www.mtv.com/bands/m/mixtape_monday/100206/
Hip-Hop Is Dead,"Life's Gone Low [V1]
(Lifes Gone Down)",Untagged but is censored. Was released on a mixtape but tagged. Song caps out at 16khz but the actual audio quality is very bad.,2:37,,"Jan 25, 2014",OG,Full,Low Quality,https://pillows.su/f/6f6474b3068f61ad710ec50d6ba96ff1
Hip-Hop Is Dead,"QB True G [V1]
(feat. The Game & Marsha Ambrosius) (prod. Dr. Dre)
(True Gs, Hustlers)","Has a different beat and worse mixing compared to the release song. Mentioned in an October 2006 article with Nas saying that he ""just knocked out the joint"" he did with Dre and Game.",4:34,Oct 2006,,Demo,Tagged,High Quality,https://pillows.su/f/77bf51830b127bcf2c5aba9ac5efcdf2
Hip-Hop Is Dead,"Hustlers [V2-4]
(feat. The Game & Marsha Ambrosius) (prod. Dr. Dre)
(QB True G, True Gs)",L.E.S. did three mixes of the track as Dre wasn't available to mix until the last second.,~3:45,,,OG,Confirmed,Not Available,https://web.archive.org/web/20080706004351/http://www.hiphopgame.com/index2.php3?page=les
Hip-Hop Is Dead,"Music For Life [V1]
(feat. Hi-Tek & Marsha Ambrosius) (prod. Hi-Tek)","In an AllHipHop article from November 2006 before HHID released, Nas reveals that ""Music For Life"" was originally a HHID era scrap that he gave to Hi-Tek since he wasn't going to use it. It's unknown when this version leaked but it seems to have posted on MySpace as the file's spectrograph is the same as other MySpace files. Hi-Tek's verse is mostly different compared to release, with only a few bars being the same and Nas has the same 1 verse.",3:26,,,OG,Full,High Quality,https://pillows.su/f/6047e2101d6135cf78ce234f4614f611
Hip-Hop Is Dead,"The Scientist [V1]
(prod. Just Blaze)
(Tell Ya Momma)","Recorded for 'Hip-Hop Is Dead' according to Just Blaze. Samples ""No Opportunity Necessary, No Experience Needed"" by Yes.",?:??,,,OG,Partial,High Quality,https://pillows.su/f/6cb5bb0dbb19a2c042af7ac27066ac8c
Hip-Hop Is Dead,"The Whole World Is Ghetto [V1]
(feat. will.i.am) (prod. will.i.am)
(The Ghetto)","Original version of The Game's song ""The Ghetto"", originally mentioned by will.i.am in the March/April 2007 issue of Scratch Magazine.",?:??,,,OG,Confirmed,Not Available,
Hip-Hop Is Dead,"Top Down [V1]
(feat. Swizz Beatz) (prod. Swizz Beatz)
(Be Worried)","Original unmastered version of Top Down OG. Was leaked in May 2009 by Evil Empire under the title ""Be Worried"". Swizz Beatz would later release the mastered version of the song in early 2011.",3:52,2006,"May 30, 2009",OG,Full,High Quality,https://pillows.su/f/cdd4340924612d72e167f32264dad9ee
Hip-Hop Is Dead,"Unforgettable [V1]
(feat. Chrisette Michele) (prod. will.i.am)
(Can’t Forget About You)","Has different lyrics, including ""Mom's cooking used to wake me up/ Deep/ 'Cause now my wife's cookin' puts me to sleep"".",?:??,,,OG,Confirmed,Not Available,https://web.archive.org/web/20080219191616/http://www.mtv.com/news/articles/1542740/20061009/nas.jhtml
Hip-Hop Is Dead,"Vernon Family [V1]
(prod. Pharrell Williams)","""Vernon Family"" from 'The Lost Tapes 2' dates all the way back to 'Hip-Hop Is Dead' era, and an early version of the instrumental that was likely used for this version of the track was used in a promo video for Pharrell's book ""Places And Spaces I've Been"" in 2012.",?:??,,,OG,Snippet,Low Quality,Pharrell: Places and Spaces I've Been
Hip-Hop Is Dead,"🥇 White Man's Paper
(feat. Damien Marley) (prod. Afrikan)
(War)","Mentioned in an October 2006 MTV talking about tracks on 'Hip-Hop Is Dead' and was played to FADER. Said to have Nas ""going political"", lashing out against what he calls unfair media views. Said to have a reggae-flavored feel. Has the lyrics:

“I get my news from that white man’s paper
So I get my views from that white man’s paper
My people act a fool for that white man’s paper
And I don’t think it’s cool, Fuck that white man’s paper
No books in our school cuz that white man’s paper,
Is droppin’ cruise missiles on the head of our neighbors
And I’m like why?”",N/A,,,Throwaway,Confirmed,Not Available,"https://web.archive.org/web/20080219191616/http://www.mtv.com/news/articles/1542740/20061009/nas.jhtml
https://www.thefader.com/2006/10/12/rebirth/
https://djbooth.net/features/nas-sets-out-to-prove-hip-hop-still-alive/"
Hip-Hop Is Dead,"Who Killed It? [V1]
(prod. will.i.am)","Salaam Remi re-did the orchestra on the track whilst will.i.am was on the road in China and unable to work, meaning that the track originally had a different orchestra part.",?:??,,,OG,Confirmed,Not Available,https://web.archive.org/web/20120831191422/http://www.okayplayer.com/news/salaam-remi-nas-amy-winehouse-interview.html
Hip-Hop Is Dead,???,"According to Salaam Remi, the hook for ""Hip-Hop Is Dead"" (the song) came from a different song. No other details were given about the song.",?:??,,,Demo,Confirmed,Not Available,https://youtu.be/iJfAYJV63Kg?si=6FKmgyzPMLyRPpwg&t=138
Hip-Hop Is Dead,"???
(Classic (Better Than I've Ever Been))","In a 2006 interview with Rolling Stone, Nas said there was a lyric on his upcoming album that said:

""Oh, you went platinum?
That’s nice, now let me see you do the same shit twice
Three times, four times, then a couple more times, please
You’re amateur night, it’s showtime.""

These lyrics were later re-used for ""Classic (Better Than I've Ever Been)"" in 2007. It's also possible that the song was originally made for 'Hip-Hop Is Dead'.",?:??,,,Throwaway,Confirmed,Not Available,https://www.rollingstone.com/music/music-news/nas-goes-dark-98010/
Hip-Hop Is Dead,"??? [V1]
(prod. Salaam Remi)
(A Queens Story)","According to Salaam Remi, Nas originally recorded over the instrumental for ""A Queens Story"" during the 'Hip-Hop Is Dead' era. Likely doesn't share anything in common with ""A Queens Story"" except the instrumental.",?:??,,,OG,Confirmed,Not Available,https://web.archive.org/web/20120831191422/http://www.okayplayer.com/news/salaam-remi-nas-amy-winehouse-interview.html
Hip-Hop Is Dead,"???
(feat. ???)","In a January 2006 XXL article, Nas revealed that he was almost done working on a ""Queens anthem with another big Queens dude"". It is unknown who the other artist is as it could be anyone from LL Cool J to Pharoahe Monch.",?:??,,,Throwaway,Confirmed,Not Available,https://web.archive.org/web/20060512202007/http://hiphophavoc.webhost4life.com/news/2006/01/xxl-magazines-top-10-most-anticipated.html
Hip-Hop Is Dead,"???
(feat. Quan)","In a 2006 Complex interview, Nas said that him and the singer Quan have a song that they're ""trying to put together"". He also said he wasn't sure if the song would make the album, it did not.",?:??,,,Throwaway,Confirmed,Not Available,https://www.complex.com/music/a/toshitaka-kondo/nas-2006-interview
Hip-Hop Is Dead,Unknown [JAŸ-Z Collaborations],"According to XXL, JAŸ-Z and Nas knocked out three songs in one night, one of which being ""Black Republican,"" and that ended up making the album. Another one of these was apparently the Tru Life song.",N/A,,,Throwaway,Confirmed,Not Available,https://web.archive.org/web/20061110100056/http://xxlmag.com/online/?p=5224
Hip-Hop Is Dead,Unknown [Sinner Collaborations],"In a 2006 Complex interview, Nas named Sinner as one of the singers who he's recorded with for Hip-Hop Is Dead.",N/A,,,Throwaway,Confirmed,Not Available,https://www.complex.com/music/a/toshitaka-kondo/nas-2006-interview
Hip-Hop Is Dead,Unknown [Swizz Beatz Collaborations],"In August 2006, Swizz Beatz told MTV he gave Nas 4 beats for Hip-Hop Is Dead. Top Down was one of these beats.",N/A,,,Throwaway,Confirmed,Not Available,https://web.archive.org/web/20060815180536/http://www.mtv.com/bands/m/mixtape_monday/081406/
Hip-Hop Is Dead,Unknown [T-Black Collaborations],"In a 2006 Complex interview, Nas named T-Black as one of the singers who he's recorded with for Hip-Hop Is Dead.",N/A,,,Throwaway,Confirmed,Not Available,https://www.complex.com/music/a/toshitaka-kondo/nas-2006-interview
Hip-Hop Is Dead,"Kelis - Handful [V1]
(feat. Nas) (prod. Bangladesh)","Original version of ""Handful"" with a feature from Nas that was removed for the release.",3:03,,,OG,Full,High Quality,https://pillows.su/f/deba5310fbe7a39aee22777e309322a7
Hip-Hop Is Dead,"The Game - Gutter [V1]
(feat. Kelly Rowland) (prod. Scott Storch)
(War, The Razor, Razor, I'll Find You)","Untagged/no DJ version of Gutter/Razor. Was recorded during the ""Doctor's Advocate"" sessions but ended up releasing on ""YouKnowWhatItIs Volume. 4"" in 2007 after it didn't make the album. Beat was also used by DJ Clue on his album ""The Professional 3"" with Nas rapping over it. Verses were later mostly reused for ""I'll Find You'.",4:42,,,Throwaway,Full,High Quality,https://pillows.su/f/be07a163df00a65b5c12753851594e03
Hip-Hop Is Dead,"The Game - It's Okay (One Blood) (East Coast Remix) [V1]
(feat. Junior Reid, G.A.G.E., Jim Jones, Fabolous, Clipse, Juelz Santana, Nas, D-Block, Fat Joe, N.O.R.E. & Ja Rule) (prod. D-Roc & Reefa)","G.A.G.E. did a verse for the remix, but was eventually cut.",?:??,,,OG,Confirmed,Not Available,https://youtu.be/HRnjODSLNBA?si=YBitEXrfoWVYD9DG&t=2675
Hip-Hop Is Dead,"The Game - Street Riders [V1]
(feat. Nas & Akon) (prod. Cool & Dre)","Cool & Dre said they did 3 songs for Doctor's Advocate with the ones they named being People and Stop and the other song being one with Nas that went unnamed. The third song has to be Street Riders as in August 2010 DJ Skee revealed that the song was originally for Doctor's Advocate before being put on the ""Brake Lights"" mixtape. Was considered for LAX.",?:??,,,OG,Confirmed,Not Available,https://web.archive.org/web/20070909134639/http://www.mtv.com/news/articles/1537121/20060725/game_the.jhtml
Hip-Hop Is Dead,"The Game - Street Riders [V2-7]
(prod. Cool & Dre)","DJ Skee said that there was ""a bunch of different reincarnations"" of Street Riders, with him having 8 of them. Could also mean solo versions of the song.",?:??,,,OG,Confirmed,Not Available,https://genius.com/The-game-street-riders-lyrics
Hip-Hop Is Dead,"Diddy - Everything I Love [V5?]
(feat. Aasim, Nas & CeeLo Green) (prod. Kanye West)
(Ghetto Love)","According to el gusto, there is a more developed session for this song with vocals from Diddy, Aasim, Nas and CeeLo Green, some of which appeared on the released version of ""Everything I Love"". Likely after the song was given to Diddy due to the features, but unknown if Kanye is still present.",?:??,,,OG,Rumored,Not Available,N/A
Hip-Hop Is Dead,"🥇 Tru Life - ???
(feat. JAŸ-Z & Nas)","Track recorded either during Tru Life's stint at Roc-La-Familia or when he was signed to Def Jam before moving to the Roc in the mid-2000s. No Nas vocals are heard in the preview Tru Life gave, but he has said that he is on there on both the song itself and interviews.",?:??,,,Feature,Snippet,Recording,https://www.youtube.com/watch?v=m2P9TVMYi_o
"10 Full
3 Tagged
3 Partial
1 Snippet(s)
0 OG File(s)
0 Stem Bounce(s)
26 Unavailable","Nas
(Nigger, Nigga, Untitled)","(12/19/2006) (Hip-Hop Is Dead officially releases)
(10/13/2007) (Nas announces the album, then titled ""Nigger"")
(06/10/2008) (Nas changes the name to ""Untitled"")
(07/01/2008) (Missed release date)
(07/15/2008) (Nas officially releases)",,,,"Nas, or as it's most commonly known by, Nigger, is Nas' 9th solo studio album and released on July 7th, 2008. This album is Nas' most controversial in his entire catalogue, mostly down to its original title. Whilst various celebrities and thousands of fans defended the album's title, Nas was not allowed to release it under that name and was forced to change it to a self-titled/untitled album. The album is very political, focusing on both historic and modern day racism, as well as modern American politics, throwing shots at various politicians and TV news networks in tracks such as ""Sly Fox"".",,,
Nas,"America's Top Brothel
(prod. stic.man)","Was on a second early tracklist for (at the time titled) ""Nigger"". Also mentioned in a The Guardian article about the album.",?:??,,,Throwaway,Confirmed,Not Available,"https://www.theguardian.com/music/2008/jun/02/urban
https://web.archive.org/web/20080529062200/http://www.urb.com/features/1034/NiggardlyNas.php?PageId=3"
Nas,"⭐ Be A Nigger Too
(prod. Salaam Remi)
(You're A Nigger Too)","A track about racism from the whites to minorities such as African Americans, Asians, Jews, Latinos and Italian Americans. Based off a song from an old Dr. Pepper commercial. This track isn't technically leaked but was never released either physically, on streaming services or played on TV. Supposedly left off the album due to sample clearance issues, but this isn't too likely. Interpolates ""Niggaz 4 Life"" by N.W.A.",3:16,,"Apr 20, 2008",Throwaway,Full,High Quality,https://pillows.su/f/7a0ad20c8ac9520cbd73426be09759a1
Nas,"Be Right
(prod. No I.D. & Jermaine Dupri)
(I Don't Wanna Be Right)","Nas era throwaway. The first verse was later re-used for ""Make The World Go Round"". No I.D. mentions producing this song with Jermaine Dupri in an interview.",2:40,,,Throwaway,Full,CD Quality,https://pillows.su/f/a534452a3515c664fb28f27e03927495
Nas,"Black James Bond [V1]
(prod. Salaam Remi)
(The Black Bond)","According to Salaam Remi, the 'Life Is Good' track ""The Black Bond"" started during the 'Untitled' sessions. Was likely called ""Black James Bond"" at this point, as that is the title is referred to as in another interview before the release of 'Life Is Good'. Differences unknown, if any.",?:??,,,OG,Confirmed,Not Available,"https://web.archive.org/web/20120831191422/http://www.okayplayer.com/news/salaam-remi-nas-amy-winehouse-interview.html
https://www.complex.com/music/a/rob-marriott/interview-salaam-remi-speaks-on-producing-for-nas-life-is-good"
Nas,"🏆 Colors
(feat. Bēkon) (prod. DJ Khalil)","Throwaway track about ethnicities, childhood and the struggles of mixed race children. Has vocals from a young Bēkon, at the time known as Danny Keyz. Recorded at HOB Studios in L.A. in 2008. Tagged studio footage previewed by DJ Khalil on his blog after the track didn't make the album.",?:??,2008,"Jul 22, 2009",Throwaway,Partial,Recording,https://imgur.gg/f/ecuyJEQ
Nas,Drama For Dummies,"Nas throwaway, leaked with tags on some random mixtape.",3:10,,,Throwaway,Tagged,High Quality,https://pillows.su/f/6ccc5b3d485eff33f5495f179561f944
Nas,"It Is What It Is [V1]
(Esco Let's Go, What It Is, War Is Necessary)",DJ Khalil mentioned that by the time he was sent the song it had already been recorded but needed a different beat.,?:??,,,OG,Partial,High Quality,https://pillows.su/f/60a4ed41fc72432816ecd22cac273dbd
Nas,"Esco Let's Go [V2-V3]
(prod. DJ Khalil)
(It Is What It Is, What It Is, War Is Necessary)",DJ Khalil mentioned that he did 2 other versions of the beat before coming up with the one that leaked.,?:??,,,OG,Confirmed,Not Available,https://www.complex.com/music/a/insanulahmed/dj-khalil-tells-all
Nas,"✨ Esco Let's Go [V4]
(prod. DJ Khalil)
(It Is What It Is, What It Is, War Is Necessary)","Untagged and unmastered. Also has a filter on the intro, a different vocal take, a different line in verse 1 (picture Amerie eating free/picture Amerie eating Roxy) and a different mix.",4:10,,,OG,Full,High Quality,https://pillows.su/f/ccf7ab525fc7b4e35612b0f8dc73b1f2
Nas,"Fried Chicken [V1]
(prod. Mark Ronson)","After recording the first verse, Nas sat on the track while he tried to find a feature for the song. He originally considered getting Common but decided on Busta Rhymes, who recorded his part overseas.",?:??,,,Demo,Confirmed,Not Available,https://web.archive.org/web/20081206160708/http://www.mtv.com/news/articles/1591198/20080718/nas.jhtml
Nas,"Gangstas Don't Die
(feat. Rick Ross & Jadakiss) (prod. Cool & Dre)","Track #3 on a second early tracklist for (at the time titled) ""Nigger"". It was mentioned before in an MTV article from May 2008 that Nas was looking to work with Rick Ross for the album.",?:??,,,Throwaway,Confirmed,Not Available,https://web.archive.org/web/20160122024931/http://www.mtv.com/news/1587428/nas-previews-controversial-album-for-mtv-news-im-here-to-rap-about-what-i-feel/
Nas,"Legendary (Mike Tyson) [V1]
(prod. Salaam Remi)",Untagged/No DJ.,2:35,,,OG,Full,High Quality,https://pillows.su/f/9ca6b777718c5d6106c8ae8ac27bb7cd
Nas,Livin' It,"Untitled era demo. Was leaked on a mixtape titled ""El Dorado Black"" by DJ 31 Degreez. Untagged has yet to surface but an edit can be heard here. Some bars were reused on Hero, or Hero reused the bars as it's unknown which song came first.",2:25,,2009,Demo,Tagged,High Quality,https://pillows.su/f/e3089417aacdc7ab437346e488925206
Nas,"The Game - Make The World Go Round [V1]
(prod. The Game & Cool & Dre)","According to Nas, the track was originally a solo Game track that he sent him. Didn't have Chris Brown yet either.",?:??,,,Demo,Confirmed,Not Available,https://web.archive.org/web/20081206160708/http://www.mtv.com/news/articles/1591198/20080718/nas.jhtml
Nas,"Make The World Go Round [V2]
(feat. Chris Brown & The Game) (prod. Cool & Dre & The Game)","Uncensored (""no homo, just Romo). Was censored to avoid legal trouble with Tom Cruise, as he has notoriously sued other people for defamation for similar instances.",~3:49,,,OG,Confirmed,Not Available,
Nas,"My Legacy
(prod. Polow Da Don)",Song produced by Polow Da Don during the 'Untitled' sessions. Said to be a deep track about Nas' legacy and if he will be remembered as a legend or just another black man whilst being a club song at the same time.,?:??,2008,,Throwaway,Confirmed,Not Available,https://web.archive.org/web/20080313120920/http://www.mtv.com/news/articles/1582130/20080222/lil_wayne.jhtml
Nas,"N.I.G.G.E.R. (The Slave and the Master) [V1]
(prod. DJ Toomp)","A demo of The Slave and the Master was played at the end of the Be A Nigger Too music video. Has no verses, horrible mixing, a different intro with a fade-in, and an underdeveloped beat. Has Nas screaming over the intro as this is a music video rip. Unknown if this is the full thing or not, but it's likely just half of the demo.",?:??,,,Demo,Partial,High Quality,https://pillows.su/f/8b0d9d67f9adf471679ab184526a7537
Nas,"Power, Paper & Pussy [V1] 
(prod. Salaam Remi & Nas)
(Last Real Nigga Alive Pt. 2)","Short freestyle that was recorded for DJ Green Lantern's mixtape ""Invasion Radio 2K10"". It was played by Funkmaster Flex who aired it on Hot 97 and then posted the untagged clean file on his website. An untagged explicit version of the song was later posted on Rap-Up a day later. Recorded in New York City.",1:16,,"Aug 31, 2010",OG,Full,High Quality,https://pillows.su/f/64e794d1ded43ff8134f8fbc3d2ada05
Nas,"Proclamation [V1]
(prod. Nas)",A version of Proclamation with a longer intro and outro was used in the intro of the Be A N---ger Too music video.,2:17,,,OG,Full,High Quality,https://pillows.su/f/6f5bf0728626234cc84adc8c6e79d723
Nas,"Project Roach [V2]
(prod. No I.D.)
(The Household Roach)","According to various sources, the song ""Project Roach"" was originally produced by No I.D. rather than Eric Hudson. In an interview with No I.D., he said that Nas tended to re-use his raps over different beats, and that he heard Nas' raps on this song over a different beat (likely the version that released). Said by No I.D. to have a soulful, vintage beat that would fit someone like Common.",?:??,,,OG,Confirmed,Not Available,"https://web.archive.org/web/20160122024931/http://www.mtv.com/news/1587428/nas-previews-controversial-album-for-mtv-news-im-here-to-rap-about-what-i-feel/
https://web.archive.org/web/20080621112914/https://www.hiphopgame.com/index2.php3?page=noid"
Nas,"The Fear Of The Black Man's Dick
(Fear Of Mandingo, The Fear Of The Black Man, The Fear)",Said to exist by Nas in an interview with MTV News. Leaked in January 2009. One of the song titles of all time.,3:35,,"Jan 13, 2009",Throwaway,Full,High Quality,https://pillows.su/f/5952668ca678b4a20a0cd7114a7189d6
Nas,"🏆 The Scientist [V2]
(feat. JAŸ-Z) (prod. Just Blaze)
(Tell Ya Momma)","Further along version with a JAŸ-Z feature. Thought to be an extension of the original leak, but according to Just Blaze, JAŸ-Z didn't initially record for the track during the 'Hip-Hop Is Dead' era. He also said that DJ Green Lantern was in possession of the version with Jay, likely meaning that his version was recorded during the 'Untitled' era, as that's when Nas and Green Lantern worked together the most.",?:??,,,OG,Snippet,High Quality,https://pillows.su/f/71942612ae5b566fe50476f74071ccbc
Nas,"This Is Not America [V1]
(prod. Stargate)
(America)","Original version of ""America"" with a different beat built around a sample of ""This Is Not America"" by David Bowie. The track was referred to by the same name as its sample in a preview article by MTV News for the 'Untitled' album. Changed for release due to sample clearance issues.",3:58,,,OG,Full,High Quality,https://pillows.su/f/1e6069a30077a58f58dc5a7e4e618a20
Nas,"Sly Fox [V1-?]
(ref. stic.man) (prod. stic.man)","According to stic.man, when talking about rumours that he ghostwrote for Nas, he said that he gave Nas hook ideas for the song ""Sly Fox"". Unknown if any of these were recorded.",?:??,,,Ref Track,Confirmed,Not Available,https://www.vibe.com/news/entertainment/dead-prez-sticman-dismisses-ghostwriting-nas-didnt-happen-107572/
Nas,"???
(prod. Jake One)","In a Dubcnn interview, Jake One mentioned he made a song with Nas for Untitled. This song did not end up making the cut.",?:??,,,Throwaway,Confirmed,Not Available,https://www.dubcnn.com/interviews/jakeone/
Nas,Unknown [Diddy Collaborations],"In a MTV article from November 2007, Nas said that Diddy would be helping him close out the production for his album and that it was in the ""developmental stages"". Due to his wording, it is unknown if anything actually came out of this.",N/A,,,Unknown,Confirmed,Not Available,https://web.archive.org/web/20080307093640/http://www.mtv.com/news/articles/1575258/20071128/nas.jhtml
Nas,Unknown [DJ Toomp Collaborations],"In an interview, DJ Toomp said that he made around three unreleased Nas tracks. These are most likely from 'Untitled' sessions, as he has said that Kelis and Jay Electronica were present at the sessions, and he has production credits on ""N.I.G.G.E.R. (Slave And The Master)"". Also said by Nas himself that DJ Toomp would provide production on the album.",N/A,,,Throwaway,Confirmed,Not Available,https://youtu.be/sfHwXyUhkJM?t=3195
Nas,Unknown [Jermaine Dupri Collaborations],"In a MTV article from November 2007, Nas said that Jermaine would be helping him close out the production for his album. His only known contribution is ""Be Right"", which is unreleased. Unknown if Nas did anything more with him but he likely did.",N/A,,,Unknown,Confirmed,Not Available,https://web.archive.org/web/20080307093640/http://www.mtv.com/news/articles/1575258/20071128/nas.jhtml
Nas,Unknown [will.i.am Collaborations],Nas worked with will.i.am for the album however the songs he did with him were scrapped from the album and ended up in other peoples hands. Unknown if Nas meant the beats or the beats and Nas' vocals.,N/A,,,Throwaway,Confirmed,Not Available,https://web.archive.org/web/20080315093538/http://www.mtv.com/bands/m/mixtape_monday/091007/
Nas,"Amy Winehouse - Like Smoke [V1]
(prod. Salaam Remi)","Nas was not originally featured on ""Like Smoke"", as he and Amy had never worked together whilst she was alive. Confirmed to have been originally recorded in May 2008, and Nas' part was later recorded in October 2011.",?:??,May 2008,,OG,Confirmed,Not Available,"https://www.hollywoodreporter.com/music/music-news/amy-winehouse-death-nas-salaam-remi-cherry-wine-353034/
https://web.archive.org/web/20120209025316/http://www.mtv.com/news/articles/1673692/amy-winehouse-nas-like-smoke.jhtml"
Nas,"DMX - ???
(feat. Nas)",Nas was said to be on Walk With Me Now (Scrapped DMX album) in an article. ,?:??,,,Throwaway,Confirmed,Not Available,https://web.archive.org/web/20090728063923/http://www.mtv.com/news/articles/1583469/20080314/dmx.jhtml
Nas,"Dead Prez - We're Not Alone [V1]
(feat. Mykel) (prod. stic.man)","According to stic.man, the track ""We're Not Alone"" started as a hook on an open beat meant for Dead Prez' album 'Information Age', but he gave it to Nas as he thought it would fit the 'Untitled' album.",?:??,,,Demo,Confirmed,Not Available,https://www.vibe.com/news/entertainment/dead-prez-sticman-dismisses-ghostwriting-nas-didnt-happen-107572/
Nas,"Dr. Dre - Topless [V1]
(ref. The D.O.C.) (feat. Sly Pyper) (prod. DJ Khalil)","Since the file name for Topless is ""Doc Version"" it can be implied that the verse was written by The D.O.C.",?:??,,,Ref Track,Confirmed,Not Available,
Nas,"Dr. Dre - Topless [V2]
(feat. Sly Pyper) (prod. DJ Khalil)","OG Filename: Topless (Dre) V1 Doc Version
Has a completely different Dre verse as well as one different line in the hook. Sly's hook is slightly different than other versions. From late 2007. Leaked by Mario Kart.",1:40,2007,"Jun 7, 2024",OG,Full,High Quality,https://pillows.su/f/16c2c643cb75585571ce2cf2d0d82829
Nas,"Dr. Dre - Topless [V3]
(ref. Ab-Liva) (feat. Sly Pyper) (prod. DJ Khalil)",Ab-Liva confirmed in a instagram comment section that he wrote to the Topless beat in during one of his Detox sessions. Unknown when exactly this was recorded.,?:??,,,Ref Track,Confirmed,Not Available,https://www.instagram.com/p/DPmLEK2DG44/
Nas,"Dr. Dre - Topless [V4]
(feat. Sly Pyper) (prod. DJ Khalil)","When talking about writing to Topless Ab-Liva said that ""I wrote one of the different verses he tried on this beat"" meaning Dre recorded to his reference track at some point.",?:??,,,OG,Confirmed,Not Available,https://www.instagram.com/p/DPmLEK2DG44/
Nas,"Dr. Dre - Topless [V5]
(ref. The D.O.C.) (feat. Slim The Mobster & Sly Pyper) (prod. DJ Khalil)",Leaked in 2020. Has The D.O.C. doing a reference for Dre and a new intro.,3:07,,"Jul 12, 2020",Ref Track,Full,High Quality,https://pillows.su/f/a5574fcf8ce144a4b9fddb9b68388e4b
Nas,"Fabolous - Watch Your Shorty [V1]
(feat. Nas & Ne-Yo) (prod. Erick Sermon)
(Nobody Do It Better)","Leaked by Clinton Sparks. Beat was released by Keith Murrary for his song ""Nobody Do It Better"" with Tyrese Gibson, which released in July 2007.",2:36,,"Jul 10, 2009",Feature,Tagged,High Quality,https://pillows.su/f/6f95f1332d14d52d81a017cd6872cb40
Nas,"Kanye West - Classic (Better Than I've Ever Been - DJ Premier Remix) [V1]
(with Rakim) (prod. Rakim)
(Better Than I've Ever Been)","Originally when Rakim got the song and was told to remix it, he made his own beat to it but at the wrong tempo (100 instead of 107) so when they placed his vocals on the Rick Rubin beat he was rapping at the wrong tempo. DJ Premier was then called in to fix Rakim and remix the beat.",?:??,,,Demo,Confirmed,Not Available,https://www.complex.com/music/a/jaeki-cho/dj-premier-tells-all-stories-behind-classic-records
Nas,"Salaam Remi - Find My Love [V1]
(feat. Amy Winehouse) (prod. Salaam Remi)",Was originally just a demo made from a jam session between Salaam and Amy. Did not have Nas on it as he recorded over it later on in 2018 or 2019. Salaam did other work with Amy around this time so the original demo probably originates from this time period.,?:??,,,Demo,Confirmed,Not Available,https://www.billboard.com/music/rb-hip-hop/salaam-remi-nas-amy-winehouse-find-my-love-8498695/
Nas,"The Game - Letter To The King [V1]
(prod. Hi-Tek)","Game originally created the track without Nas, and was thinking of getting Common on it before deciding on him.",?:??,,,Demo,Confirmed,Not Available,https://web.archive.org/web/20101101052918/http://www.mtv.com/news/articles/1593582/20080826/game__3_.jhtml
Nas,"M-1 - ???
(feat. Nas)","In a MTV article, M-1 of Dead Prez said that he did a song with Nas.",?:??,,,Feature,Confirmed,Not Available,https://web.archive.org/web/20080119054607/http://www.mtv.com/bands/m/mixtape_monday/052907/
Nas,"will.i.am - ???
(feat. Nas)","In a 2007 interview, will.i.am said he was working on an album called 'Black Einstein' in tandum with his album 'Songs About Girls', and that it had features from Nas, Kanye, Slick Rick and Common. The album never came out and neither did any of the songs seemingly.",?:??,,,Feature,Confirmed,Not Available,https://allhiphop.com/features/will-i-am-the-professor-of-production-from-eazy-e-and-black-eyed-peas-to-nas-and-the-game/
"0 Full
0 Tagged
0 Partial
1 Snippet(s)
0 OG File(s)
0 Stem Bounce(s)
14 Unavailable","Distant Relatives
(Collaboration with Damian Marley)","(07/15/2008) (Nas officially releases)
(05/18/2010) (Distant Relatives officially releases)",,,,"Distant Relatives is a collaborative studio album by Nas and Jamaican reggae vocalist Damian Marley. It was released on May 18, 2010, by Universal Republic, Def Jam Recordings and Columbia Records.",,,
Distant Relatives,"As We Enter [V1]
(prod. Damien Marley)","Snippet of this song leaked in 2009, lacks the beatswitch.",?:??,,"Jun 24, 2009",OG,Snippet,Low Quality,https://pillows.su/f/4579857aff9ac0f6f8313d6719a6ccf3
Distant Relatives,"AID
(prod. K'NAAN & Nas)",Track #11 on an early 'Distant Relatives' tracklist.,?:??,,,Album Track,Confirmed,Not Available,https://web.archive.org/web/20100407181816/http://content.onsmash.com/archives/30256
Distant Relatives,"Belief Is Key
(prod. Damian Marley)",Track #5 on an early 'Distant Relatives' tracklist.,?:??,,,Album Track,Confirmed,Not Available,https://web.archive.org/web/20100407181816/http://content.onsmash.com/archives/30256
Distant Relatives,"Black Horizon
(feat. K'NAAN) (prod. Damian Marley)",Track #7 on an early 'Distant Relatives' tracklist.,?:??,,,Album Track,Confirmed,Not Available,https://web.archive.org/web/20100407181816/http://content.onsmash.com/archives/30256
Distant Relatives,"Black Man's Paper
(feat. Erykah Badu) (prod. Afry)","Track #14 on an early 'Distant Relatives' tracklist. Specifically listed as a UK bonus track. Likely related to the track ""War"" (also known as ""White Man's Paper"") from 'Hip-Hop Is Dead' era.",?:??,,,Album Track,Confirmed,Not Available,https://web.archive.org/web/20100407181816/http://content.onsmash.com/archives/30256
Distant Relatives,Wisdom (Sabali),Track #5 on an early 'Distant Relatives' tracklist.,?:??,,,Album Track,Confirmed,Not Available,https://exclaim.ca/music/article/nas_damian_marley_reveal_distant_relatives_tracklist_release_date_lil_wayne_guest_spot
Distant Relatives,"The Earth
(feat. Bob Marley) (prod. Salaam Remi, Damian Marley & Stephen Marley)",Track #13 on an early 'Distant Relatives' tracklist.,?:??,,,Album Track,Confirmed,Not Available,https://web.archive.org/web/20100407181816/http://content.onsmash.com/archives/30256
Distant Relatives,"Empowerment
(prod. Stephen Marley)",Track #10 on an early 'Distant Relatives' tracklist.,?:??,,,Album Track,Confirmed,Not Available,https://web.archive.org/web/20100407181816/http://content.onsmash.com/archives/30256
Distant Relatives,"Intro (Something New)
(prod. Damian Marley)",Track #1 on an early 'Distant Relatives' tracklist.,?:??,,,Album Track,Confirmed,Not Available,https://web.archive.org/web/20100407181816/http://content.onsmash.com/archives/30256
Distant Relatives,"Let's End It (Poverty)
(feat. K'NAAN) (prod. 9th Wonder & Damian Marley)",Track #12 on an early 'Distant Relatives' tracklist.,?:??,,,Album Track,Confirmed,Not Available,https://web.archive.org/web/20100407181816/http://content.onsmash.com/archives/30256
Distant Relatives,"Only The Strong
(prod. Damian Marley & Stephen Marley)",Track #8 on an early 'Distant Relatives' tracklist.,?:??,,,Album Track,Confirmed,Not Available,https://web.archive.org/web/20100407181816/http://content.onsmash.com/archives/30256
Distant Relatives,"Our Generation [V1]
(feat. Joss Stone & Stevie Wonder) (prod. Damian Marley)
(My Generation)",Track #9 on an early 'Distant Relatives' tracklist. Has Stevie Wonder in place of Lil Wayne.,?:??,,,OG,Confirmed,Not Available,https://web.archive.org/web/20100407181816/http://content.onsmash.com/archives/30256
Distant Relatives,"Revolutionary
(prod. Damian Marley)",Track #3 on an early 'Distant Relatives' tracklist.,?:??,,,Album Track,Confirmed,Not Available,https://web.archive.org/web/20100407181816/http://content.onsmash.com/archives/30256
Distant Relatives,"Weed On
(feat. Snoop Dogg) (prod. Damian Marley)",Track #15 on an early 'Distant Relatives' tracklist. Specifically listed as an iTunes bonus track.,?:??,,,Album Track,Confirmed,Not Available,https://web.archive.org/web/20100407181816/http://content.onsmash.com/archives/30256
Distant Relatives,Unknown [Unused Material],"The original plan for Distant Relatives was to make it an EP with previously unreleased songs from both artists. It's likely ""White Man's Paper"" from 'Hip-Hop Is Dead' era was one of these.",?:??,,,Other,Confirmed,Not Available,https://web.archive.org/web/20090425012150/http://music-mix.ew.com/2009/04/nas-damian-marl.html
"11 Full
1 Tagged
0 Partial
2 Snippet(s)
3 OG File(s)
0 Stem Bounce(s)
38 Unavailable",Life Is Good,"(07/15/2008) (Nas officially releases)
(Early 2011) (Life Is Good begins recording)
(07/12/2012) (Life Is Good officially releases)",,,,"While breakups, personal struggles and tragedy can be painful events in our lives, they also bring opportunities for new beginnings and critical introspection, they also make great songwriting material. Life is Good is Nas' tenth studio album (his third under his deal with Def Jam) and features a man fresh off his divorce from Kelis, a man who has grown from the experience and is content with how things have gone since then, enough so as to have his ex-wife’s wedding dress symbolically featured on the album cover",,,
,Before Life Is Good,"(07/15/2008) (Nas officially releases)
(Early 2011) (Life Is Good begins recording)",,,,,,,
Life Is Good,"The Art Of It [V1]
(feat. J. Myers) (prod. Pete Rock)","In the lyrics for ""The Art Of It"" from 'The Lost Tapes 2', Nas says that he is 36, which would date the track to around 2009. Differences unknown, if there are any.",?:??,2009,,OG,Confirmed,Not Available,N/A
Life Is Good,"Film [V1]
(feat. Choklate) (prod. C-Sick)","A sample-free version of the track put out on YouTube by C-Sick. Originally thought to have been a remix, but is likely the OG version of the song as Nas is seen recording over this beat in the behind the scenes videos.",3:51,,,OG,Full,CD Quality,https://pillows.su/f/f5fe2c8b1c631e8f9384701e026832b2
Life Is Good,"⭐ Film [V2]
(feat. Choklate) (prod. C-Sick)","Track made as a result of the Red Bull Big Tune competition, where a young producer would be selected to work with a major artist of their choice and make a song. C-Sick, who selected Nas as his artist, was only 17 when he made this insane instrumental. Samples ""Free"" by Ultra Naté.",3:54,2009,,Throwaway,Full,CD Quality,https://pillows.su/f/29e7ed9f6a41c8b8738663ab5436ecc8
Life Is Good,"✨ I Have To [V1]
(prod. Sean C & LV)
(Rich and Black)","Original solo demo of ""Rich and Black"" with 2 unheard Nas verses and an open hook section.",2:05,,"Apr 27, 2009",OG,Full,High Quality,https://pillows.su/f/5f127ef8ec1c3cf2b6c7258476ae528e
Life Is Good,The Lost Tapes 2 [V2],"On September 15, 2010, Nas tweeted out ""It's coming... LOST TAPES VOLUME TWO!!!"" and later on that day MTV confirmed with Nas' team that The Lost Tapes 2 would drop on December 14th, 2010. The next month, an email from Nas to several Def Jam executives was leaked and showed Nas accusing them of purposefully underbudgeting the album. The album did not release on December 14th, but Nas still confirmed that it was coming. In May 2011, Nas spoke to MTV News, and stated that the project was officially dead, with the reason being that he didn't communicate with Def Jam clearly enough on what he wanted to do with the project as he was used to his independence under Sony, and that he was now focusing on his upcoming solo album, which would end up being 'Life Is Good'.",?:??,,,Full Album Copy,Confirmed,Not Available,"https://web.archive.org/web/20110127074544/http://www.mtv.com/news/articles/1647969/exclusive-nas-talks-lost-tapes-vol-2.jhtml
https://web.archive.org/web/20110124181637/http://www.mtv.com/news/articles/1649508/nas-accuses-def-jam-skimping-on-lost-tapes-vol-2-budget.jhtml
https://web.archive.org/web/20110105013835/http://www.mtv.com/news/articles/1655194/nas-talks-lost-tapes-vol-2-label-issues.jhtml
https://web.archive.org/web/20110519162645/http://www.misformusic.com/index.php/2011/03/nas-interview/
https://web.archive.org/web/20250813073129/https://hiphopdx.com/news/nas-says-time-for-lost-tapes-2-has-passed/"
Life Is Good,"Slow Movin'
(Platinum Pioneer)","'Life Is Good' era throwaway made around 2010. Snippet leaked April 5th, 2025. Was being sold by Max.",?:??,2010,"Apr 5, 2025",Throwaway,Snippet,CD Quality,https://pillows.su/f/b16036dd0b038fe74b1c7abbe1e8dfa5
Life Is Good,"Snitch Alibi
(add. ???) (prod. Boola)","Throwaway track from either 2009 or 2010 about snitches. Features additional hook vocals from two unknown male vocalists and an unknown female vocalist. Leaked by the track's producer, Boola, on December 2nd, 2010. Has a tag from Boola at the start.",3:29,2009-2010,"Dec 2, 2010",Throwaway,Tagged,High Quality,https://pillows.su/f/1cda6f1d4108671ba43263779eb5a313
Life Is Good,"Kanye West - Woopty Doo [V1]
(feat. CyHi & Big Sean) (prod. Kanye West & No I.D.)
(Whoop De Doo, Whoopty Doo)","According to CyHi in an interview, this song was originally meant to be a GOOD Fridays track, written the day before his sister passed. Later released on CyHi's mixtape Royal Flush 2 with only him and Big Sean.",?:??,,,OG,Confirmed,Not Available,https://www.reddit.com/r/GreenTileLeaks/comments/qk4vy3/chyi_woopty_doo_was_originally_a_track_from_the/?utm_source=share&utm_medium=ios_app&utm_name=iossmf
Life Is Good,"Woopty Doo [V2]
(feat. CyHi) (prod. Kanye West & No I.D.)
(Whoop De Doo, Whoopty Doo)","According to CyHi in an interview, the song was originally planned to be his single, but Nas wanted the beat instead. Nas likely ended up giving it back to CyHi as the song released without him on CyHi's mixtape 'Royal Flush 2'.",?:??,,,OG,Confirmed,Not Available,https://youtu.be/45qyJcRr2SA?si=zeCubftRjH00Ptcc
Life Is Good,Unknown [Pete Rock Collaborations],"In May 2009, it was reported that Pete Rock and Nas were working together. It's possible the beat for ""QueensBridge Politics"" or an original version of it originates from this these 2009.",N/A,,,Throwaway,Confirmed,Not Available,https://allhiphop.com/news/nas-and-pete-rock-working-on-new-music/
Life Is Good,Unknown [Jay Electronica Collaborations],"In Feburary 2010 Jay said that him and Nas ""have a project that we're doing"". Unknown how many songs were made for this or how far it got in devolopment.",N/A,,,Throwaway,Confirmed,Not Available,https://web.archive.org/web/20100425002106/http://www.mtv.com/news/articles/1632706/20100225/nas.jhtml
Life Is Good,Unknown [Q-Tip Collaborations],"In March 2010, Q-Tip said that he was ""working on Nas’ shit"". He ended up having no credits on 'Life Is Good', meaning whatever they worked on went unreleased.",N/A,,,Throwaway,Confirmed,Not Available,https://theurbandaily.com/615332/q-tip-producing-tracks-on-new-albums-by-nas-talib-kweli-kanye/
Life Is Good,"Amerie - Why R U (Remix)
(feat. Nas, Jadakiss, Kain & Rick Ross) (prod. Len Nicholson)","Official remix previewed on radio in July 2009, but never got properly released outside of that. Heavily samples ""One Love"" by Whodini.",5:09,,"Jul 21, 2009",Remix,Full,High Quality,https://pillows.su/f/4a5651e0776dd150e497ebdae0e6c454
Life Is Good,"DJ Khaled - Victory [V1]
(feat. John Legend, Kanye West, Nas & Jadakiss) (prod. DJ Khaled & The Inkredibles)","An early tracklist for DJ Khaled's album ""Victory"" included features from Kanye and Jadakiss on the title track. This was emailed to Navjosh in December 2009 so it's likely legit, considering that they got other tracks and features on the album correct.",?:??,,,OG,Confirmed,Not Available,"https://hiphop-n-more.com/2009/12/dj-khaled-victory-album-flyer-track-list/
https://hiphop-n-more.com/2010/02/shyne-kanye-jadakiss-no-longer-on-dj-khaleds-victory/"
Life Is Good,"Dr. Dre - Topless [V6]
(ref. T.I.) (feat. Nas & Sly Pyper) (prod. DJ Khalil)","Topless with a T.I. reference verse for Dre. From the late 2008 T.I. and Dre sessions along with Shit Popped Off, Coming Back & This Is Detox.",3:21,2008,"Feb 19, 2009",Ref Track,Full,High Quality,https://pillows.su/f/6f26b6ccd38f7f3dca66984af02a9b91
Life Is Good,"Dr. Dre - Topless [V7]
(ref. Eminem) (feat. Nas & Sly Pyper) (prod. DJ Khalil)","OG Filenames: 3.20.09 Topless_01
Leaked by Koolo. Eminem's verse is a reference for Dre. Made in Las Vegas during the Relapse 2 sessions.",2:35,"Mar 20, 2009","Jul 3, 2011",Ref Track,Full,High Quality,https://pillows.su/f/cbe8bbab4525520db70b9edbe66fdbdc
Life Is Good,"Dr. Dre - Topless [V8]
(feat. Nas & Sly Pyper) (prod. DJ Khalil)","In a voice memo from July 2010, Dre talked about Topless and, when he said he was going to recite some lyrics from it, rapped Eminem's reference verse. This implies Dre used and recorded over Eminem's reference at some point.",?:??,,,Demo,Confirmed,Not Available,https://www.youtube.com/watch?v=OTwyUSX6W7U
Life Is Good,"Dr. Dre - Topless [V9]
(feat. Snoop Dogg, Nas & Sly Pyper) (prod. DJ Khalil)","According to a reputable source, Snoop Dogg wrote for ""Topless"". Unknown if this is a feature or reference, but more likely a feature. Considering Nas was on every single version of the song we know of since him recording for it, he is potentially still on the song.",?:??,,,Unknown,Rumored,Not Available,N/A
Life Is Good,"Dr. Dre - Topless [V10]
(ref. Slim The Mobster) (feat. Nas & Sly Pyper) (prod. DJ Khalil)",In the comments of a post on Instagram 92bricks asked Slim The Mobster if he wrote the verse on the version of Topless that leaked and he said yes.,?:??,,,Ref Track,Confirmed,Not Available,https://pillows.su/f/a652357714f25dd7d416bea51232876e
Life Is Good,"✨ Dr. Dre - Topless [V11]
(feat. Nas & Sly Pyper) (prod. DJ Khalil)","Track #11 on Chad Kiser's 2009 'Detox' copy. This version is seemingly finished and has a new Dre verse, retains Nas' feature from the previous versions of the song and has proper mixing. Leaked by Chad Kiser.",2:45,2009,"Jul 19, 2017",Feature,Full,High Quality,https://pillows.su/f/9dafb594b02e2b154b5025faeade33ef
Life Is Good,"🏆 JAŸ-Z - Swagga Like Us Pt. 2
(feat. Jeezy, Nas & André 3000) (prod. Kanye West, Plain Pat, Jeff Bhasker & Mike Caren)","It has been reported by several reliable sources during the making of 'The Blueprint 3' that a sequel to ""Swagga Like Us"" would appear on the album with features from Jeezy, Nas and André 3K. The existence of this remix has never been proven, but never disproven either. Kanye also expressed interest in getting Jeezy on the official remix of ""Swagga Like Us"", which further increases the chances that this entry exists. Was likely cut from the album after ""D.O.A. (Death Of Autotune)"" was made and all autotune songs were cut. Unknown if T.I. was on this.",?:??,,,Remix,Rumored,Not Available,"https://web.archive.org/web/20231222221617/https://hiphopdx.com/news/id.7791/title.news-bits-the-jay-z-edition
https://web.archive.org/web/20081103221944/http://blogs.bet.com/music/soundOff/jay-z-gives-bp3-release-date/"
Life Is Good,"Kanye West - ???
(feat. Mos Def, Pusha T, Nas, Lil Wayne & Mack Maine)","In January 2011, a Young Money team mate tweeted that Kanye, Mos Def, Pusha T, Nas, Lil Wayne and Mack Maine were in the studio last weekend working on track. Any other details are unknown.",?:??,,,Feature,Confirmed,Not Available,https://web.archive.org/web/20110808014532/http://rapfix.mtv.com/2011/01/11/will-nas-join-kanye-wests-good-music-rooster/
Life Is Good,"The Game - I'll Find You [V3]
(prod. Just Blaze)
(War, The Razor, Razor, Gutter)","Updated version of Gutter with some different bars, an open hook section and a new beat produced by Just Blaze. Rumored to apparently be a Detox demo when it leaked so it was likely submitted to Dre for him to use the beat.",4:30,,"Apr 30, 2010",Demo,Full,High Quality,https://pillows.su/f/41c631b7c20cb1f38f9132c7506b5bf0
,Life Is Good Sessions,"(Early 2011) (Life Is Good begins recording)
(07/12/2012) (Life Is Good officially releases)",,,,,,,
Life Is Good,"JAŸ-Z & Kanye West - You Missed It [V1]
(ref. John Legend) (prod. Hit-Boy)
(Another Black Girl Lost, I Know You Missed It)","OG Filename: YouMissed It_JL Voc Ideas
John Legend ""You Missed It"" reference track. Mostly open after the first minute, likely for Kanye and JAŸ-Z to record on. Was later given to Nas and then given to Tony Williams. Leaked alongside the session.",3:02,"Feb 3, 2011","Jan 8, 2023",Ref Track,OG File,Lossless,https://pillows.su/f/6086da13066cd6808b7a016667da066f
Life Is Good,"Another Black Girl Lost [V2]
(feat. ???) (prod. Hit-Boy)
(You Missed It, I Know You Missed It)","A sequel to the song ""Black Girl Lost"" from 'It Was Written'. Uses the same beat as ""You Missed It"" and features an unknown female singer on the chorus. According to Nas, he was still working on the track when it leaked. Mentioned in a AllHipHop article from April 2012 about a week before it leaked that it was for Life Is Good.",3:51,2012,"Apr 16, 2012",Throwaway,Full,High Quality,https://pillows.su/f/0ccb16da969ae44227cb174fe4b8e7b1
Life Is Good,"The WRLDFMS Tony Williams - You Missed It [V3]
(ref. John Legend) (prod. Hit-Boy)
(Another Black Girl Lost, I Know You Missed It)","OG Filename: JL_KW 3 - FOR TONY (with Vox Ref)
2012 version of ""You Missed It"". Very similar to the WTT version except the mix is different and the open verse is cut. Song was later released by Tony Williams on his album King or the Fool: An Opera Volume I as ""I Know You Missed It"", still featuring some John Legend vocals.",1:11,2012,"Jan 8, 2023",Ref Track,Full,High Quality,https://pillows.su/f/7828b8499c715ff2765ea683f7db6f0d
Life Is Good,"Beautiful Life [V1]
(feat. RaVaughn) (prod. No I.D. & Kosha)","""Beautiful Life"" from 'The Lost Tapes 2' is confirmed to have been created during the 'Life Is Good' sessions. Has different lyrics in the first verse that were changed due to Nas feeling it was outdated. Also unknown if RaVaughn was on the track yet, considering the only other time she worked with Nas was specifically for 'The Lost Tapes 2'.",?:??,,,OG,Confirmed,Not Available,"Nas - Track Anatomy ""Beautiful Life"""
Life Is Good,"Bye Baby [V1]
(prod. Salaam Remi & 40)","Uncensored (""fucking other women""). Was censored due to legal disputes with Kelis.",~3:59,,,OG,Confirmed,Not Available,N/A
Life Is Good,"Daughters [V1]
(prod. No I.D.)","Has a slightly different chorus (""Shit for niggas with daughters"" instead of ""For my brothers with daughters"").",3:26,,,OG,Full,High Quality,https://pillows.su/f/207a56f39ceae969d57ee859b392fd47
Life Is Good,"Reach Out [V1]
(prod. Salaam Remi, Rodney Jerkins & DJ Hotday)","Originally didn't have Mary J. Blige. She jumped on the track at the last second, which saved it from being put out on a mixtape.",?:??,,,Demo,Confirmed,Not Available,https://web.archive.org/web/20120831191422/http://www.okayplayer.com/news/salaam-remi-nas-amy-winehouse-interview.html
Life Is Good,"Frank Ocean - No Such Thing As White Jesus [V1]
(prod. Hit-Boy)
(No White Jesus, Royalty)","According to Hit-Boy, ""No Such Thing As White Jesus"" originally only had Frank Ocean on it. Nas jumped on the track when Frank showed him it during a session later.",?:??,2011,,Demo,Confirmed,Not Available,https://www.hotnewhiphop.com/338968-hit-boy-speaks-on-finally-connecting-with-nas-and-reveals-advantage-over-his-fellow-producers-news
Life Is Good,"⭐ No Such Thing As White Jesus [V2]
(feat. Frank Ocean) (prod. Hit-Boy)
(No White Jesus, Royalty)","OG Filename: No Such Thing As White Jesus_ Ref Verses
The original version of ""Royalty"" from 'The Lost Tapes 2', with Frank Ocean doing the parts eventually done by RaVaughn on the released version. Has an intro from Frank that was cut from release, alternate hook lyrics about Christianity and white Jesus that were likely changed due to its controversy, alternate production and worse mixing. Leaked after a successful groupbuy.",5:02,"Aug 3, 2011","Apr 3, 2025",OG,OG File,Lossless,https://pillows.su/f/a37bc2bd2a003d3f86dcd2d9534c25cc
Life Is Good,"Padded Room [V1]
(prod. Boi-1da, Jordan Evans & Matthew Burnett)
(Trust)","Original version of the iTunes bonus track ""Trust"". Has a completely different hook.",?:??,2011,"Apr 5, 2025",OG,Snippet,CD Quality,https://pillows.su/f/7daa4a122c9b2035e88bb234c45fc746
Life Is Good,"Summer On Smash [V1]
(prod. Swizz Beatz)","When Swizz played the song for Miguel, it only had Nas' verses and no Swizz vocals, as Swizz wanted Miguel to do the hook but he ended up doing a verse instead.",?:??,,,Demo,Confirmed,Not Available,MIGUEL ✘ MONTREALITY ➥ Interview 2012
Life Is Good,"Summer On Smash [V2]
(feat. Miguel) (prod. Swizz Beatz)","Initial version with Miguel's verse and no Swizz vocals, although it's possible Swizz did the hook before the song was bounced.",?:??,,,Demo,Confirmed,Not Available,MIGUEL ✘ MONTREALITY ➥ Interview 2012 - YouTube
Life Is Good,"Street Shit [V1]
(feat. Swizz Beatz) (prod. Swizz Beatz)
(Bath Salts, Just Because, Zombie, Escobar Season Returns)","Original version of ""Street Shit"" previewed at the 'Life Is Good' listening party. Has a hook from Swizz Beatz and Nas' verse opens the song. It's likely Nas had more verses, but the full song wasn't played so we can't know for sure. Song owned by Max.",?:??,,,OG,Confirmed,Not Available,"https://soulculture.com/nas-previews-life-is-good-album-in-new-york-recap-video
https://web.archive.org/web/20120629050146/http://www.ddotomen.com/2012/06/15/nas-life-is-good-listening-session-review"
Life Is Good,"🥇 ???
(feat. Tyler, The Creator, Frank Ocean & Hodgy Beats)","According to Hodgy Beats; he, Frank Ocean and Tyler, The Creator were working on a track for 'Life Is Good'. Hodgy mentioned that the song was ""almost finished; we're just waiting on a verse..."", unknown if it was ever finished.",?:??,,,Demo,Confirmed,Not Available,https://pitchfork.com/news/42970-odd-future-working-with-nas-pusha-t/
Life Is Good,"???
(feat. Bridget Kelly) (prod. No I.D.)","In August 2011, Roc Nation artist Bridget Kelly revealed that she made a song with Nas with her on the hook. She described it as an ""emotional record"" and said No I.D. produced the beat for it. This song didn't end up making the cut.",?:??,2011,,Throwaway,Confirmed,Not Available,https://www.youtube.com/watch?v=MDkRPTb8Wgw
Life Is Good,Unknown [AZ Collaborations],"In August 2011, AZ was seen in the studio with Nas and Jungle. This studio session was later talked about by Nas with him saying that him and AZ were ""putting down ideas"" so whatever was made in this session likely went unfinished. ",N/A,Aug 2011,,Demo,Confirmed,Not Available,"https://www.xxlmag.com/az-talks-rock-the-bells-working-with-nas-and-new-music/
https://www.huffpost.com/entry/exclusive-nas-interview_n_934433
https://ibb.co/x87MR3jd"
Life Is Good,Unknown [Bangladesh Collaborations],"In May 2011, it was reported that Nas has been working with producer Bangladesh for Life Is Good. His work did not end up making the album.",N/A,,,Throwaway,Confirmed,Not Available,https://www.complex.com/music/a/jacob-moore/nas-announces-the-title-of-his-next-album
Life Is Good,Unknown [DJ Premier Collaborations],"In a June 2012 HHDX interview, Preemo said that he gave some joints to Nas for Life Is Good in late 2011. It's possible Nas never recorded over these beats as he told Premier it likely wouldn't fit the sound of the album he was going for. Ultimately, if Nas recorded over any of the beats Preem gave him, they did not make the final product.",N/A,,,Throwaway,Confirmed,Not Available,https://web.archive.org/web/20150509142155/http://www.hiphopdx.com/index/news/id.20022/title.dj-premier-addresses-copycat-producers-updates-on-full-album-with-nas
Life Is Good,Unknown [Frank Ocean Collaborations],Nas and Frank Ocean were in the studio in April 2011. This wouldn't be No Such Thing As White Jesus as that's from August 2011.,N/A,,,Throwaway,Confirmed,Not Available,https://web.archive.org/web/20120418093159/http://www.mtv.com/news/articles/1664025/nas-frank-ocean-odd-future.jhtml
Life Is Good,Unknown [Jay Electronica Collaborations],Jay Electronica was named as an artist Nas recorded with for his (at the time) upcoming album.,N/A,,,Throwaway,Confirmed,Not Available,https://pillows.su/f/8a44783d4b25814b6633e6e685716851
Life Is Good,Unknown [Kane Beatz Collaborations],"In a 2011 interview, Kane Beatz said that “I worked with Nas recently"".",N/A,,,Unknown,Confirmed,Not Available,https://web.archive.org/web/20250828211915/https://hiphopdx.com/news/producer-kane-beatz-confirms-new-work-with-nas-talks-breakthrough/
Life Is Good,Unknown [Mobb Deep Collaborations],"Nas and Mobb Deep made more songs together than just ""Dog Shit"" in 2011. ""Get It Forever"" is likely from these sessions.",N/A,,,Throwaway,Confirmed,Not Available,https://web.archive.org/web/20111020230200/http://www.mtv.com/news/articles/1663894/mobb-deep-prodigy-nas-my-infamous-life.jhtml
Life Is Good,Unknown [No I.D. Collaborations],"In an interview with Complex, No I.D. states that he did around ten tracks with Nas for 'Life Is Good'. The album features six No I.D. produced tracks and he also produced ""Beautiful Life"" and the unknown Bridget Kelly song, leaving around two tracks leftover.",N/A,,,Throwaway,Confirmed,Not Available,https://www.complex.com/music/a/rob-marriott/interview-no-id-speaks-on-producing-for-nas-life-is-good
Life Is Good,Unknown [Statik Selektah Collaborations],Statik Selektah spoke about working with Nas in August 2011 and said that Nas made multiple records to his beats. 'Lost Freestyle' released on 'The Lost Tapes 2' was from this batch of beats.,N/A,,,Throwaway,Confirmed,Not Available,https://youtu.be/lIq1HKL1MTQ?si=CzLpCxANEUFbkmcj&t=301
Life Is Good,"Amy Winehouse - Cherry Wine [V1-?]
(prod. Salaam Remi)","According to Salaam Remi, he and Amy had made various different versions of ""Cherry Wine"" over the years ever since they started working together, with things such as different arrangements.",?:??,,,OG,Confirmed,Not Available,https://www.hollywoodreporter.com/music/music-news/amy-winehouse-death-nas-salaam-remi-cherry-wine-353034/
Life Is Good,"DJ Khaled - Hip Hop [V1]
(feat. Scarface) (prod. J.U.S.T.I.C.E. League)",Hip Hop originally only had Scarface on it. DJ Khaled later took the song to Nas in New York and got him to record over it while there.,?:??,,,Demo,Confirmed,Not Available,https://www.complex.com/music/a/insanul-ahmed/scarface-breaks-down-his-25-most-essential-songs
Life Is Good,"DJ Khaled - Hip Hop [V2]
(feat. Scarface & Nas) (prod. J.U.S.T.I.C.E. League)",A version without Preemo's additions at the end of the song likely exists as Scarface didn't mention that DJ Premier was there with Nas when he recorded.,?:??,,,Demo,Confirmed,Not Available,https://www.complex.com/music/a/insanul-ahmed/scarface-breaks-down-his-25-most-essential-songs
Life Is Good,"DJ Premier - Re:Generation [V1]
(prod. DJ Premier) ",Premier originally chopped up various classical music samples before having The Berklee Symphony replay them.,?:??,,,Demo,Confirmed,Not Available,https://youtu.be/aWxUZ2oRUMA?si=6uKVx4D3gwpYDvnp
Life Is Good,"DMX - ???
(feat. Nas)","In 2011, DMX said he would get Nas on his album (Undisputed), unknown if they ever made a song for the album that was left off.",?:??,,,Throwaway,Rumored,Not Available,https://www.vibe.com/music/music-news/dmx-talks-working-nas-belly-2-and-more-pg-3-44993/
Life Is Good,"Kanye West - Awesome [V1]
(feat. Beyoncé) (prod. Hit-Boy)
(No Tears)","OG Filename: Kanye West - Awesome Ruff 2.1.11
In a Jimmy Kimmel interview, Kim Kardashian says that Kanye played her a version that was made during the Watch The Throne sessions. Has completely different production compared to later versions and a female background vocalist, believed to be Beyoncé. Beat was later reused for ""No Tears"" on Magic 3. Later versions of this song can be found on yetracker.net, they will not be listed here to avoid flood.",4:38,"Feb 1, 2011","Apr 26, 2025",OG,OG File,Lossless,
Life Is Good,"Mobb Deep - Dog Shit [V1]
(prod. The Alchemist)","According to Nas, he was sent ""Dog Shit"" by Prodigy after he got out of jail, meaning it was originally a solo Mobb Deep track.",?:??,,,OG,Confirmed,Not Available,Nas Talks Making Peace With Mobb Deep's Prodigy
Life Is Good,"Swizz Beatz - ???
(feat. Nas)",Nas was listed as a feature for Swizz Beatz' unreleased 2012 mixtape.,?:??,,,Feature,Confirmed,Not Available,https://hiphop-n-more.com/2012/03/rick-ross-nas-dmx-the-lox-featured-on-swizz-beatz-new-mixtape/
"5 Full
0 Tagged
3 Partial
7 Snippet(s)
1 OG File(s)
0 Stem Bounce(s)
15 Unavailable",Hiatus Era,"(07/12/2012) (Life Is Good officially releases)
(04/23/2018) (Kanye announces that he is executive producing Nas' next album)",,,,"By Summer 2016, Nas collab album with Swizz Beatz had finished which was recorded in a week. By late 2016 Nas own album was 75 - 85% finished. Nas announced multiple times throughout 2017 that the album would drop that year. Even after NASIR dropped, Nas still said that the album would come out In 2018. ""No Bad Energy"" and ""Adult Flim"" from The Lost Tapes 2 were from the Swizz Beatz album and ""Jarreau of Rap"" and ""QueensBridge Politics"" from The Lost Tapes 2 were from the Nas Solo album.",,,
Hiatus Era,"🏆 Believe [V1]
(prod. Taz Arnold & Flying Lotus)
(Falsehood)","Uses the same instrumental as ""Falsehood"" by Kendrick Lamar, a 'To Pimp A Butterfly' throwaway from early 2015. Unknown if it features Kendrick but it likely does not. Owned by GucciTunes and was planning to be sold in 2023 but fell through. Also offered as a Kendrick GB bonus.",?:??,2014,"Apr 6, 2025",OG,Snippet,CD Quality,https://pillows.su/f/d8dda5a2acf5786e135029705ff7541a
Hiatus Era,"Kendrick Lamar - Falsehood [V2]
(prod. Taz Arnold & Flying Lotus)
(Believe)","A throwaway from To Pimp A Butterfly that includes a verse that Kendrick once shared in an interview to Power 106 FM and reuses lyrics from ""i (Album Version)"", which means that it would most likely scrapped very late into the album's production. The first two verses were featured from a freestyle on BigBoyTV called Real 92.3 Freestyle. Interpolates ""The Light"" by Common and ""Golden"" by Jill Scott.",4:05,"Jan 4, 2015","Dec 10, 2022",Other,Full,CD Quality,https://pillows.su/f/48855813c7cb4955e907f231b41d787b
Hiatus Era,"Down So Long
(feat. Anthony Hamilton)","Played on episode 3 of ""Shots Fired"", but never properly released. The linked file is a rip from the show itself.",?:??,2017,,Throwaway,Partial,High Quality,https://pillows.su/f/9daba4e2512721b19c6e2c8592df9bb3
Hiatus Era,🏆 El Chapo,"Snippet of a Nas verse from a song called ""El Chapo"". Said to be made in 2018 so it was likely made in the hiatus era before working on NASIR. Seems to sample ""Hello"" by Adele.",?:??,2018,,Throwaway,Partial,High Quality,https://pillows.su/f/6b1baca684f547485e51005d05912c0f
Hiatus Era,"Fantasia [V1]
(Tanasia)","Originally, ""Tanasia"" from 'The Lost Tapes 2' was a freestyle called ""Fantasia"" recorded years before 2019, and Nas based the track on this. Unknown exactly when, but its likely that it was during the hiatus era as it spanned several years. This was mentioned in Nas' Tidal interview, which has since been deleted, but can be seen in this Reddit thread.",?:??,,,Demo,Confirmed,Not Available,https://www.reddit.com/r/nas/comments/cg5j7l/chronology_of_songs_recorded_for_the_lost_tapes_2/
Hiatus Era,"✨ Heart Sweepers [V1]
(prod. Madlib)
(Practice, Heartsweepers)","OG Filename: Heart_Sweepers_NAS_csik_mix_1
A throwaway demo produced by Madlib. Has an open where it seems a hook would go, and is very poorly mixed, so was likely just an idea. The first verse was re-used for ""Full Circle"" from 'King's Disease', whilst the second verse was later re-used for an unreleased Dr. Dre collab during 'King's Disease' era. It's unknown when exactly this was made, but likely before 'NASIR'. Instrumental was later given to Freddie Gibbs for the song ""Practice"" in 2019.",3:10,,"Dec 22, 2022",Demo,Full,High Quality,https://pillows.su/f/cf11860b85ff4979ab14e4a25da4e4ba
Hiatus Era,"🏆 Sinatra In The Sands
(feat. JAŸ-Z & Justin Timberlake)
(Sinatra In The Sand)","Mentioned in an interview with Timbaland, where he says that Justin Timberlake sounds just like Frank Sinatra on the song. Was being sold on TheSource before it got taken down. Likely recorded during the Magna Carta sessions due to Nas and Justin Timberlake's presence. Was thought to have Eminem on it due to DJ Pizzo mishearing ""him"" as ""Em"". Was being sold on TheSource before it got shut down.",4:52,2013,,OG,Snippet,CD Quality,https://pillows.su/f/beac72a2fb2a478f25b36cfec5c7f5bd
Hiatus Era,Unshaken,Made in 2018. Unknown if it was before or after NASIR. Was going to be on the RDR2 Soundtrack.,1:10,2018,,Throwaway,Full,High Quality,https://pillows.su/f/dd961b0354a9801940e2abbc86b8e1f4
Hiatus Era,"???
(feat. THE-DREAM) (prod. Swizz Beatz)","Hitatus era throwaway, was likely made for the Swizz Beatz and Nas collaboration. Samples Paradise by Sade.",?:??,,"Apr 6, 2026",Throwaway,Snippet,Recording,https://pillows.su/f/2a34ac9c6f54e5fcc538e90a21a46fcd
Hiatus Era,"🏆 ???
(prod. Timbaland)",Snippet of a hiatus era throwaway with Timbo prod.,?:??,2015,,Throwaway,Snippet,Recording,https://pillows.su/f/6111fdd9e926b983df832ccc14e5b60b
Hiatus Era,"???
(prod. Timbaland)",Snippet of a hiatus era throwaway with Timbo prod.,?:??,,"Mar 7, 2025",Throwaway,Snippet,High Quality,https://pillows.su/f/e4da288ff53a384dfe6473a375ebe5fd
Hiatus Era,"???
(with Mac Miller & Boldy James)","Talked about by Mac Miller in an interview. Has a verse and hook from Mac Miller, a verse from Nas and a verse from Boldy James. Made when Nas first met Mac Miller. In an interview, Mac said that Nas' verse was ""crazy"", but Boldy James has since said that Nas didn't like his verse, and Boldy didn't like his own verse either, which is likely why the song went unreleased. Was supposed to release on the scrapped Mass Appeal label album.",?:??,,,Throwaway,Confirmed,Not Available,
Hiatus Era,Unknown [Album Tracks],"It has been stated by multiple sources, and was even the topic of the DJ Khaled/Nas track ""Nas Album Done"", that Nas was working on an album from around 2014-2017 before 'NASIR' and that it got deep into development, with even his own brother Jungle mentioning it in an Instagram post at the time. It's likely some material from this was re-used for 'The Lost Tapes 2', specifically the RZA tracks and things like that, but was otherwise completely scrapped once Nas went to Wyoming with Kanye.",N/A,2015-2017,,Throwaway,Confirmed,Not Available,
Hiatus Era,Unknown [Da Beatminerz Collaborations],"According to Da Beatminerz, Nas picked out several of their beats to record over for his album, only to end up dropping 'NASIR' instead, much to their dismay. Unknown how many, if any of the beats he recorded over.",N/A,,,Unknown,Confirmed,Not Available,https://www.revolt.tv/article/2024-01-11/347862/da-beatminerz-talk-upcoming-album-and-untold-nas-stories-interview
Hiatus Era,Unknown [No I.D. Collaborations],"In an April 2014 interview with NPR, Nas revealed that hes been working with No I.D. Nas said he started working on demos with him ""year and a half ago"" so these are likely from 2012 or 2013.",N/A,,,Throwaway,Confirmed,Not Available,https://www.npr.org/sections/microphonecheck/2014/04/23/305629896/nas-im-still-charged-20-years-after-illmatic
Hiatus Era,Unknown [Reefa Collaborations],"In 2014, Reefa revealed that he's been working with Nas recently.",N/A,2014,,Throwaway,Confirmed,Not Available,https://allhiphop.com/features/reefa-talks-producing-for-diddy-nas-rick-ross-fabolous-the-game-more/
Hiatus Era,Unknown [Swizz Beatz Collaborations],"Nas and Swizz Beatz recorded a full album's worth of songs in LA in a single week in 2016. Three of the songs recorded in these sessions were later released, those being ""Echo"" on Swizz's album 'POISON', and the other two being ""No Bad Energy"" and ""Adult Film"" on 'The Lost Tapes 2'.",N/A,2016,,Throwaway,Confirmed,Not Available,
Hiatus Era,Unknown [Timbaland Collaborations],"In an April 2014 interview with NPR, Nas revealed that in 2012, after Life Is Good released, that he started working with Timbaland and that the records felt ""really powerful"". These were seemingly scrapped or not finished. This entry includes the stuff Nas made with Timbo later on.",N/A,2012,,Throwaway,Confirmed,Not Available,https://www.npr.org/sections/microphonecheck/2014/04/23/305629896/nas-im-still-charged-20-years-after-illmatic
Hiatus Era,"🏆 50 Cent - Death Before Dishonor
(feat. Nas) (prod. DJ Premier)","OG Filename: Death Before Dishonor NAS PREEMOscratch
Seen on a SKI tracklist originally leaked in December 2014 and presumed fake but, after being rediscovered in 2026, the song is likely real due to a tweet from DJ Premier and Nas bringing out 50 Cent for Summer Jam 2014 which was the conclusion of their beef.",?:??,,,Feature,Confirmed,Not Available,https://imgur.com/a/pNqgIUm
Hiatus Era,"Dave East - Keep Talkin' That Shit [V1]
(ref. ???) (prod. Jahlil Beats & Automatik Beatz)",The song originally started as a solo Dave East track with the hook from SirRenderFilms.,?:??,,,OG,Confirmed,Not Available,https://ibb.co/XkjtX3kZ
Hiatus Era,"Jahlil Beats - Keep Talkin' That Shit [V2]
(ref. ???) (feat. French Montana, Dave East & Nas) (prod. Jahlil Beats & Automatik Beatz)","OG Filename: 2.keep talkin that shit ft. french montana x dave x nas (rough)
Originally leaked as a snippet in 2022. Track #2 on an unreleased album by Jahlil Beats from 2018 that ended up leaking in a mass Box leak from Roc Nation in 2026. The song's hook is a reference for Swizz Beatz done by who we only know as SirRenderFilms on YouTube, as confirmed by him and the track's co-producer Automatik Beatz.",4:05,2016,"Mar 14, 2026",Feature,OG File,CD Quality,https://pillows.su/f/64510daf10c1c67439871a3d94933bcf
Hiatus Era,"Freddie Gibbs - Cell [V1]
(prod. Madlib)
(JGB)",Samples a WIRED interview with Steve Lacy. Leaked for free as an apology for a scam by Mario Kart.,4:51,,"Feb 10, 2025",Throwaway,Full,CD Quality,https://pillows.su/f/2e0b3d46d389235a621372213c490005
Hiatus Era,"JAŸ-Z - BBC [V1]
(add. Nas, Beyoncé, Timbaland, Pharrell Williams, Justin Timberlake & Swizz Beatz) (prod. Pharrell Williams)
(Billionaire Boys Club)","Uncensored: ""Mix the D'USSE with the reefer"". Was censored due to Nas' deal with Hennessy, which happened a few months before the song was recorded in June 2013.",~3:12,Jun 2013,,OG,Confirmed,Not Available,N/A
Hiatus Era,"Mac Miller - Love [V1]
(prod. DJ Dahi & DJ Khalil)
(War Against Love)","Made during the sessions of 'Good Morning', the original version of Mac Miller's album 'GO:OD AM'. Unknown if Mac got the instrumental after Nas or if it was later given to Nas.",?:??,,,OG,Full,CD Quality,https://pillows.su/f/57558bffb25a6fc26132e2a41ae8f8a7
Hiatus Era,"Ms. Lauryn Hill - ???
(feat. Nas)","Track was played during Lauryn Hill's Montreal stop of her ""Artist In Residence"" tour. Only a Nas verse was played. Unknown era exactly but it sounds modern so it'll be placed in this era for now.",?:??,,"Dec 3, 2025",Feature,Snippet,Recording,https://pillows.su/f/eab227840e62e3e7a005dda884de8704
Hiatus Era,"Slaughterhouse - Tell Ya Momma [V3]
(perf. ???) (prod. Just Blaze)
(The Scientist)","According to a reliable source, the instrumental for ""The Scientist"" was given to Slaughterhouse during the sessions for their scrapped album 'Glasshouse', which Just Blaze was heavily involved in. Likely recorded around 2013-2014.",?:??,,,Other,Rumored,Not Available,N/A
Hiatus Era,"Swizz Beatz - Just Because [V2?]
(feat. JAŸ-Z) (prod. Swizz Beatz)
(Street Shit, Bath Salts, Zombie, Escobar Season Returns)","According to Swizz Beatz, he sent the beat for ""Bath Salts"" to each of the artists seperately, remarking ""I sent the beat, so you never know when you’re going to get what you’re going to get back,"" meaning he likely got sent back a solo demo by each artist. Unknown which order they were sent in.",?:??,,,Unknown,Confirmed,Not Available,https://www.complex.com/music/a/j-mckinney/dmx-exodus-making-of-swizz-beatz-interview
Hiatus Era,"Swizz Beatz - Just Because [V3?]
(feat. Jadakiss) (prod. Swizz Beatz)
(Street Shit, Bath Salts, Zombie, Escobar Season Returns)","According to Swizz Beatz, he sent the beat for ""Bath Salts"" to each of the artists seperately, remarking ""I sent the beat, so you never know when you’re going to get what you’re going to get back,"" meaning he likely got sent back a solo demo by each artist. Unknown which order they were sent in.",?:??,,,Unknown,Confirmed,Not Available,https://www.complex.com/music/a/j-mckinney/dmx-exodus-making-of-swizz-beatz-interview
Hiatus Era,"Swizz Beatz - Just Because [V4?]
(feat. J. Cole) (prod. Swizz Beatz)
(Street Shit, Bath Salts, Zombie, Escobar Season Returns)","Swizz Beatz previewed a version of ""Bath Salts"" with a J. Cole verse in his beat battle with Timbaland in 2021, just days after the release of DMX's posthumous album 'Exodus'. It's unclear if this Cole verse was intended to be a remix of Bath Salts, but our best assumption is that Swizz sent the song to Cole when he was making the version previewed at his beat battle with Just Blaze, and he ended up sending back a solo demo but not making the cut (though this is unconfirmed). When playing JAŸ-Z's verse prior, Swizz says ""that's the cute version"", which at least confirms that Jay isn't on there.",?:??,,,Unknown,Snippet,Recording,https://www.complex.com/music/a/j-mckinney/dmx-exodus-making-of-swizz-beatz-interview
Hiatus Era,"Swizz Beatz - Just Because [V5?]
(feat. DMX) (prod. Swizz Beatz)
(Street Shit, Bath Salts, Zombie, Escobar Season Returns)","According to Swizz Beatz, he sent the beat for ""Bath Salts"" to each of the artists seperately, remarking ""I sent the beat, so you never know when you’re going to get what you’re going to get back,"" meaning he likely got sent back a solo demo by each artist. Unknown which order they were sent in.",?:??,,,Unknown,Confirmed,Not Available,https://www.complex.com/music/a/j-mckinney/dmx-exodus-making-of-swizz-beatz-interview
Hiatus Era,"🏆 Swizz Beatz - Just Because [V6?]
(feat. Nas, JAŸ-Z, DMX & Jadakiss) (prod. Swizz Beatz)
(Street Shit, Bath Salts, Zombie, Escobar Season Returns)","A later version of the song that would eventually become ""Bath Salts"" by DMX, played by Swizz Beatz at a beat battle with Just Blaze. Has a Jadakiss feature and additional Nas vocals that are either part of an additional verse or part of the hook. Both of these would be scrapped from the final release. Was going to be on Swizz's album 'POISON' in 2018, but was left off the tracklist due to Swizz feeling like it would overshadow the other songs. It's possible the track was touched up after 'Life Is Good' during Nas and Swizz' 2016 sessions. Confirmed to have been called ""Just Because"" at this point.",?:??,,,OG,Partial,Recording,https://www.youtube.com/watch?v=Ni78SuV39Vc
Hiatus Era,"🥇 The Weeknd - Tell Your Friends (Remix)
(feat. Nas) (prod. The Weeknd, Illangelo, Kanye West, The Pope & MIKE DEAN)","At the 2016 Met Gala, The Weeknd brought out Nas to perform an unreleased remix of his song ""Tell Your Friends"". It's likely there is a studio version of this track, as The Weeknd made remixes of songs from 'Beauty Behind The Madness' with artists such as Eminem and Nicki Minaj around the same time.",~3:20,2016,,Remix,Live Performance,CD Quality,https://www.youtube.com/watch?v=n0JkFeWkiE4
"2 Full
0 Tagged
2 Partial
7 Snippet(s)
10 OG File(s)
0 Stem Bounce(s)
7 Unavailable",NASIR,"(11/30/2016) (Kanye West is released from UCLA Medical Hospital)
(04/23/2018) (Kanye announces that he is executive producing Nas' next album)
(06/15/2018) (NASIR officially releases)",,,,"NASIR is the eleventh studio album by Nas, released on June 15, 2018. Its premiere was livestreamed underneath the Queensboro Bridge in Queens, New York, where Nas is from. Nas hasn’t released an album since 2012’s Life Is Good, making this his first release after a six-year hiatus.",,,
,Pre-NASIR Sessions,"(11/30/2016) (Kanye West is released from UCLA Medical Hospital)
(04/23/2018) (Kanye announces that he is executive producing Nas' next album)",,,,,,,
NASIR,"Bon Iver - Bastard Child
(prod. Justin Vernon & Francis and the Lights)","OG Filename: Bastard Child (Made this week from jams and sampled)
Unreleased Bon Iver song that is sampled on ""Simple Things"", made during the Love Everyone sessions.",1:44,"Mar 8, 2018","Jan 30, 2024",Other,OG File,CD Quality,
NASIR,"Kanye West - Bad People [V1]
(feat. Bon Iver) (prod. Kanye West)
(White Label)","Kanye mumble version with partially finished lyrics, shown in 500 Days In UCLA. Has a completely different flow than later versions. Kanye mentions how when he and Kim see two birds together, ""that's my mom and her dad"".	",?:??,,,OG,Partial,Low Quality,https://pillows.su/f/a8e5e17811ab4a3bbe67b5a137d637d9
NASIR,"Kanye West - Bad People [V2]
(feat. Bon Iver) (prod. Kanye West)
(White Label)","Stems for a version seen in a folder for Kanye and Kid Cudi's collab album KIDS SEE GHOSTS dated 8.24.17. Lacks Kanye vocals. According to flab, this is just an instrumental, most likely the original chop.",?:??,,,Unknown,Confirmed,Not Available,
NASIR,"CyHi - Cops Shot The Kid [V1]
(prod. Kanye West)","According to CyHi, this song was originally his.",?:??,,,OG,Confirmed,Not Available,https://youtu.be/UpArmjA7-JI?si=34oHsxgXt3GIo8Wv&t=3225
NASIR,"Kanye West - Cops Shot The Kid [V2]
(prod. Kanye West)","Charlamagne confirmed that a solo Kanye version of the track existed, along with another song off Nas' NASIR album. Small snippet can be heard in the 500 Days In UCLA documentary.",?:??,,"Sep 24, 2023",Demo,Snippet,Recording,https://pillows.su/f/799cf1a332c039b476aa8cf5d323d09e
NASIR,"Kanye West - Cops Shot The Kid [V3]
(feat. André 3000) (prod. Kanye West)","Version with a cut André 3000 feature, which was scrapped due to him not wanting to be on the song. This was likely done before Nas had the song, as Andre worked on Kanye and Kid Cudi's album KIDS SEE GHOSTS in 2017, and Nas didn't get the beats for the album until last minute. Played by Che Pope on Instagram Live on October 22nd, 2020.",?:??,2018,"Oct 22, 2020",Demo,Partial,Recording,https://pillows.su/f/2b016c527fc7516d17fa8052869abc97
NASIR,"Kanye West - Simple Things [V1]
(prod. Kanye West & Justin Vernon)
(Finding Forever)","Solo Kanye version with some mumble, is featured in the unreleased documentary 500 Days In UCLA. Nas would reuse Ye's hook for his version of the song.",?:??,,"Sep 24, 2023",Demo,Snippet,Recording,https://pillows.su/f/3c8a00985c8674670b7681721daa3e41
,NASIR Sessions,"(04/23/2018) (Kanye announces that he is executive producing Nas' next album)
(6/11/2018) (Nasir begins recording)
(06/15/2018) (NASIR officially releases)",,,,,,,
NASIR,"Kanye West - Bad People [V3]
(feat. Bon Iver) (prod. Kanye West, BoogzDaBeast & Noah Goldstein)
(White Label)","OG Filename: Bad People REF 05.25.18
Has a different structure and is longer than later versions. Only 24 seconds of Kanye vocals.",3:41,"May 25, 2018","Sep 22, 2023",Demo,OG File,CD Quality,https://pillows.su/f/de3be6541c36fe4f74d7aefb68d0e61c
NASIR,"Kanye West - Bad People [V4]
(ref. Consequence) (prod. Kanye West, BoogzDaBeast & Noah Goldstein)
(White Label)","Played by Consequence in a live, he cuts off the snippet before the school shooting line.",?:??,2018,"Nov 28, 2022",Ref Track,Snippet,Recording,https://pillows.su/f/d4bfd6736db84e91ad863d193f64cf81
NASIR,"Kanye West - Bad People [V5]
(prod. Kanye West, BoogzDaBeast, Rick Rubin & Noah Goldstein)
(White Label)","OG Filename: Bad People [Rick Version] REF 05.25.18
Has alternate production done by Rick Rubin. Lacks the Bon Iver vocals. Repeats the Kanye verse twice.",2:14,"May 25, 2018","Sep 22, 2023",Demo,OG File,CD Quality,https://pillows.su/f/27c18fc6f4b081b13ac80d83e98e90cf
NASIR,"Kanye West - Bad People [V6]
(ref. Malik Yusef) (feat. Bon Iver)
(White Label)","OG Filename: Bad People Verse 1
First Malik Yusef voice memo reference track.",1:12,2018,"Sep 22, 2023",Ref Track,OG File,Recording,https://pillows.su/f/4245ede765c332ff024d4577873f3f9b
NASIR,"Kanye West - Bad People [V7]
(ref. Malik Yusef) (feat. Bon Iver)
(White Label)","OG Filename: Bad People Verse 2
Second Malik Yusef voice memo reference track.",1:07,"May 28, 2018","Oct 29, 2023",Ref Track,OG File,Recording,https://pillows.su/f/63d1e16407a35cf3e6a3517b4de7e8a6
NASIR,"Kanye West - Bad People [V8]
(prod. Pi'erre Bourne)
(White Label)",Has alternate production done by Pi'erre Bourne. Unknown if Bon Iver is still featured. Shown on one of Pi'erre's livestreams.,?:??,2018,,Demo,Snippet,Recording,https://pillows.su/f/4dbf91b97f040df7863a5127b13b6ba2
NASIR,"Kanye West - Bad People [V9]
(prod. Kanye West, BoogzDaBeast & Noah Goldstein)
(White Label)","OG Filename: Bad People REF 6.14.18
Last known Kanye version of the track. Has only unfinished Kanye vocals, and has more than any other version, having two additional verses. Kanye raps in the perspective of a misguided child with a troubled family commiting a school shooting. Bounced the day before NASIR released, likely a rebounce.",3:40	,"Jun 14, 2018","May 29, 2024",Demo,OG File,High Quality,https://pillows.su/f/deea27eab8ef8eb83bf3d739dda01da2
NASIR,"Bad People [V10]
(prod. Kanye West, BoogzDaBeast & Noah Goldstein)
(White Label)","OG Filename: Bad People BOUNCE 6.14.18
Has rougher mixing and some open sections. Bounced the day before NASIR released. Leaked after a groupbuy.",3:40	,"Jun 14, 2018","May 29, 2024",Demo,OG File,High Quality,https://pillows.su/f/ad2638dfb9523df9b3c2d71aed352177
NASIR,"Kanye West - Everything [V1]
(feat. THE-DREAM) (prod. Kanye West)","OG Filename: Everything REF (5.12.18)
First version, when it was originally Kanye's song. The beat is just the sample looped. Has mumble Ye and THE-DREAM vocals. At the beginning of the file, you can hear someone turning off their iPhone. Original snippet leaked November 18th, 2022.",3:23,"May 12, 2018","Oct 29, 2023",Demo,OG File,Lossless,https://pillows.su/f/bad9a70910c60bae0a9d491471e01315
NASIR,"everything [V2]
(feat. Kanye West, THE-DREAM & Caroline Shaw) (prod. Kanye West)","Mumble version that was later punched in by The-Dream. Was played by Che Pope on Instagram Live on October 22nd, 2020.",?:??,2018,"Oct 22, 2020",Demo,Snippet,Recording,https://pillows.su/f/f0d2f27d91d65a8ca45846e44ef03389
NASIR,"everything [V3]
(ref. 070 Shake) (prod. Kanye West)",070 Shake reference track said to exist.,?:??,2018,,Ref Track,Rumored,Not Available,N/A
NASIR,"Finding Forever [V2]
(feat. Ant Clemons) (prod. Kanye West, MIKE DEAN & Noah Goldstein)
(Simple Things)","OG Filename: FINDING FOREVER NAS X ANT X BON IVER...
Features Ant Clemons and most of Nas' first verse, however it is very quiet. Has an open verse. Original VC recording snippet leaked in 2020. Leaked as a bonus for the ""This Is The Glory"" groupbuy.",2:44,2018,"Sep 22, 2022",Demo,OG File,CD Quality,https://pillows.su/f/4b404dfe451861d847d0f22a4d6450bb
NASIR,"Kanye West - Mandalay [V1]
(ref. Ant Clemons & Jeremih) (prod. Kanye West)
(I Can Explain)","Version with an Ant Clemons and Jeremih hook and no Nas vocals. Likely done alongside ""Good Morning"". Samples ""Hospital Prelude Of Love Theme"" by Willie Hutch. Snippet leaked September 29th, 2026. It's unknown when exactly this version was made.",?:??,2017-2018,"Sep 29, 2026",Ref Track,Snippet,CD Quality,https://imgur.gg/f/PfzZUkw
NASIR,"I Can Explain [V2]
(prod. Kanye West)","Seen an early tracklist for Nas's album NASIR tweeted by Kanye on June 13th, 2018. It's unknown if Nas ever recorded on this song, however, he recorded on all other songs on the main list, so it is very possible.",?:??,2018,,Album Track,Confirmed,Not Available,https://ibb.co/qLQrLxn0
NASIR,"Not For Radio [V1-V?]
(ref. Kanye West) (prod. Kanye West, MIKE DEAN, Cashmere Cat, benny blanco & BoogzDaBeast)",Multiple mumble Kanye versions are said to exist.,?:??,2018,,OG,Rumored,Not Available,N/A
NASIR,"Not For Radio [V2]
(prod. Kanye West, MIKE DEAN, Cashmere Cat, benny blanco & BoogzDaBeast)","Has a Nas hook that was heavily cut down on the release. Source unknown, taken from Ye Tracker.",?:??,"Jun 14, 2018",,OG,Rumored,Not Available,N/A
NASIR,"✨ Not For Radio [V3]
(feat. 070 Shake) (prod. Kanye West, MIKE DEAN, Cashmere Cat, benny blanco & BoogzDaBeast)","Played at the 'NASIR' listening party. Has no Diddy vocals, and due to this, many would say the song is better. Also has earlier mixing and a slightly different intro. The rip from the stream has random audio glitches.",3:17,,"Jun 15, 2018",OG,Full,High Quality,https://pillows.su/f/c16832eb58205794bf4856dc77520e31
NASIR,"Kanye West - Good Morning [V1]
(ref. Ant Clemons & Jeremih) (prod. Caroline Shaw)
(Piano Chop New, Chakras, Selah, The Chakra, I Love It (Remix))","OG FIlename: GOOD MORNING ANT JERIMIH KW
Was previously thought to be a standalone Ant song later given to Kanye, but this is incorrect. The song was recorded to help Kanye get an idea for his own version.",1:55,2017-2018,"Nov 14, 2024",Ref Track,OG File,CD Quality,https://imgur.gg/f/0kmHLRv
NASIR,"Piano Chop New [V2]
(ref. Kanye West) (feat. THE-DREAM) (add. Caroline Shaw) (prod. Caroline Shaw & BoogzDaBeast)
(Chakras, I Love It (Remix), Selah, The Chakra, Good Morning)","Seen an early tracklist for Nas's album NASIR tweeted by Kanye on June 13th, 2018. Has more THE-DREAM vocals not heard in any later version. Filename of the instrumental bounce indicates that this was intended for NASIR. Instrumental bounce dated June 13, 2018 with the extra THE-DREAM vocals cut was also present in the 2018 GAJ sessions. Now has added drums from BoogzDaBeast over the initial Caroline Shaw version. This version has Ye mumble freestyling on the file. Unknown if it was a reference for Nas or not but it was his song, and a similar thing allegedly occured with the original versions of ""Not For Radio"".",?:??,Jun 2018,"Jun 4, 2024",Demo,Snippet,Recording,https://imgur.gg/f/Ps23ucI
NASIR,"??? [V3]
(feat. THE-DREAM) (add. Caroline Shaw) (prod. Caroline Shaw & BoogzDaBeast)
(Piano Chop New, Chakras, I Love It (Remix), Selah, The Chakra, Good Morning)","""Piano Chop New"" was seen on the tracklist for ""NASIR"" posted by Kanye on June 13th, 2018. It's very possible Nas recorded for the song, as Nas recorded for all songs on the tracklist, except ""I Can Explain"", which is unconfirmed. However, it's also possible he simply never got to it. Would've likely been recorded on the instrumental bounce from June 13th. For all other Kanye versions of this song, visit yetracker.net.",?:??,"Jun 13-14, 2018",,Throwaway,Rumored,Not Available,N/A
NASIR,"Nicki Minaj - Sorry
(feat. Nas) (prod. iLL Wayno)","Recorded sometime in 2018 after Nas and Nicki broke off their short-lived relationship. Was meant to release on Nicki's album 'Queen' in 2018 but had to be scrapped due to sample clearance. Interpolates ""Baby I Can Hold You"" by Tracy Chapman. Played by Funk Flex on Hot 97 a day after the album's release.",4:15,2018,"Aug 11, 2018",Feature,Full,High Quality,https://pillows.su/f/4752769c22ae604ec14df8e19ea94a54
"5 Full
0 Tagged
0 Partial
1 Snippet(s)
2 OG File(s)
0 Stem Bounce(s)
12 Unavailable","King's Disease
(Collaboration with Hit-Boy)","(06/15/2018) (NASIR officially releases)
(Late 2019) (King's Disease starts recording)
(08/21/2020) (King's Disease officially releases)",,,,"King’s Disease is Nas thirteenth studio album. The title refers to Gout, otherwise known as the “Disease of Kings” due to its association with gluttony and alcoholism. The project features prominent production and songwriting from Hit-Boy, Nas first teased the new record via Instagram on August 10, 2020, saying that he and Hit-Boy had been trying to collaborate “for years.” Nothing from their previous efforts officially dropped until July 2019’s The Lost Tapes 2.",,,
King's Disease,"Full Circle [V1]
(prod. Hit-Boy)","Nas was the first person to record for the track, with it originally being a solo song before Hit-Boy suggested adding AZ.",?:??,,,OG,Confirmed,Not Available,https://www.youtube.com/watch?v=Nhume1zLvM0
King's Disease,"Full Circle [V2]
(feat. AZ) (prod. Hit-Boy)","It was Hit-Boy's suggestion to add AZ to the track, and he was the second person to record for the track. This gave Nas the idea to add the rest of The Firm (except Nature).",?:??,,,OG,Confirmed,Not Available,https://www.youtube.com/watch?v=Nhume1zLvM0
King's Disease,"Full Circle [V3]
(feat. The Firm) (perf. Nas, AZ, Foxy Brown & Cormega) (prod. Hit-Boy)","Foxy Brown and Cormega recorded their parts before Dr. Dre added his additional vocals, which was done in a session with he and Nas.",?:??,,,OG,Confirmed,Not Available,https://www.youtube.com/watch?v=Nhume1zLvM0
King's Disease,"✨ This Ain't Love, But I Love It
(feat. THE-DREAM & Charlie Wilson) (prod. Hit-Boy)","King's Disease era song. Was originally track 8 on King's Disease and only released on the Google Music version of the album by mistake but was removed hours later. It is suspected there was sample clearance issues but it's unknown why the track didn't make the cut. Interpolates ""Devil In A New Dress"" by Kanye West.",3:02,,"Aug 21, 2020",Throwaway,Full,High Quality,https://pillows.su/f/7d2e3b955f534d3ee9e7a49b686d9d52
King's Disease,"???
(feat. Benny the Butcher) (prod. Hit-Boy)","Described as a ""female record"" by Benny the Butcher. Said by Benny to have been left off both Benny and Nas' album due to it not fitting the sound.",?:??,,,Throwaway,Confirmed,Not Available,https://web.archive.org/web/20240807174701/https://hiphopdx.com/news/id.58762/title.benny-the-butcher-explains-why-his-nas-collab-wasnt-released-confirms-drake-verse-exchange
King's Disease,"??? [V1]
(prod. Da Beatminerz)","Whilst working on the movie 'The Forty Year-Old Version', Da Beatminerz sent Nas a beat which he later sent back as a song.",?:??,,,OG,Confirmed,Not Available,https://www.revolt.tv/article/2024-01-11/347862/da-beatminerz-talk-upcoming-album-and-untold-nas-stories-interview
King's Disease,"??? [V2]
(with Dave East & Styles P) (prod. Da Beatminerz)","After being sent back, the song was also sent to Dave East and Styles P.",?:??,,,OG,Confirmed,Not Available,https://www.revolt.tv/article/2024-01-11/347862/da-beatminerz-talk-upcoming-album-and-untold-nas-stories-interview
King's Disease,"🏆 ???
(feat. 50 Cent) (prod. Dr. Dre)
(Sativa)","Track featuring 50 Cent previewed by Breyon Prescott. Recorded when Nas and Dre linked for Dre's part on ""Full Circle"". Shares the same lyrics as ""Heart Sweepers"". Video seems to be from August 2nd, 2020 as everyone is wearing the same outfits in the photo Slim The Mobster posted. Owned by former Dre affiliate MassV, MassV seemingly put this verse through a AI filter of Nas on a fake leak he made, though there are more lyrics which aren't shown in the snippet; it's likely these lyrics are real as one of them reuse a line from ""Heart Sweepers"". Unknown whose song this is or who else is on it besides Nas and 50, though it was most likely made for the Nas x Dr. Dre collaboration EP.",?:??,2020,"Aug 16, 2023",Feature,Snippet,Recording,https://pillows.su/f/7d22948404d14f18762b6ef69baa11e7
King's Disease,"Unknown [EP]
(exec. prod. Dr. Dre)","During an AMA on Instagram, producer Focus... was asked by a fellow music collaborator (which was anonymous due to the AMA set-up) if that EP they did with Nas would ever release. Focus... replied that it probably wouldn't, and that it was more of a Dre question. This implies that content for an unreleased Nas EP was made by Dre. Also very likely has contributions from The ICU which Focus... is a part of. Unknown when this was made, but likely 2020-2021 sessions. Likely includes the track previewed by Breyon Prescott.",N/A,,,Full Album Copy,Confirmed,Not Available,https://ibb.co/1fDM2Q2x
King's Disease,"Unknown [Dr. Dre, DJ Silk, Slim the Mobster & Sly Pyper Collaboration]","Nas, Dr. Dre, DJ Silk, Slim the Mobster and Sly Pyper were pictured together in the studio on August 2nd, 2020. Unknown if anything besides the snippet and Dre's contributions on ""Full Circle"" were made during this session.",N/A,"Aug 2, 2020",,Unknown,Rumored,Not Available,https://imgur.com/a/RkhmfCM
King's Disease,Unknown [Rakim Collaborations],"In March 2019, Jungle posted a photo of him, Nas and Rakim in the studio. Seeing as ProTools are open in the background, it's likely something was made during this session.",N/A,Mar 2019,,Unknown,Rumored,Not Available,https://www.instagram.com/p/BusbnyxhFh8/
King's Disease,Unknown [Scott Storch Collaborations],"In November 2019, Nas and Scott Storch were seen in the studio together. The caption of the image says ""Tonight was an  incredible reunion working with the legend himself"" so this confirms they actually worked on something together.",N/A,"Nov 30, 2019",,Throwaway,Confirmed,Not Available,https://www.instagram.com/p/B5hC-nfl4nq
King's Disease,"Belly - Die For It [V1]
(feat. The Weeknd) (prod. DaHeala & The ANMLS)","Leaked on LEAKTH.IS by Bugs on Jan. 15, 2020. Original version of Die For It without Nas.",2:29,,"Jan 15, 2020",OG,Full,High Quality,https://pillows.su/f/266237cb5842ee87d22d98aa81485b51
King's Disease,"Belly - Die For It [V2]
(feat. The Weeknd) (prod. DaHeala & The ANMLS)","OG Filename: Belly _ Die For it _ Ptv1 & 01 Belly _ Die For it _ Ptv1
Alternative mix.",2:29,"Oct 11, 2019","Mar 14, 2026",OG,OG File,CD Quality,"https://pillows.su/f/ab5ebf43521392b1933f2462286638d3
https://pillows.su/f/75fd5fcc0cbe287778a119aa7d075610"
King's Disease,"Belly - Die For It [V3]
(feat. The Weeknd) (prod. DaHeala & The ANMLS)","OG Filename: 3 Die For it_ft Abel_Ptv2
Another alternative mix.",2:29,"Nov 26, 2019","Mar 14, 2026",OG,OG File,CD Quality,https://pillows.su/f/1f9985d8fe571820d1f7c1c69620ec8e
King's Disease,"Belly - Die For It [V4]
(feat. The Weeknd & Nas) (prod. DaHeala, The ANMLS & Skinny)","Leaked on LEAKED.IS by eli on March 15, 2021.",3:19,2020,"Mar 15, 2021",Feature,Full,CD Quality,https://pillows.su/f/3650445d1149681d67111dac8df3eac4
King's Disease,"Black Star - JGB [V2]
(feat. Nas) (prod. Madlib)
(Cell)","OG Filename: 07_JGB
Black Star (hip hop duo of Talib Kweli and Yasiin Bey) throwaway that uses the same instrumental as ""Cell"". Was made for their Madlib collaboration album ""No Fear of Time"". Seemingly was track 7 on an original version of ""No Fear of Time"". Nas' verse could be from Hiatus era as the recording time for ""No Fear of Time"" spanned 4 years.",3:28,2019,"Dec 22, 2022",Feature,Full,CD Quality,https://pillows.su/f/1fa7c274fb4e403f903e107b93db7fa9
King's Disease,"Dave East - Godfather 4 [V1]
(feat. Nas) (prod. DJ Green Lantern)","Nas initially began recording the track by himself, laying down an unfinished 16 bar verse, but then Dave East came in and recorded a part for the track. Nas left for the night before finishing the verse, giving the song to Dave. It's unknown if Dave recorded his second part that night, but Nas' verse was left unfinished. Would've also lacked The Soul Rebels' additional production, as Dave has said it was just Nas and Green Lantern working on the song initially.",?:??,,,Demo,Confirmed,Not Available,https://www.nme.com/features/music-interviews/dave-east-nas-fatherhood-nipsey-hussle-survival-unreleased-JAŸ-Z-verse-2597681
King's Disease,"Don Toliver - Replace Me [V1]
(prod. Hit-Boy)","According to Hit-Boy, he and Don Toliver had already done ""Replace Me"" before Nas took it as his own song. Likely just a hook.",?:??,,,Demo,Confirmed,Not Available,https://www.hotnewhiphop.com/338968-hit-boy-speaks-on-finally-connecting-with-nas-and-reveals-advantage-over-his-fellow-producers-news
King's Disease,"Fivio Foreign - 100 Strong 
(feat. Nas) (prod. Hit-Boy)","Fivo Foreign throwaway that was likely made in the same session as ""Spicy"". ",2:43,,,Feature,Full,CD Quality,https://pillows.su/f/5a385050976c4a4fb6f5f541e6aa29ff
"1 Full
0 Tagged
0 Partial
0 Snippet(s)
1 OG File(s)
0 Stem Bounce(s)
7 Unavailable","King's Disease II
(Collabortion with Hit-Boy)","(08/21/2020) (King's Disease officially releases)
(Summer 2021) (King's Disease 2 begins recording)
(08/06/2021) (King's Disease II officially releases)",,,,"King’s Disease II is the thirteenth studio album by Nas, released on August 6, 2021. The album serves as the sequel to his August 2020 Grammy-winning album, King’s Disease. The project was first announced on July 29, 2021, via an Instagram post revealing the album’s title, cover art, and release date. Five days later, on August 3, the full tracklist was unveiled.",,,
King's Disease II,"EPMD 2 [V1]
(feat. EPMD) (prod. Hit-Boy)","Erick Sermon mentioned in an interview that Eminem wasn't originally on ""EPMD 2"". Wouldn't have Em's production contributions either.",?:??,,,OG,Confirmed,Not Available,https://www.youtube.com/watch?v=Dl3oLQlc_cU
King's Disease II,"Life Is Like A Dice Game [V3-5]
(prod. Hit-Boy)","According to Hit-Boy, he had done ""like, three different sets of drums that I tried over the song with the vocals"".",?:??,,,OG,Confirmed,Not Available,https://www.complex.com/music/a/andre-gee/nas-making-of-life-is-like-a-dice-game-carl-chery
King's Disease II,"Life Is Like A Dice Game [V6]
(feat. Freddie Gibbs) (prod. Hit-Boy)",Version with just Freddie and Nas. Was recorded after Freddie pulled up to the sessions with Nas and Hit-Boy.,?:??,,,Demo,Confirmed,Not Available,https://www.complex.com/music/a/andre-gee/nas-making-of-life-is-like-a-dice-game-carl-chery
King's Disease II,"Life Is Like A Dice Game [V7]
(prod. Hit-Boy)",Version with an open for Cordae.,?:??,,,Demo,Confirmed,Not Available,https://www.complex.com/music/a/andre-gee/nas-making-of-life-is-like-a-dice-game-carl-chery
King's Disease II,"Life Is Like A Dice Game [V8]
(feat. Cordae) (prod. Hit-Boy)",Version Cordae sent back to be included on the final track.,?:??,,,Demo,Confirmed,Not Available,https://www.complex.com/music/a/andre-gee/nas-making-of-life-is-like-a-dice-game-carl-chery
King's Disease II,"Belly - Die For It [OG File]
(feat. The Weeknd & Nas) (prod. DaHeala, The ANMLS & Skinny)","OG Filename: 08. DIE FOR IT (MAIN) HRA SING MASTER & 08. DIE FOR IT (MAIN) SING MASTER
OG file for release.",3:19,"May 18, 2021","Mar 14, 2026",OG File,OG File,Lossless,"https://pillows.su/f/cf14825340abb7501d8a5d6c23955da7
https://pillows.su/f/37efcf41c567fdc736656770ce655a33"
King's Disease II,"Big Sean - Poor Sportsmanship 
(feat. Nas) (prod. Hit-Boy)","Nas, Big Sean, and Hit-Boy had a studio session together in Summer 2021, so this song is likely from that session.",3:40,,"Jul 17, 2024",Feature,Full,High Quality,https://pillows.su/f/6e4418fe36258adedd005a5051326974
King's Disease II,"French Montana - Touch The Sky [V1]
(feat. John Legend & Nas) (prod. Paul Cabbin, Jeff “Gitty” Gitelman, BoogzDaBeast, Hitmaka, Romano, Cardiak & FNZ","In an interview with Drink Champs, Hitmaka said that French Montana had a song with John Legend and Nas that was ready to release. The next year, the song ""Touch The Sky"" released, which featured John Legend and Rick Ross and had a production credit from Hitmaka. It's likely Nas was replaced with Ross for an unknown reason.",?:??,,,OG,Confirmed,Not Available,https://youtu.be/2mkIS_-MX5I?t=2695
King's Disease II,"DMX - Bath Salts [V7?]
(feat. Swizz Beatz, Nas, JAY-Z, & Jadakiss) (prod. Swizz Beatz)
(Just Because, Street Shit, Zombie, Escobar Season Returns)","Nas changed his verse after the song was given to X, Nas ended up using his verse on another song, but didn't specify which one.",?:??,,,OG,Confirmed,Not Available,https://www.complex.com/music/a/andre-gee/nas-hit-boy-masterclass-interview
"1 Full
0 Tagged
0 Partial
2 Snippet(s)
0 OG File(s)
0 Stem Bounce(s)
2 Unavailable","King's Disease III / Magic 2 / Magic 3
(Collabortion with Hit-Boy)","(12/24/2021) (Magic officially releases)
(11/11/2022) (King's Disease III officially releases)
(07/21/2023) (Magic 2 officially releases)
(09/14/2023) (Magic 3 officially releases)",,,,"As it is extremely difficult to differentiate King's Disease III, Magic 2 and Magic 3 entries due to how close together they are made, the three projects will be condensed into this single era.",,,
KD III / Magic 2 / Magic 3,"Blue Bentley [V1]
(feat. Travis Scott) (prod. Hit-Boy)","Early version of ""Blue Bentley"" with rougher mixing, alternate Nas vocals and a cut Travis Scott feature.",?:??,,"Dec 15, 2025",Demo,Snippet,CD Quality,https://pillows.su/f/f47bc8da11cf0b9cf26bf410c981b563
KD III / Magic 2 / Magic 3,Unknown [DJ Premier Collaborations],"As revealed in an interview for GQ Magazine, Nas and Premier regained interest in doing a collab album sometime in 2022, recording two or three songs which were later scrapped.",N/A,2022,,Throwaway,Confirmed,Not Available,https://imgur.com/a/Pz9NVnA
KD III / Magic 2 / Magic 3,"✨ Black Star - JGB [V3]
(feat. Nas & Common) (prod. Madlib)
(Cell)","OG Filename: Black_Star_-_JGB_feat._Nas__Common
Either a remix or later version of JGB. Has a new Common verse at the end that is unmixed and has bad mic peaking. Metadata says this was bounced in 2022 so it was likely sent back to Black Star too late for them to mix the verse and add it to the album.",4:28,2022,"Dec 22, 2022",Feature,Full,CD Quality,https://pillows.su/f/4586af5d3db048cd8a2053d6740b6d94
KD III / Magic 2 / Magic 3,"🥇 Cordae - Champagne Glasses [V1]
(feat. Stevie Wonder, Nas & Freddie Gibbs) (prod. Kid Culture)","The song ""Champagne Glasses"" by Cordae originally had a verse from Nas alongside Freddie Gibbs and Stevie Wonder. For some reason, Cordae only wanted either Nas or Freddie on the final song and not both of them, and it was agreed that Freddie's verse was better than Nas'.",?:??,,,OG,Confirmed,Not Available,https://www.revolt.tv/article/2023-04-07/293029/bren-reveals-cordae-anderson-paak-have-more-unreleased-music-studio-sessions-interview
KD III / Magic 2 / Magic 3,"DJ Premier - Beat Breaks [V1]
(feat. Nas) (prod. DJ Premier)","Slightly different mix; lacks the echo on the ""pavement...amazing"" rhyme.",~2:39,2022,"Jul 7, 2022",OG,Snippet,Recording,https://pillows.su/f/83b6b709ff7021eb21b2f372faaf40af
"0 Full
0 Tagged
0 Partial
0 Snippet(s)
0 OG File(s)
0 Stem Bounce(s)
4 Unavailable","Light-Years
(Collaboration with DJ Premier)
(Fuck A Title, Hip Hop Is Alive, Finally)","(09/14/2023) (Magic 3 officially releases)
(04/19/2024) (Define My Name releases as a single)
(12/12/2025) (Light-Years officially releases)",,,,"Light-Years is the highly-anticipated collaborative album between rapper Nas and record producer DJ Premier. It originally started work in January 2006 and devolopment was on and off until the mid 2010's. Inbetween this time period at least 7 tracks were completed. In early 2024, the album recieved way more focus and was worked on a lot more with it eventually releasing on December 12, 2025 through Nas' independent record label, Mass Appeal Records.",,,
Light-Years,"GiT Ready [V1]
(prod. DJ Premier)","Version without scratches, as GiT Ready was one of the few songs recorded without Premier in-session.",~2:51,,,Demo,Confirmed,Not Available,https://youtu.be/A_u28TzdPdQ?si=wZZzIKyisPL-XjVX&t=2550
Light-Years,"My Story Your Story [V1]
(prod. DJ Premier)","On the ""Nas speaks on AZ"" interlude from the 'Feature Presentation 2025' compilation album, Nas confirms that he first recorded on ""My Story, Your Story"" and then sent it to AZ to record on.",?:??,,,Demo,Confirmed,Not Available,https://open.spotify.com/track/7bXnohPS3H6nAufrMnuaE3?si=1ffda1b7b0064ec8
Light-Years,"🥇 My Story Your Story [V2]
(feat. AZ) (prod. DJ Premier)","Original version of ""My Story Your Story"" with different verses and a sample for the melody. This version couldn't have the sample cleared due to the ""vulgar"" lyrics in the verses, so Nas and AZ went back and freestyled new verses in the studio together.",?:??,,,OG,Confirmed,Not Available,https://open.spotify.com/track/7bXnohPS3H6nAufrMnuaE3?si=1ffda1b7b0064ec8
Light-Years,"My Story Your Story [V3-?]
(feat. AZ) (prod. DJ Premier)","According to Nas, the track went through ""changes and changes"" after the original version couldn't be cleared.",?:??,,,Unknown,Confirmed,Not Available,https://open.spotify.com/track/7bXnohPS3H6nAufrMnuaE3?si=1ffda1b7b0064ec8
"0 Full
0 Tagged
0 Partial
1 Snippet(s)
13 OG File(s)
0 Stem Bounce(s)
13 Unavailable",LP18,"(09/14/2023) (Magic 3 officially releases)
(12/12/2025) (Light-Years officially releases)
(Ongoing)",,,,,,,
LP18,"???
(with IDK)",Previewed by IDK in May 2026 along with photos from that session. Unknown whose song it is.,?:??,May 2026,"May 22, 2026",Unknown,Snippet,Recording,"https://pillows.su/f/7ea73eac8b832a112825446af3703cf3
https://x.com/IDK/status/2057860532208865645"
LP18,Unknown [Cash Cobain Collaborations],"Cash Cobain posted him and Nas in the studio together in July 2026. It's unknown what they made together, nor who it was for.",N/A,"~Jul 16, 2026",,Unknown,Confirmed,Not Available,https://www.instagram.com/p/DbOJDMPIckS/
LP18,"Big L - u aint gotta chance [OG File]
(feat. Nas) (prod. G Koop, 2one2, Al Hug & Mike Heron)","OG Filename: _u aint gotta chance MAIN 24bit FINAL 9 18 25
OG file for the explicit mix of ""u aint gotta chance"" from Big L's posthumous album 'Harlem's Finest: Return Of The King', which was released as part of the 'Legend Has It' rollout. Leaked in a mass Box leak from The Engine Room recording studios in NYC.",2:48,"Sep 18, 2025","Mar 14, 2026",OG File,OG File,Lossless,https://pillows.su/f/37243c0f91ec46fcb6a803c57bcc1ac6
LP18,"Big L - u aint gotta chance [Dolby Atmos Mix OG File]
(feat. Nas) (prod. G Koop, 2one2, Al Hug & Mike Heron)","OG Filename: Big L_U aint Gotta Chance MAIN_ATMOS Binaural.BIN
OG file for the Dolby Atmos mix of ""u aint gotta chance"" from Big L's posthumous album 'Harlem's Finest: Return Of The King', which was released as part of the 'Legend Has It' rollout. Leaked in a mass Box leak from The Engine Room recording studios in NYC.",2:48,,"Mar 14, 2026",OG File,OG File,Lossless,
LP18,"Big L - u aint gotta chance [Clean OG File]
(feat. Nas) (prod. G Koop, 2one2, Al Hug & Mike Heron)","OG Filename: _u aint gotta chance CLEAN 24bit FINAL 9 18 25
OG file for the clean mix of ""u aint gotta chance"" from Big L's posthumous album 'Harlem's Finest: Return Of The King', which was released as part of the 'Legend Has It' rollout. Leaked in a mass Box leak from The Engine Room recording studios in NYC.",2:48,"Sep 18, 2025","Mar 14, 2026",OG File,OG File,Lossless,
LP18,"Clipse - Let God Sort Em Out [V1]
(prod. Pharrell Williams)
(Let God Sort Em Out/Chandeliers)","Original solo version of ""Let God Sort Em Out"". Doesn't have the ""Chandeliers"" portion.",?:??,,,Demo,Confirmed,Not Available,https://youtu.be/q23MQ94OJOw?t=4100
LP18,"Clipse - Let God Sort Em Out [V2]
(prod. Pharrell Williams)
(Let God Sort Em Out/Chandeliers)","Has an open ""Chandeliers"" section for Nas to record on.",?:??,,,Demo,Confirmed,Not Available,https://youtu.be/q23MQ94OJOw?t=4100
LP18,"De La Soul - A Quick 16 For Mama [V1]
(prod. Nottz)",Has an open second verse for Nas/Killer Mike. Probably lacks most of Maseo's vocals.,?:??,,,Demo,Confirmed,Not Available,https://youtube.com/shorts/YLTaLunmumA?si=uZwGI8FpUBUFXPRz
LP18,"De La Soul - A Quick 16 For Mama [V2]
(feat. Nas) (prod. Nottz)","According to Posdnous, Nas recorded a verse for the song, but never sent it to Pos and planned to rewrite it to make it more similar to his verse. The retake was never recorded however, and thus Killer Mike was recruited instead.",?:??,,,OG,Confirmed,Not Available,https://youtube.com/shorts/YLTaLunmumA?si=uZwGI8FpUBUFXPRz
LP18,"De La Soul - Run It Back!! [V1]
(prod. De La Soul & Supa Dave West)","On the ""Nas speaks on De La Soul"" interlude from the 'Feature Presentation 2025' compilation album, Nas confirms that he was sent ""Run It Back!!"" to record on.",?:??,,,OG,Confirmed,Not Available,https://open.spotify.com/track/7bXnohPS3H6nAufrMnuaE3?si=1ffda1b7b0064ec8
LP18,"De La Soul - Run It Back!! [V2]
(feat. Nas) (prod. De La Soul & Supa Dave West)",Nas says that he sent back two different verses for the song for De La to choose from. They ended up going with the first one.,?:??,,,OG,Confirmed,Not Available,https://open.spotify.com/track/7bXnohPS3H6nAufrMnuaE3?si=1ffda1b7b0064ec8
LP18,"De La Soul - Run It Back!! [Dolby Atmos Mix OG File]
(feat. Nas) (prod. De La Soul & Supa Dave West)","OG Filename: De La Soul_Run It Back MAIN_ATMOS MIX_MBC_Engine Room Audio_03 04 26 - Binaural-48KHz.wav
OG file for the Dolby Atmos mix of ""Run It Back!!"" from De La Soul's album 'Cabin In The Sky', which was released as part of the 'Legend Has It' rollout. Leaked in a mass Box leak from The Engine Room recording studios in NYC.",3:30,"Mar 4, 2026","Mar 14, 2026",OG File,OG File,Lossless,https://pillows.su/f/f84452ce35a5b1dd5faf7be3a8266841
LP18,"Ghostface Killah - Love Me Anymore [OG File]
(feat. Nas) (prod. J-Black)","OG Filename: 15_LoveMeAnymore_4824-REF_22Jul2025
OG file for the explicit mix of ""Love Me Anymore"" from Ghostface Killah's album 'Supreme Clientele 2', which was released as part of the 'Legend Has It' rollout. Leaked in a mass Box leak from The Engine Room recording studios in NYC.",2:49,"Jul 22, 2025","Mar 14, 2026",OG File,OG File,Lossless,https://pillows.su/f/986a6925c1bfab4a94e8e7946d081498
LP18,"Ghostface Killah - Scar Tissue [V1]
(prod. T the Human)","Ghostface Killah mentioned that he originally did Scar Tissue by himself, but when he was shooting the music video, the director suggested to add Nas to the song.",?:??,,,OG,Confirmed,Not Available,https://www.rollingstone.com/music/music-features/ghostface-killah-interview-new-album-1235023203/
LP18,"Mobb Deep - Pour The Henny [V1]
(prod. Havoc)","On the ""Nas speaks on Mobb Deep"" interlude from the 'Feature Presentation 2025' compilation album, Nas confirms that he was sent ""Pour The Henny"" to record on.",?:??,,,OG,Confirmed,Not Available,https://open.spotify.com/track/6Qrqdk9f2y4tk1Myj9N3eF?si=e640be8aa6b747e0
LP18,"Mobb Deep - Pour The Henny [V2]
(feat. Nas) (prod. Havoc)","OG Filename: Pour The Henny MAIN 24bit FINAL  5 19 25
Earlier mix. Leaked in a mass Box leak from The Engine Room recording studios in NYC.",4:15,"May 19, 2025","Mar 14, 2026",OG,OG File,Lossless,https://pillows.su/f/78b1ba60fbe99240d01cba2f78263c0d
LP18,"Mobb Deep - Pour The Henny [OG File]
(feat. Nas) (prod. Havoc)","OG Filename: Pour the Henny MAIN 24bit FINAL 8 4 25
OG file for the explicit mix of ""Pour The Henny"" from Mobb Deep's album 'Infinite', which was released as part of the 'Legend Has It' rollout. Leaked in a mass Box leak from The Engine Room recording studios in NYC.",4:15,"Aug 4, 2025","Mar 14, 2026",OG File,OG File,Lossless,https://pillows.su/f/e4787aafc9c8b7095f5f527bec45e334
LP18,"Mobb Deep - Pour The Henny [Clean OG File]
(feat. Nas) (prod. Havoc)","OG Filename: Pour the Henny CLEAN 24bit FINAL 8 4 25
OG file for the clean mix of ""Pour The Henny"" from Mobb Deep's album 'Infinite', which was released as part of the 'Legend Has It' rollout. Leaked in a mass Box leak from The Engine Room recording studios in NYC.",4:15,"Aug 4, 2025","Mar 14, 2026",OG File,OG File,Lossless,https://pillows.su/f/581eb6d9fdc61c18314e921ddca9fef4
LP18,"Mobb Deep - Love The Way [V1]
(feat. H.E.R.) (prod. Havoc)
(Love The Way (Down For You PT2))","On the ""Nas speaks on Mobb Deep"" interlude from the 'Feature Presentation 2025' compilation album, Nas confirms that he was sent ""Love The Way (Down For You PT2)"" to record on.",?:??,,,OG,Confirmed,Not Available,https://open.spotify.com/track/6Qrqdk9f2y4tk1Myj9N3eF?si=e640be8aa6b747e0
LP18,"Mobb Deep - Love The Way (Down For You PT2) [OG File]
(feat. Nas & H.E.R.) (prod. Havoc)","OG Filename: 14. Love The Way MAIN 24bit FINAL 8 26 25 
OG file for the explicit mix of ""Love The Way (Down For You PT2)"" from Mobb Deep's album 'Infinite', which was released as part of the 'Legend Has It' rollout. Leaked in a mass Box leak from The Engine Room recording studios in NYC.",3:44,"Aug 26, 2025","Mar 14, 2026",OG File,OG File,Lossless,https://pillows.su/f/e46326fb4bcc19c92770475fdae66f5f
LP18,"Raekwon - The Omerta [V1]
(prod. Nottz)","On the ""Nas speaks on Raekwon"" interlude from the 'Feature Presentation 2025' compilation album, Nas confirms that ""The Omerta"" was originally a solo Raekwon track that he chose Nas to record on.",?:??,,,OG,Confirmed,Not Available,https://open.spotify.com/track/3QuVVt8oBB0Soh0cfM4mWr?si=f1dfe17e1aef4251
LP18,"Raekwon - The Omerta [V2-?]
(feat. Nas) (prod. Nottz)","Nas says that he had ""so many verses"" for the track, implying he recorded more verses than the released version and the ""original"" version.",?:??,,,Unknown,Confirmed,Not Available,https://open.spotify.com/track/3QuVVt8oBB0Soh0cfM4mWr?si=f1dfe17e1aef4251
LP18,"Raekwon - The Omerta [OG File]
(feat. Nas) (prod. Nottz)","OG Filename: 13. The Omerta MAIN 24bit FINAL 6 27 25
OG file for the explicit mix of ""The Omerta"" from Raekwon's album 'The Emperor's New Clothes', which was released as a part of the 'Legend Has It' rollout. Leaked in a mass Box leak from The Engine Room recording studios in NYC.",3:18,"Jun 27, 2025","Mar 14, 2026",OG File,OG File,Lossless,https://pillows.su/f/8d4169afc47c5a016b857ff12c466642
LP18,"Raekwon - The Omerta [Clean OG File]
(feat. Nas) (prod. Nottz)","OG Filename: 13. The Omerta CLEAN 24bit FINAL 6 27 25
OG file for the clean mix of ""The Omerta"" from Raekwon's album 'The Emperor's New Clothes', which was released as a part of the 'Legend Has It' rollout. Leaked in a mass Box leak from The Engine Room recording studios in NYC.",3:18,"Jun 27, 2025","Mar 14, 2026",OG File,OG File,Lossless,https://pillows.su/f/8822a2685c3998d62421195eedd24357
LP18,"Raekwon - The Omerta - Original [OG File]
(feat. Nas) (prod. Nottz)","OG Filename: The Omerta MAIN 24bit FINAL 6 18 25
OG file for the explicit mix of ""The Omerta - Original"", which was initially leaked as it was accidentally uploaded to social media instead of the released version, but was later released on the 'Feature Presentation 2025' compilation album. Leaked in a mass Box leak from The Engine Room recording studios in NYC.",3:18,"Jun 18, 2025","Mar 14, 2026",OG File,OG File,Lossless,https://pillows.su/f/2305d7e43427b8be2b4332e059463b26
LP18,"Raekwon - The Omerta - Original [Clean OG File]
(feat. Nas) (prod. Nottz)","OG Filename: The Omerta CLEAN 24bit FINAL 6 18 25
Clean mix of ""The Omerta - Original"", which was never released even though the explicit mix of the track was. Leaked in a mass Box leak from The Engine Room recording studios in NYC.",3:18,"Jun 18, 2025","Mar 14, 2026",Remix,OG File,Lossless,https://pillows.su/f/c5b371b9867aaec0fd40509aa5aae28d
LP18,"Slick Rick - Documents [V1]
(prod. Slick Rick & P. Ighile)","On the ""Nas speaks on Slick Rick"" interlude from the 'Feature Presentation 2025' compilation album, Nas says that Rick chose this song for him to record on, implying it started off as a solo track.",?:??,,,OG,Confirmed,Not Available,https://open.spotify.com/track/0OebPvEbiRWo6zKGFXT7ho?si=c736d5057a494cea
"0 Full
0 Tagged
0 Partial
1 Snippet(s)
0 OG File(s)
0 Stem Bounce(s)
4 Unavailable",Unknown,"(09/14/1973) (Nasir bin Olu Dara Jones is born in New York City)
(Ongoing)",,,,Notes about this era.,,,
Unknown,Just Begun,Song was being sold by Max. Unknown era and seems to be a story telling type track.,?:??,,,Throwaway,Snippet,Low Quality,https://pillows.su/f/8768c6ab8a05b4271ba6d7badc713d9a
Unknown,Shootouts 2,"In the Complex article about the making of 'It Was Written', Nas said that he often makes sequel songs to songs he has already released, one of these being ""Another Black Girl Lost"", but another being a sequel to the song ""Shootouts"" from 'It Was Written'. He never said when the song was recorded, but is from before 2016.",?:??,,,Throwaway,Confirmed,Not Available,https://www.complex.com/music/a/rob-kenner/nas-the-making-of-it-was-written
Unknown,Unknown [AZ Collaborations],Stakk Stone mentioned in an interview that Nas and AZ have around 20 unheard songs together.,N/A,,,Throwaway,Confirmed,Not Available,https://youtu.be/_d_1it_rRrA
Unknown,Unknown [Salaam Remi Collaborations],"In an interview with The Breakfast Club from November 2016, Salaam Remi said that he has 3 albums worth of unreleased music with Nas. These tracks likely span from Stillmatic (as that's when he started working with him) to Hiatus era.",N/A,,,Throwaway,Confirmed,Not Available,https://ambrosiaforheads.com/2016/11/salaam-remi-says-unreleased-nas-material-interview-video/
Unknown,"Xzibit - Heaven’s Door
(feat. Ice-T & Nas)","Track said to exist by trusted sources. Was meant for Xzibit's album 'Kingmaker', but since that album's era spans 12 years from 2012-2024, it is hard to place when this track would've been made.",?:??,,,Feature,Rumored,Not Available,N/A
"Special Thanks to the original Nas tracker for laying the foundation
And a special thank you to everybody for supporting the Tracker, we wouldn't be doing this without you",,,,,,,,,
Update Notes,,T.E.A.T.I. (+ [iaon] & mel0njuice),,,Other Trackers (There are over 100 artists with Trackers just like this!),,,,
12/10/25: Tracker is created,,G-Man Junior,,,"Original template provided by the Ye Tracker, modernized by GrimR3xx",,,,
6/22/26: [iaon] made editor,,Franki8000,,,Original Nas tracker,,,,
7/16/26: mel0njuice made editor,,Kali Kush,,,,,,,
8/13/26: Tracker released!,,GrimR3xx,,,,,,,
9/19/26: Released tab is like 90% done,,HighSpeedChase,,,,,,,
,,OnlyTwentyCharacters,,,,,,,
,,Loony,,,,,,,
,,[iaon],,,,,,,
,,mel0njuice,,,,,,,
,,bruh,,,,,,,
Tracker Guidelines,,To-Do,,,Editor Notepad,,,,
"Organization can be left up to tracker owner but I recommend Alphabetical, for released/stems tab it should be track order on the album.",,,,,,,,,